queue_record_id,hospital_id,department_id,queue_date,reporting_date,reporting_month,queue_stage,arrivals_count,served_count,waiting_patient_count,average_wait_minutes,median_wait_minutes,maximum_wait_minutes,summary_source_flag,encounter_derived_flag,valid_queue_record_flag,source_primary_key,processing_run_id,validation_run_id,transformation_version,processed_datetime,source_row_number
QUEUE-000000001,HOSP-001,DEPT-DIAG,2026-01-01,2026-01-01,2026-01,Pharmacy,50,47,3,33.9,34.0,,,,True,QUEUE-000000001,PROC-QCS-92010F32B162,VAL-C62B370EC6C3,2D-3B-1.0.0,2026-07-26 08:37:02.172746,
QUEUE-000000002,HOSP-001,DEPT-DIAG,2026-01-02,2026-01-02,2026-01,Radiology,34,32,2,30.4,33.0,,,,True,QUEUE-000000002,PROC-QCS-92010F32B162,VAL-C62B370EC6C3,2D-3B-1.0.0,2026-07-26 08:37:02.172746,
QUEUE-000000003,HOSP-001,DEPT-DIAG,2026-01-03,2026-01-03,2026-01,Pharmacy,31,30,1,34.0,36.5,,,,True,QUEUE-000000003,PROC-QCS-92010F32B162,VAL-C62B370EC6C3,2D-3B-1.0.0,2026-07-26 08:37:02.172746,
QUEUE-000000004,HOSP-001,DEPT-DIAG,2026-01-04,2026-01-04,2026-01,Consultation,58,56,2,32.4,36.5,,,,True,QUEUE-000000004,PROC-QCS-92010F32B162,VAL-C62B370EC6C3,2D-3B-1.0.0,2026-07-26 08:37:02.172746,
QUEUE-000000005,HOSP-001,DEPT-DIAG,2026-01-05,2026-01-05,2026-01,Pharmacy,37,35,2,32.9,32.0,,,,True,QUEUE-000000005,PROC-QCS-92010F32B162,VAL-C62B370EC6C3,2D-3B-1.0.0,2026-07-26 08:37:02.172746,
QUEUE-000000006,HOSP-001,DEPT-DIAG,2026-01-06,2026-01-06,2026-01,Pharmacy,47,46,1,32.2,32.0,,,,True,QUEUE-000000006,PROC-QCS-92010F32B162,VAL-C62B370EC6C3,2D-3B-1.0.0,2026-07-26 08:37:02.172746,
QUEUE-000000007,HOSP-001,DEPT-DIAG,2026-01-07,2026-01-07,2026-01,Registration,42,42,0,30.7,29.5,,,,True,QUEUE-000000007,PROC-QCS-92010F32B162,VAL-C62B370EC6C3,2D-3B-1.0.0,2026-07-26 08:37:02.172746,
QUEUE-000000008,HOSP-001,DEPT-DIAG,2026-01-08,2026-01-08,2026-01,Radiology,58,57,1,30.2,28.0,,,,True,QUEUE-000000008,PROC-QCS-92010F32B162,VAL-C62B370EC6C3,2D-3B-1.0.0,2026-07-26 08:37:02.172746,
QUEUE-000000009,HOSP-001,DEPT-DIAG,2026-01-09,2026-01-09,2026-01,Registration,53,50,3,32.1,32.5,,,,True,QUEUE-000000009,PROC-QCS-92010F32B162,VAL-C62B370EC6C3,2D-3B-1.0.0,2026-07-26 08:37:02.172746,
QUEUE-000000010,HOSP-001,DEPT-DIAG,2026-01-10,2026-01-10,2026-01,Triage,51,50,1,36.1,37.0,,,,True,QUEUE-000000010,PROC-QCS-92010F32B162,VAL-C62B370EC6C3,2D-3B-1.0.0,2026-07-26 08:37:02.172746,
QUEUE-000000011,HOSP-001,DEPT-DIAG,2026-01-11,2026-01-11,2026-01,Consultation,58,57,1,31.0,31.0,,,,True,QUEUE-000000011,PROC-QCS-92010F32B162,VAL-C62B370EC6C3,2D-3B-1.0.0,2026-07-26 08:37:02.172746,
QUEUE-000000012,HOSP-001,DEPT-DIAG,2026-01-12,2026-01-12,2026-01,Radiology,52,48,4,31.0,32.0,,,,True,QUEUE-000000012,PROC-QCS-92010F32B162,VAL-C62B370EC6C3,2D-3B-1.0.0,2026-07-26 08:37:02.172746,
QUEUE-000000013,HOSP-001,DEPT-DIAG,2026-01-13,2026-01-13,2026-01,Pharmacy,49,49,0,32.7,31.0,,,,True,QUEUE-000000013,PROC-QCS-92010F32B162,VAL-C62B370EC6C3,2D-3B-1.0.0,2026-07-26 08:37:02.172746,
QUEUE-000000014,HOSP-001,DEPT-DIAG,2026-01-14,2026-01-14,2026-01,Radiology,40,38,2,31.5,31.5,,,,True,QUEUE-000000014,PROC-QCS-92010F32B162,VAL-C62B370EC6C3,2D-3B-1.0.0,2026-07-26 08:37:02.172746,
QUEUE-000000015,HOSP-001,DEPT-DIAG,2026-01-15,2026-01-15,2026-01,Pharmacy,39,39,0,31.2,29.0,,,,True,QUEUE-000000015,PROC-QCS-92010F32B162,VAL-C62B370EC6C3,2D-3B-1.0.0,2026-07-26 08:37:02.172746,
QUEUE-000000016,HOSP-001,DEPT-DIAG,2026-01-16,2026-01-16,2026-01,Pharmacy,45,44,1,29.0,28.0,,,,True,QUEUE-000000016,PROC-QCS-92010F32B162,VAL-C62B370EC6C3,2D-3B-1.0.0,2026-07-26 08:37:02.172746,
QUEUE-000000017,HOSP-001,DEPT-DIAG,2026-01-17,2026-01-17,2026-01,Radiology,44,43,1,32.0,33.0,,,,True,QUEUE-000000017,PROC-QCS-92010F32B162,VAL-C62B370EC6C3,2D-3B-1.0.0,2026-07-26 08:37:02.172746,
QUEUE-000000018,HOSP-001,DEPT-DIAG,2026-01-18,2026-01-18,2026-01,Pharmacy,49,48,1,36.4,38.0,,,,True,QUEUE-000000018,PROC-QCS-92010F32B162,VAL-C62B370EC6C3,2D-3B-1.0.0,2026-07-26 08:37:02.172746,
QUEUE-000000019,HOSP-001,DEPT-DIAG,2026-01-19,2026-01-19,2026-01,Consultation,53,52,1,31.9,33.5,,,,True,QUEUE-000000019,PROC-QCS-92010F32B162,VAL-C62B370EC6C3,2D-3B-1.0.0,2026-07-26 08:37:02.172746,
QUEUE-000000020,HOSP-001,DEPT-DIAG,2026-01-20,2026-01-20,2026-01,Radiology,40,40,0,29.4,27.5,,,,True,QUEUE-000000020,PROC-QCS-92010F32B162,VAL-C62B370EC6C3,2D-3B-1.0.0,2026-07-26 08:37:02.172746,
QUEUE-000000021,HOSP-001,DEPT-DIAG,2026-01-21,2026-01-21,2026-01,Billing,39,38,1,32.2,35.0,,,,True,QUEUE-000000021,PROC-QCS-92010F32B162,VAL-C62B370EC6C3,2D-3B-1.0.0,2026-07-26 08:37:02.172746,
QUEUE-000000022,HOSP-001,DEPT-DIAG,2026-01-22,2026-01-22,2026-01,Pharmacy,47,47,0,31.9,34.0,,,,True,QUEUE-000000022,PROC-QCS-92010F32B162,VAL-C62B370EC6C3,2D-3B-1.0.0,2026-07-26 08:37:02.172746,
QUEUE-000000023,HOSP-001,DEPT-DIAG,2026-01-23,2026-01-23,2026-01,Billing,44,43,1,30.4,29.0,,,,True,QUEUE-000000023,PROC-QCS-92010F32B162,VAL-C62B370EC6C3,2D-3B-1.0.0,2026-07-26 08:37:02.172746,
QUEUE-000000024,HOSP-001,DEPT-DIAG,2026-01-24,2026-01-24,2026-01,Radiology,40,37,3,28.7,32.0,,,,True,QUEUE-000000024,PROC-QCS-92010F32B162,VAL-C62B370EC6C3,2D-3B-1.0.0,2026-07-26 08:37:02.172746,
QUEUE-000000025,HOSP-001,DEPT-DIAG,2026-01-25,2026-01-25,2026-01,Billing,51,51,0,31.5,32.0,,,,True,QUEUE-000000025,PROC-QCS-92010F32B162,VAL-C62B370EC6C3,2D-3B-1.0.0,2026-07-26 08:37:02.172746,
QUEUE-000000026,HOSP-001,DEPT-DIAG,2026-01-26,2026-01-26,2026-01,Consultation,56,56,0,31.4,32.0,,,,True,QUEUE-000000026,PROC-QCS-92010F32B162,VAL-C62B370EC6C3,2D-3B-1.0.0,2026-07-26 08:37:02.172746,
QUEUE-000000027,HOSP-001,DEPT-DIAG,2026-01-27,2026-01-27,2026-01,Registration,36,34,2,28.9,31.0,,,,True,QUEUE-000000027,PROC-QCS-92010F32B162,VAL-C62B370EC6C3,2D-3B-1.0.0,2026-07-26 08:37:02.172746,
QUEUE-000000028,HOSP-001,DEPT-DIAG,2026-01-28,2026-01-28,2026-01,Pharmacy,48,43,5,31.0,29.0,,,,True,QUEUE-000000028,PROC-QCS-92010F32B162,VAL-C62B370EC6C3,2D-3B-1.0.0,2026-07-26 08:37:02.172746,
QUEUE-000000029,HOSP-001,DEPT-DIAG,2026-01-29,2026-01-29,2026-01,Registration,47,44,3,36.0,38.5,,,,True,QUEUE-000000029,PROC-QCS-92010F32B162,VAL-C62B370EC6C3,2D-3B-1.0.0,2026-07-26 08:37:02.172746,
QUEUE-000000030,HOSP-001,DEPT-DIAG,2026-01-30,2026-01-30,2026-01,Triage,40,36,4,31.9,32.5,,,,True,QUEUE-000000030,PROC-QCS-92010F32B162,VAL-C62B370EC6C3,2D-3B-1.0.0,2026-07-26 08:37:02.172746,
QUEUE-000000031,HOSP-001,DEPT-DIAG,2026-01-31,2026-01-31,2026-01,Radiology,56,54,2,31.5,31.0,,,,True,QUEUE-000000031,PROC-QCS-92010F32B162,VAL-C62B370EC6C3,2D-3B-1.0.0,2026-07-26 08:37:02.172746,
QUEUE-000000032,HOSP-001,DEPT-DIAG,2026-02-01,2026-02-01,2026-02,Registration,49,48,1,29.6,27.5,,,,True,QUEUE-000000032,PROC-QCS-92010F32B162,VAL-C62B370EC6C3,2D-3B-1.0.0,2026-07-26 08:37:02.172746,
QUEUE-000000033,HOSP-001,DEPT-DIAG,2026-02-02,2026-02-02,2026-02,Registration,32,32,0,31.4,32.0,,,,True,QUEUE-000000033,PROC-QCS-92010F32B162,VAL-C62B370EC6C3,2D-3B-1.0.0,2026-07-26 08:37:02.172746,
QUEUE-000000034,HOSP-001,DEPT-DIAG,2026-02-03,2026-02-03,2026-02,Pharmacy,58,55,3,30.7,32.0,,,,True,QUEUE-000000034,PROC-QCS-92010F32B162,VAL-C62B370EC6C3,2D-3B-1.0.0,2026-07-26 08:37:02.172746,
QUEUE-000000035,HOSP-001,DEPT-DIAG,2026-02-04,2026-02-04,2026-02,Pharmacy,41,40,1,33.8,35.5,,,,True,QUEUE-000000035,PROC-QCS-92010F32B162,VAL-C62B370EC6C3,2D-3B-1.0.0,2026-07-26 08:37:02.172746,
QUEUE-000000036,HOSP-001,DEPT-DIAG,2026-02-05,2026-02-05,2026-02,Pharmacy,52,50,2,26.2,25.5,,,,True,QUEUE-000000036,PROC-QCS-92010F32B162,VAL-C62B370EC6C3,2D-3B-1.0.0,2026-07-26 08:37:02.172746,
QUEUE-000000037,HOSP-001,DEPT-DIAG,2026-02-06,2026-02-06,2026-02,Registration,45,44,1,27.2,23.0,,,,True,QUEUE-000000037,PROC-QCS-92010F32B162,VAL-C62B370EC6C3,2D-3B-1.0.0,2026-07-26 08:37:02.172746,
QUEUE-000000038,HOSP-001,DEPT-DIAG,2026-02-07,2026-02-07,2026-02,Consultation,45,44,1,30.6,32.5,,,,True,QUEUE-000000038,PROC-QCS-92010F32B162,VAL-C62B370EC6C3,2D-3B-1.0.0,2026-07-26 08:37:02.172746,
QUEUE-000000039,HOSP-001,DEPT-DIAG,2026-02-08,2026-02-08,2026-02,Registration,53,50,3,33.3,34.0,,,,True,QUEUE-000000039,PROC-QCS-92010F32B162,VAL-C62B370EC6C3,2D-3B-1.0.0,2026-07-26 08:37:02.172746,
QUEUE-000000040,HOSP-001,DEPT-DIAG,2026-02-09,2026-02-09,2026-02,Triage,41,39,2,29.5,28.0,,,,True,QUEUE-000000040,PROC-QCS-92010F32B162,VAL-C62B370EC6C3,2D-3B-1.0.0,2026-07-26 08:37:02.172746,
QUEUE-000000041,HOSP-001,DEPT-DIAG,2026-02-10,2026-02-10,2026-02,Radiology,46,46,0,28.2,29.0,,,,True,QUEUE-000000041,PROC-QCS-92010F32B162,VAL-C62B370EC6C3,2D-3B-1.0.0,2026-07-26 08:37:02.172746,
QUEUE-000000042,HOSP-001,DEPT-DIAG,2026-02-11,2026-02-11,2026-02,Pharmacy,49,49,0,30.3,28.0,,,,True,QUEUE-000000042,PROC-QCS-92010F32B162,VAL-C62B370EC6C3,2D-3B-1.0.0,2026-07-26 08:37:02.172746,
QUEUE-000000043,HOSP-001,DEPT-DIAG,2026-02-12,2026-02-12,2026-02,Pharmacy,49,49,0,31.0,30.0,,,,True,QUEUE-000000043,PROC-QCS-92010F32B162,VAL-C62B370EC6C3,2D-3B-1.0.0,2026-07-26 08:37:02.172746,
QUEUE-000000044,HOSP-001,DEPT-DIAG,2026-02-13,2026-02-13,2026-02,Billing,30,29,1,38.6,40.0,,,,True,QUEUE-000000044,PROC-QCS-92010F32B162,VAL-C62B370EC6C3,2D-3B-1.0.0,2026-07-26 08:37:02.172746,
QUEUE-000000045,HOSP-001,DEPT-DIAG,2026-02-14,2026-02-14,2026-02,Billing,53,50,3,30.5,29.5,,,,True,QUEUE-000000045,PROC-QCS-92010F32B162,VAL-C62B370EC6C3,2D-3B-1.0.0,2026-07-26 08:37:02.172746,
QUEUE-000000046,HOSP-001,DEPT-DIAG,2026-02-15,2026-02-15,2026-02,Triage,50,49,1,31.7,32.0,,,,True,QUEUE-000000046,PROC-QCS-92010F32B162,VAL-C62B370EC6C3,2D-3B-1.0.0,2026-07-26 08:37:02.172746,
QUEUE-000000047,HOSP-001,DEPT-DIAG,2026-02-16,2026-02-16,2026-02,Triage,42,41,1,27.9,29.0,,,,True,QUEUE-000000047,PROC-QCS-92010F32B162,VAL-C62B370EC6C3,2D-3B-1.0.0,2026-07-26 08:37:02.172746,
QUEUE-000000048,HOSP-001,DEPT-DIAG,2026-02-17,2026-02-17,2026-02,Registration,49,46,3,34.0,33.5,,,,True,QUEUE-000000048,PROC-QCS-92010F32B162,VAL-C62B370EC6C3,2D-3B-1.0.0,2026-07-26 08:37:02.172746,
QUEUE-000000049,HOSP-001,DEPT-DIAG,2026-02-18,2026-02-18,2026-02,Registration,57,55,2,31.3,35.0,,,,True,QUEUE-000000049,PROC-QCS-92010F32B162,VAL-C62B370EC6C3,2D-3B-1.0.0,2026-07-26 08:37:02.172746,
QUEUE-000000050,HOSP-001,DEPT-DIAG,2026-02-19,2026-02-19,2026-02,Registration,48,46,2,34.7,33.0,,,,True,QUEUE-000000050,PROC-QCS-92010F32B162,VAL-C62B370EC6C3,2D-3B-1.0.0,2026-07-26 08:37:02.172746,
QUEUE-000000051,HOSP-001,DEPT-DIAG,2026-02-20,2026-02-20,2026-02,Radiology,45,42,3,30.1,31.0,,,,True,QUEUE-000000051,PROC-QCS-92010F32B162,VAL-C62B370EC6C3,2D-3B-1.0.0,2026-07-26 08:37:02.172746,
QUEUE-000000052,HOSP-001,DEPT-DIAG,2026-02-21,2026-02-21,2026-02,Radiology,56,56,0,30.7,32.5,,,,True,QUEUE-000000052,PROC-QCS-92010F32B162,VAL-C62B370EC6C3,2D-3B-1.0.0,2026-07-26 08:37:02.172746,
QUEUE-000000053,HOSP-001,DEPT-DIAG,2026-02-22,2026-02-22,2026-02,Consultation,54,52,2,32.0,31.5,,,,True,QUEUE-000000053,PROC-QCS-92010F32B162,VAL-C62B370EC6C3,2D-3B-1.0.0,2026-07-26 08:37:02.172746,
QUEUE-000000054,HOSP-001,DEPT-DIAG,2026-02-23,2026-02-23,2026-02,Triage,52,52,0,35.6,39.0,,,,True,QUEUE-000000054,PROC-QCS-92010F32B162,VAL-C62B370EC6C3,2D-3B-1.0.0,2026-07-26 08:37:02.172746,
QUEUE-000000055,HOSP-001,DEPT-DIAG,2026-02-24,2026-02-24,2026-02,Billing,45,45,0,30.4,30.0,,,,True,QUEUE-000000055,PROC-QCS-92010F32B162,VAL-C62B370EC6C3,2D-3B-1.0.0,2026-07-26 08:37:02.172746,
QUEUE-000000056,HOSP-001,DEPT-DIAG,2026-02-25,2026-02-25,2026-02,Pharmacy,45,45,0,31.4,34.0,,,,True,QUEUE-000000056,PROC-QCS-92010F32B162,VAL-C62B370EC6C3,2D-3B-1.0.0,2026-07-26 08:37:02.172746,
QUEUE-000000057,HOSP-001,DEPT-DIAG,2026-02-26,2026-02-26,2026-02,Triage,57,54,3,29.9,32.0,,,,True,QUEUE-000000057,PROC-QCS-92010F32B162,VAL-C62B370EC6C3,2D-3B-1.0.0,2026-07-26 08:37:02.172746,
QUEUE-000000058,HOSP-001,DEPT-DIAG,2026-02-27,2026-02-27,2026-02,Consultation,53,51,2,28.7,30.0,,,,True,QUEUE-000000058,PROC-QCS-92010F32B162,VAL-C62B370EC6C3,2D-3B-1.0.0,2026-07-26 08:37:02.172746,
QUEUE-000000059,HOSP-001,DEPT-DIAG,2026-02-28,2026-02-28,2026-02,Radiology,53,52,1,30.1,30.0,,,,True,QUEUE-000000059,PROC-QCS-92010F32B162,VAL-C62B370EC6C3,2D-3B-1.0.0,2026-07-26 08:37:02.172746,
QUEUE-000000060,HOSP-001,DEPT-DIAG,2026-03-01,2026-03-01,2026-03,Consultation,56,54,2,37.1,36.0,,,,True,QUEUE-000000060,PROC-QCS-92010F32B162,VAL-C62B370EC6C3,2D-3B-1.0.0,2026-07-26 08:37:02.172746,
QUEUE-000000061,HOSP-001,DEPT-DIAG,2026-03-02,2026-03-02,2026-03,Registration,49,46,3,39.2,41.5,,,,True,QUEUE-000000061,PROC-QCS-92010F32B162,VAL-C62B370EC6C3,2D-3B-1.0.0,2026-07-26 08:37:02.172746,
QUEUE-000000062,HOSP-001,DEPT-DIAG,2026-03-03,2026-03-03,2026-03,Radiology,61,61,0,36.5,37.0,,,,True,QUEUE-000000062,PROC-QCS-92010F32B162,VAL-C62B370EC6C3,2D-3B-1.0.0,2026-07-26 08:37:02.172746,
QUEUE-000000063,HOSP-001,DEPT-DIAG,2026-03-04,2026-03-04,2026-03,Registration,53,51,2,36.1,38.0,,,,True,QUEUE-000000063,PROC-QCS-92010F32B162,VAL-C62B370EC6C3,2D-3B-1.0.0,2026-07-26 08:37:02.172746,
QUEUE-000000064,HOSP-001,DEPT-DIAG,2026-03-05,2026-03-05,2026-03,Triage,48,47,1,38.8,41.0,,,,True,QUEUE-000000064,PROC-QCS-92010F32B162,VAL-C62B370EC6C3,2D-3B-1.0.0,2026-07-26 08:37:02.172746,
QUEUE-000000065,HOSP-001,DEPT-DIAG,2026-03-06,2026-03-06,2026-03,Registration,47,46,1,34.7,39.0,,,,True,QUEUE-000000065,PROC-QCS-92010F32B162,VAL-C62B370EC6C3,2D-3B-1.0.0,2026-07-26 08:37:02.172746,
QUEUE-000000066,HOSP-001,DEPT-DIAG,2026-03-07,2026-03-07,2026-03,Consultation,44,42,2,39.1,39.5,,,,True,QUEUE-000000066,PROC-QCS-92010F32B162,VAL-C62B370EC6C3,2D-3B-1.0.0,2026-07-26 08:37:02.172746,
QUEUE-000000067,HOSP-001,DEPT-DIAG,2026-03-08,2026-03-08,2026-03,Pharmacy,57,57,0,35.9,36.0,,,,True,QUEUE-000000067,PROC-QCS-92010F32B162,VAL-C62B370EC6C3,2D-3B-1.0.0,2026-07-26 08:37:02.172746,
QUEUE-000000068,HOSP-001,DEPT-DIAG,2026-03-09,2026-03-09,2026-03,Consultation,50,48,2,37.0,40.0,,,,True,QUEUE-000000068,PROC-QCS-92010F32B162,VAL-C62B370EC6C3,2D-3B-1.0.0,2026-07-26 08:37:02.172746,
QUEUE-000000069,HOSP-001,DEPT-DIAG,2026-03-10,2026-03-10,2026-03,Radiology,48,47,1,35.3,38.0,,,,True,QUEUE-000000069,PROC-QCS-92010F32B162,VAL-C62B370EC6C3,2D-3B-1.0.0,2026-07-26 08:37:02.172746,
QUEUE-000000070,HOSP-001,DEPT-DIAG,2026-03-11,2026-03-11,2026-03,Pharmacy,55,53,2,33.7,35.0,,,,True,QUEUE-000000070,PROC-QCS-92010F32B162,VAL-C62B370EC6C3,2D-3B-1.0.0,2026-07-26 08:37:02.172746,
QUEUE-000000071,HOSP-001,DEPT-DIAG,2026-03-12,2026-03-12,2026-03,Triage,31,30,1,39.6,43.0,,,,True,QUEUE-000000071,PROC-QCS-92010F32B162,VAL-C62B370EC6C3,2D-3B-1.0.0,2026-07-26 08:37:02.172746,
QUEUE-000000072,HOSP-001,DEPT-DIAG,2026-03-13,2026-03-13,2026-03,Registration,59,56,3,35.6,34.5,,,,True,QUEUE-000000072,PROC-QCS-92010F32B162,VAL-C62B370EC6C3,2D-3B-1.0.0,2026-07-26 08:37:02.172746,
QUEUE-000000073,HOSP-001,DEPT-DIAG,2026-03-14,2026-03-14,2026-03,Radiology,40,40,0,32.4,33.0,,,,True,QUEUE-000000073,PROC-QCS-92010F32B162,VAL-C62B370EC6C3,2D-3B-1.0.0,2026-07-26 08:37:02.172746,
QUEUE-000000074,HOSP-001,DEPT-DIAG,2026-03-15,2026-03-15,2026-03,Billing,49,49,0,32.8,32.0,,,,True,QUEUE-000000074,PROC-QCS-92010F32B162,VAL-C62B370EC6C3,2D-3B-1.0.0,2026-07-26 08:37:02.172746,
QUEUE-000000075,HOSP-001,DEPT-DIAG,2026-03-16,2026-03-16,2026-03,Consultation,45,43,2,36.3,36.0,,,,True,QUEUE-000000075,PROC-QCS-92010F32B162,VAL-C62B370EC6C3,2D-3B-1.0.0,2026-07-26 08:37:02.172746,
QUEUE-000000076,HOSP-001,DEPT-DIAG,2026-03-17,2026-03-17,2026-03,Billing,54,53,1,37.6,37.0,,,,True,QUEUE-000000076,PROC-QCS-92010F32B162,VAL-C62B370EC6C3,2D-3B-1.0.0,2026-07-26 08:37:02.172746,
QUEUE-000000077,HOSP-001,DEPT-DIAG,2026-03-18,2026-03-18,2026-03,Billing,45,42,3,34.8,39.5,,,,True,QUEUE-000000077,PROC-QCS-92010F32B162,VAL-C62B370EC6C3,2D-3B-1.0.0,2026-07-26 08:37:02.172746,
QUEUE-000000078,HOSP-001,DEPT-DIAG,2026-03-19,2026-03-19,2026-03,Consultation,49,47,2,40.4,42.0,,,,True,QUEUE-000000078,PROC-QCS-92010F32B162,VAL-C62B370EC6C3,2D-3B-1.0.0,2026-07-26 08:37:02.172746,
QUEUE-000000079,HOSP-001,DEPT-DIAG,2026-03-20,2026-03-20,2026-03,Pharmacy,43,42,1,34.8,34.0,,,,True,QUEUE-000000079,PROC-QCS-92010F32B162,VAL-C62B370EC6C3,2D-3B-1.0.0,2026-07-26 08:37:02.172746,
QUEUE-000000080,HOSP-001,DEPT-DIAG,2026-03-21,2026-03-21,2026-03,Pharmacy,59,55,4,33.6,34.0,,,,True,QUEUE-000000080,PROC-QCS-92010F32B162,VAL-C62B370EC6C3,2D-3B-1.0.0,2026-07-26 08:37:02.172746,
QUEUE-000000081,HOSP-001,DEPT-DIAG,2026-03-22,2026-03-22,2026-03,Consultation,67,64,3,35.8,35.0,,,,True,QUEUE-000000081,PROC-QCS-92010F32B162,VAL-C62B370EC6C3,2D-3B-1.0.0,2026-07-26 08:37:02.172746,
QUEUE-000000082,HOSP-001,DEPT-DIAG,2026-03-23,2026-03-23,2026-03,Consultation,55,55,0,36.6,37.0,,,,True,QUEUE-000000082,PROC-QCS-92010F32B162,VAL-C62B370EC6C3,2D-3B-1.0.0,2026-07-26 08:37:02.172746,
QUEUE-000000083,HOSP-001,DEPT-DIAG,2026-03-24,2026-03-24,2026-03,Triage,44,44,0,36.4,41.0,,,,True,QUEUE-000000083,PROC-QCS-92010F32B162,VAL-C62B370EC6C3,2D-3B-1.0.0,2026-07-26 08:37:02.172746,
QUEUE-000000084,HOSP-001,DEPT-DIAG,2026-03-25,2026-03-25,2026-03,Billing,45,43,2,37.4,38.0,,,,True,QUEUE-000000084,PROC-QCS-92010F32B162,VAL-C62B370EC6C3,2D-3B-1.0.0,2026-07-26 08:37:02.172746,
QUEUE-000000085,HOSP-001,DEPT-DIAG,2026-03-26,2026-03-26,2026-03,Billing,56,52,4,34.8,36.0,,,,True,QUEUE-000000085,PROC-QCS-92010F32B162,VAL-C62B370EC6C3,2D-3B-1.0.0,2026-07-26 08:37:02.172746,
QUEUE-000000086,HOSP-001,DEPT-DIAG,2026-03-27,2026-03-27,2026-03,Triage,57,57,0,36.5,40.0,,,,True,QUEUE-000000086,PROC-QCS-92010F32B162,VAL-C62B370EC6C3,2D-3B-1.0.0,2026-07-26 08:37:02.172746,
QUEUE-000000087,HOSP-001,DEPT-DIAG,2026-03-28,2026-03-28,2026-03,Triage,58,56,2,39.0,35.5,,,,True,QUEUE-000000087,PROC-QCS-92010F32B162,VAL-C62B370EC6C3,2D-3B-1.0.0,2026-07-26 08:37:02.172746,
QUEUE-000000088,HOSP-001,DEPT-DIAG,2026-03-29,2026-03-29,2026-03,Consultation,57,56,1,34.1,36.0,,,,True,QUEUE-000000088,PROC-QCS-92010F32B162,VAL-C62B370EC6C3,2D-3B-1.0.0,2026-07-26 08:37:02.172746,
QUEUE-000000089,HOSP-001,DEPT-DIAG,2026-03-30,2026-03-30,2026-03,Consultation,60,60,0,36.8,40.0,,,,True,QUEUE-000000089,PROC-QCS-92010F32B162,VAL-C62B370EC6C3,2D-3B-1.0.0,2026-07-26 08:37:02.172746,
QUEUE-000000090,HOSP-001,DEPT-DIAG,2026-03-31,2026-03-31,2026-03,Registration,47,45,2,40.6,41.0,,,,True,QUEUE-000000090,PROC-QCS-92010F32B162,VAL-C62B370EC6C3,2D-3B-1.0.0,2026-07-26 08:37:02.172746,
QUEUE-000000091,HOSP-001,DEPT-DIAG,2026-04-01,2026-04-01,2026-04,Pharmacy,71,71,0,44.4,44.0,,,,True,QUEUE-000000091,PROC-QCS-92010F32B162,VAL-C62B370EC6C3,2D-3B-1.0.0,2026-07-26 08:37:02.172746,
QUEUE-000000092,HOSP-001,DEPT-DIAG,2026-04-02,2026-04-02,2026-04,Triage,54,53,1,49.5,53.0,,,,True,QUEUE-000000092,PROC-QCS-92010F32B162,VAL-C62B370EC6C3,2D-3B-1.0.0,2026-07-26 08:37:02.172746,
QUEUE-000000093,HOSP-001,DEPT-DIAG,2026-04-03,2026-04-03,2026-04,Consultation,54,53,1,41.0,39.0,,,,True,QUEUE-000000093,PROC-QCS-92010F32B162,VAL-C62B370EC6C3,2D-3B-1.0.0,2026-07-26 08:37:02.172746,
QUEUE-000000094,HOSP-001,DEPT-DIAG,2026-04-04,2026-04-04,2026-04,Radiology,66,63,3,46.2,49.0,,,,True,QUEUE-000000094,PROC-QCS-92010F32B162,VAL-C62B370EC6C3,2D-3B-1.0.0,2026-07-26 08:37:02.172746,
QUEUE-000000095,HOSP-001,DEPT-DIAG,2026-04-05,2026-04-05,2026-04,Consultation,82,81,1,47.5,44.0,,,,True,QUEUE-000000095,PROC-QCS-92010F32B162,VAL-C62B370EC6C3,2D-3B-1.0.0,2026-07-26 08:37:02.172746,
QUEUE-000000096,HOSP-001,DEPT-DIAG,2026-04-06,2026-04-06,2026-04,Registration,61,58,3,44.9,46.0,,,,True,QUEUE-000000096,PROC-QCS-92010F32B162,VAL-C62B370EC6C3,2D-3B-1.0.0,2026-07-26 08:37:02.172746,
QUEUE-000000097,HOSP-001,DEPT-DIAG,2026-04-07,2026-04-07,2026-04,Radiology,53,49,4,47.6,51.0,,,,True,QUEUE-000000097,PROC-QCS-92010F32B162,VAL-C62B370EC6C3,2D-3B-1.0.0,2026-07-26 08:37:02.172746,
QUEUE-000000098,HOSP-001,DEPT-DIAG,2026-04-08,2026-04-08,2026-04,Consultation,68,65,3,43.3,47.0,,,,True,QUEUE-000000098,PROC-QCS-92010F32B162,VAL-C62B370EC6C3,2D-3B-1.0.0,2026-07-26 08:37:02.172746,
QUEUE-000000099,HOSP-001,DEPT-DIAG,2026-04-09,2026-04-09,2026-04,Consultation,72,69,3,48.2,46.0,,,,True,QUEUE-000000099,PROC-QCS-92010F32B162,VAL-C62B370EC6C3,2D-3B-1.0.0,2026-07-26 08:37:02.172746,
QUEUE-000000100,HOSP-001,DEPT-DIAG,2026-04-10,2026-04-10,2026-04,Billing,56,55,1,41.1,39.0,,,,True,QUEUE-000000100,PROC-QCS-92010F32B162,VAL-C62B370EC6C3,2D-3B-1.0.0,2026-07-26 08:37:02.172746,
QUEUE-000000101,HOSP-001,DEPT-DIAG,2026-04-11,2026-04-11,2026-04,Billing,60,57,3,45.6,44.0,,,,True,QUEUE-000000101,PROC-QCS-92010F32B162,VAL-C62B370EC6C3,2D-3B-1.0.0,2026-07-26 08:37:02.172746,
QUEUE-000000102,HOSP-001,DEPT-DIAG,2026-04-12,2026-04-12,2026-04,Triage,78,73,5,47.3,46.0,,,,True,QUEUE-000000102,PROC-QCS-92010F32B162,VAL-C62B370EC6C3,2D-3B-1.0.0,2026-07-26 08:37:02.172746,
QUEUE-000000103,HOSP-001,DEPT-DIAG,2026-04-13,2026-04-13,2026-04,Pharmacy,52,52,0,47.0,50.5,,,,True,QUEUE-000000103,PROC-QCS-92010F32B162,VAL-C62B370EC6C3,2D-3B-1.0.0,2026-07-26 08:37:02.172746,
QUEUE-000000104,HOSP-001,DEPT-DIAG,2026-04-14,2026-04-14,2026-04,Billing,72,69,3,43.4,44.0,,,,True,QUEUE-000000104,PROC-QCS-92010F32B162,VAL-C62B370EC6C3,2D-3B-1.0.0,2026-07-26 08:37:02.172746,
QUEUE-000000105,HOSP-001,DEPT-DIAG,2026-04-15,2026-04-15,2026-04,Radiology,62,60,2,49.7,52.5,,,,True,QUEUE-000000105,PROC-QCS-92010F32B162,VAL-C62B370EC6C3,2D-3B-1.0.0,2026-07-26 08:37:02.172746,
QUEUE-000000106,HOSP-001,DEPT-DIAG,2026-04-16,2026-04-16,2026-04,Consultation,56,53,3,49.1,50.0,,,,True,QUEUE-000000106,PROC-QCS-92010F32B162,VAL-C62B370EC6C3,2D-3B-1.0.0,2026-07-26 08:37:02.172746,
QUEUE-000000107,HOSP-001,DEPT-DIAG,2026-04-17,2026-04-17,2026-04,Pharmacy,55,52,3,41.4,42.0,,,,True,QUEUE-000000107,PROC-QCS-92010F32B162,VAL-C62B370EC6C3,2D-3B-1.0.0,2026-07-26 08:37:02.172746,
QUEUE-000000108,HOSP-001,DEPT-DIAG,2026-04-18,2026-04-18,2026-04,Registration,40,38,2,44.4,42.0,,,,True,QUEUE-000000108,PROC-QCS-92010F32B162,VAL-C62B370EC6C3,2D-3B-1.0.0,2026-07-26 08:37:02.172746,
QUEUE-000000109,HOSP-001,DEPT-DIAG,2026-04-19,2026-04-19,2026-04,Triage,61,59,2,45.4,46.0,,,,True,QUEUE-000000109,PROC-QCS-92010F32B162,VAL-C62B370EC6C3,2D-3B-1.0.0,2026-07-26 08:37:02.172746,
QUEUE-000000110,HOSP-001,DEPT-DIAG,2026-04-20,2026-04-20,2026-04,Billing,72,69,3,45.2,43.0,,,,True,QUEUE-000000110,PROC-QCS-92010F32B162,VAL-C62B370EC6C3,2D-3B-1.0.0,2026-07-26 08:37:02.172746,
QUEUE-000000111,HOSP-001,DEPT-DIAG,2026-04-21,2026-04-21,2026-04,Billing,60,58,2,47.9,50.5,,,,True,QUEUE-000000111,PROC-QCS-92010F32B162,VAL-C62B370EC6C3,2D-3B-1.0.0,2026-07-26 08:37:02.172746,
QUEUE-000000112,HOSP-001,DEPT-DIAG,2026-04-22,2026-04-22,2026-04,Consultation,66,66,0,45.3,47.0,,,,True,QUEUE-000000112,PROC-QCS-92010F32B162,VAL-C62B370EC6C3,2D-3B-1.0.0,2026-07-26 08:37:02.172746,
QUEUE-000000113,HOSP-001,DEPT-DIAG,2026-04-23,2026-04-23,2026-04,Radiology,67,66,1,47.1,49.0,,,,True,QUEUE-000000113,PROC-QCS-92010F32B162,VAL-C62B370EC6C3,2D-3B-1.0.0,2026-07-26 08:37:02.172746,
QUEUE-000000114,HOSP-001,DEPT-DIAG,2026-04-24,2026-04-24,2026-04,Radiology,76,76,0,47.9,49.5,,,,True,QUEUE-000000114,PROC-QCS-92010F32B162,VAL-C62B370EC6C3,2D-3B-1.0.0,2026-07-26 08:37:02.172746,
QUEUE-000000115,HOSP-001,DEPT-DIAG,2026-04-25,2026-04-25,2026-04,Billing,62,60,2,44.1,44.5,,,,True,QUEUE-000000115,PROC-QCS-92010F32B162,VAL-C62B370EC6C3,2D-3B-1.0.0,2026-07-26 08:37:02.172746,
QUEUE-000000116,HOSP-001,DEPT-DIAG,2026-04-26,2026-04-26,2026-04,Billing,57,56,1,44.9,45.0,,,,True,QUEUE-000000116,PROC-QCS-92010F32B162,VAL-C62B370EC6C3,2D-3B-1.0.0,2026-07-26 08:37:02.172746,
QUEUE-000000117,HOSP-001,DEPT-DIAG,2026-04-27,2026-04-27,2026-04,Radiology,66,66,0,43.1,44.0,,,,True,QUEUE-000000117,PROC-QCS-92010F32B162,VAL-C62B370EC6C3,2D-3B-1.0.0,2026-07-26 08:37:02.172746,
QUEUE-000000118,HOSP-001,DEPT-DIAG,2026-04-28,2026-04-28,2026-04,Registration,64,64,0,47.2,49.5,,,,True,QUEUE-000000118,PROC-QCS-92010F32B162,VAL-C62B370EC6C3,2D-3B-1.0.0,2026-07-26 08:37:02.172746,
QUEUE-000000119,HOSP-001,DEPT-DIAG,2026-04-29,2026-04-29,2026-04,Billing,65,64,1,40.3,43.5,,,,True,QUEUE-000000119,PROC-QCS-92010F32B162,VAL-C62B370EC6C3,2D-3B-1.0.0,2026-07-26 08:37:02.172746,
QUEUE-000000120,HOSP-001,DEPT-DIAG,2026-04-30,2026-04-30,2026-04,Radiology,50,49,1,45.3,44.0,,,,True,QUEUE-000000120,PROC-QCS-92010F32B162,VAL-C62B370EC6C3,2D-3B-1.0.0,2026-07-26 08:37:02.172746,
QUEUE-000000121,HOSP-001,DEPT-DIAG,2026-05-01,2026-05-01,2026-05,Consultation,52,51,1,40.6,37.0,,,,True,QUEUE-000000121,PROC-QCS-92010F32B162,VAL-C62B370EC6C3,2D-3B-1.0.0,2026-07-26 08:37:02.172746,
QUEUE-000000122,HOSP-001,DEPT-DIAG,2026-05-02,2026-05-02,2026-05,Triage,45,45,0,44.6,41.0,,,,True,QUEUE-000000122,PROC-QCS-92010F32B162,VAL-C62B370EC6C3,2D-3B-1.0.0,2026-07-26 08:37:02.172746,
QUEUE-000000123,HOSP-001,DEPT-DIAG,2026-05-03,2026-05-03,2026-05,Registration,64,62,2,46.3,47.0,,,,True,QUEUE-000000123,PROC-QCS-92010F32B162,VAL-C62B370EC6C3,2D-3B-1.0.0,2026-07-26 08:37:02.172746,
QUEUE-000000124,HOSP-001,DEPT-DIAG,2026-05-04,2026-05-04,2026-05,Radiology,68,68,0,42.3,44.5,,,,True,QUEUE-000000124,PROC-QCS-92010F32B162,VAL-C62B370EC6C3,2D-3B-1.0.0,2026-07-26 08:37:02.172746,
QUEUE-000000125,HOSP-001,DEPT-DIAG,2026-05-05,2026-05-05,2026-05,Consultation,49,46,3,39.2,42.0,,,,True,QUEUE-000000125,PROC-QCS-92010F32B162,VAL-C62B370EC6C3,2D-3B-1.0.0,2026-07-26 08:37:02.172746,
QUEUE-000000126,HOSP-001,DEPT-DIAG,2026-05-06,2026-05-06,2026-05,Consultation,72,70,2,40.8,39.0,,,,True,QUEUE-000000126,PROC-QCS-92010F32B162,VAL-C62B370EC6C3,2D-3B-1.0.0,2026-07-26 08:37:02.172746,
QUEUE-000000127,HOSP-001,DEPT-DIAG,2026-05-07,2026-05-07,2026-05,Triage,61,59,2,48.4,51.0,,,,True,QUEUE-000000127,PROC-QCS-92010F32B162,VAL-C62B370EC6C3,2D-3B-1.0.0,2026-07-26 08:37:02.172746,
QUEUE-000000128,HOSP-001,DEPT-DIAG,2026-05-08,2026-05-08,2026-05,Registration,54,54,0,49.0,51.0,,,,True,QUEUE-000000128,PROC-QCS-92010F32B162,VAL-C62B370EC6C3,2D-3B-1.0.0,2026-07-26 08:37:02.172746,
QUEUE-000000129,HOSP-001,DEPT-DIAG,2026-05-09,2026-05-09,2026-05,Consultation,54,53,1,46.9,50.0,,,,True,QUEUE-000000129,PROC-QCS-92010F32B162,VAL-C62B370EC6C3,2D-3B-1.0.0,2026-07-26 08:37:02.172746,
QUEUE-000000130,HOSP-001,DEPT-DIAG,2026-05-10,2026-05-10,2026-05,Consultation,62,61,1,45.6,46.0,,,,True,QUEUE-000000130,PROC-QCS-92010F32B162,VAL-C62B370EC6C3,2D-3B-1.0.0,2026-07-26 08:37:02.172746,
QUEUE-000000131,HOSP-001,DEPT-DIAG,2026-05-11,2026-05-11,2026-05,Triage,54,52,2,46.5,50.0,,,,True,QUEUE-000000131,PROC-QCS-92010F32B162,VAL-C62B370EC6C3,2D-3B-1.0.0,2026-07-26 08:37:02.172746,
QUEUE-000000132,HOSP-001,DEPT-DIAG,2026-05-12,2026-05-12,2026-05,Billing,54,53,1,40.6,36.0,,,,True,QUEUE-000000132,PROC-QCS-92010F32B162,VAL-C62B370EC6C3,2D-3B-1.0.0,2026-07-26 08:37:02.172746,
QUEUE-000000133,HOSP-001,DEPT-DIAG,2026-05-13,2026-05-13,2026-05,Pharmacy,51,51,0,43.9,44.0,,,,True,QUEUE-000000133,PROC-QCS-92010F32B162,VAL-C62B370EC6C3,2D-3B-1.0.0,2026-07-26 08:37:02.172746,
QUEUE-000000134,HOSP-001,DEPT-DIAG,2026-05-14,2026-05-14,2026-05,Billing,62,62,0,42.0,40.0,,,,True,QUEUE-000000134,PROC-QCS-92010F32B162,VAL-C62B370EC6C3,2D-3B-1.0.0,2026-07-26 08:37:02.172746,
QUEUE-000000135,HOSP-001,DEPT-DIAG,2026-05-15,2026-05-15,2026-05,Registration,51,47,4,44.4,42.0,,,,True,QUEUE-000000135,PROC-QCS-92010F32B162,VAL-C62B370EC6C3,2D-3B-1.0.0,2026-07-26 08:37:02.172746,
QUEUE-000000136,HOSP-001,DEPT-DIAG,2026-05-16,2026-05-16,2026-05,Triage,68,64,4,45.8,46.0,,,,True,QUEUE-000000136,PROC-QCS-92010F32B162,VAL-C62B370EC6C3,2D-3B-1.0.0,2026-07-26 08:37:02.172746,
QUEUE-000000137,HOSP-001,DEPT-DIAG,2026-05-17,2026-05-17,2026-05,Radiology,61,58,3,39.9,37.5,,,,True,QUEUE-000000137,PROC-QCS-92010F32B162,VAL-C62B370EC6C3,2D-3B-1.0.0,2026-07-26 08:37:02.172746,
QUEUE-000000138,HOSP-001,DEPT-DIAG,2026-05-18,2026-05-18,2026-05,Billing,54,54,0,43.1,46.5,,,,True,QUEUE-000000138,PROC-QCS-92010F32B162,VAL-C62B370EC6C3,2D-3B-1.0.0,2026-07-26 08:37:02.172746,
QUEUE-000000139,HOSP-001,DEPT-DIAG,2026-05-19,2026-05-19,2026-05,Registration,63,62,1,48.0,48.0,,,,True,QUEUE-000000139,PROC-QCS-92010F32B162,VAL-C62B370EC6C3,2D-3B-1.0.0,2026-07-26 08:37:02.172746,
QUEUE-000000140,HOSP-001,DEPT-DIAG,2026-05-20,2026-05-20,2026-05,Registration,54,53,1,44.4,46.0,,,,True,QUEUE-000000140,PROC-QCS-92010F32B162,VAL-C62B370EC6C3,2D-3B-1.0.0,2026-07-26 08:37:02.172746,
QUEUE-000000141,HOSP-001,DEPT-DIAG,2026-05-21,2026-05-21,2026-05,Pharmacy,64,63,1,48.9,51.0,,,,True,QUEUE-000000141,PROC-QCS-92010F32B162,VAL-C62B370EC6C3,2D-3B-1.0.0,2026-07-26 08:37:02.172746,
QUEUE-000000142,HOSP-001,DEPT-DIAG,2026-05-22,2026-05-22,2026-05,Pharmacy,67,65,2,39.2,40.0,,,,True,QUEUE-000000142,PROC-QCS-92010F32B162,VAL-C62B370EC6C3,2D-3B-1.0.0,2026-07-26 08:37:02.172746,
QUEUE-000000143,HOSP-001,DEPT-DIAG,2026-05-23,2026-05-23,2026-05,Registration,56,53,3,45.0,46.0,,,,True,QUEUE-000000143,PROC-QCS-92010F32B162,VAL-C62B370EC6C3,2D-3B-1.0.0,2026-07-26 08:37:02.172746,
QUEUE-000000144,HOSP-001,DEPT-DIAG,2026-05-24,2026-05-24,2026-05,Registration,59,57,2,47.1,43.0,,,,True,QUEUE-000000144,PROC-QCS-92010F32B162,VAL-C62B370EC6C3,2D-3B-1.0.0,2026-07-26 08:37:02.172746,
QUEUE-000000145,HOSP-001,DEPT-DIAG,2026-05-25,2026-05-25,2026-05,Consultation,60,58,2,44.9,45.5,,,,True,QUEUE-000000145,PROC-QCS-92010F32B162,VAL-C62B370EC6C3,2D-3B-1.0.0,2026-07-26 08:37:02.172746,
QUEUE-000000146,HOSP-001,DEPT-DIAG,2026-05-26,2026-05-26,2026-05,Consultation,61,59,2,43.1,44.0,,,,True,QUEUE-000000146,PROC-QCS-92010F32B162,VAL-C62B370EC6C3,2D-3B-1.0.0,2026-07-26 08:37:02.172746,
QUEUE-000000147,HOSP-001,DEPT-DIAG,2026-05-27,2026-05-27,2026-05,Radiology,77,75,2,43.9,45.0,,,,True,QUEUE-000000147,PROC-QCS-92010F32B162,VAL-C62B370EC6C3,2D-3B-1.0.0,2026-07-26 08:37:02.172746,
QUEUE-000000148,HOSP-001,DEPT-DIAG,2026-05-28,2026-05-28,2026-05,Registration,70,67,3,47.1,47.0,,,,True,QUEUE-000000148,PROC-QCS-92010F32B162,VAL-C62B370EC6C3,2D-3B-1.0.0,2026-07-26 08:37:02.172746,
QUEUE-000000149,HOSP-001,DEPT-DIAG,2026-05-29,2026-05-29,2026-05,Billing,59,58,1,45.2,46.0,,,,True,QUEUE-000000149,PROC-QCS-92010F32B162,VAL-C62B370EC6C3,2D-3B-1.0.0,2026-07-26 08:37:02.172746,
QUEUE-000000150,HOSP-001,DEPT-DIAG,2026-05-30,2026-05-30,2026-05,Registration,47,46,1,47.0,48.0,,,,True,QUEUE-000000150,PROC-QCS-92010F32B162,VAL-C62B370EC6C3,2D-3B-1.0.0,2026-07-26 08:37:02.172746,
QUEUE-000000151,HOSP-001,DEPT-DIAG,2026-05-31,2026-05-31,2026-05,Pharmacy,70,67,3,51.5,52.0,,,,True,QUEUE-000000151,PROC-QCS-92010F32B162,VAL-C62B370EC6C3,2D-3B-1.0.0,2026-07-26 08:37:02.172746,
QUEUE-000000152,HOSP-001,DEPT-DIAG,2026-06-01,2026-06-01,2026-06,Billing,60,59,1,52.6,51.0,,,,True,QUEUE-000000152,PROC-QCS-92010F32B162,VAL-C62B370EC6C3,2D-3B-1.0.0,2026-07-26 08:37:02.172746,
QUEUE-000000153,HOSP-001,DEPT-DIAG,2026-06-02,2026-06-02,2026-06,Consultation,67,67,0,52.8,51.0,,,,True,QUEUE-000000153,PROC-QCS-92010F32B162,VAL-C62B370EC6C3,2D-3B-1.0.0,2026-07-26 08:37:02.172746,
QUEUE-000000154,HOSP-001,DEPT-DIAG,2026-06-03,2026-06-03,2026-06,Registration,58,55,3,59.7,56.0,,,,True,QUEUE-000000154,PROC-QCS-92010F32B162,VAL-C62B370EC6C3,2D-3B-1.0.0,2026-07-26 08:37:02.172746,
QUEUE-000000155,HOSP-001,DEPT-DIAG,2026-06-04,2026-06-04,2026-06,Consultation,38,37,1,55.0,51.0,,,,True,QUEUE-000000155,PROC-QCS-92010F32B162,VAL-C62B370EC6C3,2D-3B-1.0.0,2026-07-26 08:37:02.172746,
QUEUE-000000156,HOSP-001,DEPT-DIAG,2026-06-05,2026-06-05,2026-06,Radiology,56,54,2,55.7,52.0,,,,True,QUEUE-000000156,PROC-QCS-92010F32B162,VAL-C62B370EC6C3,2D-3B-1.0.0,2026-07-26 08:37:02.172746,
QUEUE-000000157,HOSP-001,DEPT-DIAG,2026-06-06,2026-06-06,2026-06,Consultation,70,67,3,52.6,50.0,,,,True,QUEUE-000000157,PROC-QCS-92010F32B162,VAL-C62B370EC6C3,2D-3B-1.0.0,2026-07-26 08:37:02.172746,
QUEUE-000000158,HOSP-001,DEPT-DIAG,2026-06-07,2026-06-07,2026-06,Billing,64,62,2,57.7,59.5,,,,True,QUEUE-000000158,PROC-QCS-92010F32B162,VAL-C62B370EC6C3,2D-3B-1.0.0,2026-07-26 08:37:02.172746,
QUEUE-000000159,HOSP-001,DEPT-DIAG,2026-06-08,2026-06-08,2026-06,Pharmacy,65,63,2,56.6,58.0,,,,True,QUEUE-000000159,PROC-QCS-92010F32B162,VAL-C62B370EC6C3,2D-3B-1.0.0,2026-07-26 08:37:02.172746,
QUEUE-000000160,HOSP-001,DEPT-DIAG,2026-06-09,2026-06-09,2026-06,Pharmacy,51,48,3,56.5,55.5,,,,True,QUEUE-000000160,PROC-QCS-92010F32B162,VAL-C62B370EC6C3,2D-3B-1.0.0,2026-07-26 08:37:02.172746,
QUEUE-000000161,HOSP-001,DEPT-DIAG,2026-06-10,2026-06-10,2026-06,Radiology,66,62,4,49.3,48.5,,,,True,QUEUE-000000161,PROC-QCS-92010F32B162,VAL-C62B370EC6C3,2D-3B-1.0.0,2026-07-26 08:37:02.172746,
QUEUE-000000162,HOSP-001,DEPT-DIAG,2026-06-11,2026-06-11,2026-06,Registration,61,60,1,54.0,55.5,,,,True,QUEUE-000000162,PROC-QCS-92010F32B162,VAL-C62B370EC6C3,2D-3B-1.0.0,2026-07-26 08:37:02.172746,
QUEUE-000000163,HOSP-001,DEPT-DIAG,2026-06-12,2026-06-12,2026-06,Triage,57,54,3,52.2,57.0,,,,True,QUEUE-000000163,PROC-QCS-92010F32B162,VAL-C62B370EC6C3,2D-3B-1.0.0,2026-07-26 08:37:02.172746,
QUEUE-000000164,HOSP-001,DEPT-DIAG,2026-06-13,2026-06-13,2026-06,Consultation,53,52,1,60.8,62.5,,,,True,QUEUE-000000164,PROC-QCS-92010F32B162,VAL-C62B370EC6C3,2D-3B-1.0.0,2026-07-26 08:37:02.172746,
QUEUE-000000165,HOSP-001,DEPT-DIAG,2026-06-14,2026-06-14,2026-06,Registration,55,55,0,51.6,53.0,,,,True,QUEUE-000000165,PROC-QCS-92010F32B162,VAL-C62B370EC6C3,2D-3B-1.0.0,2026-07-26 08:37:02.172746,
QUEUE-000000166,HOSP-001,DEPT-DIAG,2026-06-15,2026-06-15,2026-06,Billing,67,65,2,56.5,59.0,,,,True,QUEUE-000000166,PROC-QCS-92010F32B162,VAL-C62B370EC6C3,2D-3B-1.0.0,2026-07-26 08:37:02.172746,
QUEUE-000000167,HOSP-001,DEPT-DIAG,2026-06-16,2026-06-16,2026-06,Triage,71,69,2,58.4,58.0,,,,True,QUEUE-000000167,PROC-QCS-92010F32B162,VAL-C62B370EC6C3,2D-3B-1.0.0,2026-07-26 08:37:02.172746,
QUEUE-000000168,HOSP-001,DEPT-DIAG,2026-06-17,2026-06-17,2026-06,Radiology,61,58,3,49.6,51.0,,,,True,QUEUE-000000168,PROC-QCS-92010F32B162,VAL-C62B370EC6C3,2D-3B-1.0.0,2026-07-26 08:37:02.172746,
QUEUE-000000169,HOSP-001,DEPT-DIAG,2026-06-18,2026-06-18,2026-06,Pharmacy,61,57,4,54.2,61.0,,,,True,QUEUE-000000169,PROC-QCS-92010F32B162,VAL-C62B370EC6C3,2D-3B-1.0.0,2026-07-26 08:37:02.172746,
QUEUE-000000170,HOSP-001,DEPT-DIAG,2026-06-19,2026-06-19,2026-06,Triage,59,58,1,60.4,61.0,,,,True,QUEUE-000000170,PROC-QCS-92010F32B162,VAL-C62B370EC6C3,2D-3B-1.0.0,2026-07-26 08:37:02.172746,
QUEUE-000000171,HOSP-001,DEPT-DIAG,2026-06-20,2026-06-20,2026-06,Consultation,56,53,3,53.3,57.0,,,,True,QUEUE-000000171,PROC-QCS-92010F32B162,VAL-C62B370EC6C3,2D-3B-1.0.0,2026-07-26 08:37:02.172746,
QUEUE-000000172,HOSP-001,DEPT-DIAG,2026-06-21,2026-06-21,2026-06,Radiology,54,51,3,51.8,50.0,,,,True,QUEUE-000000172,PROC-QCS-92010F32B162,VAL-C62B370EC6C3,2D-3B-1.0.0,2026-07-26 08:37:02.172746,
QUEUE-000000173,HOSP-001,DEPT-DIAG,2026-06-22,2026-06-22,2026-06,Radiology,61,59,2,48.1,49.0,,,,True,QUEUE-000000173,PROC-QCS-92010F32B162,VAL-C62B370EC6C3,2D-3B-1.0.0,2026-07-26 08:37:02.172746,
QUEUE-000000174,HOSP-001,DEPT-DIAG,2026-06-23,2026-06-23,2026-06,Pharmacy,45,44,1,54.9,61.0,,,,True,QUEUE-000000174,PROC-QCS-92010F32B162,VAL-C62B370EC6C3,2D-3B-1.0.0,2026-07-26 08:37:02.172746,
QUEUE-000000175,HOSP-001,DEPT-DIAG,2026-06-24,2026-06-24,2026-06,Triage,63,61,2,55.5,58.0,,,,True,QUEUE-000000175,PROC-QCS-92010F32B162,VAL-C62B370EC6C3,2D-3B-1.0.0,2026-07-26 08:37:02.172746,
QUEUE-000000176,HOSP-001,DEPT-DIAG,2026-06-25,2026-06-25,2026-06,Radiology,53,51,2,54.5,61.0,,,,True,QUEUE-000000176,PROC-QCS-92010F32B162,VAL-C62B370EC6C3,2D-3B-1.0.0,2026-07-26 08:37:02.172746,
QUEUE-000000177,HOSP-001,DEPT-DIAG,2026-06-26,2026-06-26,2026-06,Registration,65,64,1,49.3,49.0,,,,True,QUEUE-000000177,PROC-QCS-92010F32B162,VAL-C62B370EC6C3,2D-3B-1.0.0,2026-07-26 08:37:02.172746,
QUEUE-000000178,HOSP-001,DEPT-DIAG,2026-06-27,2026-06-27,2026-06,Consultation,61,60,1,54.3,53.0,,,,True,QUEUE-000000178,PROC-QCS-92010F32B162,VAL-C62B370EC6C3,2D-3B-1.0.0,2026-07-26 08:37:02.172746,
QUEUE-000000179,HOSP-001,DEPT-DIAG,2026-06-28,2026-06-28,2026-06,Triage,66,64,2,56.0,57.0,,,,True,QUEUE-000000179,PROC-QCS-92010F32B162,VAL-C62B370EC6C3,2D-3B-1.0.0,2026-07-26 08:37:02.172746,
QUEUE-000000180,HOSP-001,DEPT-DIAG,2026-06-29,2026-06-29,2026-06,Triage,54,53,1,54.3,54.0,,,,True,QUEUE-000000180,PROC-QCS-92010F32B162,VAL-C62B370EC6C3,2D-3B-1.0.0,2026-07-26 08:37:02.172746,
QUEUE-000000181,HOSP-001,DEPT-DIAG,2026-06-30,2026-06-30,2026-06,Registration,61,58,3,54.7,57.5,,,,True,QUEUE-000000181,PROC-QCS-92010F32B162,VAL-C62B370EC6C3,2D-3B-1.0.0,2026-07-26 08:37:02.172746,
QUEUE-000000182,HOSP-001,DEPT-DIAG,2026-07-01,2026-07-01,2026-07,Registration,58,56,2,52.0,55.5,,,,True,QUEUE-000000182,PROC-QCS-92010F32B162,VAL-C62B370EC6C3,2D-3B-1.0.0,2026-07-26 08:37:02.172746,
QUEUE-000000183,HOSP-001,DEPT-DIAG,2026-07-02,2026-07-02,2026-07,Triage,64,63,1,55.5,56.0,,,,True,QUEUE-000000183,PROC-QCS-92010F32B162,VAL-C62B370EC6C3,2D-3B-1.0.0,2026-07-26 08:37:02.172746,
QUEUE-000000184,HOSP-001,DEPT-DIAG,2026-07-03,2026-07-03,2026-07,Registration,60,59,1,59.1,60.0,,,,True,QUEUE-000000184,PROC-QCS-92010F32B162,VAL-C62B370EC6C3,2D-3B-1.0.0,2026-07-26 08:37:02.172746,
QUEUE-000000185,HOSP-001,DEPT-DIAG,2026-07-04,2026-07-04,2026-07,Triage,62,57,5,52.8,49.0,,,,True,QUEUE-000000185,PROC-QCS-92010F32B162,VAL-C62B370EC6C3,2D-3B-1.0.0,2026-07-26 08:37:02.172746,
QUEUE-000000186,HOSP-001,DEPT-DIAG,2026-07-05,2026-07-05,2026-07,Billing,74,69,5,53.4,57.0,,,,True,QUEUE-000000186,PROC-QCS-92010F32B162,VAL-C62B370EC6C3,2D-3B-1.0.0,2026-07-26 08:37:02.172746,
QUEUE-000000187,HOSP-001,DEPT-DIAG,2026-07-06,2026-07-06,2026-07,Triage,51,48,3,53.6,52.0,,,,True,QUEUE-000000187,PROC-QCS-92010F32B162,VAL-C62B370EC6C3,2D-3B-1.0.0,2026-07-26 08:37:02.172746,
QUEUE-000000188,HOSP-001,DEPT-DIAG,2026-07-07,2026-07-07,2026-07,Radiology,54,53,1,55.2,52.0,,,,True,QUEUE-000000188,PROC-QCS-92010F32B162,VAL-C62B370EC6C3,2D-3B-1.0.0,2026-07-26 08:37:02.172746,
QUEUE-000000189,HOSP-001,DEPT-DIAG,2026-07-08,2026-07-08,2026-07,Billing,68,66,2,55.7,59.0,,,,True,QUEUE-000000189,PROC-QCS-92010F32B162,VAL-C62B370EC6C3,2D-3B-1.0.0,2026-07-26 08:37:02.172746,
QUEUE-000000190,HOSP-001,DEPT-DIAG,2026-07-09,2026-07-09,2026-07,Registration,70,67,3,53.9,56.0,,,,True,QUEUE-000000190,PROC-QCS-92010F32B162,VAL-C62B370EC6C3,2D-3B-1.0.0,2026-07-26 08:37:02.172746,
QUEUE-000000191,HOSP-001,DEPT-DIAG,2026-07-10,2026-07-10,2026-07,Pharmacy,55,53,2,54.6,60.0,,,,True,QUEUE-000000191,PROC-QCS-92010F32B162,VAL-C62B370EC6C3,2D-3B-1.0.0,2026-07-26 08:37:02.172746,
QUEUE-000000192,HOSP-001,DEPT-DIAG,2026-07-11,2026-07-11,2026-07,Billing,54,54,0,56.6,60.5,,,,True,QUEUE-000000192,PROC-QCS-92010F32B162,VAL-C62B370EC6C3,2D-3B-1.0.0,2026-07-26 08:37:02.172746,
QUEUE-000000193,HOSP-001,DEPT-DIAG,2026-07-12,2026-07-12,2026-07,Billing,59,58,1,56.5,61.0,,,,True,QUEUE-000000193,PROC-QCS-92010F32B162,VAL-C62B370EC6C3,2D-3B-1.0.0,2026-07-26 08:37:02.172746,
QUEUE-000000194,HOSP-001,DEPT-DIAG,2026-07-13,2026-07-13,2026-07,Billing,50,49,1,52.3,50.0,,,,True,QUEUE-000000194,PROC-QCS-92010F32B162,VAL-C62B370EC6C3,2D-3B-1.0.0,2026-07-26 08:37:02.172746,
QUEUE-000000195,HOSP-001,DEPT-DIAG,2026-07-14,2026-07-14,2026-07,Billing,60,59,1,51.0,53.0,,,,True,QUEUE-000000195,PROC-QCS-92010F32B162,VAL-C62B370EC6C3,2D-3B-1.0.0,2026-07-26 08:37:02.172746,
QUEUE-000000196,HOSP-001,DEPT-DIAG,2026-07-15,2026-07-15,2026-07,Registration,70,69,1,58.8,59.0,,,,True,QUEUE-000000196,PROC-QCS-92010F32B162,VAL-C62B370EC6C3,2D-3B-1.0.0,2026-07-26 08:37:02.172746,
QUEUE-000000197,HOSP-001,DEPT-DIAG,2026-07-16,2026-07-16,2026-07,Billing,57,57,0,54.9,57.0,,,,True,QUEUE-000000197,PROC-QCS-92010F32B162,VAL-C62B370EC6C3,2D-3B-1.0.0,2026-07-26 08:37:02.172746,
QUEUE-000000198,HOSP-001,DEPT-DIAG,2026-07-17,2026-07-17,2026-07,Radiology,58,57,1,57.4,59.0,,,,True,QUEUE-000000198,PROC-QCS-92010F32B162,VAL-C62B370EC6C3,2D-3B-1.0.0,2026-07-26 08:37:02.172746,
QUEUE-000000199,HOSP-001,DEPT-DIAG,2026-07-18,2026-07-18,2026-07,Registration,60,60,0,49.8,46.5,,,,True,QUEUE-000000199,PROC-QCS-92010F32B162,VAL-C62B370EC6C3,2D-3B-1.0.0,2026-07-26 08:37:02.172746,
QUEUE-000000200,HOSP-001,DEPT-DIAG,2026-07-19,2026-07-19,2026-07,Registration,60,57,3,56.5,58.0,,,,True,QUEUE-000000200,PROC-QCS-92010F32B162,VAL-C62B370EC6C3,2D-3B-1.0.0,2026-07-26 08:37:02.172746,
QUEUE-000000201,HOSP-001,DEPT-DIAG,2026-07-20,2026-07-20,2026-07,Pharmacy,62,61,1,50.2,47.0,,,,True,QUEUE-000000201,PROC-QCS-92010F32B162,VAL-C62B370EC6C3,2D-3B-1.0.0,2026-07-26 08:37:02.172746,
QUEUE-000000202,HOSP-001,DEPT-DIAG,2026-07-21,2026-07-21,2026-07,Pharmacy,43,42,1,55.8,60.0,,,,True,QUEUE-000000202,PROC-QCS-92010F32B162,VAL-C62B370EC6C3,2D-3B-1.0.0,2026-07-26 08:37:02.172746,
QUEUE-000000203,HOSP-001,DEPT-DIAG,2026-07-22,2026-07-22,2026-07,Pharmacy,54,49,5,56.3,59.0,,,,True,QUEUE-000000203,PROC-QCS-92010F32B162,VAL-C62B370EC6C3,2D-3B-1.0.0,2026-07-26 08:37:02.172746,
QUEUE-000000204,HOSP-001,DEPT-DIAG,2026-07-23,2026-07-23,2026-07,Pharmacy,66,59,7,51.6,51.0,,,,True,QUEUE-000000204,PROC-QCS-92010F32B162,VAL-C62B370EC6C3,2D-3B-1.0.0,2026-07-26 08:37:02.172746,
QUEUE-000000205,HOSP-001,DEPT-DIAG,2026-07-24,2026-07-24,2026-07,Triage,67,62,5,54.2,52.5,,,,True,QUEUE-000000205,PROC-QCS-92010F32B162,VAL-C62B370EC6C3,2D-3B-1.0.0,2026-07-26 08:37:02.172746,
QUEUE-000000206,HOSP-001,DEPT-DIAG,2026-07-25,2026-07-25,2026-07,Consultation,58,56,2,60.8,60.5,,,,True,QUEUE-000000206,PROC-QCS-92010F32B162,VAL-C62B370EC6C3,2D-3B-1.0.0,2026-07-26 08:37:02.172746,
QUEUE-000000207,HOSP-001,DEPT-DIAG,2026-07-26,2026-07-26,2026-07,Radiology,65,63,2,57.5,58.0,,,,True,QUEUE-000000207,PROC-QCS-92010F32B162,VAL-C62B370EC6C3,2D-3B-1.0.0,2026-07-26 08:37:02.172746,
QUEUE-000000208,HOSP-001,DEPT-DIAG,2026-07-27,2026-07-27,2026-07,Consultation,66,64,2,53.9,56.5,,,,True,QUEUE-000000208,PROC-QCS-92010F32B162,VAL-C62B370EC6C3,2D-3B-1.0.0,2026-07-26 08:37:02.172746,
QUEUE-000000209,HOSP-001,DEPT-DIAG,2026-07-28,2026-07-28,2026-07,Consultation,64,61,3,53.3,60.0,,,,True,QUEUE-000000209,PROC-QCS-92010F32B162,VAL-C62B370EC6C3,2D-3B-1.0.0,2026-07-26 08:37:02.172746,
QUEUE-000000210,HOSP-001,DEPT-DIAG,2026-07-29,2026-07-29,2026-07,Triage,68,65,3,56.2,62.0,,,,True,QUEUE-000000210,PROC-QCS-92010F32B162,VAL-C62B370EC6C3,2D-3B-1.0.0,2026-07-26 08:37:02.172746,
QUEUE-000000211,HOSP-001,DEPT-DIAG,2026-07-30,2026-07-30,2026-07,Radiology,63,60,3,60.4,63.5,,,,True,QUEUE-000000211,PROC-QCS-92010F32B162,VAL-C62B370EC6C3,2D-3B-1.0.0,2026-07-26 08:37:02.172746,
QUEUE-000000212,HOSP-001,DEPT-DIAG,2026-07-31,2026-07-31,2026-07,Pharmacy,42,40,2,55.9,55.5,,,,True,QUEUE-000000212,PROC-QCS-92010F32B162,VAL-C62B370EC6C3,2D-3B-1.0.0,2026-07-26 08:37:02.172746,
QUEUE-000000213,HOSP-001,DEPT-DIAG,2026-08-01,2026-08-01,2026-08,Billing,60,57,3,44.4,44.0,,,,True,QUEUE-000000213,PROC-QCS-92010F32B162,VAL-C62B370EC6C3,2D-3B-1.0.0,2026-07-26 08:37:02.172746,
QUEUE-000000214,HOSP-001,DEPT-DIAG,2026-08-02,2026-08-02,2026-08,Registration,62,62,0,41.7,42.0,,,,True,QUEUE-000000214,PROC-QCS-92010F32B162,VAL-C62B370EC6C3,2D-3B-1.0.0,2026-07-26 08:37:02.172746,
QUEUE-000000215,HOSP-001,DEPT-DIAG,2026-08-03,2026-08-03,2026-08,Billing,59,58,1,39.9,39.5,,,,True,QUEUE-000000215,PROC-QCS-92010F32B162,VAL-C62B370EC6C3,2D-3B-1.0.0,2026-07-26 08:37:02.172746,
QUEUE-000000216,HOSP-001,DEPT-DIAG,2026-08-04,2026-08-04,2026-08,Triage,55,53,2,39.8,46.0,,,,True,QUEUE-000000216,PROC-QCS-92010F32B162,VAL-C62B370EC6C3,2D-3B-1.0.0,2026-07-26 08:37:02.172746,
QUEUE-000000217,HOSP-001,DEPT-DIAG,2026-08-05,2026-08-05,2026-08,Registration,61,61,0,40.9,41.0,,,,True,QUEUE-000000217,PROC-QCS-92010F32B162,VAL-C62B370EC6C3,2D-3B-1.0.0,2026-07-26 08:37:02.172746,
QUEUE-000000218,HOSP-001,DEPT-DIAG,2026-08-06,2026-08-06,2026-08,Triage,61,60,1,37.6,42.0,,,,True,QUEUE-000000218,PROC-QCS-92010F32B162,VAL-C62B370EC6C3,2D-3B-1.0.0,2026-07-26 08:37:02.172746,
QUEUE-000000219,HOSP-001,DEPT-DIAG,2026-08-07,2026-08-07,2026-08,Radiology,52,50,2,37.2,38.0,,,,True,QUEUE-000000219,PROC-QCS-92010F32B162,VAL-C62B370EC6C3,2D-3B-1.0.0,2026-07-26 08:37:02.172746,
QUEUE-000000220,HOSP-001,DEPT-DIAG,2026-08-08,2026-08-08,2026-08,Registration,58,56,2,43.6,46.0,,,,True,QUEUE-000000220,PROC-QCS-92010F32B162,VAL-C62B370EC6C3,2D-3B-1.0.0,2026-07-26 08:37:02.172746,
QUEUE-000000221,HOSP-001,DEPT-DIAG,2026-08-09,2026-08-09,2026-08,Triage,38,36,2,46.8,49.5,,,,True,QUEUE-000000221,PROC-QCS-92010F32B162,VAL-C62B370EC6C3,2D-3B-1.0.0,2026-07-26 08:37:02.172746,
QUEUE-000000222,HOSP-001,DEPT-DIAG,2026-08-10,2026-08-10,2026-08,Pharmacy,57,55,2,42.9,46.0,,,,True,QUEUE-000000222,PROC-QCS-92010F32B162,VAL-C62B370EC6C3,2D-3B-1.0.0,2026-07-26 08:37:02.172746,
QUEUE-000000223,HOSP-001,DEPT-DIAG,2026-08-11,2026-08-11,2026-08,Consultation,57,57,0,40.1,38.0,,,,True,QUEUE-000000223,PROC-QCS-92010F32B162,VAL-C62B370EC6C3,2D-3B-1.0.0,2026-07-26 08:37:02.172746,
QUEUE-000000224,HOSP-001,DEPT-DIAG,2026-08-12,2026-08-12,2026-08,Pharmacy,64,63,1,39.6,38.0,,,,True,QUEUE-000000224,PROC-QCS-92010F32B162,VAL-C62B370EC6C3,2D-3B-1.0.0,2026-07-26 08:37:02.172746,
QUEUE-000000225,HOSP-001,DEPT-DIAG,2026-08-13,2026-08-13,2026-08,Registration,40,39,1,36.7,36.0,,,,True,QUEUE-000000225,PROC-QCS-92010F32B162,VAL-C62B370EC6C3,2D-3B-1.0.0,2026-07-26 08:37:02.172746,
QUEUE-000000226,HOSP-001,DEPT-DIAG,2026-08-14,2026-08-14,2026-08,Registration,62,59,3,40.9,45.0,,,,True,QUEUE-000000226,PROC-QCS-92010F32B162,VAL-C62B370EC6C3,2D-3B-1.0.0,2026-07-26 08:37:02.172746,
QUEUE-000000227,HOSP-001,DEPT-DIAG,2026-08-15,2026-08-15,2026-08,Pharmacy,49,47,2,36.9,37.0,,,,True,QUEUE-000000227,PROC-QCS-92010F32B162,VAL-C62B370EC6C3,2D-3B-1.0.0,2026-07-26 08:37:02.172746,
QUEUE-000000228,HOSP-001,DEPT-DIAG,2026-08-16,2026-08-16,2026-08,Radiology,58,53,5,40.2,40.0,,,,True,QUEUE-000000228,PROC-QCS-92010F32B162,VAL-C62B370EC6C3,2D-3B-1.0.0,2026-07-26 08:37:02.172746,
QUEUE-000000229,HOSP-001,DEPT-DIAG,2026-08-17,2026-08-17,2026-08,Pharmacy,37,36,1,38.5,41.0,,,,True,QUEUE-000000229,PROC-QCS-92010F32B162,VAL-C62B370EC6C3,2D-3B-1.0.0,2026-07-26 08:37:02.172746,
QUEUE-000000230,HOSP-001,DEPT-DIAG,2026-08-18,2026-08-18,2026-08,Pharmacy,57,56,1,37.9,39.0,,,,True,QUEUE-000000230,PROC-QCS-92010F32B162,VAL-C62B370EC6C3,2D-3B-1.0.0,2026-07-26 08:37:02.172746,
QUEUE-000000231,HOSP-001,DEPT-DIAG,2026-08-19,2026-08-19,2026-08,Registration,51,46,5,39.2,43.0,,,,True,QUEUE-000000231,PROC-QCS-92010F32B162,VAL-C62B370EC6C3,2D-3B-1.0.0,2026-07-26 08:37:02.172746,
QUEUE-000000232,HOSP-001,DEPT-DIAG,2026-08-20,2026-08-20,2026-08,Radiology,63,61,2,40.9,45.0,,,,True,QUEUE-000000232,PROC-QCS-92010F32B162,VAL-C62B370EC6C3,2D-3B-1.0.0,2026-07-26 08:37:02.172746,
QUEUE-000000233,HOSP-001,DEPT-DIAG,2026-08-21,2026-08-21,2026-08,Billing,59,56,3,42.3,43.0,,,,True,QUEUE-000000233,PROC-QCS-92010F32B162,VAL-C62B370EC6C3,2D-3B-1.0.0,2026-07-26 08:37:02.172746,
QUEUE-000000234,HOSP-001,DEPT-DIAG,2026-08-22,2026-08-22,2026-08,Triage,67,63,4,43.8,42.0,,,,True,QUEUE-000000234,PROC-QCS-92010F32B162,VAL-C62B370EC6C3,2D-3B-1.0.0,2026-07-26 08:37:02.172746,
QUEUE-000000235,HOSP-001,DEPT-DIAG,2026-08-23,2026-08-23,2026-08,Radiology,60,60,0,45.2,45.0,,,,True,QUEUE-000000235,PROC-QCS-92010F32B162,VAL-C62B370EC6C3,2D-3B-1.0.0,2026-07-26 08:37:02.172746,
QUEUE-000000236,HOSP-001,DEPT-DIAG,2026-08-24,2026-08-24,2026-08,Pharmacy,58,55,3,45.8,47.0,,,,True,QUEUE-000000236,PROC-QCS-92010F32B162,VAL-C62B370EC6C3,2D-3B-1.0.0,2026-07-26 08:37:02.172746,
QUEUE-000000237,HOSP-001,DEPT-DIAG,2026-08-25,2026-08-25,2026-08,Consultation,55,55,0,36.6,38.0,,,,True,QUEUE-000000237,PROC-QCS-92010F32B162,VAL-C62B370EC6C3,2D-3B-1.0.0,2026-07-26 08:37:02.172746,
QUEUE-000000238,HOSP-001,DEPT-DIAG,2026-08-26,2026-08-26,2026-08,Radiology,52,48,4,41.0,42.0,,,,True,QUEUE-000000238,PROC-QCS-92010F32B162,VAL-C62B370EC6C3,2D-3B-1.0.0,2026-07-26 08:37:02.172746,
QUEUE-000000239,HOSP-001,DEPT-DIAG,2026-08-27,2026-08-27,2026-08,Billing,42,41,1,34.8,30.0,,,,True,QUEUE-000000239,PROC-QCS-92010F32B162,VAL-C62B370EC6C3,2D-3B-1.0.0,2026-07-26 08:37:02.172746,
QUEUE-000000240,HOSP-001,DEPT-DIAG,2026-08-28,2026-08-28,2026-08,Pharmacy,60,58,2,36.8,34.0,,,,True,QUEUE-000000240,PROC-QCS-92010F32B162,VAL-C62B370EC6C3,2D-3B-1.0.0,2026-07-26 08:37:02.172746,
QUEUE-000000241,HOSP-001,DEPT-DIAG,2026-08-29,2026-08-29,2026-08,Triage,54,53,1,43.4,47.0,,,,True,QUEUE-000000241,PROC-QCS-92010F32B162,VAL-C62B370EC6C3,2D-3B-1.0.0,2026-07-26 08:37:02.172746,
QUEUE-000000242,HOSP-001,DEPT-DIAG,2026-08-30,2026-08-30,2026-08,Radiology,48,47,1,46.1,46.0,,,,True,QUEUE-000000242,PROC-QCS-92010F32B162,VAL-C62B370EC6C3,2D-3B-1.0.0,2026-07-26 08:37:02.172746,
QUEUE-000000243,HOSP-001,DEPT-DIAG,2026-08-31,2026-08-31,2026-08,Pharmacy,54,53,1,43.4,45.0,,,,True,QUEUE-000000243,PROC-QCS-92010F32B162,VAL-C62B370EC6C3,2D-3B-1.0.0,2026-07-26 08:37:02.172746,
QUEUE-000000244,HOSP-001,DEPT-DIAG,2026-09-01,2026-09-01,2026-09,Triage,34,33,1,39.5,39.0,,,,True,QUEUE-000000244,PROC-QCS-92010F32B162,VAL-C62B370EC6C3,2D-3B-1.0.0,2026-07-26 08:37:02.172746,
QUEUE-000000245,HOSP-001,DEPT-DIAG,2026-09-02,2026-09-02,2026-09,Consultation,48,48,0,40.7,40.0,,,,True,QUEUE-000000245,PROC-QCS-92010F32B162,VAL-C62B370EC6C3,2D-3B-1.0.0,2026-07-26 08:37:02.172746,
QUEUE-000000246,HOSP-001,DEPT-DIAG,2026-09-03,2026-09-03,2026-09,Pharmacy,65,63,2,40.8,40.0,,,,True,QUEUE-000000246,PROC-QCS-92010F32B162,VAL-C62B370EC6C3,2D-3B-1.0.0,2026-07-26 08:37:02.172746,
QUEUE-000000247,HOSP-001,DEPT-DIAG,2026-09-04,2026-09-04,2026-09,Registration,40,39,1,36.9,40.0,,,,True,QUEUE-000000247,PROC-QCS-92010F32B162,VAL-C62B370EC6C3,2D-3B-1.0.0,2026-07-26 08:37:02.172746,
QUEUE-000000248,HOSP-001,DEPT-DIAG,2026-09-05,2026-09-05,2026-09,Pharmacy,53,52,1,39.7,43.0,,,,True,QUEUE-000000248,PROC-QCS-92010F32B162,VAL-C62B370EC6C3,2D-3B-1.0.0,2026-07-26 08:37:02.172746,
QUEUE-000000249,HOSP-001,DEPT-DIAG,2026-09-06,2026-09-06,2026-09,Pharmacy,50,48,2,37.5,38.0,,,,True,QUEUE-000000249,PROC-QCS-92010F32B162,VAL-C62B370EC6C3,2D-3B-1.0.0,2026-07-26 08:37:02.172746,
QUEUE-000000250,HOSP-001,DEPT-DIAG,2026-09-07,2026-09-07,2026-09,Billing,54,52,2,37.8,36.0,,,,True,QUEUE-000000250,PROC-QCS-92010F32B162,VAL-C62B370EC6C3,2D-3B-1.0.0,2026-07-26 08:37:02.172746,
QUEUE-000000251,HOSP-001,DEPT-DIAG,2026-09-08,2026-09-08,2026-09,Triage,68,68,0,42.5,44.0,,,,True,QUEUE-000000251,PROC-QCS-92010F32B162,VAL-C62B370EC6C3,2D-3B-1.0.0,2026-07-26 08:37:02.172746,
QUEUE-000000252,HOSP-001,DEPT-DIAG,2026-09-09,2026-09-09,2026-09,Billing,52,52,0,38.0,41.0,,,,True,QUEUE-000000252,PROC-QCS-92010F32B162,VAL-C62B370EC6C3,2D-3B-1.0.0,2026-07-26 08:37:02.172746,
QUEUE-000000253,HOSP-001,DEPT-DIAG,2026-09-10,2026-09-10,2026-09,Triage,55,54,1,42.3,44.5,,,,True,QUEUE-000000253,PROC-QCS-92010F32B162,VAL-C62B370EC6C3,2D-3B-1.0.0,2026-07-26 08:37:02.172746,
QUEUE-000000254,HOSP-001,DEPT-DIAG,2026-09-11,2026-09-11,2026-09,Consultation,58,57,1,37.6,40.0,,,,True,QUEUE-000000254,PROC-QCS-92010F32B162,VAL-C62B370EC6C3,2D-3B-1.0.0,2026-07-26 08:37:02.172746,
QUEUE-000000255,HOSP-001,DEPT-DIAG,2026-09-12,2026-09-12,2026-09,Billing,53,53,0,38.8,42.0,,,,True,QUEUE-000000255,PROC-QCS-92010F32B162,VAL-C62B370EC6C3,2D-3B-1.0.0,2026-07-26 08:37:02.172746,
QUEUE-000000256,HOSP-001,DEPT-DIAG,2026-09-13,2026-09-13,2026-09,Triage,54,54,0,43.1,43.0,,,,True,QUEUE-000000256,PROC-QCS-92010F32B162,VAL-C62B370EC6C3,2D-3B-1.0.0,2026-07-26 08:37:02.172746,
QUEUE-000000257,HOSP-001,DEPT-DIAG,2026-09-14,2026-09-14,2026-09,Radiology,50,48,2,34.7,33.5,,,,True,QUEUE-000000257,PROC-QCS-92010F32B162,VAL-C62B370EC6C3,2D-3B-1.0.0,2026-07-26 08:37:02.172746,
QUEUE-000000258,HOSP-001,DEPT-DIAG,2026-09-15,2026-09-15,2026-09,Pharmacy,47,47,0,38.6,38.0,,,,True,QUEUE-000000258,PROC-QCS-92010F32B162,VAL-C62B370EC6C3,2D-3B-1.0.0,2026-07-26 08:37:02.172746,
QUEUE-000000259,HOSP-001,DEPT-DIAG,2026-09-16,2026-09-16,2026-09,Registration,61,60,1,38.7,40.5,,,,True,QUEUE-000000259,PROC-QCS-92010F32B162,VAL-C62B370EC6C3,2D-3B-1.0.0,2026-07-26 08:37:02.172746,
QUEUE-000000260,HOSP-001,DEPT-DIAG,2026-09-17,2026-09-17,2026-09,Pharmacy,57,57,0,38.2,36.0,,,,True,QUEUE-000000260,PROC-QCS-92010F32B162,VAL-C62B370EC6C3,2D-3B-1.0.0,2026-07-26 08:37:02.172746,
QUEUE-000000261,HOSP-001,DEPT-DIAG,2026-09-18,2026-09-18,2026-09,Consultation,51,51,0,38.4,36.0,,,,True,QUEUE-000000261,PROC-QCS-92010F32B162,VAL-C62B370EC6C3,2D-3B-1.0.0,2026-07-26 08:37:02.172746,
QUEUE-000000262,HOSP-001,DEPT-DIAG,2026-09-19,2026-09-19,2026-09,Triage,51,49,2,39.0,43.0,,,,True,QUEUE-000000262,PROC-QCS-92010F32B162,VAL-C62B370EC6C3,2D-3B-1.0.0,2026-07-26 08:37:02.172746,
QUEUE-000000263,HOSP-001,DEPT-DIAG,2026-09-20,2026-09-20,2026-09,Radiology,56,56,0,42.5,39.0,,,,True,QUEUE-000000263,PROC-QCS-92010F32B162,VAL-C62B370EC6C3,2D-3B-1.0.0,2026-07-26 08:37:02.172746,
QUEUE-000000264,HOSP-001,DEPT-DIAG,2026-09-21,2026-09-21,2026-09,Registration,63,62,1,39.2,39.0,,,,True,QUEUE-000000264,PROC-QCS-92010F32B162,VAL-C62B370EC6C3,2D-3B-1.0.0,2026-07-26 08:37:02.172746,
QUEUE-000000265,HOSP-001,DEPT-DIAG,2026-09-22,2026-09-22,2026-09,Registration,47,45,2,36.2,36.0,,,,True,QUEUE-000000265,PROC-QCS-92010F32B162,VAL-C62B370EC6C3,2D-3B-1.0.0,2026-07-26 08:37:02.172746,
QUEUE-000000266,HOSP-001,DEPT-DIAG,2026-09-23,2026-09-23,2026-09,Registration,49,47,2,41.2,44.0,,,,True,QUEUE-000000266,PROC-QCS-92010F32B162,VAL-C62B370EC6C3,2D-3B-1.0.0,2026-07-26 08:37:02.172746,
QUEUE-000000267,HOSP-001,DEPT-DIAG,2026-09-24,2026-09-24,2026-09,Consultation,52,52,0,42.6,45.5,,,,True,QUEUE-000000267,PROC-QCS-92010F32B162,VAL-C62B370EC6C3,2D-3B-1.0.0,2026-07-26 08:37:02.172746,
QUEUE-000000268,HOSP-001,DEPT-DIAG,2026-09-25,2026-09-25,2026-09,Triage,42,42,0,38.7,40.0,,,,True,QUEUE-000000268,PROC-QCS-92010F32B162,VAL-C62B370EC6C3,2D-3B-1.0.0,2026-07-26 08:37:02.172746,
QUEUE-000000269,HOSP-001,DEPT-DIAG,2026-09-26,2026-09-26,2026-09,Billing,52,50,2,41.3,44.0,,,,True,QUEUE-000000269,PROC-QCS-92010F32B162,VAL-C62B370EC6C3,2D-3B-1.0.0,2026-07-26 08:37:02.172746,
QUEUE-000000270,HOSP-001,DEPT-DIAG,2026-09-27,2026-09-27,2026-09,Triage,52,51,1,38.0,37.0,,,,True,QUEUE-000000270,PROC-QCS-92010F32B162,VAL-C62B370EC6C3,2D-3B-1.0.0,2026-07-26 08:37:02.172746,
QUEUE-000000271,HOSP-001,DEPT-DIAG,2026-09-28,2026-09-28,2026-09,Radiology,56,55,1,41.9,39.0,,,,True,QUEUE-000000271,PROC-QCS-92010F32B162,VAL-C62B370EC6C3,2D-3B-1.0.0,2026-07-26 08:37:02.172746,
QUEUE-000000272,HOSP-001,DEPT-DIAG,2026-09-29,2026-09-29,2026-09,Billing,60,58,2,43.1,46.5,,,,True,QUEUE-000000272,PROC-QCS-92010F32B162,VAL-C62B370EC6C3,2D-3B-1.0.0,2026-07-26 08:37:02.172746,
QUEUE-000000273,HOSP-001,DEPT-DIAG,2026-09-30,2026-09-30,2026-09,Consultation,71,69,2,39.2,39.0,,,,True,QUEUE-000000273,PROC-QCS-92010F32B162,VAL-C62B370EC6C3,2D-3B-1.0.0,2026-07-26 08:37:02.172746,
QUEUE-000000274,HOSP-001,DEPT-DIAG,2026-10-01,2026-10-01,2026-10,Triage,54,52,2,45.8,46.0,,,,True,QUEUE-000000274,PROC-QCS-92010F32B162,VAL-C62B370EC6C3,2D-3B-1.0.0,2026-07-26 08:37:02.172746,
QUEUE-000000275,HOSP-001,DEPT-DIAG,2026-10-02,2026-10-02,2026-10,Registration,33,33,0,43.5,45.0,,,,True,QUEUE-000000275,PROC-QCS-92010F32B162,VAL-C62B370EC6C3,2D-3B-1.0.0,2026-07-26 08:37:02.172746,
QUEUE-000000276,HOSP-001,DEPT-DIAG,2026-10-03,2026-10-03,2026-10,Consultation,42,41,1,35.6,36.0,,,,True,QUEUE-000000276,PROC-QCS-92010F32B162,VAL-C62B370EC6C3,2D-3B-1.0.0,2026-07-26 08:37:02.172746,
QUEUE-000000277,HOSP-001,DEPT-DIAG,2026-10-04,2026-10-04,2026-10,Triage,61,60,1,43.0,46.0,,,,True,QUEUE-000000277,PROC-QCS-92010F32B162,VAL-C62B370EC6C3,2D-3B-1.0.0,2026-07-26 08:37:02.172746,
QUEUE-000000278,HOSP-001,DEPT-DIAG,2026-10-05,2026-10-05,2026-10,Pharmacy,54,54,0,39.8,43.0,,,,True,QUEUE-000000278,PROC-QCS-92010F32B162,VAL-C62B370EC6C3,2D-3B-1.0.0,2026-07-26 08:37:02.172746,
QUEUE-000000279,HOSP-001,DEPT-DIAG,2026-10-06,2026-10-06,2026-10,Triage,66,63,3,43.6,46.0,,,,True,QUEUE-000000279,PROC-QCS-92010F32B162,VAL-C62B370EC6C3,2D-3B-1.0.0,2026-07-26 08:37:02.172746,
QUEUE-000000280,HOSP-001,DEPT-DIAG,2026-10-07,2026-10-07,2026-10,Triage,46,45,1,38.6,41.0,,,,True,QUEUE-000000280,PROC-QCS-92010F32B162,VAL-C62B370EC6C3,2D-3B-1.0.0,2026-07-26 08:37:02.172746,
QUEUE-000000281,HOSP-001,DEPT-DIAG,2026-10-08,2026-10-08,2026-10,Registration,57,56,1,37.5,39.0,,,,True,QUEUE-000000281,PROC-QCS-92010F32B162,VAL-C62B370EC6C3,2D-3B-1.0.0,2026-07-26 08:37:02.172746,
QUEUE-000000282,HOSP-001,DEPT-DIAG,2026-10-09,2026-10-09,2026-10,Consultation,46,45,1,38.5,36.0,,,,True,QUEUE-000000282,PROC-QCS-92010F32B162,VAL-C62B370EC6C3,2D-3B-1.0.0,2026-07-26 08:37:02.172746,
QUEUE-000000283,HOSP-001,DEPT-DIAG,2026-10-10,2026-10-10,2026-10,Consultation,46,45,1,42.2,43.0,,,,True,QUEUE-000000283,PROC-QCS-92010F32B162,VAL-C62B370EC6C3,2D-3B-1.0.0,2026-07-26 08:37:02.172746,
QUEUE-000000284,HOSP-001,DEPT-DIAG,2026-10-11,2026-10-11,2026-10,Consultation,62,60,2,42.0,38.0,,,,True,QUEUE-000000284,PROC-QCS-92010F32B162,VAL-C62B370EC6C3,2D-3B-1.0.0,2026-07-26 08:37:02.172746,
QUEUE-000000285,HOSP-001,DEPT-DIAG,2026-10-12,2026-10-12,2026-10,Radiology,47,45,2,38.2,37.0,,,,True,QUEUE-000000285,PROC-QCS-92010F32B162,VAL-C62B370EC6C3,2D-3B-1.0.0,2026-07-26 08:37:02.172746,
QUEUE-000000286,HOSP-001,DEPT-DIAG,2026-10-13,2026-10-13,2026-10,Pharmacy,45,44,1,44.2,45.0,,,,True,QUEUE-000000286,PROC-QCS-92010F32B162,VAL-C62B370EC6C3,2D-3B-1.0.0,2026-07-26 08:37:02.172746,
QUEUE-000000287,HOSP-001,DEPT-DIAG,2026-10-14,2026-10-14,2026-10,Radiology,39,38,1,40.7,43.0,,,,True,QUEUE-000000287,PROC-QCS-92010F32B162,VAL-C62B370EC6C3,2D-3B-1.0.0,2026-07-26 08:37:02.172746,
QUEUE-000000288,HOSP-001,DEPT-DIAG,2026-10-15,2026-10-15,2026-10,Radiology,44,44,0,37.5,36.5,,,,True,QUEUE-000000288,PROC-QCS-92010F32B162,VAL-C62B370EC6C3,2D-3B-1.0.0,2026-07-26 08:37:02.172746,
QUEUE-000000289,HOSP-001,DEPT-DIAG,2026-10-16,2026-10-16,2026-10,Pharmacy,48,48,0,43.0,43.5,,,,True,QUEUE-000000289,PROC-QCS-92010F32B162,VAL-C62B370EC6C3,2D-3B-1.0.0,2026-07-26 08:37:02.172746,
QUEUE-000000290,HOSP-001,DEPT-DIAG,2026-10-17,2026-10-17,2026-10,Billing,69,68,1,40.7,44.0,,,,True,QUEUE-000000290,PROC-QCS-92010F32B162,VAL-C62B370EC6C3,2D-3B-1.0.0,2026-07-26 08:37:02.172746,
QUEUE-000000291,HOSP-001,DEPT-DIAG,2026-10-18,2026-10-18,2026-10,Billing,66,61,5,40.1,42.0,,,,True,QUEUE-000000291,PROC-QCS-92010F32B162,VAL-C62B370EC6C3,2D-3B-1.0.0,2026-07-26 08:37:02.172746,
QUEUE-000000292,HOSP-001,DEPT-DIAG,2026-10-19,2026-10-19,2026-10,Billing,47,47,0,43.3,46.0,,,,True,QUEUE-000000292,PROC-QCS-92010F32B162,VAL-C62B370EC6C3,2D-3B-1.0.0,2026-07-26 08:37:02.172746,
QUEUE-000000293,HOSP-001,DEPT-DIAG,2026-10-20,2026-10-20,2026-10,Billing,51,49,2,39.0,37.0,,,,True,QUEUE-000000293,PROC-QCS-92010F32B162,VAL-C62B370EC6C3,2D-3B-1.0.0,2026-07-26 08:37:02.172746,
QUEUE-000000294,HOSP-001,DEPT-DIAG,2026-10-21,2026-10-21,2026-10,Radiology,55,54,1,36.2,37.0,,,,True,QUEUE-000000294,PROC-QCS-92010F32B162,VAL-C62B370EC6C3,2D-3B-1.0.0,2026-07-26 08:37:02.172746,
QUEUE-000000295,HOSP-001,DEPT-DIAG,2026-10-22,2026-10-22,2026-10,Radiology,56,52,4,41.9,41.0,,,,True,QUEUE-000000295,PROC-QCS-92010F32B162,VAL-C62B370EC6C3,2D-3B-1.0.0,2026-07-26 08:37:02.172746,
QUEUE-000000296,HOSP-001,DEPT-DIAG,2026-10-23,2026-10-23,2026-10,Registration,40,39,1,38.9,41.0,,,,True,QUEUE-000000296,PROC-QCS-92010F32B162,VAL-C62B370EC6C3,2D-3B-1.0.0,2026-07-26 08:37:02.172746,
QUEUE-000000297,HOSP-001,DEPT-DIAG,2026-10-24,2026-10-24,2026-10,Consultation,68,64,4,40.9,42.5,,,,True,QUEUE-000000297,PROC-QCS-92010F32B162,VAL-C62B370EC6C3,2D-3B-1.0.0,2026-07-26 08:37:02.172746,
QUEUE-000000298,HOSP-001,DEPT-DIAG,2026-10-25,2026-10-25,2026-10,Pharmacy,50,50,0,38.2,36.5,,,,True,QUEUE-000000298,PROC-QCS-92010F32B162,VAL-C62B370EC6C3,2D-3B-1.0.0,2026-07-26 08:37:02.172746,
QUEUE-000000299,HOSP-001,DEPT-DIAG,2026-10-26,2026-10-26,2026-10,Consultation,58,55,3,39.0,42.0,,,,True,QUEUE-000000299,PROC-QCS-92010F32B162,VAL-C62B370EC6C3,2D-3B-1.0.0,2026-07-26 08:37:02.172746,
QUEUE-000000300,HOSP-001,DEPT-DIAG,2026-10-27,2026-10-27,2026-10,Registration,59,57,2,42.0,39.0,,,,True,QUEUE-000000300,PROC-QCS-92010F32B162,VAL-C62B370EC6C3,2D-3B-1.0.0,2026-07-26 08:37:02.172746,
QUEUE-000000301,HOSP-001,DEPT-DIAG,2026-10-28,2026-10-28,2026-10,Consultation,58,57,1,40.5,38.0,,,,True,QUEUE-000000301,PROC-QCS-92010F32B162,VAL-C62B370EC6C3,2D-3B-1.0.0,2026-07-26 08:37:02.172746,
QUEUE-000000302,HOSP-001,DEPT-DIAG,2026-10-29,2026-10-29,2026-10,Radiology,52,50,2,41.7,43.5,,,,True,QUEUE-000000302,PROC-QCS-92010F32B162,VAL-C62B370EC6C3,2D-3B-1.0.0,2026-07-26 08:37:02.172746,
QUEUE-000000303,HOSP-001,DEPT-DIAG,2026-10-30,2026-10-30,2026-10,Billing,47,45,2,39.9,43.0,,,,True,QUEUE-000000303,PROC-QCS-92010F32B162,VAL-C62B370EC6C3,2D-3B-1.0.0,2026-07-26 08:37:02.172746,
QUEUE-000000304,HOSP-001,DEPT-DIAG,2026-10-31,2026-10-31,2026-10,Pharmacy,59,59,0,40.1,41.0,,,,True,QUEUE-000000304,PROC-QCS-92010F32B162,VAL-C62B370EC6C3,2D-3B-1.0.0,2026-07-26 08:37:02.172746,
QUEUE-000000305,HOSP-001,DEPT-DIAG,2026-11-01,2026-11-01,2026-11,Billing,65,63,2,40.7,40.0,,,,True,QUEUE-000000305,PROC-QCS-92010F32B162,VAL-C62B370EC6C3,2D-3B-1.0.0,2026-07-26 08:37:02.172746,
QUEUE-000000306,HOSP-001,DEPT-DIAG,2026-11-02,2026-11-02,2026-11,Consultation,53,53,0,36.8,37.0,,,,True,QUEUE-000000306,PROC-QCS-92010F32B162,VAL-C62B370EC6C3,2D-3B-1.0.0,2026-07-26 08:37:02.172746,
QUEUE-000000307,HOSP-001,DEPT-DIAG,2026-11-03,2026-11-03,2026-11,Consultation,37,37,0,43.1,46.0,,,,True,QUEUE-000000307,PROC-QCS-92010F32B162,VAL-C62B370EC6C3,2D-3B-1.0.0,2026-07-26 08:37:02.172746,
QUEUE-000000308,HOSP-001,DEPT-DIAG,2026-11-04,2026-11-04,2026-11,Consultation,47,47,0,39.1,39.0,,,,True,QUEUE-000000308,PROC-QCS-92010F32B162,VAL-C62B370EC6C3,2D-3B-1.0.0,2026-07-26 08:37:02.172746,
QUEUE-000000309,HOSP-001,DEPT-DIAG,2026-11-05,2026-11-05,2026-11,Radiology,50,50,0,39.6,37.5,,,,True,QUEUE-000000309,PROC-QCS-92010F32B162,VAL-C62B370EC6C3,2D-3B-1.0.0,2026-07-26 08:37:02.172746,
QUEUE-000000310,HOSP-001,DEPT-DIAG,2026-11-06,2026-11-06,2026-11,Triage,43,43,0,37.0,42.0,,,,True,QUEUE-000000310,PROC-QCS-92010F32B162,VAL-C62B370EC6C3,2D-3B-1.0.0,2026-07-26 08:37:02.172746,
QUEUE-000000311,HOSP-001,DEPT-DIAG,2026-11-07,2026-11-07,2026-11,Registration,57,56,1,37.1,37.5,,,,True,QUEUE-000000311,PROC-QCS-92010F32B162,VAL-C62B370EC6C3,2D-3B-1.0.0,2026-07-26 08:37:02.172746,
QUEUE-000000312,HOSP-001,DEPT-DIAG,2026-11-08,2026-11-08,2026-11,Triage,58,57,1,38.4,40.0,,,,True,QUEUE-000000312,PROC-QCS-92010F32B162,VAL-C62B370EC6C3,2D-3B-1.0.0,2026-07-26 08:37:02.172746,
QUEUE-000000313,HOSP-001,DEPT-DIAG,2026-11-09,2026-11-09,2026-11,Triage,48,48,0,39.4,41.5,,,,True,QUEUE-000000313,PROC-QCS-92010F32B162,VAL-C62B370EC6C3,2D-3B-1.0.0,2026-07-26 08:37:02.172746,
QUEUE-000000314,HOSP-001,DEPT-DIAG,2026-11-10,2026-11-10,2026-11,Registration,59,58,1,38.3,36.0,,,,True,QUEUE-000000314,PROC-QCS-92010F32B162,VAL-C62B370EC6C3,2D-3B-1.0.0,2026-07-26 08:37:02.172746,
QUEUE-000000315,HOSP-001,DEPT-DIAG,2026-11-11,2026-11-11,2026-11,Pharmacy,49,49,0,37.7,35.0,,,,True,QUEUE-000000315,PROC-QCS-92010F32B162,VAL-C62B370EC6C3,2D-3B-1.0.0,2026-07-26 08:37:02.172746,
QUEUE-000000316,HOSP-001,DEPT-DIAG,2026-11-12,2026-11-12,2026-11,Radiology,67,63,4,37.3,35.0,,,,True,QUEUE-000000316,PROC-QCS-92010F32B162,VAL-C62B370EC6C3,2D-3B-1.0.0,2026-07-26 08:37:02.172746,
QUEUE-000000317,HOSP-001,DEPT-DIAG,2026-11-13,2026-11-13,2026-11,Registration,49,49,0,46.4,45.0,,,,True,QUEUE-000000317,PROC-QCS-92010F32B162,VAL-C62B370EC6C3,2D-3B-1.0.0,2026-07-26 08:37:02.172746,
QUEUE-000000318,HOSP-001,DEPT-DIAG,2026-11-14,2026-11-14,2026-11,Billing,62,58,4,39.2,41.0,,,,True,QUEUE-000000318,PROC-QCS-92010F32B162,VAL-C62B370EC6C3,2D-3B-1.0.0,2026-07-26 08:37:02.172746,
QUEUE-000000319,HOSP-001,DEPT-DIAG,2026-11-15,2026-11-15,2026-11,Billing,57,52,5,37.2,40.0,,,,True,QUEUE-000000319,PROC-QCS-92010F32B162,VAL-C62B370EC6C3,2D-3B-1.0.0,2026-07-26 08:37:02.172746,
QUEUE-000000320,HOSP-001,DEPT-DIAG,2026-11-16,2026-11-16,2026-11,Billing,51,51,0,39.4,38.0,,,,True,QUEUE-000000320,PROC-QCS-92010F32B162,VAL-C62B370EC6C3,2D-3B-1.0.0,2026-07-26 08:37:02.172746,
QUEUE-000000321,HOSP-001,DEPT-DIAG,2026-11-17,2026-11-17,2026-11,Radiology,51,50,1,42.1,44.0,,,,True,QUEUE-000000321,PROC-QCS-92010F32B162,VAL-C62B370EC6C3,2D-3B-1.0.0,2026-07-26 08:37:02.172746,
QUEUE-000000322,HOSP-001,DEPT-DIAG,2026-11-18,2026-11-18,2026-11,Billing,58,58,0,38.6,40.0,,,,True,QUEUE-000000322,PROC-QCS-92010F32B162,VAL-C62B370EC6C3,2D-3B-1.0.0,2026-07-26 08:37:02.172746,
QUEUE-000000323,HOSP-001,DEPT-DIAG,2026-11-19,2026-11-19,2026-11,Radiology,46,44,2,38.8,36.0,,,,True,QUEUE-000000323,PROC-QCS-92010F32B162,VAL-C62B370EC6C3,2D-3B-1.0.0,2026-07-26 08:37:02.172746,
QUEUE-000000324,HOSP-001,DEPT-DIAG,2026-11-20,2026-11-20,2026-11,Pharmacy,57,56,1,38.4,38.0,,,,True,QUEUE-000000324,PROC-QCS-92010F32B162,VAL-C62B370EC6C3,2D-3B-1.0.0,2026-07-26 08:37:02.172746,
QUEUE-000000325,HOSP-001,DEPT-DIAG,2026-11-21,2026-11-21,2026-11,Billing,49,48,1,43.5,45.5,,,,True,QUEUE-000000325,PROC-QCS-92010F32B162,VAL-C62B370EC6C3,2D-3B-1.0.0,2026-07-26 08:37:02.172746,
QUEUE-000000326,HOSP-001,DEPT-DIAG,2026-11-22,2026-11-22,2026-11,Billing,59,54,5,40.9,41.0,,,,True,QUEUE-000000326,PROC-QCS-92010F32B162,VAL-C62B370EC6C3,2D-3B-1.0.0,2026-07-26 08:37:02.172746,
QUEUE-000000327,HOSP-001,DEPT-DIAG,2026-11-23,2026-11-23,2026-11,Pharmacy,65,61,4,46.2,47.0,,,,True,QUEUE-000000327,PROC-QCS-92010F32B162,VAL-C62B370EC6C3,2D-3B-1.0.0,2026-07-26 08:37:02.172746,
QUEUE-000000328,HOSP-001,DEPT-DIAG,2026-11-24,2026-11-24,2026-11,Registration,60,55,5,40.0,37.0,,,,True,QUEUE-000000328,PROC-QCS-92010F32B162,VAL-C62B370EC6C3,2D-3B-1.0.0,2026-07-26 08:37:02.172746,
QUEUE-000000329,HOSP-001,DEPT-DIAG,2026-11-25,2026-11-25,2026-11,Pharmacy,50,49,1,39.5,42.0,,,,True,QUEUE-000000329,PROC-QCS-92010F32B162,VAL-C62B370EC6C3,2D-3B-1.0.0,2026-07-26 08:37:02.172746,
QUEUE-000000330,HOSP-001,DEPT-DIAG,2026-11-26,2026-11-26,2026-11,Radiology,62,58,4,39.5,37.5,,,,True,QUEUE-000000330,PROC-QCS-92010F32B162,VAL-C62B370EC6C3,2D-3B-1.0.0,2026-07-26 08:37:02.172746,
QUEUE-000000331,HOSP-001,DEPT-DIAG,2026-11-27,2026-11-27,2026-11,Radiology,43,42,1,44.8,47.0,,,,True,QUEUE-000000331,PROC-QCS-92010F32B162,VAL-C62B370EC6C3,2D-3B-1.0.0,2026-07-26 08:37:02.172746,
QUEUE-000000332,HOSP-001,DEPT-DIAG,2026-11-28,2026-11-28,2026-11,Radiology,42,42,0,36.3,34.5,,,,True,QUEUE-000000332,PROC-QCS-92010F32B162,VAL-C62B370EC6C3,2D-3B-1.0.0,2026-07-26 08:37:02.172746,
QUEUE-000000333,HOSP-001,DEPT-DIAG,2026-11-29,2026-11-29,2026-11,Pharmacy,50,49,1,38.2,38.0,,,,True,QUEUE-000000333,PROC-QCS-92010F32B162,VAL-C62B370EC6C3,2D-3B-1.0.0,2026-07-26 08:37:02.172746,
QUEUE-000000334,HOSP-001,DEPT-DIAG,2026-11-30,2026-11-30,2026-11,Consultation,49,49,0,43.8,43.0,,,,True,QUEUE-000000334,PROC-QCS-92010F32B162,VAL-C62B370EC6C3,2D-3B-1.0.0,2026-07-26 08:37:02.172746,
QUEUE-000000335,HOSP-001,DEPT-DIAG,2026-12-01,2026-12-01,2026-12,Consultation,52,49,3,34.8,36.0,,,,True,QUEUE-000000335,PROC-QCS-92010F32B162,VAL-C62B370EC6C3,2D-3B-1.0.0,2026-07-26 08:37:02.172746,
QUEUE-000000336,HOSP-001,DEPT-DIAG,2026-12-02,2026-12-02,2026-12,Pharmacy,66,65,1,39.1,42.0,,,,True,QUEUE-000000336,PROC-QCS-92010F32B162,VAL-C62B370EC6C3,2D-3B-1.0.0,2026-07-26 08:37:02.172746,
QUEUE-000000337,HOSP-001,DEPT-DIAG,2026-12-03,2026-12-03,2026-12,Registration,51,50,1,37.9,38.5,,,,True,QUEUE-000000337,PROC-QCS-92010F32B162,VAL-C62B370EC6C3,2D-3B-1.0.0,2026-07-26 08:37:02.172746,
QUEUE-000000338,HOSP-001,DEPT-DIAG,2026-12-04,2026-12-04,2026-12,Consultation,63,63,0,44.9,46.0,,,,True,QUEUE-000000338,PROC-QCS-92010F32B162,VAL-C62B370EC6C3,2D-3B-1.0.0,2026-07-26 08:37:02.172746,
QUEUE-000000339,HOSP-001,DEPT-DIAG,2026-12-05,2026-12-05,2026-12,Billing,44,42,2,38.6,40.5,,,,True,QUEUE-000000339,PROC-QCS-92010F32B162,VAL-C62B370EC6C3,2D-3B-1.0.0,2026-07-26 08:37:02.172746,
QUEUE-000000340,HOSP-001,DEPT-DIAG,2026-12-06,2026-12-06,2026-12,Registration,50,47,3,39.2,37.0,,,,True,QUEUE-000000340,PROC-QCS-92010F32B162,VAL-C62B370EC6C3,2D-3B-1.0.0,2026-07-26 08:37:02.172746,
QUEUE-000000341,HOSP-001,DEPT-DIAG,2026-12-07,2026-12-07,2026-12,Radiology,58,55,3,35.1,33.0,,,,True,QUEUE-000000341,PROC-QCS-92010F32B162,VAL-C62B370EC6C3,2D-3B-1.0.0,2026-07-26 08:37:02.172746,
QUEUE-000000342,HOSP-001,DEPT-DIAG,2026-12-08,2026-12-08,2026-12,Triage,56,53,3,39.6,40.0,,,,True,QUEUE-000000342,PROC-QCS-92010F32B162,VAL-C62B370EC6C3,2D-3B-1.0.0,2026-07-26 08:37:02.172746,
QUEUE-000000343,HOSP-001,DEPT-DIAG,2026-12-09,2026-12-09,2026-12,Pharmacy,50,47,3,39.8,42.0,,,,True,QUEUE-000000343,PROC-QCS-92010F32B162,VAL-C62B370EC6C3,2D-3B-1.0.0,2026-07-26 08:37:02.172746,
QUEUE-000000344,HOSP-001,DEPT-DIAG,2026-12-10,2026-12-10,2026-12,Pharmacy,56,54,2,42.4,40.0,,,,True,QUEUE-000000344,PROC-QCS-92010F32B162,VAL-C62B370EC6C3,2D-3B-1.0.0,2026-07-26 08:37:02.172746,
QUEUE-000000345,HOSP-001,DEPT-DIAG,2026-12-11,2026-12-11,2026-12,Registration,53,52,1,40.6,45.0,,,,True,QUEUE-000000345,PROC-QCS-92010F32B162,VAL-C62B370EC6C3,2D-3B-1.0.0,2026-07-26 08:37:02.172746,
QUEUE-000000346,HOSP-001,DEPT-DIAG,2026-12-12,2026-12-12,2026-12,Billing,61,61,0,39.0,38.0,,,,True,QUEUE-000000346,PROC-QCS-92010F32B162,VAL-C62B370EC6C3,2D-3B-1.0.0,2026-07-26 08:37:02.172746,
QUEUE-000000347,HOSP-001,DEPT-DIAG,2026-12-13,2026-12-13,2026-12,Radiology,64,60,4,42.5,45.0,,,,True,QUEUE-000000347,PROC-QCS-92010F32B162,VAL-C62B370EC6C3,2D-3B-1.0.0,2026-07-26 08:37:02.172746,
QUEUE-000000348,HOSP-001,DEPT-DIAG,2026-12-14,2026-12-14,2026-12,Triage,67,64,3,36.3,34.0,,,,True,QUEUE-000000348,PROC-QCS-92010F32B162,VAL-C62B370EC6C3,2D-3B-1.0.0,2026-07-26 08:37:02.172746,
QUEUE-000000349,HOSP-001,DEPT-DIAG,2026-12-15,2026-12-15,2026-12,Registration,72,70,2,37.0,38.5,,,,True,QUEUE-000000349,PROC-QCS-92010F32B162,VAL-C62B370EC6C3,2D-3B-1.0.0,2026-07-26 08:37:02.172746,
QUEUE-000000350,HOSP-001,DEPT-DIAG,2026-12-16,2026-12-16,2026-12,Consultation,58,57,1,43.9,44.0,,,,True,QUEUE-000000350,PROC-QCS-92010F32B162,VAL-C62B370EC6C3,2D-3B-1.0.0,2026-07-26 08:37:02.172746,
QUEUE-000000351,HOSP-001,DEPT-DIAG,2026-12-17,2026-12-17,2026-12,Triage,62,60,2,38.1,35.0,,,,True,QUEUE-000000351,PROC-QCS-92010F32B162,VAL-C62B370EC6C3,2D-3B-1.0.0,2026-07-26 08:37:02.172746,
QUEUE-000000352,HOSP-001,DEPT-DIAG,2026-12-18,2026-12-18,2026-12,Triage,52,52,0,38.8,39.0,,,,True,QUEUE-000000352,PROC-QCS-92010F32B162,VAL-C62B370EC6C3,2D-3B-1.0.0,2026-07-26 08:37:02.172746,
QUEUE-000000353,HOSP-001,DEPT-DIAG,2026-12-19,2026-12-19,2026-12,Registration,50,50,0,40.6,41.5,,,,True,QUEUE-000000353,PROC-QCS-92010F32B162,VAL-C62B370EC6C3,2D-3B-1.0.0,2026-07-26 08:37:02.172746,
QUEUE-000000354,HOSP-001,DEPT-DIAG,2026-12-20,2026-12-20,2026-12,Triage,70,67,3,38.7,40.0,,,,True,QUEUE-000000354,PROC-QCS-92010F32B162,VAL-C62B370EC6C3,2D-3B-1.0.0,2026-07-26 08:37:02.172746,
QUEUE-000000355,HOSP-001,DEPT-DIAG,2026-12-21,2026-12-21,2026-12,Pharmacy,46,46,0,42.4,43.0,,,,True,QUEUE-000000355,PROC-QCS-92010F32B162,VAL-C62B370EC6C3,2D-3B-1.0.0,2026-07-26 08:37:02.172746,
QUEUE-000000356,HOSP-001,DEPT-DIAG,2026-12-22,2026-12-22,2026-12,Radiology,54,53,1,39.6,42.0,,,,True,QUEUE-000000356,PROC-QCS-92010F32B162,VAL-C62B370EC6C3,2D-3B-1.0.0,2026-07-26 08:37:02.172746,
QUEUE-000000357,HOSP-001,DEPT-DIAG,2026-12-23,2026-12-23,2026-12,Billing,56,52,4,46.6,47.5,,,,True,QUEUE-000000357,PROC-QCS-92010F32B162,VAL-C62B370EC6C3,2D-3B-1.0.0,2026-07-26 08:37:02.172746,
QUEUE-000000358,HOSP-001,DEPT-DIAG,2026-12-24,2026-12-24,2026-12,Pharmacy,61,58,3,37.7,39.0,,,,True,QUEUE-000000358,PROC-QCS-92010F32B162,VAL-C62B370EC6C3,2D-3B-1.0.0,2026-07-26 08:37:02.172746,
QUEUE-000000359,HOSP-001,DEPT-DIAG,2026-12-25,2026-12-25,2026-12,Consultation,37,36,1,41.1,40.5,,,,True,QUEUE-000000359,PROC-QCS-92010F32B162,VAL-C62B370EC6C3,2D-3B-1.0.0,2026-07-26 08:37:02.172746,
QUEUE-000000360,HOSP-001,DEPT-DIAG,2026-12-26,2026-12-26,2026-12,Billing,45,44,1,41.5,45.0,,,,True,QUEUE-000000360,PROC-QCS-92010F32B162,VAL-C62B370EC6C3,2D-3B-1.0.0,2026-07-26 08:37:02.172746,
QUEUE-000000361,HOSP-001,DEPT-DIAG,2026-12-27,2026-12-27,2026-12,Pharmacy,56,54,2,41.1,46.5,,,,True,QUEUE-000000361,PROC-QCS-92010F32B162,VAL-C62B370EC6C3,2D-3B-1.0.0,2026-07-26 08:37:02.172746,
QUEUE-000000362,HOSP-001,DEPT-DIAG,2026-12-28,2026-12-28,2026-12,Registration,53,52,1,39.2,41.5,,,,True,QUEUE-000000362,PROC-QCS-92010F32B162,VAL-C62B370EC6C3,2D-3B-1.0.0,2026-07-26 08:37:02.172746,
QUEUE-000000363,HOSP-001,DEPT-DIAG,2026-12-29,2026-12-29,2026-12,Pharmacy,43,42,1,43.7,41.5,,,,True,QUEUE-000000363,PROC-QCS-92010F32B162,VAL-C62B370EC6C3,2D-3B-1.0.0,2026-07-26 08:37:02.172746,
QUEUE-000000364,HOSP-001,DEPT-DIAG,2026-12-30,2026-12-30,2026-12,Triage,48,47,1,39.3,41.0,,,,True,QUEUE-000000364,PROC-QCS-92010F32B162,VAL-C62B370EC6C3,2D-3B-1.0.0,2026-07-26 08:37:02.172746,
QUEUE-000000365,HOSP-001,DEPT-DIAG,2026-12-31,2026-12-31,2026-12,Radiology,56,51,5,41.6,39.0,,,,True,QUEUE-000000365,PROC-QCS-92010F32B162,VAL-C62B370EC6C3,2D-3B-1.0.0,2026-07-26 08:37:02.172746,
QUEUE-000000366,HOSP-001,DEPT-ED,2026-01-01,2026-01-01,2026-01,Billing,100,97,3,29.3,29.0,,,,True,QUEUE-000000366,PROC-QCS-92010F32B162,VAL-C62B370EC6C3,2D-3B-1.0.0,2026-07-26 08:37:02.172746,
QUEUE-000000367,HOSP-001,DEPT-ED,2026-01-02,2026-01-02,2026-01,Billing,81,80,1,34.2,36.5,,,,True,QUEUE-000000367,PROC-QCS-92010F32B162,VAL-C62B370EC6C3,2D-3B-1.0.0,2026-07-26 08:37:02.172746,
QUEUE-000000368,HOSP-001,DEPT-ED,2026-01-03,2026-01-03,2026-01,Radiology,92,89,3,33.3,34.0,,,,True,QUEUE-000000368,PROC-QCS-92010F32B162,VAL-C62B370EC6C3,2D-3B-1.0.0,2026-07-26 08:37:02.172746,
QUEUE-000000369,HOSP-001,DEPT-ED,2026-01-04,2026-01-04,2026-01,Registration,104,102,2,30.7,29.0,,,,True,QUEUE-000000369,PROC-QCS-92010F32B162,VAL-C62B370EC6C3,2D-3B-1.0.0,2026-07-26 08:37:02.172746,
QUEUE-000000370,HOSP-001,DEPT-ED,2026-01-05,2026-01-05,2026-01,Radiology,95,94,1,33.2,33.5,,,,True,QUEUE-000000370,PROC-QCS-92010F32B162,VAL-C62B370EC6C3,2D-3B-1.0.0,2026-07-26 08:37:02.172746,
QUEUE-000000371,HOSP-001,DEPT-ED,2026-01-06,2026-01-06,2026-01,Registration,91,88,3,30.4,32.5,,,,True,QUEUE-000000371,PROC-QCS-92010F32B162,VAL-C62B370EC6C3,2D-3B-1.0.0,2026-07-26 08:37:02.172746,
QUEUE-000000372,HOSP-001,DEPT-ED,2026-01-07,2026-01-07,2026-01,Billing,90,89,1,32.8,32.0,,,,True,QUEUE-000000372,PROC-QCS-92010F32B162,VAL-C62B370EC6C3,2D-3B-1.0.0,2026-07-26 08:37:02.172746,
QUEUE-000000373,HOSP-001,DEPT-ED,2026-01-08,2026-01-08,2026-01,Radiology,101,96,5,32.3,33.0,,,,True,QUEUE-000000373,PROC-QCS-92010F32B162,VAL-C62B370EC6C3,2D-3B-1.0.0,2026-07-26 08:37:02.172746,
QUEUE-000000374,HOSP-001,DEPT-ED,2026-01-09,2026-01-09,2026-01,Consultation,80,77,3,32.5,31.0,,,,True,QUEUE-000000374,PROC-QCS-92010F32B162,VAL-C62B370EC6C3,2D-3B-1.0.0,2026-07-26 08:37:02.172746,
QUEUE-000000375,HOSP-001,DEPT-ED,2026-01-10,2026-01-10,2026-01,Registration,103,97,6,32.1,33.0,,,,True,QUEUE-000000375,PROC-QCS-92010F32B162,VAL-C62B370EC6C3,2D-3B-1.0.0,2026-07-26 08:37:02.172746,
QUEUE-000000376,HOSP-001,DEPT-ED,2026-01-11,2026-01-11,2026-01,Registration,94,89,5,31.8,33.0,,,,True,QUEUE-000000376,PROC-QCS-92010F32B162,VAL-C62B370EC6C3,2D-3B-1.0.0,2026-07-26 08:37:02.172746,
QUEUE-000000377,HOSP-001,DEPT-ED,2026-01-12,2026-01-12,2026-01,Registration,113,112,1,32.4,33.0,,,,True,QUEUE-000000377,PROC-QCS-92010F32B162,VAL-C62B370EC6C3,2D-3B-1.0.0,2026-07-26 08:37:02.172746,
QUEUE-000000378,HOSP-001,DEPT-ED,2026-01-13,2026-01-13,2026-01,Consultation,105,96,9,33.1,33.5,,,,True,QUEUE-000000378,PROC-QCS-92010F32B162,VAL-C62B370EC6C3,2D-3B-1.0.0,2026-07-26 08:37:02.172746,
QUEUE-000000379,HOSP-001,DEPT-ED,2026-01-14,2026-01-14,2026-01,Radiology,78,77,1,34.5,36.0,,,,True,QUEUE-000000379,PROC-QCS-92010F32B162,VAL-C62B370EC6C3,2D-3B-1.0.0,2026-07-26 08:37:02.172746,
QUEUE-000000380,HOSP-001,DEPT-ED,2026-01-15,2026-01-15,2026-01,Radiology,86,83,3,34.3,35.0,,,,True,QUEUE-000000380,PROC-QCS-92010F32B162,VAL-C62B370EC6C3,2D-3B-1.0.0,2026-07-26 08:37:02.172746,
QUEUE-000000381,HOSP-001,DEPT-ED,2026-01-16,2026-01-16,2026-01,Billing,94,93,1,32.6,34.0,,,,True,QUEUE-000000381,PROC-QCS-92010F32B162,VAL-C62B370EC6C3,2D-3B-1.0.0,2026-07-26 08:37:02.172746,
QUEUE-000000382,HOSP-001,DEPT-ED,2026-01-17,2026-01-17,2026-01,Triage,86,80,6,34.2,35.0,,,,True,QUEUE-000000382,PROC-QCS-92010F32B162,VAL-C62B370EC6C3,2D-3B-1.0.0,2026-07-26 08:37:02.172746,
QUEUE-000000383,HOSP-001,DEPT-ED,2026-01-18,2026-01-18,2026-01,Triage,75,74,1,28.5,29.0,,,,True,QUEUE-000000383,PROC-QCS-92010F32B162,VAL-C62B370EC6C3,2D-3B-1.0.0,2026-07-26 08:37:02.172746,
QUEUE-000000384,HOSP-001,DEPT-ED,2026-01-19,2026-01-19,2026-01,Pharmacy,92,89,3,32.2,33.0,,,,True,QUEUE-000000384,PROC-QCS-92010F32B162,VAL-C62B370EC6C3,2D-3B-1.0.0,2026-07-26 08:37:02.172746,
QUEUE-000000385,HOSP-001,DEPT-ED,2026-01-20,2026-01-20,2026-01,Registration,99,98,1,31.6,34.0,,,,True,QUEUE-000000385,PROC-QCS-92010F32B162,VAL-C62B370EC6C3,2D-3B-1.0.0,2026-07-26 08:37:02.172746,
QUEUE-000000386,HOSP-001,DEPT-ED,2026-01-21,2026-01-21,2026-01,Consultation,122,120,2,30.5,30.0,,,,True,QUEUE-000000386,PROC-QCS-92010F32B162,VAL-C62B370EC6C3,2D-3B-1.0.0,2026-07-26 08:37:02.172746,
QUEUE-000000387,HOSP-001,DEPT-ED,2026-01-22,2026-01-22,2026-01,Billing,87,87,0,31.7,33.0,,,,True,QUEUE-000000387,PROC-QCS-92010F32B162,VAL-C62B370EC6C3,2D-3B-1.0.0,2026-07-26 08:37:02.172746,
QUEUE-000000388,HOSP-001,DEPT-ED,2026-01-23,2026-01-23,2026-01,Radiology,104,102,2,31.8,34.0,,,,True,QUEUE-000000388,PROC-QCS-92010F32B162,VAL-C62B370EC6C3,2D-3B-1.0.0,2026-07-26 08:37:02.172746,
QUEUE-000000389,HOSP-001,DEPT-ED,2026-01-24,2026-01-24,2026-01,Pharmacy,98,94,4,31.9,36.0,,,,True,QUEUE-000000389,PROC-QCS-92010F32B162,VAL-C62B370EC6C3,2D-3B-1.0.0,2026-07-26 08:37:02.172746,
QUEUE-000000390,HOSP-001,DEPT-ED,2026-01-25,2026-01-25,2026-01,Billing,99,98,1,32.5,34.0,,,,True,QUEUE-000000390,PROC-QCS-92010F32B162,VAL-C62B370EC6C3,2D-3B-1.0.0,2026-07-26 08:37:02.172746,
QUEUE-000000391,HOSP-001,DEPT-ED,2026-01-26,2026-01-26,2026-01,Registration,94,91,3,31.1,30.0,,,,True,QUEUE-000000391,PROC-QCS-92010F32B162,VAL-C62B370EC6C3,2D-3B-1.0.0,2026-07-26 08:37:02.172746,
QUEUE-000000392,HOSP-001,DEPT-ED,2026-01-27,2026-01-27,2026-01,Radiology,91,87,4,30.9,32.0,,,,True,QUEUE-000000392,PROC-QCS-92010F32B162,VAL-C62B370EC6C3,2D-3B-1.0.0,2026-07-26 08:37:02.172746,
QUEUE-000000393,HOSP-001,DEPT-ED,2026-01-28,2026-01-28,2026-01,Pharmacy,102,99,3,31.9,34.0,,,,True,QUEUE-000000393,PROC-QCS-92010F32B162,VAL-C62B370EC6C3,2D-3B-1.0.0,2026-07-26 08:37:02.172746,
QUEUE-000000394,HOSP-001,DEPT-ED,2026-01-29,2026-01-29,2026-01,Consultation,96,91,5,33.2,35.0,,,,True,QUEUE-000000394,PROC-QCS-92010F32B162,VAL-C62B370EC6C3,2D-3B-1.0.0,2026-07-26 08:37:02.172746,
QUEUE-000000395,HOSP-001,DEPT-ED,2026-01-30,2026-01-30,2026-01,Pharmacy,77,75,2,29.0,30.0,,,,True,QUEUE-000000395,PROC-QCS-92010F32B162,VAL-C62B370EC6C3,2D-3B-1.0.0,2026-07-26 08:37:02.172746,
QUEUE-000000396,HOSP-001,DEPT-ED,2026-01-31,2026-01-31,2026-01,Consultation,99,94,5,30.3,29.0,,,,True,QUEUE-000000396,PROC-QCS-92010F32B162,VAL-C62B370EC6C3,2D-3B-1.0.0,2026-07-26 08:37:02.172746,
QUEUE-000000397,HOSP-001,DEPT-ED,2026-02-01,2026-02-01,2026-02,Consultation,93,91,2,30.8,31.0,,,,True,QUEUE-000000397,PROC-QCS-92010F32B162,VAL-C62B370EC6C3,2D-3B-1.0.0,2026-07-26 08:37:02.172746,
QUEUE-000000398,HOSP-001,DEPT-ED,2026-02-02,2026-02-02,2026-02,Billing,87,83,4,34.9,35.0,,,,True,QUEUE-000000398,PROC-QCS-92010F32B162,VAL-C62B370EC6C3,2D-3B-1.0.0,2026-07-26 08:37:02.172746,
QUEUE-000000399,HOSP-001,DEPT-ED,2026-02-03,2026-02-03,2026-02,Registration,85,83,2,33.5,37.0,,,,True,QUEUE-000000399,PROC-QCS-92010F32B162,VAL-C62B370EC6C3,2D-3B-1.0.0,2026-07-26 08:37:02.172746,
QUEUE-000000400,HOSP-001,DEPT-ED,2026-02-04,2026-02-04,2026-02,Pharmacy,101,101,0,32.7,35.0,,,,True,QUEUE-000000400,PROC-QCS-92010F32B162,VAL-C62B370EC6C3,2D-3B-1.0.0,2026-07-26 08:37:02.172746,
QUEUE-000000401,HOSP-001,DEPT-ED,2026-02-05,2026-02-05,2026-02,Pharmacy,99,95,4,30.8,33.0,,,,True,QUEUE-000000401,PROC-QCS-92010F32B162,VAL-C62B370EC6C3,2D-3B-1.0.0,2026-07-26 08:37:02.172746,
QUEUE-000000402,HOSP-001,DEPT-ED,2026-02-06,2026-02-06,2026-02,Pharmacy,103,100,3,33.0,33.0,,,,True,QUEUE-000000402,PROC-QCS-92010F32B162,VAL-C62B370EC6C3,2D-3B-1.0.0,2026-07-26 08:37:02.172746,
QUEUE-000000403,HOSP-001,DEPT-ED,2026-02-07,2026-02-07,2026-02,Radiology,108,106,2,32.9,35.0,,,,True,QUEUE-000000403,PROC-QCS-92010F32B162,VAL-C62B370EC6C3,2D-3B-1.0.0,2026-07-26 08:37:02.172746,
QUEUE-000000404,HOSP-001,DEPT-ED,2026-02-08,2026-02-08,2026-02,Consultation,103,99,4,32.5,33.0,,,,True,QUEUE-000000404,PROC-QCS-92010F32B162,VAL-C62B370EC6C3,2D-3B-1.0.0,2026-07-26 08:37:02.172746,
QUEUE-000000405,HOSP-001,DEPT-ED,2026-02-09,2026-02-09,2026-02,Registration,107,103,4,33.3,35.0,,,,True,QUEUE-000000405,PROC-QCS-92010F32B162,VAL-C62B370EC6C3,2D-3B-1.0.0,2026-07-26 08:37:02.172746,
QUEUE-000000406,HOSP-001,DEPT-ED,2026-02-10,2026-02-10,2026-02,Consultation,92,91,1,30.7,31.0,,,,True,QUEUE-000000406,PROC-QCS-92010F32B162,VAL-C62B370EC6C3,2D-3B-1.0.0,2026-07-26 08:37:02.172746,
QUEUE-000000407,HOSP-001,DEPT-ED,2026-02-11,2026-02-11,2026-02,Triage,111,108,3,30.4,29.0,,,,True,QUEUE-000000407,PROC-QCS-92010F32B162,VAL-C62B370EC6C3,2D-3B-1.0.0,2026-07-26 08:37:02.172746,
QUEUE-000000408,HOSP-001,DEPT-ED,2026-02-12,2026-02-12,2026-02,Radiology,96,94,2,30.6,29.0,,,,True,QUEUE-000000408,PROC-QCS-92010F32B162,VAL-C62B370EC6C3,2D-3B-1.0.0,2026-07-26 08:37:02.172746,
QUEUE-000000409,HOSP-001,DEPT-ED,2026-02-13,2026-02-13,2026-02,Radiology,103,101,2,30.4,30.0,,,,True,QUEUE-000000409,PROC-QCS-92010F32B162,VAL-C62B370EC6C3,2D-3B-1.0.0,2026-07-26 08:37:02.172746,
QUEUE-000000410,HOSP-001,DEPT-ED,2026-02-14,2026-02-14,2026-02,Billing,106,105,1,33.3,36.0,,,,True,QUEUE-000000410,PROC-QCS-92010F32B162,VAL-C62B370EC6C3,2D-3B-1.0.0,2026-07-26 08:37:02.172746,
QUEUE-000000411,HOSP-001,DEPT-ED,2026-02-15,2026-02-15,2026-02,Consultation,101,97,4,31.7,34.0,,,,True,QUEUE-000000411,PROC-QCS-92010F32B162,VAL-C62B370EC6C3,2D-3B-1.0.0,2026-07-26 08:37:02.172746,
QUEUE-000000412,HOSP-001,DEPT-ED,2026-02-16,2026-02-16,2026-02,Registration,99,96,3,30.9,31.5,,,,True,QUEUE-000000412,PROC-QCS-92010F32B162,VAL-C62B370EC6C3,2D-3B-1.0.0,2026-07-26 08:37:02.172746,
QUEUE-000000413,HOSP-001,DEPT-ED,2026-02-17,2026-02-17,2026-02,Consultation,90,82,8,30.3,31.5,,,,True,QUEUE-000000413,PROC-QCS-92010F32B162,VAL-C62B370EC6C3,2D-3B-1.0.0,2026-07-26 08:37:02.172746,
QUEUE-000000414,HOSP-001,DEPT-ED,2026-02-18,2026-02-18,2026-02,Billing,107,98,9,32.8,32.5,,,,True,QUEUE-000000414,PROC-QCS-92010F32B162,VAL-C62B370EC6C3,2D-3B-1.0.0,2026-07-26 08:37:02.172746,
QUEUE-000000415,HOSP-001,DEPT-ED,2026-02-19,2026-02-19,2026-02,Consultation,97,92,5,32.7,33.0,,,,True,QUEUE-000000415,PROC-QCS-92010F32B162,VAL-C62B370EC6C3,2D-3B-1.0.0,2026-07-26 08:37:02.172746,
QUEUE-000000416,HOSP-001,DEPT-ED,2026-02-20,2026-02-20,2026-02,Consultation,83,79,4,31.7,33.0,,,,True,QUEUE-000000416,PROC-QCS-92010F32B162,VAL-C62B370EC6C3,2D-3B-1.0.0,2026-07-26 08:37:02.172746,
QUEUE-000000417,HOSP-001,DEPT-ED,2026-02-21,2026-02-21,2026-02,Pharmacy,78,76,2,32.6,32.5,,,,True,QUEUE-000000417,PROC-QCS-92010F32B162,VAL-C62B370EC6C3,2D-3B-1.0.0,2026-07-26 08:37:02.172746,
QUEUE-000000418,HOSP-001,DEPT-ED,2026-02-22,2026-02-22,2026-02,Consultation,96,94,2,31.9,31.5,,,,True,QUEUE-000000418,PROC-QCS-92010F32B162,VAL-C62B370EC6C3,2D-3B-1.0.0,2026-07-26 08:37:02.172746,
QUEUE-000000419,HOSP-001,DEPT-ED,2026-02-23,2026-02-23,2026-02,Billing,82,81,1,30.3,30.0,,,,True,QUEUE-000000419,PROC-QCS-92010F32B162,VAL-C62B370EC6C3,2D-3B-1.0.0,2026-07-26 08:37:02.172746,
QUEUE-000000420,HOSP-001,DEPT-ED,2026-02-24,2026-02-24,2026-02,Triage,91,90,1,31.7,31.5,,,,True,QUEUE-000000420,PROC-QCS-92010F32B162,VAL-C62B370EC6C3,2D-3B-1.0.0,2026-07-26 08:37:02.172746,
QUEUE-000000421,HOSP-001,DEPT-ED,2026-02-25,2026-02-25,2026-02,Registration,73,71,2,31.5,31.0,,,,True,QUEUE-000000421,PROC-QCS-92010F32B162,VAL-C62B370EC6C3,2D-3B-1.0.0,2026-07-26 08:37:02.172746,
QUEUE-000000422,HOSP-001,DEPT-ED,2026-02-26,2026-02-26,2026-02,Triage,91,87,4,33.3,31.0,,,,True,QUEUE-000000422,PROC-QCS-92010F32B162,VAL-C62B370EC6C3,2D-3B-1.0.0,2026-07-26 08:37:02.172746,
QUEUE-000000423,HOSP-001,DEPT-ED,2026-02-27,2026-02-27,2026-02,Pharmacy,105,102,3,32.0,36.0,,,,True,QUEUE-000000423,PROC-QCS-92010F32B162,VAL-C62B370EC6C3,2D-3B-1.0.0,2026-07-26 08:37:02.172746,
QUEUE-000000424,HOSP-001,DEPT-ED,2026-02-28,2026-02-28,2026-02,Pharmacy,107,102,5,31.8,34.0,,,,True,QUEUE-000000424,PROC-QCS-92010F32B162,VAL-C62B370EC6C3,2D-3B-1.0.0,2026-07-26 08:37:02.172746,
QUEUE-000000425,HOSP-001,DEPT-ED,2026-03-01,2026-03-01,2026-03,Billing,112,109,3,38.7,40.0,,,,True,QUEUE-000000425,PROC-QCS-92010F32B162,VAL-C62B370EC6C3,2D-3B-1.0.0,2026-07-26 08:37:02.172746,
QUEUE-000000426,HOSP-001,DEPT-ED,2026-03-02,2026-03-02,2026-03,Consultation,114,114,0,38.0,36.0,,,,True,QUEUE-000000426,PROC-QCS-92010F32B162,VAL-C62B370EC6C3,2D-3B-1.0.0,2026-07-26 08:37:02.172746,
QUEUE-000000427,HOSP-001,DEPT-ED,2026-03-03,2026-03-03,2026-03,Registration,124,118,6,36.5,36.5,,,,True,QUEUE-000000427,PROC-QCS-92010F32B162,VAL-C62B370EC6C3,2D-3B-1.0.0,2026-07-26 08:37:02.172746,
QUEUE-000000428,HOSP-001,DEPT-ED,2026-03-04,2026-03-04,2026-03,Consultation,114,113,1,38.2,40.0,,,,True,QUEUE-000000428,PROC-QCS-92010F32B162,VAL-C62B370EC6C3,2D-3B-1.0.0,2026-07-26 08:37:02.172746,
QUEUE-000000429,HOSP-001,DEPT-ED,2026-03-05,2026-03-05,2026-03,Registration,113,110,3,35.6,35.0,,,,True,QUEUE-000000429,PROC-QCS-92010F32B162,VAL-C62B370EC6C3,2D-3B-1.0.0,2026-07-26 08:37:02.172746,
QUEUE-000000430,HOSP-001,DEPT-ED,2026-03-06,2026-03-06,2026-03,Billing,97,97,0,35.7,36.0,,,,True,QUEUE-000000430,PROC-QCS-92010F32B162,VAL-C62B370EC6C3,2D-3B-1.0.0,2026-07-26 08:37:02.172746,
QUEUE-000000431,HOSP-001,DEPT-ED,2026-03-07,2026-03-07,2026-03,Radiology,100,98,2,36.7,41.0,,,,True,QUEUE-000000431,PROC-QCS-92010F32B162,VAL-C62B370EC6C3,2D-3B-1.0.0,2026-07-26 08:37:02.172746,
QUEUE-000000432,HOSP-001,DEPT-ED,2026-03-08,2026-03-08,2026-03,Consultation,99,99,0,36.1,36.0,,,,True,QUEUE-000000432,PROC-QCS-92010F32B162,VAL-C62B370EC6C3,2D-3B-1.0.0,2026-07-26 08:37:02.172746,
QUEUE-000000433,HOSP-001,DEPT-ED,2026-03-09,2026-03-09,2026-03,Triage,112,107,5,35.4,39.0,,,,True,QUEUE-000000433,PROC-QCS-92010F32B162,VAL-C62B370EC6C3,2D-3B-1.0.0,2026-07-26 08:37:02.172746,
QUEUE-000000434,HOSP-001,DEPT-ED,2026-03-10,2026-03-10,2026-03,Triage,115,109,6,35.6,36.0,,,,True,QUEUE-000000434,PROC-QCS-92010F32B162,VAL-C62B370EC6C3,2D-3B-1.0.0,2026-07-26 08:37:02.172746,
QUEUE-000000435,HOSP-001,DEPT-ED,2026-03-11,2026-03-11,2026-03,Registration,102,98,4,37.0,39.5,,,,True,QUEUE-000000435,PROC-QCS-92010F32B162,VAL-C62B370EC6C3,2D-3B-1.0.0,2026-07-26 08:37:02.172746,
QUEUE-000000436,HOSP-001,DEPT-ED,2026-03-12,2026-03-12,2026-03,Pharmacy,96,91,5,33.8,34.0,,,,True,QUEUE-000000436,PROC-QCS-92010F32B162,VAL-C62B370EC6C3,2D-3B-1.0.0,2026-07-26 08:37:02.172746,
QUEUE-000000437,HOSP-001,DEPT-ED,2026-03-13,2026-03-13,2026-03,Billing,106,102,4,36.8,37.5,,,,True,QUEUE-000000437,PROC-QCS-92010F32B162,VAL-C62B370EC6C3,2D-3B-1.0.0,2026-07-26 08:37:02.172746,
QUEUE-000000438,HOSP-001,DEPT-ED,2026-03-14,2026-03-14,2026-03,Triage,91,90,1,35.5,36.0,,,,True,QUEUE-000000438,PROC-QCS-92010F32B162,VAL-C62B370EC6C3,2D-3B-1.0.0,2026-07-26 08:37:02.172746,
QUEUE-000000439,HOSP-001,DEPT-ED,2026-03-15,2026-03-15,2026-03,Triage,99,96,3,36.0,36.0,,,,True,QUEUE-000000439,PROC-QCS-92010F32B162,VAL-C62B370EC6C3,2D-3B-1.0.0,2026-07-26 08:37:02.172746,
QUEUE-000000440,HOSP-001,DEPT-ED,2026-03-16,2026-03-16,2026-03,Consultation,92,85,7,33.9,31.0,,,,True,QUEUE-000000440,PROC-QCS-92010F32B162,VAL-C62B370EC6C3,2D-3B-1.0.0,2026-07-26 08:37:02.172746,
QUEUE-000000441,HOSP-001,DEPT-ED,2026-03-17,2026-03-17,2026-03,Triage,101,101,0,37.1,37.0,,,,True,QUEUE-000000441,PROC-QCS-92010F32B162,VAL-C62B370EC6C3,2D-3B-1.0.0,2026-07-26 08:37:02.172746,
QUEUE-000000442,HOSP-001,DEPT-ED,2026-03-18,2026-03-18,2026-03,Triage,95,93,2,34.8,35.0,,,,True,QUEUE-000000442,PROC-QCS-92010F32B162,VAL-C62B370EC6C3,2D-3B-1.0.0,2026-07-26 08:37:02.172746,
QUEUE-000000443,HOSP-001,DEPT-ED,2026-03-19,2026-03-19,2026-03,Billing,112,108,4,35.3,37.5,,,,True,QUEUE-000000443,PROC-QCS-92010F32B162,VAL-C62B370EC6C3,2D-3B-1.0.0,2026-07-26 08:37:02.172746,
QUEUE-000000444,HOSP-001,DEPT-ED,2026-03-20,2026-03-20,2026-03,Pharmacy,104,102,2,34.3,33.0,,,,True,QUEUE-000000444,PROC-QCS-92010F32B162,VAL-C62B370EC6C3,2D-3B-1.0.0,2026-07-26 08:37:02.172746,
QUEUE-000000445,HOSP-001,DEPT-ED,2026-03-21,2026-03-21,2026-03,Billing,108,105,3,36.4,37.0,,,,True,QUEUE-000000445,PROC-QCS-92010F32B162,VAL-C62B370EC6C3,2D-3B-1.0.0,2026-07-26 08:37:02.172746,
QUEUE-000000446,HOSP-001,DEPT-ED,2026-03-22,2026-03-22,2026-03,Triage,109,106,3,38.1,41.0,,,,True,QUEUE-000000446,PROC-QCS-92010F32B162,VAL-C62B370EC6C3,2D-3B-1.0.0,2026-07-26 08:37:02.172746,
QUEUE-000000447,HOSP-001,DEPT-ED,2026-03-23,2026-03-23,2026-03,Registration,102,98,4,36.8,37.5,,,,True,QUEUE-000000447,PROC-QCS-92010F32B162,VAL-C62B370EC6C3,2D-3B-1.0.0,2026-07-26 08:37:02.172746,
QUEUE-000000448,HOSP-001,DEPT-ED,2026-03-24,2026-03-24,2026-03,Triage,101,95,6,40.7,42.0,,,,True,QUEUE-000000448,PROC-QCS-92010F32B162,VAL-C62B370EC6C3,2D-3B-1.0.0,2026-07-26 08:37:02.172746,
QUEUE-000000449,HOSP-001,DEPT-ED,2026-03-25,2026-03-25,2026-03,Radiology,111,110,1,37.1,34.0,,,,True,QUEUE-000000449,PROC-QCS-92010F32B162,VAL-C62B370EC6C3,2D-3B-1.0.0,2026-07-26 08:37:02.172746,
QUEUE-000000450,HOSP-001,DEPT-ED,2026-03-26,2026-03-26,2026-03,Registration,102,99,3,41.6,43.0,,,,True,QUEUE-000000450,PROC-QCS-92010F32B162,VAL-C62B370EC6C3,2D-3B-1.0.0,2026-07-26 08:37:02.172746,
QUEUE-000000451,HOSP-001,DEPT-ED,2026-03-27,2026-03-27,2026-03,Pharmacy,97,94,3,35.4,33.5,,,,True,QUEUE-000000451,PROC-QCS-92010F32B162,VAL-C62B370EC6C3,2D-3B-1.0.0,2026-07-26 08:37:02.172746,
QUEUE-000000452,HOSP-001,DEPT-ED,2026-03-28,2026-03-28,2026-03,Triage,103,102,1,36.2,35.5,,,,True,QUEUE-000000452,PROC-QCS-92010F32B162,VAL-C62B370EC6C3,2D-3B-1.0.0,2026-07-26 08:37:02.172746,
QUEUE-000000453,HOSP-001,DEPT-ED,2026-03-29,2026-03-29,2026-03,Billing,122,118,4,38.4,38.0,,,,True,QUEUE-000000453,PROC-QCS-92010F32B162,VAL-C62B370EC6C3,2D-3B-1.0.0,2026-07-26 08:37:02.172746,
QUEUE-000000454,HOSP-001,DEPT-ED,2026-03-30,2026-03-30,2026-03,Pharmacy,101,97,4,36.2,35.0,,,,True,QUEUE-000000454,PROC-QCS-92010F32B162,VAL-C62B370EC6C3,2D-3B-1.0.0,2026-07-26 08:37:02.172746,
QUEUE-000000455,HOSP-001,DEPT-ED,2026-03-31,2026-03-31,2026-03,Billing,85,83,2,35.7,37.0,,,,True,QUEUE-000000455,PROC-QCS-92010F32B162,VAL-C62B370EC6C3,2D-3B-1.0.0,2026-07-26 08:37:02.172746,
QUEUE-000000456,HOSP-001,DEPT-ED,2026-04-01,2026-04-01,2026-04,Billing,141,139,2,43.5,42.0,,,,True,QUEUE-000000456,PROC-QCS-92010F32B162,VAL-C62B370EC6C3,2D-3B-1.0.0,2026-07-26 08:37:02.172746,
QUEUE-000000457,HOSP-001,DEPT-ED,2026-04-02,2026-04-02,2026-04,Pharmacy,111,110,1,44.1,46.5,,,,True,QUEUE-000000457,PROC-QCS-92010F32B162,VAL-C62B370EC6C3,2D-3B-1.0.0,2026-07-26 08:37:02.172746,
QUEUE-000000458,HOSP-001,DEPT-ED,2026-04-03,2026-04-03,2026-04,Consultation,139,134,5,40.9,41.0,,,,True,QUEUE-000000458,PROC-QCS-92010F32B162,VAL-C62B370EC6C3,2D-3B-1.0.0,2026-07-26 08:37:02.172746,
QUEUE-000000459,HOSP-001,DEPT-ED,2026-04-04,2026-04-04,2026-04,Radiology,128,125,3,47.6,48.0,,,,True,QUEUE-000000459,PROC-QCS-92010F32B162,VAL-C62B370EC6C3,2D-3B-1.0.0,2026-07-26 08:37:02.172746,
QUEUE-000000460,HOSP-001,DEPT-ED,2026-04-05,2026-04-05,2026-04,Triage,134,129,5,43.1,45.0,,,,True,QUEUE-000000460,PROC-QCS-92010F32B162,VAL-C62B370EC6C3,2D-3B-1.0.0,2026-07-26 08:37:02.172746,
QUEUE-000000461,HOSP-001,DEPT-ED,2026-04-06,2026-04-06,2026-04,Triage,127,124,3,45.5,47.0,,,,True,QUEUE-000000461,PROC-QCS-92010F32B162,VAL-C62B370EC6C3,2D-3B-1.0.0,2026-07-26 08:37:02.172746,
QUEUE-000000462,HOSP-001,DEPT-ED,2026-04-07,2026-04-07,2026-04,Radiology,118,115,3,47.3,47.0,,,,True,QUEUE-000000462,PROC-QCS-92010F32B162,VAL-C62B370EC6C3,2D-3B-1.0.0,2026-07-26 08:37:02.172746,
QUEUE-000000463,HOSP-001,DEPT-ED,2026-04-08,2026-04-08,2026-04,Consultation,127,125,2,40.6,41.0,,,,True,QUEUE-000000463,PROC-QCS-92010F32B162,VAL-C62B370EC6C3,2D-3B-1.0.0,2026-07-26 08:37:02.172746,
QUEUE-000000464,HOSP-001,DEPT-ED,2026-04-09,2026-04-09,2026-04,Billing,118,116,2,45.2,44.0,,,,True,QUEUE-000000464,PROC-QCS-92010F32B162,VAL-C62B370EC6C3,2D-3B-1.0.0,2026-07-26 08:37:02.172746,
QUEUE-000000465,HOSP-001,DEPT-ED,2026-04-10,2026-04-10,2026-04,Pharmacy,132,128,4,41.6,41.0,,,,True,QUEUE-000000465,PROC-QCS-92010F32B162,VAL-C62B370EC6C3,2D-3B-1.0.0,2026-07-26 08:37:02.172746,
QUEUE-000000466,HOSP-001,DEPT-ED,2026-04-11,2026-04-11,2026-04,Registration,134,131,3,43.4,44.0,,,,True,QUEUE-000000466,PROC-QCS-92010F32B162,VAL-C62B370EC6C3,2D-3B-1.0.0,2026-07-26 08:37:02.172746,
QUEUE-000000467,HOSP-001,DEPT-ED,2026-04-12,2026-04-12,2026-04,Registration,120,116,4,44.1,42.0,,,,True,QUEUE-000000467,PROC-QCS-92010F32B162,VAL-C62B370EC6C3,2D-3B-1.0.0,2026-07-26 08:37:02.172746,
QUEUE-000000468,HOSP-001,DEPT-ED,2026-04-13,2026-04-13,2026-04,Registration,113,106,7,47.7,48.0,,,,True,QUEUE-000000468,PROC-QCS-92010F32B162,VAL-C62B370EC6C3,2D-3B-1.0.0,2026-07-26 08:37:02.172746,
QUEUE-000000469,HOSP-001,DEPT-ED,2026-04-14,2026-04-14,2026-04,Radiology,143,138,5,44.1,46.0,,,,True,QUEUE-000000469,PROC-QCS-92010F32B162,VAL-C62B370EC6C3,2D-3B-1.0.0,2026-07-26 08:37:02.172746,
QUEUE-000000470,HOSP-001,DEPT-ED,2026-04-15,2026-04-15,2026-04,Pharmacy,129,123,6,45.0,47.0,,,,True,QUEUE-000000470,PROC-QCS-92010F32B162,VAL-C62B370EC6C3,2D-3B-1.0.0,2026-07-26 08:37:02.172746,
QUEUE-000000471,HOSP-001,DEPT-ED,2026-04-16,2026-04-16,2026-04,Radiology,150,145,5,44.2,42.0,,,,True,QUEUE-000000471,PROC-QCS-92010F32B162,VAL-C62B370EC6C3,2D-3B-1.0.0,2026-07-26 08:37:02.172746,
QUEUE-000000472,HOSP-001,DEPT-ED,2026-04-17,2026-04-17,2026-04,Triage,142,138,4,43.8,45.5,,,,True,QUEUE-000000472,PROC-QCS-92010F32B162,VAL-C62B370EC6C3,2D-3B-1.0.0,2026-07-26 08:37:02.172746,
QUEUE-000000473,HOSP-001,DEPT-ED,2026-04-18,2026-04-18,2026-04,Radiology,106,104,2,46.0,46.0,,,,True,QUEUE-000000473,PROC-QCS-92010F32B162,VAL-C62B370EC6C3,2D-3B-1.0.0,2026-07-26 08:37:02.172746,
QUEUE-000000474,HOSP-001,DEPT-ED,2026-04-19,2026-04-19,2026-04,Pharmacy,124,121,3,46.6,47.0,,,,True,QUEUE-000000474,PROC-QCS-92010F32B162,VAL-C62B370EC6C3,2D-3B-1.0.0,2026-07-26 08:37:02.172746,
QUEUE-000000475,HOSP-001,DEPT-ED,2026-04-20,2026-04-20,2026-04,Radiology,121,113,8,45.4,47.0,,,,True,QUEUE-000000475,PROC-QCS-92010F32B162,VAL-C62B370EC6C3,2D-3B-1.0.0,2026-07-26 08:37:02.172746,
QUEUE-000000476,HOSP-001,DEPT-ED,2026-04-21,2026-04-21,2026-04,Registration,129,127,2,48.8,51.0,,,,True,QUEUE-000000476,PROC-QCS-92010F32B162,VAL-C62B370EC6C3,2D-3B-1.0.0,2026-07-26 08:37:02.172746,
QUEUE-000000477,HOSP-001,DEPT-ED,2026-04-22,2026-04-22,2026-04,Registration,133,129,4,43.5,43.0,,,,True,QUEUE-000000477,PROC-QCS-92010F32B162,VAL-C62B370EC6C3,2D-3B-1.0.0,2026-07-26 08:37:02.172746,
QUEUE-000000478,HOSP-001,DEPT-ED,2026-04-23,2026-04-23,2026-04,Billing,122,120,2,44.5,45.0,,,,True,QUEUE-000000478,PROC-QCS-92010F32B162,VAL-C62B370EC6C3,2D-3B-1.0.0,2026-07-26 08:37:02.172746,
QUEUE-000000479,HOSP-001,DEPT-ED,2026-04-24,2026-04-24,2026-04,Billing,111,109,2,43.6,44.0,,,,True,QUEUE-000000479,PROC-QCS-92010F32B162,VAL-C62B370EC6C3,2D-3B-1.0.0,2026-07-26 08:37:02.172746,
QUEUE-000000480,HOSP-001,DEPT-ED,2026-04-25,2026-04-25,2026-04,Consultation,99,98,1,44.5,47.5,,,,True,QUEUE-000000480,PROC-QCS-92010F32B162,VAL-C62B370EC6C3,2D-3B-1.0.0,2026-07-26 08:37:02.172746,
QUEUE-000000481,HOSP-001,DEPT-ED,2026-04-26,2026-04-26,2026-04,Pharmacy,127,122,5,43.8,44.0,,,,True,QUEUE-000000481,PROC-QCS-92010F32B162,VAL-C62B370EC6C3,2D-3B-1.0.0,2026-07-26 08:37:02.172746,
QUEUE-000000482,HOSP-001,DEPT-ED,2026-04-27,2026-04-27,2026-04,Triage,134,128,6,47.4,49.0,,,,True,QUEUE-000000482,PROC-QCS-92010F32B162,VAL-C62B370EC6C3,2D-3B-1.0.0,2026-07-26 08:37:02.172746,
QUEUE-000000483,HOSP-001,DEPT-ED,2026-04-28,2026-04-28,2026-04,Pharmacy,134,130,4,46.6,45.0,,,,True,QUEUE-000000483,PROC-QCS-92010F32B162,VAL-C62B370EC6C3,2D-3B-1.0.0,2026-07-26 08:37:02.172746,
QUEUE-000000484,HOSP-001,DEPT-ED,2026-04-29,2026-04-29,2026-04,Billing,134,128,6,45.3,45.5,,,,True,QUEUE-000000484,PROC-QCS-92010F32B162,VAL-C62B370EC6C3,2D-3B-1.0.0,2026-07-26 08:37:02.172746,
QUEUE-000000485,HOSP-001,DEPT-ED,2026-04-30,2026-04-30,2026-04,Registration,123,117,6,45.3,44.0,,,,True,QUEUE-000000485,PROC-QCS-92010F32B162,VAL-C62B370EC6C3,2D-3B-1.0.0,2026-07-26 08:37:02.172746,
QUEUE-000000486,HOSP-001,DEPT-ED,2026-05-01,2026-05-01,2026-05,Consultation,101,100,1,44.2,47.0,,,,True,QUEUE-000000486,PROC-QCS-92010F32B162,VAL-C62B370EC6C3,2D-3B-1.0.0,2026-07-26 08:37:02.172746,
QUEUE-000000487,HOSP-001,DEPT-ED,2026-05-02,2026-05-02,2026-05,Consultation,133,130,3,43.3,47.5,,,,True,QUEUE-000000487,PROC-QCS-92010F32B162,VAL-C62B370EC6C3,2D-3B-1.0.0,2026-07-26 08:37:02.172746,
QUEUE-000000488,HOSP-001,DEPT-ED,2026-05-03,2026-05-03,2026-05,Pharmacy,125,123,2,47.7,50.0,,,,True,QUEUE-000000488,PROC-QCS-92010F32B162,VAL-C62B370EC6C3,2D-3B-1.0.0,2026-07-26 08:37:02.172746,
QUEUE-000000489,HOSP-001,DEPT-ED,2026-05-04,2026-05-04,2026-05,Pharmacy,134,131,3,44.8,45.0,,,,True,QUEUE-000000489,PROC-QCS-92010F32B162,VAL-C62B370EC6C3,2D-3B-1.0.0,2026-07-26 08:37:02.172746,
QUEUE-000000490,HOSP-001,DEPT-ED,2026-05-05,2026-05-05,2026-05,Billing,93,91,2,46.3,48.0,,,,True,QUEUE-000000490,PROC-QCS-92010F32B162,VAL-C62B370EC6C3,2D-3B-1.0.0,2026-07-26 08:37:02.172746,
QUEUE-000000491,HOSP-001,DEPT-ED,2026-05-06,2026-05-06,2026-05,Radiology,122,117,5,44.6,47.0,,,,True,QUEUE-000000491,PROC-QCS-92010F32B162,VAL-C62B370EC6C3,2D-3B-1.0.0,2026-07-26 08:37:02.172746,
QUEUE-000000492,HOSP-001,DEPT-ED,2026-05-07,2026-05-07,2026-05,Triage,93,92,1,44.0,43.5,,,,True,QUEUE-000000492,PROC-QCS-92010F32B162,VAL-C62B370EC6C3,2D-3B-1.0.0,2026-07-26 08:37:02.172746,
QUEUE-000000493,HOSP-001,DEPT-ED,2026-05-08,2026-05-08,2026-05,Registration,118,115,3,47.4,52.0,,,,True,QUEUE-000000493,PROC-QCS-92010F32B162,VAL-C62B370EC6C3,2D-3B-1.0.0,2026-07-26 08:37:02.172746,
QUEUE-000000494,HOSP-001,DEPT-ED,2026-05-09,2026-05-09,2026-05,Pharmacy,104,99,5,45.4,48.0,,,,True,QUEUE-000000494,PROC-QCS-92010F32B162,VAL-C62B370EC6C3,2D-3B-1.0.0,2026-07-26 08:37:02.172746,
QUEUE-000000495,HOSP-001,DEPT-ED,2026-05-10,2026-05-10,2026-05,Radiology,131,129,2,46.0,49.0,,,,True,QUEUE-000000495,PROC-QCS-92010F32B162,VAL-C62B370EC6C3,2D-3B-1.0.0,2026-07-26 08:37:02.172746,
QUEUE-000000496,HOSP-001,DEPT-ED,2026-05-11,2026-05-11,2026-05,Triage,104,98,6,44.8,44.0,,,,True,QUEUE-000000496,PROC-QCS-92010F32B162,VAL-C62B370EC6C3,2D-3B-1.0.0,2026-07-26 08:37:02.172746,
QUEUE-000000497,HOSP-001,DEPT-ED,2026-05-12,2026-05-12,2026-05,Billing,100,96,4,42.4,41.0,,,,True,QUEUE-000000497,PROC-QCS-92010F32B162,VAL-C62B370EC6C3,2D-3B-1.0.0,2026-07-26 08:37:02.172746,
QUEUE-000000498,HOSP-001,DEPT-ED,2026-05-13,2026-05-13,2026-05,Registration,122,118,4,43.3,45.0,,,,True,QUEUE-000000498,PROC-QCS-92010F32B162,VAL-C62B370EC6C3,2D-3B-1.0.0,2026-07-26 08:37:02.172746,
QUEUE-000000499,HOSP-001,DEPT-ED,2026-05-14,2026-05-14,2026-05,Registration,117,112,5,43.2,44.0,,,,True,QUEUE-000000499,PROC-QCS-92010F32B162,VAL-C62B370EC6C3,2D-3B-1.0.0,2026-07-26 08:37:02.172746,
QUEUE-000000500,HOSP-001,DEPT-ED,2026-05-15,2026-05-15,2026-05,Radiology,113,111,2,41.7,42.0,,,,True,QUEUE-000000500,PROC-QCS-92010F32B162,VAL-C62B370EC6C3,2D-3B-1.0.0,2026-07-26 08:37:02.172746,
QUEUE-000000501,HOSP-001,DEPT-ED,2026-05-16,2026-05-16,2026-05,Registration,126,123,3,45.7,45.0,,,,True,QUEUE-000000501,PROC-QCS-92010F32B162,VAL-C62B370EC6C3,2D-3B-1.0.0,2026-07-26 08:37:02.172746,
QUEUE-000000502,HOSP-001,DEPT-ED,2026-05-17,2026-05-17,2026-05,Registration,101,98,3,44.5,45.0,,,,True,QUEUE-000000502,PROC-QCS-92010F32B162,VAL-C62B370EC6C3,2D-3B-1.0.0,2026-07-26 08:37:02.172746,
QUEUE-000000503,HOSP-001,DEPT-ED,2026-05-18,2026-05-18,2026-05,Consultation,121,119,2,49.2,52.0,,,,True,QUEUE-000000503,PROC-QCS-92010F32B162,VAL-C62B370EC6C3,2D-3B-1.0.0,2026-07-26 08:37:02.172746,
QUEUE-000000504,HOSP-001,DEPT-ED,2026-05-19,2026-05-19,2026-05,Radiology,92,89,3,47.2,50.0,,,,True,QUEUE-000000504,PROC-QCS-92010F32B162,VAL-C62B370EC6C3,2D-3B-1.0.0,2026-07-26 08:37:02.172746,
QUEUE-000000505,HOSP-001,DEPT-ED,2026-05-20,2026-05-20,2026-05,Billing,107,103,4,42.8,44.0,,,,True,QUEUE-000000505,PROC-QCS-92010F32B162,VAL-C62B370EC6C3,2D-3B-1.0.0,2026-07-26 08:37:02.172746,
QUEUE-000000506,HOSP-001,DEPT-ED,2026-05-21,2026-05-21,2026-05,Billing,117,114,3,42.5,42.5,,,,True,QUEUE-000000506,PROC-QCS-92010F32B162,VAL-C62B370EC6C3,2D-3B-1.0.0,2026-07-26 08:37:02.172746,
QUEUE-000000507,HOSP-001,DEPT-ED,2026-05-22,2026-05-22,2026-05,Pharmacy,105,102,3,45.2,47.0,,,,True,QUEUE-000000507,PROC-QCS-92010F32B162,VAL-C62B370EC6C3,2D-3B-1.0.0,2026-07-26 08:37:02.172746,
QUEUE-000000508,HOSP-001,DEPT-ED,2026-05-23,2026-05-23,2026-05,Consultation,141,136,5,45.9,43.5,,,,True,QUEUE-000000508,PROC-QCS-92010F32B162,VAL-C62B370EC6C3,2D-3B-1.0.0,2026-07-26 08:37:02.172746,
QUEUE-000000509,HOSP-001,DEPT-ED,2026-05-24,2026-05-24,2026-05,Pharmacy,96,93,3,42.6,45.0,,,,True,QUEUE-000000509,PROC-QCS-92010F32B162,VAL-C62B370EC6C3,2D-3B-1.0.0,2026-07-26 08:37:02.172746,
QUEUE-000000510,HOSP-001,DEPT-ED,2026-05-25,2026-05-25,2026-05,Pharmacy,106,103,3,44.7,45.0,,,,True,QUEUE-000000510,PROC-QCS-92010F32B162,VAL-C62B370EC6C3,2D-3B-1.0.0,2026-07-26 08:37:02.172746,
QUEUE-000000511,HOSP-001,DEPT-ED,2026-05-26,2026-05-26,2026-05,Billing,125,122,3,40.2,37.0,,,,True,QUEUE-000000511,PROC-QCS-92010F32B162,VAL-C62B370EC6C3,2D-3B-1.0.0,2026-07-26 08:37:02.172746,
QUEUE-000000512,HOSP-001,DEPT-ED,2026-05-27,2026-05-27,2026-05,Pharmacy,116,113,3,46.3,46.0,,,,True,QUEUE-000000512,PROC-QCS-92010F32B162,VAL-C62B370EC6C3,2D-3B-1.0.0,2026-07-26 08:37:02.172746,
QUEUE-000000513,HOSP-001,DEPT-ED,2026-05-28,2026-05-28,2026-05,Pharmacy,132,130,2,47.6,45.5,,,,True,QUEUE-000000513,PROC-QCS-92010F32B162,VAL-C62B370EC6C3,2D-3B-1.0.0,2026-07-26 08:37:02.172746,
QUEUE-000000514,HOSP-001,DEPT-ED,2026-05-29,2026-05-29,2026-05,Consultation,115,111,4,45.5,50.0,,,,True,QUEUE-000000514,PROC-QCS-92010F32B162,VAL-C62B370EC6C3,2D-3B-1.0.0,2026-07-26 08:37:02.172746,
QUEUE-000000515,HOSP-001,DEPT-ED,2026-05-30,2026-05-30,2026-05,Triage,107,101,6,50.5,53.0,,,,True,QUEUE-000000515,PROC-QCS-92010F32B162,VAL-C62B370EC6C3,2D-3B-1.0.0,2026-07-26 08:37:02.172746,
QUEUE-000000516,HOSP-001,DEPT-ED,2026-05-31,2026-05-31,2026-05,Pharmacy,122,119,3,44.7,45.0,,,,True,QUEUE-000000516,PROC-QCS-92010F32B162,VAL-C62B370EC6C3,2D-3B-1.0.0,2026-07-26 08:37:02.172746,
QUEUE-000000517,HOSP-001,DEPT-ED,2026-06-01,2026-06-01,2026-06,Billing,116,113,3,56.0,56.0,,,,True,QUEUE-000000517,PROC-QCS-92010F32B162,VAL-C62B370EC6C3,2D-3B-1.0.0,2026-07-26 08:37:02.172746,
QUEUE-000000518,HOSP-001,DEPT-ED,2026-06-02,2026-06-02,2026-06,Billing,132,129,3,54.3,57.0,,,,True,QUEUE-000000518,PROC-QCS-92010F32B162,VAL-C62B370EC6C3,2D-3B-1.0.0,2026-07-26 08:37:02.172746,
QUEUE-000000519,HOSP-001,DEPT-ED,2026-06-03,2026-06-03,2026-06,Billing,113,110,3,55.8,55.5,,,,True,QUEUE-000000519,PROC-QCS-92010F32B162,VAL-C62B370EC6C3,2D-3B-1.0.0,2026-07-26 08:37:02.172746,
QUEUE-000000520,HOSP-001,DEPT-ED,2026-06-04,2026-06-04,2026-06,Consultation,114,109,5,50.7,52.0,,,,True,QUEUE-000000520,PROC-QCS-92010F32B162,VAL-C62B370EC6C3,2D-3B-1.0.0,2026-07-26 08:37:02.172746,
QUEUE-000000521,HOSP-001,DEPT-ED,2026-06-05,2026-06-05,2026-06,Triage,124,122,2,53.5,58.0,,,,True,QUEUE-000000521,PROC-QCS-92010F32B162,VAL-C62B370EC6C3,2D-3B-1.0.0,2026-07-26 08:37:02.172746,
QUEUE-000000522,HOSP-001,DEPT-ED,2026-06-06,2026-06-06,2026-06,Registration,128,122,6,50.4,50.0,,,,True,QUEUE-000000522,PROC-QCS-92010F32B162,VAL-C62B370EC6C3,2D-3B-1.0.0,2026-07-26 08:37:02.172746,
QUEUE-000000523,HOSP-001,DEPT-ED,2026-06-07,2026-06-07,2026-06,Triage,126,119,7,52.1,54.0,,,,True,QUEUE-000000523,PROC-QCS-92010F32B162,VAL-C62B370EC6C3,2D-3B-1.0.0,2026-07-26 08:37:02.172746,
QUEUE-000000524,HOSP-001,DEPT-ED,2026-06-08,2026-06-08,2026-06,Radiology,145,143,2,56.1,59.0,,,,True,QUEUE-000000524,PROC-QCS-92010F32B162,VAL-C62B370EC6C3,2D-3B-1.0.0,2026-07-26 08:37:02.172746,
QUEUE-000000525,HOSP-001,DEPT-ED,2026-06-09,2026-06-09,2026-06,Consultation,115,108,7,54.6,54.5,,,,True,QUEUE-000000525,PROC-QCS-92010F32B162,VAL-C62B370EC6C3,2D-3B-1.0.0,2026-07-26 08:37:02.172746,
QUEUE-000000526,HOSP-001,DEPT-ED,2026-06-10,2026-06-10,2026-06,Registration,136,134,2,53.6,55.5,,,,True,QUEUE-000000526,PROC-QCS-92010F32B162,VAL-C62B370EC6C3,2D-3B-1.0.0,2026-07-26 08:37:02.172746,
QUEUE-000000527,HOSP-001,DEPT-ED,2026-06-11,2026-06-11,2026-06,Radiology,118,116,2,55.2,56.5,,,,True,QUEUE-000000527,PROC-QCS-92010F32B162,VAL-C62B370EC6C3,2D-3B-1.0.0,2026-07-26 08:37:02.172746,
QUEUE-000000528,HOSP-001,DEPT-ED,2026-06-12,2026-06-12,2026-06,Registration,122,120,2,54.9,54.5,,,,True,QUEUE-000000528,PROC-QCS-92010F32B162,VAL-C62B370EC6C3,2D-3B-1.0.0,2026-07-26 08:37:02.172746,
QUEUE-000000529,HOSP-001,DEPT-ED,2026-06-13,2026-06-13,2026-06,Billing,134,128,6,51.4,53.5,,,,True,QUEUE-000000529,PROC-QCS-92010F32B162,VAL-C62B370EC6C3,2D-3B-1.0.0,2026-07-26 08:37:02.172746,
QUEUE-000000530,HOSP-001,DEPT-ED,2026-06-14,2026-06-14,2026-06,Consultation,103,100,3,51.6,54.5,,,,True,QUEUE-000000530,PROC-QCS-92010F32B162,VAL-C62B370EC6C3,2D-3B-1.0.0,2026-07-26 08:37:02.172746,
QUEUE-000000531,HOSP-001,DEPT-ED,2026-06-15,2026-06-15,2026-06,Billing,139,136,3,54.4,55.5,,,,True,QUEUE-000000531,PROC-QCS-92010F32B162,VAL-C62B370EC6C3,2D-3B-1.0.0,2026-07-26 08:37:02.172746,
QUEUE-000000532,HOSP-001,DEPT-ED,2026-06-16,2026-06-16,2026-06,Pharmacy,123,122,1,55.1,56.0,,,,True,QUEUE-000000532,PROC-QCS-92010F32B162,VAL-C62B370EC6C3,2D-3B-1.0.0,2026-07-26 08:37:02.172746,
QUEUE-000000533,HOSP-001,DEPT-ED,2026-06-17,2026-06-17,2026-06,Consultation,117,116,1,53.4,54.0,,,,True,QUEUE-000000533,PROC-QCS-92010F32B162,VAL-C62B370EC6C3,2D-3B-1.0.0,2026-07-26 08:37:02.172746,
QUEUE-000000534,HOSP-001,DEPT-ED,2026-06-18,2026-06-18,2026-06,Billing,146,141,5,52.6,53.0,,,,True,QUEUE-000000534,PROC-QCS-92010F32B162,VAL-C62B370EC6C3,2D-3B-1.0.0,2026-07-26 08:37:02.172746,
QUEUE-000000535,HOSP-001,DEPT-ED,2026-06-19,2026-06-19,2026-06,Billing,140,137,3,54.4,58.0,,,,True,QUEUE-000000535,PROC-QCS-92010F32B162,VAL-C62B370EC6C3,2D-3B-1.0.0,2026-07-26 08:37:02.172746,
QUEUE-000000536,HOSP-001,DEPT-ED,2026-06-20,2026-06-20,2026-06,Radiology,124,119,5,55.5,55.0,,,,True,QUEUE-000000536,PROC-QCS-92010F32B162,VAL-C62B370EC6C3,2D-3B-1.0.0,2026-07-26 08:37:02.172746,
QUEUE-000000537,HOSP-001,DEPT-ED,2026-06-21,2026-06-21,2026-06,Triage,127,124,3,58.3,62.0,,,,True,QUEUE-000000537,PROC-QCS-92010F32B162,VAL-C62B370EC6C3,2D-3B-1.0.0,2026-07-26 08:37:02.172746,
QUEUE-000000538,HOSP-001,DEPT-ED,2026-06-22,2026-06-22,2026-06,Billing,122,119,3,55.7,57.0,,,,True,QUEUE-000000538,PROC-QCS-92010F32B162,VAL-C62B370EC6C3,2D-3B-1.0.0,2026-07-26 08:37:02.172746,
QUEUE-000000539,HOSP-001,DEPT-ED,2026-06-23,2026-06-23,2026-06,Billing,123,119,4,55.9,56.0,,,,True,QUEUE-000000539,PROC-QCS-92010F32B162,VAL-C62B370EC6C3,2D-3B-1.0.0,2026-07-26 08:37:02.172746,
QUEUE-000000540,HOSP-001,DEPT-ED,2026-06-24,2026-06-24,2026-06,Billing,107,104,3,51.9,50.0,,,,True,QUEUE-000000540,PROC-QCS-92010F32B162,VAL-C62B370EC6C3,2D-3B-1.0.0,2026-07-26 08:37:02.172746,
QUEUE-000000541,HOSP-001,DEPT-ED,2026-06-25,2026-06-25,2026-06,Pharmacy,102,102,0,54.5,56.5,,,,True,QUEUE-000000541,PROC-QCS-92010F32B162,VAL-C62B370EC6C3,2D-3B-1.0.0,2026-07-26 08:37:02.172746,
QUEUE-000000542,HOSP-001,DEPT-ED,2026-06-26,2026-06-26,2026-06,Consultation,103,99,4,56.6,60.0,,,,True,QUEUE-000000542,PROC-QCS-92010F32B162,VAL-C62B370EC6C3,2D-3B-1.0.0,2026-07-26 08:37:02.172746,
QUEUE-000000543,HOSP-001,DEPT-ED,2026-06-27,2026-06-27,2026-06,Registration,121,121,0,54.1,57.0,,,,True,QUEUE-000000543,PROC-QCS-92010F32B162,VAL-C62B370EC6C3,2D-3B-1.0.0,2026-07-26 08:37:02.172746,
QUEUE-000000544,HOSP-001,DEPT-ED,2026-06-28,2026-06-28,2026-06,Pharmacy,107,104,3,53.9,56.5,,,,True,QUEUE-000000544,PROC-QCS-92010F32B162,VAL-C62B370EC6C3,2D-3B-1.0.0,2026-07-26 08:37:02.172746,
QUEUE-000000545,HOSP-001,DEPT-ED,2026-06-29,2026-06-29,2026-06,Billing,135,132,3,54.8,55.0,,,,True,QUEUE-000000545,PROC-QCS-92010F32B162,VAL-C62B370EC6C3,2D-3B-1.0.0,2026-07-26 08:37:02.172746,
QUEUE-000000546,HOSP-001,DEPT-ED,2026-06-30,2026-06-30,2026-06,Registration,113,110,3,54.1,55.0,,,,True,QUEUE-000000546,PROC-QCS-92010F32B162,VAL-C62B370EC6C3,2D-3B-1.0.0,2026-07-26 08:37:02.172746,
QUEUE-000000547,HOSP-001,DEPT-ED,2026-07-01,2026-07-01,2026-07,Billing,145,142,3,53.3,56.0,,,,True,QUEUE-000000547,PROC-QCS-92010F32B162,VAL-C62B370EC6C3,2D-3B-1.0.0,2026-07-26 08:37:02.172746,
QUEUE-000000548,HOSP-001,DEPT-ED,2026-07-02,2026-07-02,2026-07,Consultation,128,126,2,53.9,53.5,,,,True,QUEUE-000000548,PROC-QCS-92010F32B162,VAL-C62B370EC6C3,2D-3B-1.0.0,2026-07-26 08:37:02.172746,
QUEUE-000000549,HOSP-001,DEPT-ED,2026-07-03,2026-07-03,2026-07,Billing,105,100,5,52.9,49.0,,,,True,QUEUE-000000549,PROC-QCS-92010F32B162,VAL-C62B370EC6C3,2D-3B-1.0.0,2026-07-26 08:37:02.172746,
QUEUE-000000550,HOSP-001,DEPT-ED,2026-07-04,2026-07-04,2026-07,Consultation,121,120,1,53.9,55.5,,,,True,QUEUE-000000550,PROC-QCS-92010F32B162,VAL-C62B370EC6C3,2D-3B-1.0.0,2026-07-26 08:37:02.172746,
QUEUE-000000551,HOSP-001,DEPT-ED,2026-07-05,2026-07-05,2026-07,Consultation,120,117,3,53.5,59.0,,,,True,QUEUE-000000551,PROC-QCS-92010F32B162,VAL-C62B370EC6C3,2D-3B-1.0.0,2026-07-26 08:37:02.172746,
QUEUE-000000552,HOSP-001,DEPT-ED,2026-07-06,2026-07-06,2026-07,Billing,127,121,6,53.1,52.0,,,,True,QUEUE-000000552,PROC-QCS-92010F32B162,VAL-C62B370EC6C3,2D-3B-1.0.0,2026-07-26 08:37:02.172746,
QUEUE-000000553,HOSP-001,DEPT-ED,2026-07-07,2026-07-07,2026-07,Triage,103,100,3,58.7,59.0,,,,True,QUEUE-000000553,PROC-QCS-92010F32B162,VAL-C62B370EC6C3,2D-3B-1.0.0,2026-07-26 08:37:02.172746,
QUEUE-000000554,HOSP-001,DEPT-ED,2026-07-08,2026-07-08,2026-07,Consultation,147,141,6,56.6,56.0,,,,True,QUEUE-000000554,PROC-QCS-92010F32B162,VAL-C62B370EC6C3,2D-3B-1.0.0,2026-07-26 08:37:02.172746,
QUEUE-000000555,HOSP-001,DEPT-ED,2026-07-09,2026-07-09,2026-07,Triage,119,116,3,55.9,54.0,,,,True,QUEUE-000000555,PROC-QCS-92010F32B162,VAL-C62B370EC6C3,2D-3B-1.0.0,2026-07-26 08:37:02.172746,
QUEUE-000000556,HOSP-001,DEPT-ED,2026-07-10,2026-07-10,2026-07,Pharmacy,99,95,4,58.0,58.0,,,,True,QUEUE-000000556,PROC-QCS-92010F32B162,VAL-C62B370EC6C3,2D-3B-1.0.0,2026-07-26 08:37:02.172746,
QUEUE-000000557,HOSP-001,DEPT-ED,2026-07-11,2026-07-11,2026-07,Triage,106,103,3,53.6,52.0,,,,True,QUEUE-000000557,PROC-QCS-92010F32B162,VAL-C62B370EC6C3,2D-3B-1.0.0,2026-07-26 08:37:02.172746,
QUEUE-000000558,HOSP-001,DEPT-ED,2026-07-12,2026-07-12,2026-07,Triage,116,115,1,52.0,55.0,,,,True,QUEUE-000000558,PROC-QCS-92010F32B162,VAL-C62B370EC6C3,2D-3B-1.0.0,2026-07-26 08:37:02.172746,
QUEUE-000000559,HOSP-001,DEPT-ED,2026-07-13,2026-07-13,2026-07,Consultation,114,106,8,55.8,54.5,,,,True,QUEUE-000000559,PROC-QCS-92010F32B162,VAL-C62B370EC6C3,2D-3B-1.0.0,2026-07-26 08:37:02.172746,
QUEUE-000000560,HOSP-001,DEPT-ED,2026-07-14,2026-07-14,2026-07,Pharmacy,126,124,2,56.2,55.5,,,,True,QUEUE-000000560,PROC-QCS-92010F32B162,VAL-C62B370EC6C3,2D-3B-1.0.0,2026-07-26 08:37:02.172746,
QUEUE-000000561,HOSP-001,DEPT-ED,2026-07-15,2026-07-15,2026-07,Triage,126,120,6,53.0,56.0,,,,True,QUEUE-000000561,PROC-QCS-92010F32B162,VAL-C62B370EC6C3,2D-3B-1.0.0,2026-07-26 08:37:02.172746,
QUEUE-000000562,HOSP-001,DEPT-ED,2026-07-16,2026-07-16,2026-07,Triage,110,103,7,51.1,54.0,,,,True,QUEUE-000000562,PROC-QCS-92010F32B162,VAL-C62B370EC6C3,2D-3B-1.0.0,2026-07-26 08:37:02.172746,
QUEUE-000000563,HOSP-001,DEPT-ED,2026-07-17,2026-07-17,2026-07,Billing,127,124,3,53.8,56.0,,,,True,QUEUE-000000563,PROC-QCS-92010F32B162,VAL-C62B370EC6C3,2D-3B-1.0.0,2026-07-26 08:37:02.172746,
QUEUE-000000564,HOSP-001,DEPT-ED,2026-07-18,2026-07-18,2026-07,Pharmacy,103,101,2,56.5,61.0,,,,True,QUEUE-000000564,PROC-QCS-92010F32B162,VAL-C62B370EC6C3,2D-3B-1.0.0,2026-07-26 08:37:02.172746,
QUEUE-000000565,HOSP-001,DEPT-ED,2026-07-19,2026-07-19,2026-07,Billing,122,118,4,49.4,50.5,,,,True,QUEUE-000000565,PROC-QCS-92010F32B162,VAL-C62B370EC6C3,2D-3B-1.0.0,2026-07-26 08:37:02.172746,
QUEUE-000000566,HOSP-001,DEPT-ED,2026-07-20,2026-07-20,2026-07,Pharmacy,122,116,6,58.1,61.0,,,,True,QUEUE-000000566,PROC-QCS-92010F32B162,VAL-C62B370EC6C3,2D-3B-1.0.0,2026-07-26 08:37:02.172746,
QUEUE-000000567,HOSP-001,DEPT-ED,2026-07-21,2026-07-21,2026-07,Registration,109,103,6,54.7,55.0,,,,True,QUEUE-000000567,PROC-QCS-92010F32B162,VAL-C62B370EC6C3,2D-3B-1.0.0,2026-07-26 08:37:02.172746,
QUEUE-000000568,HOSP-001,DEPT-ED,2026-07-22,2026-07-22,2026-07,Registration,122,121,1,55.6,57.0,,,,True,QUEUE-000000568,PROC-QCS-92010F32B162,VAL-C62B370EC6C3,2D-3B-1.0.0,2026-07-26 08:37:02.172746,
QUEUE-000000569,HOSP-001,DEPT-ED,2026-07-23,2026-07-23,2026-07,Consultation,111,108,3,51.5,48.5,,,,True,QUEUE-000000569,PROC-QCS-92010F32B162,VAL-C62B370EC6C3,2D-3B-1.0.0,2026-07-26 08:37:02.172746,
QUEUE-000000570,HOSP-001,DEPT-ED,2026-07-24,2026-07-24,2026-07,Triage,105,104,1,54.3,54.5,,,,True,QUEUE-000000570,PROC-QCS-92010F32B162,VAL-C62B370EC6C3,2D-3B-1.0.0,2026-07-26 08:37:02.172746,
QUEUE-000000571,HOSP-001,DEPT-ED,2026-07-25,2026-07-25,2026-07,Radiology,93,89,4,55.6,53.0,,,,True,QUEUE-000000571,PROC-QCS-92010F32B162,VAL-C62B370EC6C3,2D-3B-1.0.0,2026-07-26 08:37:02.172746,
QUEUE-000000572,HOSP-001,DEPT-ED,2026-07-26,2026-07-26,2026-07,Triage,125,121,4,55.8,56.0,,,,True,QUEUE-000000572,PROC-QCS-92010F32B162,VAL-C62B370EC6C3,2D-3B-1.0.0,2026-07-26 08:37:02.172746,
QUEUE-000000573,HOSP-001,DEPT-ED,2026-07-27,2026-07-27,2026-07,Pharmacy,129,127,2,51.4,54.0,,,,True,QUEUE-000000573,PROC-QCS-92010F32B162,VAL-C62B370EC6C3,2D-3B-1.0.0,2026-07-26 08:37:02.172746,
QUEUE-000000574,HOSP-001,DEPT-ED,2026-07-28,2026-07-28,2026-07,Billing,162,154,8,57.8,60.0,,,,True,QUEUE-000000574,PROC-QCS-92010F32B162,VAL-C62B370EC6C3,2D-3B-1.0.0,2026-07-26 08:37:02.172746,
QUEUE-000000575,HOSP-001,DEPT-ED,2026-07-29,2026-07-29,2026-07,Consultation,110,106,4,53.2,52.5,,,,True,QUEUE-000000575,PROC-QCS-92010F32B162,VAL-C62B370EC6C3,2D-3B-1.0.0,2026-07-26 08:37:02.172746,
QUEUE-000000576,HOSP-001,DEPT-ED,2026-07-30,2026-07-30,2026-07,Billing,134,133,1,55.8,59.0,,,,True,QUEUE-000000576,PROC-QCS-92010F32B162,VAL-C62B370EC6C3,2D-3B-1.0.0,2026-07-26 08:37:02.172746,
QUEUE-000000577,HOSP-001,DEPT-ED,2026-07-31,2026-07-31,2026-07,Registration,117,114,3,53.6,57.0,,,,True,QUEUE-000000577,PROC-QCS-92010F32B162,VAL-C62B370EC6C3,2D-3B-1.0.0,2026-07-26 08:37:02.172746,
QUEUE-000000578,HOSP-001,DEPT-ED,2026-08-01,2026-08-01,2026-08,Triage,124,119,5,38.4,38.0,,,,True,QUEUE-000000578,PROC-QCS-92010F32B162,VAL-C62B370EC6C3,2D-3B-1.0.0,2026-07-26 08:37:02.172746,
QUEUE-000000579,HOSP-001,DEPT-ED,2026-08-02,2026-08-02,2026-08,Triage,117,111,6,41.8,43.0,,,,True,QUEUE-000000579,PROC-QCS-92010F32B162,VAL-C62B370EC6C3,2D-3B-1.0.0,2026-07-26 08:37:02.172746,
QUEUE-000000580,HOSP-001,DEPT-ED,2026-08-03,2026-08-03,2026-08,Radiology,90,89,1,39.7,42.0,,,,True,QUEUE-000000580,PROC-QCS-92010F32B162,VAL-C62B370EC6C3,2D-3B-1.0.0,2026-07-26 08:37:02.172746,
QUEUE-000000581,HOSP-001,DEPT-ED,2026-08-04,2026-08-04,2026-08,Consultation,138,132,6,41.6,44.0,,,,True,QUEUE-000000581,PROC-QCS-92010F32B162,VAL-C62B370EC6C3,2D-3B-1.0.0,2026-07-26 08:37:02.172746,
QUEUE-000000582,HOSP-001,DEPT-ED,2026-08-05,2026-08-05,2026-08,Radiology,120,112,8,41.8,43.5,,,,True,QUEUE-000000582,PROC-QCS-92010F32B162,VAL-C62B370EC6C3,2D-3B-1.0.0,2026-07-26 08:37:02.172746,
QUEUE-000000583,HOSP-001,DEPT-ED,2026-08-06,2026-08-06,2026-08,Billing,112,108,4,38.7,39.5,,,,True,QUEUE-000000583,PROC-QCS-92010F32B162,VAL-C62B370EC6C3,2D-3B-1.0.0,2026-07-26 08:37:02.172746,
QUEUE-000000584,HOSP-001,DEPT-ED,2026-08-07,2026-08-07,2026-08,Billing,128,124,4,40.0,41.5,,,,True,QUEUE-000000584,PROC-QCS-92010F32B162,VAL-C62B370EC6C3,2D-3B-1.0.0,2026-07-26 08:37:02.172746,
QUEUE-000000585,HOSP-001,DEPT-ED,2026-08-08,2026-08-08,2026-08,Consultation,103,101,2,39.0,42.0,,,,True,QUEUE-000000585,PROC-QCS-92010F32B162,VAL-C62B370EC6C3,2D-3B-1.0.0,2026-07-26 08:37:02.172746,
QUEUE-000000586,HOSP-001,DEPT-ED,2026-08-09,2026-08-09,2026-08,Radiology,96,95,1,37.3,37.0,,,,True,QUEUE-000000586,PROC-QCS-92010F32B162,VAL-C62B370EC6C3,2D-3B-1.0.0,2026-07-26 08:37:02.172746,
QUEUE-000000587,HOSP-001,DEPT-ED,2026-08-10,2026-08-10,2026-08,Billing,106,103,3,40.8,39.0,,,,True,QUEUE-000000587,PROC-QCS-92010F32B162,VAL-C62B370EC6C3,2D-3B-1.0.0,2026-07-26 08:37:02.172746,
QUEUE-000000588,HOSP-001,DEPT-ED,2026-08-11,2026-08-11,2026-08,Triage,103,100,3,38.3,40.0,,,,True,QUEUE-000000588,PROC-QCS-92010F32B162,VAL-C62B370EC6C3,2D-3B-1.0.0,2026-07-26 08:37:02.172746,
QUEUE-000000589,HOSP-001,DEPT-ED,2026-08-12,2026-08-12,2026-08,Pharmacy,117,115,2,40.0,40.0,,,,True,QUEUE-000000589,PROC-QCS-92010F32B162,VAL-C62B370EC6C3,2D-3B-1.0.0,2026-07-26 08:37:02.172746,
QUEUE-000000590,HOSP-001,DEPT-ED,2026-08-13,2026-08-13,2026-08,Radiology,99,97,2,35.9,38.0,,,,True,QUEUE-000000590,PROC-QCS-92010F32B162,VAL-C62B370EC6C3,2D-3B-1.0.0,2026-07-26 08:37:02.172746,
QUEUE-000000591,HOSP-001,DEPT-ED,2026-08-14,2026-08-14,2026-08,Billing,111,107,4,37.9,38.0,,,,True,QUEUE-000000591,PROC-QCS-92010F32B162,VAL-C62B370EC6C3,2D-3B-1.0.0,2026-07-26 08:37:02.172746,
QUEUE-000000592,HOSP-001,DEPT-ED,2026-08-15,2026-08-15,2026-08,Billing,99,96,3,40.1,41.5,,,,True,QUEUE-000000592,PROC-QCS-92010F32B162,VAL-C62B370EC6C3,2D-3B-1.0.0,2026-07-26 08:37:02.172746,
QUEUE-000000593,HOSP-001,DEPT-ED,2026-08-16,2026-08-16,2026-08,Radiology,132,127,5,39.4,39.0,,,,True,QUEUE-000000593,PROC-QCS-92010F32B162,VAL-C62B370EC6C3,2D-3B-1.0.0,2026-07-26 08:37:02.172746,
QUEUE-000000594,HOSP-001,DEPT-ED,2026-08-17,2026-08-17,2026-08,Radiology,110,107,3,38.1,37.0,,,,True,QUEUE-000000594,PROC-QCS-92010F32B162,VAL-C62B370EC6C3,2D-3B-1.0.0,2026-07-26 08:37:02.172746,
QUEUE-000000595,HOSP-001,DEPT-ED,2026-08-18,2026-08-18,2026-08,Billing,137,129,8,40.0,42.0,,,,True,QUEUE-000000595,PROC-QCS-92010F32B162,VAL-C62B370EC6C3,2D-3B-1.0.0,2026-07-26 08:37:02.172746,
QUEUE-000000596,HOSP-001,DEPT-ED,2026-08-19,2026-08-19,2026-08,Pharmacy,98,97,1,42.1,44.0,,,,True,QUEUE-000000596,PROC-QCS-92010F32B162,VAL-C62B370EC6C3,2D-3B-1.0.0,2026-07-26 08:37:02.172746,
QUEUE-000000597,HOSP-001,DEPT-ED,2026-08-20,2026-08-20,2026-08,Billing,131,126,5,40.5,39.0,,,,True,QUEUE-000000597,PROC-QCS-92010F32B162,VAL-C62B370EC6C3,2D-3B-1.0.0,2026-07-26 08:37:02.172746,
QUEUE-000000598,HOSP-001,DEPT-ED,2026-08-21,2026-08-21,2026-08,Radiology,120,116,4,40.4,40.0,,,,True,QUEUE-000000598,PROC-QCS-92010F32B162,VAL-C62B370EC6C3,2D-3B-1.0.0,2026-07-26 08:37:02.172746,
QUEUE-000000599,HOSP-001,DEPT-ED,2026-08-22,2026-08-22,2026-08,Billing,124,123,1,41.9,44.0,,,,True,QUEUE-000000599,PROC-QCS-92010F32B162,VAL-C62B370EC6C3,2D-3B-1.0.0,2026-07-26 08:37:02.172746,
QUEUE-000000600,HOSP-001,DEPT-ED,2026-08-23,2026-08-23,2026-08,Billing,130,128,2,41.7,43.0,,,,True,QUEUE-000000600,PROC-QCS-92010F32B162,VAL-C62B370EC6C3,2D-3B-1.0.0,2026-07-26 08:37:02.172746,
QUEUE-000000601,HOSP-001,DEPT-ED,2026-08-24,2026-08-24,2026-08,Billing,124,123,1,40.2,43.0,,,,True,QUEUE-000000601,PROC-QCS-92010F32B162,VAL-C62B370EC6C3,2D-3B-1.0.0,2026-07-26 08:37:02.172746,
QUEUE-000000602,HOSP-001,DEPT-ED,2026-08-25,2026-08-25,2026-08,Triage,98,95,3,35.9,37.0,,,,True,QUEUE-000000602,PROC-QCS-92010F32B162,VAL-C62B370EC6C3,2D-3B-1.0.0,2026-07-26 08:37:02.172746,
QUEUE-000000603,HOSP-001,DEPT-ED,2026-08-26,2026-08-26,2026-08,Radiology,99,96,3,42.3,44.0,,,,True,QUEUE-000000603,PROC-QCS-92010F32B162,VAL-C62B370EC6C3,2D-3B-1.0.0,2026-07-26 08:37:02.172746,
QUEUE-000000604,HOSP-001,DEPT-ED,2026-08-27,2026-08-27,2026-08,Radiology,96,91,5,39.2,36.0,,,,True,QUEUE-000000604,PROC-QCS-92010F32B162,VAL-C62B370EC6C3,2D-3B-1.0.0,2026-07-26 08:37:02.172746,
QUEUE-000000605,HOSP-001,DEPT-ED,2026-08-28,2026-08-28,2026-08,Billing,123,117,6,42.6,45.0,,,,True,QUEUE-000000605,PROC-QCS-92010F32B162,VAL-C62B370EC6C3,2D-3B-1.0.0,2026-07-26 08:37:02.172746,
QUEUE-000000606,HOSP-001,DEPT-ED,2026-08-29,2026-08-29,2026-08,Registration,100,98,2,43.0,42.0,,,,True,QUEUE-000000606,PROC-QCS-92010F32B162,VAL-C62B370EC6C3,2D-3B-1.0.0,2026-07-26 08:37:02.172746,
QUEUE-000000607,HOSP-001,DEPT-ED,2026-08-30,2026-08-30,2026-08,Radiology,106,104,2,38.3,40.0,,,,True,QUEUE-000000607,PROC-QCS-92010F32B162,VAL-C62B370EC6C3,2D-3B-1.0.0,2026-07-26 08:37:02.172746,
QUEUE-000000608,HOSP-001,DEPT-ED,2026-08-31,2026-08-31,2026-08,Pharmacy,103,98,5,38.0,38.0,,,,True,QUEUE-000000608,PROC-QCS-92010F32B162,VAL-C62B370EC6C3,2D-3B-1.0.0,2026-07-26 08:37:02.172746,
QUEUE-000000609,HOSP-001,DEPT-ED,2026-09-01,2026-09-01,2026-09,Registration,109,105,4,42.5,45.0,,,,True,QUEUE-000000609,PROC-QCS-92010F32B162,VAL-C62B370EC6C3,2D-3B-1.0.0,2026-07-26 08:37:02.172746,
QUEUE-000000610,HOSP-001,DEPT-ED,2026-09-02,2026-09-02,2026-09,Triage,92,90,2,41.3,45.0,,,,True,QUEUE-000000610,PROC-QCS-92010F32B162,VAL-C62B370EC6C3,2D-3B-1.0.0,2026-07-26 08:37:02.172746,
QUEUE-000000611,HOSP-001,DEPT-ED,2026-09-03,2026-09-03,2026-09,Triage,122,120,2,42.7,44.5,,,,True,QUEUE-000000611,PROC-QCS-92010F32B162,VAL-C62B370EC6C3,2D-3B-1.0.0,2026-07-26 08:37:02.172746,
QUEUE-000000612,HOSP-001,DEPT-ED,2026-09-04,2026-09-04,2026-09,Consultation,128,124,4,39.1,40.0,,,,True,QUEUE-000000612,PROC-QCS-92010F32B162,VAL-C62B370EC6C3,2D-3B-1.0.0,2026-07-26 08:37:02.172746,
QUEUE-000000613,HOSP-001,DEPT-ED,2026-09-05,2026-09-05,2026-09,Registration,136,130,6,38.0,38.0,,,,True,QUEUE-000000613,PROC-QCS-92010F32B162,VAL-C62B370EC6C3,2D-3B-1.0.0,2026-07-26 08:37:02.172746,
QUEUE-000000614,HOSP-001,DEPT-ED,2026-09-06,2026-09-06,2026-09,Radiology,86,86,0,35.5,34.0,,,,True,QUEUE-000000614,PROC-QCS-92010F32B162,VAL-C62B370EC6C3,2D-3B-1.0.0,2026-07-26 08:37:02.172746,
QUEUE-000000615,HOSP-001,DEPT-ED,2026-09-07,2026-09-07,2026-09,Consultation,112,110,2,40.4,41.5,,,,True,QUEUE-000000615,PROC-QCS-92010F32B162,VAL-C62B370EC6C3,2D-3B-1.0.0,2026-07-26 08:37:02.172746,
QUEUE-000000616,HOSP-001,DEPT-ED,2026-09-08,2026-09-08,2026-09,Registration,131,128,3,41.4,42.5,,,,True,QUEUE-000000616,PROC-QCS-92010F32B162,VAL-C62B370EC6C3,2D-3B-1.0.0,2026-07-26 08:37:02.172746,
QUEUE-000000617,HOSP-001,DEPT-ED,2026-09-09,2026-09-09,2026-09,Pharmacy,125,118,7,41.3,43.0,,,,True,QUEUE-000000617,PROC-QCS-92010F32B162,VAL-C62B370EC6C3,2D-3B-1.0.0,2026-07-26 08:37:02.172746,
QUEUE-000000618,HOSP-001,DEPT-ED,2026-09-10,2026-09-10,2026-09,Registration,98,95,3,40.6,43.0,,,,True,QUEUE-000000618,PROC-QCS-92010F32B162,VAL-C62B370EC6C3,2D-3B-1.0.0,2026-07-26 08:37:02.172746,
QUEUE-000000619,HOSP-001,DEPT-ED,2026-09-11,2026-09-11,2026-09,Radiology,93,92,1,37.6,35.0,,,,True,QUEUE-000000619,PROC-QCS-92010F32B162,VAL-C62B370EC6C3,2D-3B-1.0.0,2026-07-26 08:37:02.172746,
QUEUE-000000620,HOSP-001,DEPT-ED,2026-09-12,2026-09-12,2026-09,Pharmacy,106,102,4,41.2,40.5,,,,True,QUEUE-000000620,PROC-QCS-92010F32B162,VAL-C62B370EC6C3,2D-3B-1.0.0,2026-07-26 08:37:02.172746,
QUEUE-000000621,HOSP-001,DEPT-ED,2026-09-13,2026-09-13,2026-09,Pharmacy,108,106,2,40.0,39.0,,,,True,QUEUE-000000621,PROC-QCS-92010F32B162,VAL-C62B370EC6C3,2D-3B-1.0.0,2026-07-26 08:37:02.172746,
QUEUE-000000622,HOSP-001,DEPT-ED,2026-09-14,2026-09-14,2026-09,Billing,96,89,7,37.5,38.0,,,,True,QUEUE-000000622,PROC-QCS-92010F32B162,VAL-C62B370EC6C3,2D-3B-1.0.0,2026-07-26 08:37:02.172746,
QUEUE-000000623,HOSP-001,DEPT-ED,2026-09-15,2026-09-15,2026-09,Consultation,98,95,3,40.7,42.0,,,,True,QUEUE-000000623,PROC-QCS-92010F32B162,VAL-C62B370EC6C3,2D-3B-1.0.0,2026-07-26 08:37:02.172746,
QUEUE-000000624,HOSP-001,DEPT-ED,2026-09-16,2026-09-16,2026-09,Pharmacy,99,96,3,40.7,43.0,,,,True,QUEUE-000000624,PROC-QCS-92010F32B162,VAL-C62B370EC6C3,2D-3B-1.0.0,2026-07-26 08:37:02.172746,
QUEUE-000000625,HOSP-001,DEPT-ED,2026-09-17,2026-09-17,2026-09,Radiology,99,97,2,42.6,43.0,,,,True,QUEUE-000000625,PROC-QCS-92010F32B162,VAL-C62B370EC6C3,2D-3B-1.0.0,2026-07-26 08:37:02.172746,
QUEUE-000000626,HOSP-001,DEPT-ED,2026-09-18,2026-09-18,2026-09,Triage,113,108,5,42.2,41.5,,,,True,QUEUE-000000626,PROC-QCS-92010F32B162,VAL-C62B370EC6C3,2D-3B-1.0.0,2026-07-26 08:37:02.172746,
QUEUE-000000627,HOSP-001,DEPT-ED,2026-09-19,2026-09-19,2026-09,Triage,134,133,1,40.4,41.0,,,,True,QUEUE-000000627,PROC-QCS-92010F32B162,VAL-C62B370EC6C3,2D-3B-1.0.0,2026-07-26 08:37:02.172746,
QUEUE-000000628,HOSP-001,DEPT-ED,2026-09-20,2026-09-20,2026-09,Billing,114,110,4,39.7,42.5,,,,True,QUEUE-000000628,PROC-QCS-92010F32B162,VAL-C62B370EC6C3,2D-3B-1.0.0,2026-07-26 08:37:02.172746,
QUEUE-000000629,HOSP-001,DEPT-ED,2026-09-21,2026-09-21,2026-09,Radiology,103,103,0,43.9,45.0,,,,True,QUEUE-000000629,PROC-QCS-92010F32B162,VAL-C62B370EC6C3,2D-3B-1.0.0,2026-07-26 08:37:02.172746,
QUEUE-000000630,HOSP-001,DEPT-ED,2026-09-22,2026-09-22,2026-09,Pharmacy,95,94,1,39.6,39.5,,,,True,QUEUE-000000630,PROC-QCS-92010F32B162,VAL-C62B370EC6C3,2D-3B-1.0.0,2026-07-26 08:37:02.172746,
QUEUE-000000631,HOSP-001,DEPT-ED,2026-09-23,2026-09-23,2026-09,Radiology,98,96,2,41.1,43.5,,,,True,QUEUE-000000631,PROC-QCS-92010F32B162,VAL-C62B370EC6C3,2D-3B-1.0.0,2026-07-26 08:37:02.172746,
QUEUE-000000632,HOSP-001,DEPT-ED,2026-09-24,2026-09-24,2026-09,Radiology,116,110,6,41.4,43.0,,,,True,QUEUE-000000632,PROC-QCS-92010F32B162,VAL-C62B370EC6C3,2D-3B-1.0.0,2026-07-26 08:37:02.172746,
QUEUE-000000633,HOSP-001,DEPT-ED,2026-09-25,2026-09-25,2026-09,Billing,111,106,5,40.5,40.0,,,,True,QUEUE-000000633,PROC-QCS-92010F32B162,VAL-C62B370EC6C3,2D-3B-1.0.0,2026-07-26 08:37:02.172746,
QUEUE-000000634,HOSP-001,DEPT-ED,2026-09-26,2026-09-26,2026-09,Consultation,108,107,1,39.9,42.0,,,,True,QUEUE-000000634,PROC-QCS-92010F32B162,VAL-C62B370EC6C3,2D-3B-1.0.0,2026-07-26 08:37:02.172746,
QUEUE-000000635,HOSP-001,DEPT-ED,2026-09-27,2026-09-27,2026-09,Registration,110,107,3,44.1,46.0,,,,True,QUEUE-000000635,PROC-QCS-92010F32B162,VAL-C62B370EC6C3,2D-3B-1.0.0,2026-07-26 08:37:02.172746,
QUEUE-000000636,HOSP-001,DEPT-ED,2026-09-28,2026-09-28,2026-09,Consultation,107,106,1,39.7,42.0,,,,True,QUEUE-000000636,PROC-QCS-92010F32B162,VAL-C62B370EC6C3,2D-3B-1.0.0,2026-07-26 08:37:02.172746,
QUEUE-000000637,HOSP-001,DEPT-ED,2026-09-29,2026-09-29,2026-09,Triage,122,119,3,38.5,41.0,,,,True,QUEUE-000000637,PROC-QCS-92010F32B162,VAL-C62B370EC6C3,2D-3B-1.0.0,2026-07-26 08:37:02.172746,
QUEUE-000000638,HOSP-001,DEPT-ED,2026-09-30,2026-09-30,2026-09,Consultation,107,103,4,41.6,41.0,,,,True,QUEUE-000000638,PROC-QCS-92010F32B162,VAL-C62B370EC6C3,2D-3B-1.0.0,2026-07-26 08:37:02.172746,
QUEUE-000000639,HOSP-001,DEPT-ED,2026-10-01,2026-10-01,2026-10,Consultation,120,118,2,42.0,44.0,,,,True,QUEUE-000000639,PROC-QCS-92010F32B162,VAL-C62B370EC6C3,2D-3B-1.0.0,2026-07-26 08:37:02.172746,
QUEUE-000000640,HOSP-001,DEPT-ED,2026-10-02,2026-10-02,2026-10,Radiology,117,114,3,40.2,38.5,,,,True,QUEUE-000000640,PROC-QCS-92010F32B162,VAL-C62B370EC6C3,2D-3B-1.0.0,2026-07-26 08:37:02.172746,
QUEUE-000000641,HOSP-001,DEPT-ED,2026-10-03,2026-10-03,2026-10,Pharmacy,105,99,6,38.9,41.0,,,,True,QUEUE-000000641,PROC-QCS-92010F32B162,VAL-C62B370EC6C3,2D-3B-1.0.0,2026-07-26 08:37:02.172746,
QUEUE-000000642,HOSP-001,DEPT-ED,2026-10-04,2026-10-04,2026-10,Pharmacy,139,138,1,39.2,39.0,,,,True,QUEUE-000000642,PROC-QCS-92010F32B162,VAL-C62B370EC6C3,2D-3B-1.0.0,2026-07-26 08:37:02.172746,
QUEUE-000000643,HOSP-001,DEPT-ED,2026-10-05,2026-10-05,2026-10,Pharmacy,102,99,3,40.9,44.0,,,,True,QUEUE-000000643,PROC-QCS-92010F32B162,VAL-C62B370EC6C3,2D-3B-1.0.0,2026-07-26 08:37:02.172746,
QUEUE-000000644,HOSP-001,DEPT-ED,2026-10-06,2026-10-06,2026-10,Radiology,115,113,2,41.6,44.0,,,,True,QUEUE-000000644,PROC-QCS-92010F32B162,VAL-C62B370EC6C3,2D-3B-1.0.0,2026-07-26 08:37:02.172746,
QUEUE-000000645,HOSP-001,DEPT-ED,2026-10-07,2026-10-07,2026-10,Registration,118,111,7,38.2,37.0,,,,True,QUEUE-000000645,PROC-QCS-92010F32B162,VAL-C62B370EC6C3,2D-3B-1.0.0,2026-07-26 08:37:02.172746,
QUEUE-000000646,HOSP-001,DEPT-ED,2026-10-08,2026-10-08,2026-10,Billing,124,116,8,40.1,40.0,,,,True,QUEUE-000000646,PROC-QCS-92010F32B162,VAL-C62B370EC6C3,2D-3B-1.0.0,2026-07-26 08:37:02.172746,
QUEUE-000000647,HOSP-001,DEPT-ED,2026-10-09,2026-10-09,2026-10,Consultation,102,100,2,39.5,39.5,,,,True,QUEUE-000000647,PROC-QCS-92010F32B162,VAL-C62B370EC6C3,2D-3B-1.0.0,2026-07-26 08:37:02.172746,
QUEUE-000000648,HOSP-001,DEPT-ED,2026-10-10,2026-10-10,2026-10,Billing,111,106,5,42.1,40.5,,,,True,QUEUE-000000648,PROC-QCS-92010F32B162,VAL-C62B370EC6C3,2D-3B-1.0.0,2026-07-26 08:37:02.172746,
QUEUE-000000649,HOSP-001,DEPT-ED,2026-10-11,2026-10-11,2026-10,Consultation,107,103,4,40.3,41.0,,,,True,QUEUE-000000649,PROC-QCS-92010F32B162,VAL-C62B370EC6C3,2D-3B-1.0.0,2026-07-26 08:37:02.172746,
QUEUE-000000650,HOSP-001,DEPT-ED,2026-10-12,2026-10-12,2026-10,Pharmacy,95,94,1,41.3,43.0,,,,True,QUEUE-000000650,PROC-QCS-92010F32B162,VAL-C62B370EC6C3,2D-3B-1.0.0,2026-07-26 08:37:02.172746,
QUEUE-000000651,HOSP-001,DEPT-ED,2026-10-13,2026-10-13,2026-10,Triage,106,105,1,40.9,40.0,,,,True,QUEUE-000000651,PROC-QCS-92010F32B162,VAL-C62B370EC6C3,2D-3B-1.0.0,2026-07-26 08:37:02.172746,
QUEUE-000000652,HOSP-001,DEPT-ED,2026-10-14,2026-10-14,2026-10,Pharmacy,129,119,10,40.2,41.0,,,,True,QUEUE-000000652,PROC-QCS-92010F32B162,VAL-C62B370EC6C3,2D-3B-1.0.0,2026-07-26 08:37:02.172746,
QUEUE-000000653,HOSP-001,DEPT-ED,2026-10-15,2026-10-15,2026-10,Registration,86,85,1,38.9,36.0,,,,True,QUEUE-000000653,PROC-QCS-92010F32B162,VAL-C62B370EC6C3,2D-3B-1.0.0,2026-07-26 08:37:02.172746,
QUEUE-000000654,HOSP-001,DEPT-ED,2026-10-16,2026-10-16,2026-10,Registration,100,98,2,39.1,38.0,,,,True,QUEUE-000000654,PROC-QCS-92010F32B162,VAL-C62B370EC6C3,2D-3B-1.0.0,2026-07-26 08:37:02.172746,
QUEUE-000000655,HOSP-001,DEPT-ED,2026-10-17,2026-10-17,2026-10,Pharmacy,121,120,1,40.4,42.0,,,,True,QUEUE-000000655,PROC-QCS-92010F32B162,VAL-C62B370EC6C3,2D-3B-1.0.0,2026-07-26 08:37:02.172746,
QUEUE-000000656,HOSP-001,DEPT-ED,2026-10-18,2026-10-18,2026-10,Billing,103,100,3,40.0,38.5,,,,True,QUEUE-000000656,PROC-QCS-92010F32B162,VAL-C62B370EC6C3,2D-3B-1.0.0,2026-07-26 08:37:02.172746,
QUEUE-000000657,HOSP-001,DEPT-ED,2026-10-19,2026-10-19,2026-10,Radiology,120,118,2,41.2,42.5,,,,True,QUEUE-000000657,PROC-QCS-92010F32B162,VAL-C62B370EC6C3,2D-3B-1.0.0,2026-07-26 08:37:02.172746,
QUEUE-000000658,HOSP-001,DEPT-ED,2026-10-20,2026-10-20,2026-10,Triage,93,91,2,39.6,39.0,,,,True,QUEUE-000000658,PROC-QCS-92010F32B162,VAL-C62B370EC6C3,2D-3B-1.0.0,2026-07-26 08:37:02.172746,
QUEUE-000000659,HOSP-001,DEPT-ED,2026-10-21,2026-10-21,2026-10,Registration,113,104,9,33.9,35.0,,,,True,QUEUE-000000659,PROC-QCS-92010F32B162,VAL-C62B370EC6C3,2D-3B-1.0.0,2026-07-26 08:37:02.172746,
QUEUE-000000660,HOSP-001,DEPT-ED,2026-10-22,2026-10-22,2026-10,Consultation,124,115,9,41.2,42.0,,,,True,QUEUE-000000660,PROC-QCS-92010F32B162,VAL-C62B370EC6C3,2D-3B-1.0.0,2026-07-26 08:37:02.172746,
QUEUE-000000661,HOSP-001,DEPT-ED,2026-10-23,2026-10-23,2026-10,Pharmacy,104,99,5,41.4,40.0,,,,True,QUEUE-000000661,PROC-QCS-92010F32B162,VAL-C62B370EC6C3,2D-3B-1.0.0,2026-07-26 08:37:02.172746,
QUEUE-000000662,HOSP-001,DEPT-ED,2026-10-24,2026-10-24,2026-10,Registration,93,90,3,39.4,38.5,,,,True,QUEUE-000000662,PROC-QCS-92010F32B162,VAL-C62B370EC6C3,2D-3B-1.0.0,2026-07-26 08:37:02.172746,
QUEUE-000000663,HOSP-001,DEPT-ED,2026-10-25,2026-10-25,2026-10,Pharmacy,121,117,4,40.8,43.0,,,,True,QUEUE-000000663,PROC-QCS-92010F32B162,VAL-C62B370EC6C3,2D-3B-1.0.0,2026-07-26 08:37:02.172746,
QUEUE-000000664,HOSP-001,DEPT-ED,2026-10-26,2026-10-26,2026-10,Registration,104,98,6,39.3,41.5,,,,True,QUEUE-000000664,PROC-QCS-92010F32B162,VAL-C62B370EC6C3,2D-3B-1.0.0,2026-07-26 08:37:02.172746,
QUEUE-000000665,HOSP-001,DEPT-ED,2026-10-27,2026-10-27,2026-10,Billing,115,111,4,41.9,42.0,,,,True,QUEUE-000000665,PROC-QCS-92010F32B162,VAL-C62B370EC6C3,2D-3B-1.0.0,2026-07-26 08:37:02.172746,
QUEUE-000000666,HOSP-001,DEPT-ED,2026-10-28,2026-10-28,2026-10,Consultation,115,112,3,38.7,38.0,,,,True,QUEUE-000000666,PROC-QCS-92010F32B162,VAL-C62B370EC6C3,2D-3B-1.0.0,2026-07-26 08:37:02.172746,
QUEUE-000000667,HOSP-001,DEPT-ED,2026-10-29,2026-10-29,2026-10,Registration,101,98,3,38.1,38.0,,,,True,QUEUE-000000667,PROC-QCS-92010F32B162,VAL-C62B370EC6C3,2D-3B-1.0.0,2026-07-26 08:37:02.172746,
QUEUE-000000668,HOSP-001,DEPT-ED,2026-10-30,2026-10-30,2026-10,Consultation,118,113,5,38.9,39.0,,,,True,QUEUE-000000668,PROC-QCS-92010F32B162,VAL-C62B370EC6C3,2D-3B-1.0.0,2026-07-26 08:37:02.172746,
QUEUE-000000669,HOSP-001,DEPT-ED,2026-10-31,2026-10-31,2026-10,Consultation,111,110,1,41.1,41.5,,,,True,QUEUE-000000669,PROC-QCS-92010F32B162,VAL-C62B370EC6C3,2D-3B-1.0.0,2026-07-26 08:37:02.172746,
QUEUE-000000670,HOSP-001,DEPT-ED,2026-11-01,2026-11-01,2026-11,Consultation,112,107,5,43.6,44.0,,,,True,QUEUE-000000670,PROC-QCS-92010F32B162,VAL-C62B370EC6C3,2D-3B-1.0.0,2026-07-26 08:37:02.172746,
QUEUE-000000671,HOSP-001,DEPT-ED,2026-11-02,2026-11-02,2026-11,Radiology,110,106,4,40.3,40.0,,,,True,QUEUE-000000671,PROC-QCS-92010F32B162,VAL-C62B370EC6C3,2D-3B-1.0.0,2026-07-26 08:37:02.172746,
QUEUE-000000672,HOSP-001,DEPT-ED,2026-11-03,2026-11-03,2026-11,Billing,118,115,3,40.2,41.0,,,,True,QUEUE-000000672,PROC-QCS-92010F32B162,VAL-C62B370EC6C3,2D-3B-1.0.0,2026-07-26 08:37:02.172746,
QUEUE-000000673,HOSP-001,DEPT-ED,2026-11-04,2026-11-04,2026-11,Registration,127,125,2,39.8,40.0,,,,True,QUEUE-000000673,PROC-QCS-92010F32B162,VAL-C62B370EC6C3,2D-3B-1.0.0,2026-07-26 08:37:02.172746,
QUEUE-000000674,HOSP-001,DEPT-ED,2026-11-05,2026-11-05,2026-11,Triage,105,99,6,42.0,41.0,,,,True,QUEUE-000000674,PROC-QCS-92010F32B162,VAL-C62B370EC6C3,2D-3B-1.0.0,2026-07-26 08:37:02.172746,
QUEUE-000000675,HOSP-001,DEPT-ED,2026-11-06,2026-11-06,2026-11,Consultation,104,102,2,40.5,41.0,,,,True,QUEUE-000000675,PROC-QCS-92010F32B162,VAL-C62B370EC6C3,2D-3B-1.0.0,2026-07-26 08:37:02.172746,
QUEUE-000000676,HOSP-001,DEPT-ED,2026-11-07,2026-11-07,2026-11,Pharmacy,99,95,4,37.9,40.0,,,,True,QUEUE-000000676,PROC-QCS-92010F32B162,VAL-C62B370EC6C3,2D-3B-1.0.0,2026-07-26 08:37:02.172746,
QUEUE-000000677,HOSP-001,DEPT-ED,2026-11-08,2026-11-08,2026-11,Registration,121,115,6,42.7,45.0,,,,True,QUEUE-000000677,PROC-QCS-92010F32B162,VAL-C62B370EC6C3,2D-3B-1.0.0,2026-07-26 08:37:02.172746,
QUEUE-000000678,HOSP-001,DEPT-ED,2026-11-09,2026-11-09,2026-11,Consultation,117,116,1,40.2,42.0,,,,True,QUEUE-000000678,PROC-QCS-92010F32B162,VAL-C62B370EC6C3,2D-3B-1.0.0,2026-07-26 08:37:02.172746,
QUEUE-000000679,HOSP-001,DEPT-ED,2026-11-10,2026-11-10,2026-11,Consultation,96,91,5,41.6,44.0,,,,True,QUEUE-000000679,PROC-QCS-92010F32B162,VAL-C62B370EC6C3,2D-3B-1.0.0,2026-07-26 08:37:02.172746,
QUEUE-000000680,HOSP-001,DEPT-ED,2026-11-11,2026-11-11,2026-11,Registration,118,115,3,40.0,39.0,,,,True,QUEUE-000000680,PROC-QCS-92010F32B162,VAL-C62B370EC6C3,2D-3B-1.0.0,2026-07-26 08:37:02.172746,
QUEUE-000000681,HOSP-001,DEPT-ED,2026-11-12,2026-11-12,2026-11,Triage,117,115,2,39.6,41.0,,,,True,QUEUE-000000681,PROC-QCS-92010F32B162,VAL-C62B370EC6C3,2D-3B-1.0.0,2026-07-26 08:37:02.172746,
QUEUE-000000682,HOSP-001,DEPT-ED,2026-11-13,2026-11-13,2026-11,Billing,94,92,2,39.4,39.0,,,,True,QUEUE-000000682,PROC-QCS-92010F32B162,VAL-C62B370EC6C3,2D-3B-1.0.0,2026-07-26 08:37:02.172746,
QUEUE-000000683,HOSP-001,DEPT-ED,2026-11-14,2026-11-14,2026-11,Triage,111,109,2,40.9,41.0,,,,True,QUEUE-000000683,PROC-QCS-92010F32B162,VAL-C62B370EC6C3,2D-3B-1.0.0,2026-07-26 08:37:02.172746,
QUEUE-000000684,HOSP-001,DEPT-ED,2026-11-15,2026-11-15,2026-11,Billing,122,117,5,40.2,42.0,,,,True,QUEUE-000000684,PROC-QCS-92010F32B162,VAL-C62B370EC6C3,2D-3B-1.0.0,2026-07-26 08:37:02.172746,
QUEUE-000000685,HOSP-001,DEPT-ED,2026-11-16,2026-11-16,2026-11,Consultation,98,97,1,42.2,43.0,,,,True,QUEUE-000000685,PROC-QCS-92010F32B162,VAL-C62B370EC6C3,2D-3B-1.0.0,2026-07-26 08:37:02.172746,
QUEUE-000000686,HOSP-001,DEPT-ED,2026-11-17,2026-11-17,2026-11,Consultation,104,101,3,41.1,42.0,,,,True,QUEUE-000000686,PROC-QCS-92010F32B162,VAL-C62B370EC6C3,2D-3B-1.0.0,2026-07-26 08:37:02.172746,
QUEUE-000000687,HOSP-001,DEPT-ED,2026-11-18,2026-11-18,2026-11,Consultation,107,105,2,38.8,39.0,,,,True,QUEUE-000000687,PROC-QCS-92010F32B162,VAL-C62B370EC6C3,2D-3B-1.0.0,2026-07-26 08:37:02.172746,
QUEUE-000000688,HOSP-001,DEPT-ED,2026-11-19,2026-11-19,2026-11,Registration,111,105,6,40.4,41.0,,,,True,QUEUE-000000688,PROC-QCS-92010F32B162,VAL-C62B370EC6C3,2D-3B-1.0.0,2026-07-26 08:37:02.172746,
QUEUE-000000689,HOSP-001,DEPT-ED,2026-11-20,2026-11-20,2026-11,Consultation,98,94,4,42.2,40.0,,,,True,QUEUE-000000689,PROC-QCS-92010F32B162,VAL-C62B370EC6C3,2D-3B-1.0.0,2026-07-26 08:37:02.172746,
QUEUE-000000690,HOSP-001,DEPT-ED,2026-11-21,2026-11-21,2026-11,Registration,120,116,4,40.8,41.5,,,,True,QUEUE-000000690,PROC-QCS-92010F32B162,VAL-C62B370EC6C3,2D-3B-1.0.0,2026-07-26 08:37:02.172746,
QUEUE-000000691,HOSP-001,DEPT-ED,2026-11-22,2026-11-22,2026-11,Triage,121,119,2,40.8,43.0,,,,True,QUEUE-000000691,PROC-QCS-92010F32B162,VAL-C62B370EC6C3,2D-3B-1.0.0,2026-07-26 08:37:02.172746,
QUEUE-000000692,HOSP-001,DEPT-ED,2026-11-23,2026-11-23,2026-11,Radiology,121,116,5,40.7,43.5,,,,True,QUEUE-000000692,PROC-QCS-92010F32B162,VAL-C62B370EC6C3,2D-3B-1.0.0,2026-07-26 08:37:02.172746,
QUEUE-000000693,HOSP-001,DEPT-ED,2026-11-24,2026-11-24,2026-11,Consultation,108,104,4,40.9,42.0,,,,True,QUEUE-000000693,PROC-QCS-92010F32B162,VAL-C62B370EC6C3,2D-3B-1.0.0,2026-07-26 08:37:02.172746,
QUEUE-000000694,HOSP-001,DEPT-ED,2026-11-25,2026-11-25,2026-11,Consultation,104,98,6,40.5,43.5,,,,True,QUEUE-000000694,PROC-QCS-92010F32B162,VAL-C62B370EC6C3,2D-3B-1.0.0,2026-07-26 08:37:02.172746,
QUEUE-000000695,HOSP-001,DEPT-ED,2026-11-26,2026-11-26,2026-11,Triage,151,149,2,39.3,39.0,,,,True,QUEUE-000000695,PROC-QCS-92010F32B162,VAL-C62B370EC6C3,2D-3B-1.0.0,2026-07-26 08:37:02.172746,
QUEUE-000000696,HOSP-001,DEPT-ED,2026-11-27,2026-11-27,2026-11,Pharmacy,114,113,1,36.2,36.0,,,,True,QUEUE-000000696,PROC-QCS-92010F32B162,VAL-C62B370EC6C3,2D-3B-1.0.0,2026-07-26 08:37:02.172746,
QUEUE-000000697,HOSP-001,DEPT-ED,2026-11-28,2026-11-28,2026-11,Registration,122,121,1,39.3,42.0,,,,True,QUEUE-000000697,PROC-QCS-92010F32B162,VAL-C62B370EC6C3,2D-3B-1.0.0,2026-07-26 08:37:02.172746,
QUEUE-000000698,HOSP-001,DEPT-ED,2026-11-29,2026-11-29,2026-11,Pharmacy,124,120,4,40.0,40.0,,,,True,QUEUE-000000698,PROC-QCS-92010F32B162,VAL-C62B370EC6C3,2D-3B-1.0.0,2026-07-26 08:37:02.172746,
QUEUE-000000699,HOSP-001,DEPT-ED,2026-11-30,2026-11-30,2026-11,Radiology,124,121,3,41.0,42.0,,,,True,QUEUE-000000699,PROC-QCS-92010F32B162,VAL-C62B370EC6C3,2D-3B-1.0.0,2026-07-26 08:37:02.172746,
QUEUE-000000700,HOSP-001,DEPT-ED,2026-12-01,2026-12-01,2026-12,Registration,91,84,7,39.5,39.0,,,,True,QUEUE-000000700,PROC-QCS-92010F32B162,VAL-C62B370EC6C3,2D-3B-1.0.0,2026-07-26 08:37:02.172746,
QUEUE-000000701,HOSP-001,DEPT-ED,2026-12-02,2026-12-02,2026-12,Registration,109,105,4,42.1,42.0,,,,True,QUEUE-000000701,PROC-QCS-92010F32B162,VAL-C62B370EC6C3,2D-3B-1.0.0,2026-07-26 08:37:02.172746,
QUEUE-000000702,HOSP-001,DEPT-ED,2026-12-03,2026-12-03,2026-12,Triage,122,119,3,37.4,37.0,,,,True,QUEUE-000000702,PROC-QCS-92010F32B162,VAL-C62B370EC6C3,2D-3B-1.0.0,2026-07-26 08:37:02.172746,
QUEUE-000000703,HOSP-001,DEPT-ED,2026-12-04,2026-12-04,2026-12,Pharmacy,110,109,1,41.3,43.0,,,,True,QUEUE-000000703,PROC-QCS-92010F32B162,VAL-C62B370EC6C3,2D-3B-1.0.0,2026-07-26 08:37:02.172746,
QUEUE-000000704,HOSP-001,DEPT-ED,2026-12-05,2026-12-05,2026-12,Consultation,90,87,3,36.3,32.0,,,,True,QUEUE-000000704,PROC-QCS-92010F32B162,VAL-C62B370EC6C3,2D-3B-1.0.0,2026-07-26 08:37:02.172746,
QUEUE-000000705,HOSP-001,DEPT-ED,2026-12-06,2026-12-06,2026-12,Radiology,98,97,1,41.3,42.0,,,,True,QUEUE-000000705,PROC-QCS-92010F32B162,VAL-C62B370EC6C3,2D-3B-1.0.0,2026-07-26 08:37:02.172746,
QUEUE-000000706,HOSP-001,DEPT-ED,2026-12-07,2026-12-07,2026-12,Radiology,110,108,2,41.1,42.5,,,,True,QUEUE-000000706,PROC-QCS-92010F32B162,VAL-C62B370EC6C3,2D-3B-1.0.0,2026-07-26 08:37:02.172746,
QUEUE-000000707,HOSP-001,DEPT-ED,2026-12-08,2026-12-08,2026-12,Radiology,114,108,6,40.4,42.0,,,,True,QUEUE-000000707,PROC-QCS-92010F32B162,VAL-C62B370EC6C3,2D-3B-1.0.0,2026-07-26 08:37:02.172746,
QUEUE-000000708,HOSP-001,DEPT-ED,2026-12-09,2026-12-09,2026-12,Consultation,99,95,4,39.7,42.0,,,,True,QUEUE-000000708,PROC-QCS-92010F32B162,VAL-C62B370EC6C3,2D-3B-1.0.0,2026-07-26 08:37:02.172746,
QUEUE-000000709,HOSP-001,DEPT-ED,2026-12-10,2026-12-10,2026-12,Radiology,128,125,3,39.8,42.0,,,,True,QUEUE-000000709,PROC-QCS-92010F32B162,VAL-C62B370EC6C3,2D-3B-1.0.0,2026-07-26 08:37:02.172746,
QUEUE-000000710,HOSP-001,DEPT-ED,2026-12-11,2026-12-11,2026-12,Triage,84,82,2,42.5,43.5,,,,True,QUEUE-000000710,PROC-QCS-92010F32B162,VAL-C62B370EC6C3,2D-3B-1.0.0,2026-07-26 08:37:02.172746,
QUEUE-000000711,HOSP-001,DEPT-ED,2026-12-12,2026-12-12,2026-12,Radiology,111,109,2,37.0,37.0,,,,True,QUEUE-000000711,PROC-QCS-92010F32B162,VAL-C62B370EC6C3,2D-3B-1.0.0,2026-07-26 08:37:02.172746,
QUEUE-000000712,HOSP-001,DEPT-ED,2026-12-13,2026-12-13,2026-12,Billing,129,124,5,38.3,39.0,,,,True,QUEUE-000000712,PROC-QCS-92010F32B162,VAL-C62B370EC6C3,2D-3B-1.0.0,2026-07-26 08:37:02.172746,
QUEUE-000000713,HOSP-001,DEPT-ED,2026-12-14,2026-12-14,2026-12,Radiology,136,134,2,39.4,41.0,,,,True,QUEUE-000000713,PROC-QCS-92010F32B162,VAL-C62B370EC6C3,2D-3B-1.0.0,2026-07-26 08:37:02.172746,
QUEUE-000000714,HOSP-001,DEPT-ED,2026-12-15,2026-12-15,2026-12,Pharmacy,108,106,2,41.1,42.5,,,,True,QUEUE-000000714,PROC-QCS-92010F32B162,VAL-C62B370EC6C3,2D-3B-1.0.0,2026-07-26 08:37:02.172746,
QUEUE-000000715,HOSP-001,DEPT-ED,2026-12-16,2026-12-16,2026-12,Registration,111,109,2,41.9,45.0,,,,True,QUEUE-000000715,PROC-QCS-92010F32B162,VAL-C62B370EC6C3,2D-3B-1.0.0,2026-07-26 08:37:02.172746,
QUEUE-000000716,HOSP-001,DEPT-ED,2026-12-17,2026-12-17,2026-12,Consultation,113,110,3,41.5,44.0,,,,True,QUEUE-000000716,PROC-QCS-92010F32B162,VAL-C62B370EC6C3,2D-3B-1.0.0,2026-07-26 08:37:02.172746,
QUEUE-000000717,HOSP-001,DEPT-ED,2026-12-18,2026-12-18,2026-12,Registration,107,104,3,41.0,43.5,,,,True,QUEUE-000000717,PROC-QCS-92010F32B162,VAL-C62B370EC6C3,2D-3B-1.0.0,2026-07-26 08:37:02.172746,
QUEUE-000000718,HOSP-001,DEPT-ED,2026-12-19,2026-12-19,2026-12,Registration,94,88,6,40.7,41.5,,,,True,QUEUE-000000718,PROC-QCS-92010F32B162,VAL-C62B370EC6C3,2D-3B-1.0.0,2026-07-26 08:37:02.172746,
QUEUE-000000719,HOSP-001,DEPT-ED,2026-12-20,2026-12-20,2026-12,Triage,112,109,3,39.0,43.0,,,,True,QUEUE-000000719,PROC-QCS-92010F32B162,VAL-C62B370EC6C3,2D-3B-1.0.0,2026-07-26 08:37:02.172746,
QUEUE-000000720,HOSP-001,DEPT-ED,2026-12-21,2026-12-21,2026-12,Radiology,117,114,3,40.7,41.0,,,,True,QUEUE-000000720,PROC-QCS-92010F32B162,VAL-C62B370EC6C3,2D-3B-1.0.0,2026-07-26 08:37:02.172746,
QUEUE-000000721,HOSP-001,DEPT-ED,2026-12-22,2026-12-22,2026-12,Pharmacy,108,102,6,39.4,38.0,,,,True,QUEUE-000000721,PROC-QCS-92010F32B162,VAL-C62B370EC6C3,2D-3B-1.0.0,2026-07-26 08:37:02.172746,
QUEUE-000000722,HOSP-001,DEPT-ED,2026-12-23,2026-12-23,2026-12,Registration,118,113,5,40.0,41.0,,,,True,QUEUE-000000722,PROC-QCS-92010F32B162,VAL-C62B370EC6C3,2D-3B-1.0.0,2026-07-26 08:37:02.172746,
QUEUE-000000723,HOSP-001,DEPT-ED,2026-12-24,2026-12-24,2026-12,Billing,117,116,1,40.7,42.5,,,,True,QUEUE-000000723,PROC-QCS-92010F32B162,VAL-C62B370EC6C3,2D-3B-1.0.0,2026-07-26 08:37:02.172746,
QUEUE-000000724,HOSP-001,DEPT-ED,2026-12-25,2026-12-25,2026-12,Radiology,100,95,5,35.9,35.0,,,,True,QUEUE-000000724,PROC-QCS-92010F32B162,VAL-C62B370EC6C3,2D-3B-1.0.0,2026-07-26 08:37:02.172746,
QUEUE-000000725,HOSP-001,DEPT-ED,2026-12-26,2026-12-26,2026-12,Triage,94,90,4,38.5,37.0,,,,True,QUEUE-000000725,PROC-QCS-92010F32B162,VAL-C62B370EC6C3,2D-3B-1.0.0,2026-07-26 08:37:02.172746,
QUEUE-000000726,HOSP-001,DEPT-ED,2026-12-27,2026-12-27,2026-12,Registration,118,113,5,40.4,42.0,,,,True,QUEUE-000000726,PROC-QCS-92010F32B162,VAL-C62B370EC6C3,2D-3B-1.0.0,2026-07-26 08:37:02.172746,
QUEUE-000000727,HOSP-001,DEPT-ED,2026-12-28,2026-12-28,2026-12,Registration,105,100,5,37.8,35.5,,,,True,QUEUE-000000727,PROC-QCS-92010F32B162,VAL-C62B370EC6C3,2D-3B-1.0.0,2026-07-26 08:37:02.172746,
QUEUE-000000728,HOSP-001,DEPT-ED,2026-12-29,2026-12-29,2026-12,Registration,92,91,1,40.2,41.0,,,,True,QUEUE-000000728,PROC-QCS-92010F32B162,VAL-C62B370EC6C3,2D-3B-1.0.0,2026-07-26 08:37:02.172746,
QUEUE-000000729,HOSP-001,DEPT-ED,2026-12-30,2026-12-30,2026-12,Consultation,120,117,3,40.0,38.0,,,,True,QUEUE-000000729,PROC-QCS-92010F32B162,VAL-C62B370EC6C3,2D-3B-1.0.0,2026-07-26 08:37:02.172746,
QUEUE-000000730,HOSP-001,DEPT-ED,2026-12-31,2026-12-31,2026-12,Billing,121,116,5,40.1,42.0,,,,True,QUEUE-000000730,PROC-QCS-92010F32B162,VAL-C62B370EC6C3,2D-3B-1.0.0,2026-07-26 08:37:02.172746,
QUEUE-000000731,HOSP-001,DEPT-OPC,2026-01-01,2026-01-01,2026-01,Radiology,101,99,2,30.8,32.0,,,,True,QUEUE-000000731,PROC-QCS-92010F32B162,VAL-C62B370EC6C3,2D-3B-1.0.0,2026-07-26 08:37:02.172746,
QUEUE-000000732,HOSP-001,DEPT-OPC,2026-01-02,2026-01-02,2026-01,Pharmacy,72,69,3,33.3,32.0,,,,True,QUEUE-000000732,PROC-QCS-92010F32B162,VAL-C62B370EC6C3,2D-3B-1.0.0,2026-07-26 08:37:02.172746,
QUEUE-000000733,HOSP-001,DEPT-OPC,2026-01-03,2026-01-03,2026-01,Radiology,66,66,0,33.1,34.5,,,,True,QUEUE-000000733,PROC-QCS-92010F32B162,VAL-C62B370EC6C3,2D-3B-1.0.0,2026-07-26 08:37:02.172746,
QUEUE-000000734,HOSP-001,DEPT-OPC,2026-01-04,2026-01-04,2026-01,Consultation,86,84,2,32.6,32.0,,,,True,QUEUE-000000734,PROC-QCS-92010F32B162,VAL-C62B370EC6C3,2D-3B-1.0.0,2026-07-26 08:37:02.172746,
QUEUE-000000735,HOSP-001,DEPT-OPC,2026-01-05,2026-01-05,2026-01,Consultation,56,54,2,33.8,34.0,,,,True,QUEUE-000000735,PROC-QCS-92010F32B162,VAL-C62B370EC6C3,2D-3B-1.0.0,2026-07-26 08:37:02.172746,
QUEUE-000000736,HOSP-001,DEPT-OPC,2026-01-06,2026-01-06,2026-01,Triage,81,77,4,30.7,32.0,,,,True,QUEUE-000000736,PROC-QCS-92010F32B162,VAL-C62B370EC6C3,2D-3B-1.0.0,2026-07-26 08:37:02.172746,
QUEUE-000000737,HOSP-001,DEPT-OPC,2026-01-07,2026-01-07,2026-01,Radiology,73,71,2,32.8,34.0,,,,True,QUEUE-000000737,PROC-QCS-92010F32B162,VAL-C62B370EC6C3,2D-3B-1.0.0,2026-07-26 08:37:02.172746,
QUEUE-000000738,HOSP-001,DEPT-OPC,2026-01-08,2026-01-08,2026-01,Registration,92,91,1,33.2,31.0,,,,True,QUEUE-000000738,PROC-QCS-92010F32B162,VAL-C62B370EC6C3,2D-3B-1.0.0,2026-07-26 08:37:02.172746,
QUEUE-000000739,HOSP-001,DEPT-OPC,2026-01-09,2026-01-09,2026-01,Pharmacy,98,96,2,31.8,32.5,,,,True,QUEUE-000000739,PROC-QCS-92010F32B162,VAL-C62B370EC6C3,2D-3B-1.0.0,2026-07-26 08:37:02.172746,
QUEUE-000000740,HOSP-001,DEPT-OPC,2026-01-10,2026-01-10,2026-01,Registration,86,84,2,31.2,30.5,,,,True,QUEUE-000000740,PROC-QCS-92010F32B162,VAL-C62B370EC6C3,2D-3B-1.0.0,2026-07-26 08:37:02.172746,
QUEUE-000000741,HOSP-001,DEPT-OPC,2026-01-11,2026-01-11,2026-01,Pharmacy,86,82,4,29.1,28.0,,,,True,QUEUE-000000741,PROC-QCS-92010F32B162,VAL-C62B370EC6C3,2D-3B-1.0.0,2026-07-26 08:37:02.172746,
QUEUE-000000742,HOSP-001,DEPT-OPC,2026-01-12,2026-01-12,2026-01,Pharmacy,81,79,2,29.6,29.0,,,,True,QUEUE-000000742,PROC-QCS-92010F32B162,VAL-C62B370EC6C3,2D-3B-1.0.0,2026-07-26 08:37:02.172746,
QUEUE-000000743,HOSP-001,DEPT-OPC,2026-01-13,2026-01-13,2026-01,Radiology,70,69,1,31.8,34.0,,,,True,QUEUE-000000743,PROC-QCS-92010F32B162,VAL-C62B370EC6C3,2D-3B-1.0.0,2026-07-26 08:37:02.172746,
QUEUE-000000744,HOSP-001,DEPT-OPC,2026-01-14,2026-01-14,2026-01,Billing,71,66,5,32.1,34.5,,,,True,QUEUE-000000744,PROC-QCS-92010F32B162,VAL-C62B370EC6C3,2D-3B-1.0.0,2026-07-26 08:37:02.172746,
QUEUE-000000745,HOSP-001,DEPT-OPC,2026-01-15,2026-01-15,2026-01,Billing,72,69,3,30.2,30.0,,,,True,QUEUE-000000745,PROC-QCS-92010F32B162,VAL-C62B370EC6C3,2D-3B-1.0.0,2026-07-26 08:37:02.172746,
QUEUE-000000746,HOSP-001,DEPT-OPC,2026-01-16,2026-01-16,2026-01,Registration,71,69,2,34.4,34.0,,,,True,QUEUE-000000746,PROC-QCS-92010F32B162,VAL-C62B370EC6C3,2D-3B-1.0.0,2026-07-26 08:37:02.172746,
QUEUE-000000747,HOSP-001,DEPT-OPC,2026-01-17,2026-01-17,2026-01,Radiology,75,69,6,33.8,35.0,,,,True,QUEUE-000000747,PROC-QCS-92010F32B162,VAL-C62B370EC6C3,2D-3B-1.0.0,2026-07-26 08:37:02.172746,
QUEUE-000000748,HOSP-001,DEPT-OPC,2026-01-18,2026-01-18,2026-01,Billing,78,77,1,28.1,27.0,,,,True,QUEUE-000000748,PROC-QCS-92010F32B162,VAL-C62B370EC6C3,2D-3B-1.0.0,2026-07-26 08:37:02.172746,
QUEUE-000000749,HOSP-001,DEPT-OPC,2026-01-19,2026-01-19,2026-01,Radiology,76,74,2,30.3,29.0,,,,True,QUEUE-000000749,PROC-QCS-92010F32B162,VAL-C62B370EC6C3,2D-3B-1.0.0,2026-07-26 08:37:02.172746,
QUEUE-000000750,HOSP-001,DEPT-OPC,2026-01-20,2026-01-20,2026-01,Pharmacy,70,70,0,34.2,35.5,,,,True,QUEUE-000000750,PROC-QCS-92010F32B162,VAL-C62B370EC6C3,2D-3B-1.0.0,2026-07-26 08:37:02.172746,
QUEUE-000000751,HOSP-001,DEPT-OPC,2026-01-21,2026-01-21,2026-01,Billing,69,68,1,32.4,33.5,,,,True,QUEUE-000000751,PROC-QCS-92010F32B162,VAL-C62B370EC6C3,2D-3B-1.0.0,2026-07-26 08:37:02.172746,
QUEUE-000000752,HOSP-001,DEPT-OPC,2026-01-22,2026-01-22,2026-01,Pharmacy,74,70,4,30.0,29.0,,,,True,QUEUE-000000752,PROC-QCS-92010F32B162,VAL-C62B370EC6C3,2D-3B-1.0.0,2026-07-26 08:37:02.172746,
QUEUE-000000753,HOSP-001,DEPT-OPC,2026-01-23,2026-01-23,2026-01,Triage,88,87,1,32.5,35.0,,,,True,QUEUE-000000753,PROC-QCS-92010F32B162,VAL-C62B370EC6C3,2D-3B-1.0.0,2026-07-26 08:37:02.172746,
QUEUE-000000754,HOSP-001,DEPT-OPC,2026-01-24,2026-01-24,2026-01,Pharmacy,74,71,3,31.0,34.0,,,,True,QUEUE-000000754,PROC-QCS-92010F32B162,VAL-C62B370EC6C3,2D-3B-1.0.0,2026-07-26 08:37:02.172746,
QUEUE-000000755,HOSP-001,DEPT-OPC,2026-01-25,2026-01-25,2026-01,Consultation,65,64,1,30.3,33.0,,,,True,QUEUE-000000755,PROC-QCS-92010F32B162,VAL-C62B370EC6C3,2D-3B-1.0.0,2026-07-26 08:37:02.172746,
QUEUE-000000756,HOSP-001,DEPT-OPC,2026-01-26,2026-01-26,2026-01,Registration,83,82,1,34.0,35.5,,,,True,QUEUE-000000756,PROC-QCS-92010F32B162,VAL-C62B370EC6C3,2D-3B-1.0.0,2026-07-26 08:37:02.172746,
QUEUE-000000757,HOSP-001,DEPT-OPC,2026-01-27,2026-01-27,2026-01,Billing,67,65,2,31.4,31.0,,,,True,QUEUE-000000757,PROC-QCS-92010F32B162,VAL-C62B370EC6C3,2D-3B-1.0.0,2026-07-26 08:37:02.172746,
QUEUE-000000758,HOSP-001,DEPT-OPC,2026-01-28,2026-01-28,2026-01,Registration,97,96,1,33.4,34.0,,,,True,QUEUE-000000758,PROC-QCS-92010F32B162,VAL-C62B370EC6C3,2D-3B-1.0.0,2026-07-26 08:37:02.172746,
QUEUE-000000759,HOSP-001,DEPT-OPC,2026-01-29,2026-01-29,2026-01,Billing,83,76,7,34.1,35.0,,,,True,QUEUE-000000759,PROC-QCS-92010F32B162,VAL-C62B370EC6C3,2D-3B-1.0.0,2026-07-26 08:37:02.172746,
QUEUE-000000760,HOSP-001,DEPT-OPC,2026-01-30,2026-01-30,2026-01,Radiology,75,74,1,32.9,33.0,,,,True,QUEUE-000000760,PROC-QCS-92010F32B162,VAL-C62B370EC6C3,2D-3B-1.0.0,2026-07-26 08:37:02.172746,
QUEUE-000000761,HOSP-001,DEPT-OPC,2026-01-31,2026-01-31,2026-01,Radiology,91,89,2,33.8,35.0,,,,True,QUEUE-000000761,PROC-QCS-92010F32B162,VAL-C62B370EC6C3,2D-3B-1.0.0,2026-07-26 08:37:02.172746,
QUEUE-000000762,HOSP-001,DEPT-OPC,2026-02-01,2026-02-01,2026-02,Pharmacy,100,96,4,33.5,33.0,,,,True,QUEUE-000000762,PROC-QCS-92010F32B162,VAL-C62B370EC6C3,2D-3B-1.0.0,2026-07-26 08:37:02.172746,
QUEUE-000000763,HOSP-001,DEPT-OPC,2026-02-02,2026-02-02,2026-02,Billing,87,84,3,31.9,35.0,,,,True,QUEUE-000000763,PROC-QCS-92010F32B162,VAL-C62B370EC6C3,2D-3B-1.0.0,2026-07-26 08:37:02.172746,
QUEUE-000000764,HOSP-001,DEPT-OPC,2026-02-03,2026-02-03,2026-02,Pharmacy,81,80,1,30.9,31.5,,,,True,QUEUE-000000764,PROC-QCS-92010F32B162,VAL-C62B370EC6C3,2D-3B-1.0.0,2026-07-26 08:37:02.172746,
QUEUE-000000765,HOSP-001,DEPT-OPC,2026-02-04,2026-02-04,2026-02,Radiology,85,81,4,31.3,32.0,,,,True,QUEUE-000000765,PROC-QCS-92010F32B162,VAL-C62B370EC6C3,2D-3B-1.0.0,2026-07-26 08:37:02.172746,
QUEUE-000000766,HOSP-001,DEPT-OPC,2026-02-05,2026-02-05,2026-02,Consultation,77,72,5,32.4,33.5,,,,True,QUEUE-000000766,PROC-QCS-92010F32B162,VAL-C62B370EC6C3,2D-3B-1.0.0,2026-07-26 08:37:02.172746,
QUEUE-000000767,HOSP-001,DEPT-OPC,2026-02-06,2026-02-06,2026-02,Registration,102,100,2,32.5,32.0,,,,True,QUEUE-000000767,PROC-QCS-92010F32B162,VAL-C62B370EC6C3,2D-3B-1.0.0,2026-07-26 08:37:02.172746,
QUEUE-000000768,HOSP-001,DEPT-OPC,2026-02-07,2026-02-07,2026-02,Registration,81,77,4,33.8,34.0,,,,True,QUEUE-000000768,PROC-QCS-92010F32B162,VAL-C62B370EC6C3,2D-3B-1.0.0,2026-07-26 08:37:02.172746,
QUEUE-000000769,HOSP-001,DEPT-OPC,2026-02-08,2026-02-08,2026-02,Billing,83,78,5,30.1,29.5,,,,True,QUEUE-000000769,PROC-QCS-92010F32B162,VAL-C62B370EC6C3,2D-3B-1.0.0,2026-07-26 08:37:02.172746,
QUEUE-000000770,HOSP-001,DEPT-OPC,2026-02-09,2026-02-09,2026-02,Pharmacy,78,76,2,31.3,29.5,,,,True,QUEUE-000000770,PROC-QCS-92010F32B162,VAL-C62B370EC6C3,2D-3B-1.0.0,2026-07-26 08:37:02.172746,
QUEUE-000000771,HOSP-001,DEPT-OPC,2026-02-10,2026-02-10,2026-02,Consultation,65,64,1,31.6,33.0,,,,True,QUEUE-000000771,PROC-QCS-92010F32B162,VAL-C62B370EC6C3,2D-3B-1.0.0,2026-07-26 08:37:02.172746,
QUEUE-000000772,HOSP-001,DEPT-OPC,2026-02-11,2026-02-11,2026-02,Registration,86,82,4,32.3,33.0,,,,True,QUEUE-000000772,PROC-QCS-92010F32B162,VAL-C62B370EC6C3,2D-3B-1.0.0,2026-07-26 08:37:02.172746,
QUEUE-000000773,HOSP-001,DEPT-OPC,2026-02-12,2026-02-12,2026-02,Triage,81,79,2,30.7,35.0,,,,True,QUEUE-000000773,PROC-QCS-92010F32B162,VAL-C62B370EC6C3,2D-3B-1.0.0,2026-07-26 08:37:02.172746,
QUEUE-000000774,HOSP-001,DEPT-OPC,2026-02-13,2026-02-13,2026-02,Billing,76,76,0,33.2,34.0,,,,True,QUEUE-000000774,PROC-QCS-92010F32B162,VAL-C62B370EC6C3,2D-3B-1.0.0,2026-07-26 08:37:02.172746,
QUEUE-000000775,HOSP-001,DEPT-OPC,2026-02-14,2026-02-14,2026-02,Consultation,93,92,1,32.4,32.5,,,,True,QUEUE-000000775,PROC-QCS-92010F32B162,VAL-C62B370EC6C3,2D-3B-1.0.0,2026-07-26 08:37:02.172746,
QUEUE-000000776,HOSP-001,DEPT-OPC,2026-02-15,2026-02-15,2026-02,Consultation,74,66,8,30.4,30.0,,,,True,QUEUE-000000776,PROC-QCS-92010F32B162,VAL-C62B370EC6C3,2D-3B-1.0.0,2026-07-26 08:37:02.172746,
QUEUE-000000777,HOSP-001,DEPT-OPC,2026-02-16,2026-02-16,2026-02,Consultation,73,69,4,34.6,36.0,,,,True,QUEUE-000000777,PROC-QCS-92010F32B162,VAL-C62B370EC6C3,2D-3B-1.0.0,2026-07-26 08:37:02.172746,
QUEUE-000000778,HOSP-001,DEPT-OPC,2026-02-17,2026-02-17,2026-02,Registration,77,77,0,29.7,30.0,,,,True,QUEUE-000000778,PROC-QCS-92010F32B162,VAL-C62B370EC6C3,2D-3B-1.0.0,2026-07-26 08:37:02.172746,
QUEUE-000000779,HOSP-001,DEPT-OPC,2026-02-18,2026-02-18,2026-02,Billing,84,84,0,30.6,31.0,,,,True,QUEUE-000000779,PROC-QCS-92010F32B162,VAL-C62B370EC6C3,2D-3B-1.0.0,2026-07-26 08:37:02.172746,
QUEUE-000000780,HOSP-001,DEPT-OPC,2026-02-19,2026-02-19,2026-02,Pharmacy,71,69,2,31.8,34.0,,,,True,QUEUE-000000780,PROC-QCS-92010F32B162,VAL-C62B370EC6C3,2D-3B-1.0.0,2026-07-26 08:37:02.172746,
QUEUE-000000781,HOSP-001,DEPT-OPC,2026-02-20,2026-02-20,2026-02,Triage,59,57,2,32.4,35.0,,,,True,QUEUE-000000781,PROC-QCS-92010F32B162,VAL-C62B370EC6C3,2D-3B-1.0.0,2026-07-26 08:37:02.172746,
QUEUE-000000782,HOSP-001,DEPT-OPC,2026-02-21,2026-02-21,2026-02,Triage,65,64,1,31.0,30.5,,,,True,QUEUE-000000782,PROC-QCS-92010F32B162,VAL-C62B370EC6C3,2D-3B-1.0.0,2026-07-26 08:37:02.172746,
QUEUE-000000783,HOSP-001,DEPT-OPC,2026-02-22,2026-02-22,2026-02,Billing,87,84,3,28.8,29.0,,,,True,QUEUE-000000783,PROC-QCS-92010F32B162,VAL-C62B370EC6C3,2D-3B-1.0.0,2026-07-26 08:37:02.172746,
QUEUE-000000784,HOSP-001,DEPT-OPC,2026-02-23,2026-02-23,2026-02,Radiology,77,75,2,30.3,32.0,,,,True,QUEUE-000000784,PROC-QCS-92010F32B162,VAL-C62B370EC6C3,2D-3B-1.0.0,2026-07-26 08:37:02.172746,
QUEUE-000000785,HOSP-001,DEPT-OPC,2026-02-24,2026-02-24,2026-02,Pharmacy,83,80,3,33.9,36.0,,,,True,QUEUE-000000785,PROC-QCS-92010F32B162,VAL-C62B370EC6C3,2D-3B-1.0.0,2026-07-26 08:37:02.172746,
QUEUE-000000786,HOSP-001,DEPT-OPC,2026-02-25,2026-02-25,2026-02,Pharmacy,78,78,0,30.2,31.0,,,,True,QUEUE-000000786,PROC-QCS-92010F32B162,VAL-C62B370EC6C3,2D-3B-1.0.0,2026-07-26 08:37:02.172746,
QUEUE-000000787,HOSP-001,DEPT-OPC,2026-02-26,2026-02-26,2026-02,Pharmacy,92,91,1,31.3,33.0,,,,True,QUEUE-000000787,PROC-QCS-92010F32B162,VAL-C62B370EC6C3,2D-3B-1.0.0,2026-07-26 08:37:02.172746,
QUEUE-000000788,HOSP-001,DEPT-OPC,2026-02-27,2026-02-27,2026-02,Consultation,90,90,0,31.9,33.5,,,,True,QUEUE-000000788,PROC-QCS-92010F32B162,VAL-C62B370EC6C3,2D-3B-1.0.0,2026-07-26 08:37:02.172746,
QUEUE-000000789,HOSP-001,DEPT-OPC,2026-02-28,2026-02-28,2026-02,Triage,87,87,0,32.4,31.0,,,,True,QUEUE-000000789,PROC-QCS-92010F32B162,VAL-C62B370EC6C3,2D-3B-1.0.0,2026-07-26 08:37:02.172746,
QUEUE-000000790,HOSP-001,DEPT-OPC,2026-03-01,2026-03-01,2026-03,Pharmacy,69,68,1,35.5,36.0,,,,True,QUEUE-000000790,PROC-QCS-92010F32B162,VAL-C62B370EC6C3,2D-3B-1.0.0,2026-07-26 08:37:02.172746,
QUEUE-000000791,HOSP-001,DEPT-OPC,2026-03-02,2026-03-02,2026-03,Triage,104,102,2,32.9,29.5,,,,True,QUEUE-000000791,PROC-QCS-92010F32B162,VAL-C62B370EC6C3,2D-3B-1.0.0,2026-07-26 08:37:02.172746,
QUEUE-000000792,HOSP-001,DEPT-OPC,2026-03-03,2026-03-03,2026-03,Radiology,88,86,2,39.1,39.5,,,,True,QUEUE-000000792,PROC-QCS-92010F32B162,VAL-C62B370EC6C3,2D-3B-1.0.0,2026-07-26 08:37:02.172746,
QUEUE-000000793,HOSP-001,DEPT-OPC,2026-03-04,2026-03-04,2026-03,Registration,105,101,4,37.1,37.0,,,,True,QUEUE-000000793,PROC-QCS-92010F32B162,VAL-C62B370EC6C3,2D-3B-1.0.0,2026-07-26 08:37:02.172746,
QUEUE-000000794,HOSP-001,DEPT-OPC,2026-03-05,2026-03-05,2026-03,Triage,85,83,2,34.3,35.0,,,,True,QUEUE-000000794,PROC-QCS-92010F32B162,VAL-C62B370EC6C3,2D-3B-1.0.0,2026-07-26 08:37:02.172746,
QUEUE-000000795,HOSP-001,DEPT-OPC,2026-03-06,2026-03-06,2026-03,Registration,86,83,3,37.5,38.0,,,,True,QUEUE-000000795,PROC-QCS-92010F32B162,VAL-C62B370EC6C3,2D-3B-1.0.0,2026-07-26 08:37:02.172746,
QUEUE-000000796,HOSP-001,DEPT-OPC,2026-03-07,2026-03-07,2026-03,Registration,86,81,5,39.4,40.0,,,,True,QUEUE-000000796,PROC-QCS-92010F32B162,VAL-C62B370EC6C3,2D-3B-1.0.0,2026-07-26 08:37:02.172746,
QUEUE-000000797,HOSP-001,DEPT-OPC,2026-03-08,2026-03-08,2026-03,Triage,79,78,1,37.8,38.0,,,,True,QUEUE-000000797,PROC-QCS-92010F32B162,VAL-C62B370EC6C3,2D-3B-1.0.0,2026-07-26 08:37:02.172746,
QUEUE-000000798,HOSP-001,DEPT-OPC,2026-03-09,2026-03-09,2026-03,Registration,95,93,2,37.0,38.0,,,,True,QUEUE-000000798,PROC-QCS-92010F32B162,VAL-C62B370EC6C3,2D-3B-1.0.0,2026-07-26 08:37:02.172746,
QUEUE-000000799,HOSP-001,DEPT-OPC,2026-03-10,2026-03-10,2026-03,Pharmacy,96,92,4,37.0,38.0,,,,True,QUEUE-000000799,PROC-QCS-92010F32B162,VAL-C62B370EC6C3,2D-3B-1.0.0,2026-07-26 08:37:02.172746,
QUEUE-000000800,HOSP-001,DEPT-OPC,2026-03-11,2026-03-11,2026-03,Radiology,81,77,4,34.4,33.0,,,,True,QUEUE-000000800,PROC-QCS-92010F32B162,VAL-C62B370EC6C3,2D-3B-1.0.0,2026-07-26 08:37:02.172746,
QUEUE-000000801,HOSP-001,DEPT-OPC,2026-03-12,2026-03-12,2026-03,Registration,88,86,2,36.7,37.5,,,,True,QUEUE-000000801,PROC-QCS-92010F32B162,VAL-C62B370EC6C3,2D-3B-1.0.0,2026-07-26 08:37:02.172746,
QUEUE-000000802,HOSP-001,DEPT-OPC,2026-03-13,2026-03-13,2026-03,Consultation,80,77,3,37.3,39.0,,,,True,QUEUE-000000802,PROC-QCS-92010F32B162,VAL-C62B370EC6C3,2D-3B-1.0.0,2026-07-26 08:37:02.172746,
QUEUE-000000803,HOSP-001,DEPT-OPC,2026-03-14,2026-03-14,2026-03,Radiology,78,77,1,39.7,42.0,,,,True,QUEUE-000000803,PROC-QCS-92010F32B162,VAL-C62B370EC6C3,2D-3B-1.0.0,2026-07-26 08:37:02.172746,
QUEUE-000000804,HOSP-001,DEPT-OPC,2026-03-15,2026-03-15,2026-03,Triage,107,106,1,35.5,36.5,,,,True,QUEUE-000000804,PROC-QCS-92010F32B162,VAL-C62B370EC6C3,2D-3B-1.0.0,2026-07-26 08:37:02.172746,
QUEUE-000000805,HOSP-001,DEPT-OPC,2026-03-16,2026-03-16,2026-03,Radiology,78,77,1,39.3,40.0,,,,True,QUEUE-000000805,PROC-QCS-92010F32B162,VAL-C62B370EC6C3,2D-3B-1.0.0,2026-07-26 08:37:02.172746,
QUEUE-000000806,HOSP-001,DEPT-OPC,2026-03-17,2026-03-17,2026-03,Triage,74,72,2,40.9,42.5,,,,True,QUEUE-000000806,PROC-QCS-92010F32B162,VAL-C62B370EC6C3,2D-3B-1.0.0,2026-07-26 08:37:02.172746,
QUEUE-000000807,HOSP-001,DEPT-OPC,2026-03-18,2026-03-18,2026-03,Consultation,92,89,3,35.3,36.0,,,,True,QUEUE-000000807,PROC-QCS-92010F32B162,VAL-C62B370EC6C3,2D-3B-1.0.0,2026-07-26 08:37:02.172746,
QUEUE-000000808,HOSP-001,DEPT-OPC,2026-03-19,2026-03-19,2026-03,Pharmacy,106,102,4,36.3,35.0,,,,True,QUEUE-000000808,PROC-QCS-92010F32B162,VAL-C62B370EC6C3,2D-3B-1.0.0,2026-07-26 08:37:02.172746,
QUEUE-000000809,HOSP-001,DEPT-OPC,2026-03-20,2026-03-20,2026-03,Registration,82,82,0,37.8,39.0,,,,True,QUEUE-000000809,PROC-QCS-92010F32B162,VAL-C62B370EC6C3,2D-3B-1.0.0,2026-07-26 08:37:02.172746,
QUEUE-000000810,HOSP-001,DEPT-OPC,2026-03-21,2026-03-21,2026-03,Consultation,64,63,1,32.7,33.0,,,,True,QUEUE-000000810,PROC-QCS-92010F32B162,VAL-C62B370EC6C3,2D-3B-1.0.0,2026-07-26 08:37:02.172746,
QUEUE-000000811,HOSP-001,DEPT-OPC,2026-03-22,2026-03-22,2026-03,Triage,83,80,3,37.0,36.5,,,,True,QUEUE-000000811,PROC-QCS-92010F32B162,VAL-C62B370EC6C3,2D-3B-1.0.0,2026-07-26 08:37:02.172746,
QUEUE-000000812,HOSP-001,DEPT-OPC,2026-03-23,2026-03-23,2026-03,Pharmacy,77,77,0,36.0,39.0,,,,True,QUEUE-000000812,PROC-QCS-92010F32B162,VAL-C62B370EC6C3,2D-3B-1.0.0,2026-07-26 08:37:02.172746,
QUEUE-000000813,HOSP-001,DEPT-OPC,2026-03-24,2026-03-24,2026-03,Billing,91,89,2,40.1,42.0,,,,True,QUEUE-000000813,PROC-QCS-92010F32B162,VAL-C62B370EC6C3,2D-3B-1.0.0,2026-07-26 08:37:02.172746,
QUEUE-000000814,HOSP-001,DEPT-OPC,2026-03-25,2026-03-25,2026-03,Registration,79,79,0,35.1,35.0,,,,True,QUEUE-000000814,PROC-QCS-92010F32B162,VAL-C62B370EC6C3,2D-3B-1.0.0,2026-07-26 08:37:02.172746,
QUEUE-000000815,HOSP-001,DEPT-OPC,2026-03-26,2026-03-26,2026-03,Consultation,97,92,5,38.2,39.0,,,,True,QUEUE-000000815,PROC-QCS-92010F32B162,VAL-C62B370EC6C3,2D-3B-1.0.0,2026-07-26 08:37:02.172746,
QUEUE-000000816,HOSP-001,DEPT-OPC,2026-03-27,2026-03-27,2026-03,Consultation,78,74,4,36.1,36.0,,,,True,QUEUE-000000816,PROC-QCS-92010F32B162,VAL-C62B370EC6C3,2D-3B-1.0.0,2026-07-26 08:37:02.172746,
QUEUE-000000817,HOSP-001,DEPT-OPC,2026-03-28,2026-03-28,2026-03,Radiology,80,77,3,36.1,37.0,,,,True,QUEUE-000000817,PROC-QCS-92010F32B162,VAL-C62B370EC6C3,2D-3B-1.0.0,2026-07-26 08:37:02.172746,
QUEUE-000000818,HOSP-001,DEPT-OPC,2026-03-29,2026-03-29,2026-03,Billing,95,93,2,40.2,42.0,,,,True,QUEUE-000000818,PROC-QCS-92010F32B162,VAL-C62B370EC6C3,2D-3B-1.0.0,2026-07-26 08:37:02.172746,
QUEUE-000000819,HOSP-001,DEPT-OPC,2026-03-30,2026-03-30,2026-03,Pharmacy,93,90,3,36.8,37.0,,,,True,QUEUE-000000819,PROC-QCS-92010F32B162,VAL-C62B370EC6C3,2D-3B-1.0.0,2026-07-26 08:37:02.172746,
QUEUE-000000820,HOSP-001,DEPT-OPC,2026-03-31,2026-03-31,2026-03,Radiology,79,76,3,38.0,36.5,,,,True,QUEUE-000000820,PROC-QCS-92010F32B162,VAL-C62B370EC6C3,2D-3B-1.0.0,2026-07-26 08:37:02.172746,
QUEUE-000000821,HOSP-001,DEPT-OPC,2026-04-01,2026-04-01,2026-04,Consultation,99,97,2,44.5,46.0,,,,True,QUEUE-000000821,PROC-QCS-92010F32B162,VAL-C62B370EC6C3,2D-3B-1.0.0,2026-07-26 08:37:02.172746,
QUEUE-000000822,HOSP-001,DEPT-OPC,2026-04-02,2026-04-02,2026-04,Pharmacy,100,97,3,47.5,50.0,,,,True,QUEUE-000000822,PROC-QCS-92010F32B162,VAL-C62B370EC6C3,2D-3B-1.0.0,2026-07-26 08:37:02.172746,
QUEUE-000000823,HOSP-001,DEPT-OPC,2026-04-03,2026-04-03,2026-04,Registration,105,105,0,46.0,50.0,,,,True,QUEUE-000000823,PROC-QCS-92010F32B162,VAL-C62B370EC6C3,2D-3B-1.0.0,2026-07-26 08:37:02.172746,
QUEUE-000000824,HOSP-001,DEPT-OPC,2026-04-04,2026-04-04,2026-04,Consultation,101,98,3,42.9,42.5,,,,True,QUEUE-000000824,PROC-QCS-92010F32B162,VAL-C62B370EC6C3,2D-3B-1.0.0,2026-07-26 08:37:02.172746,
QUEUE-000000825,HOSP-001,DEPT-OPC,2026-04-05,2026-04-05,2026-04,Pharmacy,95,89,6,45.1,47.0,,,,True,QUEUE-000000825,PROC-QCS-92010F32B162,VAL-C62B370EC6C3,2D-3B-1.0.0,2026-07-26 08:37:02.172746,
QUEUE-000000826,HOSP-001,DEPT-OPC,2026-04-06,2026-04-06,2026-04,Registration,93,91,2,47.1,49.0,,,,True,QUEUE-000000826,PROC-QCS-92010F32B162,VAL-C62B370EC6C3,2D-3B-1.0.0,2026-07-26 08:37:02.172746,
QUEUE-000000827,HOSP-001,DEPT-OPC,2026-04-07,2026-04-07,2026-04,Billing,100,98,2,45.4,47.0,,,,True,QUEUE-000000827,PROC-QCS-92010F32B162,VAL-C62B370EC6C3,2D-3B-1.0.0,2026-07-26 08:37:02.172746,
QUEUE-000000828,HOSP-001,DEPT-OPC,2026-04-08,2026-04-08,2026-04,Billing,117,114,3,46.1,46.5,,,,True,QUEUE-000000828,PROC-QCS-92010F32B162,VAL-C62B370EC6C3,2D-3B-1.0.0,2026-07-26 08:37:02.172746,
QUEUE-000000829,HOSP-001,DEPT-OPC,2026-04-09,2026-04-09,2026-04,Registration,109,105,4,42.0,43.0,,,,True,QUEUE-000000829,PROC-QCS-92010F32B162,VAL-C62B370EC6C3,2D-3B-1.0.0,2026-07-26 08:37:02.172746,
QUEUE-000000830,HOSP-001,DEPT-OPC,2026-04-10,2026-04-10,2026-04,Registration,99,98,1,47.8,49.0,,,,True,QUEUE-000000830,PROC-QCS-92010F32B162,VAL-C62B370EC6C3,2D-3B-1.0.0,2026-07-26 08:37:02.172746,
QUEUE-000000831,HOSP-001,DEPT-OPC,2026-04-11,2026-04-11,2026-04,Pharmacy,102,99,3,47.3,50.0,,,,True,QUEUE-000000831,PROC-QCS-92010F32B162,VAL-C62B370EC6C3,2D-3B-1.0.0,2026-07-26 08:37:02.172746,
QUEUE-000000832,HOSP-001,DEPT-OPC,2026-04-12,2026-04-12,2026-04,Triage,101,99,2,45.5,42.0,,,,True,QUEUE-000000832,PROC-QCS-92010F32B162,VAL-C62B370EC6C3,2D-3B-1.0.0,2026-07-26 08:37:02.172746,
QUEUE-000000833,HOSP-001,DEPT-OPC,2026-04-13,2026-04-13,2026-04,Pharmacy,106,105,1,42.4,42.0,,,,True,QUEUE-000000833,PROC-QCS-92010F32B162,VAL-C62B370EC6C3,2D-3B-1.0.0,2026-07-26 08:37:02.172746,
QUEUE-000000834,HOSP-001,DEPT-OPC,2026-04-14,2026-04-14,2026-04,Registration,98,93,5,42.0,39.0,,,,True,QUEUE-000000834,PROC-QCS-92010F32B162,VAL-C62B370EC6C3,2D-3B-1.0.0,2026-07-26 08:37:02.172746,
QUEUE-000000835,HOSP-001,DEPT-OPC,2026-04-15,2026-04-15,2026-04,Consultation,74,74,0,49.2,46.5,,,,True,QUEUE-000000835,PROC-QCS-92010F32B162,VAL-C62B370EC6C3,2D-3B-1.0.0,2026-07-26 08:37:02.172746,
QUEUE-000000836,HOSP-001,DEPT-OPC,2026-04-16,2026-04-16,2026-04,Registration,102,100,2,44.6,45.0,,,,True,QUEUE-000000836,PROC-QCS-92010F32B162,VAL-C62B370EC6C3,2D-3B-1.0.0,2026-07-26 08:37:02.172746,
QUEUE-000000837,HOSP-001,DEPT-OPC,2026-04-17,2026-04-17,2026-04,Pharmacy,118,114,4,46.2,47.5,,,,True,QUEUE-000000837,PROC-QCS-92010F32B162,VAL-C62B370EC6C3,2D-3B-1.0.0,2026-07-26 08:37:02.172746,
QUEUE-000000838,HOSP-001,DEPT-OPC,2026-04-18,2026-04-18,2026-04,Billing,97,93,4,47.2,50.0,,,,True,QUEUE-000000838,PROC-QCS-92010F32B162,VAL-C62B370EC6C3,2D-3B-1.0.0,2026-07-26 08:37:02.172746,
QUEUE-000000839,HOSP-001,DEPT-OPC,2026-04-19,2026-04-19,2026-04,Pharmacy,117,114,3,46.6,50.0,,,,True,QUEUE-000000839,PROC-QCS-92010F32B162,VAL-C62B370EC6C3,2D-3B-1.0.0,2026-07-26 08:37:02.172746,
QUEUE-000000840,HOSP-001,DEPT-OPC,2026-04-20,2026-04-20,2026-04,Pharmacy,86,85,1,48.3,51.0,,,,True,QUEUE-000000840,PROC-QCS-92010F32B162,VAL-C62B370EC6C3,2D-3B-1.0.0,2026-07-26 08:37:02.172746,
QUEUE-000000841,HOSP-001,DEPT-OPC,2026-04-21,2026-04-21,2026-04,Pharmacy,106,102,4,44.6,44.0,,,,True,QUEUE-000000841,PROC-QCS-92010F32B162,VAL-C62B370EC6C3,2D-3B-1.0.0,2026-07-26 08:37:02.172746,
QUEUE-000000842,HOSP-001,DEPT-OPC,2026-04-22,2026-04-22,2026-04,Pharmacy,100,97,3,43.7,45.0,,,,True,QUEUE-000000842,PROC-QCS-92010F32B162,VAL-C62B370EC6C3,2D-3B-1.0.0,2026-07-26 08:37:02.172746,
QUEUE-000000843,HOSP-001,DEPT-OPC,2026-04-23,2026-04-23,2026-04,Pharmacy,102,97,5,47.2,50.0,,,,True,QUEUE-000000843,PROC-QCS-92010F32B162,VAL-C62B370EC6C3,2D-3B-1.0.0,2026-07-26 08:37:02.172746,
QUEUE-000000844,HOSP-001,DEPT-OPC,2026-04-24,2026-04-24,2026-04,Consultation,106,101,5,45.6,46.0,,,,True,QUEUE-000000844,PROC-QCS-92010F32B162,VAL-C62B370EC6C3,2D-3B-1.0.0,2026-07-26 08:37:02.172746,
QUEUE-000000845,HOSP-001,DEPT-OPC,2026-04-25,2026-04-25,2026-04,Radiology,102,100,2,45.8,48.0,,,,True,QUEUE-000000845,PROC-QCS-92010F32B162,VAL-C62B370EC6C3,2D-3B-1.0.0,2026-07-26 08:37:02.172746,
QUEUE-000000846,HOSP-001,DEPT-OPC,2026-04-26,2026-04-26,2026-04,Triage,106,103,3,43.9,44.0,,,,True,QUEUE-000000846,PROC-QCS-92010F32B162,VAL-C62B370EC6C3,2D-3B-1.0.0,2026-07-26 08:37:02.172746,
QUEUE-000000847,HOSP-001,DEPT-OPC,2026-04-27,2026-04-27,2026-04,Radiology,105,103,2,46.1,45.0,,,,True,QUEUE-000000847,PROC-QCS-92010F32B162,VAL-C62B370EC6C3,2D-3B-1.0.0,2026-07-26 08:37:02.172746,
QUEUE-000000848,HOSP-001,DEPT-OPC,2026-04-28,2026-04-28,2026-04,Registration,118,114,4,42.6,41.5,,,,True,QUEUE-000000848,PROC-QCS-92010F32B162,VAL-C62B370EC6C3,2D-3B-1.0.0,2026-07-26 08:37:02.172746,
QUEUE-000000849,HOSP-001,DEPT-OPC,2026-04-29,2026-04-29,2026-04,Radiology,112,109,3,41.9,41.0,,,,True,QUEUE-000000849,PROC-QCS-92010F32B162,VAL-C62B370EC6C3,2D-3B-1.0.0,2026-07-26 08:37:02.172746,
QUEUE-000000850,HOSP-001,DEPT-OPC,2026-04-30,2026-04-30,2026-04,Billing,73,70,3,49.1,51.0,,,,True,QUEUE-000000850,PROC-QCS-92010F32B162,VAL-C62B370EC6C3,2D-3B-1.0.0,2026-07-26 08:37:02.172746,
QUEUE-000000851,HOSP-001,DEPT-OPC,2026-05-01,2026-05-01,2026-05,Registration,119,116,3,45.5,46.5,,,,True,QUEUE-000000851,PROC-QCS-92010F32B162,VAL-C62B370EC6C3,2D-3B-1.0.0,2026-07-26 08:37:02.172746,
QUEUE-000000852,HOSP-001,DEPT-OPC,2026-05-02,2026-05-02,2026-05,Billing,101,98,3,46.0,45.0,,,,True,QUEUE-000000852,PROC-QCS-92010F32B162,VAL-C62B370EC6C3,2D-3B-1.0.0,2026-07-26 08:37:02.172746,
QUEUE-000000853,HOSP-001,DEPT-OPC,2026-05-03,2026-05-03,2026-05,Registration,86,84,2,45.7,49.0,,,,True,QUEUE-000000853,PROC-QCS-92010F32B162,VAL-C62B370EC6C3,2D-3B-1.0.0,2026-07-26 08:37:02.172746,
QUEUE-000000854,HOSP-001,DEPT-OPC,2026-05-04,2026-05-04,2026-05,Consultation,102,102,0,47.3,50.0,,,,True,QUEUE-000000854,PROC-QCS-92010F32B162,VAL-C62B370EC6C3,2D-3B-1.0.0,2026-07-26 08:37:02.172746,
QUEUE-000000855,HOSP-001,DEPT-OPC,2026-05-05,2026-05-05,2026-05,Billing,92,88,4,48.5,50.0,,,,True,QUEUE-000000855,PROC-QCS-92010F32B162,VAL-C62B370EC6C3,2D-3B-1.0.0,2026-07-26 08:37:02.172746,
QUEUE-000000856,HOSP-001,DEPT-OPC,2026-05-06,2026-05-06,2026-05,Consultation,99,95,4,45.6,47.0,,,,True,QUEUE-000000856,PROC-QCS-92010F32B162,VAL-C62B370EC6C3,2D-3B-1.0.0,2026-07-26 08:37:02.172746,
QUEUE-000000857,HOSP-001,DEPT-OPC,2026-05-07,2026-05-07,2026-05,Consultation,110,108,2,45.9,46.5,,,,True,QUEUE-000000857,PROC-QCS-92010F32B162,VAL-C62B370EC6C3,2D-3B-1.0.0,2026-07-26 08:37:02.172746,
QUEUE-000000858,HOSP-001,DEPT-OPC,2026-05-08,2026-05-08,2026-05,Registration,113,109,4,43.3,44.0,,,,True,QUEUE-000000858,PROC-QCS-92010F32B162,VAL-C62B370EC6C3,2D-3B-1.0.0,2026-07-26 08:37:02.172746,
QUEUE-000000859,HOSP-001,DEPT-OPC,2026-05-09,2026-05-09,2026-05,Pharmacy,78,77,1,48.4,50.0,,,,True,QUEUE-000000859,PROC-QCS-92010F32B162,VAL-C62B370EC6C3,2D-3B-1.0.0,2026-07-26 08:37:02.172746,
QUEUE-000000860,HOSP-001,DEPT-OPC,2026-05-10,2026-05-10,2026-05,Registration,100,99,1,46.7,48.0,,,,True,QUEUE-000000860,PROC-QCS-92010F32B162,VAL-C62B370EC6C3,2D-3B-1.0.0,2026-07-26 08:37:02.172746,
QUEUE-000000861,HOSP-001,DEPT-OPC,2026-05-11,2026-05-11,2026-05,Registration,76,73,3,46.3,45.0,,,,True,QUEUE-000000861,PROC-QCS-92010F32B162,VAL-C62B370EC6C3,2D-3B-1.0.0,2026-07-26 08:37:02.172746,
QUEUE-000000862,HOSP-001,DEPT-OPC,2026-05-12,2026-05-12,2026-05,Registration,83,81,2,42.0,43.0,,,,True,QUEUE-000000862,PROC-QCS-92010F32B162,VAL-C62B370EC6C3,2D-3B-1.0.0,2026-07-26 08:37:02.172746,
QUEUE-000000863,HOSP-001,DEPT-OPC,2026-05-13,2026-05-13,2026-05,Radiology,97,93,4,45.4,49.0,,,,True,QUEUE-000000863,PROC-QCS-92010F32B162,VAL-C62B370EC6C3,2D-3B-1.0.0,2026-07-26 08:37:02.172746,
QUEUE-000000864,HOSP-001,DEPT-OPC,2026-05-14,2026-05-14,2026-05,Radiology,85,83,2,46.6,46.0,,,,True,QUEUE-000000864,PROC-QCS-92010F32B162,VAL-C62B370EC6C3,2D-3B-1.0.0,2026-07-26 08:37:02.172746,
QUEUE-000000865,HOSP-001,DEPT-OPC,2026-05-15,2026-05-15,2026-05,Registration,103,97,6,45.2,46.0,,,,True,QUEUE-000000865,PROC-QCS-92010F32B162,VAL-C62B370EC6C3,2D-3B-1.0.0,2026-07-26 08:37:02.172746,
QUEUE-000000866,HOSP-001,DEPT-OPC,2026-05-16,2026-05-16,2026-05,Triage,113,113,0,44.4,47.0,,,,True,QUEUE-000000866,PROC-QCS-92010F32B162,VAL-C62B370EC6C3,2D-3B-1.0.0,2026-07-26 08:37:02.172746,
QUEUE-000000867,HOSP-001,DEPT-OPC,2026-05-17,2026-05-17,2026-05,Consultation,81,80,1,43.2,44.0,,,,True,QUEUE-000000867,PROC-QCS-92010F32B162,VAL-C62B370EC6C3,2D-3B-1.0.0,2026-07-26 08:37:02.172746,
QUEUE-000000868,HOSP-001,DEPT-OPC,2026-05-18,2026-05-18,2026-05,Billing,83,81,2,46.5,48.0,,,,True,QUEUE-000000868,PROC-QCS-92010F32B162,VAL-C62B370EC6C3,2D-3B-1.0.0,2026-07-26 08:37:02.172746,
QUEUE-000000869,HOSP-001,DEPT-OPC,2026-05-19,2026-05-19,2026-05,Billing,86,82,4,42.7,42.0,,,,True,QUEUE-000000869,PROC-QCS-92010F32B162,VAL-C62B370EC6C3,2D-3B-1.0.0,2026-07-26 08:37:02.172746,
QUEUE-000000870,HOSP-001,DEPT-OPC,2026-05-20,2026-05-20,2026-05,Billing,85,83,2,45.7,48.0,,,,True,QUEUE-000000870,PROC-QCS-92010F32B162,VAL-C62B370EC6C3,2D-3B-1.0.0,2026-07-26 08:37:02.172746,
QUEUE-000000871,HOSP-001,DEPT-OPC,2026-05-21,2026-05-21,2026-05,Pharmacy,101,100,1,44.6,44.5,,,,True,QUEUE-000000871,PROC-QCS-92010F32B162,VAL-C62B370EC6C3,2D-3B-1.0.0,2026-07-26 08:37:02.172746,
QUEUE-000000872,HOSP-001,DEPT-OPC,2026-05-22,2026-05-22,2026-05,Pharmacy,114,112,2,46.3,49.5,,,,True,QUEUE-000000872,PROC-QCS-92010F32B162,VAL-C62B370EC6C3,2D-3B-1.0.0,2026-07-26 08:37:02.172746,
QUEUE-000000873,HOSP-001,DEPT-OPC,2026-05-23,2026-05-23,2026-05,Triage,97,93,4,47.3,49.0,,,,True,QUEUE-000000873,PROC-QCS-92010F32B162,VAL-C62B370EC6C3,2D-3B-1.0.0,2026-07-26 08:37:02.172746,
QUEUE-000000874,HOSP-001,DEPT-OPC,2026-05-24,2026-05-24,2026-05,Registration,83,82,1,47.0,46.0,,,,True,QUEUE-000000874,PROC-QCS-92010F32B162,VAL-C62B370EC6C3,2D-3B-1.0.0,2026-07-26 08:37:02.172746,
QUEUE-000000875,HOSP-001,DEPT-OPC,2026-05-25,2026-05-25,2026-05,Triage,99,98,1,43.3,45.0,,,,True,QUEUE-000000875,PROC-QCS-92010F32B162,VAL-C62B370EC6C3,2D-3B-1.0.0,2026-07-26 08:37:02.172746,
QUEUE-000000876,HOSP-001,DEPT-OPC,2026-05-26,2026-05-26,2026-05,Radiology,88,86,2,43.4,43.5,,,,True,QUEUE-000000876,PROC-QCS-92010F32B162,VAL-C62B370EC6C3,2D-3B-1.0.0,2026-07-26 08:37:02.172746,
QUEUE-000000877,HOSP-001,DEPT-OPC,2026-05-27,2026-05-27,2026-05,Consultation,115,110,5,43.2,43.5,,,,True,QUEUE-000000877,PROC-QCS-92010F32B162,VAL-C62B370EC6C3,2D-3B-1.0.0,2026-07-26 08:37:02.172746,
QUEUE-000000878,HOSP-001,DEPT-OPC,2026-05-28,2026-05-28,2026-05,Triage,113,110,3,42.5,42.5,,,,True,QUEUE-000000878,PROC-QCS-92010F32B162,VAL-C62B370EC6C3,2D-3B-1.0.0,2026-07-26 08:37:02.172746,
QUEUE-000000879,HOSP-001,DEPT-OPC,2026-05-29,2026-05-29,2026-05,Radiology,108,101,7,46.3,47.0,,,,True,QUEUE-000000879,PROC-QCS-92010F32B162,VAL-C62B370EC6C3,2D-3B-1.0.0,2026-07-26 08:37:02.172746,
QUEUE-000000880,HOSP-001,DEPT-OPC,2026-05-30,2026-05-30,2026-05,Registration,81,80,1,47.6,50.5,,,,True,QUEUE-000000880,PROC-QCS-92010F32B162,VAL-C62B370EC6C3,2D-3B-1.0.0,2026-07-26 08:37:02.172746,
QUEUE-000000881,HOSP-001,DEPT-OPC,2026-05-31,2026-05-31,2026-05,Pharmacy,115,112,3,45.8,44.5,,,,True,QUEUE-000000881,PROC-QCS-92010F32B162,VAL-C62B370EC6C3,2D-3B-1.0.0,2026-07-26 08:37:02.172746,
QUEUE-000000882,HOSP-001,DEPT-OPC,2026-06-01,2026-06-01,2026-06,Registration,107,102,5,55.4,54.5,,,,True,QUEUE-000000882,PROC-QCS-92010F32B162,VAL-C62B370EC6C3,2D-3B-1.0.0,2026-07-26 08:37:02.172746,
QUEUE-000000883,HOSP-001,DEPT-OPC,2026-06-02,2026-06-02,2026-06,Triage,90,89,1,55.2,54.0,,,,True,QUEUE-000000883,PROC-QCS-92010F32B162,VAL-C62B370EC6C3,2D-3B-1.0.0,2026-07-26 08:37:02.172746,
QUEUE-000000884,HOSP-001,DEPT-OPC,2026-06-03,2026-06-03,2026-06,Triage,100,98,2,53.9,54.5,,,,True,QUEUE-000000884,PROC-QCS-92010F32B162,VAL-C62B370EC6C3,2D-3B-1.0.0,2026-07-26 08:37:02.172746,
QUEUE-000000885,HOSP-001,DEPT-OPC,2026-06-04,2026-06-04,2026-06,Consultation,93,90,3,58.5,56.0,,,,True,QUEUE-000000885,PROC-QCS-92010F32B162,VAL-C62B370EC6C3,2D-3B-1.0.0,2026-07-26 08:37:02.172746,
QUEUE-000000886,HOSP-001,DEPT-OPC,2026-06-05,2026-06-05,2026-06,Registration,97,90,7,55.5,57.0,,,,True,QUEUE-000000886,PROC-QCS-92010F32B162,VAL-C62B370EC6C3,2D-3B-1.0.0,2026-07-26 08:37:02.172746,
QUEUE-000000887,HOSP-001,DEPT-OPC,2026-06-06,2026-06-06,2026-06,Billing,122,121,1,56.6,58.0,,,,True,QUEUE-000000887,PROC-QCS-92010F32B162,VAL-C62B370EC6C3,2D-3B-1.0.0,2026-07-26 08:37:02.172746,
QUEUE-000000888,HOSP-001,DEPT-OPC,2026-06-07,2026-06-07,2026-06,Registration,110,108,2,54.8,57.0,,,,True,QUEUE-000000888,PROC-QCS-92010F32B162,VAL-C62B370EC6C3,2D-3B-1.0.0,2026-07-26 08:37:02.172746,
QUEUE-000000889,HOSP-001,DEPT-OPC,2026-06-08,2026-06-08,2026-06,Billing,98,95,3,55.0,58.0,,,,True,QUEUE-000000889,PROC-QCS-92010F32B162,VAL-C62B370EC6C3,2D-3B-1.0.0,2026-07-26 08:37:02.172746,
QUEUE-000000890,HOSP-001,DEPT-OPC,2026-06-09,2026-06-09,2026-06,Radiology,100,94,6,55.5,58.5,,,,True,QUEUE-000000890,PROC-QCS-92010F32B162,VAL-C62B370EC6C3,2D-3B-1.0.0,2026-07-26 08:37:02.172746,
QUEUE-000000891,HOSP-001,DEPT-OPC,2026-06-10,2026-06-10,2026-06,Pharmacy,124,122,2,56.8,54.5,,,,True,QUEUE-000000891,PROC-QCS-92010F32B162,VAL-C62B370EC6C3,2D-3B-1.0.0,2026-07-26 08:37:02.172746,
QUEUE-000000892,HOSP-001,DEPT-OPC,2026-06-11,2026-06-11,2026-06,Registration,82,80,2,53.5,52.0,,,,True,QUEUE-000000892,PROC-QCS-92010F32B162,VAL-C62B370EC6C3,2D-3B-1.0.0,2026-07-26 08:37:02.172746,
QUEUE-000000893,HOSP-001,DEPT-OPC,2026-06-12,2026-06-12,2026-06,Billing,101,98,3,54.1,55.0,,,,True,QUEUE-000000893,PROC-QCS-92010F32B162,VAL-C62B370EC6C3,2D-3B-1.0.0,2026-07-26 08:37:02.172746,
QUEUE-000000894,HOSP-001,DEPT-OPC,2026-06-13,2026-06-13,2026-06,Billing,134,128,6,53.8,53.0,,,,True,QUEUE-000000894,PROC-QCS-92010F32B162,VAL-C62B370EC6C3,2D-3B-1.0.0,2026-07-26 08:37:02.172746,
QUEUE-000000895,HOSP-001,DEPT-OPC,2026-06-14,2026-06-14,2026-06,Consultation,92,92,0,57.4,58.0,,,,True,QUEUE-000000895,PROC-QCS-92010F32B162,VAL-C62B370EC6C3,2D-3B-1.0.0,2026-07-26 08:37:02.172746,
QUEUE-000000896,HOSP-001,DEPT-OPC,2026-06-15,2026-06-15,2026-06,Triage,110,104,6,56.2,56.5,,,,True,QUEUE-000000896,PROC-QCS-92010F32B162,VAL-C62B370EC6C3,2D-3B-1.0.0,2026-07-26 08:37:02.172746,
QUEUE-000000897,HOSP-001,DEPT-OPC,2026-06-16,2026-06-16,2026-06,Radiology,115,114,1,57.0,59.0,,,,True,QUEUE-000000897,PROC-QCS-92010F32B162,VAL-C62B370EC6C3,2D-3B-1.0.0,2026-07-26 08:37:02.172746,
QUEUE-000000898,HOSP-001,DEPT-OPC,2026-06-17,2026-06-17,2026-06,Triage,116,113,3,54.0,52.0,,,,True,QUEUE-000000898,PROC-QCS-92010F32B162,VAL-C62B370EC6C3,2D-3B-1.0.0,2026-07-26 08:37:02.172746,
QUEUE-000000899,HOSP-001,DEPT-OPC,2026-06-18,2026-06-18,2026-06,Consultation,112,108,4,52.4,53.0,,,,True,QUEUE-000000899,PROC-QCS-92010F32B162,VAL-C62B370EC6C3,2D-3B-1.0.0,2026-07-26 08:37:02.172746,
QUEUE-000000900,HOSP-001,DEPT-OPC,2026-06-19,2026-06-19,2026-06,Billing,103,100,3,54.4,52.0,,,,True,QUEUE-000000900,PROC-QCS-92010F32B162,VAL-C62B370EC6C3,2D-3B-1.0.0,2026-07-26 08:37:02.172746,
QUEUE-000000901,HOSP-001,DEPT-OPC,2026-06-20,2026-06-20,2026-06,Triage,64,63,1,53.6,61.0,,,,True,QUEUE-000000901,PROC-QCS-92010F32B162,VAL-C62B370EC6C3,2D-3B-1.0.0,2026-07-26 08:37:02.172746,
QUEUE-000000902,HOSP-001,DEPT-OPC,2026-06-21,2026-06-21,2026-06,Radiology,77,75,2,56.9,59.0,,,,True,QUEUE-000000902,PROC-QCS-92010F32B162,VAL-C62B370EC6C3,2D-3B-1.0.0,2026-07-26 08:37:02.172746,
QUEUE-000000903,HOSP-001,DEPT-OPC,2026-06-22,2026-06-22,2026-06,Registration,101,97,4,57.3,60.0,,,,True,QUEUE-000000903,PROC-QCS-92010F32B162,VAL-C62B370EC6C3,2D-3B-1.0.0,2026-07-26 08:37:02.172746,
QUEUE-000000904,HOSP-001,DEPT-OPC,2026-06-23,2026-06-23,2026-06,Pharmacy,88,86,2,57.6,60.5,,,,True,QUEUE-000000904,PROC-QCS-92010F32B162,VAL-C62B370EC6C3,2D-3B-1.0.0,2026-07-26 08:37:02.172746,
QUEUE-000000905,HOSP-001,DEPT-OPC,2026-06-24,2026-06-24,2026-06,Billing,99,97,2,55.2,60.0,,,,True,QUEUE-000000905,PROC-QCS-92010F32B162,VAL-C62B370EC6C3,2D-3B-1.0.0,2026-07-26 08:37:02.172746,
QUEUE-000000906,HOSP-001,DEPT-OPC,2026-06-25,2026-06-25,2026-06,Triage,105,99,6,55.5,58.0,,,,True,QUEUE-000000906,PROC-QCS-92010F32B162,VAL-C62B370EC6C3,2D-3B-1.0.0,2026-07-26 08:37:02.172746,
QUEUE-000000907,HOSP-001,DEPT-OPC,2026-06-26,2026-06-26,2026-06,Pharmacy,107,99,8,49.9,48.0,,,,True,QUEUE-000000907,PROC-QCS-92010F32B162,VAL-C62B370EC6C3,2D-3B-1.0.0,2026-07-26 08:37:02.172746,
QUEUE-000000908,HOSP-001,DEPT-OPC,2026-06-27,2026-06-27,2026-06,Registration,131,128,3,54.9,55.0,,,,True,QUEUE-000000908,PROC-QCS-92010F32B162,VAL-C62B370EC6C3,2D-3B-1.0.0,2026-07-26 08:37:02.172746,
QUEUE-000000909,HOSP-001,DEPT-OPC,2026-06-28,2026-06-28,2026-06,Triage,113,112,1,56.5,57.5,,,,True,QUEUE-000000909,PROC-QCS-92010F32B162,VAL-C62B370EC6C3,2D-3B-1.0.0,2026-07-26 08:37:02.172746,
QUEUE-000000910,HOSP-001,DEPT-OPC,2026-06-29,2026-06-29,2026-06,Triage,88,86,2,57.3,59.5,,,,True,QUEUE-000000910,PROC-QCS-92010F32B162,VAL-C62B370EC6C3,2D-3B-1.0.0,2026-07-26 08:37:02.172746,
QUEUE-000000911,HOSP-001,DEPT-OPC,2026-06-30,2026-06-30,2026-06,Triage,100,97,3,56.8,60.0,,,,True,QUEUE-000000911,PROC-QCS-92010F32B162,VAL-C62B370EC6C3,2D-3B-1.0.0,2026-07-26 08:37:02.172746,
QUEUE-000000912,HOSP-001,DEPT-OPC,2026-07-01,2026-07-01,2026-07,Billing,110,106,4,52.1,50.0,,,,True,QUEUE-000000912,PROC-QCS-92010F32B162,VAL-C62B370EC6C3,2D-3B-1.0.0,2026-07-26 08:37:02.172746,
QUEUE-000000913,HOSP-001,DEPT-OPC,2026-07-02,2026-07-02,2026-07,Triage,107,99,8,58.3,58.0,,,,True,QUEUE-000000913,PROC-QCS-92010F32B162,VAL-C62B370EC6C3,2D-3B-1.0.0,2026-07-26 08:37:02.172746,
QUEUE-000000914,HOSP-001,DEPT-OPC,2026-07-03,2026-07-03,2026-07,Radiology,94,90,4,54.3,52.5,,,,True,QUEUE-000000914,PROC-QCS-92010F32B162,VAL-C62B370EC6C3,2D-3B-1.0.0,2026-07-26 08:37:02.172746,
QUEUE-000000915,HOSP-001,DEPT-OPC,2026-07-04,2026-07-04,2026-07,Registration,92,90,2,54.0,60.5,,,,True,QUEUE-000000915,PROC-QCS-92010F32B162,VAL-C62B370EC6C3,2D-3B-1.0.0,2026-07-26 08:37:02.172746,
QUEUE-000000916,HOSP-001,DEPT-OPC,2026-07-05,2026-07-05,2026-07,Triage,117,113,4,54.7,56.0,,,,True,QUEUE-000000916,PROC-QCS-92010F32B162,VAL-C62B370EC6C3,2D-3B-1.0.0,2026-07-26 08:37:02.172746,
QUEUE-000000917,HOSP-001,DEPT-OPC,2026-07-06,2026-07-06,2026-07,Registration,103,100,3,56.2,56.5,,,,True,QUEUE-000000917,PROC-QCS-92010F32B162,VAL-C62B370EC6C3,2D-3B-1.0.0,2026-07-26 08:37:02.172746,
QUEUE-000000918,HOSP-001,DEPT-OPC,2026-07-07,2026-07-07,2026-07,Registration,90,86,4,54.0,53.0,,,,True,QUEUE-000000918,PROC-QCS-92010F32B162,VAL-C62B370EC6C3,2D-3B-1.0.0,2026-07-26 08:37:02.172746,
QUEUE-000000919,HOSP-001,DEPT-OPC,2026-07-08,2026-07-08,2026-07,Consultation,111,106,5,52.4,50.5,,,,True,QUEUE-000000919,PROC-QCS-92010F32B162,VAL-C62B370EC6C3,2D-3B-1.0.0,2026-07-26 08:37:02.172746,
QUEUE-000000920,HOSP-001,DEPT-OPC,2026-07-09,2026-07-09,2026-07,Registration,86,85,1,56.3,58.0,,,,True,QUEUE-000000920,PROC-QCS-92010F32B162,VAL-C62B370EC6C3,2D-3B-1.0.0,2026-07-26 08:37:02.172746,
QUEUE-000000921,HOSP-001,DEPT-OPC,2026-07-10,2026-07-10,2026-07,Billing,94,90,4,50.3,48.0,,,,True,QUEUE-000000921,PROC-QCS-92010F32B162,VAL-C62B370EC6C3,2D-3B-1.0.0,2026-07-26 08:37:02.172746,
QUEUE-000000922,HOSP-001,DEPT-OPC,2026-07-11,2026-07-11,2026-07,Pharmacy,96,93,3,54.8,59.0,,,,True,QUEUE-000000922,PROC-QCS-92010F32B162,VAL-C62B370EC6C3,2D-3B-1.0.0,2026-07-26 08:37:02.172746,
QUEUE-000000923,HOSP-001,DEPT-OPC,2026-07-12,2026-07-12,2026-07,Consultation,105,101,4,55.9,53.0,,,,True,QUEUE-000000923,PROC-QCS-92010F32B162,VAL-C62B370EC6C3,2D-3B-1.0.0,2026-07-26 08:37:02.172746,
QUEUE-000000924,HOSP-001,DEPT-OPC,2026-07-13,2026-07-13,2026-07,Radiology,92,89,3,53.7,53.0,,,,True,QUEUE-000000924,PROC-QCS-92010F32B162,VAL-C62B370EC6C3,2D-3B-1.0.0,2026-07-26 08:37:02.172746,
QUEUE-000000925,HOSP-001,DEPT-OPC,2026-07-14,2026-07-14,2026-07,Registration,98,97,1,47.9,49.0,,,,True,QUEUE-000000925,PROC-QCS-92010F32B162,VAL-C62B370EC6C3,2D-3B-1.0.0,2026-07-26 08:37:02.172746,
QUEUE-000000926,HOSP-001,DEPT-OPC,2026-07-15,2026-07-15,2026-07,Triage,117,114,3,52.4,56.0,,,,True,QUEUE-000000926,PROC-QCS-92010F32B162,VAL-C62B370EC6C3,2D-3B-1.0.0,2026-07-26 08:37:02.172746,
QUEUE-000000927,HOSP-001,DEPT-OPC,2026-07-16,2026-07-16,2026-07,Billing,108,107,1,55.8,57.0,,,,True,QUEUE-000000927,PROC-QCS-92010F32B162,VAL-C62B370EC6C3,2D-3B-1.0.0,2026-07-26 08:37:02.172746,
QUEUE-000000928,HOSP-001,DEPT-OPC,2026-07-17,2026-07-17,2026-07,Radiology,96,90,6,54.1,56.0,,,,True,QUEUE-000000928,PROC-QCS-92010F32B162,VAL-C62B370EC6C3,2D-3B-1.0.0,2026-07-26 08:37:02.172746,
QUEUE-000000929,HOSP-001,DEPT-OPC,2026-07-18,2026-07-18,2026-07,Registration,94,90,4,54.0,54.5,,,,True,QUEUE-000000929,PROC-QCS-92010F32B162,VAL-C62B370EC6C3,2D-3B-1.0.0,2026-07-26 08:37:02.172746,
QUEUE-000000930,HOSP-001,DEPT-OPC,2026-07-19,2026-07-19,2026-07,Consultation,99,95,4,54.3,56.0,,,,True,QUEUE-000000930,PROC-QCS-92010F32B162,VAL-C62B370EC6C3,2D-3B-1.0.0,2026-07-26 08:37:02.172746,
QUEUE-000000931,HOSP-001,DEPT-OPC,2026-07-20,2026-07-20,2026-07,Consultation,103,100,3,46.7,46.5,,,,True,QUEUE-000000931,PROC-QCS-92010F32B162,VAL-C62B370EC6C3,2D-3B-1.0.0,2026-07-26 08:37:02.172746,
QUEUE-000000932,HOSP-001,DEPT-OPC,2026-07-21,2026-07-21,2026-07,Triage,97,95,2,55.5,54.0,,,,True,QUEUE-000000932,PROC-QCS-92010F32B162,VAL-C62B370EC6C3,2D-3B-1.0.0,2026-07-26 08:37:02.172746,
QUEUE-000000933,HOSP-001,DEPT-OPC,2026-07-22,2026-07-22,2026-07,Billing,86,85,1,56.6,57.0,,,,True,QUEUE-000000933,PROC-QCS-92010F32B162,VAL-C62B370EC6C3,2D-3B-1.0.0,2026-07-26 08:37:02.172746,
QUEUE-000000934,HOSP-001,DEPT-OPC,2026-07-23,2026-07-23,2026-07,Consultation,74,72,2,54.2,54.0,,,,True,QUEUE-000000934,PROC-QCS-92010F32B162,VAL-C62B370EC6C3,2D-3B-1.0.0,2026-07-26 08:37:02.172746,
QUEUE-000000935,HOSP-001,DEPT-OPC,2026-07-24,2026-07-24,2026-07,Pharmacy,84,84,0,56.7,56.5,,,,True,QUEUE-000000935,PROC-QCS-92010F32B162,VAL-C62B370EC6C3,2D-3B-1.0.0,2026-07-26 08:37:02.172746,
QUEUE-000000936,HOSP-001,DEPT-OPC,2026-07-25,2026-07-25,2026-07,Pharmacy,95,93,2,53.2,54.0,,,,True,QUEUE-000000936,PROC-QCS-92010F32B162,VAL-C62B370EC6C3,2D-3B-1.0.0,2026-07-26 08:37:02.172746,
QUEUE-000000937,HOSP-001,DEPT-OPC,2026-07-26,2026-07-26,2026-07,Registration,74,74,0,54.3,50.5,,,,True,QUEUE-000000937,PROC-QCS-92010F32B162,VAL-C62B370EC6C3,2D-3B-1.0.0,2026-07-26 08:37:02.172746,
QUEUE-000000938,HOSP-001,DEPT-OPC,2026-07-27,2026-07-27,2026-07,Registration,102,101,1,57.6,59.0,,,,True,QUEUE-000000938,PROC-QCS-92010F32B162,VAL-C62B370EC6C3,2D-3B-1.0.0,2026-07-26 08:37:02.172746,
QUEUE-000000939,HOSP-001,DEPT-OPC,2026-07-28,2026-07-28,2026-07,Consultation,100,96,4,50.1,52.5,,,,True,QUEUE-000000939,PROC-QCS-92010F32B162,VAL-C62B370EC6C3,2D-3B-1.0.0,2026-07-26 08:37:02.172746,
QUEUE-000000940,HOSP-001,DEPT-OPC,2026-07-29,2026-07-29,2026-07,Consultation,83,82,1,50.6,52.0,,,,True,QUEUE-000000940,PROC-QCS-92010F32B162,VAL-C62B370EC6C3,2D-3B-1.0.0,2026-07-26 08:37:02.172746,
QUEUE-000000941,HOSP-001,DEPT-OPC,2026-07-30,2026-07-30,2026-07,Pharmacy,131,127,4,53.7,54.0,,,,True,QUEUE-000000941,PROC-QCS-92010F32B162,VAL-C62B370EC6C3,2D-3B-1.0.0,2026-07-26 08:37:02.172746,
QUEUE-000000942,HOSP-001,DEPT-OPC,2026-07-31,2026-07-31,2026-07,Pharmacy,96,93,3,53.2,55.0,,,,True,QUEUE-000000942,PROC-QCS-92010F32B162,VAL-C62B370EC6C3,2D-3B-1.0.0,2026-07-26 08:37:02.172746,
QUEUE-000000943,HOSP-001,DEPT-OPC,2026-08-01,2026-08-01,2026-08,Consultation,92,91,1,37.6,38.0,,,,True,QUEUE-000000943,PROC-QCS-92010F32B162,VAL-C62B370EC6C3,2D-3B-1.0.0,2026-07-26 08:37:02.172746,
QUEUE-000000944,HOSP-001,DEPT-OPC,2026-08-02,2026-08-02,2026-08,Radiology,95,92,3,37.4,40.0,,,,True,QUEUE-000000944,PROC-QCS-92010F32B162,VAL-C62B370EC6C3,2D-3B-1.0.0,2026-07-26 08:37:02.172746,
QUEUE-000000945,HOSP-001,DEPT-OPC,2026-08-03,2026-08-03,2026-08,Billing,76,75,1,39.8,39.0,,,,True,QUEUE-000000945,PROC-QCS-92010F32B162,VAL-C62B370EC6C3,2D-3B-1.0.0,2026-07-26 08:37:02.172746,
QUEUE-000000946,HOSP-001,DEPT-OPC,2026-08-04,2026-08-04,2026-08,Consultation,93,90,3,40.7,39.0,,,,True,QUEUE-000000946,PROC-QCS-92010F32B162,VAL-C62B370EC6C3,2D-3B-1.0.0,2026-07-26 08:37:02.172746,
QUEUE-000000947,HOSP-001,DEPT-OPC,2026-08-05,2026-08-05,2026-08,Pharmacy,83,81,2,42.3,45.0,,,,True,QUEUE-000000947,PROC-QCS-92010F32B162,VAL-C62B370EC6C3,2D-3B-1.0.0,2026-07-26 08:37:02.172746,
QUEUE-000000948,HOSP-001,DEPT-OPC,2026-08-06,2026-08-06,2026-08,Registration,73,71,2,38.1,37.0,,,,True,QUEUE-000000948,PROC-QCS-92010F32B162,VAL-C62B370EC6C3,2D-3B-1.0.0,2026-07-26 08:37:02.172746,
QUEUE-000000949,HOSP-001,DEPT-OPC,2026-08-07,2026-08-07,2026-08,Pharmacy,82,77,5,39.1,39.0,,,,True,QUEUE-000000949,PROC-QCS-92010F32B162,VAL-C62B370EC6C3,2D-3B-1.0.0,2026-07-26 08:37:02.172746,
QUEUE-000000950,HOSP-001,DEPT-OPC,2026-08-08,2026-08-08,2026-08,Radiology,99,96,3,44.1,45.0,,,,True,QUEUE-000000950,PROC-QCS-92010F32B162,VAL-C62B370EC6C3,2D-3B-1.0.0,2026-07-26 08:37:02.172746,
QUEUE-000000951,HOSP-001,DEPT-OPC,2026-08-09,2026-08-09,2026-08,Consultation,82,81,1,37.0,36.0,,,,True,QUEUE-000000951,PROC-QCS-92010F32B162,VAL-C62B370EC6C3,2D-3B-1.0.0,2026-07-26 08:37:02.172746,
QUEUE-000000952,HOSP-001,DEPT-OPC,2026-08-10,2026-08-10,2026-08,Pharmacy,93,93,0,38.9,41.0,,,,True,QUEUE-000000952,PROC-QCS-92010F32B162,VAL-C62B370EC6C3,2D-3B-1.0.0,2026-07-26 08:37:02.172746,
QUEUE-000000953,HOSP-001,DEPT-OPC,2026-08-11,2026-08-11,2026-08,Radiology,99,94,5,41.2,42.5,,,,True,QUEUE-000000953,PROC-QCS-92010F32B162,VAL-C62B370EC6C3,2D-3B-1.0.0,2026-07-26 08:37:02.172746,
QUEUE-000000954,HOSP-001,DEPT-OPC,2026-08-12,2026-08-12,2026-08,Registration,92,89,3,39.3,38.0,,,,True,QUEUE-000000954,PROC-QCS-92010F32B162,VAL-C62B370EC6C3,2D-3B-1.0.0,2026-07-26 08:37:02.172746,
QUEUE-000000955,HOSP-001,DEPT-OPC,2026-08-13,2026-08-13,2026-08,Registration,88,88,0,39.4,42.0,,,,True,QUEUE-000000955,PROC-QCS-92010F32B162,VAL-C62B370EC6C3,2D-3B-1.0.0,2026-07-26 08:37:02.172746,
QUEUE-000000956,HOSP-001,DEPT-OPC,2026-08-14,2026-08-14,2026-08,Registration,109,105,4,38.2,37.0,,,,True,QUEUE-000000956,PROC-QCS-92010F32B162,VAL-C62B370EC6C3,2D-3B-1.0.0,2026-07-26 08:37:02.172746,
QUEUE-000000957,HOSP-001,DEPT-OPC,2026-08-15,2026-08-15,2026-08,Billing,71,71,0,42.2,45.0,,,,True,QUEUE-000000957,PROC-QCS-92010F32B162,VAL-C62B370EC6C3,2D-3B-1.0.0,2026-07-26 08:37:02.172746,
QUEUE-000000958,HOSP-001,DEPT-OPC,2026-08-16,2026-08-16,2026-08,Consultation,93,92,1,36.8,39.5,,,,True,QUEUE-000000958,PROC-QCS-92010F32B162,VAL-C62B370EC6C3,2D-3B-1.0.0,2026-07-26 08:37:02.172746,
QUEUE-000000959,HOSP-001,DEPT-OPC,2026-08-17,2026-08-17,2026-08,Registration,84,82,2,40.8,41.5,,,,True,QUEUE-000000959,PROC-QCS-92010F32B162,VAL-C62B370EC6C3,2D-3B-1.0.0,2026-07-26 08:37:02.172746,
QUEUE-000000960,HOSP-001,DEPT-OPC,2026-08-18,2026-08-18,2026-08,Registration,91,88,3,39.4,41.5,,,,True,QUEUE-000000960,PROC-QCS-92010F32B162,VAL-C62B370EC6C3,2D-3B-1.0.0,2026-07-26 08:37:02.172746,
QUEUE-000000961,HOSP-001,DEPT-OPC,2026-08-19,2026-08-19,2026-08,Registration,90,87,3,38.9,38.0,,,,True,QUEUE-000000961,PROC-QCS-92010F32B162,VAL-C62B370EC6C3,2D-3B-1.0.0,2026-07-26 08:37:02.172746,
QUEUE-000000962,HOSP-001,DEPT-OPC,2026-08-20,2026-08-20,2026-08,Consultation,92,90,2,37.7,38.5,,,,True,QUEUE-000000962,PROC-QCS-92010F32B162,VAL-C62B370EC6C3,2D-3B-1.0.0,2026-07-26 08:37:02.172746,
QUEUE-000000963,HOSP-001,DEPT-OPC,2026-08-21,2026-08-21,2026-08,Registration,102,99,3,41.0,40.0,,,,True,QUEUE-000000963,PROC-QCS-92010F32B162,VAL-C62B370EC6C3,2D-3B-1.0.0,2026-07-26 08:37:02.172746,
QUEUE-000000964,HOSP-001,DEPT-OPC,2026-08-22,2026-08-22,2026-08,Radiology,96,91,5,43.2,46.0,,,,True,QUEUE-000000964,PROC-QCS-92010F32B162,VAL-C62B370EC6C3,2D-3B-1.0.0,2026-07-26 08:37:02.172746,
QUEUE-000000965,HOSP-001,DEPT-OPC,2026-08-23,2026-08-23,2026-08,Consultation,87,83,4,42.5,42.0,,,,True,QUEUE-000000965,PROC-QCS-92010F32B162,VAL-C62B370EC6C3,2D-3B-1.0.0,2026-07-26 08:37:02.172746,
QUEUE-000000966,HOSP-001,DEPT-OPC,2026-08-24,2026-08-24,2026-08,Radiology,104,102,2,38.1,40.0,,,,True,QUEUE-000000966,PROC-QCS-92010F32B162,VAL-C62B370EC6C3,2D-3B-1.0.0,2026-07-26 08:37:02.172746,
QUEUE-000000967,HOSP-001,DEPT-OPC,2026-08-25,2026-08-25,2026-08,Consultation,92,90,2,41.7,43.0,,,,True,QUEUE-000000967,PROC-QCS-92010F32B162,VAL-C62B370EC6C3,2D-3B-1.0.0,2026-07-26 08:37:02.172746,
QUEUE-000000968,HOSP-001,DEPT-OPC,2026-08-26,2026-08-26,2026-08,Consultation,87,85,2,41.9,42.0,,,,True,QUEUE-000000968,PROC-QCS-92010F32B162,VAL-C62B370EC6C3,2D-3B-1.0.0,2026-07-26 08:37:02.172746,
QUEUE-000000969,HOSP-001,DEPT-OPC,2026-08-27,2026-08-27,2026-08,Consultation,85,81,4,42.7,44.0,,,,True,QUEUE-000000969,PROC-QCS-92010F32B162,VAL-C62B370EC6C3,2D-3B-1.0.0,2026-07-26 08:37:02.172746,
QUEUE-000000970,HOSP-001,DEPT-OPC,2026-08-28,2026-08-28,2026-08,Radiology,104,101,3,41.9,45.0,,,,True,QUEUE-000000970,PROC-QCS-92010F32B162,VAL-C62B370EC6C3,2D-3B-1.0.0,2026-07-26 08:37:02.172746,
QUEUE-000000971,HOSP-001,DEPT-OPC,2026-08-29,2026-08-29,2026-08,Consultation,88,86,2,39.3,40.5,,,,True,QUEUE-000000971,PROC-QCS-92010F32B162,VAL-C62B370EC6C3,2D-3B-1.0.0,2026-07-26 08:37:02.172746,
QUEUE-000000972,HOSP-001,DEPT-OPC,2026-08-30,2026-08-30,2026-08,Registration,96,93,3,44.8,45.0,,,,True,QUEUE-000000972,PROC-QCS-92010F32B162,VAL-C62B370EC6C3,2D-3B-1.0.0,2026-07-26 08:37:02.172746,
QUEUE-000000973,HOSP-001,DEPT-OPC,2026-08-31,2026-08-31,2026-08,Triage,87,86,1,39.9,42.0,,,,True,QUEUE-000000973,PROC-QCS-92010F32B162,VAL-C62B370EC6C3,2D-3B-1.0.0,2026-07-26 08:37:02.172746,
QUEUE-000000974,HOSP-001,DEPT-OPC,2026-09-01,2026-09-01,2026-09,Billing,79,77,2,40.7,41.0,,,,True,QUEUE-000000974,PROC-QCS-92010F32B162,VAL-C62B370EC6C3,2D-3B-1.0.0,2026-07-26 08:37:02.172746,
QUEUE-000000975,HOSP-001,DEPT-OPC,2026-09-02,2026-09-02,2026-09,Registration,83,81,2,39.2,39.0,,,,True,QUEUE-000000975,PROC-QCS-92010F32B162,VAL-C62B370EC6C3,2D-3B-1.0.0,2026-07-26 08:37:02.172746,
QUEUE-000000976,HOSP-001,DEPT-OPC,2026-09-03,2026-09-03,2026-09,Consultation,89,87,2,37.6,39.0,,,,True,QUEUE-000000976,PROC-QCS-92010F32B162,VAL-C62B370EC6C3,2D-3B-1.0.0,2026-07-26 08:37:02.172746,
QUEUE-000000977,HOSP-001,DEPT-OPC,2026-09-04,2026-09-04,2026-09,Pharmacy,104,102,2,37.7,37.0,,,,True,QUEUE-000000977,PROC-QCS-92010F32B162,VAL-C62B370EC6C3,2D-3B-1.0.0,2026-07-26 08:37:02.172746,
QUEUE-000000978,HOSP-001,DEPT-OPC,2026-09-05,2026-09-05,2026-09,Registration,88,85,3,43.2,43.0,,,,True,QUEUE-000000978,PROC-QCS-92010F32B162,VAL-C62B370EC6C3,2D-3B-1.0.0,2026-07-26 08:37:02.172746,
QUEUE-000000979,HOSP-001,DEPT-OPC,2026-09-06,2026-09-06,2026-09,Registration,85,83,2,42.8,44.0,,,,True,QUEUE-000000979,PROC-QCS-92010F32B162,VAL-C62B370EC6C3,2D-3B-1.0.0,2026-07-26 08:37:02.172746,
QUEUE-000000980,HOSP-001,DEPT-OPC,2026-09-07,2026-09-07,2026-09,Consultation,86,80,6,42.5,43.5,,,,True,QUEUE-000000980,PROC-QCS-92010F32B162,VAL-C62B370EC6C3,2D-3B-1.0.0,2026-07-26 08:37:02.172746,
QUEUE-000000981,HOSP-001,DEPT-OPC,2026-09-08,2026-09-08,2026-09,Billing,88,86,2,42.7,45.0,,,,True,QUEUE-000000981,PROC-QCS-92010F32B162,VAL-C62B370EC6C3,2D-3B-1.0.0,2026-07-26 08:37:02.172746,
QUEUE-000000982,HOSP-001,DEPT-OPC,2026-09-09,2026-09-09,2026-09,Pharmacy,108,107,1,39.0,39.0,,,,True,QUEUE-000000982,PROC-QCS-92010F32B162,VAL-C62B370EC6C3,2D-3B-1.0.0,2026-07-26 08:37:02.172746,
QUEUE-000000983,HOSP-001,DEPT-OPC,2026-09-10,2026-09-10,2026-09,Consultation,102,98,4,39.0,37.5,,,,True,QUEUE-000000983,PROC-QCS-92010F32B162,VAL-C62B370EC6C3,2D-3B-1.0.0,2026-07-26 08:37:02.172746,
QUEUE-000000984,HOSP-001,DEPT-OPC,2026-09-11,2026-09-11,2026-09,Pharmacy,92,91,1,38.6,40.0,,,,True,QUEUE-000000984,PROC-QCS-92010F32B162,VAL-C62B370EC6C3,2D-3B-1.0.0,2026-07-26 08:37:02.172746,
QUEUE-000000985,HOSP-001,DEPT-OPC,2026-09-12,2026-09-12,2026-09,Billing,73,70,3,38.1,36.5,,,,True,QUEUE-000000985,PROC-QCS-92010F32B162,VAL-C62B370EC6C3,2D-3B-1.0.0,2026-07-26 08:37:02.172746,
QUEUE-000000986,HOSP-001,DEPT-OPC,2026-09-13,2026-09-13,2026-09,Consultation,86,83,3,43.1,45.0,,,,True,QUEUE-000000986,PROC-QCS-92010F32B162,VAL-C62B370EC6C3,2D-3B-1.0.0,2026-07-26 08:37:02.172746,
QUEUE-000000987,HOSP-001,DEPT-OPC,2026-09-14,2026-09-14,2026-09,Billing,83,82,1,39.6,39.0,,,,True,QUEUE-000000987,PROC-QCS-92010F32B162,VAL-C62B370EC6C3,2D-3B-1.0.0,2026-07-26 08:37:02.172746,
QUEUE-000000988,HOSP-001,DEPT-OPC,2026-09-15,2026-09-15,2026-09,Billing,90,88,2,42.9,45.5,,,,True,QUEUE-000000988,PROC-QCS-92010F32B162,VAL-C62B370EC6C3,2D-3B-1.0.0,2026-07-26 08:37:02.172746,
QUEUE-000000989,HOSP-001,DEPT-OPC,2026-09-16,2026-09-16,2026-09,Registration,89,87,2,40.5,40.0,,,,True,QUEUE-000000989,PROC-QCS-92010F32B162,VAL-C62B370EC6C3,2D-3B-1.0.0,2026-07-26 08:37:02.172746,
QUEUE-000000990,HOSP-001,DEPT-OPC,2026-09-17,2026-09-17,2026-09,Consultation,89,86,3,38.0,34.0,,,,True,QUEUE-000000990,PROC-QCS-92010F32B162,VAL-C62B370EC6C3,2D-3B-1.0.0,2026-07-26 08:37:02.172746,
QUEUE-000000991,HOSP-001,DEPT-OPC,2026-09-18,2026-09-18,2026-09,Consultation,90,86,4,40.6,41.0,,,,True,QUEUE-000000991,PROC-QCS-92010F32B162,VAL-C62B370EC6C3,2D-3B-1.0.0,2026-07-26 08:37:02.172746,
QUEUE-000000992,HOSP-001,DEPT-OPC,2026-09-19,2026-09-19,2026-09,Billing,89,87,2,38.3,40.0,,,,True,QUEUE-000000992,PROC-QCS-92010F32B162,VAL-C62B370EC6C3,2D-3B-1.0.0,2026-07-26 08:37:02.172746,
QUEUE-000000993,HOSP-001,DEPT-OPC,2026-09-20,2026-09-20,2026-09,Pharmacy,75,72,3,37.7,39.0,,,,True,QUEUE-000000993,PROC-QCS-92010F32B162,VAL-C62B370EC6C3,2D-3B-1.0.0,2026-07-26 08:37:02.172746,
QUEUE-000000994,HOSP-001,DEPT-OPC,2026-09-21,2026-09-21,2026-09,Registration,101,95,6,41.5,40.0,,,,True,QUEUE-000000994,PROC-QCS-92010F32B162,VAL-C62B370EC6C3,2D-3B-1.0.0,2026-07-26 08:37:02.172746,
QUEUE-000000995,HOSP-001,DEPT-OPC,2026-09-22,2026-09-22,2026-09,Consultation,90,86,4,39.5,39.5,,,,True,QUEUE-000000995,PROC-QCS-92010F32B162,VAL-C62B370EC6C3,2D-3B-1.0.0,2026-07-26 08:37:02.172746,
QUEUE-000000996,HOSP-001,DEPT-OPC,2026-09-23,2026-09-23,2026-09,Registration,101,95,6,38.1,35.0,,,,True,QUEUE-000000996,PROC-QCS-92010F32B162,VAL-C62B370EC6C3,2D-3B-1.0.0,2026-07-26 08:37:02.172746,
QUEUE-000000997,HOSP-001,DEPT-OPC,2026-09-24,2026-09-24,2026-09,Registration,101,97,4,38.7,37.0,,,,True,QUEUE-000000997,PROC-QCS-92010F32B162,VAL-C62B370EC6C3,2D-3B-1.0.0,2026-07-26 08:37:02.172746,
QUEUE-000000998,HOSP-001,DEPT-OPC,2026-09-25,2026-09-25,2026-09,Consultation,95,91,4,42.2,45.0,,,,True,QUEUE-000000998,PROC-QCS-92010F32B162,VAL-C62B370EC6C3,2D-3B-1.0.0,2026-07-26 08:37:02.172746,
QUEUE-000000999,HOSP-001,DEPT-OPC,2026-09-26,2026-09-26,2026-09,Registration,83,83,0,43.4,46.0,,,,True,QUEUE-000000999,PROC-QCS-92010F32B162,VAL-C62B370EC6C3,2D-3B-1.0.0,2026-07-26 08:37:02.172746,
QUEUE-000001000,HOSP-001,DEPT-OPC,2026-09-27,2026-09-27,2026-09,Pharmacy,79,73,6,41.3,42.0,,,,True,QUEUE-000001000,PROC-QCS-92010F32B162,VAL-C62B370EC6C3,2D-3B-1.0.0,2026-07-26 08:37:02.172746,
QUEUE-000001001,HOSP-001,DEPT-OPC,2026-09-28,2026-09-28,2026-09,Consultation,94,91,3,42.9,45.0,,,,True,QUEUE-000001001,PROC-QCS-92010F32B162,VAL-C62B370EC6C3,2D-3B-1.0.0,2026-07-26 08:37:02.172746,
QUEUE-000001002,HOSP-001,DEPT-OPC,2026-09-29,2026-09-29,2026-09,Billing,102,99,3,39.6,39.0,,,,True,QUEUE-000001002,PROC-QCS-92010F32B162,VAL-C62B370EC6C3,2D-3B-1.0.0,2026-07-26 08:37:02.172746,
QUEUE-000001003,HOSP-001,DEPT-OPC,2026-09-30,2026-09-30,2026-09,Pharmacy,87,84,3,39.1,41.0,,,,True,QUEUE-000001003,PROC-QCS-92010F32B162,VAL-C62B370EC6C3,2D-3B-1.0.0,2026-07-26 08:37:02.172746,
QUEUE-000001004,HOSP-001,DEPT-OPC,2026-10-01,2026-10-01,2026-10,Radiology,96,95,1,39.6,35.0,,,,True,QUEUE-000001004,PROC-QCS-92010F32B162,VAL-C62B370EC6C3,2D-3B-1.0.0,2026-07-26 08:37:02.172746,
QUEUE-000001005,HOSP-001,DEPT-OPC,2026-10-02,2026-10-02,2026-10,Pharmacy,97,95,2,44.3,43.0,,,,True,QUEUE-000001005,PROC-QCS-92010F32B162,VAL-C62B370EC6C3,2D-3B-1.0.0,2026-07-26 08:37:02.172746,
QUEUE-000001006,HOSP-001,DEPT-OPC,2026-10-03,2026-10-03,2026-10,Radiology,95,90,5,39.8,39.5,,,,True,QUEUE-000001006,PROC-QCS-92010F32B162,VAL-C62B370EC6C3,2D-3B-1.0.0,2026-07-26 08:37:02.172746,
QUEUE-000001007,HOSP-001,DEPT-OPC,2026-10-04,2026-10-04,2026-10,Consultation,88,86,2,37.7,39.5,,,,True,QUEUE-000001007,PROC-QCS-92010F32B162,VAL-C62B370EC6C3,2D-3B-1.0.0,2026-07-26 08:37:02.172746,
QUEUE-000001008,HOSP-001,DEPT-OPC,2026-10-05,2026-10-05,2026-10,Billing,77,76,1,40.7,41.0,,,,True,QUEUE-000001008,PROC-QCS-92010F32B162,VAL-C62B370EC6C3,2D-3B-1.0.0,2026-07-26 08:37:02.172746,
QUEUE-000001009,HOSP-001,DEPT-OPC,2026-10-06,2026-10-06,2026-10,Radiology,93,92,1,42.1,45.5,,,,True,QUEUE-000001009,PROC-QCS-92010F32B162,VAL-C62B370EC6C3,2D-3B-1.0.0,2026-07-26 08:37:02.172746,
QUEUE-000001010,HOSP-001,DEPT-OPC,2026-10-07,2026-10-07,2026-10,Billing,85,85,0,36.5,36.0,,,,True,QUEUE-000001010,PROC-QCS-92010F32B162,VAL-C62B370EC6C3,2D-3B-1.0.0,2026-07-26 08:37:02.172746,
QUEUE-000001011,HOSP-001,DEPT-OPC,2026-10-08,2026-10-08,2026-10,Triage,91,91,0,38.7,40.0,,,,True,QUEUE-000001011,PROC-QCS-92010F32B162,VAL-C62B370EC6C3,2D-3B-1.0.0,2026-07-26 08:37:02.172746,
QUEUE-000001012,HOSP-001,DEPT-OPC,2026-10-09,2026-10-09,2026-10,Registration,96,91,5,43.2,45.0,,,,True,QUEUE-000001012,PROC-QCS-92010F32B162,VAL-C62B370EC6C3,2D-3B-1.0.0,2026-07-26 08:37:02.172746,
QUEUE-000001013,HOSP-001,DEPT-OPC,2026-10-10,2026-10-10,2026-10,Consultation,82,79,3,38.8,38.0,,,,True,QUEUE-000001013,PROC-QCS-92010F32B162,VAL-C62B370EC6C3,2D-3B-1.0.0,2026-07-26 08:37:02.172746,
QUEUE-000001014,HOSP-001,DEPT-OPC,2026-10-11,2026-10-11,2026-10,Consultation,98,96,2,40.3,38.0,,,,True,QUEUE-000001014,PROC-QCS-92010F32B162,VAL-C62B370EC6C3,2D-3B-1.0.0,2026-07-26 08:37:02.172746,
QUEUE-000001015,HOSP-001,DEPT-OPC,2026-10-12,2026-10-12,2026-10,Triage,79,75,4,42.2,43.0,,,,True,QUEUE-000001015,PROC-QCS-92010F32B162,VAL-C62B370EC6C3,2D-3B-1.0.0,2026-07-26 08:37:02.172746,
QUEUE-000001016,HOSP-001,DEPT-OPC,2026-10-13,2026-10-13,2026-10,Pharmacy,82,81,1,42.1,45.0,,,,True,QUEUE-000001016,PROC-QCS-92010F32B162,VAL-C62B370EC6C3,2D-3B-1.0.0,2026-07-26 08:37:02.172746,
QUEUE-000001017,HOSP-001,DEPT-OPC,2026-10-14,2026-10-14,2026-10,Radiology,90,89,1,40.1,40.0,,,,True,QUEUE-000001017,PROC-QCS-92010F32B162,VAL-C62B370EC6C3,2D-3B-1.0.0,2026-07-26 08:37:02.172746,
QUEUE-000001018,HOSP-001,DEPT-OPC,2026-10-15,2026-10-15,2026-10,Triage,107,104,3,39.9,40.0,,,,True,QUEUE-000001018,PROC-QCS-92010F32B162,VAL-C62B370EC6C3,2D-3B-1.0.0,2026-07-26 08:37:02.172746,
QUEUE-000001019,HOSP-001,DEPT-OPC,2026-10-16,2026-10-16,2026-10,Triage,96,93,3,42.5,44.0,,,,True,QUEUE-000001019,PROC-QCS-92010F32B162,VAL-C62B370EC6C3,2D-3B-1.0.0,2026-07-26 08:37:02.172746,
QUEUE-000001020,HOSP-001,DEPT-OPC,2026-10-17,2026-10-17,2026-10,Pharmacy,98,93,5,38.1,37.0,,,,True,QUEUE-000001020,PROC-QCS-92010F32B162,VAL-C62B370EC6C3,2D-3B-1.0.0,2026-07-26 08:37:02.172746,
QUEUE-000001021,HOSP-001,DEPT-OPC,2026-10-18,2026-10-18,2026-10,Triage,121,121,0,40.9,44.0,,,,True,QUEUE-000001021,PROC-QCS-92010F32B162,VAL-C62B370EC6C3,2D-3B-1.0.0,2026-07-26 08:37:02.172746,
QUEUE-000001022,HOSP-001,DEPT-OPC,2026-10-19,2026-10-19,2026-10,Registration,104,100,4,39.6,39.0,,,,True,QUEUE-000001022,PROC-QCS-92010F32B162,VAL-C62B370EC6C3,2D-3B-1.0.0,2026-07-26 08:37:02.172746,
QUEUE-000001023,HOSP-001,DEPT-OPC,2026-10-20,2026-10-20,2026-10,Registration,85,84,1,38.5,38.5,,,,True,QUEUE-000001023,PROC-QCS-92010F32B162,VAL-C62B370EC6C3,2D-3B-1.0.0,2026-07-26 08:37:02.172746,
QUEUE-000001024,HOSP-001,DEPT-OPC,2026-10-21,2026-10-21,2026-10,Billing,103,103,0,38.9,39.0,,,,True,QUEUE-000001024,PROC-QCS-92010F32B162,VAL-C62B370EC6C3,2D-3B-1.0.0,2026-07-26 08:37:02.172746,
QUEUE-000001025,HOSP-001,DEPT-OPC,2026-10-22,2026-10-22,2026-10,Consultation,110,110,0,43.8,46.0,,,,True,QUEUE-000001025,PROC-QCS-92010F32B162,VAL-C62B370EC6C3,2D-3B-1.0.0,2026-07-26 08:37:02.172746,
QUEUE-000001026,HOSP-001,DEPT-OPC,2026-10-23,2026-10-23,2026-10,Triage,88,85,3,37.4,37.0,,,,True,QUEUE-000001026,PROC-QCS-92010F32B162,VAL-C62B370EC6C3,2D-3B-1.0.0,2026-07-26 08:37:02.172746,
QUEUE-000001027,HOSP-001,DEPT-OPC,2026-10-24,2026-10-24,2026-10,Pharmacy,79,77,2,42.0,44.0,,,,True,QUEUE-000001027,PROC-QCS-92010F32B162,VAL-C62B370EC6C3,2D-3B-1.0.0,2026-07-26 08:37:02.172746,
QUEUE-000001028,HOSP-001,DEPT-OPC,2026-10-25,2026-10-25,2026-10,Pharmacy,102,98,4,42.6,45.0,,,,True,QUEUE-000001028,PROC-QCS-92010F32B162,VAL-C62B370EC6C3,2D-3B-1.0.0,2026-07-26 08:37:02.172746,
QUEUE-000001029,HOSP-001,DEPT-OPC,2026-10-26,2026-10-26,2026-10,Pharmacy,108,104,4,39.0,38.5,,,,True,QUEUE-000001029,PROC-QCS-92010F32B162,VAL-C62B370EC6C3,2D-3B-1.0.0,2026-07-26 08:37:02.172746,
QUEUE-000001030,HOSP-001,DEPT-OPC,2026-10-27,2026-10-27,2026-10,Billing,92,91,1,41.4,45.0,,,,True,QUEUE-000001030,PROC-QCS-92010F32B162,VAL-C62B370EC6C3,2D-3B-1.0.0,2026-07-26 08:37:02.172746,
QUEUE-000001031,HOSP-001,DEPT-OPC,2026-10-28,2026-10-28,2026-10,Registration,78,78,0,39.2,40.0,,,,True,QUEUE-000001031,PROC-QCS-92010F32B162,VAL-C62B370EC6C3,2D-3B-1.0.0,2026-07-26 08:37:02.172746,
QUEUE-000001032,HOSP-001,DEPT-OPC,2026-10-29,2026-10-29,2026-10,Triage,88,86,2,45.1,45.5,,,,True,QUEUE-000001032,PROC-QCS-92010F32B162,VAL-C62B370EC6C3,2D-3B-1.0.0,2026-07-26 08:37:02.172746,
QUEUE-000001033,HOSP-001,DEPT-OPC,2026-10-30,2026-10-30,2026-10,Billing,117,114,3,41.1,43.0,,,,True,QUEUE-000001033,PROC-QCS-92010F32B162,VAL-C62B370EC6C3,2D-3B-1.0.0,2026-07-26 08:37:02.172746,
QUEUE-000001034,HOSP-001,DEPT-OPC,2026-10-31,2026-10-31,2026-10,Pharmacy,107,106,1,43.7,43.0,,,,True,QUEUE-000001034,PROC-QCS-92010F32B162,VAL-C62B370EC6C3,2D-3B-1.0.0,2026-07-26 08:37:02.172746,
QUEUE-000001035,HOSP-001,DEPT-OPC,2026-11-01,2026-11-01,2026-11,Pharmacy,104,98,6,39.9,40.0,,,,True,QUEUE-000001035,PROC-QCS-92010F32B162,VAL-C62B370EC6C3,2D-3B-1.0.0,2026-07-26 08:37:02.172746,
QUEUE-000001036,HOSP-001,DEPT-OPC,2026-11-02,2026-11-02,2026-11,Radiology,89,87,2,37.6,36.0,,,,True,QUEUE-000001036,PROC-QCS-92010F32B162,VAL-C62B370EC6C3,2D-3B-1.0.0,2026-07-26 08:37:02.172746,
QUEUE-000001037,HOSP-001,DEPT-OPC,2026-11-03,2026-11-03,2026-11,Triage,67,66,1,37.5,36.0,,,,True,QUEUE-000001037,PROC-QCS-92010F32B162,VAL-C62B370EC6C3,2D-3B-1.0.0,2026-07-26 08:37:02.172746,
QUEUE-000001038,HOSP-001,DEPT-OPC,2026-11-04,2026-11-04,2026-11,Consultation,101,97,4,40.4,41.0,,,,True,QUEUE-000001038,PROC-QCS-92010F32B162,VAL-C62B370EC6C3,2D-3B-1.0.0,2026-07-26 08:37:02.172746,
QUEUE-000001039,HOSP-001,DEPT-OPC,2026-11-05,2026-11-05,2026-11,Billing,86,84,2,36.3,35.0,,,,True,QUEUE-000001039,PROC-QCS-92010F32B162,VAL-C62B370EC6C3,2D-3B-1.0.0,2026-07-26 08:37:02.172746,
QUEUE-000001040,HOSP-001,DEPT-OPC,2026-11-06,2026-11-06,2026-11,Consultation,71,69,2,44.2,47.0,,,,True,QUEUE-000001040,PROC-QCS-92010F32B162,VAL-C62B370EC6C3,2D-3B-1.0.0,2026-07-26 08:37:02.172746,
QUEUE-000001041,HOSP-001,DEPT-OPC,2026-11-07,2026-11-07,2026-11,Pharmacy,94,93,1,39.9,42.0,,,,True,QUEUE-000001041,PROC-QCS-92010F32B162,VAL-C62B370EC6C3,2D-3B-1.0.0,2026-07-26 08:37:02.172746,
QUEUE-000001042,HOSP-001,DEPT-OPC,2026-11-08,2026-11-08,2026-11,Registration,93,90,3,38.5,36.5,,,,True,QUEUE-000001042,PROC-QCS-92010F32B162,VAL-C62B370EC6C3,2D-3B-1.0.0,2026-07-26 08:37:02.172746,
QUEUE-000001043,HOSP-001,DEPT-OPC,2026-11-09,2026-11-09,2026-11,Billing,87,84,3,37.5,37.0,,,,True,QUEUE-000001043,PROC-QCS-92010F32B162,VAL-C62B370EC6C3,2D-3B-1.0.0,2026-07-26 08:37:02.172746,
QUEUE-000001044,HOSP-001,DEPT-OPC,2026-11-10,2026-11-10,2026-11,Radiology,75,73,2,39.8,39.0,,,,True,QUEUE-000001044,PROC-QCS-92010F32B162,VAL-C62B370EC6C3,2D-3B-1.0.0,2026-07-26 08:37:02.172746,
QUEUE-000001045,HOSP-001,DEPT-OPC,2026-11-11,2026-11-11,2026-11,Consultation,60,58,2,33.6,36.0,,,,True,QUEUE-000001045,PROC-QCS-92010F32B162,VAL-C62B370EC6C3,2D-3B-1.0.0,2026-07-26 08:37:02.172746,
QUEUE-000001046,HOSP-001,DEPT-OPC,2026-11-12,2026-11-12,2026-11,Billing,104,100,4,40.6,43.0,,,,True,QUEUE-000001046,PROC-QCS-92010F32B162,VAL-C62B370EC6C3,2D-3B-1.0.0,2026-07-26 08:37:02.172746,
QUEUE-000001047,HOSP-001,DEPT-OPC,2026-11-13,2026-11-13,2026-11,Billing,94,93,1,41.7,45.0,,,,True,QUEUE-000001047,PROC-QCS-92010F32B162,VAL-C62B370EC6C3,2D-3B-1.0.0,2026-07-26 08:37:02.172746,
QUEUE-000001048,HOSP-001,DEPT-OPC,2026-11-14,2026-11-14,2026-11,Triage,101,95,6,38.3,40.0,,,,True,QUEUE-000001048,PROC-QCS-92010F32B162,VAL-C62B370EC6C3,2D-3B-1.0.0,2026-07-26 08:37:02.172746,
QUEUE-000001049,HOSP-001,DEPT-OPC,2026-11-15,2026-11-15,2026-11,Radiology,74,70,4,41.0,40.0,,,,True,QUEUE-000001049,PROC-QCS-92010F32B162,VAL-C62B370EC6C3,2D-3B-1.0.0,2026-07-26 08:37:02.172746,
QUEUE-000001050,HOSP-001,DEPT-OPC,2026-11-16,2026-11-16,2026-11,Billing,94,93,1,42.5,41.0,,,,True,QUEUE-000001050,PROC-QCS-92010F32B162,VAL-C62B370EC6C3,2D-3B-1.0.0,2026-07-26 08:37:02.172746,
QUEUE-000001051,HOSP-001,DEPT-OPC,2026-11-17,2026-11-17,2026-11,Billing,94,93,1,42.9,43.0,,,,True,QUEUE-000001051,PROC-QCS-92010F32B162,VAL-C62B370EC6C3,2D-3B-1.0.0,2026-07-26 08:37:02.172746,
QUEUE-000001052,HOSP-001,DEPT-OPC,2026-11-18,2026-11-18,2026-11,Pharmacy,109,104,5,37.8,35.0,,,,True,QUEUE-000001052,PROC-QCS-92010F32B162,VAL-C62B370EC6C3,2D-3B-1.0.0,2026-07-26 08:37:02.172746,
QUEUE-000001053,HOSP-001,DEPT-OPC,2026-11-19,2026-11-19,2026-11,Triage,97,96,1,39.0,39.0,,,,True,QUEUE-000001053,PROC-QCS-92010F32B162,VAL-C62B370EC6C3,2D-3B-1.0.0,2026-07-26 08:37:02.172746,
QUEUE-000001054,HOSP-001,DEPT-OPC,2026-11-20,2026-11-20,2026-11,Consultation,81,79,2,39.3,37.0,,,,True,QUEUE-000001054,PROC-QCS-92010F32B162,VAL-C62B370EC6C3,2D-3B-1.0.0,2026-07-26 08:37:02.172746,
QUEUE-000001055,HOSP-001,DEPT-OPC,2026-11-21,2026-11-21,2026-11,Registration,84,82,2,39.7,39.5,,,,True,QUEUE-000001055,PROC-QCS-92010F32B162,VAL-C62B370EC6C3,2D-3B-1.0.0,2026-07-26 08:37:02.172746,
QUEUE-000001056,HOSP-001,DEPT-OPC,2026-11-22,2026-11-22,2026-11,Triage,95,93,2,40.0,40.0,,,,True,QUEUE-000001056,PROC-QCS-92010F32B162,VAL-C62B370EC6C3,2D-3B-1.0.0,2026-07-26 08:37:02.172746,
QUEUE-000001057,HOSP-001,DEPT-OPC,2026-11-23,2026-11-23,2026-11,Triage,92,91,1,40.0,44.0,,,,True,QUEUE-000001057,PROC-QCS-92010F32B162,VAL-C62B370EC6C3,2D-3B-1.0.0,2026-07-26 08:37:02.172746,
QUEUE-000001058,HOSP-001,DEPT-OPC,2026-11-24,2026-11-24,2026-11,Consultation,93,92,1,38.5,40.0,,,,True,QUEUE-000001058,PROC-QCS-92010F32B162,VAL-C62B370EC6C3,2D-3B-1.0.0,2026-07-26 08:37:02.172746,
QUEUE-000001059,HOSP-001,DEPT-OPC,2026-11-25,2026-11-25,2026-11,Triage,77,74,3,39.7,40.5,,,,True,QUEUE-000001059,PROC-QCS-92010F32B162,VAL-C62B370EC6C3,2D-3B-1.0.0,2026-07-26 08:37:02.172746,
QUEUE-000001060,HOSP-001,DEPT-OPC,2026-11-26,2026-11-26,2026-11,Registration,77,76,1,39.7,41.0,,,,True,QUEUE-000001060,PROC-QCS-92010F32B162,VAL-C62B370EC6C3,2D-3B-1.0.0,2026-07-26 08:37:02.172746,
QUEUE-000001061,HOSP-001,DEPT-OPC,2026-11-27,2026-11-27,2026-11,Pharmacy,86,84,2,39.6,40.5,,,,True,QUEUE-000001061,PROC-QCS-92010F32B162,VAL-C62B370EC6C3,2D-3B-1.0.0,2026-07-26 08:37:02.172746,
QUEUE-000001062,HOSP-001,DEPT-OPC,2026-11-28,2026-11-28,2026-11,Pharmacy,83,81,2,38.5,40.0,,,,True,QUEUE-000001062,PROC-QCS-92010F32B162,VAL-C62B370EC6C3,2D-3B-1.0.0,2026-07-26 08:37:02.172746,
QUEUE-000001063,HOSP-001,DEPT-OPC,2026-11-29,2026-11-29,2026-11,Billing,81,79,2,38.1,39.0,,,,True,QUEUE-000001063,PROC-QCS-92010F32B162,VAL-C62B370EC6C3,2D-3B-1.0.0,2026-07-26 08:37:02.172746,
QUEUE-000001064,HOSP-001,DEPT-OPC,2026-11-30,2026-11-30,2026-11,Triage,87,85,2,38.3,38.0,,,,True,QUEUE-000001064,PROC-QCS-92010F32B162,VAL-C62B370EC6C3,2D-3B-1.0.0,2026-07-26 08:37:02.172746,
QUEUE-000001065,HOSP-001,DEPT-OPC,2026-12-01,2026-12-01,2026-12,Radiology,90,89,1,38.9,39.0,,,,True,QUEUE-000001065,PROC-QCS-92010F32B162,VAL-C62B370EC6C3,2D-3B-1.0.0,2026-07-26 08:37:02.172746,
QUEUE-000001066,HOSP-001,DEPT-OPC,2026-12-02,2026-12-02,2026-12,Registration,84,83,1,40.0,38.0,,,,True,QUEUE-000001066,PROC-QCS-92010F32B162,VAL-C62B370EC6C3,2D-3B-1.0.0,2026-07-26 08:37:02.172746,
QUEUE-000001067,HOSP-001,DEPT-OPC,2026-12-03,2026-12-03,2026-12,Consultation,93,92,1,38.9,38.0,,,,True,QUEUE-000001067,PROC-QCS-92010F32B162,VAL-C62B370EC6C3,2D-3B-1.0.0,2026-07-26 08:37:02.172746,
QUEUE-000001068,HOSP-001,DEPT-OPC,2026-12-04,2026-12-04,2026-12,Consultation,92,89,3,42.2,47.0,,,,True,QUEUE-000001068,PROC-QCS-92010F32B162,VAL-C62B370EC6C3,2D-3B-1.0.0,2026-07-26 08:37:02.172746,
QUEUE-000001069,HOSP-001,DEPT-OPC,2026-12-05,2026-12-05,2026-12,Registration,81,79,2,44.1,45.0,,,,True,QUEUE-000001069,PROC-QCS-92010F32B162,VAL-C62B370EC6C3,2D-3B-1.0.0,2026-07-26 08:37:02.172746,
QUEUE-000001070,HOSP-001,DEPT-OPC,2026-12-06,2026-12-06,2026-12,Registration,91,90,1,40.4,43.5,,,,True,QUEUE-000001070,PROC-QCS-92010F32B162,VAL-C62B370EC6C3,2D-3B-1.0.0,2026-07-26 08:37:02.172746,
QUEUE-000001071,HOSP-001,DEPT-OPC,2026-12-07,2026-12-07,2026-12,Consultation,83,79,4,42.3,42.0,,,,True,QUEUE-000001071,PROC-QCS-92010F32B162,VAL-C62B370EC6C3,2D-3B-1.0.0,2026-07-26 08:37:02.172746,
QUEUE-000001072,HOSP-001,DEPT-OPC,2026-12-08,2026-12-08,2026-12,Billing,73,71,2,40.5,43.0,,,,True,QUEUE-000001072,PROC-QCS-92010F32B162,VAL-C62B370EC6C3,2D-3B-1.0.0,2026-07-26 08:37:02.172746,
QUEUE-000001073,HOSP-001,DEPT-OPC,2026-12-09,2026-12-09,2026-12,Radiology,82,81,1,37.2,39.0,,,,True,QUEUE-000001073,PROC-QCS-92010F32B162,VAL-C62B370EC6C3,2D-3B-1.0.0,2026-07-26 08:37:02.172746,
QUEUE-000001074,HOSP-001,DEPT-OPC,2026-12-10,2026-12-10,2026-12,Consultation,95,92,3,41.2,42.0,,,,True,QUEUE-000001074,PROC-QCS-92010F32B162,VAL-C62B370EC6C3,2D-3B-1.0.0,2026-07-26 08:37:02.172746,
QUEUE-000001075,HOSP-001,DEPT-OPC,2026-12-11,2026-12-11,2026-12,Consultation,85,84,1,40.1,38.5,,,,True,QUEUE-000001075,PROC-QCS-92010F32B162,VAL-C62B370EC6C3,2D-3B-1.0.0,2026-07-26 08:37:02.172746,
QUEUE-000001076,HOSP-001,DEPT-OPC,2026-12-12,2026-12-12,2026-12,Triage,105,102,3,38.7,38.0,,,,True,QUEUE-000001076,PROC-QCS-92010F32B162,VAL-C62B370EC6C3,2D-3B-1.0.0,2026-07-26 08:37:02.172746,
QUEUE-000001077,HOSP-001,DEPT-OPC,2026-12-13,2026-12-13,2026-12,Radiology,88,87,1,39.3,41.0,,,,True,QUEUE-000001077,PROC-QCS-92010F32B162,VAL-C62B370EC6C3,2D-3B-1.0.0,2026-07-26 08:37:02.172746,
QUEUE-000001078,HOSP-001,DEPT-OPC,2026-12-14,2026-12-14,2026-12,Consultation,85,81,4,42.9,46.0,,,,True,QUEUE-000001078,PROC-QCS-92010F32B162,VAL-C62B370EC6C3,2D-3B-1.0.0,2026-07-26 08:37:02.172746,
QUEUE-000001079,HOSP-001,DEPT-OPC,2026-12-15,2026-12-15,2026-12,Consultation,105,101,4,40.9,41.0,,,,True,QUEUE-000001079,PROC-QCS-92010F32B162,VAL-C62B370EC6C3,2D-3B-1.0.0,2026-07-26 08:37:02.172746,
QUEUE-000001080,HOSP-001,DEPT-OPC,2026-12-16,2026-12-16,2026-12,Triage,110,107,3,40.1,39.0,,,,True,QUEUE-000001080,PROC-QCS-92010F32B162,VAL-C62B370EC6C3,2D-3B-1.0.0,2026-07-26 08:37:02.172746,
QUEUE-000001081,HOSP-001,DEPT-OPC,2026-12-17,2026-12-17,2026-12,Consultation,86,84,2,36.3,38.5,,,,True,QUEUE-000001081,PROC-QCS-92010F32B162,VAL-C62B370EC6C3,2D-3B-1.0.0,2026-07-26 08:37:02.172746,
QUEUE-000001082,HOSP-001,DEPT-OPC,2026-12-18,2026-12-18,2026-12,Triage,91,88,3,38.9,40.0,,,,True,QUEUE-000001082,PROC-QCS-92010F32B162,VAL-C62B370EC6C3,2D-3B-1.0.0,2026-07-26 08:37:02.172746,
QUEUE-000001083,HOSP-001,DEPT-OPC,2026-12-19,2026-12-19,2026-12,Billing,78,73,5,40.6,40.0,,,,True,QUEUE-000001083,PROC-QCS-92010F32B162,VAL-C62B370EC6C3,2D-3B-1.0.0,2026-07-26 08:37:02.172746,
QUEUE-000001084,HOSP-001,DEPT-OPC,2026-12-20,2026-12-20,2026-12,Pharmacy,96,92,4,38.6,38.0,,,,True,QUEUE-000001084,PROC-QCS-92010F32B162,VAL-C62B370EC6C3,2D-3B-1.0.0,2026-07-26 08:37:02.172746,
QUEUE-000001085,HOSP-001,DEPT-OPC,2026-12-21,2026-12-21,2026-12,Radiology,94,91,3,39.4,40.0,,,,True,QUEUE-000001085,PROC-QCS-92010F32B162,VAL-C62B370EC6C3,2D-3B-1.0.0,2026-07-26 08:37:02.172746,
QUEUE-000001086,HOSP-001,DEPT-OPC,2026-12-22,2026-12-22,2026-12,Registration,71,70,1,38.6,39.5,,,,True,QUEUE-000001086,PROC-QCS-92010F32B162,VAL-C62B370EC6C3,2D-3B-1.0.0,2026-07-26 08:37:02.172746,
QUEUE-000001087,HOSP-001,DEPT-OPC,2026-12-23,2026-12-23,2026-12,Registration,113,110,3,41.3,42.5,,,,True,QUEUE-000001087,PROC-QCS-92010F32B162,VAL-C62B370EC6C3,2D-3B-1.0.0,2026-07-26 08:37:02.172746,
QUEUE-000001088,HOSP-001,DEPT-OPC,2026-12-24,2026-12-24,2026-12,Radiology,79,78,1,39.8,39.0,,,,True,QUEUE-000001088,PROC-QCS-92010F32B162,VAL-C62B370EC6C3,2D-3B-1.0.0,2026-07-26 08:37:02.172746,
QUEUE-000001089,HOSP-001,DEPT-OPC,2026-12-25,2026-12-25,2026-12,Billing,87,82,5,39.1,39.0,,,,True,QUEUE-000001089,PROC-QCS-92010F32B162,VAL-C62B370EC6C3,2D-3B-1.0.0,2026-07-26 08:37:02.172746,
QUEUE-000001090,HOSP-001,DEPT-OPC,2026-12-26,2026-12-26,2026-12,Registration,87,84,3,42.8,45.0,,,,True,QUEUE-000001090,PROC-QCS-92010F32B162,VAL-C62B370EC6C3,2D-3B-1.0.0,2026-07-26 08:37:02.172746,
QUEUE-000001091,HOSP-001,DEPT-OPC,2026-12-27,2026-12-27,2026-12,Registration,96,95,1,41.1,41.0,,,,True,QUEUE-000001091,PROC-QCS-92010F32B162,VAL-C62B370EC6C3,2D-3B-1.0.0,2026-07-26 08:37:02.172746,
QUEUE-000001092,HOSP-001,DEPT-OPC,2026-12-28,2026-12-28,2026-12,Billing,105,102,3,41.8,43.0,,,,True,QUEUE-000001092,PROC-QCS-92010F32B162,VAL-C62B370EC6C3,2D-3B-1.0.0,2026-07-26 08:37:02.172746,
QUEUE-000001093,HOSP-001,DEPT-OPC,2026-12-29,2026-12-29,2026-12,Registration,82,79,3,40.0,39.0,,,,True,QUEUE-000001093,PROC-QCS-92010F32B162,VAL-C62B370EC6C3,2D-3B-1.0.0,2026-07-26 08:37:02.172746,
QUEUE-000001094,HOSP-001,DEPT-OPC,2026-12-30,2026-12-30,2026-12,Billing,109,104,5,39.5,37.0,,,,True,QUEUE-000001094,PROC-QCS-92010F32B162,VAL-C62B370EC6C3,2D-3B-1.0.0,2026-07-26 08:37:02.172746,
QUEUE-000001095,HOSP-001,DEPT-OPC,2026-12-31,2026-12-31,2026-12,Triage,93,91,2,40.9,41.0,,,,True,QUEUE-000001095,PROC-QCS-92010F32B162,VAL-C62B370EC6C3,2D-3B-1.0.0,2026-07-26 08:37:02.172746,
