kpi_id,kpi_value,calculation_status,promoted_threshold_status,occupancy_context_status
kpi_001,80.0,Calculated,Amber,
kpi_001,95.0,Calculated,Green,
kpi_001,90.47619047619048,Calculated,Green,
kpi_001,93.33333333333331,Calculated,Green,
kpi_001,100.0,Calculated,Green,
kpi_001,90.0,Calculated,Green,
kpi_001,80.0,Calculated,Amber,
kpi_001,83.33333333333334,Calculated,Amber,
kpi_001,100.0,Calculated,Green,
kpi_001,90.47619047619048,Calculated,Green,
kpi_001,82.35294117647058,Calculated,Amber,
kpi_001,100.0,Calculated,Green,
kpi_001,88.0,Calculated,Green,
kpi_001,86.66666666666667,Calculated,Green,
kpi_001,88.88888888888889,Calculated,Green,
kpi_001,80.0,Calculated,Amber,
kpi_001,100.0,Calculated,Green,
kpi_001,100.0,Calculated,Green,
kpi_001,94.44444444444444,Calculated,Green,
kpi_001,90.0,Calculated,Green,
kpi_001,82.35294117647058,Calculated,Amber,
kpi_001,100.0,Calculated,Green,
kpi_001,96.15384615384616,Calculated,Green,
kpi_001,100.0,Calculated,Green,
kpi_001,94.44444444444444,Calculated,Green,
kpi_001,90.0,Calculated,Green,
kpi_001,91.30434782608695,Calculated,Green,
kpi_001,82.35294117647058,Calculated,Amber,
kpi_001,92.85714285714286,Calculated,Green,
kpi_001,88.88888888888889,Calculated,Green,
kpi_001,84.21052631578947,Calculated,Green,
kpi_001,94.44444444444444,Calculated,Green,
kpi_001,80.95238095238095,Calculated,Amber,
kpi_001,100.0,Calculated,Green,
kpi_001,93.75,Calculated,Green,
kpi_001,94.11764705882352,Calculated,Green,
kpi_001,90.9090909090909,Calculated,Green,
kpi_001,95.45454545454544,Calculated,Green,
kpi_001,100.0,Calculated,Green,
kpi_001,77.77777777777779,Calculated,Red,
kpi_001,90.47619047619048,Calculated,Green,
kpi_001,93.75,Calculated,Green,
kpi_001,88.23529411764706,Calculated,Green,
kpi_001,100.0,Calculated,Green,
kpi_001,87.5,Calculated,Green,
kpi_001,89.47368421052632,Calculated,Green,
kpi_001,95.23809523809524,Calculated,Green,
kpi_001,95.0,Calculated,Green,
kpi_001,95.65217391304348,Calculated,Green,
kpi_001,95.45454545454544,Calculated,Green,
kpi_001,100.0,Calculated,Green,
kpi_001,89.47368421052632,Calculated,Green,
kpi_001,87.5,Calculated,Green,
kpi_001,90.47619047619048,Calculated,Green,
kpi_001,91.30434782608695,Calculated,Green,
kpi_001,90.47619047619048,Calculated,Green,
kpi_001,86.36363636363636,Calculated,Green,
kpi_001,100.0,Calculated,Green,
kpi_001,82.35294117647058,Calculated,Amber,
kpi_001,100.0,Calculated,Green,
kpi_001,94.73684210526316,Calculated,Green,
kpi_001,95.45454545454544,Calculated,Green,
kpi_001,100.0,Calculated,Green,
kpi_001,86.95652173913044,Calculated,Green,
kpi_001,91.30434782608695,Calculated,Green,
kpi_001,100.0,Calculated,Green,
kpi_001,92.85714285714286,Calculated,Green,
kpi_001,100.0,Calculated,Green,
kpi_001,100.0,Calculated,Green,
kpi_001,81.81818181818183,Calculated,Amber,
kpi_001,90.9090909090909,Calculated,Green,
kpi_001,86.36363636363636,Calculated,Green,
kpi_001,87.5,Calculated,Green,
kpi_001,95.23809523809524,Calculated,Green,
kpi_001,100.0,Calculated,Green,
kpi_001,94.73684210526316,Calculated,Green,
kpi_001,94.73684210526316,Calculated,Green,
kpi_001,82.35294117647058,Calculated,Amber,
kpi_001,95.23809523809524,Calculated,Green,
kpi_001,94.73684210526316,Calculated,Green,
kpi_001,84.21052631578947,Calculated,Green,
kpi_001,94.73684210526316,Calculated,Green,
kpi_001,96.0,Calculated,Green,
kpi_001,100.0,Calculated,Green,
kpi_001,94.44444444444444,Calculated,Green,
kpi_001,85.71428571428571,Calculated,Green,
kpi_001,83.33333333333334,Calculated,Amber,
kpi_001,83.33333333333334,Calculated,Amber,
kpi_001,88.23529411764706,Calculated,Green,
kpi_001,92.85714285714286,Calculated,Green,
kpi_001,75.0,Calculated,Red,
kpi_001,90.9090909090909,Calculated,Green,
kpi_001,82.35294117647058,Calculated,Amber,
kpi_001,94.73684210526316,Calculated,Green,
kpi_001,90.9090909090909,Calculated,Green,
kpi_001,94.73684210526316,Calculated,Green,
kpi_001,73.33333333333333,Calculated,Red,
kpi_001,90.0,Calculated,Green,
kpi_001,84.21052631578947,Calculated,Green,
kpi_001,83.33333333333334,Calculated,Amber,
kpi_001,86.36363636363636,Calculated,Green,
kpi_001,88.88888888888889,Calculated,Green,
kpi_001,86.66666666666667,Calculated,Green,
kpi_001,84.21052631578947,Calculated,Green,
kpi_001,88.88888888888889,Calculated,Green,
kpi_001,100.0,Calculated,Green,
kpi_001,91.66666666666666,Calculated,Green,
kpi_001,89.47368421052632,Calculated,Green,
kpi_001,94.44444444444444,Calculated,Green,
kpi_001,78.57142857142857,Calculated,Red,
kpi_001,89.47368421052632,Calculated,Green,
kpi_001,87.5,Calculated,Green,
kpi_001,93.75,Calculated,Green,
kpi_001,90.0,Calculated,Green,
kpi_001,93.75,Calculated,Green,
kpi_001,94.73684210526316,Calculated,Green,
kpi_001,94.73684210526316,Calculated,Green,
kpi_001,86.95652173913044,Calculated,Green,
kpi_001,93.75,Calculated,Green,
kpi_001,85.71428571428571,Calculated,Green,
kpi_001,90.47619047619048,Calculated,Green,
kpi_001,95.65217391304348,Calculated,Green,
kpi_001,94.44444444444444,Calculated,Green,
kpi_001,100.0,Calculated,Green,
kpi_001,88.23529411764706,Calculated,Green,
kpi_001,75.0,Calculated,Red,
kpi_001,85.0,Calculated,Green,
kpi_001,94.73684210526316,Calculated,Green,
kpi_001,91.66666666666666,Calculated,Green,
kpi_001,100.0,Calculated,Green,
kpi_001,90.47619047619048,Calculated,Green,
kpi_001,94.73684210526316,Calculated,Green,
kpi_001,88.23529411764706,Calculated,Green,
kpi_001,95.65217391304348,Calculated,Green,
kpi_001,86.95652173913044,Calculated,Green,
kpi_001,88.23529411764706,Calculated,Green,
kpi_001,94.73684210526316,Calculated,Green,
kpi_001,100.0,Calculated,Green,
kpi_001,82.35294117647058,Calculated,Amber,
kpi_001,86.36363636363636,Calculated,Green,
kpi_001,83.33333333333334,Calculated,Amber,
kpi_001,100.0,Calculated,Green,
kpi_001,90.47619047619048,Calculated,Green,
kpi_001,87.5,Calculated,Green,
kpi_001,85.71428571428571,Calculated,Green,
kpi_001,94.44444444444444,Calculated,Green,
kpi_001,93.75,Calculated,Green,
kpi_001,100.0,Calculated,Green,
kpi_001,84.21052631578947,Calculated,Green,
kpi_001,95.23809523809524,Calculated,Green,
kpi_001,92.85714285714286,Calculated,Green,
kpi_001,90.47619047619048,Calculated,Green,
kpi_001,83.33333333333334,Calculated,Amber,
kpi_001,86.95652173913044,Calculated,Green,
kpi_001,90.9090909090909,Calculated,Green,
kpi_001,95.0,Calculated,Green,
kpi_001,89.47368421052632,Calculated,Green,
kpi_001,90.0,Calculated,Green,
kpi_001,75.0,Calculated,Red,
kpi_001,90.47619047619048,Calculated,Green,
kpi_001,90.9090909090909,Calculated,Green,
kpi_001,85.71428571428571,Calculated,Green,
kpi_001,91.66666666666666,Calculated,Green,
kpi_001,94.73684210526316,Calculated,Green,
kpi_001,85.0,Calculated,Green,
kpi_001,89.47368421052632,Calculated,Green,
kpi_001,86.95652173913044,Calculated,Green,
kpi_001,94.44444444444444,Calculated,Green,
kpi_001,83.33333333333334,Calculated,Amber,
kpi_001,90.47619047619048,Calculated,Green,
kpi_001,84.21052631578947,Calculated,Green,
kpi_001,85.71428571428571,Calculated,Green,
kpi_001,88.88888888888889,Calculated,Green,
kpi_001,86.95652173913044,Calculated,Green,
kpi_001,84.0,Calculated,Amber,
kpi_001,94.73684210526316,Calculated,Green,
kpi_001,93.75,Calculated,Green,
kpi_001,90.9090909090909,Calculated,Green,
kpi_001,95.0,Calculated,Green,
kpi_001,88.23529411764706,Calculated,Green,
kpi_001,100.0,Calculated,Green,
kpi_001,84.21052631578947,Calculated,Green,
kpi_001,77.77777777777779,Calculated,Red,
kpi_001,76.47058823529412,Calculated,Red,
kpi_001,100.0,Calculated,Green,
kpi_001,94.11764705882352,Calculated,Green,
kpi_001,83.33333333333334,Calculated,Amber,
kpi_001,84.21052631578947,Calculated,Green,
kpi_001,81.81818181818183,Calculated,Amber,
kpi_001,89.47368421052632,Calculated,Green,
kpi_001,85.71428571428571,Calculated,Green,
kpi_001,95.23809523809524,Calculated,Green,
kpi_001,95.23809523809524,Calculated,Green,
kpi_001,87.5,Calculated,Green,
kpi_001,90.47619047619048,Calculated,Green,
kpi_001,85.71428571428571,Calculated,Green,
kpi_001,82.35294117647058,Calculated,Amber,
kpi_001,95.0,Calculated,Green,
kpi_001,82.35294117647058,Calculated,Amber,
kpi_001,82.35294117647058,Calculated,Amber,
kpi_001,88.23529411764706,Calculated,Green,
kpi_001,64.70588235294117,Calculated,Red,
kpi_001,100.0,Calculated,Green,
kpi_001,94.44444444444444,Calculated,Green,
kpi_001,94.73684210526316,Calculated,Green,
kpi_001,95.0,Calculated,Green,
kpi_001,72.22222222222221,Calculated,Red,
kpi_001,100.0,Calculated,Green,
kpi_001,91.30434782608695,Calculated,Green,
kpi_001,83.33333333333334,Calculated,Amber,
kpi_001,100.0,Calculated,Green,
kpi_001,88.88888888888889,Calculated,Green,
kpi_001,86.36363636363636,Calculated,Green,
kpi_001,95.65217391304348,Calculated,Green,
kpi_001,87.5,Calculated,Green,
kpi_001,94.11764705882352,Calculated,Green,
kpi_001,100.0,Calculated,Green,
kpi_001,95.65217391304348,Calculated,Green,
kpi_001,100.0,Calculated,Green,
kpi_001,94.44444444444444,Calculated,Green,
kpi_001,91.30434782608695,Calculated,Green,
kpi_001,84.21052631578947,Calculated,Green,
kpi_001,100.0,Calculated,Green,
kpi_001,90.0,Calculated,Green,
kpi_001,84.21052631578947,Calculated,Green,
kpi_001,84.21052631578947,Calculated,Green,
kpi_001,85.0,Calculated,Green,
kpi_001,88.88888888888889,Calculated,Green,
kpi_001,95.65217391304348,Calculated,Green,
kpi_001,100.0,Calculated,Green,
kpi_001,100.0,Calculated,Green,
kpi_001,95.23809523809524,Calculated,Green,
kpi_001,80.0,Calculated,Amber,
kpi_001,73.91304347826086,Calculated,Red,
kpi_001,90.0,Calculated,Green,
kpi_001,88.88888888888889,Calculated,Green,
kpi_001,95.0,Calculated,Green,
kpi_001,91.30434782608695,Calculated,Green,
kpi_001,95.0,Calculated,Green,
kpi_001,88.88888888888889,Calculated,Green,
kpi_001,100.0,Calculated,Green,
kpi_001,100.0,Calculated,Green,
kpi_001,100.0,Calculated,Green,
kpi_001,85.0,Calculated,Green,
kpi_001,94.73684210526316,Calculated,Green,
kpi_001,85.71428571428571,Calculated,Green,
kpi_001,94.73684210526316,Calculated,Green,
kpi_001,90.9090909090909,Calculated,Green,
kpi_001,94.73684210526316,Calculated,Green,
kpi_001,88.23529411764706,Calculated,Green,
kpi_001,100.0,Calculated,Green,
kpi_001,100.0,Calculated,Green,
kpi_001,87.5,Calculated,Green,
kpi_001,87.5,Calculated,Green,
kpi_001,100.0,Calculated,Green,
kpi_001,85.71428571428571,Calculated,Green,
kpi_001,95.23809523809524,Calculated,Green,
kpi_001,95.0,Calculated,Green,
kpi_001,94.44444444444444,Calculated,Green,
kpi_001,95.23809523809524,Calculated,Green,
kpi_001,85.0,Calculated,Green,
kpi_001,80.0,Calculated,Amber,
kpi_001,95.0,Calculated,Green,
kpi_001,87.5,Calculated,Green,
kpi_001,95.0,Calculated,Green,
kpi_001,95.23809523809524,Calculated,Green,
kpi_001,90.47619047619048,Calculated,Green,
kpi_001,80.0,Calculated,Amber,
kpi_001,95.0,Calculated,Green,
kpi_001,88.88888888888889,Calculated,Green,
kpi_001,94.44444444444444,Calculated,Green,
kpi_001,92.85714285714286,Calculated,Green,
kpi_001,90.47619047619048,Calculated,Green,
kpi_001,87.5,Calculated,Green,
kpi_001,85.71428571428571,Calculated,Green,
kpi_001,90.0,Calculated,Green,
kpi_001,94.44444444444444,Calculated,Green,
kpi_001,95.83333333333334,Calculated,Green,
kpi_001,85.71428571428571,Calculated,Green,
kpi_001,86.66666666666667,Calculated,Green,
kpi_001,91.30434782608695,Calculated,Green,
kpi_001,88.23529411764706,Calculated,Green,
kpi_001,85.0,Calculated,Green,
kpi_001,100.0,Calculated,Green,
kpi_001,80.95238095238095,Calculated,Amber,
kpi_001,95.0,Calculated,Green,
kpi_001,86.95652173913044,Calculated,Green,
kpi_001,100.0,Calculated,Green,
kpi_001,94.11764705882352,Calculated,Green,
kpi_001,94.11764705882352,Calculated,Green,
kpi_001,100.0,Calculated,Green,
kpi_001,95.45454545454544,Calculated,Green,
kpi_001,96.0,Calculated,Green,
kpi_001,75.0,Calculated,Red,
kpi_001,100.0,Calculated,Green,
kpi_001,93.75,Calculated,Green,
kpi_001,88.23529411764706,Calculated,Green,
kpi_001,95.83333333333334,Calculated,Green,
kpi_001,84.21052631578947,Calculated,Green,
kpi_001,89.47368421052632,Calculated,Green,
kpi_001,95.83333333333334,Calculated,Green,
kpi_001,90.0,Calculated,Green,
kpi_001,89.47368421052632,Calculated,Green,
kpi_001,94.73684210526316,Calculated,Green,
kpi_001,94.11764705882352,Calculated,Green,
kpi_001,80.0,Calculated,Amber,
kpi_001,86.95652173913044,Calculated,Green,
kpi_001,88.88888888888889,Calculated,Green,
kpi_001,94.11764705882352,Calculated,Green,
kpi_001,94.44444444444444,Calculated,Green,
kpi_001,95.23809523809524,Calculated,Green,
kpi_001,95.83333333333334,Calculated,Green,
kpi_001,93.75,Calculated,Green,
kpi_001,94.73684210526316,Calculated,Green,
kpi_001,80.95238095238095,Calculated,Amber,
kpi_001,100.0,Calculated,Green,
kpi_001,94.73684210526316,Calculated,Green,
kpi_001,85.71428571428571,Calculated,Green,
kpi_001,90.47619047619048,Calculated,Green,
kpi_001,94.44444444444444,Calculated,Green,
kpi_001,100.0,Calculated,Green,
kpi_001,94.73684210526316,Calculated,Green,
kpi_001,88.88888888888889,Calculated,Green,
kpi_001,91.30434782608695,Calculated,Green,
kpi_001,83.33333333333334,Calculated,Amber,
kpi_001,86.36363636363636,Calculated,Green,
kpi_001,100.0,Calculated,Green,
kpi_001,86.36363636363636,Calculated,Green,
kpi_001,100.0,Calculated,Green,
kpi_001,100.0,Calculated,Green,
kpi_001,78.94736842105263,Calculated,Red,
kpi_001,95.45454545454544,Calculated,Green,
kpi_001,77.27272727272727,Calculated,Red,
kpi_001,91.66666666666666,Calculated,Green,
kpi_001,94.11764705882352,Calculated,Green,
kpi_001,100.0,Calculated,Green,
kpi_001,88.23529411764706,Calculated,Green,
kpi_001,95.0,Calculated,Green,
kpi_001,80.95238095238095,Calculated,Amber,
kpi_001,78.94736842105263,Calculated,Red,
kpi_001,95.23809523809524,Calculated,Green,
kpi_001,100.0,Calculated,Green,
kpi_001,90.47619047619048,Calculated,Green,
kpi_001,90.0,Calculated,Green,
kpi_001,100.0,Calculated,Green,
kpi_001,90.9090909090909,Calculated,Green,
kpi_001,94.44444444444444,Calculated,Green,
kpi_001,85.71428571428571,Calculated,Green,
kpi_001,100.0,Calculated,Green,
kpi_001,100.0,Calculated,Green,
kpi_001,90.9090909090909,Calculated,Green,
kpi_001,89.47368421052632,Calculated,Green,
kpi_001,86.95652173913044,Calculated,Green,
kpi_001,72.72727272727273,Calculated,Red,
kpi_001,73.68421052631578,Calculated,Red,
kpi_001,75.0,Calculated,Red,
kpi_001,100.0,Calculated,Green,
kpi_001,75.0,Calculated,Red,
kpi_001,94.11764705882352,Calculated,Green,
kpi_001,100.0,Calculated,Green,
kpi_001,91.30434782608695,Calculated,Green,
kpi_001,77.27272727272727,Calculated,Red,
kpi_001,90.0,Calculated,Green,
kpi_001,86.36363636363636,Calculated,Green,
kpi_001,93.75,Calculated,Green,
kpi_001,92.85714285714286,Calculated,Green,
kpi_001,100.0,Calculated,Green,
kpi_001,91.66666666666666,Calculated,Green,
kpi_001,100.0,Calculated,Green,
kpi_001,100.0,Calculated,Green,
kpi_001,100.0,Calculated,Green,
kpi_001,85.71428571428571,Calculated,Green,
kpi_001,78.57142857142857,Calculated,Red,
kpi_001,93.33333333333331,Calculated,Green,
kpi_001,88.88888888888889,Calculated,Green,
kpi_001,92.3076923076923,Calculated,Green,
kpi_001,85.71428571428571,Calculated,Green,
kpi_001,92.85714285714286,Calculated,Green,
kpi_001,100.0,Calculated,Green,
kpi_001,100.0,Calculated,Green,
kpi_001,100.0,Calculated,Green,
kpi_001,86.66666666666667,Calculated,Green,
kpi_001,92.85714285714286,Calculated,Green,
kpi_001,100.0,Calculated,Green,
kpi_001,100.0,Calculated,Green,
kpi_001,91.66666666666666,Calculated,Green,
kpi_001,83.33333333333334,Calculated,Amber,
kpi_001,92.3076923076923,Calculated,Green,
kpi_001,93.75,Calculated,Green,
kpi_001,86.66666666666667,Calculated,Green,
kpi_001,100.0,Calculated,Green,
kpi_001,100.0,Calculated,Green,
kpi_001,84.61538461538461,Calculated,Green,
kpi_001,100.0,Calculated,Green,
kpi_001,92.3076923076923,Calculated,Green,
kpi_001,100.0,Calculated,Green,
kpi_001,93.75,Calculated,Green,
kpi_001,100.0,Calculated,Green,
kpi_001,94.11764705882352,Calculated,Green,
kpi_001,94.11764705882352,Calculated,Green,
kpi_001,100.0,Calculated,Green,
kpi_001,93.33333333333331,Calculated,Green,
kpi_001,100.0,Calculated,Green,
kpi_001,100.0,Calculated,Green,
kpi_001,92.85714285714286,Calculated,Green,
kpi_001,100.0,Calculated,Green,
kpi_001,100.0,Calculated,Green,
kpi_001,83.33333333333334,Calculated,Amber,
kpi_001,100.0,Calculated,Green,
kpi_001,81.81818181818183,Calculated,Amber,
kpi_001,93.33333333333331,Calculated,Green,
kpi_001,100.0,Calculated,Green,
kpi_001,100.0,Calculated,Green,
kpi_001,87.5,Calculated,Green,
kpi_001,100.0,Calculated,Green,
kpi_001,83.33333333333334,Calculated,Amber,
kpi_001,100.0,Calculated,Green,
kpi_001,92.3076923076923,Calculated,Green,
kpi_001,100.0,Calculated,Green,
kpi_001,87.5,Calculated,Green,
kpi_001,93.33333333333331,Calculated,Green,
kpi_001,100.0,Calculated,Green,
kpi_001,85.71428571428571,Calculated,Green,
kpi_001,86.66666666666667,Calculated,Green,
kpi_001,90.0,Calculated,Green,
kpi_001,100.0,Calculated,Green,
kpi_001,84.61538461538461,Calculated,Green,
kpi_001,88.23529411764706,Calculated,Green,
kpi_001,91.66666666666666,Calculated,Green,
kpi_001,91.66666666666666,Calculated,Green,
kpi_001,100.0,Calculated,Green,
kpi_001,92.3076923076923,Calculated,Green,
kpi_001,100.0,Calculated,Green,
kpi_001,100.0,Calculated,Green,
kpi_001,87.5,Calculated,Green,
kpi_001,100.0,Calculated,Green,
kpi_001,88.88888888888889,Calculated,Green,
kpi_001,100.0,Calculated,Green,
kpi_001,88.88888888888889,Calculated,Green,
kpi_001,100.0,Calculated,Green,
kpi_001,100.0,Calculated,Green,
kpi_001,87.5,Calculated,Green,
kpi_001,76.92307692307693,Calculated,Red,
kpi_001,80.0,Calculated,Amber,
kpi_001,100.0,Calculated,Green,
kpi_001,94.44444444444444,Calculated,Green,
kpi_001,100.0,Calculated,Green,
kpi_001,100.0,Calculated,Green,
kpi_001,100.0,Calculated,Green,
kpi_001,94.44444444444444,Calculated,Green,
kpi_001,100.0,Calculated,Green,
kpi_001,84.61538461538461,Calculated,Green,
kpi_001,100.0,Calculated,Green,
kpi_001,100.0,Calculated,Green,
kpi_001,94.11764705882352,Calculated,Green,
kpi_001,76.47058823529412,Calculated,Red,
kpi_001,100.0,Calculated,Green,
kpi_001,91.66666666666666,Calculated,Green,
kpi_001,78.57142857142857,Calculated,Red,
kpi_001,83.33333333333334,Calculated,Amber,
kpi_001,71.42857142857143,Calculated,Red,
kpi_001,100.0,Calculated,Green,
kpi_001,92.3076923076923,Calculated,Green,
kpi_001,91.66666666666666,Calculated,Green,
kpi_001,93.75,Calculated,Green,
kpi_001,80.0,Calculated,Amber,
kpi_001,90.9090909090909,Calculated,Green,
kpi_001,92.3076923076923,Calculated,Green,
kpi_001,80.0,Calculated,Amber,
kpi_001,100.0,Calculated,Green,
kpi_001,91.66666666666666,Calculated,Green,
kpi_001,76.92307692307693,Calculated,Red,
kpi_001,88.88888888888889,Calculated,Green,
kpi_001,100.0,Calculated,Green,
kpi_001,92.3076923076923,Calculated,Green,
kpi_001,90.9090909090909,Calculated,Green,
kpi_001,88.23529411764706,Calculated,Green,
kpi_001,81.81818181818183,Calculated,Amber,
kpi_001,75.0,Calculated,Red,
kpi_001,100.0,Calculated,Green,
kpi_001,84.61538461538461,Calculated,Green,
kpi_001,87.5,Calculated,Green,
kpi_001,85.71428571428571,Calculated,Green,
kpi_001,93.75,Calculated,Green,
kpi_001,100.0,Calculated,Green,
kpi_001,92.3076923076923,Calculated,Green,
kpi_001,87.5,Calculated,Green,
kpi_001,100.0,Calculated,Green,
kpi_001,80.0,Calculated,Amber,
kpi_001,88.23529411764706,Calculated,Green,
kpi_001,93.75,Calculated,Green,
kpi_001,75.0,Calculated,Red,
kpi_001,100.0,Calculated,Green,
kpi_001,100.0,Calculated,Green,
kpi_001,100.0,Calculated,Green,
kpi_001,75.0,Calculated,Red,
kpi_001,78.57142857142857,Calculated,Red,
kpi_001,100.0,Calculated,Green,
kpi_001,92.3076923076923,Calculated,Green,
kpi_001,92.3076923076923,Calculated,Green,
kpi_001,100.0,Calculated,Green,
kpi_001,90.0,Calculated,Green,
kpi_001,100.0,Calculated,Green,
kpi_001,84.61538461538461,Calculated,Green,
kpi_001,76.92307692307693,Calculated,Red,
kpi_001,86.66666666666667,Calculated,Green,
kpi_001,100.0,Calculated,Green,
kpi_001,92.3076923076923,Calculated,Green,
kpi_001,91.66666666666666,Calculated,Green,
kpi_001,100.0,Calculated,Green,
kpi_001,93.33333333333331,Calculated,Green,
kpi_001,100.0,Calculated,Green,
kpi_001,100.0,Calculated,Green,
kpi_001,100.0,Calculated,Green,
kpi_001,83.33333333333334,Calculated,Amber,
kpi_001,91.66666666666666,Calculated,Green,
kpi_001,84.61538461538461,Calculated,Green,
kpi_001,100.0,Calculated,Green,
kpi_001,70.0,Calculated,Red,
kpi_001,100.0,Calculated,Green,
kpi_001,100.0,Calculated,Green,
kpi_001,78.57142857142857,Calculated,Red,
kpi_001,85.71428571428571,Calculated,Green,
kpi_001,85.71428571428571,Calculated,Green,
kpi_001,90.0,Calculated,Green,
kpi_001,78.57142857142857,Calculated,Red,
kpi_001,83.33333333333334,Calculated,Amber,
kpi_001,75.0,Calculated,Red,
kpi_001,75.0,Calculated,Red,
kpi_001,93.33333333333331,Calculated,Green,
kpi_001,63.63636363636363,Calculated,Red,
kpi_001,100.0,Calculated,Green,
kpi_001,92.3076923076923,Calculated,Green,
kpi_001,81.81818181818183,Calculated,Amber,
kpi_001,75.0,Calculated,Red,
kpi_001,93.33333333333331,Calculated,Green,
kpi_001,84.61538461538461,Calculated,Green,
kpi_001,92.85714285714286,Calculated,Green,
kpi_001,93.75,Calculated,Green,
kpi_001,86.66666666666667,Calculated,Green,
kpi_001,100.0,Calculated,Green,
kpi_001,93.33333333333331,Calculated,Green,
kpi_001,86.66666666666667,Calculated,Green,
kpi_001,81.25,Calculated,Amber,
kpi_001,100.0,Calculated,Green,
kpi_001,100.0,Calculated,Green,
kpi_001,91.66666666666666,Calculated,Green,
kpi_001,83.33333333333334,Calculated,Amber,
kpi_001,100.0,Calculated,Green,
kpi_001,73.33333333333333,Calculated,Red,
kpi_001,85.71428571428571,Calculated,Green,
kpi_001,84.61538461538461,Calculated,Green,
kpi_001,88.88888888888889,Calculated,Green,
kpi_001,100.0,Calculated,Green,
kpi_001,100.0,Calculated,Green,
kpi_001,75.0,Calculated,Red,
kpi_001,84.61538461538461,Calculated,Green,
kpi_001,100.0,Calculated,Green,
kpi_001,100.0,Calculated,Green,
kpi_001,93.33333333333331,Calculated,Green,
kpi_001,100.0,Calculated,Green,
kpi_001,84.61538461538461,Calculated,Green,
kpi_001,85.71428571428571,Calculated,Green,
kpi_001,84.61538461538461,Calculated,Green,
kpi_001,92.3076923076923,Calculated,Green,
kpi_001,90.0,Calculated,Green,
kpi_001,93.75,Calculated,Green,
kpi_001,100.0,Calculated,Green,
kpi_001,78.57142857142857,Calculated,Red,
kpi_001,85.71428571428571,Calculated,Green,
kpi_001,75.0,Calculated,Red,
kpi_001,88.88888888888889,Calculated,Green,
kpi_001,100.0,Calculated,Green,
kpi_001,100.0,Calculated,Green,
kpi_001,100.0,Calculated,Green,
kpi_001,87.5,Calculated,Green,
kpi_001,100.0,Calculated,Green,
kpi_001,100.0,Calculated,Green,
kpi_001,100.0,Calculated,Green,
kpi_001,93.75,Calculated,Green,
kpi_001,78.57142857142857,Calculated,Red,
kpi_001,78.57142857142857,Calculated,Red,
kpi_001,81.81818181818183,Calculated,Amber,
kpi_001,85.71428571428571,Calculated,Green,
kpi_001,87.5,Calculated,Green,
kpi_001,90.9090909090909,Calculated,Green,
kpi_001,54.54545454545454,Calculated,Red,
kpi_001,100.0,Calculated,Green,
kpi_001,93.33333333333331,Calculated,Green,
kpi_001,91.66666666666666,Calculated,Green,
kpi_001,93.33333333333331,Calculated,Green,
kpi_001,84.61538461538461,Calculated,Green,
kpi_001,100.0,Calculated,Green,
kpi_001,88.88888888888889,Calculated,Green,
kpi_001,100.0,Calculated,Green,
kpi_001,93.75,Calculated,Green,
kpi_001,100.0,Calculated,Green,
kpi_001,93.33333333333331,Calculated,Green,
kpi_001,100.0,Calculated,Green,
kpi_001,85.71428571428571,Calculated,Green,
kpi_001,100.0,Calculated,Green,
kpi_001,93.75,Calculated,Green,
kpi_001,91.66666666666666,Calculated,Green,
kpi_001,100.0,Calculated,Green,
kpi_001,92.3076923076923,Calculated,Green,
kpi_001,84.61538461538461,Calculated,Green,
kpi_001,80.0,Calculated,Amber,
kpi_001,93.75,Calculated,Green,
kpi_001,72.72727272727273,Calculated,Red,
kpi_001,82.35294117647058,Calculated,Amber,
kpi_001,86.66666666666667,Calculated,Green,
kpi_001,100.0,Calculated,Green,
kpi_001,80.0,Calculated,Amber,
kpi_001,100.0,Calculated,Green,
kpi_001,100.0,Calculated,Green,
kpi_001,100.0,Calculated,Green,
kpi_001,100.0,Calculated,Green,
kpi_001,86.66666666666667,Calculated,Green,
kpi_001,100.0,Calculated,Green,
kpi_001,81.81818181818183,Calculated,Amber,
kpi_001,93.33333333333331,Calculated,Green,
kpi_001,81.81818181818183,Calculated,Amber,
kpi_001,80.0,Calculated,Amber,
kpi_001,81.81818181818183,Calculated,Amber,
kpi_001,93.75,Calculated,Green,
kpi_001,78.57142857142857,Calculated,Red,
kpi_001,69.23076923076923,Calculated,Red,
kpi_001,90.0,Calculated,Green,
kpi_001,84.61538461538461,Calculated,Green,
kpi_001,66.66666666666666,Calculated,Red,
kpi_001,92.3076923076923,Calculated,Green,
kpi_001,90.9090909090909,Calculated,Green,
kpi_001,90.9090909090909,Calculated,Green,
kpi_001,92.3076923076923,Calculated,Green,
kpi_001,92.85714285714286,Calculated,Green,
kpi_001,92.85714285714286,Calculated,Green,
kpi_001,100.0,Calculated,Green,
kpi_001,86.66666666666667,Calculated,Green,
kpi_001,92.3076923076923,Calculated,Green,
kpi_001,84.61538461538461,Calculated,Green,
kpi_001,100.0,Calculated,Green,
kpi_001,90.9090909090909,Calculated,Green,
kpi_001,84.61538461538461,Calculated,Green,
kpi_001,93.33333333333331,Calculated,Green,
kpi_001,92.3076923076923,Calculated,Green,
kpi_001,81.81818181818183,Calculated,Amber,
kpi_001,87.5,Calculated,Green,
kpi_001,100.0,Calculated,Green,
kpi_001,85.71428571428571,Calculated,Green,
kpi_001,80.0,Calculated,Amber,
kpi_001,92.3076923076923,Calculated,Green,
kpi_001,93.33333333333331,Calculated,Green,
kpi_001,85.71428571428571,Calculated,Green,
kpi_001,100.0,Calculated,Green,
kpi_001,88.23529411764706,Calculated,Green,
kpi_001,92.3076923076923,Calculated,Green,
kpi_001,100.0,Calculated,Green,
kpi_001,94.73684210526316,Calculated,Green,
kpi_001,88.23529411764706,Calculated,Green,
kpi_001,100.0,Calculated,Green,
kpi_001,78.57142857142857,Calculated,Red,
kpi_001,86.66666666666667,Calculated,Green,
kpi_001,100.0,Calculated,Green,
kpi_001,92.3076923076923,Calculated,Green,
kpi_001,80.0,Calculated,Amber,
kpi_001,100.0,Calculated,Green,
kpi_001,92.85714285714286,Calculated,Green,
kpi_001,69.23076923076923,Calculated,Red,
kpi_001,81.81818181818183,Calculated,Amber,
kpi_001,80.0,Calculated,Amber,
kpi_001,91.66666666666666,Calculated,Green,
kpi_001,87.5,Calculated,Green,
kpi_001,92.3076923076923,Calculated,Green,
kpi_001,90.0,Calculated,Green,
kpi_001,91.66666666666666,Calculated,Green,
kpi_001,91.66666666666666,Calculated,Green,
kpi_001,76.92307692307693,Calculated,Red,
kpi_001,69.23076923076923,Calculated,Red,
kpi_001,92.3076923076923,Calculated,Green,
kpi_001,91.66666666666666,Calculated,Green,
kpi_001,72.72727272727273,Calculated,Red,
kpi_001,90.9090909090909,Calculated,Green,
kpi_001,100.0,Calculated,Green,
kpi_001,80.0,Calculated,Amber,
kpi_001,94.11764705882352,Calculated,Green,
kpi_001,93.33333333333331,Calculated,Green,
kpi_001,91.66666666666666,Calculated,Green,
kpi_001,100.0,Calculated,Green,
kpi_001,90.9090909090909,Calculated,Green,
kpi_001,87.5,Calculated,Green,
kpi_001,93.75,Calculated,Green,
kpi_001,84.61538461538461,Calculated,Green,
kpi_001,90.9090909090909,Calculated,Green,
kpi_001,86.66666666666667,Calculated,Green,
kpi_001,84.61538461538461,Calculated,Green,
kpi_001,83.33333333333334,Calculated,Amber,
kpi_001,85.71428571428571,Calculated,Green,
kpi_001,88.88888888888889,Calculated,Green,
kpi_001,92.3076923076923,Calculated,Green,
kpi_001,90.9090909090909,Calculated,Green,
kpi_001,83.33333333333334,Calculated,Amber,
kpi_001,94.44444444444444,Calculated,Green,
kpi_001,100.0,Calculated,Green,
kpi_001,93.75,Calculated,Green,
kpi_001,92.85714285714286,Calculated,Green,
kpi_001,85.71428571428571,Calculated,Green,
kpi_001,100.0,Calculated,Green,
kpi_001,75.0,Calculated,Red,
kpi_001,92.3076923076923,Calculated,Green,
kpi_001,91.66666666666666,Calculated,Green,
kpi_001,100.0,Calculated,Green,
kpi_001,92.3076923076923,Calculated,Green,
kpi_001,92.3076923076923,Calculated,Green,
kpi_001,85.71428571428571,Calculated,Green,
kpi_001,93.33333333333331,Calculated,Green,
kpi_001,92.85714285714286,Calculated,Green,
kpi_001,93.75,Calculated,Green,
kpi_001,92.85714285714286,Calculated,Green,
kpi_001,100.0,Calculated,Green,
kpi_001,93.33333333333331,Calculated,Green,
kpi_001,93.33333333333331,Calculated,Green,
kpi_001,91.66666666666666,Calculated,Green,
kpi_001,80.0,Calculated,Amber,
kpi_001,92.3076923076923,Calculated,Green,
kpi_001,80.0,Calculated,Amber,
kpi_001,92.85714285714286,Calculated,Green,
kpi_001,100.0,Calculated,Green,
kpi_001,93.75,Calculated,Green,
kpi_001,100.0,Calculated,Green,
kpi_001,92.3076923076923,Calculated,Green,
kpi_001,100.0,Calculated,Green,
kpi_001,92.85714285714286,Calculated,Green,
kpi_001,100.0,Calculated,Green,
kpi_001,92.85714285714286,Calculated,Green,
kpi_001,93.75,Calculated,Green,
kpi_001,84.61538461538461,Calculated,Green,
kpi_001,76.92307692307693,Calculated,Red,
kpi_001,75.0,Calculated,Red,
kpi_001,92.3076923076923,Calculated,Green,
kpi_001,100.0,Calculated,Green,
kpi_001,100.0,Calculated,Green,
kpi_001,94.11764705882352,Calculated,Green,
kpi_001,87.5,Calculated,Green,
kpi_001,92.3076923076923,Calculated,Green,
kpi_001,92.85714285714286,Calculated,Green,
kpi_001,94.11764705882352,Calculated,Green,
kpi_001,91.66666666666666,Calculated,Green,
kpi_001,93.33333333333331,Calculated,Green,
kpi_001,93.33333333333331,Calculated,Green,
kpi_001,100.0,Calculated,Green,
kpi_001,89.47368421052632,Calculated,Green,
kpi_001,100.0,Calculated,Green,
kpi_001,81.25,Calculated,Amber,
kpi_001,100.0,Calculated,Green,
kpi_001,93.33333333333331,Calculated,Green,
kpi_001,100.0,Calculated,Green,
kpi_001,90.9090909090909,Calculated,Green,
kpi_001,80.0,Calculated,Amber,
kpi_001,100.0,Calculated,Green,
kpi_001,93.33333333333331,Calculated,Green,
kpi_001,100.0,Calculated,Green,
kpi_001,78.57142857142857,Calculated,Red,
kpi_001,86.66666666666667,Calculated,Green,
kpi_001,92.85714285714286,Calculated,Green,
kpi_001,100.0,Calculated,Green,
kpi_001,100.0,Calculated,Green,
kpi_001,90.9090909090909,Calculated,Green,
kpi_001,91.66666666666666,Calculated,Green,
kpi_001,91.66666666666666,Calculated,Green,
kpi_001,73.33333333333333,Calculated,Red,
kpi_001,93.33333333333331,Calculated,Green,
kpi_001,75.0,Calculated,Red,
kpi_001,90.9090909090909,Calculated,Green,
kpi_001,93.33333333333331,Calculated,Green,
kpi_001,100.0,Calculated,Green,
kpi_001,90.0,Calculated,Green,
kpi_001,93.33333333333331,Calculated,Green,
kpi_001,100.0,Calculated,Green,
kpi_001,92.85714285714286,Calculated,Green,
kpi_001,100.0,Calculated,Green,
kpi_001,100.0,Calculated,Green,
kpi_001,100.0,Calculated,Green,
kpi_001,100.0,Calculated,Green,
kpi_001,100.0,Calculated,Green,
kpi_001,92.3076923076923,Calculated,Green,
kpi_001,100.0,Calculated,Green,
kpi_001,82.35294117647058,Calculated,Amber,
kpi_001,100.0,Calculated,Green,
kpi_001,92.85714285714286,Calculated,Green,
kpi_001,85.71428571428571,Calculated,Green,
kpi_001,87.5,Calculated,Green,
kpi_001,75.0,Calculated,Red,
kpi_001,91.66666666666666,Calculated,Green,
kpi_001,100.0,Calculated,Green,
kpi_001,85.71428571428571,Calculated,Green,
kpi_001,94.11764705882352,Calculated,Green,
kpi_001,88.23529411764706,Calculated,Green,
kpi_001,82.35294117647058,Calculated,Amber,
kpi_001,80.0,Calculated,Amber,
kpi_001,93.33333333333331,Calculated,Green,
kpi_001,90.0,Calculated,Green,
kpi_001,94.73684210526316,Calculated,Green,
kpi_001,93.33333333333331,Calculated,Green,
kpi_001,100.0,Calculated,Green,
kpi_001,87.5,Calculated,Green,
kpi_001,93.75,Calculated,Green,
kpi_001,80.0,Calculated,Amber,
kpi_001,78.57142857142857,Calculated,Red,
kpi_001,92.3076923076923,Calculated,Green,
kpi_001,100.0,Calculated,Green,
kpi_001,91.66666666666666,Calculated,Green,
kpi_001,92.85714285714286,Calculated,Green,
kpi_001,100.0,Calculated,Green,
kpi_001,83.33333333333334,Calculated,Amber,
kpi_001,94.11764705882352,Calculated,Green,
kpi_001,92.85714285714286,Calculated,Green,
kpi_001,93.75,Calculated,Green,
kpi_001,80.0,Calculated,Amber,
kpi_001,84.61538461538461,Calculated,Green,
kpi_001,86.66666666666667,Calculated,Green,
kpi_001,85.71428571428571,Calculated,Green,
kpi_001,77.77777777777779,Calculated,Red,
kpi_001,86.66666666666667,Calculated,Green,
kpi_001,85.71428571428571,Calculated,Green,
kpi_001,92.3076923076923,Calculated,Green,
kpi_001,93.75,Calculated,Green,
kpi_001,100.0,Calculated,Green,
kpi_001,100.0,Calculated,Green,
kpi_001,88.88888888888889,Calculated,Green,
kpi_001,93.75,Calculated,Green,
kpi_001,92.85714285714286,Calculated,Green,
kpi_001,93.33333333333331,Calculated,Green,
kpi_001,86.66666666666667,Calculated,Green,
kpi_001,100.0,Calculated,Green,
kpi_001,92.85714285714286,Calculated,Green,
kpi_001,92.3076923076923,Calculated,Green,
kpi_001,93.75,Calculated,Green,
kpi_001,85.71428571428571,Calculated,Green,
kpi_001,91.66666666666666,Calculated,Green,
kpi_001,100.0,Calculated,Green,
kpi_001,73.33333333333333,Calculated,Red,
kpi_001,85.71428571428571,Calculated,Green,
kpi_001,85.71428571428571,Calculated,Green,
kpi_001,93.75,Calculated,Green,
kpi_001,92.3076923076923,Calculated,Green,
kpi_001,75.0,Calculated,Red,
kpi_001,91.66666666666666,Calculated,Green,
kpi_001,92.85714285714286,Calculated,Green,
kpi_001,100.0,Calculated,Green,
kpi_001,81.25,Calculated,Amber,
kpi_001,93.75,Calculated,Green,
kpi_001,69.23076923076923,Calculated,Red,
kpi_001,93.33333333333331,Calculated,Green,
kpi_001,83.33333333333334,Calculated,Amber,
kpi_001,69.23076923076923,Calculated,Red,
kpi_001,94.11764705882352,Calculated,Green,
kpi_001,100.0,Calculated,Green,
kpi_001,100.0,Calculated,Green,
kpi_001,82.35294117647058,Calculated,Amber,
kpi_001,93.33333333333331,Calculated,Green,
kpi_001,100.0,Calculated,Green,
kpi_001,100.0,Calculated,Green,
kpi_001,81.25,Calculated,Amber,
kpi_001,85.71428571428571,Calculated,Green,
kpi_001,88.23529411764706,Calculated,Green,
kpi_001,87.5,Calculated,Green,
kpi_001,94.11764705882352,Calculated,Green,
kpi_001,92.85714285714286,Calculated,Green,
kpi_001,90.9090909090909,Calculated,Green,
kpi_001,100.0,Calculated,Green,
kpi_001,82.35294117647058,Calculated,Amber,
kpi_001,70.0,Calculated,Red,
kpi_001,90.9090909090909,Calculated,Green,
kpi_001,84.61538461538461,Calculated,Green,
kpi_001,92.85714285714286,Calculated,Green,
kpi_001,100.0,Calculated,Green,
kpi_001,87.5,Calculated,Green,
kpi_001,100.0,Calculated,Green,
kpi_001,89.47368421052632,Calculated,Green,
kpi_001,100.0,Calculated,Green,
kpi_001,71.42857142857143,Calculated,Red,
kpi_001,94.11764705882352,Calculated,Green,
kpi_001,100.0,Calculated,Green,
kpi_001,81.25,Calculated,Amber,
kpi_001,72.22222222222221,Calculated,Red,
kpi_001,78.57142857142857,Calculated,Red,
kpi_001,85.71428571428571,Calculated,Green,
kpi_001,100.0,Calculated,Green,
kpi_001,72.72727272727273,Calculated,Red,
kpi_001,93.33333333333331,Calculated,Green,
kpi_001,76.92307692307693,Calculated,Red,
kpi_001,82.35294117647058,Calculated,Amber,
kpi_001,81.81818181818183,Calculated,Amber,
kpi_001,100.0,Calculated,Green,
kpi_001,92.3076923076923,Calculated,Green,
kpi_001,87.5,Calculated,Green,
kpi_001,84.61538461538461,Calculated,Green,
kpi_001,81.25,Calculated,Amber,
kpi_001,89.47368421052632,Calculated,Green,
kpi_001,86.66666666666667,Calculated,Green,
kpi_001,100.0,Calculated,Green,
kpi_001,92.3076923076923,Calculated,Green,
kpi_001,100.0,Calculated,Green,
kpi_001,100.0,Calculated,Green,
kpi_001,78.57142857142857,Calculated,Red,
kpi_001,76.47058823529412,Calculated,Red,
kpi_001,84.61538461538461,Calculated,Green,
kpi_001,92.85714285714286,Calculated,Green,
kpi_001,80.0,Calculated,Amber,
kpi_001,100.0,Calculated,Green,
kpi_001,100.0,Calculated,Green,
kpi_001,88.88888888888889,Calculated,Green,
kpi_001,84.61538461538461,Calculated,Green,
kpi_001,100.0,Calculated,Green,
kpi_001,90.9090909090909,Calculated,Green,
kpi_001,73.33333333333333,Calculated,Red,
kpi_001,100.0,Calculated,Green,
kpi_001,70.0,Calculated,Red,
kpi_001,100.0,Calculated,Green,
kpi_001,90.9090909090909,Calculated,Green,
kpi_001,85.71428571428571,Calculated,Green,
kpi_001,88.23529411764706,Calculated,Green,
kpi_001,88.88888888888889,Calculated,Green,
kpi_001,78.57142857142857,Calculated,Red,
kpi_001,66.66666666666666,Calculated,Red,
kpi_001,86.66666666666667,Calculated,Green,
kpi_001,85.71428571428571,Calculated,Green,
kpi_001,83.33333333333334,Calculated,Amber,
kpi_001,100.0,Calculated,Green,
kpi_001,100.0,Calculated,Green,
kpi_001,64.28571428571429,Calculated,Red,
kpi_001,91.66666666666666,Calculated,Green,
kpi_001,83.33333333333334,Calculated,Amber,
kpi_001,92.3076923076923,Calculated,Green,
kpi_001,83.33333333333334,Calculated,Amber,
kpi_001,91.66666666666666,Calculated,Green,
kpi_001,91.66666666666666,Calculated,Green,
kpi_001,83.33333333333334,Calculated,Amber,
kpi_001,100.0,Calculated,Green,
kpi_001,85.71428571428571,Calculated,Green,
kpi_001,92.3076923076923,Calculated,Green,
kpi_001,84.61538461538461,Calculated,Green,
kpi_001,100.0,Calculated,Green,
kpi_001,100.0,Calculated,Green,
kpi_001,83.33333333333334,Calculated,Amber,
kpi_001,82.35294117647058,Calculated,Amber,
kpi_001,100.0,Calculated,Green,
kpi_001,93.75,Calculated,Green,
kpi_001,85.71428571428571,Calculated,Green,
kpi_001,94.11764705882352,Calculated,Green,
kpi_001,100.0,Calculated,Green,
kpi_001,85.71428571428571,Calculated,Green,
kpi_001,87.5,Calculated,Green,
kpi_001,100.0,Calculated,Green,
kpi_001,100.0,Calculated,Green,
kpi_001,100.0,Calculated,Green,
kpi_001,92.3076923076923,Calculated,Green,
kpi_001,100.0,Calculated,Green,
kpi_001,92.85714285714286,Calculated,Green,
kpi_001,88.23529411764706,Calculated,Green,
kpi_001,100.0,Calculated,Green,
kpi_001,88.88888888888889,Calculated,Green,
kpi_001,94.44444444444444,Calculated,Green,
kpi_001,80.0,Calculated,Amber,
kpi_001,90.9090909090909,Calculated,Green,
kpi_001,92.3076923076923,Calculated,Green,
kpi_001,84.61538461538461,Calculated,Green,
kpi_001,90.0,Calculated,Green,
kpi_001,87.5,Calculated,Green,
kpi_001,87.5,Calculated,Green,
kpi_001,91.66666666666666,Calculated,Green,
kpi_001,90.0,Calculated,Green,
kpi_001,100.0,Calculated,Green,
kpi_001,100.0,Calculated,Green,
kpi_001,100.0,Calculated,Green,
kpi_001,93.75,Calculated,Green,
kpi_001,100.0,Calculated,Green,
kpi_001,100.0,Calculated,Green,
kpi_001,100.0,Calculated,Green,
kpi_001,84.61538461538461,Calculated,Green,
kpi_001,100.0,Calculated,Green,
kpi_001,86.66666666666667,Calculated,Green,
kpi_001,100.0,Calculated,Green,
kpi_001,87.5,Calculated,Green,
kpi_001,100.0,Calculated,Green,
kpi_001,94.73684210526316,Calculated,Green,
kpi_001,100.0,Calculated,Green,
kpi_001,100.0,Calculated,Green,
kpi_001,92.85714285714286,Calculated,Green,
kpi_001,87.5,Calculated,Green,
kpi_001,93.33333333333331,Calculated,Green,
kpi_001,81.81818181818183,Calculated,Amber,
kpi_001,91.66666666666666,Calculated,Green,
kpi_001,92.3076923076923,Calculated,Green,
kpi_001,100.0,Calculated,Green,
kpi_001,92.3076923076923,Calculated,Green,
kpi_001,92.85714285714286,Calculated,Green,
kpi_001,100.0,Calculated,Green,
kpi_001,86.66666666666667,Calculated,Green,
kpi_001,85.71428571428571,Calculated,Green,
kpi_001,92.85714285714286,Calculated,Green,
kpi_001,100.0,Calculated,Green,
kpi_001,75.0,Calculated,Red,
kpi_001,100.0,Calculated,Green,
kpi_001,100.0,Calculated,Green,
kpi_001,93.75,Calculated,Green,
kpi_001,93.33333333333331,Calculated,Green,
kpi_001,84.61538461538461,Calculated,Green,
kpi_001,100.0,Calculated,Green,
kpi_001,93.33333333333331,Calculated,Green,
kpi_001,78.57142857142857,Calculated,Red,
kpi_001,93.33333333333331,Calculated,Green,
kpi_001,100.0,Calculated,Green,
kpi_001,100.0,Calculated,Green,
kpi_001,100.0,Calculated,Green,
kpi_001,84.61538461538461,Calculated,Green,
kpi_001,76.47058823529412,Calculated,Red,
kpi_001,91.66666666666666,Calculated,Green,
kpi_001,78.94736842105263,Calculated,Red,
kpi_001,90.0,Calculated,Green,
kpi_001,92.85714285714286,Calculated,Green,
kpi_001,78.57142857142857,Calculated,Red,
kpi_001,82.35294117647058,Calculated,Amber,
kpi_001,80.0,Calculated,Amber,
kpi_001,93.75,Calculated,Green,
kpi_001,100.0,Calculated,Green,
kpi_001,64.28571428571429,Calculated,Red,
kpi_001,88.23529411764706,Calculated,Green,
kpi_001,81.25,Calculated,Amber,
kpi_001,86.66666666666667,Calculated,Green,
kpi_001,87.5,Calculated,Green,
kpi_001,85.71428571428571,Calculated,Green,
kpi_001,92.85714285714286,Calculated,Green,
kpi_001,93.33333333333331,Calculated,Green,
kpi_001,83.33333333333334,Calculated,Amber,
kpi_001,92.3076923076923,Calculated,Green,
kpi_001,93.75,Calculated,Green,
kpi_001,100.0,Calculated,Green,
kpi_001,91.66666666666666,Calculated,Green,
kpi_001,92.3076923076923,Calculated,Green,
kpi_001,87.5,Calculated,Green,
kpi_001,100.0,Calculated,Green,
kpi_001,92.3076923076923,Calculated,Green,
kpi_001,88.23529411764706,Calculated,Green,
kpi_001,100.0,Calculated,Green,
kpi_001,94.11764705882352,Calculated,Green,
kpi_001,73.33333333333333,Calculated,Red,
kpi_001,86.66666666666667,Calculated,Green,
kpi_001,100.0,Calculated,Green,
kpi_001,93.75,Calculated,Green,
kpi_001,100.0,Calculated,Green,
kpi_001,92.85714285714286,Calculated,Green,
kpi_001,100.0,Calculated,Green,
kpi_001,100.0,Calculated,Green,
kpi_001,81.25,Calculated,Amber,
kpi_001,100.0,Calculated,Green,
kpi_001,100.0,Calculated,Green,
kpi_001,100.0,Calculated,Green,
kpi_001,100.0,Calculated,Green,
kpi_001,85.71428571428571,Calculated,Green,
kpi_001,80.0,Calculated,Amber,
kpi_001,88.23529411764706,Calculated,Green,
kpi_001,91.66666666666666,Calculated,Green,
kpi_001,100.0,Calculated,Green,
kpi_001,93.33333333333331,Calculated,Green,
kpi_001,91.66666666666666,Calculated,Green,
kpi_001,92.3076923076923,Calculated,Green,
kpi_001,86.66666666666667,Calculated,Green,
kpi_001,100.0,Calculated,Green,
kpi_001,93.75,Calculated,Green,
kpi_001,100.0,Calculated,Green,
kpi_001,93.75,Calculated,Green,
kpi_001,87.5,Calculated,Green,
kpi_001,93.33333333333331,Calculated,Green,
kpi_001,88.23529411764706,Calculated,Green,
kpi_001,84.61538461538461,Calculated,Green,
kpi_001,93.33333333333331,Calculated,Green,
kpi_001,93.33333333333331,Calculated,Green,
kpi_001,100.0,Calculated,Green,
kpi_001,93.75,Calculated,Green,
kpi_001,93.75,Calculated,Green,
kpi_001,92.85714285714286,Calculated,Green,
kpi_001,100.0,Calculated,Green,
kpi_001,83.33333333333334,Calculated,Amber,
kpi_001,93.33333333333331,Calculated,Green,
kpi_001,85.71428571428571,Calculated,Green,
kpi_001,85.71428571428571,Calculated,Green,
kpi_001,100.0,Calculated,Green,
kpi_001,86.66666666666667,Calculated,Green,
kpi_001,88.88888888888889,Calculated,Green,
kpi_001,80.0,Calculated,Amber,
kpi_001,100.0,Calculated,Green,
kpi_001,85.71428571428571,Calculated,Green,
kpi_001,93.33333333333331,Calculated,Green,
kpi_001,94.44444444444444,Calculated,Green,
kpi_001,100.0,Calculated,Green,
kpi_001,100.0,Calculated,Green,
kpi_001,93.33333333333331,Calculated,Green,
kpi_001,85.71428571428571,Calculated,Green,
kpi_001,100.0,Calculated,Green,
kpi_001,77.77777777777779,Calculated,Red,
kpi_001,100.0,Calculated,Green,
kpi_001,92.85714285714286,Calculated,Green,
kpi_001,86.66666666666667,Calculated,Green,
kpi_001,93.33333333333331,Calculated,Green,
kpi_001,84.61538461538461,Calculated,Green,
kpi_001,100.0,Calculated,Green,
kpi_001,100.0,Calculated,Green,
kpi_001,80.0,Calculated,Amber,
kpi_001,93.75,Calculated,Green,
kpi_001,93.75,Calculated,Green,
kpi_001,100.0,Calculated,Green,
kpi_001,100.0,Calculated,Green,
kpi_001,93.33333333333331,Calculated,Green,
kpi_001,100.0,Calculated,Green,
kpi_001,90.9090909090909,Calculated,Green,
kpi_001,93.75,Calculated,Green,
kpi_001,92.85714285714286,Calculated,Green,
kpi_001,85.71428571428571,Calculated,Green,
kpi_001,92.3076923076923,Calculated,Green,
kpi_001,86.66666666666667,Calculated,Green,
kpi_001,100.0,Calculated,Green,
kpi_001,100.0,Calculated,Green,
kpi_001,92.85714285714286,Calculated,Green,
kpi_001,100.0,Calculated,Green,
kpi_001,100.0,Calculated,Green,
kpi_001,87.5,Calculated,Green,
kpi_001,100.0,Calculated,Green,
kpi_001,88.23529411764706,Calculated,Green,
kpi_001,93.75,Calculated,Green,
kpi_001,91.66666666666666,Calculated,Green,
kpi_001,100.0,Calculated,Green,
kpi_001,100.0,Calculated,Green,
kpi_001,92.3076923076923,Calculated,Green,
kpi_001,92.3076923076923,Calculated,Green,
kpi_001,93.75,Calculated,Green,
kpi_001,81.25,Calculated,Amber,
kpi_001,85.71428571428571,Calculated,Green,
kpi_001,100.0,Calculated,Green,
kpi_001,93.75,Calculated,Green,
kpi_001,81.25,Calculated,Amber,
kpi_001,78.57142857142857,Calculated,Red,
kpi_001,94.11764705882352,Calculated,Green,
kpi_001,93.75,Calculated,Green,
kpi_001,84.61538461538461,Calculated,Green,
kpi_001,88.23529411764706,Calculated,Green,
kpi_001,88.88888888888889,Calculated,Green,
kpi_001,100.0,Calculated,Green,
kpi_001,92.3076923076923,Calculated,Green,
kpi_001,93.33333333333331,Calculated,Green,
kpi_001,94.73684210526316,Calculated,Green,
kpi_001,86.66666666666667,Calculated,Green,
kpi_001,87.5,Calculated,Green,
kpi_001,93.33333333333331,Calculated,Green,
kpi_001,100.0,Calculated,Green,
kpi_001,100.0,Calculated,Green,
kpi_001,94.11764705882352,Calculated,Green,
kpi_001,94.11764705882352,Calculated,Green,
kpi_001,84.61538461538461,Calculated,Green,
kpi_001,100.0,Calculated,Green,
kpi_001,100.0,Calculated,Green,
kpi_001,92.3076923076923,Calculated,Green,
kpi_001,90.9090909090909,Calculated,Green,
kpi_001,85.71428571428571,Calculated,Green,
kpi_001,94.44444444444444,Calculated,Green,
kpi_001,90.0,Calculated,Green,
kpi_001,100.0,Calculated,Green,
kpi_001,92.3076923076923,Calculated,Green,
kpi_001,92.3076923076923,Calculated,Green,
kpi_001,100.0,Calculated,Green,
kpi_001,92.85714285714286,Calculated,Green,
kpi_001,92.85714285714286,Calculated,Green,
kpi_001,100.0,Calculated,Green,
kpi_001,100.0,Calculated,Green,
kpi_001,100.0,Calculated,Green,
kpi_001,86.66666666666667,Calculated,Green,
kpi_001,82.35294117647058,Calculated,Amber,
kpi_001,84.61538461538461,Calculated,Green,
kpi_001,83.33333333333334,Calculated,Amber,
kpi_001,93.33333333333331,Calculated,Green,
kpi_001,90.9090909090909,Calculated,Green,
kpi_001,78.57142857142857,Calculated,Red,
kpi_001,92.85714285714286,Calculated,Green,
kpi_001,93.33333333333331,Calculated,Green,
kpi_001,100.0,Calculated,Green,
kpi_001,87.5,Calculated,Green,
kpi_001,86.66666666666667,Calculated,Green,
kpi_001,80.0,Calculated,Amber,
kpi_001,88.88888888888889,Calculated,Green,
kpi_001,94.11764705882352,Calculated,Green,
kpi_001,63.63636363636363,Calculated,Red,
kpi_001,82.35294117647058,Calculated,Amber,
kpi_001,100.0,Calculated,Green,
kpi_001,94.11764705882352,Calculated,Green,
kpi_001,85.71428571428571,Calculated,Green,
kpi_001,88.88888888888889,Calculated,Green,
kpi_001,100.0,Calculated,Green,
kpi_001,100.0,Calculated,Green,
kpi_001,100.0,Calculated,Green,
kpi_001,93.75,Calculated,Green,
kpi_001,100.0,Calculated,Green,
kpi_001,85.71428571428571,Calculated,Green,
kpi_001,100.0,Calculated,Green,
kpi_001,90.0,Calculated,Green,
kpi_001,91.66666666666666,Calculated,Green,
kpi_001,93.33333333333331,Calculated,Green,
kpi_001,81.25,Calculated,Amber,
kpi_001,100.0,Calculated,Green,
kpi_001,93.75,Calculated,Green,
kpi_001,84.61538461538461,Calculated,Green,
kpi_001,69.23076923076923,Calculated,Red,
kpi_001,86.66666666666667,Calculated,Green,
kpi_001,92.3076923076923,Calculated,Green,
kpi_001,81.81818181818183,Calculated,Amber,
kpi_001,91.66666666666666,Calculated,Green,
kpi_001,91.66666666666666,Calculated,Green,
kpi_001,88.23529411764706,Calculated,Green,
kpi_001,100.0,Calculated,Green,
kpi_001,100.0,Calculated,Green,
kpi_001,76.92307692307693,Calculated,Red,
kpi_001,70.0,Calculated,Red,
kpi_001,75.0,Calculated,Red,
kpi_001,93.33333333333331,Calculated,Green,
kpi_001,93.33333333333331,Calculated,Green,
kpi_001,92.85714285714286,Calculated,Green,
kpi_001,100.0,Calculated,Green,
kpi_001,92.85714285714286,Calculated,Green,
kpi_001,78.57142857142857,Calculated,Red,
kpi_001,86.66666666666667,Calculated,Green,
kpi_001,100.0,Calculated,Green,
kpi_001,77.77777777777779,Calculated,Red,
kpi_001,100.0,Calculated,Green,
kpi_001,71.42857142857143,Calculated,Red,
kpi_001,81.25,Calculated,Amber,
kpi_001,100.0,Calculated,Green,
kpi_001,100.0,Calculated,Green,
kpi_001,87.5,Calculated,Green,
kpi_001,80.0,Calculated,Amber,
kpi_001,80.0,Calculated,Amber,
kpi_001,88.88888888888889,Calculated,Green,
kpi_001,84.61538461538461,Calculated,Green,
kpi_001,93.33333333333331,Calculated,Green,
kpi_001,80.0,Calculated,Amber,
kpi_001,92.85714285714286,Calculated,Green,
kpi_001,88.23529411764706,Calculated,Green,
kpi_001,93.75,Calculated,Green,
kpi_001,94.11764705882352,Calculated,Green,
kpi_001,92.85714285714286,Calculated,Green,
kpi_001,81.25,Calculated,Amber,
kpi_001,87.5,Calculated,Green,
kpi_001,92.3076923076923,Calculated,Green,
kpi_001,100.0,Calculated,Green,
kpi_001,94.11764705882352,Calculated,Green,
kpi_001,92.85714285714286,Calculated,Green,
kpi_001,80.0,Calculated,Amber,
kpi_001,83.33333333333334,Calculated,Amber,
kpi_001,93.33333333333331,Calculated,Green,
kpi_001,83.33333333333334,Calculated,Amber,
kpi_001,92.3076923076923,Calculated,Green,
kpi_001,100.0,Calculated,Green,
kpi_001,90.9090909090909,Calculated,Green,
kpi_001,87.5,Calculated,Green,
kpi_001,94.73684210526316,Calculated,Green,
kpi_001,91.66666666666666,Calculated,Green,
kpi_001,84.61538461538461,Calculated,Green,
kpi_001,92.3076923076923,Calculated,Green,
kpi_001,84.61538461538461,Calculated,Green,
kpi_001,71.42857142857143,Calculated,Red,
kpi_001,100.0,Calculated,Green,
kpi_001,90.9090909090909,Calculated,Green,
kpi_001,100.0,Calculated,Green,
kpi_001,83.33333333333334,Calculated,Amber,
kpi_001,93.33333333333331,Calculated,Green,
kpi_001,92.85714285714286,Calculated,Green,
kpi_001,92.3076923076923,Calculated,Green,
kpi_001,73.33333333333333,Calculated,Red,
kpi_001,86.66666666666667,Calculated,Green,
kpi_001,92.85714285714286,Calculated,Green,
kpi_001,88.88888888888889,Calculated,Green,
kpi_001,90.9090909090909,Calculated,Green,
kpi_001,100.0,Calculated,Green,
kpi_001,93.33333333333331,Calculated,Green,
kpi_001,81.25,Calculated,Amber,
kpi_001,100.0,Calculated,Green,
kpi_001,73.33333333333333,Calculated,Red,
kpi_001,100.0,Calculated,Green,
kpi_001,92.3076923076923,Calculated,Green,
kpi_001,93.33333333333331,Calculated,Green,
kpi_001,93.33333333333331,Calculated,Green,
kpi_001,78.57142857142857,Calculated,Red,
kpi_001,91.66666666666666,Calculated,Green,
kpi_001,92.85714285714286,Calculated,Green,
kpi_001,90.9090909090909,Calculated,Green,
kpi_001,73.33333333333333,Calculated,Red,
kpi_001,91.66666666666666,Calculated,Green,
kpi_001,83.33333333333334,Calculated,Amber,
kpi_001,86.66666666666667,Calculated,Green,
kpi_001,85.71428571428571,Calculated,Green,
kpi_001,83.33333333333334,Calculated,Amber,
kpi_001,81.25,Calculated,Amber,
kpi_001,82.35294117647058,Calculated,Amber,
kpi_001,88.23529411764706,Calculated,Green,
kpi_001,100.0,Calculated,Green,
kpi_001,92.85714285714286,Calculated,Green,
kpi_001,100.0,Calculated,Green,
kpi_001,88.88888888888889,Calculated,Green,
kpi_001,88.23529411764706,Calculated,Green,
kpi_001,78.57142857142857,Calculated,Red,
kpi_001,100.0,Calculated,Green,
kpi_001,91.66666666666666,Calculated,Green,
kpi_001,100.0,Calculated,Green,
kpi_001,100.0,Calculated,Green,
kpi_001,100.0,Calculated,Green,
kpi_001,86.66666666666667,Calculated,Green,
kpi_001,92.85714285714286,Calculated,Green,
kpi_001,100.0,Calculated,Green,
kpi_001,91.66666666666666,Calculated,Green,
kpi_001,93.33333333333331,Calculated,Green,
kpi_001,92.85714285714286,Calculated,Green,
kpi_001,91.66666666666666,Calculated,Green,
kpi_001,94.44444444444444,Calculated,Green,
kpi_001,100.0,Calculated,Green,
kpi_001,100.0,Calculated,Green,
kpi_001,91.66666666666666,Calculated,Green,
kpi_001,66.66666666666666,Calculated,Red,
kpi_001,91.66666666666666,Calculated,Green,
kpi_001,92.3076923076923,Calculated,Green,
kpi_001,92.3076923076923,Calculated,Green,
kpi_001,100.0,Calculated,Green,
kpi_001,100.0,Calculated,Green,
kpi_001,84.61538461538461,Calculated,Green,
kpi_001,100.0,Calculated,Green,
kpi_001,93.33333333333331,Calculated,Green,
kpi_001,92.85714285714286,Calculated,Green,
kpi_001,92.85714285714286,Calculated,Green,
kpi_001,91.66666666666666,Calculated,Green,
kpi_001,73.33333333333333,Calculated,Red,
kpi_001,81.25,Calculated,Amber,
kpi_001,94.73684210526316,Calculated,Green,
kpi_001,100.0,Calculated,Green,
kpi_001,93.33333333333331,Calculated,Green,
kpi_001,93.75,Calculated,Green,
kpi_001,86.66666666666667,Calculated,Green,
kpi_001,100.0,Calculated,Green,
kpi_001,85.71428571428571,Calculated,Green,
kpi_001,91.66666666666666,Calculated,Green,
kpi_001,86.66666666666667,Calculated,Green,
kpi_001,93.75,Calculated,Green,
kpi_001,81.81818181818183,Calculated,Amber,
kpi_001,94.11764705882352,Calculated,Green,
kpi_001,93.75,Calculated,Green,
kpi_001,80.0,Calculated,Amber,
kpi_001,78.57142857142857,Calculated,Red,
kpi_001,94.11764705882352,Calculated,Green,
kpi_001,81.25,Calculated,Amber,
kpi_001,100.0,Calculated,Green,
kpi_001,85.71428571428571,Calculated,Green,
kpi_001,100.0,Calculated,Green,
kpi_001,90.9090909090909,Calculated,Green,
kpi_001,72.72727272727273,Calculated,Red,
kpi_001,92.3076923076923,Calculated,Green,
kpi_001,100.0,Calculated,Green,
kpi_001,94.44444444444444,Calculated,Green,
kpi_001,86.66666666666667,Calculated,Green,
kpi_001,100.0,Calculated,Green,
kpi_001,93.33333333333331,Calculated,Green,
kpi_001,88.23529411764706,Calculated,Green,
kpi_001,100.0,Calculated,Green,
kpi_001,92.3076923076923,Calculated,Green,
kpi_001,100.0,Calculated,Green,
kpi_001,93.33333333333331,Calculated,Green,
kpi_001,84.21052631578947,Calculated,Green,
kpi_001,86.66666666666667,Calculated,Green,
kpi_001,87.5,Calculated,Green,
kpi_001,92.3076923076923,Calculated,Green,
kpi_001,100.0,Calculated,Green,
kpi_001,93.75,Calculated,Green,
kpi_001,100.0,Calculated,Green,
kpi_001,92.3076923076923,Calculated,Green,
kpi_001,84.61538461538461,Calculated,Green,
kpi_001,94.44444444444444,Calculated,Green,
kpi_001,73.33333333333333,Calculated,Red,
kpi_001,100.0,Calculated,Green,
kpi_001,92.3076923076923,Calculated,Green,
kpi_001,100.0,Calculated,Green,
kpi_001,100.0,Calculated,Green,
kpi_001,84.21052631578947,Calculated,Green,
kpi_001,87.5,Calculated,Green,
kpi_001,100.0,Calculated,Green,
kpi_001,100.0,Calculated,Green,
kpi_001,85.71428571428571,Calculated,Green,
kpi_001,90.9090909090909,Calculated,Green,
kpi_001,85.71428571428571,Calculated,Green,
kpi_001,69.23076923076923,Calculated,Red,
kpi_001,93.75,Calculated,Green,
kpi_001,89.47368421052632,Calculated,Green,
kpi_001,85.71428571428571,Calculated,Green,
kpi_001,100.0,Calculated,Green,
kpi_001,80.0,Calculated,Amber,
kpi_001,100.0,Calculated,Green,
kpi_001,100.0,Calculated,Green,
kpi_001,88.88888888888889,Calculated,Green,
kpi_001,85.71428571428571,Calculated,Green,
kpi_001,81.81818181818183,Calculated,Amber,
kpi_001,100.0,Calculated,Green,
kpi_001,92.85714285714286,Calculated,Green,
kpi_001,100.0,Calculated,Green,
kpi_001,87.5,Calculated,Green,
kpi_001,91.66666666666666,Calculated,Green,
kpi_001,72.72727272727273,Calculated,Red,
kpi_001,93.33333333333331,Calculated,Green,
kpi_001,92.85714285714286,Calculated,Green,
kpi_001,81.25,Calculated,Amber,
kpi_001,100.0,Calculated,Green,
kpi_001,93.33333333333331,Calculated,Green,
kpi_001,93.75,Calculated,Green,
kpi_001,82.35294117647058,Calculated,Amber,
kpi_001,82.35294117647058,Calculated,Amber,
kpi_001,81.25,Calculated,Amber,
kpi_001,100.0,Calculated,Green,
kpi_001,100.0,Calculated,Green,
kpi_001,92.85714285714286,Calculated,Green,
kpi_001,86.66666666666667,Calculated,Green,
kpi_001,100.0,Calculated,Green,
kpi_001,92.85714285714286,Calculated,Green,
kpi_001,88.88888888888889,Calculated,Green,
kpi_001,85.71428571428571,Calculated,Green,
kpi_001,76.92307692307693,Calculated,Red,
kpi_001,80.0,Calculated,Amber,
kpi_001,93.33333333333331,Calculated,Green,
kpi_001,92.85714285714286,Calculated,Green,
kpi_001,86.66666666666667,Calculated,Green,
kpi_001,93.75,Calculated,Green,
kpi_001,93.33333333333331,Calculated,Green,
kpi_001,100.0,Calculated,Green,
kpi_001,87.5,Calculated,Green,
kpi_001,93.75,Calculated,Green,
kpi_001,81.25,Calculated,Amber,
kpi_001,86.66666666666667,Calculated,Green,
kpi_001,100.0,Calculated,Green,
kpi_001,88.88888888888889,Calculated,Green,
kpi_001,81.81818181818183,Calculated,Amber,
kpi_001,100.0,Calculated,Green,
kpi_001,92.3076923076923,Calculated,Green,
kpi_001,100.0,Calculated,Green,
kpi_001,63.63636363636363,Calculated,Red,
kpi_001,86.66666666666667,Calculated,Green,
kpi_001,88.88888888888889,Calculated,Green,
kpi_001,85.71428571428571,Calculated,Green,
kpi_001,91.66666666666666,Calculated,Green,
kpi_001,100.0,Calculated,Green,
kpi_001,100.0,Calculated,Green,
kpi_001,88.23529411764706,Calculated,Green,
kpi_001,93.75,Calculated,Green,
kpi_001,86.66666666666667,Calculated,Green,
kpi_001,78.57142857142857,Calculated,Red,
kpi_001,92.85714285714286,Calculated,Green,
kpi_001,93.33333333333331,Calculated,Green,
kpi_001,72.72727272727273,Calculated,Red,
kpi_001,84.61538461538461,Calculated,Green,
kpi_001,100.0,Calculated,Green,
kpi_001,94.44444444444444,Calculated,Green,
kpi_001,85.71428571428571,Calculated,Green,
kpi_001,100.0,Calculated,Green,
kpi_001,100.0,Calculated,Green,
kpi_001,90.0,Calculated,Green,
kpi_001,93.75,Calculated,Green,
kpi_001,88.88888888888889,Calculated,Green,
kpi_001,100.0,Calculated,Green,
kpi_001,87.5,Calculated,Green,
kpi_001,100.0,Calculated,Green,
kpi_001,86.95652173913044,Calculated,Green,
kpi_001,93.33333333333331,Calculated,Green,
kpi_001,94.11764705882352,Calculated,Green,
kpi_001,95.45454545454544,Calculated,Green,
kpi_001,83.33333333333334,Calculated,Amber,
kpi_001,90.9090909090909,Calculated,Green,
kpi_001,100.0,Calculated,Green,
kpi_001,94.44444444444444,Calculated,Green,
kpi_001,93.75,Calculated,Green,
kpi_001,88.88888888888889,Calculated,Green,
kpi_001,100.0,Calculated,Green,
kpi_001,100.0,Calculated,Green,
kpi_001,100.0,Calculated,Green,
kpi_001,100.0,Calculated,Green,
kpi_001,100.0,Calculated,Green,
kpi_001,95.65217391304348,Calculated,Green,
kpi_001,85.71428571428571,Calculated,Green,
kpi_001,95.0,Calculated,Green,
kpi_001,100.0,Calculated,Green,
kpi_001,87.5,Calculated,Green,
kpi_001,94.73684210526316,Calculated,Green,
kpi_001,100.0,Calculated,Green,
kpi_001,100.0,Calculated,Green,
kpi_001,100.0,Calculated,Green,
kpi_001,88.23529411764706,Calculated,Green,
kpi_001,85.71428571428571,Calculated,Green,
kpi_001,93.75,Calculated,Green,
kpi_001,83.33333333333334,Calculated,Amber,
kpi_001,93.33333333333331,Calculated,Green,
kpi_001,94.73684210526316,Calculated,Green,
kpi_001,87.5,Calculated,Green,
kpi_001,93.33333333333331,Calculated,Green,
kpi_001,93.33333333333331,Calculated,Green,
kpi_001,87.5,Calculated,Green,
kpi_001,93.33333333333331,Calculated,Green,
kpi_001,100.0,Calculated,Green,
kpi_001,100.0,Calculated,Green,
kpi_001,95.65217391304348,Calculated,Green,
kpi_001,100.0,Calculated,Green,
kpi_001,90.47619047619048,Calculated,Green,
kpi_001,91.66666666666666,Calculated,Green,
kpi_001,86.66666666666667,Calculated,Green,
kpi_001,94.73684210526316,Calculated,Green,
kpi_001,85.71428571428571,Calculated,Green,
kpi_001,93.75,Calculated,Green,
kpi_001,94.44444444444444,Calculated,Green,
kpi_001,89.47368421052632,Calculated,Green,
kpi_001,100.0,Calculated,Green,
kpi_001,94.11764705882352,Calculated,Green,
kpi_001,94.44444444444444,Calculated,Green,
kpi_001,100.0,Calculated,Green,
kpi_001,100.0,Calculated,Green,
kpi_001,88.88888888888889,Calculated,Green,
kpi_001,95.45454545454544,Calculated,Green,
kpi_001,92.0,Calculated,Green,
kpi_001,84.21052631578947,Calculated,Green,
kpi_001,95.0,Calculated,Green,
kpi_001,87.5,Calculated,Green,
kpi_001,94.44444444444444,Calculated,Green,
kpi_001,94.73684210526316,Calculated,Green,
kpi_001,83.33333333333334,Calculated,Amber,
kpi_001,100.0,Calculated,Green,
kpi_001,100.0,Calculated,Green,
kpi_001,95.23809523809524,Calculated,Green,
kpi_001,100.0,Calculated,Green,
kpi_001,100.0,Calculated,Green,
kpi_001,95.0,Calculated,Green,
kpi_001,90.9090909090909,Calculated,Green,
kpi_001,92.3076923076923,Calculated,Green,
kpi_001,88.88888888888889,Calculated,Green,
kpi_001,85.0,Calculated,Green,
kpi_001,87.5,Calculated,Green,
kpi_001,88.23529411764706,Calculated,Green,
kpi_001,85.0,Calculated,Green,
kpi_001,88.88888888888889,Calculated,Green,
kpi_001,90.47619047619048,Calculated,Green,
kpi_001,94.44444444444444,Calculated,Green,
kpi_001,82.35294117647058,Calculated,Amber,
kpi_001,78.57142857142857,Calculated,Red,
kpi_001,93.75,Calculated,Green,
kpi_001,85.0,Calculated,Green,
kpi_001,91.30434782608695,Calculated,Green,
kpi_001,95.0,Calculated,Green,
kpi_001,100.0,Calculated,Green,
kpi_001,88.88888888888889,Calculated,Green,
kpi_001,88.23529411764706,Calculated,Green,
kpi_001,82.35294117647058,Calculated,Amber,
kpi_001,100.0,Calculated,Green,
kpi_001,95.45454545454544,Calculated,Green,
kpi_001,84.21052631578947,Calculated,Green,
kpi_001,95.0,Calculated,Green,
kpi_001,87.5,Calculated,Green,
kpi_001,92.85714285714286,Calculated,Green,
kpi_001,100.0,Calculated,Green,
kpi_001,89.47368421052632,Calculated,Green,
kpi_001,95.0,Calculated,Green,
kpi_001,94.44444444444444,Calculated,Green,
kpi_001,100.0,Calculated,Green,
kpi_001,90.0,Calculated,Green,
kpi_001,75.0,Calculated,Red,
kpi_001,90.0,Calculated,Green,
kpi_001,88.88888888888889,Calculated,Green,
kpi_001,94.73684210526316,Calculated,Green,
kpi_001,80.0,Calculated,Amber,
kpi_001,95.45454545454544,Calculated,Green,
kpi_001,83.33333333333334,Calculated,Amber,
kpi_001,93.75,Calculated,Green,
kpi_001,83.33333333333334,Calculated,Amber,
kpi_001,95.0,Calculated,Green,
kpi_001,100.0,Calculated,Green,
kpi_001,82.35294117647058,Calculated,Amber,
kpi_001,88.23529411764706,Calculated,Green,
kpi_001,86.66666666666667,Calculated,Green,
kpi_001,91.66666666666666,Calculated,Green,
kpi_001,80.95238095238095,Calculated,Amber,
kpi_001,100.0,Calculated,Green,
kpi_001,95.23809523809524,Calculated,Green,
kpi_001,88.23529411764706,Calculated,Green,
kpi_001,94.73684210526316,Calculated,Green,
kpi_001,87.5,Calculated,Green,
kpi_001,85.71428571428571,Calculated,Green,
kpi_001,93.75,Calculated,Green,
kpi_001,93.33333333333331,Calculated,Green,
kpi_001,94.73684210526316,Calculated,Green,
kpi_001,90.0,Calculated,Green,
kpi_001,88.23529411764706,Calculated,Green,
kpi_001,100.0,Calculated,Green,
kpi_001,95.23809523809524,Calculated,Green,
kpi_001,94.44444444444444,Calculated,Green,
kpi_001,100.0,Calculated,Green,
kpi_001,94.11764705882352,Calculated,Green,
kpi_001,85.71428571428571,Calculated,Green,
kpi_001,85.71428571428571,Calculated,Green,
kpi_001,90.0,Calculated,Green,
kpi_001,95.0,Calculated,Green,
kpi_001,83.33333333333334,Calculated,Amber,
kpi_001,88.23529411764706,Calculated,Green,
kpi_001,84.21052631578947,Calculated,Green,
kpi_001,87.5,Calculated,Green,
kpi_001,83.33333333333334,Calculated,Amber,
kpi_001,90.0,Calculated,Green,
kpi_001,86.66666666666667,Calculated,Green,
kpi_001,100.0,Calculated,Green,
kpi_001,100.0,Calculated,Green,
kpi_001,77.77777777777779,Calculated,Red,
kpi_001,83.33333333333334,Calculated,Amber,
kpi_001,95.0,Calculated,Green,
kpi_001,77.77777777777779,Calculated,Red,
kpi_001,94.73684210526316,Calculated,Green,
kpi_001,94.11764705882352,Calculated,Green,
kpi_001,100.0,Calculated,Green,
kpi_001,90.9090909090909,Calculated,Green,
kpi_001,100.0,Calculated,Green,
kpi_001,92.3076923076923,Calculated,Green,
kpi_001,86.66666666666667,Calculated,Green,
kpi_001,73.68421052631578,Calculated,Red,
kpi_001,91.66666666666666,Calculated,Green,
kpi_001,81.81818181818183,Calculated,Amber,
kpi_001,100.0,Calculated,Green,
kpi_001,91.66666666666666,Calculated,Green,
kpi_001,77.77777777777779,Calculated,Red,
kpi_001,80.0,Calculated,Amber,
kpi_001,90.47619047619048,Calculated,Green,
kpi_001,81.25,Calculated,Amber,
kpi_001,84.61538461538461,Calculated,Green,
kpi_001,83.33333333333334,Calculated,Amber,
kpi_001,94.11764705882352,Calculated,Green,
kpi_001,100.0,Calculated,Green,
kpi_001,90.9090909090909,Calculated,Green,
kpi_001,84.21052631578947,Calculated,Green,
kpi_001,93.75,Calculated,Green,
kpi_001,85.71428571428571,Calculated,Green,
kpi_001,94.11764705882352,Calculated,Green,
kpi_001,90.0,Calculated,Green,
kpi_001,85.71428571428571,Calculated,Green,
kpi_001,94.73684210526316,Calculated,Green,
kpi_001,86.36363636363636,Calculated,Green,
kpi_001,92.3076923076923,Calculated,Green,
kpi_001,68.75,Calculated,Red,
kpi_001,100.0,Calculated,Green,
kpi_001,100.0,Calculated,Green,
kpi_001,88.88888888888889,Calculated,Green,
kpi_001,100.0,Calculated,Green,
kpi_001,92.85714285714286,Calculated,Green,
kpi_001,90.0,Calculated,Green,
kpi_001,100.0,Calculated,Green,
kpi_001,57.89473684210527,Calculated,Red,
kpi_001,87.5,Calculated,Green,
kpi_001,95.0,Calculated,Green,
kpi_001,88.23529411764706,Calculated,Green,
kpi_001,90.9090909090909,Calculated,Green,
kpi_001,84.21052631578947,Calculated,Green,
kpi_001,76.47058823529412,Calculated,Red,
kpi_001,78.57142857142857,Calculated,Red,
kpi_001,89.47368421052632,Calculated,Green,
kpi_001,88.23529411764706,Calculated,Green,
kpi_001,82.35294117647058,Calculated,Amber,
kpi_001,61.53846153846154,Calculated,Red,
kpi_001,100.0,Calculated,Green,
kpi_001,94.73684210526316,Calculated,Green,
kpi_001,100.0,Calculated,Green,
kpi_001,100.0,Calculated,Green,
kpi_001,94.11764705882352,Calculated,Green,
kpi_001,94.73684210526316,Calculated,Green,
kpi_001,91.30434782608695,Calculated,Green,
kpi_001,89.47368421052632,Calculated,Green,
kpi_001,88.88888888888889,Calculated,Green,
kpi_001,86.36363636363636,Calculated,Green,
kpi_001,83.33333333333334,Calculated,Amber,
kpi_001,94.73684210526316,Calculated,Green,
kpi_001,84.21052631578947,Calculated,Green,
kpi_001,93.75,Calculated,Green,
kpi_001,86.95652173913044,Calculated,Green,
kpi_001,92.3076923076923,Calculated,Green,
kpi_001,88.88888888888889,Calculated,Green,
kpi_001,100.0,Calculated,Green,
kpi_001,90.9090909090909,Calculated,Green,
kpi_001,80.95238095238095,Calculated,Amber,
kpi_001,81.25,Calculated,Amber,
kpi_001,100.0,Calculated,Green,
kpi_001,89.47368421052632,Calculated,Green,
kpi_001,95.0,Calculated,Green,
kpi_001,88.23529411764706,Calculated,Green,
kpi_001,89.47368421052632,Calculated,Green,
kpi_001,90.9090909090909,Calculated,Green,
kpi_001,88.23529411764706,Calculated,Green,
kpi_001,94.73684210526316,Calculated,Green,
kpi_001,95.23809523809524,Calculated,Green,
kpi_001,86.36363636363636,Calculated,Green,
kpi_001,94.73684210526316,Calculated,Green,
kpi_001,90.47619047619048,Calculated,Green,
kpi_001,94.11764705882352,Calculated,Green,
kpi_001,94.44444444444444,Calculated,Green,
kpi_001,100.0,Calculated,Green,
kpi_001,90.0,Calculated,Green,
kpi_001,100.0,Calculated,Green,
kpi_001,88.88888888888889,Calculated,Green,
kpi_001,95.45454545454544,Calculated,Green,
kpi_001,100.0,Calculated,Green,
kpi_001,85.71428571428571,Calculated,Green,
kpi_001,94.11764705882352,Calculated,Green,
kpi_001,91.66666666666666,Calculated,Green,
kpi_001,93.75,Calculated,Green,
kpi_001,100.0,Calculated,Green,
kpi_001,100.0,Calculated,Green,
kpi_001,95.83333333333334,Calculated,Green,
kpi_001,100.0,Calculated,Green,
kpi_001,76.47058823529412,Calculated,Red,
kpi_001,90.0,Calculated,Green,
kpi_001,76.47058823529412,Calculated,Red,
kpi_001,93.75,Calculated,Green,
kpi_001,92.85714285714286,Calculated,Green,
kpi_001,81.25,Calculated,Amber,
kpi_001,93.33333333333331,Calculated,Green,
kpi_001,80.0,Calculated,Amber,
kpi_001,100.0,Calculated,Green,
kpi_001,100.0,Calculated,Green,
kpi_001,89.47368421052632,Calculated,Green,
kpi_001,95.0,Calculated,Green,
kpi_001,100.0,Calculated,Green,
kpi_001,89.47368421052632,Calculated,Green,
kpi_001,100.0,Calculated,Green,
kpi_001,82.6086956521739,Calculated,Amber,
kpi_001,95.23809523809524,Calculated,Green,
kpi_001,100.0,Calculated,Green,
kpi_001,100.0,Calculated,Green,
kpi_001,94.44444444444444,Calculated,Green,
kpi_001,85.71428571428571,Calculated,Green,
kpi_001,100.0,Calculated,Green,
kpi_001,78.94736842105263,Calculated,Red,
kpi_001,95.45454545454544,Calculated,Green,
kpi_001,88.88888888888889,Calculated,Green,
kpi_001,94.11764705882352,Calculated,Green,
kpi_001,95.23809523809524,Calculated,Green,
kpi_001,94.73684210526316,Calculated,Green,
kpi_001,85.71428571428571,Calculated,Green,
kpi_001,84.21052631578947,Calculated,Green,
kpi_001,90.0,Calculated,Green,
kpi_001,93.75,Calculated,Green,
kpi_001,93.75,Calculated,Green,
kpi_001,93.75,Calculated,Green,
kpi_001,92.85714285714286,Calculated,Green,
kpi_001,94.73684210526316,Calculated,Green,
kpi_001,88.88888888888889,Calculated,Green,
kpi_001,95.0,Calculated,Green,
kpi_001,94.11764705882352,Calculated,Green,
kpi_001,85.71428571428571,Calculated,Green,
kpi_001,94.73684210526316,Calculated,Green,
kpi_001,90.0,Calculated,Green,
kpi_001,88.23529411764706,Calculated,Green,
kpi_001,95.65217391304348,Calculated,Green,
kpi_001,85.71428571428571,Calculated,Green,
kpi_001,94.44444444444444,Calculated,Green,
kpi_001,90.47619047619048,Calculated,Green,
kpi_001,72.22222222222221,Calculated,Red,
kpi_001,95.23809523809524,Calculated,Green,
kpi_001,95.83333333333334,Calculated,Green,
kpi_001,87.5,Calculated,Green,
kpi_001,94.11764705882352,Calculated,Green,
kpi_001,82.35294117647058,Calculated,Amber,
kpi_001,94.44444444444444,Calculated,Green,
kpi_001,94.11764705882352,Calculated,Green,
kpi_001,90.9090909090909,Calculated,Green,
kpi_001,84.61538461538461,Calculated,Green,
kpi_001,100.0,Calculated,Green,
kpi_001,100.0,Calculated,Green,
kpi_001,93.33333333333331,Calculated,Green,
kpi_001,95.23809523809524,Calculated,Green,
kpi_001,85.71428571428571,Calculated,Green,
kpi_001,88.88888888888889,Calculated,Green,
kpi_001,88.23529411764706,Calculated,Green,
kpi_001,90.0,Calculated,Green,
kpi_001,88.23529411764706,Calculated,Green,
kpi_001,100.0,Calculated,Green,
kpi_001,94.44444444444444,Calculated,Green,
kpi_001,94.73684210526316,Calculated,Green,
kpi_001,100.0,Calculated,Green,
kpi_001,88.23529411764706,Calculated,Green,
kpi_001,86.95652173913044,Calculated,Green,
kpi_001,89.47368421052632,Calculated,Green,
kpi_001,88.23529411764706,Calculated,Green,
kpi_001,94.73684210526316,Calculated,Green,
kpi_001,100.0,Calculated,Green,
kpi_001,84.21052631578947,Calculated,Green,
kpi_001,88.88888888888889,Calculated,Green,
kpi_001,92.3076923076923,Calculated,Green,
kpi_001,100.0,Calculated,Green,
kpi_001,85.0,Calculated,Green,
kpi_001,94.44444444444444,Calculated,Green,
kpi_001,100.0,Calculated,Green,
kpi_001,95.0,Calculated,Green,
kpi_001,100.0,Calculated,Green,
kpi_001,90.47619047619048,Calculated,Green,
kpi_001,94.73684210526316,Calculated,Green,
kpi_001,100.0,Calculated,Green,
kpi_001,95.23809523809524,Calculated,Green,
kpi_001,100.0,Calculated,Green,
kpi_001,85.71428571428571,Calculated,Green,
kpi_001,94.11764705882352,Calculated,Green,
kpi_001,89.47368421052632,Calculated,Green,
kpi_001,94.11764705882352,Calculated,Green,
kpi_001,77.77777777777779,Calculated,Red,
kpi_001,100.0,Calculated,Green,
kpi_001,95.23809523809524,Calculated,Green,
kpi_001,72.22222222222221,Calculated,Red,
kpi_001,86.66666666666667,Calculated,Green,
kpi_001,94.73684210526316,Calculated,Green,
kpi_001,100.0,Calculated,Green,
kpi_001,92.85714285714286,Calculated,Green,
kpi_001,95.23809523809524,Calculated,Green,
kpi_001,77.77777777777779,Calculated,Red,
kpi_001,85.71428571428571,Calculated,Green,
kpi_001,94.11764705882352,Calculated,Green,
kpi_001,89.47368421052632,Calculated,Green,
kpi_001,92.3076923076923,Calculated,Green,
kpi_001,100.0,Calculated,Green,
kpi_001,92.3076923076923,Calculated,Green,
kpi_001,100.0,Calculated,Green,
kpi_001,100.0,Calculated,Green,
kpi_001,84.61538461538461,Calculated,Green,
kpi_001,70.0,Calculated,Red,
kpi_001,100.0,Calculated,Green,
kpi_001,91.66666666666666,Calculated,Green,
kpi_001,100.0,Calculated,Green,
kpi_001,84.61538461538461,Calculated,Green,
kpi_001,100.0,Calculated,Green,
kpi_001,100.0,Calculated,Green,
kpi_001,90.9090909090909,Calculated,Green,
kpi_001,92.3076923076923,Calculated,Green,
kpi_001,90.0,Calculated,Green,
kpi_001,100.0,Calculated,Green,
kpi_001,50.0,Calculated,Red,
kpi_001,88.88888888888889,Calculated,Green,
kpi_001,87.5,Calculated,Green,
kpi_001,100.0,Calculated,Green,
kpi_001,83.33333333333334,Calculated,Amber,
kpi_001,90.9090909090909,Calculated,Green,
kpi_001,100.0,Calculated,Green,
kpi_001,100.0,Calculated,Green,
kpi_001,100.0,Calculated,Green,
kpi_001,100.0,Calculated,Green,
kpi_001,87.5,Calculated,Green,
kpi_001,100.0,Calculated,Green,
kpi_001,100.0,Calculated,Green,
kpi_001,90.0,Calculated,Green,
kpi_001,92.3076923076923,Calculated,Green,
kpi_001,90.0,Calculated,Green,
kpi_001,90.9090909090909,Calculated,Green,
kpi_001,100.0,Calculated,Green,
kpi_001,90.9090909090909,Calculated,Green,
kpi_001,90.9090909090909,Calculated,Green,
kpi_001,92.3076923076923,Calculated,Green,
kpi_001,100.0,Calculated,Green,
kpi_001,100.0,Calculated,Green,
kpi_001,100.0,Calculated,Green,
kpi_001,100.0,Calculated,Green,
kpi_001,88.88888888888889,Calculated,Green,
kpi_001,100.0,Calculated,Green,
kpi_001,91.66666666666666,Calculated,Green,
kpi_001,100.0,Calculated,Green,
kpi_001,100.0,Calculated,Green,
kpi_001,100.0,Calculated,Green,
kpi_001,100.0,Calculated,Green,
kpi_001,85.71428571428571,Calculated,Green,
kpi_001,90.0,Calculated,Green,
kpi_001,90.0,Calculated,Green,
kpi_001,100.0,Calculated,Green,
kpi_001,100.0,Calculated,Green,
kpi_001,100.0,Calculated,Green,
kpi_001,87.5,Calculated,Green,
kpi_001,100.0,Calculated,Green,
kpi_001,90.0,Calculated,Green,
kpi_001,84.61538461538461,Calculated,Green,
kpi_001,91.66666666666666,Calculated,Green,
kpi_001,90.9090909090909,Calculated,Green,
kpi_001,100.0,Calculated,Green,
kpi_001,100.0,Calculated,Green,
kpi_001,77.77777777777779,Calculated,Red,
kpi_001,75.0,Calculated,Red,
kpi_001,100.0,Calculated,Green,
kpi_001,75.0,Calculated,Red,
kpi_001,90.0,Calculated,Green,
kpi_001,100.0,Calculated,Green,
kpi_001,88.88888888888889,Calculated,Green,
kpi_001,100.0,Calculated,Green,
kpi_001,100.0,Calculated,Green,
kpi_001,78.57142857142857,Calculated,Red,
kpi_001,76.92307692307693,Calculated,Red,
kpi_001,100.0,Calculated,Green,
kpi_001,100.0,Calculated,Green,
kpi_001,86.66666666666667,Calculated,Green,
kpi_001,91.66666666666666,Calculated,Green,
kpi_001,100.0,Calculated,Green,
kpi_001,73.33333333333333,Calculated,Red,
kpi_001,100.0,Calculated,Green,
kpi_001,84.61538461538461,Calculated,Green,
kpi_001,88.88888888888889,Calculated,Green,
kpi_001,83.33333333333334,Calculated,Amber,
kpi_001,85.71428571428571,Calculated,Green,
kpi_001,90.9090909090909,Calculated,Green,
kpi_001,86.66666666666667,Calculated,Green,
kpi_001,100.0,Calculated,Green,
kpi_001,90.9090909090909,Calculated,Green,
kpi_001,71.42857142857143,Calculated,Red,
kpi_001,84.61538461538461,Calculated,Green,
kpi_001,84.61538461538461,Calculated,Green,
kpi_001,100.0,Calculated,Green,
kpi_001,81.81818181818183,Calculated,Amber,
kpi_001,76.92307692307693,Calculated,Red,
kpi_001,92.3076923076923,Calculated,Green,
kpi_001,100.0,Calculated,Green,
kpi_001,76.92307692307693,Calculated,Red,
kpi_001,100.0,Calculated,Green,
kpi_001,84.61538461538461,Calculated,Green,
kpi_001,63.63636363636363,Calculated,Red,
kpi_001,80.0,Calculated,Amber,
kpi_001,76.92307692307693,Calculated,Red,
kpi_001,91.66666666666666,Calculated,Green,
kpi_001,93.33333333333331,Calculated,Green,
kpi_001,90.9090909090909,Calculated,Green,
kpi_001,81.81818181818183,Calculated,Amber,
kpi_001,100.0,Calculated,Green,
kpi_001,90.9090909090909,Calculated,Green,
kpi_001,91.66666666666666,Calculated,Green,
kpi_001,83.33333333333334,Calculated,Amber,
kpi_001,50.0,Calculated,Red,
kpi_001,75.0,Calculated,Red,
kpi_001,100.0,Calculated,Green,
kpi_001,90.0,Calculated,Green,
kpi_001,81.81818181818183,Calculated,Amber,
kpi_001,92.85714285714286,Calculated,Green,
kpi_001,50.0,Calculated,Red,
kpi_001,100.0,Calculated,Green,
kpi_001,100.0,Calculated,Green,
kpi_001,80.0,Calculated,Amber,
kpi_001,77.77777777777779,Calculated,Red,
kpi_001,76.92307692307693,Calculated,Red,
kpi_001,90.0,Calculated,Green,
kpi_001,100.0,Calculated,Green,
kpi_001,70.0,Calculated,Red,
kpi_001,76.92307692307693,Calculated,Red,
kpi_001,80.0,Calculated,Amber,
kpi_001,100.0,Calculated,Green,
kpi_001,100.0,Calculated,Green,
kpi_001,100.0,Calculated,Green,
kpi_001,90.9090909090909,Calculated,Green,
kpi_001,100.0,Calculated,Green,
kpi_001,91.66666666666666,Calculated,Green,
kpi_001,100.0,Calculated,Green,
kpi_001,83.33333333333334,Calculated,Amber,
kpi_001,72.72727272727273,Calculated,Red,
kpi_001,80.0,Calculated,Amber,
kpi_001,90.0,Calculated,Green,
kpi_001,91.66666666666666,Calculated,Green,
kpi_001,85.71428571428571,Calculated,Green,
kpi_001,80.0,Calculated,Amber,
kpi_001,92.3076923076923,Calculated,Green,
kpi_001,100.0,Calculated,Green,
kpi_001,87.5,Calculated,Green,
kpi_001,100.0,Calculated,Green,
kpi_001,100.0,Calculated,Green,
kpi_001,100.0,Calculated,Green,
kpi_001,100.0,Calculated,Green,
kpi_001,78.57142857142857,Calculated,Red,
kpi_001,100.0,Calculated,Green,
kpi_001,84.61538461538461,Calculated,Green,
kpi_001,90.0,Calculated,Green,
kpi_001,100.0,Calculated,Green,
kpi_001,92.3076923076923,Calculated,Green,
kpi_001,90.0,Calculated,Green,
kpi_001,81.81818181818183,Calculated,Amber,
kpi_001,83.33333333333334,Calculated,Amber,
kpi_001,100.0,Calculated,Green,
kpi_001,90.0,Calculated,Green,
kpi_001,90.9090909090909,Calculated,Green,
kpi_001,91.66666666666666,Calculated,Green,
kpi_001,80.0,Calculated,Amber,
kpi_001,81.81818181818183,Calculated,Amber,
kpi_001,81.81818181818183,Calculated,Amber,
kpi_001,83.33333333333334,Calculated,Amber,
kpi_001,77.77777777777779,Calculated,Red,
kpi_001,76.92307692307693,Calculated,Red,
kpi_001,62.5,Calculated,Red,
kpi_001,92.3076923076923,Calculated,Green,
kpi_001,100.0,Calculated,Green,
kpi_001,100.0,Calculated,Green,
kpi_001,69.23076923076923,Calculated,Red,
kpi_001,80.0,Calculated,Amber,
kpi_001,88.88888888888889,Calculated,Green,
kpi_001,76.92307692307693,Calculated,Red,
kpi_001,92.85714285714286,Calculated,Green,
kpi_001,77.77777777777779,Calculated,Red,
kpi_001,76.92307692307693,Calculated,Red,
kpi_001,90.9090909090909,Calculated,Green,
kpi_001,92.85714285714286,Calculated,Green,
kpi_001,88.88888888888889,Calculated,Green,
kpi_001,92.85714285714286,Calculated,Green,
kpi_001,100.0,Calculated,Green,
kpi_001,91.66666666666666,Calculated,Green,
kpi_001,80.0,Calculated,Amber,
kpi_001,58.333333333333336,Calculated,Red,
kpi_001,60.0,Calculated,Red,
kpi_001,73.33333333333333,Calculated,Red,
kpi_001,88.88888888888889,Calculated,Green,
kpi_001,80.0,Calculated,Amber,
kpi_001,90.9090909090909,Calculated,Green,
kpi_001,81.81818181818183,Calculated,Amber,
kpi_001,100.0,Calculated,Green,
kpi_001,81.81818181818183,Calculated,Amber,
kpi_001,100.0,Calculated,Green,
kpi_001,100.0,Calculated,Green,
kpi_001,80.0,Calculated,Amber,
kpi_001,100.0,Calculated,Green,
kpi_001,91.66666666666666,Calculated,Green,
kpi_001,92.3076923076923,Calculated,Green,
kpi_001,100.0,Calculated,Green,
kpi_001,90.9090909090909,Calculated,Green,
kpi_001,100.0,Calculated,Green,
kpi_001,83.33333333333334,Calculated,Amber,
kpi_001,83.33333333333334,Calculated,Amber,
kpi_001,90.9090909090909,Calculated,Green,
kpi_001,100.0,Calculated,Green,
kpi_001,100.0,Calculated,Green,
kpi_001,100.0,Calculated,Green,
kpi_001,100.0,Calculated,Green,
kpi_001,100.0,Calculated,Green,
kpi_001,100.0,Calculated,Green,
kpi_001,91.66666666666666,Calculated,Green,
kpi_001,100.0,Calculated,Green,
kpi_001,80.0,Calculated,Amber,
kpi_001,92.85714285714286,Calculated,Green,
kpi_001,84.61538461538461,Calculated,Green,
kpi_001,100.0,Calculated,Green,
kpi_001,100.0,Calculated,Green,
kpi_001,80.0,Calculated,Amber,
kpi_001,91.66666666666666,Calculated,Green,
kpi_001,85.71428571428571,Calculated,Green,
kpi_001,100.0,Calculated,Green,
kpi_001,91.66666666666666,Calculated,Green,
kpi_001,90.9090909090909,Calculated,Green,
kpi_001,75.0,Calculated,Red,
kpi_001,87.5,Calculated,Green,
kpi_001,92.85714285714286,Calculated,Green,
kpi_001,90.0,Calculated,Green,
kpi_001,85.71428571428571,Calculated,Green,
kpi_001,85.71428571428571,Calculated,Green,
kpi_001,88.88888888888889,Calculated,Green,
kpi_001,91.66666666666666,Calculated,Green,
kpi_001,81.81818181818183,Calculated,Amber,
kpi_001,92.85714285714286,Calculated,Green,
kpi_001,87.5,Calculated,Green,
kpi_001,90.9090909090909,Calculated,Green,
kpi_001,85.71428571428571,Calculated,Green,
kpi_001,85.71428571428571,Calculated,Green,
kpi_001,92.85714285714286,Calculated,Green,
kpi_001,76.92307692307693,Calculated,Red,
kpi_001,100.0,Calculated,Green,
kpi_001,91.66666666666666,Calculated,Green,
kpi_001,83.33333333333334,Calculated,Amber,
kpi_001,78.57142857142857,Calculated,Red,
kpi_001,91.66666666666666,Calculated,Green,
kpi_001,100.0,Calculated,Green,
kpi_001,100.0,Calculated,Green,
kpi_001,88.88888888888889,Calculated,Green,
kpi_001,100.0,Calculated,Green,
kpi_001,100.0,Calculated,Green,
kpi_001,100.0,Calculated,Green,
kpi_001,100.0,Calculated,Green,
kpi_001,100.0,Calculated,Green,
kpi_001,90.9090909090909,Calculated,Green,
kpi_001,92.3076923076923,Calculated,Green,
kpi_001,100.0,Calculated,Green,
kpi_001,90.0,Calculated,Green,
kpi_001,100.0,Calculated,Green,
kpi_001,92.3076923076923,Calculated,Green,
kpi_001,88.88888888888889,Calculated,Green,
kpi_001,81.81818181818183,Calculated,Amber,
kpi_001,92.3076923076923,Calculated,Green,
kpi_001,81.81818181818183,Calculated,Amber,
kpi_001,100.0,Calculated,Green,
kpi_001,100.0,Calculated,Green,
kpi_001,100.0,Calculated,Green,
kpi_001,90.0,Calculated,Green,
kpi_001,90.0,Calculated,Green,
kpi_001,90.9090909090909,Calculated,Green,
kpi_001,69.23076923076923,Calculated,Red,
kpi_001,100.0,Calculated,Green,
kpi_001,88.88888888888889,Calculated,Green,
kpi_001,100.0,Calculated,Green,
kpi_001,84.61538461538461,Calculated,Green,
kpi_001,90.9090909090909,Calculated,Green,
kpi_001,91.66666666666666,Calculated,Green,
kpi_001,92.3076923076923,Calculated,Green,
kpi_001,92.85714285714286,Calculated,Green,
kpi_001,70.0,Calculated,Red,
kpi_001,100.0,Calculated,Green,
kpi_001,100.0,Calculated,Green,
kpi_001,75.0,Calculated,Red,
kpi_001,85.71428571428571,Calculated,Green,
kpi_001,92.3076923076923,Calculated,Green,
kpi_001,100.0,Calculated,Green,
kpi_001,88.88888888888889,Calculated,Green,
kpi_001,90.9090909090909,Calculated,Green,
kpi_001,76.92307692307693,Calculated,Red,
kpi_001,100.0,Calculated,Green,
kpi_001,90.9090909090909,Calculated,Green,
kpi_001,81.81818181818183,Calculated,Amber,
kpi_001,100.0,Calculated,Green,
kpi_001,90.9090909090909,Calculated,Green,
kpi_001,91.66666666666666,Calculated,Green,
kpi_001,88.88888888888889,Calculated,Green,
kpi_001,100.0,Calculated,Green,
kpi_001,90.0,Calculated,Green,
kpi_001,90.0,Calculated,Green,
kpi_001,100.0,Calculated,Green,
kpi_001,72.72727272727273,Calculated,Red,
kpi_001,84.61538461538461,Calculated,Green,
kpi_001,88.88888888888889,Calculated,Green,
kpi_001,81.81818181818183,Calculated,Amber,
kpi_001,86.66666666666667,Calculated,Green,
kpi_001,91.66666666666666,Calculated,Green,
kpi_001,100.0,Calculated,Green,
kpi_001,83.33333333333334,Calculated,Amber,
kpi_001,100.0,Calculated,Green,
kpi_001,92.3076923076923,Calculated,Green,
kpi_001,92.85714285714286,Calculated,Green,
kpi_001,92.85714285714286,Calculated,Green,
kpi_001,70.0,Calculated,Red,
kpi_001,57.14285714285714,Calculated,Red,
kpi_001,92.3076923076923,Calculated,Green,
kpi_001,92.3076923076923,Calculated,Green,
kpi_001,100.0,Calculated,Green,
kpi_001,91.66666666666666,Calculated,Green,
kpi_001,83.33333333333334,Calculated,Amber,
kpi_001,100.0,Calculated,Green,
kpi_001,88.88888888888889,Calculated,Green,
kpi_001,77.77777777777779,Calculated,Red,
kpi_001,91.66666666666666,Calculated,Green,
kpi_001,92.3076923076923,Calculated,Green,
kpi_001,91.66666666666666,Calculated,Green,
kpi_001,100.0,Calculated,Green,
kpi_001,100.0,Calculated,Green,
kpi_001,100.0,Calculated,Green,
kpi_001,91.66666666666666,Calculated,Green,
kpi_001,100.0,Calculated,Green,
kpi_001,76.92307692307693,Calculated,Red,
kpi_001,100.0,Calculated,Green,
kpi_001,91.66666666666666,Calculated,Green,
kpi_001,92.85714285714286,Calculated,Green,
kpi_001,100.0,Calculated,Green,
kpi_001,70.0,Calculated,Red,
kpi_001,55.55555555555556,Calculated,Red,
kpi_001,90.9090909090909,Calculated,Green,
kpi_001,100.0,Calculated,Green,
kpi_001,100.0,Calculated,Green,
kpi_001,100.0,Calculated,Green,
kpi_001,66.66666666666666,Calculated,Red,
kpi_001,100.0,Calculated,Green,
kpi_001,100.0,Calculated,Green,
kpi_001,92.3076923076923,Calculated,Green,
kpi_001,100.0,Calculated,Green,
kpi_001,83.33333333333334,Calculated,Amber,
kpi_001,100.0,Calculated,Green,
kpi_001,91.66666666666666,Calculated,Green,
kpi_001,100.0,Calculated,Green,
kpi_001,90.9090909090909,Calculated,Green,
kpi_001,76.92307692307693,Calculated,Red,
kpi_001,90.0,Calculated,Green,
kpi_001,90.9090909090909,Calculated,Green,
kpi_001,93.33333333333331,Calculated,Green,
kpi_001,66.66666666666666,Calculated,Red,
kpi_001,75.0,Calculated,Red,
kpi_001,81.81818181818183,Calculated,Amber,
kpi_001,91.66666666666666,Calculated,Green,
kpi_001,91.66666666666666,Calculated,Green,
kpi_001,90.9090909090909,Calculated,Green,
kpi_001,100.0,Calculated,Green,
kpi_001,84.61538461538461,Calculated,Green,
kpi_001,100.0,Calculated,Green,
kpi_001,93.75,Calculated,Green,
kpi_001,100.0,Calculated,Green,
kpi_001,80.0,Calculated,Amber,
kpi_001,100.0,Calculated,Green,
kpi_001,87.5,Calculated,Green,
kpi_001,100.0,Calculated,Green,
kpi_001,100.0,Calculated,Green,
kpi_001,88.88888888888889,Calculated,Green,
kpi_001,80.0,Calculated,Amber,
kpi_001,100.0,Calculated,Green,
kpi_001,77.77777777777779,Calculated,Red,
kpi_001,100.0,Calculated,Green,
kpi_001,90.9090909090909,Calculated,Green,
kpi_001,100.0,Calculated,Green,
kpi_001,81.81818181818183,Calculated,Amber,
kpi_001,86.66666666666667,Calculated,Green,
kpi_001,92.85714285714286,Calculated,Green,
kpi_001,90.0,Calculated,Green,
kpi_001,100.0,Calculated,Green,
kpi_001,100.0,Calculated,Green,
kpi_001,100.0,Calculated,Green,
kpi_001,100.0,Calculated,Green,
kpi_001,100.0,Calculated,Green,
kpi_001,94.44444444444444,Calculated,Green,
kpi_001,100.0,Calculated,Green,
kpi_001,90.0,Calculated,Green,
kpi_001,92.3076923076923,Calculated,Green,
kpi_001,100.0,Calculated,Green,
kpi_001,91.66666666666666,Calculated,Green,
kpi_001,100.0,Calculated,Green,
kpi_001,90.0,Calculated,Green,
kpi_001,100.0,Calculated,Green,
kpi_001,91.66666666666666,Calculated,Green,
kpi_001,83.33333333333334,Calculated,Amber,
kpi_001,90.9090909090909,Calculated,Green,
kpi_001,100.0,Calculated,Green,
kpi_001,81.81818181818183,Calculated,Amber,
kpi_001,78.57142857142857,Calculated,Red,
kpi_001,90.9090909090909,Calculated,Green,
kpi_001,83.33333333333334,Calculated,Amber,
kpi_001,100.0,Calculated,Green,
kpi_001,100.0,Calculated,Green,
kpi_001,83.33333333333334,Calculated,Amber,
kpi_001,92.3076923076923,Calculated,Green,
kpi_001,81.81818181818183,Calculated,Amber,
kpi_001,100.0,Calculated,Green,
kpi_001,100.0,Calculated,Green,
kpi_001,100.0,Calculated,Green,
kpi_001,85.71428571428571,Calculated,Green,
kpi_001,88.88888888888889,Calculated,Green,
kpi_001,90.9090909090909,Calculated,Green,
kpi_001,90.0,Calculated,Green,
kpi_001,90.0,Calculated,Green,
kpi_001,100.0,Calculated,Green,
kpi_001,100.0,Calculated,Green,
kpi_001,100.0,Calculated,Green,
kpi_001,100.0,Calculated,Green,
kpi_001,100.0,Calculated,Green,
kpi_001,85.71428571428571,Calculated,Green,
kpi_001,81.81818181818183,Calculated,Amber,
kpi_001,91.66666666666666,Calculated,Green,
kpi_001,75.0,Calculated,Red,
kpi_001,90.0,Calculated,Green,
kpi_001,100.0,Calculated,Green,
kpi_001,100.0,Calculated,Green,
kpi_001,100.0,Calculated,Green,
kpi_001,87.5,Calculated,Green,
kpi_001,100.0,Calculated,Green,
kpi_001,88.23529411764706,Calculated,Green,
kpi_001,100.0,Calculated,Green,
kpi_001,100.0,Calculated,Green,
kpi_001,91.66666666666666,Calculated,Green,
kpi_001,100.0,Calculated,Green,
kpi_001,90.9090909090909,Calculated,Green,
kpi_001,100.0,Calculated,Green,
kpi_001,100.0,Calculated,Green,
kpi_001,93.33333333333331,Calculated,Green,
kpi_001,100.0,Calculated,Green,
kpi_001,92.85714285714286,Calculated,Green,
kpi_001,87.5,Calculated,Green,
kpi_001,91.66666666666666,Calculated,Green,
kpi_001,92.3076923076923,Calculated,Green,
kpi_001,100.0,Calculated,Green,
kpi_001,84.61538461538461,Calculated,Green,
kpi_001,75.0,Calculated,Red,
kpi_001,77.77777777777779,Calculated,Red,
kpi_001,84.61538461538461,Calculated,Green,
kpi_001,91.66666666666666,Calculated,Green,
kpi_001,92.85714285714286,Calculated,Green,
kpi_001,100.0,Calculated,Green,
kpi_001,83.33333333333334,Calculated,Amber,
kpi_001,93.75,Calculated,Green,
kpi_001,81.81818181818183,Calculated,Amber,
kpi_001,100.0,Calculated,Green,
kpi_001,92.85714285714286,Calculated,Green,
kpi_001,80.0,Calculated,Amber,
kpi_001,100.0,Calculated,Green,
kpi_001,75.0,Calculated,Red,
kpi_001,100.0,Calculated,Green,
kpi_001,100.0,Calculated,Green,
kpi_001,91.66666666666666,Calculated,Green,
kpi_001,100.0,Calculated,Green,
kpi_001,78.57142857142857,Calculated,Red,
kpi_001,100.0,Calculated,Green,
kpi_001,100.0,Calculated,Green,
kpi_001,81.25,Calculated,Amber,
kpi_001,100.0,Calculated,Green,
kpi_001,85.71428571428571,Calculated,Green,
kpi_001,100.0,Calculated,Green,
kpi_001,90.0,Calculated,Green,
kpi_001,76.92307692307693,Calculated,Red,
kpi_001,83.33333333333334,Calculated,Amber,
kpi_001,90.0,Calculated,Green,
kpi_001,84.61538461538461,Calculated,Green,
kpi_001,91.66666666666666,Calculated,Green,
kpi_001,100.0,Calculated,Green,
kpi_001,92.3076923076923,Calculated,Green,
kpi_001,100.0,Calculated,Green,
kpi_001,92.3076923076923,Calculated,Green,
kpi_001,88.88888888888889,Calculated,Green,
kpi_001,81.81818181818183,Calculated,Amber,
kpi_001,81.81818181818183,Calculated,Amber,
kpi_001,100.0,Calculated,Green,
kpi_001,91.66666666666666,Calculated,Green,
kpi_001,88.88888888888889,Calculated,Green,
kpi_001,91.66666666666666,Calculated,Green,
kpi_001,93.33333333333331,Calculated,Green,
kpi_001,92.85714285714286,Calculated,Green,
kpi_001,86.66666666666667,Calculated,Green,
kpi_001,71.42857142857143,Calculated,Red,
kpi_001,100.0,Calculated,Green,
kpi_001,91.66666666666666,Calculated,Green,
kpi_001,100.0,Calculated,Green,
kpi_001,86.66666666666667,Calculated,Green,
kpi_001,83.33333333333334,Calculated,Amber,
kpi_001,92.85714285714286,Calculated,Green,
kpi_001,100.0,Calculated,Green,
kpi_001,100.0,Calculated,Green,
kpi_001,83.33333333333334,Calculated,Amber,
kpi_001,83.33333333333334,Calculated,Amber,
kpi_001,75.0,Calculated,Red,
kpi_001,80.0,Calculated,Amber,
kpi_001,100.0,Calculated,Green,
kpi_001,92.3076923076923,Calculated,Green,
kpi_001,75.0,Calculated,Red,
kpi_001,94.11764705882352,Calculated,Green,
kpi_001,100.0,Calculated,Green,
kpi_001,100.0,Calculated,Green,
kpi_001,85.71428571428571,Calculated,Green,
kpi_001,100.0,Calculated,Green,
kpi_001,90.0,Calculated,Green,
kpi_001,92.3076923076923,Calculated,Green,
kpi_001,90.9090909090909,Calculated,Green,
kpi_001,81.25,Calculated,Amber,
kpi_001,92.3076923076923,Calculated,Green,
kpi_001,84.61538461538461,Calculated,Green,
kpi_001,85.71428571428571,Calculated,Green,
kpi_001,92.85714285714286,Calculated,Green,
kpi_001,100.0,Calculated,Green,
kpi_001,81.81818181818183,Calculated,Amber,
kpi_001,100.0,Calculated,Green,
kpi_001,90.0,Calculated,Green,
kpi_001,90.9090909090909,Calculated,Green,
kpi_001,92.3076923076923,Calculated,Green,
kpi_001,93.33333333333331,Calculated,Green,
kpi_001,84.61538461538461,Calculated,Green,
kpi_001,100.0,Calculated,Green,
kpi_001,84.61538461538461,Calculated,Green,
kpi_001,80.0,Calculated,Amber,
kpi_001,100.0,Calculated,Green,
kpi_001,90.9090909090909,Calculated,Green,
kpi_001,85.71428571428571,Calculated,Green,
kpi_001,77.77777777777779,Calculated,Red,
kpi_001,72.72727272727273,Calculated,Red,
kpi_001,92.3076923076923,Calculated,Green,
kpi_001,73.33333333333333,Calculated,Red,
kpi_001,100.0,Calculated,Green,
kpi_001,71.42857142857143,Calculated,Red,
kpi_001,100.0,Calculated,Green,
kpi_001,77.77777777777779,Calculated,Red,
kpi_001,87.5,Calculated,Green,
kpi_001,91.66666666666666,Calculated,Green,
kpi_001,100.0,Calculated,Green,
kpi_001,100.0,Calculated,Green,
kpi_001,92.3076923076923,Calculated,Green,
kpi_001,71.42857142857143,Calculated,Red,
kpi_001,85.71428571428571,Calculated,Green,
kpi_001,100.0,Calculated,Green,
kpi_001,70.0,Calculated,Red,
kpi_001,83.33333333333334,Calculated,Amber,
kpi_001,75.0,Calculated,Red,
kpi_001,76.92307692307693,Calculated,Red,
kpi_001,91.66666666666666,Calculated,Green,
kpi_001,81.81818181818183,Calculated,Amber,
kpi_001,85.71428571428571,Calculated,Green,
kpi_001,93.33333333333331,Calculated,Green,
kpi_001,83.33333333333334,Calculated,Amber,
kpi_001,75.0,Calculated,Red,
kpi_001,100.0,Calculated,Green,
kpi_001,90.0,Calculated,Green,
kpi_001,100.0,Calculated,Green,
kpi_001,100.0,Calculated,Green,
kpi_001,86.66666666666667,Calculated,Green,
kpi_001,93.75,Calculated,Green,
kpi_001,84.61538461538461,Calculated,Green,
kpi_001,81.25,Calculated,Amber,
kpi_001,100.0,Calculated,Green,
kpi_001,78.57142857142857,Calculated,Red,
kpi_001,91.66666666666666,Calculated,Green,
kpi_001,76.92307692307693,Calculated,Red,
kpi_001,100.0,Calculated,Green,
kpi_001,83.33333333333334,Calculated,Amber,
kpi_001,86.66666666666667,Calculated,Green,
kpi_001,87.5,Calculated,Green,
kpi_001,81.81818181818183,Calculated,Amber,
kpi_001,100.0,Calculated,Green,
kpi_001,75.0,Calculated,Red,
kpi_001,100.0,Calculated,Green,
kpi_001,100.0,Calculated,Green,
kpi_001,90.9090909090909,Calculated,Green,
kpi_001,92.3076923076923,Calculated,Green,
kpi_001,100.0,Calculated,Green,
kpi_001,93.33333333333331,Calculated,Green,
kpi_001,76.92307692307693,Calculated,Red,
kpi_001,78.57142857142857,Calculated,Red,
kpi_001,90.0,Calculated,Green,
kpi_001,81.81818181818183,Calculated,Amber,
kpi_001,81.81818181818183,Calculated,Amber,
kpi_001,83.33333333333334,Calculated,Amber,
kpi_001,92.3076923076923,Calculated,Green,
kpi_001,100.0,Calculated,Green,
kpi_001,92.3076923076923,Calculated,Green,
kpi_001,90.0,Calculated,Green,
kpi_001,85.71428571428571,Calculated,Green,
kpi_001,92.3076923076923,Calculated,Green,
kpi_001,85.71428571428571,Calculated,Green,
kpi_001,90.0,Calculated,Green,
kpi_001,92.85714285714286,Calculated,Green,
kpi_001,91.66666666666666,Calculated,Green,
kpi_001,90.0,Calculated,Green,
kpi_001,80.0,Calculated,Amber,
kpi_001,81.25,Calculated,Amber,
kpi_001,92.85714285714286,Calculated,Green,
kpi_001,93.33333333333331,Calculated,Green,
kpi_001,100.0,Calculated,Green,
kpi_001,92.3076923076923,Calculated,Green,
kpi_001,100.0,Calculated,Green,
kpi_001,90.9090909090909,Calculated,Green,
kpi_001,81.81818181818183,Calculated,Amber,
kpi_001,92.85714285714286,Calculated,Green,
kpi_001,92.3076923076923,Calculated,Green,
kpi_001,100.0,Calculated,Green,
kpi_001,91.66666666666666,Calculated,Green,
kpi_001,80.0,Calculated,Amber,
kpi_001,85.71428571428571,Calculated,Green,
kpi_001,91.66666666666666,Calculated,Green,
kpi_001,84.61538461538461,Calculated,Green,
kpi_001,72.72727272727273,Calculated,Red,
kpi_001,84.61538461538461,Calculated,Green,
kpi_001,100.0,Calculated,Green,
kpi_001,91.66666666666666,Calculated,Green,
kpi_001,100.0,Calculated,Green,
kpi_001,84.61538461538461,Calculated,Green,
kpi_001,90.9090909090909,Calculated,Green,
kpi_001,84.61538461538461,Calculated,Green,
kpi_001,91.66666666666666,Calculated,Green,
kpi_001,100.0,Calculated,Green,
kpi_001,86.66666666666667,Calculated,Green,
kpi_001,92.85714285714286,Calculated,Green,
kpi_001,91.66666666666666,Calculated,Green,
kpi_001,90.9090909090909,Calculated,Green,
kpi_001,100.0,Calculated,Green,
kpi_001,77.77777777777779,Calculated,Red,
kpi_001,83.33333333333334,Calculated,Amber,
kpi_001,87.5,Calculated,Green,
kpi_001,81.81818181818183,Calculated,Amber,
kpi_001,81.81818181818183,Calculated,Amber,
kpi_001,100.0,Calculated,Green,
kpi_001,100.0,Calculated,Green,
kpi_001,100.0,Calculated,Green,
kpi_001,83.33333333333334,Calculated,Amber,
kpi_001,100.0,Calculated,Green,
kpi_001,77.77777777777779,Calculated,Red,
kpi_001,90.9090909090909,Calculated,Green,
kpi_001,91.66666666666666,Calculated,Green,
kpi_001,100.0,Calculated,Green,
kpi_001,100.0,Calculated,Green,
kpi_001,91.66666666666666,Calculated,Green,
kpi_001,90.0,Calculated,Green,
kpi_001,91.66666666666666,Calculated,Green,
kpi_001,90.9090909090909,Calculated,Green,
kpi_001,100.0,Calculated,Green,
kpi_001,84.61538461538461,Calculated,Green,
kpi_001,83.33333333333334,Calculated,Amber,
kpi_001,92.85714285714286,Calculated,Green,
kpi_001,100.0,Calculated,Green,
kpi_001,77.77777777777779,Calculated,Red,
kpi_001,69.23076923076923,Calculated,Red,
kpi_001,100.0,Calculated,Green,
kpi_001,80.0,Calculated,Amber,
kpi_001,100.0,Calculated,Green,
kpi_001,100.0,Calculated,Green,
kpi_001,100.0,Calculated,Green,
kpi_001,92.85714285714286,Calculated,Green,
kpi_001,100.0,Calculated,Green,
kpi_001,81.81818181818183,Calculated,Amber,
kpi_001,93.33333333333331,Calculated,Green,
kpi_001,80.0,Calculated,Amber,
kpi_001,90.0,Calculated,Green,
kpi_001,100.0,Calculated,Green,
kpi_001,84.61538461538461,Calculated,Green,
kpi_001,92.3076923076923,Calculated,Green,
kpi_001,84.61538461538461,Calculated,Green,
kpi_001,77.77777777777779,Calculated,Red,
kpi_001,93.75,Calculated,Green,
kpi_001,100.0,Calculated,Green,
kpi_001,77.77777777777779,Calculated,Red,
kpi_001,92.85714285714286,Calculated,Green,
kpi_001,100.0,Calculated,Green,
kpi_001,92.85714285714286,Calculated,Green,
kpi_001,100.0,Calculated,Green,
kpi_001,90.0,Calculated,Green,
kpi_001,100.0,Calculated,Green,
kpi_001,91.66666666666666,Calculated,Green,
kpi_001,100.0,Calculated,Green,
kpi_001,91.66666666666666,Calculated,Green,
kpi_001,92.3076923076923,Calculated,Green,
kpi_001,100.0,Calculated,Green,
kpi_001,100.0,Calculated,Green,
kpi_001,85.71428571428571,Calculated,Green,
kpi_001,81.81818181818183,Calculated,Amber,
kpi_001,90.0,Calculated,Green,
kpi_001,90.9090909090909,Calculated,Green,
kpi_001,93.33333333333331,Calculated,Green,
kpi_001,91.66666666666666,Calculated,Green,
kpi_001,92.3076923076923,Calculated,Green,
kpi_001,100.0,Calculated,Green,
kpi_001,100.0,Calculated,Green,
kpi_001,100.0,Calculated,Green,
kpi_001,69.23076923076923,Calculated,Red,
kpi_001,83.33333333333334,Calculated,Amber,
kpi_001,100.0,Calculated,Green,
kpi_001,100.0,Calculated,Green,
kpi_001,83.33333333333334,Calculated,Amber,
kpi_001,85.71428571428571,Calculated,Green,
kpi_001,100.0,Calculated,Green,
kpi_001,100.0,Calculated,Green,
kpi_001,90.9090909090909,Calculated,Green,
kpi_001,100.0,Calculated,Green,
kpi_001,84.61538461538461,Calculated,Green,
kpi_001,100.0,Calculated,Green,
kpi_001,100.0,Calculated,Green,
kpi_001,100.0,Calculated,Green,
kpi_001,100.0,Calculated,Green,
kpi_001,100.0,Calculated,Green,
kpi_001,100.0,Calculated,Green,
kpi_001,83.33333333333334,Calculated,Amber,
kpi_001,91.66666666666666,Calculated,Green,
kpi_001,86.66666666666667,Calculated,Green,
kpi_001,90.9090909090909,Calculated,Green,
kpi_001,84.61538461538461,Calculated,Green,
kpi_001,93.33333333333331,Calculated,Green,
kpi_001,77.77777777777779,Calculated,Red,
kpi_001,81.81818181818183,Calculated,Amber,
kpi_001,100.0,Calculated,Green,
kpi_001,100.0,Calculated,Green,
kpi_001,81.81818181818183,Calculated,Amber,
kpi_001,100.0,Calculated,Green,
kpi_001,100.0,Calculated,Green,
kpi_001,91.66666666666666,Calculated,Green,
kpi_001,100.0,Calculated,Green,
kpi_001,92.3076923076923,Calculated,Green,
kpi_001,100.0,Calculated,Green,
kpi_001,92.3076923076923,Calculated,Green,
kpi_001,100.0,Calculated,Green,
kpi_001,91.66666666666666,Calculated,Green,
kpi_001,100.0,Calculated,Green,
kpi_001,92.3076923076923,Calculated,Green,
kpi_001,91.66666666666666,Calculated,Green,
kpi_001,100.0,Calculated,Green,
kpi_001,100.0,Calculated,Green,
kpi_001,100.0,Calculated,Green,
kpi_001,100.0,Calculated,Green,
kpi_001,100.0,Calculated,Green,
kpi_001,80.0,Calculated,Amber,
kpi_001,100.0,Calculated,Green,
kpi_001,88.88888888888889,Calculated,Green,
kpi_001,100.0,Calculated,Green,
kpi_001,92.3076923076923,Calculated,Green,
kpi_001,80.0,Calculated,Amber,
kpi_001,91.66666666666666,Calculated,Green,
kpi_001,83.33333333333334,Calculated,Amber,
kpi_001,100.0,Calculated,Green,
kpi_001,100.0,Calculated,Green,
kpi_001,100.0,Calculated,Green,
kpi_001,80.0,Calculated,Amber,
kpi_001,90.0,Calculated,Green,
kpi_001,90.9090909090909,Calculated,Green,
kpi_001,100.0,Calculated,Green,
kpi_001,87.5,Calculated,Green,
kpi_001,100.0,Calculated,Green,
kpi_001,87.5,Calculated,Green,
kpi_001,100.0,Calculated,Green,
kpi_001,90.9090909090909,Calculated,Green,
kpi_001,81.81818181818183,Calculated,Amber,
kpi_001,88.88888888888889,Calculated,Green,
kpi_001,90.9090909090909,Calculated,Green,
kpi_001,100.0,Calculated,Green,
kpi_001,84.61538461538461,Calculated,Green,
kpi_001,90.9090909090909,Calculated,Green,
kpi_001,88.88888888888889,Calculated,Green,
kpi_001,100.0,Calculated,Green,
kpi_001,100.0,Calculated,Green,
kpi_001,100.0,Calculated,Green,
kpi_001,90.9090909090909,Calculated,Green,
kpi_001,100.0,Calculated,Green,
kpi_001,84.61538461538461,Calculated,Green,
kpi_001,92.85714285714286,Calculated,Green,
kpi_001,100.0,Calculated,Green,
kpi_001,100.0,Calculated,Green,
kpi_001,91.66666666666666,Calculated,Green,
kpi_001,81.81818181818183,Calculated,Amber,
kpi_001,91.66666666666666,Calculated,Green,
kpi_001,83.33333333333334,Calculated,Amber,
kpi_001,75.0,Calculated,Red,
kpi_001,100.0,Calculated,Green,
kpi_001,90.9090909090909,Calculated,Green,
kpi_001,84.61538461538461,Calculated,Green,
kpi_001,70.0,Calculated,Red,
kpi_001,100.0,Calculated,Green,
kpi_001,90.0,Calculated,Green,
kpi_001,91.66666666666666,Calculated,Green,
kpi_001,91.66666666666666,Calculated,Green,
kpi_001,100.0,Calculated,Green,
kpi_001,83.33333333333334,Calculated,Amber,
kpi_001,75.0,Calculated,Red,
kpi_001,100.0,Calculated,Green,
kpi_001,84.61538461538461,Calculated,Green,
kpi_001,85.71428571428571,Calculated,Green,
kpi_001,100.0,Calculated,Green,
kpi_001,100.0,Calculated,Green,
kpi_001,100.0,Calculated,Green,
kpi_001,55.55555555555556,Calculated,Red,
kpi_001,100.0,Calculated,Green,
kpi_001,100.0,Calculated,Green,
kpi_001,100.0,Calculated,Green,
kpi_001,100.0,Calculated,Green,
kpi_001,85.71428571428571,Calculated,Green,
kpi_001,100.0,Calculated,Green,
kpi_001,100.0,Calculated,Green,
kpi_001,100.0,Calculated,Green,
kpi_001,83.33333333333334,Calculated,Amber,
kpi_001,100.0,Calculated,Green,
kpi_001,100.0,Calculated,Green,
kpi_001,91.66666666666666,Calculated,Green,
kpi_001,72.72727272727273,Calculated,Red,
kpi_001,77.77777777777779,Calculated,Red,
kpi_001,100.0,Calculated,Green,
kpi_001,100.0,Calculated,Green,
kpi_001,93.33333333333331,Calculated,Green,
kpi_001,91.66666666666666,Calculated,Green,
kpi_001,100.0,Calculated,Green,
kpi_001,92.3076923076923,Calculated,Green,
kpi_001,100.0,Calculated,Green,
kpi_001,100.0,Calculated,Green,
kpi_001,66.66666666666666,Calculated,Red,
kpi_001,90.0,Calculated,Green,
kpi_001,100.0,Calculated,Green,
kpi_001,100.0,Calculated,Green,
kpi_001,83.33333333333334,Calculated,Amber,
kpi_001,90.0,Calculated,Green,
kpi_001,100.0,Calculated,Green,
kpi_001,87.5,Calculated,Green,
kpi_001,100.0,Calculated,Green,
kpi_001,87.5,Calculated,Green,
kpi_001,90.0,Calculated,Green,
kpi_001,90.0,Calculated,Green,
kpi_001,100.0,Calculated,Green,
kpi_001,90.9090909090909,Calculated,Green,
kpi_001,92.3076923076923,Calculated,Green,
kpi_001,100.0,Calculated,Green,
kpi_001,100.0,Calculated,Green,
kpi_001,90.9090909090909,Calculated,Green,
kpi_001,81.81818181818183,Calculated,Amber,
kpi_001,100.0,Calculated,Green,
kpi_001,90.0,Calculated,Green,
kpi_001,85.71428571428571,Calculated,Green,
kpi_001,100.0,Calculated,Green,
kpi_001,83.33333333333334,Calculated,Amber,
kpi_001,90.9090909090909,Calculated,Green,
kpi_001,91.66666666666666,Calculated,Green,
kpi_001,92.3076923076923,Calculated,Green,
kpi_001,100.0,Calculated,Green,
kpi_001,85.71428571428571,Calculated,Green,
kpi_001,90.0,Calculated,Green,
kpi_001,81.81818181818183,Calculated,Amber,
kpi_001,92.85714285714286,Calculated,Green,
kpi_001,90.9090909090909,Calculated,Green,
kpi_001,91.66666666666666,Calculated,Green,
kpi_001,100.0,Calculated,Green,
kpi_001,90.0,Calculated,Green,
kpi_001,81.81818181818183,Calculated,Amber,
kpi_001,100.0,Calculated,Green,
kpi_001,100.0,Calculated,Green,
kpi_001,100.0,Calculated,Green,
kpi_001,77.77777777777779,Calculated,Red,
kpi_001,90.0,Calculated,Green,
kpi_001,91.66666666666666,Calculated,Green,
kpi_001,83.33333333333334,Calculated,Amber,
kpi_001,87.5,Calculated,Green,
kpi_001,80.0,Calculated,Amber,
kpi_001,100.0,Calculated,Green,
kpi_001,100.0,Calculated,Green,
kpi_001,73.33333333333333,Calculated,Red,
kpi_001,100.0,Calculated,Green,
kpi_001,71.42857142857143,Calculated,Red,
kpi_001,90.0,Calculated,Green,
kpi_001,80.0,Calculated,Amber,
kpi_001,90.0,Calculated,Green,
kpi_001,87.5,Calculated,Green,
kpi_001,92.3076923076923,Calculated,Green,
kpi_001,77.77777777777779,Calculated,Red,
kpi_001,76.92307692307693,Calculated,Red,
kpi_001,90.0,Calculated,Green,
kpi_001,100.0,Calculated,Green,
kpi_001,100.0,Calculated,Green,
kpi_001,100.0,Calculated,Green,
kpi_001,91.66666666666666,Calculated,Green,
kpi_001,76.92307692307693,Calculated,Red,
kpi_001,77.77777777777779,Calculated,Red,
kpi_001,81.81818181818183,Calculated,Amber,
kpi_001,83.33333333333334,Calculated,Amber,
kpi_001,100.0,Calculated,Green,
kpi_001,80.0,Calculated,Amber,
kpi_001,90.9090909090909,Calculated,Green,
kpi_001,100.0,Calculated,Green,
kpi_001,90.0,Calculated,Green,
kpi_001,90.9090909090909,Calculated,Green,
kpi_001,90.9090909090909,Calculated,Green,
kpi_001,66.66666666666666,Calculated,Red,
kpi_001,88.88888888888889,Calculated,Green,
kpi_001,92.3076923076923,Calculated,Green,
kpi_001,100.0,Calculated,Green,
kpi_001,91.66666666666666,Calculated,Green,
kpi_001,87.5,Calculated,Green,
kpi_001,77.77777777777779,Calculated,Red,
kpi_001,91.66666666666666,Calculated,Green,
kpi_001,76.92307692307693,Calculated,Red,
kpi_001,81.81818181818183,Calculated,Amber,
kpi_001,77.77777777777779,Calculated,Red,
kpi_001,100.0,Calculated,Green,
kpi_001,91.66666666666666,Calculated,Green,
kpi_001,90.9090909090909,Calculated,Green,
kpi_001,90.0,Calculated,Green,
kpi_001,70.0,Calculated,Red,
kpi_001,80.0,Calculated,Amber,
kpi_001,83.33333333333334,Calculated,Amber,
kpi_001,81.81818181818183,Calculated,Amber,
kpi_001,100.0,Calculated,Green,
kpi_001,80.0,Calculated,Amber,
kpi_001,100.0,Calculated,Green,
kpi_001,90.9090909090909,Calculated,Green,
kpi_001,81.81818181818183,Calculated,Amber,
kpi_001,91.66666666666666,Calculated,Green,
kpi_001,92.3076923076923,Calculated,Green,
kpi_001,100.0,Calculated,Green,
kpi_001,77.77777777777779,Calculated,Red,
kpi_001,88.88888888888889,Calculated,Green,
kpi_001,81.81818181818183,Calculated,Amber,
kpi_001,80.0,Calculated,Amber,
kpi_001,90.0,Calculated,Green,
kpi_001,77.77777777777779,Calculated,Red,
kpi_001,90.9090909090909,Calculated,Green,
kpi_001,85.71428571428571,Calculated,Green,
kpi_001,91.66666666666666,Calculated,Green,
kpi_001,88.88888888888889,Calculated,Green,
kpi_001,100.0,Calculated,Green,
kpi_001,91.66666666666666,Calculated,Green,
kpi_001,72.72727272727273,Calculated,Red,
kpi_001,100.0,Calculated,Green,
kpi_001,93.33333333333331,Calculated,Green,
kpi_001,100.0,Calculated,Green,
kpi_001,100.0,Calculated,Green,
kpi_001,100.0,Calculated,Green,
kpi_001,88.88888888888889,Calculated,Green,
kpi_001,100.0,Calculated,Green,
kpi_001,100.0,Calculated,Green,
kpi_001,85.71428571428571,Calculated,Green,
kpi_001,93.33333333333331,Calculated,Green,
kpi_001,100.0,Calculated,Green,
kpi_001,90.9090909090909,Calculated,Green,
kpi_001,81.81818181818183,Calculated,Amber,
kpi_001,91.66666666666666,Calculated,Green,
kpi_001,100.0,Calculated,Green,
kpi_001,92.85714285714286,Calculated,Green,
kpi_001,100.0,Calculated,Green,
kpi_001,90.9090909090909,Calculated,Green,
kpi_001,100.0,Calculated,Green,
kpi_001,75.0,Calculated,Red,
kpi_001,92.85714285714286,Calculated,Green,
kpi_001,88.88888888888889,Calculated,Green,
kpi_001,100.0,Calculated,Green,
kpi_001,85.71428571428571,Calculated,Green,
kpi_001,100.0,Calculated,Green,
kpi_001,100.0,Calculated,Green,
kpi_001,87.5,Calculated,Green,
kpi_001,90.0,Calculated,Green,
kpi_001,91.66666666666666,Calculated,Green,
kpi_001,84.61538461538461,Calculated,Green,
kpi_001,100.0,Calculated,Green,
kpi_001,76.92307692307693,Calculated,Red,
kpi_001,100.0,Calculated,Green,
kpi_001,85.71428571428571,Calculated,Green,
kpi_001,100.0,Calculated,Green,
kpi_001,90.0,Calculated,Green,
kpi_001,80.0,Calculated,Amber,
kpi_001,88.88888888888889,Calculated,Green,
kpi_001,90.9090909090909,Calculated,Green,
kpi_001,100.0,Calculated,Green,
kpi_001,91.66666666666666,Calculated,Green,
kpi_001,100.0,Calculated,Green,
kpi_001,90.9090909090909,Calculated,Green,
kpi_001,90.0,Calculated,Green,
kpi_001,80.0,Calculated,Amber,
kpi_001,100.0,Calculated,Green,
kpi_001,75.0,Calculated,Red,
kpi_001,81.81818181818183,Calculated,Amber,
kpi_001,87.5,Calculated,Green,
kpi_001,75.0,Calculated,Red,
kpi_001,100.0,Calculated,Green,
kpi_001,87.5,Calculated,Green,
kpi_001,100.0,Calculated,Green,
kpi_001,100.0,Calculated,Green,
kpi_001,92.3076923076923,Calculated,Green,
kpi_001,100.0,Calculated,Green,
kpi_001,100.0,Calculated,Green,
kpi_001,75.0,Calculated,Red,
kpi_001,80.0,Calculated,Amber,
kpi_001,88.88888888888889,Calculated,Green,
kpi_001,90.0,Calculated,Green,
kpi_001,100.0,Calculated,Green,
kpi_001,88.88888888888889,Calculated,Green,
kpi_001,100.0,Calculated,Green,
kpi_001,70.0,Calculated,Red,
kpi_001,70.0,Calculated,Red,
kpi_001,100.0,Calculated,Green,
kpi_001,88.88888888888889,Calculated,Green,
kpi_001,80.0,Calculated,Amber,
kpi_001,85.71428571428571,Calculated,Green,
kpi_001,90.9090909090909,Calculated,Green,
kpi_001,90.9090909090909,Calculated,Green,
kpi_001,87.5,Calculated,Green,
kpi_001,92.3076923076923,Calculated,Green,
kpi_001,81.81818181818183,Calculated,Amber,
kpi_001,100.0,Calculated,Green,
kpi_001,66.66666666666666,Calculated,Red,
kpi_001,92.3076923076923,Calculated,Green,
kpi_001,78.57142857142857,Calculated,Red,
kpi_001,91.66666666666666,Calculated,Green,
kpi_001,90.0,Calculated,Green,
kpi_001,100.0,Calculated,Green,
kpi_001,90.9090909090909,Calculated,Green,
kpi_001,87.5,Calculated,Green,
kpi_001,77.77777777777779,Calculated,Red,
kpi_001,88.88888888888889,Calculated,Green,
kpi_001,87.5,Calculated,Green,
kpi_001,91.66666666666666,Calculated,Green,
kpi_001,90.0,Calculated,Green,
kpi_001,91.66666666666666,Calculated,Green,
kpi_001,62.5,Calculated,Red,
kpi_001,90.0,Calculated,Green,
kpi_001,91.66666666666666,Calculated,Green,
kpi_001,88.88888888888889,Calculated,Green,
kpi_001,100.0,Calculated,Green,
kpi_001,88.88888888888889,Calculated,Green,
kpi_001,88.88888888888889,Calculated,Green,
kpi_001,100.0,Calculated,Green,
kpi_001,90.9090909090909,Calculated,Green,
kpi_001,100.0,Calculated,Green,
kpi_001,76.92307692307693,Calculated,Red,
kpi_001,92.3076923076923,Calculated,Green,
kpi_001,90.0,Calculated,Green,
kpi_001,83.33333333333334,Calculated,Amber,
kpi_001,83.33333333333334,Calculated,Amber,
kpi_001,100.0,Calculated,Green,
kpi_001,92.85714285714286,Calculated,Green,
kpi_001,81.81818181818183,Calculated,Amber,
kpi_001,81.81818181818183,Calculated,Amber,
kpi_001,91.66666666666666,Calculated,Green,
kpi_001,100.0,Calculated,Green,
kpi_001,86.66666666666667,Calculated,Green,
kpi_001,100.0,Calculated,Green,
kpi_001,75.0,Calculated,Red,
kpi_001,100.0,Calculated,Green,
kpi_001,100.0,Calculated,Green,
kpi_001,71.42857142857143,Calculated,Red,
kpi_001,84.61538461538461,Calculated,Green,
kpi_001,75.0,Calculated,Red,
kpi_001,87.5,Calculated,Green,
kpi_001,100.0,Calculated,Green,
kpi_001,100.0,Calculated,Green,
kpi_001,66.66666666666666,Calculated,Red,
kpi_001,92.85714285714286,Calculated,Green,
kpi_001,83.33333333333334,Calculated,Amber,
kpi_001,90.0,Calculated,Green,
kpi_001,100.0,Calculated,Green,
kpi_001,100.0,Calculated,Green,
kpi_001,100.0,Calculated,Green,
kpi_001,85.71428571428571,Calculated,Green,
kpi_001,91.66666666666666,Calculated,Green,
kpi_001,87.5,Calculated,Green,
kpi_001,100.0,Calculated,Green,
kpi_001,90.9090909090909,Calculated,Green,
kpi_001,100.0,Calculated,Green,
kpi_001,100.0,Calculated,Green,
kpi_001,81.81818181818183,Calculated,Amber,
kpi_001,100.0,Calculated,Green,
kpi_001,92.85714285714286,Calculated,Green,
kpi_001,63.63636363636363,Calculated,Red,
kpi_001,100.0,Calculated,Green,
kpi_001,88.88888888888889,Calculated,Green,
kpi_001,100.0,Calculated,Green,
kpi_001,80.0,Calculated,Amber,
kpi_001,91.66666666666666,Calculated,Green,
kpi_001,100.0,Calculated,Green,
kpi_001,90.9090909090909,Calculated,Green,
kpi_001,90.0,Calculated,Green,
kpi_001,88.88888888888889,Calculated,Green,
kpi_001,84.61538461538461,Calculated,Green,
kpi_001,100.0,Calculated,Green,
kpi_002,8.0,Calculated,Green,
kpi_002,0.0,Calculated,Green,
kpi_002,4.761904761904762,Calculated,Green,
kpi_002,0.0,Calculated,Green,
kpi_002,0.0,Calculated,Green,
kpi_002,10.0,Calculated,Green,
kpi_002,6.666666666666667,Calculated,Green,
kpi_002,5.555555555555555,Calculated,Green,
kpi_002,4.545454545454546,Calculated,Green,
kpi_002,4.761904761904762,Calculated,Green,
kpi_002,5.88235294117647,Calculated,Green,
kpi_002,0.0,Calculated,Green,
kpi_002,8.0,Calculated,Green,
kpi_002,0.0,Calculated,Green,
kpi_002,11.11111111111111,Calculated,Green,
kpi_002,13.333333333333334,Calculated,Green,
kpi_002,0.0,Calculated,Green,
kpi_002,5.0,Calculated,Green,
kpi_002,5.555555555555555,Calculated,Green,
kpi_002,15.0,Calculated,Green,
kpi_002,5.88235294117647,Calculated,Green,
kpi_002,0.0,Calculated,Green,
kpi_002,0.0,Calculated,Green,
kpi_002,0.0,Calculated,Green,
kpi_002,0.0,Calculated,Green,
kpi_002,5.0,Calculated,Green,
kpi_002,4.3478260869565215,Calculated,Green,
kpi_002,11.76470588235294,Calculated,Green,
kpi_002,0.0,Calculated,Green,
kpi_002,11.11111111111111,Calculated,Green,
kpi_002,10.526315789473683,Calculated,Green,
kpi_002,5.555555555555555,Calculated,Green,
kpi_002,23.809523809523807,Calculated,Red,
kpi_002,0.0,Calculated,Green,
kpi_002,0.0,Calculated,Green,
kpi_002,0.0,Calculated,Green,
kpi_002,27.27272727272727,Calculated,Red,
kpi_002,4.545454545454546,Calculated,Green,
kpi_002,0.0,Calculated,Green,
kpi_002,16.666666666666664,Calculated,Amber,
kpi_002,9.523809523809524,Calculated,Green,
kpi_002,0.0,Calculated,Green,
kpi_002,5.88235294117647,Calculated,Green,
kpi_002,5.88235294117647,Calculated,Green,
kpi_002,12.5,Calculated,Green,
kpi_002,10.526315789473683,Calculated,Green,
kpi_002,4.761904761904762,Calculated,Green,
kpi_002,5.0,Calculated,Green,
kpi_002,4.3478260869565215,Calculated,Green,
kpi_002,9.090909090909092,Calculated,Green,
kpi_002,0.0,Calculated,Green,
kpi_002,15.789473684210526,Calculated,Amber,
kpi_002,8.333333333333332,Calculated,Green,
kpi_002,9.523809523809524,Calculated,Green,
kpi_002,8.695652173913043,Calculated,Green,
kpi_002,4.761904761904762,Calculated,Green,
kpi_002,13.636363636363637,Calculated,Green,
kpi_002,0.0,Calculated,Green,
kpi_002,17.647058823529413,Calculated,Amber,
kpi_002,11.76470588235294,Calculated,Green,
kpi_002,0.0,Calculated,Green,
kpi_002,4.545454545454546,Calculated,Green,
kpi_002,0.0,Calculated,Green,
kpi_002,8.695652173913043,Calculated,Green,
kpi_002,4.3478260869565215,Calculated,Green,
kpi_002,6.25,Calculated,Green,
kpi_002,14.285714285714285,Calculated,Green,
kpi_002,0.0,Calculated,Green,
kpi_002,0.0,Calculated,Green,
kpi_002,4.545454545454546,Calculated,Green,
kpi_002,13.636363636363637,Calculated,Green,
kpi_002,9.090909090909092,Calculated,Green,
kpi_002,16.666666666666664,Calculated,Amber,
kpi_002,9.523809523809524,Calculated,Green,
kpi_002,0.0,Calculated,Green,
kpi_002,10.526315789473683,Calculated,Green,
kpi_002,0.0,Calculated,Green,
kpi_002,0.0,Calculated,Green,
kpi_002,4.761904761904762,Calculated,Green,
kpi_002,5.263157894736842,Calculated,Green,
kpi_002,15.789473684210526,Calculated,Amber,
kpi_002,0.0,Calculated,Green,
kpi_002,0.0,Calculated,Green,
kpi_002,5.263157894736842,Calculated,Green,
kpi_002,5.555555555555555,Calculated,Green,
kpi_002,14.285714285714285,Calculated,Green,
kpi_002,16.666666666666664,Calculated,Amber,
kpi_002,11.11111111111111,Calculated,Green,
kpi_002,23.52941176470588,Calculated,Red,
kpi_002,0.0,Calculated,Green,
kpi_002,18.75,Calculated,Amber,
kpi_002,13.636363636363637,Calculated,Green,
kpi_002,23.52941176470588,Calculated,Red,
kpi_002,10.526315789473683,Calculated,Green,
kpi_002,9.090909090909092,Calculated,Green,
kpi_002,5.263157894736842,Calculated,Green,
kpi_002,13.333333333333334,Calculated,Green,
kpi_002,5.0,Calculated,Green,
kpi_002,21.052631578947366,Calculated,Red,
kpi_002,16.666666666666664,Calculated,Amber,
kpi_002,18.181818181818183,Calculated,Amber,
kpi_002,16.666666666666664,Calculated,Amber,
kpi_002,13.333333333333334,Calculated,Green,
kpi_002,15.789473684210526,Calculated,Amber,
kpi_002,11.11111111111111,Calculated,Green,
kpi_002,5.88235294117647,Calculated,Green,
kpi_002,8.333333333333332,Calculated,Green,
kpi_002,5.263157894736842,Calculated,Green,
kpi_002,11.11111111111111,Calculated,Green,
kpi_002,14.285714285714285,Calculated,Green,
kpi_002,5.263157894736842,Calculated,Green,
kpi_002,6.25,Calculated,Green,
kpi_002,12.5,Calculated,Green,
kpi_002,5.0,Calculated,Green,
kpi_002,6.25,Calculated,Green,
kpi_002,5.263157894736842,Calculated,Green,
kpi_002,5.263157894736842,Calculated,Green,
kpi_002,8.695652173913043,Calculated,Green,
kpi_002,6.25,Calculated,Green,
kpi_002,14.285714285714285,Calculated,Green,
kpi_002,9.523809523809524,Calculated,Green,
kpi_002,13.043478260869565,Calculated,Green,
kpi_002,5.555555555555555,Calculated,Green,
kpi_002,0.0,Calculated,Green,
kpi_002,5.88235294117647,Calculated,Green,
kpi_002,18.75,Calculated,Amber,
kpi_002,5.0,Calculated,Green,
kpi_002,10.526315789473683,Calculated,Green,
kpi_002,8.333333333333332,Calculated,Green,
kpi_002,4.761904761904762,Calculated,Green,
kpi_002,9.523809523809524,Calculated,Green,
kpi_002,5.263157894736842,Calculated,Green,
kpi_002,11.76470588235294,Calculated,Green,
kpi_002,13.043478260869565,Calculated,Green,
kpi_002,17.391304347826086,Calculated,Amber,
kpi_002,5.88235294117647,Calculated,Green,
kpi_002,5.263157894736842,Calculated,Green,
kpi_002,5.0,Calculated,Green,
kpi_002,11.76470588235294,Calculated,Green,
kpi_002,13.636363636363637,Calculated,Green,
kpi_002,22.22222222222222,Calculated,Red,
kpi_002,0.0,Calculated,Green,
kpi_002,14.285714285714285,Calculated,Green,
kpi_002,16.666666666666664,Calculated,Amber,
kpi_002,19.047619047619047,Calculated,Red,
kpi_002,5.555555555555555,Calculated,Green,
kpi_002,6.25,Calculated,Green,
kpi_002,0.0,Calculated,Green,
kpi_002,15.789473684210526,Calculated,Amber,
kpi_002,4.761904761904762,Calculated,Green,
kpi_002,0.0,Calculated,Green,
kpi_002,14.285714285714285,Calculated,Green,
kpi_002,11.11111111111111,Calculated,Green,
kpi_002,13.043478260869565,Calculated,Green,
kpi_002,13.636363636363637,Calculated,Green,
kpi_002,10.0,Calculated,Green,
kpi_002,10.526315789473683,Calculated,Green,
kpi_002,20.0,Calculated,Red,
kpi_002,25.0,Calculated,Red,
kpi_002,9.523809523809524,Calculated,Green,
kpi_002,9.090909090909092,Calculated,Green,
kpi_002,23.809523809523807,Calculated,Red,
kpi_002,12.5,Calculated,Green,
kpi_002,10.526315789473683,Calculated,Green,
kpi_002,15.0,Calculated,Green,
kpi_002,5.263157894736842,Calculated,Green,
kpi_002,8.695652173913043,Calculated,Green,
kpi_002,5.555555555555555,Calculated,Green,
kpi_002,16.666666666666664,Calculated,Amber,
kpi_002,4.761904761904762,Calculated,Green,
kpi_002,21.052631578947366,Calculated,Red,
kpi_002,0.0,Calculated,Green,
kpi_002,5.555555555555555,Calculated,Green,
kpi_002,13.043478260869565,Calculated,Green,
kpi_002,24.0,Calculated,Red,
kpi_002,5.263157894736842,Calculated,Green,
kpi_002,12.5,Calculated,Green,
kpi_002,13.636363636363637,Calculated,Green,
kpi_002,0.0,Calculated,Green,
kpi_002,11.76470588235294,Calculated,Green,
kpi_002,0.0,Calculated,Green,
kpi_002,15.789473684210526,Calculated,Amber,
kpi_002,16.666666666666664,Calculated,Amber,
kpi_002,23.52941176470588,Calculated,Red,
kpi_002,11.76470588235294,Calculated,Green,
kpi_002,5.88235294117647,Calculated,Green,
kpi_002,11.11111111111111,Calculated,Green,
kpi_002,10.526315789473683,Calculated,Green,
kpi_002,18.181818181818183,Calculated,Amber,
kpi_002,5.263157894736842,Calculated,Green,
kpi_002,19.047619047619047,Calculated,Red,
kpi_002,9.523809523809524,Calculated,Green,
kpi_002,9.523809523809524,Calculated,Green,
kpi_002,12.5,Calculated,Green,
kpi_002,4.761904761904762,Calculated,Green,
kpi_002,23.809523809523807,Calculated,Red,
kpi_002,23.52941176470588,Calculated,Red,
kpi_002,5.0,Calculated,Green,
kpi_002,11.76470588235294,Calculated,Green,
kpi_002,17.647058823529413,Calculated,Amber,
kpi_002,5.88235294117647,Calculated,Green,
kpi_002,29.411764705882355,Calculated,Red,
kpi_002,4.166666666666666,Calculated,Green,
kpi_002,5.555555555555555,Calculated,Green,
kpi_002,5.263157894736842,Calculated,Green,
kpi_002,0.0,Calculated,Green,
kpi_002,27.77777777777778,Calculated,Red,
kpi_002,6.666666666666667,Calculated,Green,
kpi_002,13.043478260869565,Calculated,Green,
kpi_002,16.666666666666664,Calculated,Amber,
kpi_002,11.11111111111111,Calculated,Green,
kpi_002,5.555555555555555,Calculated,Green,
kpi_002,9.090909090909092,Calculated,Green,
kpi_002,4.3478260869565215,Calculated,Green,
kpi_002,4.166666666666666,Calculated,Green,
kpi_002,5.88235294117647,Calculated,Green,
kpi_002,5.88235294117647,Calculated,Green,
kpi_002,4.3478260869565215,Calculated,Green,
kpi_002,6.666666666666667,Calculated,Green,
kpi_002,11.11111111111111,Calculated,Green,
kpi_002,8.695652173913043,Calculated,Green,
kpi_002,5.263157894736842,Calculated,Green,
kpi_002,4.545454545454546,Calculated,Green,
kpi_002,5.0,Calculated,Green,
kpi_002,10.526315789473683,Calculated,Green,
kpi_002,21.052631578947366,Calculated,Red,
kpi_002,5.0,Calculated,Green,
kpi_002,5.555555555555555,Calculated,Green,
kpi_002,4.3478260869565215,Calculated,Green,
kpi_002,0.0,Calculated,Green,
kpi_002,0.0,Calculated,Green,
kpi_002,4.761904761904762,Calculated,Green,
kpi_002,10.0,Calculated,Green,
kpi_002,17.391304347826086,Calculated,Amber,
kpi_002,15.0,Calculated,Green,
kpi_002,11.11111111111111,Calculated,Green,
kpi_002,5.0,Calculated,Green,
kpi_002,8.695652173913043,Calculated,Green,
kpi_002,0.0,Calculated,Green,
kpi_002,0.0,Calculated,Green,
kpi_002,0.0,Calculated,Green,
kpi_002,0.0,Calculated,Green,
kpi_002,6.25,Calculated,Green,
kpi_002,5.0,Calculated,Green,
kpi_002,15.789473684210526,Calculated,Amber,
kpi_002,4.761904761904762,Calculated,Green,
kpi_002,10.526315789473683,Calculated,Green,
kpi_002,9.090909090909092,Calculated,Green,
kpi_002,5.263157894736842,Calculated,Green,
kpi_002,17.647058823529413,Calculated,Amber,
kpi_002,0.0,Calculated,Green,
kpi_002,0.0,Calculated,Green,
kpi_002,18.75,Calculated,Amber,
kpi_002,12.5,Calculated,Green,
kpi_002,6.25,Calculated,Green,
kpi_002,9.523809523809524,Calculated,Green,
kpi_002,4.761904761904762,Calculated,Green,
kpi_002,0.0,Calculated,Green,
kpi_002,11.11111111111111,Calculated,Green,
kpi_002,4.761904761904762,Calculated,Green,
kpi_002,15.0,Calculated,Green,
kpi_002,13.333333333333334,Calculated,Green,
kpi_002,5.0,Calculated,Green,
kpi_002,12.5,Calculated,Green,
kpi_002,0.0,Calculated,Green,
kpi_002,0.0,Calculated,Green,
kpi_002,9.523809523809524,Calculated,Green,
kpi_002,20.0,Calculated,Red,
kpi_002,0.0,Calculated,Green,
kpi_002,5.555555555555555,Calculated,Green,
kpi_002,5.555555555555555,Calculated,Green,
kpi_002,0.0,Calculated,Green,
kpi_002,0.0,Calculated,Green,
kpi_002,6.25,Calculated,Green,
kpi_002,14.285714285714285,Calculated,Green,
kpi_002,5.0,Calculated,Green,
kpi_002,11.11111111111111,Calculated,Green,
kpi_002,0.0,Calculated,Green,
kpi_002,14.285714285714285,Calculated,Green,
kpi_002,20.0,Calculated,Red,
kpi_002,13.043478260869565,Calculated,Green,
kpi_002,11.76470588235294,Calculated,Green,
kpi_002,10.0,Calculated,Green,
kpi_002,4.761904761904762,Calculated,Green,
kpi_002,14.285714285714285,Calculated,Green,
kpi_002,5.0,Calculated,Green,
kpi_002,13.043478260869565,Calculated,Green,
kpi_002,12.5,Calculated,Green,
kpi_002,11.76470588235294,Calculated,Green,
kpi_002,5.88235294117647,Calculated,Green,
kpi_002,0.0,Calculated,Green,
kpi_002,18.181818181818183,Calculated,Amber,
kpi_002,8.0,Calculated,Green,
kpi_002,18.75,Calculated,Amber,
kpi_002,0.0,Calculated,Green,
kpi_002,6.25,Calculated,Green,
kpi_002,11.76470588235294,Calculated,Green,
kpi_002,4.166666666666666,Calculated,Green,
kpi_002,10.526315789473683,Calculated,Green,
kpi_002,10.526315789473683,Calculated,Green,
kpi_002,4.166666666666666,Calculated,Green,
kpi_002,10.0,Calculated,Green,
kpi_002,5.263157894736842,Calculated,Green,
kpi_002,15.789473684210526,Calculated,Amber,
kpi_002,5.88235294117647,Calculated,Green,
kpi_002,20.0,Calculated,Red,
kpi_002,13.043478260869565,Calculated,Green,
kpi_002,11.11111111111111,Calculated,Green,
kpi_002,11.76470588235294,Calculated,Green,
kpi_002,11.11111111111111,Calculated,Green,
kpi_002,4.761904761904762,Calculated,Green,
kpi_002,4.166666666666666,Calculated,Green,
kpi_002,6.25,Calculated,Green,
kpi_002,10.526315789473683,Calculated,Green,
kpi_002,19.047619047619047,Calculated,Red,
kpi_002,0.0,Calculated,Green,
kpi_002,5.263157894736842,Calculated,Green,
kpi_002,19.047619047619047,Calculated,Red,
kpi_002,9.523809523809524,Calculated,Green,
kpi_002,5.555555555555555,Calculated,Green,
kpi_002,5.263157894736842,Calculated,Green,
kpi_002,5.263157894736842,Calculated,Green,
kpi_002,11.11111111111111,Calculated,Green,
kpi_002,8.695652173913043,Calculated,Green,
kpi_002,16.666666666666664,Calculated,Amber,
kpi_002,9.090909090909092,Calculated,Green,
kpi_002,0.0,Calculated,Green,
kpi_002,13.636363636363637,Calculated,Green,
kpi_002,0.0,Calculated,Green,
kpi_002,0.0,Calculated,Green,
kpi_002,15.789473684210526,Calculated,Amber,
kpi_002,0.0,Calculated,Green,
kpi_002,22.727272727272727,Calculated,Red,
kpi_002,8.333333333333332,Calculated,Green,
kpi_002,0.0,Calculated,Green,
kpi_002,0.0,Calculated,Green,
kpi_002,11.76470588235294,Calculated,Green,
kpi_002,5.0,Calculated,Green,
kpi_002,14.285714285714285,Calculated,Green,
kpi_002,15.789473684210526,Calculated,Amber,
kpi_002,4.761904761904762,Calculated,Green,
kpi_002,5.0,Calculated,Green,
kpi_002,9.523809523809524,Calculated,Green,
kpi_002,5.0,Calculated,Green,
kpi_002,0.0,Calculated,Green,
kpi_002,13.636363636363637,Calculated,Green,
kpi_002,11.11111111111111,Calculated,Green,
kpi_002,19.047619047619047,Calculated,Red,
kpi_002,0.0,Calculated,Green,
kpi_002,0.0,Calculated,Green,
kpi_002,13.636363636363637,Calculated,Green,
kpi_002,0.0,Calculated,Green,
kpi_002,8.695652173913043,Calculated,Green,
kpi_002,27.27272727272727,Calculated,Red,
kpi_002,21.052631578947366,Calculated,Red,
kpi_002,12.5,Calculated,Green,
kpi_002,0.0,Calculated,Green,
kpi_002,20.833333333333336,Calculated,Red,
kpi_002,17.647058823529413,Calculated,Amber,
kpi_002,0.0,Calculated,Green,
kpi_002,4.3478260869565215,Calculated,Green,
kpi_002,31.818181818181817,Calculated,Red,
kpi_002,10.0,Calculated,Green,
kpi_002,13.636363636363637,Calculated,Green,
kpi_002,6.25,Calculated,Green,
kpi_002,0.0,Calculated,Green,
kpi_002,0.0,Calculated,Green,
kpi_002,25.0,Calculated,Red,
kpi_002,0.0,Calculated,Green,
kpi_002,9.090909090909092,Calculated,Green,
kpi_002,8.333333333333332,Calculated,Green,
kpi_002,7.142857142857142,Calculated,Green,
kpi_002,28.57142857142857,Calculated,Red,
kpi_002,13.333333333333334,Calculated,Green,
kpi_002,11.11111111111111,Calculated,Green,
kpi_002,7.6923076923076925,Calculated,Green,
kpi_002,14.285714285714285,Calculated,Green,
kpi_002,0.0,Calculated,Green,
kpi_002,0.0,Calculated,Green,
kpi_002,0.0,Calculated,Green,
kpi_002,8.333333333333332,Calculated,Green,
kpi_002,6.666666666666667,Calculated,Green,
kpi_002,7.142857142857142,Calculated,Green,
kpi_002,0.0,Calculated,Green,
kpi_002,16.666666666666664,Calculated,Amber,
kpi_002,8.333333333333332,Calculated,Green,
kpi_002,33.33333333333333,Calculated,Red,
kpi_002,0.0,Calculated,Green,
kpi_002,6.25,Calculated,Green,
kpi_002,6.666666666666667,Calculated,Green,
kpi_002,6.666666666666667,Calculated,Green,
kpi_002,0.0,Calculated,Green,
kpi_002,15.384615384615383,Calculated,Amber,
kpi_002,8.333333333333332,Calculated,Green,
kpi_002,0.0,Calculated,Green,
kpi_002,0.0,Calculated,Green,
kpi_002,6.25,Calculated,Green,
kpi_002,0.0,Calculated,Green,
kpi_002,5.88235294117647,Calculated,Green,
kpi_002,0.0,Calculated,Green,
kpi_002,6.25,Calculated,Green,
kpi_002,6.666666666666667,Calculated,Green,
kpi_002,8.333333333333332,Calculated,Green,
kpi_002,7.6923076923076925,Calculated,Green,
kpi_002,7.142857142857142,Calculated,Green,
kpi_002,0.0,Calculated,Green,
kpi_002,0.0,Calculated,Green,
kpi_002,16.666666666666664,Calculated,Amber,
kpi_002,0.0,Calculated,Green,
kpi_002,18.181818181818183,Calculated,Amber,
kpi_002,0.0,Calculated,Green,
kpi_002,0.0,Calculated,Green,
kpi_002,0.0,Calculated,Green,
kpi_002,0.0,Calculated,Green,
kpi_002,11.76470588235294,Calculated,Green,
kpi_002,16.666666666666664,Calculated,Amber,
kpi_002,0.0,Calculated,Green,
kpi_002,7.6923076923076925,Calculated,Green,
kpi_002,6.666666666666667,Calculated,Green,
kpi_002,0.0,Calculated,Green,
kpi_002,6.666666666666667,Calculated,Green,
kpi_002,0.0,Calculated,Green,
kpi_002,7.142857142857142,Calculated,Green,
kpi_002,6.666666666666667,Calculated,Green,
kpi_002,0.0,Calculated,Green,
kpi_002,0.0,Calculated,Green,
kpi_002,15.384615384615383,Calculated,Amber,
kpi_002,5.88235294117647,Calculated,Green,
kpi_002,0.0,Calculated,Green,
kpi_002,0.0,Calculated,Green,
kpi_002,12.5,Calculated,Green,
kpi_002,7.6923076923076925,Calculated,Green,
kpi_002,0.0,Calculated,Green,
kpi_002,0.0,Calculated,Green,
kpi_002,6.25,Calculated,Green,
kpi_002,0.0,Calculated,Green,
kpi_002,11.11111111111111,Calculated,Green,
kpi_002,13.333333333333334,Calculated,Green,
kpi_002,11.11111111111111,Calculated,Green,
kpi_002,0.0,Calculated,Green,
kpi_002,0.0,Calculated,Green,
kpi_002,12.5,Calculated,Green,
kpi_002,7.6923076923076925,Calculated,Green,
kpi_002,13.333333333333334,Calculated,Green,
kpi_002,15.384615384615383,Calculated,Amber,
kpi_002,5.555555555555555,Calculated,Green,
kpi_002,0.0,Calculated,Green,
kpi_002,0.0,Calculated,Green,
kpi_002,5.88235294117647,Calculated,Green,
kpi_002,5.555555555555555,Calculated,Green,
kpi_002,8.333333333333332,Calculated,Green,
kpi_002,15.384615384615383,Calculated,Amber,
kpi_002,0.0,Calculated,Green,
kpi_002,7.6923076923076925,Calculated,Green,
kpi_002,5.88235294117647,Calculated,Green,
kpi_002,17.647058823529413,Calculated,Amber,
kpi_002,0.0,Calculated,Green,
kpi_002,8.333333333333332,Calculated,Green,
kpi_002,21.428571428571427,Calculated,Red,
kpi_002,16.666666666666664,Calculated,Amber,
kpi_002,21.428571428571427,Calculated,Red,
kpi_002,0.0,Calculated,Green,
kpi_002,7.6923076923076925,Calculated,Green,
kpi_002,16.666666666666664,Calculated,Amber,
kpi_002,0.0,Calculated,Green,
kpi_002,20.0,Calculated,Red,
kpi_002,9.090909090909092,Calculated,Green,
kpi_002,7.6923076923076925,Calculated,Green,
kpi_002,20.0,Calculated,Red,
kpi_002,0.0,Calculated,Green,
kpi_002,0.0,Calculated,Green,
kpi_002,15.384615384615383,Calculated,Amber,
kpi_002,0.0,Calculated,Green,
kpi_002,5.88235294117647,Calculated,Green,
kpi_002,7.6923076923076925,Calculated,Green,
kpi_002,9.090909090909092,Calculated,Green,
kpi_002,17.647058823529413,Calculated,Amber,
kpi_002,9.090909090909092,Calculated,Green,
kpi_002,41.66666666666667,Calculated,Red,
kpi_002,10.0,Calculated,Green,
kpi_002,23.07692307692308,Calculated,Red,
kpi_002,25.0,Calculated,Red,
kpi_002,7.142857142857142,Calculated,Green,
kpi_002,0.0,Calculated,Green,
kpi_002,9.090909090909092,Calculated,Green,
kpi_002,0.0,Calculated,Green,
kpi_002,12.5,Calculated,Green,
kpi_002,7.6923076923076925,Calculated,Green,
kpi_002,13.333333333333334,Calculated,Green,
kpi_002,5.88235294117647,Calculated,Green,
kpi_002,0.0,Calculated,Green,
kpi_002,25.0,Calculated,Red,
kpi_002,0.0,Calculated,Green,
kpi_002,0.0,Calculated,Green,
kpi_002,0.0,Calculated,Green,
kpi_002,16.666666666666664,Calculated,Amber,
kpi_002,28.57142857142857,Calculated,Red,
kpi_002,6.25,Calculated,Green,
kpi_002,15.384615384615383,Calculated,Amber,
kpi_002,23.07692307692308,Calculated,Red,
kpi_002,27.27272727272727,Calculated,Red,
kpi_002,0.0,Calculated,Green,
kpi_002,0.0,Calculated,Green,
kpi_002,7.6923076923076925,Calculated,Green,
kpi_002,15.384615384615383,Calculated,Amber,
kpi_002,20.0,Calculated,Red,
kpi_002,0.0,Calculated,Green,
kpi_002,0.0,Calculated,Green,
kpi_002,8.333333333333332,Calculated,Green,
kpi_002,0.0,Calculated,Green,
kpi_002,6.666666666666667,Calculated,Green,
kpi_002,7.142857142857142,Calculated,Green,
kpi_002,11.11111111111111,Calculated,Green,
kpi_002,0.0,Calculated,Green,
kpi_002,0.0,Calculated,Green,
kpi_002,8.333333333333332,Calculated,Green,
kpi_002,15.384615384615383,Calculated,Amber,
kpi_002,0.0,Calculated,Green,
kpi_002,30.0,Calculated,Red,
kpi_002,7.142857142857142,Calculated,Green,
kpi_002,0.0,Calculated,Green,
kpi_002,14.285714285714285,Calculated,Green,
kpi_002,14.285714285714285,Calculated,Green,
kpi_002,14.285714285714285,Calculated,Green,
kpi_002,20.0,Calculated,Red,
kpi_002,21.428571428571427,Calculated,Red,
kpi_002,16.666666666666664,Calculated,Amber,
kpi_002,16.666666666666664,Calculated,Amber,
kpi_002,25.0,Calculated,Red,
kpi_002,0.0,Calculated,Green,
kpi_002,27.27272727272727,Calculated,Red,
kpi_002,8.333333333333332,Calculated,Green,
kpi_002,7.6923076923076925,Calculated,Green,
kpi_002,9.090909090909092,Calculated,Green,
kpi_002,12.5,Calculated,Green,
kpi_002,13.333333333333334,Calculated,Green,
kpi_002,15.384615384615383,Calculated,Amber,
kpi_002,7.142857142857142,Calculated,Green,
kpi_002,6.25,Calculated,Green,
kpi_002,6.666666666666667,Calculated,Green,
kpi_002,0.0,Calculated,Green,
kpi_002,20.0,Calculated,Red,
kpi_002,26.666666666666668,Calculated,Red,
kpi_002,6.25,Calculated,Green,
kpi_002,0.0,Calculated,Green,
kpi_002,0.0,Calculated,Green,
kpi_002,8.333333333333332,Calculated,Green,
kpi_002,0.0,Calculated,Green,
kpi_002,0.0,Calculated,Green,
kpi_002,13.333333333333334,Calculated,Green,
kpi_002,28.57142857142857,Calculated,Red,
kpi_002,7.6923076923076925,Calculated,Green,
kpi_002,11.11111111111111,Calculated,Green,
kpi_002,0.0,Calculated,Green,
kpi_002,0.0,Calculated,Green,
kpi_002,12.5,Calculated,Green,
kpi_002,15.384615384615383,Calculated,Amber,
kpi_002,7.142857142857142,Calculated,Green,
kpi_002,0.0,Calculated,Green,
kpi_002,6.666666666666667,Calculated,Green,
kpi_002,0.0,Calculated,Green,
kpi_002,15.384615384615383,Calculated,Amber,
kpi_002,14.285714285714285,Calculated,Green,
kpi_002,0.0,Calculated,Green,
kpi_002,15.384615384615383,Calculated,Amber,
kpi_002,20.0,Calculated,Red,
kpi_002,6.25,Calculated,Green,
kpi_002,0.0,Calculated,Green,
kpi_002,14.285714285714285,Calculated,Green,
kpi_002,14.285714285714285,Calculated,Green,
kpi_002,16.666666666666664,Calculated,Amber,
kpi_002,0.0,Calculated,Green,
kpi_002,21.428571428571427,Calculated,Red,
kpi_002,0.0,Calculated,Green,
kpi_002,7.6923076923076925,Calculated,Green,
kpi_002,6.25,Calculated,Green,
kpi_002,0.0,Calculated,Green,
kpi_002,0.0,Calculated,Green,
kpi_002,11.11111111111111,Calculated,Green,
kpi_002,0.0,Calculated,Green,
kpi_002,7.142857142857142,Calculated,Green,
kpi_002,14.285714285714285,Calculated,Green,
kpi_002,0.0,Calculated,Green,
kpi_002,7.142857142857142,Calculated,Green,
kpi_002,6.25,Calculated,Green,
kpi_002,9.090909090909092,Calculated,Green,
kpi_002,27.27272727272727,Calculated,Red,
kpi_002,8.333333333333332,Calculated,Green,
kpi_002,0.0,Calculated,Green,
kpi_002,8.333333333333332,Calculated,Green,
kpi_002,13.333333333333334,Calculated,Green,
kpi_002,15.384615384615383,Calculated,Amber,
kpi_002,0.0,Calculated,Green,
kpi_002,0.0,Calculated,Green,
kpi_002,0.0,Calculated,Green,
kpi_002,18.75,Calculated,Amber,
kpi_002,0.0,Calculated,Green,
kpi_002,0.0,Calculated,Green,
kpi_002,0.0,Calculated,Green,
kpi_002,7.142857142857142,Calculated,Green,
kpi_002,0.0,Calculated,Green,
kpi_002,0.0,Calculated,Green,
kpi_002,16.666666666666664,Calculated,Amber,
kpi_002,7.142857142857142,Calculated,Green,
kpi_002,7.6923076923076925,Calculated,Green,
kpi_002,0.0,Calculated,Green,
kpi_002,6.666666666666667,Calculated,Green,
kpi_002,6.25,Calculated,Green,
kpi_002,36.36363636363637,Calculated,Red,
kpi_002,17.647058823529413,Calculated,Amber,
kpi_002,0.0,Calculated,Green,
kpi_002,0.0,Calculated,Green,
kpi_002,13.333333333333334,Calculated,Green,
kpi_002,0.0,Calculated,Green,
kpi_002,6.666666666666667,Calculated,Green,
kpi_002,0.0,Calculated,Green,
kpi_002,10.0,Calculated,Green,
kpi_002,20.0,Calculated,Red,
kpi_002,0.0,Calculated,Green,
kpi_002,18.181818181818183,Calculated,Amber,
kpi_002,0.0,Calculated,Green,
kpi_002,18.181818181818183,Calculated,Amber,
kpi_002,20.0,Calculated,Red,
kpi_002,18.181818181818183,Calculated,Amber,
kpi_002,0.0,Calculated,Green,
kpi_002,14.285714285714285,Calculated,Green,
kpi_002,15.384615384615383,Calculated,Amber,
kpi_002,10.0,Calculated,Green,
kpi_002,15.384615384615383,Calculated,Amber,
kpi_002,25.0,Calculated,Red,
kpi_002,7.6923076923076925,Calculated,Green,
kpi_002,0.0,Calculated,Green,
kpi_002,0.0,Calculated,Green,
kpi_002,7.6923076923076925,Calculated,Green,
kpi_002,7.142857142857142,Calculated,Green,
kpi_002,7.142857142857142,Calculated,Green,
kpi_002,0.0,Calculated,Green,
kpi_002,20.0,Calculated,Red,
kpi_002,0.0,Calculated,Green,
kpi_002,15.384615384615383,Calculated,Amber,
kpi_002,0.0,Calculated,Green,
kpi_002,18.181818181818183,Calculated,Amber,
kpi_002,15.384615384615383,Calculated,Amber,
kpi_002,6.666666666666667,Calculated,Green,
kpi_002,7.6923076923076925,Calculated,Green,
kpi_002,18.181818181818183,Calculated,Amber,
kpi_002,0.0,Calculated,Green,
kpi_002,0.0,Calculated,Green,
kpi_002,14.285714285714285,Calculated,Green,
kpi_002,0.0,Calculated,Green,
kpi_002,0.0,Calculated,Green,
kpi_002,0.0,Calculated,Green,
kpi_002,21.428571428571427,Calculated,Red,
kpi_002,0.0,Calculated,Green,
kpi_002,5.88235294117647,Calculated,Green,
kpi_002,7.6923076923076925,Calculated,Green,
kpi_002,23.07692307692308,Calculated,Red,
kpi_002,5.263157894736842,Calculated,Green,
kpi_002,11.76470588235294,Calculated,Green,
kpi_002,7.142857142857142,Calculated,Green,
kpi_002,14.285714285714285,Calculated,Green,
kpi_002,6.666666666666667,Calculated,Green,
kpi_002,0.0,Calculated,Green,
kpi_002,0.0,Calculated,Green,
kpi_002,40.0,Calculated,Red,
kpi_002,0.0,Calculated,Green,
kpi_002,7.142857142857142,Calculated,Green,
kpi_002,23.07692307692308,Calculated,Red,
kpi_002,18.181818181818183,Calculated,Amber,
kpi_002,20.0,Calculated,Red,
kpi_002,0.0,Calculated,Green,
kpi_002,6.25,Calculated,Green,
kpi_002,7.6923076923076925,Calculated,Green,
kpi_002,0.0,Calculated,Green,
kpi_002,8.333333333333332,Calculated,Green,
kpi_002,8.333333333333332,Calculated,Green,
kpi_002,23.07692307692308,Calculated,Red,
kpi_002,23.07692307692308,Calculated,Red,
kpi_002,7.6923076923076925,Calculated,Green,
kpi_002,16.666666666666664,Calculated,Amber,
kpi_002,9.090909090909092,Calculated,Green,
kpi_002,0.0,Calculated,Green,
kpi_002,0.0,Calculated,Green,
kpi_002,20.0,Calculated,Red,
kpi_002,5.88235294117647,Calculated,Green,
kpi_002,0.0,Calculated,Green,
kpi_002,8.333333333333332,Calculated,Green,
kpi_002,0.0,Calculated,Green,
kpi_002,0.0,Calculated,Green,
kpi_002,6.25,Calculated,Green,
kpi_002,6.25,Calculated,Green,
kpi_002,15.384615384615383,Calculated,Amber,
kpi_002,18.181818181818183,Calculated,Amber,
kpi_002,13.333333333333334,Calculated,Green,
kpi_002,23.07692307692308,Calculated,Red,
kpi_002,16.666666666666664,Calculated,Amber,
kpi_002,7.142857142857142,Calculated,Green,
kpi_002,11.11111111111111,Calculated,Green,
kpi_002,7.6923076923076925,Calculated,Green,
kpi_002,9.090909090909092,Calculated,Green,
kpi_002,16.666666666666664,Calculated,Amber,
kpi_002,11.11111111111111,Calculated,Green,
kpi_002,0.0,Calculated,Green,
kpi_002,6.25,Calculated,Green,
kpi_002,7.142857142857142,Calculated,Green,
kpi_002,21.428571428571427,Calculated,Red,
kpi_002,0.0,Calculated,Green,
kpi_002,25.0,Calculated,Red,
kpi_002,15.384615384615383,Calculated,Amber,
kpi_002,16.666666666666664,Calculated,Amber,
kpi_002,9.090909090909092,Calculated,Green,
kpi_002,0.0,Calculated,Green,
kpi_002,7.6923076923076925,Calculated,Green,
kpi_002,7.142857142857142,Calculated,Green,
kpi_002,6.666666666666667,Calculated,Green,
kpi_002,7.142857142857142,Calculated,Green,
kpi_002,12.5,Calculated,Green,
kpi_002,7.142857142857142,Calculated,Green,
kpi_002,0.0,Calculated,Green,
kpi_002,6.666666666666667,Calculated,Green,
kpi_002,6.666666666666667,Calculated,Green,
kpi_002,16.666666666666664,Calculated,Amber,
kpi_002,13.333333333333334,Calculated,Green,
kpi_002,7.6923076923076925,Calculated,Green,
kpi_002,10.0,Calculated,Green,
kpi_002,21.428571428571427,Calculated,Red,
kpi_002,0.0,Calculated,Green,
kpi_002,6.25,Calculated,Green,
kpi_002,0.0,Calculated,Green,
kpi_002,15.384615384615383,Calculated,Amber,
kpi_002,0.0,Calculated,Green,
kpi_002,7.142857142857142,Calculated,Green,
kpi_002,8.333333333333332,Calculated,Green,
kpi_002,7.142857142857142,Calculated,Green,
kpi_002,6.25,Calculated,Green,
kpi_002,15.384615384615383,Calculated,Amber,
kpi_002,15.384615384615383,Calculated,Amber,
kpi_002,18.75,Calculated,Amber,
kpi_002,0.0,Calculated,Green,
kpi_002,0.0,Calculated,Green,
kpi_002,0.0,Calculated,Green,
kpi_002,0.0,Calculated,Green,
kpi_002,6.25,Calculated,Green,
kpi_002,0.0,Calculated,Green,
kpi_002,7.142857142857142,Calculated,Green,
kpi_002,5.88235294117647,Calculated,Green,
kpi_002,0.0,Calculated,Green,
kpi_002,0.0,Calculated,Green,
kpi_002,0.0,Calculated,Green,
kpi_002,0.0,Calculated,Green,
kpi_002,15.789473684210526,Calculated,Amber,
kpi_002,0.0,Calculated,Green,
kpi_002,6.25,Calculated,Green,
kpi_002,0.0,Calculated,Green,
kpi_002,6.666666666666667,Calculated,Green,
kpi_002,0.0,Calculated,Green,
kpi_002,9.090909090909092,Calculated,Green,
kpi_002,6.666666666666667,Calculated,Green,
kpi_002,0.0,Calculated,Green,
kpi_002,6.666666666666667,Calculated,Green,
kpi_002,0.0,Calculated,Green,
kpi_002,14.285714285714285,Calculated,Green,
kpi_002,0.0,Calculated,Green,
kpi_002,0.0,Calculated,Green,
kpi_002,0.0,Calculated,Green,
kpi_002,7.142857142857142,Calculated,Green,
kpi_002,9.090909090909092,Calculated,Green,
kpi_002,25.0,Calculated,Red,
kpi_002,0.0,Calculated,Green,
kpi_002,20.0,Calculated,Red,
kpi_002,0.0,Calculated,Green,
kpi_002,8.333333333333332,Calculated,Green,
kpi_002,0.0,Calculated,Green,
kpi_002,13.333333333333334,Calculated,Green,
kpi_002,0.0,Calculated,Green,
kpi_002,0.0,Calculated,Green,
kpi_002,0.0,Calculated,Green,
kpi_002,0.0,Calculated,Green,
kpi_002,7.142857142857142,Calculated,Green,
kpi_002,0.0,Calculated,Green,
kpi_002,0.0,Calculated,Green,
kpi_002,0.0,Calculated,Green,
kpi_002,0.0,Calculated,Green,
kpi_002,0.0,Calculated,Green,
kpi_002,0.0,Calculated,Green,
kpi_002,0.0,Calculated,Green,
kpi_002,11.76470588235294,Calculated,Green,
kpi_002,0.0,Calculated,Green,
kpi_002,7.142857142857142,Calculated,Green,
kpi_002,14.285714285714285,Calculated,Green,
kpi_002,6.25,Calculated,Green,
kpi_002,18.75,Calculated,Amber,
kpi_002,0.0,Calculated,Green,
kpi_002,0.0,Calculated,Green,
kpi_002,14.285714285714285,Calculated,Green,
kpi_002,0.0,Calculated,Green,
kpi_002,5.88235294117647,Calculated,Green,
kpi_002,5.88235294117647,Calculated,Green,
kpi_002,20.0,Calculated,Red,
kpi_002,0.0,Calculated,Green,
kpi_002,0.0,Calculated,Green,
kpi_002,10.526315789473683,Calculated,Green,
kpi_002,0.0,Calculated,Green,
kpi_002,0.0,Calculated,Green,
kpi_002,6.25,Calculated,Green,
kpi_002,6.25,Calculated,Green,
kpi_002,0.0,Calculated,Green,
kpi_002,21.428571428571427,Calculated,Red,
kpi_002,7.6923076923076925,Calculated,Green,
kpi_002,0.0,Calculated,Green,
kpi_002,0.0,Calculated,Green,
kpi_002,7.142857142857142,Calculated,Green,
kpi_002,0.0,Calculated,Green,
kpi_002,5.555555555555555,Calculated,Green,
kpi_002,0.0,Calculated,Green,
kpi_002,7.142857142857142,Calculated,Green,
kpi_002,6.25,Calculated,Green,
kpi_002,13.333333333333334,Calculated,Green,
kpi_002,15.384615384615383,Calculated,Amber,
kpi_002,0.0,Calculated,Green,
kpi_002,7.142857142857142,Calculated,Green,
kpi_002,22.22222222222222,Calculated,Red,
kpi_002,13.333333333333334,Calculated,Green,
kpi_002,7.142857142857142,Calculated,Green,
kpi_002,0.0,Calculated,Green,
kpi_002,6.25,Calculated,Green,
kpi_002,0.0,Calculated,Green,
kpi_002,0.0,Calculated,Green,
kpi_002,0.0,Calculated,Green,
kpi_002,6.25,Calculated,Green,
kpi_002,7.142857142857142,Calculated,Green,
kpi_002,0.0,Calculated,Green,
kpi_002,13.333333333333334,Calculated,Green,
kpi_002,0.0,Calculated,Green,
kpi_002,7.142857142857142,Calculated,Green,
kpi_002,7.6923076923076925,Calculated,Green,
kpi_002,12.5,Calculated,Green,
kpi_002,14.285714285714285,Calculated,Green,
kpi_002,0.0,Calculated,Green,
kpi_002,8.333333333333332,Calculated,Green,
kpi_002,20.0,Calculated,Red,
kpi_002,14.285714285714285,Calculated,Green,
kpi_002,14.285714285714285,Calculated,Green,
kpi_002,6.25,Calculated,Green,
kpi_002,15.384615384615383,Calculated,Amber,
kpi_002,25.0,Calculated,Red,
kpi_002,8.333333333333332,Calculated,Green,
kpi_002,0.0,Calculated,Green,
kpi_002,7.142857142857142,Calculated,Green,
kpi_002,12.5,Calculated,Green,
kpi_002,6.25,Calculated,Green,
kpi_002,23.07692307692308,Calculated,Red,
kpi_002,6.666666666666667,Calculated,Green,
kpi_002,11.11111111111111,Calculated,Green,
kpi_002,23.07692307692308,Calculated,Red,
kpi_002,0.0,Calculated,Green,
kpi_002,6.666666666666667,Calculated,Green,
kpi_002,0.0,Calculated,Green,
kpi_002,17.647058823529413,Calculated,Amber,
kpi_002,0.0,Calculated,Green,
kpi_002,0.0,Calculated,Green,
kpi_002,6.25,Calculated,Green,
kpi_002,18.75,Calculated,Amber,
kpi_002,14.285714285714285,Calculated,Green,
kpi_002,11.76470588235294,Calculated,Green,
kpi_002,12.5,Calculated,Green,
kpi_002,5.88235294117647,Calculated,Green,
kpi_002,14.285714285714285,Calculated,Green,
kpi_002,9.090909090909092,Calculated,Green,
kpi_002,0.0,Calculated,Green,
kpi_002,29.411764705882355,Calculated,Red,
kpi_002,20.0,Calculated,Red,
kpi_002,0.0,Calculated,Green,
kpi_002,15.384615384615383,Calculated,Amber,
kpi_002,7.142857142857142,Calculated,Green,
kpi_002,0.0,Calculated,Green,
kpi_002,6.25,Calculated,Green,
kpi_002,7.6923076923076925,Calculated,Green,
kpi_002,10.526315789473683,Calculated,Green,
kpi_002,0.0,Calculated,Green,
kpi_002,42.85714285714285,Calculated,Red,
kpi_002,0.0,Calculated,Green,
kpi_002,0.0,Calculated,Green,
kpi_002,25.0,Calculated,Red,
kpi_002,27.77777777777778,Calculated,Red,
kpi_002,21.428571428571427,Calculated,Red,
kpi_002,14.285714285714285,Calculated,Green,
kpi_002,5.555555555555555,Calculated,Green,
kpi_002,36.36363636363637,Calculated,Red,
kpi_002,0.0,Calculated,Green,
kpi_002,23.07692307692308,Calculated,Red,
kpi_002,11.76470588235294,Calculated,Green,
kpi_002,9.090909090909092,Calculated,Green,
kpi_002,8.333333333333332,Calculated,Green,
kpi_002,15.384615384615383,Calculated,Amber,
kpi_002,18.75,Calculated,Amber,
kpi_002,15.384615384615383,Calculated,Amber,
kpi_002,25.0,Calculated,Red,
kpi_002,10.526315789473683,Calculated,Green,
kpi_002,20.0,Calculated,Red,
kpi_002,0.0,Calculated,Green,
kpi_002,15.384615384615383,Calculated,Amber,
kpi_002,5.88235294117647,Calculated,Green,
kpi_002,0.0,Calculated,Green,
kpi_002,7.142857142857142,Calculated,Green,
kpi_002,35.294117647058826,Calculated,Red,
kpi_002,30.76923076923077,Calculated,Red,
kpi_002,0.0,Calculated,Green,
kpi_002,20.0,Calculated,Red,
kpi_002,0.0,Calculated,Green,
kpi_002,16.666666666666664,Calculated,Amber,
kpi_002,16.666666666666664,Calculated,Amber,
kpi_002,30.76923076923077,Calculated,Red,
kpi_002,0.0,Calculated,Green,
kpi_002,9.090909090909092,Calculated,Green,
kpi_002,20.0,Calculated,Red,
kpi_002,0.0,Calculated,Green,
kpi_002,30.0,Calculated,Red,
kpi_002,6.666666666666667,Calculated,Green,
kpi_002,0.0,Calculated,Green,
kpi_002,14.285714285714285,Calculated,Green,
kpi_002,5.88235294117647,Calculated,Green,
kpi_002,11.11111111111111,Calculated,Green,
kpi_002,14.285714285714285,Calculated,Green,
kpi_002,22.22222222222222,Calculated,Red,
kpi_002,20.0,Calculated,Red,
kpi_002,14.285714285714285,Calculated,Green,
kpi_002,16.666666666666664,Calculated,Amber,
kpi_002,0.0,Calculated,Green,
kpi_002,0.0,Calculated,Green,
kpi_002,28.57142857142857,Calculated,Red,
kpi_002,8.333333333333332,Calculated,Green,
kpi_002,16.666666666666664,Calculated,Amber,
kpi_002,15.384615384615383,Calculated,Amber,
kpi_002,16.666666666666664,Calculated,Amber,
kpi_002,8.333333333333332,Calculated,Green,
kpi_002,8.333333333333332,Calculated,Green,
kpi_002,16.666666666666664,Calculated,Amber,
kpi_002,0.0,Calculated,Green,
kpi_002,14.285714285714285,Calculated,Green,
kpi_002,7.6923076923076925,Calculated,Green,
kpi_002,15.384615384615383,Calculated,Amber,
kpi_002,0.0,Calculated,Green,
kpi_002,0.0,Calculated,Green,
kpi_002,5.555555555555555,Calculated,Green,
kpi_002,17.647058823529413,Calculated,Amber,
kpi_002,0.0,Calculated,Green,
kpi_002,0.0,Calculated,Green,
kpi_002,0.0,Calculated,Green,
kpi_002,11.76470588235294,Calculated,Green,
kpi_002,0.0,Calculated,Green,
kpi_002,14.285714285714285,Calculated,Green,
kpi_002,6.25,Calculated,Green,
kpi_002,7.142857142857142,Calculated,Green,
kpi_002,6.666666666666667,Calculated,Green,
kpi_002,9.090909090909092,Calculated,Green,
kpi_002,7.6923076923076925,Calculated,Green,
kpi_002,0.0,Calculated,Green,
kpi_002,14.285714285714285,Calculated,Green,
kpi_002,23.52941176470588,Calculated,Red,
kpi_002,0.0,Calculated,Green,
kpi_002,11.11111111111111,Calculated,Green,
kpi_002,0.0,Calculated,Green,
kpi_002,6.666666666666667,Calculated,Green,
kpi_002,9.090909090909092,Calculated,Green,
kpi_002,7.6923076923076925,Calculated,Green,
kpi_002,7.6923076923076925,Calculated,Green,
kpi_002,0.0,Calculated,Green,
kpi_002,6.25,Calculated,Green,
kpi_002,6.25,Calculated,Green,
kpi_002,8.333333333333332,Calculated,Green,
kpi_002,5.0,Calculated,Green,
kpi_002,7.6923076923076925,Calculated,Green,
kpi_002,8.333333333333332,Calculated,Green,
kpi_002,6.666666666666667,Calculated,Green,
kpi_002,12.5,Calculated,Green,
kpi_002,0.0,Calculated,Green,
kpi_002,0.0,Calculated,Green,
kpi_002,0.0,Calculated,Green,
kpi_002,7.6923076923076925,Calculated,Green,
kpi_002,0.0,Calculated,Green,
kpi_002,6.666666666666667,Calculated,Green,
kpi_002,7.142857142857142,Calculated,Green,
kpi_002,12.5,Calculated,Green,
kpi_002,6.25,Calculated,Green,
kpi_002,5.263157894736842,Calculated,Green,
kpi_002,7.6923076923076925,Calculated,Green,
kpi_002,0.0,Calculated,Green,
kpi_002,0.0,Calculated,Green,
kpi_002,0.0,Calculated,Green,
kpi_002,0.0,Calculated,Green,
kpi_002,9.090909090909092,Calculated,Green,
kpi_002,0.0,Calculated,Green,
kpi_002,7.6923076923076925,Calculated,Green,
kpi_002,0.0,Calculated,Green,
kpi_002,23.07692307692308,Calculated,Red,
kpi_002,0.0,Calculated,Green,
kpi_002,0.0,Calculated,Green,
kpi_002,13.333333333333334,Calculated,Green,
kpi_002,14.285714285714285,Calculated,Green,
kpi_002,14.285714285714285,Calculated,Green,
kpi_002,6.25,Calculated,Green,
kpi_002,25.0,Calculated,Red,
kpi_002,0.0,Calculated,Green,
kpi_002,8.333333333333332,Calculated,Green,
kpi_002,12.5,Calculated,Green,
kpi_002,6.666666666666667,Calculated,Green,
kpi_002,15.384615384615383,Calculated,Amber,
kpi_002,7.142857142857142,Calculated,Green,
kpi_002,6.666666666666667,Calculated,Green,
kpi_002,7.142857142857142,Calculated,Green,
kpi_002,0.0,Calculated,Green,
kpi_002,0.0,Calculated,Green,
kpi_002,9.090909090909092,Calculated,Green,
kpi_002,0.0,Calculated,Green,
kpi_002,15.384615384615383,Calculated,Amber,
kpi_002,11.76470588235294,Calculated,Green,
kpi_002,8.333333333333332,Calculated,Green,
kpi_002,0.0,Calculated,Green,
kpi_002,10.0,Calculated,Green,
kpi_002,7.142857142857142,Calculated,Green,
kpi_002,7.142857142857142,Calculated,Green,
kpi_002,11.76470588235294,Calculated,Green,
kpi_002,13.333333333333334,Calculated,Green,
kpi_002,12.5,Calculated,Green,
kpi_002,0.0,Calculated,Green,
kpi_002,42.85714285714285,Calculated,Red,
kpi_002,11.76470588235294,Calculated,Green,
kpi_002,25.0,Calculated,Red,
kpi_002,13.333333333333334,Calculated,Green,
kpi_002,12.5,Calculated,Green,
kpi_002,28.57142857142857,Calculated,Red,
kpi_002,7.142857142857142,Calculated,Green,
kpi_002,13.333333333333334,Calculated,Green,
kpi_002,0.0,Calculated,Green,
kpi_002,15.384615384615383,Calculated,Amber,
kpi_002,0.0,Calculated,Green,
kpi_002,6.25,Calculated,Green,
kpi_002,8.333333333333332,Calculated,Green,
kpi_002,7.6923076923076925,Calculated,Green,
kpi_002,6.25,Calculated,Green,
kpi_002,6.666666666666667,Calculated,Green,
kpi_002,15.384615384615383,Calculated,Amber,
kpi_002,0.0,Calculated,Green,
kpi_002,0.0,Calculated,Green,
kpi_002,11.76470588235294,Calculated,Green,
kpi_002,13.333333333333334,Calculated,Green,
kpi_002,0.0,Calculated,Green,
kpi_002,0.0,Calculated,Green,
kpi_002,6.25,Calculated,Green,
kpi_002,0.0,Calculated,Green,
kpi_002,7.142857142857142,Calculated,Green,
kpi_002,0.0,Calculated,Green,
kpi_002,0.0,Calculated,Green,
kpi_002,12.5,Calculated,Green,
kpi_002,7.142857142857142,Calculated,Green,
kpi_002,7.142857142857142,Calculated,Green,
kpi_002,0.0,Calculated,Green,
kpi_002,0.0,Calculated,Green,
kpi_002,14.285714285714285,Calculated,Green,
kpi_002,20.0,Calculated,Red,
kpi_002,11.76470588235294,Calculated,Green,
kpi_002,8.333333333333332,Calculated,Green,
kpi_002,0.0,Calculated,Green,
kpi_002,0.0,Calculated,Green,
kpi_002,8.333333333333332,Calculated,Green,
kpi_002,15.384615384615383,Calculated,Amber,
kpi_002,13.333333333333334,Calculated,Green,
kpi_002,0.0,Calculated,Green,
kpi_002,6.25,Calculated,Green,
kpi_002,0.0,Calculated,Green,
kpi_002,12.5,Calculated,Green,
kpi_002,12.5,Calculated,Green,
kpi_002,6.666666666666667,Calculated,Green,
kpi_002,11.76470588235294,Calculated,Green,
kpi_002,23.07692307692308,Calculated,Red,
kpi_002,0.0,Calculated,Green,
kpi_002,0.0,Calculated,Green,
kpi_002,6.666666666666667,Calculated,Green,
kpi_002,6.25,Calculated,Green,
kpi_002,18.75,Calculated,Amber,
kpi_002,14.285714285714285,Calculated,Green,
kpi_002,0.0,Calculated,Green,
kpi_002,16.666666666666664,Calculated,Amber,
kpi_002,6.666666666666667,Calculated,Green,
kpi_002,14.285714285714285,Calculated,Green,
kpi_002,14.285714285714285,Calculated,Green,
kpi_002,0.0,Calculated,Green,
kpi_002,6.666666666666667,Calculated,Green,
kpi_002,11.11111111111111,Calculated,Green,
kpi_002,13.333333333333334,Calculated,Green,
kpi_002,0.0,Calculated,Green,
kpi_002,7.142857142857142,Calculated,Green,
kpi_002,0.0,Calculated,Green,
kpi_002,5.555555555555555,Calculated,Green,
kpi_002,5.555555555555555,Calculated,Green,
kpi_002,7.142857142857142,Calculated,Green,
kpi_002,6.666666666666667,Calculated,Green,
kpi_002,21.428571428571427,Calculated,Red,
kpi_002,0.0,Calculated,Green,
kpi_002,11.11111111111111,Calculated,Green,
kpi_002,0.0,Calculated,Green,
kpi_002,7.142857142857142,Calculated,Green,
kpi_002,20.0,Calculated,Red,
kpi_002,0.0,Calculated,Green,
kpi_002,7.6923076923076925,Calculated,Green,
kpi_002,0.0,Calculated,Green,
kpi_002,0.0,Calculated,Green,
kpi_002,13.333333333333334,Calculated,Green,
kpi_002,0.0,Calculated,Green,
kpi_002,6.25,Calculated,Green,
kpi_002,0.0,Calculated,Green,
kpi_002,0.0,Calculated,Green,
kpi_002,6.666666666666667,Calculated,Green,
kpi_002,0.0,Calculated,Green,
kpi_002,9.090909090909092,Calculated,Green,
kpi_002,6.25,Calculated,Green,
kpi_002,0.0,Calculated,Green,
kpi_002,14.285714285714285,Calculated,Green,
kpi_002,7.6923076923076925,Calculated,Green,
kpi_002,20.0,Calculated,Red,
kpi_002,6.666666666666667,Calculated,Green,
kpi_002,6.666666666666667,Calculated,Green,
kpi_002,0.0,Calculated,Green,
kpi_002,8.333333333333332,Calculated,Green,
kpi_002,0.0,Calculated,Green,
kpi_002,0.0,Calculated,Green,
kpi_002,0.0,Calculated,Green,
kpi_002,11.76470588235294,Calculated,Green,
kpi_002,6.25,Calculated,Green,
kpi_002,8.333333333333332,Calculated,Green,
kpi_002,0.0,Calculated,Green,
kpi_002,0.0,Calculated,Green,
kpi_002,7.6923076923076925,Calculated,Green,
kpi_002,0.0,Calculated,Green,
kpi_002,6.25,Calculated,Green,
kpi_002,12.5,Calculated,Green,
kpi_002,14.285714285714285,Calculated,Green,
kpi_002,0.0,Calculated,Green,
kpi_002,0.0,Calculated,Green,
kpi_002,12.5,Calculated,Green,
kpi_002,14.285714285714285,Calculated,Green,
kpi_002,0.0,Calculated,Green,
kpi_002,6.25,Calculated,Green,
kpi_002,15.384615384615383,Calculated,Amber,
kpi_002,0.0,Calculated,Green,
kpi_002,0.0,Calculated,Green,
kpi_002,7.142857142857142,Calculated,Green,
kpi_002,7.6923076923076925,Calculated,Green,
kpi_002,0.0,Calculated,Green,
kpi_002,0.0,Calculated,Green,
kpi_002,13.333333333333334,Calculated,Green,
kpi_002,18.75,Calculated,Amber,
kpi_002,0.0,Calculated,Green,
kpi_002,0.0,Calculated,Green,
kpi_002,12.5,Calculated,Green,
kpi_002,11.76470588235294,Calculated,Green,
kpi_002,5.88235294117647,Calculated,Green,
kpi_002,15.384615384615383,Calculated,Amber,
kpi_002,0.0,Calculated,Green,
kpi_002,0.0,Calculated,Green,
kpi_002,7.6923076923076925,Calculated,Green,
kpi_002,0.0,Calculated,Green,
kpi_002,14.285714285714285,Calculated,Green,
kpi_002,5.555555555555555,Calculated,Green,
kpi_002,15.0,Calculated,Green,
kpi_002,0.0,Calculated,Green,
kpi_002,7.6923076923076925,Calculated,Green,
kpi_002,15.384615384615383,Calculated,Amber,
kpi_002,0.0,Calculated,Green,
kpi_002,7.142857142857142,Calculated,Green,
kpi_002,7.142857142857142,Calculated,Green,
kpi_002,6.666666666666667,Calculated,Green,
kpi_002,0.0,Calculated,Green,
kpi_002,0.0,Calculated,Green,
kpi_002,13.333333333333334,Calculated,Green,
kpi_002,11.76470588235294,Calculated,Green,
kpi_002,7.6923076923076925,Calculated,Green,
kpi_002,8.333333333333332,Calculated,Green,
kpi_002,6.666666666666667,Calculated,Green,
kpi_002,9.090909090909092,Calculated,Green,
kpi_002,21.428571428571427,Calculated,Red,
kpi_002,0.0,Calculated,Green,
kpi_002,13.333333333333334,Calculated,Green,
kpi_002,0.0,Calculated,Green,
kpi_002,0.0,Calculated,Green,
kpi_002,13.333333333333334,Calculated,Green,
kpi_002,6.666666666666667,Calculated,Green,
kpi_002,11.11111111111111,Calculated,Green,
kpi_002,11.76470588235294,Calculated,Green,
kpi_002,36.36363636363637,Calculated,Red,
kpi_002,11.76470588235294,Calculated,Green,
kpi_002,0.0,Calculated,Green,
kpi_002,5.88235294117647,Calculated,Green,
kpi_002,14.285714285714285,Calculated,Green,
kpi_002,5.555555555555555,Calculated,Green,
kpi_002,0.0,Calculated,Green,
kpi_002,0.0,Calculated,Green,
kpi_002,8.333333333333332,Calculated,Green,
kpi_002,12.5,Calculated,Green,
kpi_002,0.0,Calculated,Green,
kpi_002,7.142857142857142,Calculated,Green,
kpi_002,0.0,Calculated,Green,
kpi_002,20.0,Calculated,Red,
kpi_002,8.333333333333332,Calculated,Green,
kpi_002,6.666666666666667,Calculated,Green,
kpi_002,18.75,Calculated,Amber,
kpi_002,0.0,Calculated,Green,
kpi_002,6.25,Calculated,Green,
kpi_002,23.07692307692308,Calculated,Red,
kpi_002,15.384615384615383,Calculated,Amber,
kpi_002,6.666666666666667,Calculated,Green,
kpi_002,7.6923076923076925,Calculated,Green,
kpi_002,27.27272727272727,Calculated,Red,
kpi_002,8.333333333333332,Calculated,Green,
kpi_002,0.0,Calculated,Green,
kpi_002,5.88235294117647,Calculated,Green,
kpi_002,0.0,Calculated,Green,
kpi_002,0.0,Calculated,Green,
kpi_002,7.6923076923076925,Calculated,Green,
kpi_002,40.0,Calculated,Red,
kpi_002,16.666666666666664,Calculated,Amber,
kpi_002,0.0,Calculated,Green,
kpi_002,0.0,Calculated,Green,
kpi_002,14.285714285714285,Calculated,Green,
kpi_002,0.0,Calculated,Green,
kpi_002,14.285714285714285,Calculated,Green,
kpi_002,7.142857142857142,Calculated,Green,
kpi_002,6.666666666666667,Calculated,Green,
kpi_002,0.0,Calculated,Green,
kpi_002,5.555555555555555,Calculated,Green,
kpi_002,0.0,Calculated,Green,
kpi_002,21.428571428571427,Calculated,Red,
kpi_002,12.5,Calculated,Green,
kpi_002,0.0,Calculated,Green,
kpi_002,10.0,Calculated,Green,
kpi_002,18.75,Calculated,Amber,
kpi_002,26.666666666666668,Calculated,Red,
kpi_002,26.666666666666668,Calculated,Red,
kpi_002,0.0,Calculated,Green,
kpi_002,23.07692307692308,Calculated,Red,
kpi_002,0.0,Calculated,Green,
kpi_002,6.666666666666667,Calculated,Green,
kpi_002,0.0,Calculated,Green,
kpi_002,17.647058823529413,Calculated,Amber,
kpi_002,6.25,Calculated,Green,
kpi_002,5.88235294117647,Calculated,Green,
kpi_002,7.142857142857142,Calculated,Green,
kpi_002,18.75,Calculated,Amber,
kpi_002,12.5,Calculated,Green,
kpi_002,15.384615384615383,Calculated,Amber,
kpi_002,0.0,Calculated,Green,
kpi_002,17.647058823529413,Calculated,Amber,
kpi_002,0.0,Calculated,Green,
kpi_002,6.666666666666667,Calculated,Green,
kpi_002,8.333333333333332,Calculated,Green,
kpi_002,0.0,Calculated,Green,
kpi_002,8.333333333333332,Calculated,Green,
kpi_002,7.6923076923076925,Calculated,Green,
kpi_002,0.0,Calculated,Green,
kpi_002,18.181818181818183,Calculated,Amber,
kpi_002,18.75,Calculated,Amber,
kpi_002,10.526315789473683,Calculated,Green,
kpi_002,8.333333333333332,Calculated,Green,
kpi_002,15.384615384615383,Calculated,Amber,
kpi_002,7.6923076923076925,Calculated,Green,
kpi_002,15.384615384615383,Calculated,Amber,
kpi_002,28.57142857142857,Calculated,Red,
kpi_002,12.5,Calculated,Green,
kpi_002,9.090909090909092,Calculated,Green,
kpi_002,0.0,Calculated,Green,
kpi_002,25.0,Calculated,Red,
kpi_002,13.333333333333334,Calculated,Green,
kpi_002,14.285714285714285,Calculated,Green,
kpi_002,7.6923076923076925,Calculated,Green,
kpi_002,26.666666666666668,Calculated,Red,
kpi_002,13.333333333333334,Calculated,Green,
kpi_002,0.0,Calculated,Green,
kpi_002,11.11111111111111,Calculated,Green,
kpi_002,9.090909090909092,Calculated,Green,
kpi_002,0.0,Calculated,Green,
kpi_002,6.666666666666667,Calculated,Green,
kpi_002,12.5,Calculated,Green,
kpi_002,6.25,Calculated,Green,
kpi_002,26.666666666666668,Calculated,Red,
kpi_002,0.0,Calculated,Green,
kpi_002,15.384615384615383,Calculated,Amber,
kpi_002,6.666666666666667,Calculated,Green,
kpi_002,6.666666666666667,Calculated,Green,
kpi_002,28.57142857142857,Calculated,Red,
kpi_002,8.333333333333332,Calculated,Green,
kpi_002,7.142857142857142,Calculated,Green,
kpi_002,18.181818181818183,Calculated,Amber,
kpi_002,33.33333333333333,Calculated,Red,
kpi_002,0.0,Calculated,Green,
kpi_002,0.0,Calculated,Green,
kpi_002,6.666666666666667,Calculated,Green,
kpi_002,7.142857142857142,Calculated,Green,
kpi_002,8.333333333333332,Calculated,Green,
kpi_002,12.5,Calculated,Green,
kpi_002,23.52941176470588,Calculated,Red,
kpi_002,17.647058823529413,Calculated,Amber,
kpi_002,0.0,Calculated,Green,
kpi_002,0.0,Calculated,Green,
kpi_002,0.0,Calculated,Green,
kpi_002,5.555555555555555,Calculated,Green,
kpi_002,5.88235294117647,Calculated,Green,
kpi_002,7.142857142857142,Calculated,Green,
kpi_002,0.0,Calculated,Green,
kpi_002,8.333333333333332,Calculated,Green,
kpi_002,6.666666666666667,Calculated,Green,
kpi_002,0.0,Calculated,Green,
kpi_002,0.0,Calculated,Green,
kpi_002,13.333333333333334,Calculated,Green,
kpi_002,7.142857142857142,Calculated,Green,
kpi_002,0.0,Calculated,Green,
kpi_002,8.333333333333332,Calculated,Green,
kpi_002,6.666666666666667,Calculated,Green,
kpi_002,7.142857142857142,Calculated,Green,
kpi_002,0.0,Calculated,Green,
kpi_002,5.555555555555555,Calculated,Green,
kpi_002,0.0,Calculated,Green,
kpi_002,0.0,Calculated,Green,
kpi_002,0.0,Calculated,Green,
kpi_002,33.33333333333333,Calculated,Red,
kpi_002,0.0,Calculated,Green,
kpi_002,15.384615384615383,Calculated,Amber,
kpi_002,0.0,Calculated,Green,
kpi_002,9.090909090909092,Calculated,Green,
kpi_002,7.6923076923076925,Calculated,Green,
kpi_002,7.6923076923076925,Calculated,Green,
kpi_002,0.0,Calculated,Green,
kpi_002,6.666666666666667,Calculated,Green,
kpi_002,0.0,Calculated,Green,
kpi_002,0.0,Calculated,Green,
kpi_002,8.333333333333332,Calculated,Green,
kpi_002,6.666666666666667,Calculated,Green,
kpi_002,12.5,Calculated,Green,
kpi_002,5.263157894736842,Calculated,Green,
kpi_002,0.0,Calculated,Green,
kpi_002,0.0,Calculated,Green,
kpi_002,6.25,Calculated,Green,
kpi_002,6.666666666666667,Calculated,Green,
kpi_002,0.0,Calculated,Green,
kpi_002,14.285714285714285,Calculated,Green,
kpi_002,0.0,Calculated,Green,
kpi_002,13.333333333333334,Calculated,Green,
kpi_002,12.5,Calculated,Green,
kpi_002,18.181818181818183,Calculated,Amber,
kpi_002,0.0,Calculated,Green,
kpi_002,6.25,Calculated,Green,
kpi_002,13.333333333333334,Calculated,Green,
kpi_002,14.285714285714285,Calculated,Green,
kpi_002,5.88235294117647,Calculated,Green,
kpi_002,12.5,Calculated,Green,
kpi_002,0.0,Calculated,Green,
kpi_002,7.142857142857142,Calculated,Green,
kpi_002,0.0,Calculated,Green,
kpi_002,0.0,Calculated,Green,
kpi_002,18.181818181818183,Calculated,Amber,
kpi_002,7.6923076923076925,Calculated,Green,
kpi_002,5.88235294117647,Calculated,Green,
kpi_002,5.555555555555555,Calculated,Green,
kpi_002,0.0,Calculated,Green,
kpi_002,0.0,Calculated,Green,
kpi_002,6.666666666666667,Calculated,Green,
kpi_002,0.0,Calculated,Green,
kpi_002,0.0,Calculated,Green,
kpi_002,7.6923076923076925,Calculated,Green,
kpi_002,0.0,Calculated,Green,
kpi_002,6.666666666666667,Calculated,Green,
kpi_002,10.526315789473683,Calculated,Green,
kpi_002,13.333333333333334,Calculated,Green,
kpi_002,12.5,Calculated,Green,
kpi_002,7.6923076923076925,Calculated,Green,
kpi_002,0.0,Calculated,Green,
kpi_002,0.0,Calculated,Green,
kpi_002,7.142857142857142,Calculated,Green,
kpi_002,7.6923076923076925,Calculated,Green,
kpi_002,15.384615384615383,Calculated,Amber,
kpi_002,0.0,Calculated,Green,
kpi_002,33.33333333333333,Calculated,Red,
kpi_002,0.0,Calculated,Green,
kpi_002,7.6923076923076925,Calculated,Green,
kpi_002,0.0,Calculated,Green,
kpi_002,13.333333333333334,Calculated,Green,
kpi_002,15.789473684210526,Calculated,Amber,
kpi_002,6.25,Calculated,Green,
kpi_002,0.0,Calculated,Green,
kpi_002,0.0,Calculated,Green,
kpi_002,7.142857142857142,Calculated,Green,
kpi_002,9.090909090909092,Calculated,Green,
kpi_002,14.285714285714285,Calculated,Green,
kpi_002,23.07692307692308,Calculated,Red,
kpi_002,18.75,Calculated,Amber,
kpi_002,15.789473684210526,Calculated,Amber,
kpi_002,7.142857142857142,Calculated,Green,
kpi_002,0.0,Calculated,Green,
kpi_002,20.0,Calculated,Red,
kpi_002,0.0,Calculated,Green,
kpi_002,0.0,Calculated,Green,
kpi_002,5.555555555555555,Calculated,Green,
kpi_002,0.0,Calculated,Green,
kpi_002,9.090909090909092,Calculated,Green,
kpi_002,0.0,Calculated,Green,
kpi_002,7.142857142857142,Calculated,Green,
kpi_002,0.0,Calculated,Green,
kpi_002,6.25,Calculated,Green,
kpi_002,8.333333333333332,Calculated,Green,
kpi_002,18.181818181818183,Calculated,Amber,
kpi_002,6.666666666666667,Calculated,Green,
kpi_002,0.0,Calculated,Green,
kpi_002,18.75,Calculated,Amber,
kpi_002,0.0,Calculated,Green,
kpi_002,0.0,Calculated,Green,
kpi_002,6.25,Calculated,Green,
kpi_002,17.647058823529413,Calculated,Amber,
kpi_002,23.52941176470588,Calculated,Red,
kpi_002,18.75,Calculated,Amber,
kpi_002,0.0,Calculated,Green,
kpi_002,7.142857142857142,Calculated,Green,
kpi_002,7.142857142857142,Calculated,Green,
kpi_002,6.666666666666667,Calculated,Green,
kpi_002,0.0,Calculated,Green,
kpi_002,14.285714285714285,Calculated,Green,
kpi_002,11.11111111111111,Calculated,Green,
kpi_002,14.285714285714285,Calculated,Green,
kpi_002,23.07692307692308,Calculated,Red,
kpi_002,0.0,Calculated,Green,
kpi_002,6.666666666666667,Calculated,Green,
kpi_002,7.142857142857142,Calculated,Green,
kpi_002,6.666666666666667,Calculated,Green,
kpi_002,12.5,Calculated,Green,
kpi_002,0.0,Calculated,Green,
kpi_002,0.0,Calculated,Green,
kpi_002,18.75,Calculated,Amber,
kpi_002,12.5,Calculated,Green,
kpi_002,18.75,Calculated,Amber,
kpi_002,13.333333333333334,Calculated,Green,
kpi_002,7.142857142857142,Calculated,Green,
kpi_002,5.555555555555555,Calculated,Green,
kpi_002,18.181818181818183,Calculated,Amber,
kpi_002,0.0,Calculated,Green,
kpi_002,7.6923076923076925,Calculated,Green,
kpi_002,0.0,Calculated,Green,
kpi_002,27.27272727272727,Calculated,Red,
kpi_002,6.666666666666667,Calculated,Green,
kpi_002,11.11111111111111,Calculated,Green,
kpi_002,14.285714285714285,Calculated,Green,
kpi_002,8.333333333333332,Calculated,Green,
kpi_002,0.0,Calculated,Green,
kpi_002,7.6923076923076925,Calculated,Green,
kpi_002,5.88235294117647,Calculated,Green,
kpi_002,12.5,Calculated,Green,
kpi_002,0.0,Calculated,Green,
kpi_002,14.285714285714285,Calculated,Green,
kpi_002,14.285714285714285,Calculated,Green,
kpi_002,6.666666666666667,Calculated,Green,
kpi_002,18.181818181818183,Calculated,Amber,
kpi_002,15.384615384615383,Calculated,Amber,
kpi_002,0.0,Calculated,Green,
kpi_002,5.555555555555555,Calculated,Green,
kpi_002,9.523809523809524,Calculated,Green,
kpi_002,0.0,Calculated,Green,
kpi_002,0.0,Calculated,Green,
kpi_002,10.0,Calculated,Green,
kpi_002,6.25,Calculated,Green,
kpi_002,5.555555555555555,Calculated,Green,
kpi_002,0.0,Calculated,Green,
kpi_002,6.25,Calculated,Green,
kpi_002,0.0,Calculated,Green,
kpi_002,4.3478260869565215,Calculated,Green,
kpi_002,6.666666666666667,Calculated,Green,
kpi_002,5.88235294117647,Calculated,Green,
kpi_002,0.0,Calculated,Green,
kpi_002,11.11111111111111,Calculated,Green,
kpi_002,4.545454545454546,Calculated,Green,
kpi_002,5.263157894736842,Calculated,Green,
kpi_002,0.0,Calculated,Green,
kpi_002,6.25,Calculated,Green,
kpi_002,0.0,Calculated,Green,
kpi_002,10.0,Calculated,Green,
kpi_002,0.0,Calculated,Green,
kpi_002,0.0,Calculated,Green,
kpi_002,0.0,Calculated,Green,
kpi_002,0.0,Calculated,Green,
kpi_002,4.3478260869565215,Calculated,Green,
kpi_002,23.809523809523807,Calculated,Red,
kpi_002,10.0,Calculated,Green,
kpi_002,0.0,Calculated,Green,
kpi_002,12.5,Calculated,Green,
kpi_002,10.526315789473683,Calculated,Green,
kpi_002,0.0,Calculated,Green,
kpi_002,0.0,Calculated,Green,
kpi_002,5.0,Calculated,Green,
kpi_002,5.88235294117647,Calculated,Green,
kpi_002,0.0,Calculated,Green,
kpi_002,0.0,Calculated,Green,
kpi_002,12.5,Calculated,Green,
kpi_002,20.0,Calculated,Red,
kpi_002,10.526315789473683,Calculated,Green,
kpi_002,12.5,Calculated,Green,
kpi_002,6.666666666666667,Calculated,Green,
kpi_002,6.666666666666667,Calculated,Green,
kpi_002,12.5,Calculated,Green,
kpi_002,6.666666666666667,Calculated,Green,
kpi_002,0.0,Calculated,Green,
kpi_002,6.25,Calculated,Green,
kpi_002,0.0,Calculated,Green,
kpi_002,6.25,Calculated,Green,
kpi_002,4.761904761904762,Calculated,Green,
kpi_002,4.166666666666666,Calculated,Green,
kpi_002,20.0,Calculated,Red,
kpi_002,5.263157894736842,Calculated,Green,
kpi_002,4.761904761904762,Calculated,Green,
kpi_002,0.0,Calculated,Green,
kpi_002,11.11111111111111,Calculated,Green,
kpi_002,10.526315789473683,Calculated,Green,
kpi_002,6.25,Calculated,Green,
kpi_002,5.88235294117647,Calculated,Green,
kpi_002,5.555555555555555,Calculated,Green,
kpi_002,0.0,Calculated,Green,
kpi_002,0.0,Calculated,Green,
kpi_002,5.555555555555555,Calculated,Green,
kpi_002,9.090909090909092,Calculated,Green,
kpi_002,4.0,Calculated,Green,
kpi_002,10.526315789473683,Calculated,Green,
kpi_002,0.0,Calculated,Green,
kpi_002,12.5,Calculated,Green,
kpi_002,5.555555555555555,Calculated,Green,
kpi_002,5.263157894736842,Calculated,Green,
kpi_002,16.666666666666664,Calculated,Amber,
kpi_002,10.0,Calculated,Green,
kpi_002,0.0,Calculated,Green,
kpi_002,14.285714285714285,Calculated,Green,
kpi_002,0.0,Calculated,Green,
kpi_002,0.0,Calculated,Green,
kpi_002,10.0,Calculated,Green,
kpi_002,9.090909090909092,Calculated,Green,
kpi_002,7.6923076923076925,Calculated,Green,
kpi_002,22.22222222222222,Calculated,Red,
kpi_002,5.0,Calculated,Green,
kpi_002,6.25,Calculated,Green,
kpi_002,11.76470588235294,Calculated,Green,
kpi_002,5.0,Calculated,Green,
kpi_002,11.11111111111111,Calculated,Green,
kpi_002,4.761904761904762,Calculated,Green,
kpi_002,5.555555555555555,Calculated,Green,
kpi_002,5.88235294117647,Calculated,Green,
kpi_002,14.285714285714285,Calculated,Green,
kpi_002,12.5,Calculated,Green,
kpi_002,15.0,Calculated,Green,
kpi_002,21.73913043478261,Calculated,Red,
kpi_002,20.0,Calculated,Red,
kpi_002,0.0,Calculated,Green,
kpi_002,11.11111111111111,Calculated,Green,
kpi_002,5.88235294117647,Calculated,Green,
kpi_002,17.647058823529413,Calculated,Amber,
kpi_002,0.0,Calculated,Green,
kpi_002,9.090909090909092,Calculated,Green,
kpi_002,15.789473684210526,Calculated,Amber,
kpi_002,5.0,Calculated,Green,
kpi_002,12.5,Calculated,Green,
kpi_002,7.142857142857142,Calculated,Green,
kpi_002,0.0,Calculated,Green,
kpi_002,5.263157894736842,Calculated,Green,
kpi_002,5.0,Calculated,Green,
kpi_002,5.555555555555555,Calculated,Green,
kpi_002,0.0,Calculated,Green,
kpi_002,5.0,Calculated,Green,
kpi_002,12.5,Calculated,Green,
kpi_002,10.0,Calculated,Green,
kpi_002,0.0,Calculated,Green,
kpi_002,5.263157894736842,Calculated,Green,
kpi_002,13.333333333333334,Calculated,Green,
kpi_002,9.090909090909092,Calculated,Green,
kpi_002,16.666666666666664,Calculated,Amber,
kpi_002,6.25,Calculated,Green,
kpi_002,11.11111111111111,Calculated,Green,
kpi_002,5.0,Calculated,Green,
kpi_002,15.0,Calculated,Green,
kpi_002,17.647058823529413,Calculated,Amber,
kpi_002,5.88235294117647,Calculated,Green,
kpi_002,6.666666666666667,Calculated,Green,
kpi_002,20.833333333333336,Calculated,Red,
kpi_002,14.285714285714285,Calculated,Green,
kpi_002,10.0,Calculated,Green,
kpi_002,4.761904761904762,Calculated,Green,
kpi_002,11.76470588235294,Calculated,Green,
kpi_002,5.263157894736842,Calculated,Green,
kpi_002,12.5,Calculated,Green,
kpi_002,4.761904761904762,Calculated,Green,
kpi_002,6.25,Calculated,Green,
kpi_002,13.333333333333334,Calculated,Green,
kpi_002,0.0,Calculated,Green,
kpi_002,10.0,Calculated,Green,
kpi_002,11.76470588235294,Calculated,Green,
kpi_002,5.88235294117647,Calculated,Green,
kpi_002,4.761904761904762,Calculated,Green,
kpi_002,5.555555555555555,Calculated,Green,
kpi_002,10.0,Calculated,Green,
kpi_002,0.0,Calculated,Green,
kpi_002,14.285714285714285,Calculated,Green,
kpi_002,9.523809523809524,Calculated,Green,
kpi_002,5.0,Calculated,Green,
kpi_002,10.0,Calculated,Green,
kpi_002,16.666666666666664,Calculated,Amber,
kpi_002,5.88235294117647,Calculated,Green,
kpi_002,5.263157894736842,Calculated,Green,
kpi_002,12.5,Calculated,Green,
kpi_002,11.11111111111111,Calculated,Green,
kpi_002,20.0,Calculated,Red,
kpi_002,6.666666666666667,Calculated,Green,
kpi_002,5.88235294117647,Calculated,Green,
kpi_002,0.0,Calculated,Green,
kpi_002,16.666666666666664,Calculated,Amber,
kpi_002,16.666666666666664,Calculated,Amber,
kpi_002,15.0,Calculated,Green,
kpi_002,22.22222222222222,Calculated,Red,
kpi_002,5.263157894736842,Calculated,Green,
kpi_002,0.0,Calculated,Green,
kpi_002,6.666666666666667,Calculated,Green,
kpi_002,4.545454545454546,Calculated,Green,
kpi_002,5.555555555555555,Calculated,Green,
kpi_002,0.0,Calculated,Green,
kpi_002,13.333333333333334,Calculated,Green,
kpi_002,21.052631578947366,Calculated,Red,
kpi_002,25.0,Calculated,Red,
kpi_002,9.090909090909092,Calculated,Green,
kpi_002,0.0,Calculated,Green,
kpi_002,8.333333333333332,Calculated,Green,
kpi_002,11.11111111111111,Calculated,Green,
kpi_002,20.0,Calculated,Red,
kpi_002,9.523809523809524,Calculated,Green,
kpi_002,25.0,Calculated,Red,
kpi_002,7.6923076923076925,Calculated,Green,
kpi_002,16.666666666666664,Calculated,Amber,
kpi_002,17.647058823529413,Calculated,Amber,
kpi_002,10.0,Calculated,Green,
kpi_002,13.636363636363637,Calculated,Green,
kpi_002,10.526315789473683,Calculated,Green,
kpi_002,18.75,Calculated,Amber,
kpi_002,23.809523809523807,Calculated,Red,
kpi_002,0.0,Calculated,Green,
kpi_002,10.0,Calculated,Green,
kpi_002,21.428571428571427,Calculated,Red,
kpi_002,0.0,Calculated,Green,
kpi_002,18.181818181818183,Calculated,Amber,
kpi_002,7.6923076923076925,Calculated,Green,
kpi_002,25.0,Calculated,Red,
kpi_002,5.0,Calculated,Green,
kpi_002,0.0,Calculated,Green,
kpi_002,5.555555555555555,Calculated,Green,
kpi_002,6.25,Calculated,Green,
kpi_002,7.142857142857142,Calculated,Green,
kpi_002,5.0,Calculated,Green,
kpi_002,5.88235294117647,Calculated,Green,
kpi_002,31.57894736842105,Calculated,Red,
kpi_002,6.25,Calculated,Green,
kpi_002,5.0,Calculated,Green,
kpi_002,11.76470588235294,Calculated,Green,
kpi_002,9.090909090909092,Calculated,Green,
kpi_002,15.789473684210526,Calculated,Amber,
kpi_002,17.647058823529413,Calculated,Amber,
kpi_002,14.285714285714285,Calculated,Green,
kpi_002,10.526315789473683,Calculated,Green,
kpi_002,17.647058823529413,Calculated,Amber,
kpi_002,29.411764705882355,Calculated,Red,
kpi_002,38.46153846153847,Calculated,Red,
kpi_002,0.0,Calculated,Green,
kpi_002,0.0,Calculated,Green,
kpi_002,0.0,Calculated,Green,
kpi_002,0.0,Calculated,Green,
kpi_002,23.52941176470588,Calculated,Red,
kpi_002,15.789473684210526,Calculated,Amber,
kpi_002,4.3478260869565215,Calculated,Green,
kpi_002,10.526315789473683,Calculated,Green,
kpi_002,11.11111111111111,Calculated,Green,
kpi_002,13.636363636363637,Calculated,Green,
kpi_002,5.555555555555555,Calculated,Green,
kpi_002,0.0,Calculated,Green,
kpi_002,10.526315789473683,Calculated,Green,
kpi_002,6.25,Calculated,Green,
kpi_002,8.695652173913043,Calculated,Green,
kpi_002,7.6923076923076925,Calculated,Green,
kpi_002,11.11111111111111,Calculated,Green,
kpi_002,4.761904761904762,Calculated,Green,
kpi_002,9.090909090909092,Calculated,Green,
kpi_002,9.523809523809524,Calculated,Green,
kpi_002,18.75,Calculated,Amber,
kpi_002,0.0,Calculated,Green,
kpi_002,10.526315789473683,Calculated,Green,
kpi_002,0.0,Calculated,Green,
kpi_002,11.76470588235294,Calculated,Green,
kpi_002,5.263157894736842,Calculated,Green,
kpi_002,9.090909090909092,Calculated,Green,
kpi_002,0.0,Calculated,Green,
kpi_002,5.263157894736842,Calculated,Green,
kpi_002,4.761904761904762,Calculated,Green,
kpi_002,13.636363636363637,Calculated,Green,
kpi_002,5.263157894736842,Calculated,Green,
kpi_002,14.285714285714285,Calculated,Green,
kpi_002,5.88235294117647,Calculated,Green,
kpi_002,11.11111111111111,Calculated,Green,
kpi_002,0.0,Calculated,Green,
kpi_002,10.0,Calculated,Green,
kpi_002,0.0,Calculated,Green,
kpi_002,5.555555555555555,Calculated,Green,
kpi_002,4.545454545454546,Calculated,Green,
kpi_002,0.0,Calculated,Green,
kpi_002,14.285714285714285,Calculated,Green,
kpi_002,5.88235294117647,Calculated,Green,
kpi_002,8.333333333333332,Calculated,Green,
kpi_002,6.25,Calculated,Green,
kpi_002,0.0,Calculated,Green,
kpi_002,0.0,Calculated,Green,
kpi_002,4.166666666666666,Calculated,Green,
kpi_002,4.0,Calculated,Green,
kpi_002,17.647058823529413,Calculated,Amber,
kpi_002,5.0,Calculated,Green,
kpi_002,17.647058823529413,Calculated,Amber,
kpi_002,6.25,Calculated,Green,
kpi_002,14.285714285714285,Calculated,Green,
kpi_002,0.0,Calculated,Green,
kpi_002,6.666666666666667,Calculated,Green,
kpi_002,13.333333333333334,Calculated,Green,
kpi_002,0.0,Calculated,Green,
kpi_002,0.0,Calculated,Green,
kpi_002,10.526315789473683,Calculated,Green,
kpi_002,5.0,Calculated,Green,
kpi_002,4.761904761904762,Calculated,Green,
kpi_002,10.526315789473683,Calculated,Green,
kpi_002,6.25,Calculated,Green,
kpi_002,13.043478260869565,Calculated,Green,
kpi_002,9.523809523809524,Calculated,Green,
kpi_002,0.0,Calculated,Green,
kpi_002,0.0,Calculated,Green,
kpi_002,0.0,Calculated,Green,
kpi_002,0.0,Calculated,Green,
kpi_002,5.555555555555555,Calculated,Green,
kpi_002,15.789473684210526,Calculated,Amber,
kpi_002,13.636363636363637,Calculated,Green,
kpi_002,11.11111111111111,Calculated,Green,
kpi_002,11.76470588235294,Calculated,Green,
kpi_002,4.761904761904762,Calculated,Green,
kpi_002,5.263157894736842,Calculated,Green,
kpi_002,7.142857142857142,Calculated,Green,
kpi_002,15.789473684210526,Calculated,Amber,
kpi_002,0.0,Calculated,Green,
kpi_002,0.0,Calculated,Green,
kpi_002,6.25,Calculated,Green,
kpi_002,0.0,Calculated,Green,
kpi_002,0.0,Calculated,Green,
kpi_002,10.526315789473683,Calculated,Green,
kpi_002,11.11111111111111,Calculated,Green,
kpi_002,15.0,Calculated,Green,
kpi_002,11.76470588235294,Calculated,Green,
kpi_002,14.285714285714285,Calculated,Green,
kpi_002,5.263157894736842,Calculated,Green,
kpi_002,5.0,Calculated,Green,
kpi_002,11.76470588235294,Calculated,Green,
kpi_002,4.3478260869565215,Calculated,Green,
kpi_002,14.285714285714285,Calculated,Green,
kpi_002,0.0,Calculated,Green,
kpi_002,4.761904761904762,Calculated,Green,
kpi_002,16.666666666666664,Calculated,Amber,
kpi_002,0.0,Calculated,Green,
kpi_002,4.166666666666666,Calculated,Green,
kpi_002,12.5,Calculated,Green,
kpi_002,5.88235294117647,Calculated,Green,
kpi_002,17.647058823529413,Calculated,Amber,
kpi_002,5.555555555555555,Calculated,Green,
kpi_002,11.76470588235294,Calculated,Green,
kpi_002,9.090909090909092,Calculated,Green,
kpi_002,15.384615384615383,Calculated,Amber,
kpi_002,0.0,Calculated,Green,
kpi_002,0.0,Calculated,Green,
kpi_002,13.333333333333334,Calculated,Green,
kpi_002,4.761904761904762,Calculated,Green,
kpi_002,7.142857142857142,Calculated,Green,
kpi_002,5.555555555555555,Calculated,Green,
kpi_002,5.88235294117647,Calculated,Green,
kpi_002,10.0,Calculated,Green,
kpi_002,11.76470588235294,Calculated,Green,
kpi_002,0.0,Calculated,Green,
kpi_002,5.555555555555555,Calculated,Green,
kpi_002,5.263157894736842,Calculated,Green,
kpi_002,0.0,Calculated,Green,
kpi_002,5.88235294117647,Calculated,Green,
kpi_002,8.695652173913043,Calculated,Green,
kpi_002,10.526315789473683,Calculated,Green,
kpi_002,5.88235294117647,Calculated,Green,
kpi_002,5.263157894736842,Calculated,Green,
kpi_002,0.0,Calculated,Green,
kpi_002,15.789473684210526,Calculated,Amber,
kpi_002,16.666666666666664,Calculated,Amber,
kpi_002,0.0,Calculated,Green,
kpi_002,0.0,Calculated,Green,
kpi_002,15.0,Calculated,Green,
kpi_002,5.555555555555555,Calculated,Green,
kpi_002,5.263157894736842,Calculated,Green,
kpi_002,10.0,Calculated,Green,
kpi_002,5.263157894736842,Calculated,Green,
kpi_002,14.285714285714285,Calculated,Green,
kpi_002,5.263157894736842,Calculated,Green,
kpi_002,4.166666666666666,Calculated,Green,
kpi_002,4.761904761904762,Calculated,Green,
kpi_002,9.090909090909092,Calculated,Green,
kpi_002,14.285714285714285,Calculated,Green,
kpi_002,0.0,Calculated,Green,
kpi_002,10.526315789473683,Calculated,Green,
kpi_002,5.88235294117647,Calculated,Green,
kpi_002,11.11111111111111,Calculated,Green,
kpi_002,0.0,Calculated,Green,
kpi_002,0.0,Calculated,Green,
kpi_002,22.22222222222222,Calculated,Red,
kpi_002,13.333333333333334,Calculated,Green,
kpi_002,5.263157894736842,Calculated,Green,
kpi_002,0.0,Calculated,Green,
kpi_002,7.142857142857142,Calculated,Green,
kpi_002,4.761904761904762,Calculated,Green,
kpi_002,16.666666666666664,Calculated,Amber,
kpi_002,0.0,Calculated,Green,
kpi_002,5.88235294117647,Calculated,Green,
kpi_002,5.263157894736842,Calculated,Green,
kpi_002,7.6923076923076925,Calculated,Green,
kpi_002,0.0,Calculated,Green,
kpi_002,0.0,Calculated,Green,
kpi_002,0.0,Calculated,Green,
kpi_002,0.0,Calculated,Green,
kpi_002,0.0,Calculated,Green,
kpi_002,20.0,Calculated,Red,
kpi_002,0.0,Calculated,Green,
kpi_002,8.333333333333332,Calculated,Green,
kpi_002,0.0,Calculated,Green,
kpi_002,7.6923076923076925,Calculated,Green,
kpi_002,0.0,Calculated,Green,
kpi_002,0.0,Calculated,Green,
kpi_002,0.0,Calculated,Green,
kpi_002,0.0,Calculated,Green,
kpi_002,10.0,Calculated,Green,
kpi_002,8.333333333333332,Calculated,Green,
kpi_002,20.0,Calculated,Red,
kpi_002,0.0,Calculated,Green,
kpi_002,12.5,Calculated,Green,
kpi_002,0.0,Calculated,Green,
kpi_002,8.333333333333332,Calculated,Green,
kpi_002,9.090909090909092,Calculated,Green,
kpi_002,0.0,Calculated,Green,
kpi_002,9.090909090909092,Calculated,Green,
kpi_002,0.0,Calculated,Green,
kpi_002,0.0,Calculated,Green,
kpi_002,6.25,Calculated,Green,
kpi_002,0.0,Calculated,Green,
kpi_002,0.0,Calculated,Green,
kpi_002,0.0,Calculated,Green,
kpi_002,0.0,Calculated,Green,
kpi_002,10.0,Calculated,Green,
kpi_002,0.0,Calculated,Green,
kpi_002,0.0,Calculated,Green,
kpi_002,0.0,Calculated,Green,
kpi_002,0.0,Calculated,Green,
kpi_002,0.0,Calculated,Green,
kpi_002,0.0,Calculated,Green,
kpi_002,0.0,Calculated,Green,
kpi_002,0.0,Calculated,Green,
kpi_002,0.0,Calculated,Green,
kpi_002,11.11111111111111,Calculated,Green,
kpi_002,0.0,Calculated,Green,
kpi_002,0.0,Calculated,Green,
kpi_002,0.0,Calculated,Green,
kpi_002,0.0,Calculated,Green,
kpi_002,0.0,Calculated,Green,
kpi_002,0.0,Calculated,Green,
kpi_002,14.285714285714285,Calculated,Green,
kpi_002,10.0,Calculated,Green,
kpi_002,10.0,Calculated,Green,
kpi_002,0.0,Calculated,Green,
kpi_002,0.0,Calculated,Green,
kpi_002,0.0,Calculated,Green,
kpi_002,6.25,Calculated,Green,
kpi_002,0.0,Calculated,Green,
kpi_002,10.0,Calculated,Green,
kpi_002,0.0,Calculated,Green,
kpi_002,8.333333333333332,Calculated,Green,
kpi_002,9.090909090909092,Calculated,Green,
kpi_002,0.0,Calculated,Green,
kpi_002,0.0,Calculated,Green,
kpi_002,11.11111111111111,Calculated,Green,
kpi_002,16.666666666666664,Calculated,Amber,
kpi_002,0.0,Calculated,Green,
kpi_002,25.0,Calculated,Red,
kpi_002,10.0,Calculated,Green,
kpi_002,0.0,Calculated,Green,
kpi_002,0.0,Calculated,Green,
kpi_002,0.0,Calculated,Green,
kpi_002,0.0,Calculated,Green,
kpi_002,21.428571428571427,Calculated,Red,
kpi_002,0.0,Calculated,Green,
kpi_002,0.0,Calculated,Green,
kpi_002,6.666666666666667,Calculated,Green,
kpi_002,13.333333333333334,Calculated,Green,
kpi_002,25.0,Calculated,Red,
kpi_002,14.285714285714285,Calculated,Green,
kpi_002,20.0,Calculated,Red,
kpi_002,10.0,Calculated,Green,
kpi_002,7.6923076923076925,Calculated,Green,
kpi_002,11.11111111111111,Calculated,Green,
kpi_002,16.666666666666664,Calculated,Amber,
kpi_002,14.285714285714285,Calculated,Green,
kpi_002,9.090909090909092,Calculated,Green,
kpi_002,13.333333333333334,Calculated,Green,
kpi_002,0.0,Calculated,Green,
kpi_002,9.090909090909092,Calculated,Green,
kpi_002,21.428571428571427,Calculated,Red,
kpi_002,7.6923076923076925,Calculated,Green,
kpi_002,15.384615384615383,Calculated,Amber,
kpi_002,10.0,Calculated,Green,
kpi_002,36.36363636363637,Calculated,Red,
kpi_002,15.384615384615383,Calculated,Amber,
kpi_002,15.384615384615383,Calculated,Amber,
kpi_002,0.0,Calculated,Green,
kpi_002,15.384615384615383,Calculated,Amber,
kpi_002,0.0,Calculated,Green,
kpi_002,0.0,Calculated,Green,
kpi_002,36.36363636363637,Calculated,Red,
kpi_002,10.0,Calculated,Green,
kpi_002,30.76923076923077,Calculated,Red,
kpi_002,16.666666666666664,Calculated,Amber,
kpi_002,13.333333333333334,Calculated,Green,
kpi_002,9.090909090909092,Calculated,Green,
kpi_002,9.090909090909092,Calculated,Green,
kpi_002,0.0,Calculated,Green,
kpi_002,9.090909090909092,Calculated,Green,
kpi_002,8.333333333333332,Calculated,Green,
kpi_002,25.0,Calculated,Red,
kpi_002,50.0,Calculated,Red,
kpi_002,8.333333333333332,Calculated,Green,
kpi_002,11.11111111111111,Calculated,Green,
kpi_002,0.0,Calculated,Green,
kpi_002,0.0,Calculated,Green,
kpi_002,7.142857142857142,Calculated,Green,
kpi_002,33.33333333333333,Calculated,Red,
kpi_002,0.0,Calculated,Green,
kpi_002,6.25,Calculated,Green,
kpi_002,10.0,Calculated,Green,
kpi_002,0.0,Calculated,Green,
kpi_002,15.384615384615383,Calculated,Amber,
kpi_002,20.0,Calculated,Red,
kpi_002,0.0,Calculated,Green,
kpi_002,10.0,Calculated,Green,
kpi_002,23.07692307692308,Calculated,Red,
kpi_002,10.0,Calculated,Green,
kpi_002,16.666666666666664,Calculated,Amber,
kpi_002,0.0,Calculated,Green,
kpi_002,0.0,Calculated,Green,
kpi_002,9.090909090909092,Calculated,Green,
kpi_002,0.0,Calculated,Green,
kpi_002,0.0,Calculated,Green,
kpi_002,0.0,Calculated,Green,
kpi_002,16.666666666666664,Calculated,Amber,
kpi_002,27.27272727272727,Calculated,Red,
kpi_002,10.0,Calculated,Green,
kpi_002,10.0,Calculated,Green,
kpi_002,16.666666666666664,Calculated,Amber,
kpi_002,14.285714285714285,Calculated,Green,
kpi_002,10.0,Calculated,Green,
kpi_002,7.6923076923076925,Calculated,Green,
kpi_002,0.0,Calculated,Green,
kpi_002,6.25,Calculated,Green,
kpi_002,0.0,Calculated,Green,
kpi_002,0.0,Calculated,Green,
kpi_002,12.5,Calculated,Green,
kpi_002,0.0,Calculated,Green,
kpi_002,21.428571428571427,Calculated,Red,
kpi_002,0.0,Calculated,Green,
kpi_002,15.384615384615383,Calculated,Amber,
kpi_002,10.0,Calculated,Green,
kpi_002,0.0,Calculated,Green,
kpi_002,0.0,Calculated,Green,
kpi_002,10.0,Calculated,Green,
kpi_002,18.181818181818183,Calculated,Amber,
kpi_002,8.333333333333332,Calculated,Green,
kpi_002,0.0,Calculated,Green,
kpi_002,0.0,Calculated,Green,
kpi_002,9.090909090909092,Calculated,Green,
kpi_002,0.0,Calculated,Green,
kpi_002,10.0,Calculated,Green,
kpi_002,18.181818181818183,Calculated,Amber,
kpi_002,18.181818181818183,Calculated,Amber,
kpi_002,16.666666666666664,Calculated,Amber,
kpi_002,22.22222222222222,Calculated,Red,
kpi_002,38.46153846153847,Calculated,Red,
kpi_002,12.5,Calculated,Green,
kpi_002,7.6923076923076925,Calculated,Green,
kpi_002,0.0,Calculated,Green,
kpi_002,16.666666666666664,Calculated,Amber,
kpi_002,23.07692307692308,Calculated,Red,
kpi_002,0.0,Calculated,Green,
kpi_002,11.11111111111111,Calculated,Green,
kpi_002,15.384615384615383,Calculated,Amber,
kpi_002,14.285714285714285,Calculated,Green,
kpi_002,22.22222222222222,Calculated,Red,
kpi_002,23.07692307692308,Calculated,Red,
kpi_002,9.090909090909092,Calculated,Green,
kpi_002,7.142857142857142,Calculated,Green,
kpi_002,0.0,Calculated,Green,
kpi_002,7.142857142857142,Calculated,Green,
kpi_002,0.0,Calculated,Green,
kpi_002,16.666666666666664,Calculated,Amber,
kpi_002,10.0,Calculated,Green,
kpi_002,33.33333333333333,Calculated,Red,
kpi_002,40.0,Calculated,Red,
kpi_002,20.0,Calculated,Red,
kpi_002,11.11111111111111,Calculated,Green,
kpi_002,13.333333333333334,Calculated,Green,
kpi_002,9.090909090909092,Calculated,Green,
kpi_002,27.27272727272727,Calculated,Red,
kpi_002,0.0,Calculated,Green,
kpi_002,9.090909090909092,Calculated,Green,
kpi_002,0.0,Calculated,Green,
kpi_002,0.0,Calculated,Green,
kpi_002,20.0,Calculated,Red,
kpi_002,0.0,Calculated,Green,
kpi_002,0.0,Calculated,Green,
kpi_002,0.0,Calculated,Green,
kpi_002,0.0,Calculated,Green,
kpi_002,9.090909090909092,Calculated,Green,
kpi_002,0.0,Calculated,Green,
kpi_002,16.666666666666664,Calculated,Amber,
kpi_002,8.333333333333332,Calculated,Green,
kpi_002,9.090909090909092,Calculated,Green,
kpi_002,0.0,Calculated,Green,
kpi_002,0.0,Calculated,Green,
kpi_002,0.0,Calculated,Green,
kpi_002,8.333333333333332,Calculated,Green,
kpi_002,10.0,Calculated,Green,
kpi_002,0.0,Calculated,Green,
kpi_002,25.0,Calculated,Red,
kpi_002,0.0,Calculated,Green,
kpi_002,0.0,Calculated,Green,
kpi_002,0.0,Calculated,Green,
kpi_002,0.0,Calculated,Green,
kpi_002,0.0,Calculated,Green,
kpi_002,9.090909090909092,Calculated,Green,
kpi_002,10.0,Calculated,Green,
kpi_002,8.333333333333332,Calculated,Green,
kpi_002,7.142857142857142,Calculated,Green,
kpi_002,0.0,Calculated,Green,
kpi_002,8.333333333333332,Calculated,Green,
kpi_002,9.090909090909092,Calculated,Green,
kpi_002,25.0,Calculated,Red,
kpi_002,12.5,Calculated,Green,
kpi_002,7.142857142857142,Calculated,Green,
kpi_002,10.0,Calculated,Green,
kpi_002,14.285714285714285,Calculated,Green,
kpi_002,7.142857142857142,Calculated,Green,
kpi_002,11.11111111111111,Calculated,Green,
kpi_002,8.333333333333332,Calculated,Green,
kpi_002,18.181818181818183,Calculated,Amber,
kpi_002,7.142857142857142,Calculated,Green,
kpi_002,12.5,Calculated,Green,
kpi_002,18.181818181818183,Calculated,Amber,
kpi_002,14.285714285714285,Calculated,Green,
kpi_002,14.285714285714285,Calculated,Green,
kpi_002,7.142857142857142,Calculated,Green,
kpi_002,15.384615384615383,Calculated,Amber,
kpi_002,9.090909090909092,Calculated,Green,
kpi_002,8.333333333333332,Calculated,Green,
kpi_002,16.666666666666664,Calculated,Amber,
kpi_002,14.285714285714285,Calculated,Green,
kpi_002,8.333333333333332,Calculated,Green,
kpi_002,0.0,Calculated,Green,
kpi_002,0.0,Calculated,Green,
kpi_002,11.11111111111111,Calculated,Green,
kpi_002,0.0,Calculated,Green,
kpi_002,0.0,Calculated,Green,
kpi_002,0.0,Calculated,Green,
kpi_002,7.6923076923076925,Calculated,Green,
kpi_002,0.0,Calculated,Green,
kpi_002,18.181818181818183,Calculated,Amber,
kpi_002,15.384615384615383,Calculated,Amber,
kpi_002,0.0,Calculated,Green,
kpi_002,10.0,Calculated,Green,
kpi_002,0.0,Calculated,Green,
kpi_002,7.6923076923076925,Calculated,Green,
kpi_002,11.11111111111111,Calculated,Green,
kpi_002,18.181818181818183,Calculated,Amber,
kpi_002,7.6923076923076925,Calculated,Green,
kpi_002,9.090909090909092,Calculated,Green,
kpi_002,0.0,Calculated,Green,
kpi_002,0.0,Calculated,Green,
kpi_002,0.0,Calculated,Green,
kpi_002,20.0,Calculated,Red,
kpi_002,10.0,Calculated,Green,
kpi_002,0.0,Calculated,Green,
kpi_002,7.6923076923076925,Calculated,Green,
kpi_002,0.0,Calculated,Green,
kpi_002,0.0,Calculated,Green,
kpi_002,0.0,Calculated,Green,
kpi_002,7.6923076923076925,Calculated,Green,
kpi_002,9.090909090909092,Calculated,Green,
kpi_002,8.333333333333332,Calculated,Green,
kpi_002,0.0,Calculated,Green,
kpi_002,0.0,Calculated,Green,
kpi_002,30.0,Calculated,Red,
kpi_002,18.181818181818183,Calculated,Amber,
kpi_002,0.0,Calculated,Green,
kpi_002,37.5,Calculated,Red,
kpi_002,14.285714285714285,Calculated,Green,
kpi_002,0.0,Calculated,Green,
kpi_002,0.0,Calculated,Green,
kpi_002,11.11111111111111,Calculated,Green,
kpi_002,9.090909090909092,Calculated,Green,
kpi_002,7.6923076923076925,Calculated,Green,
kpi_002,0.0,Calculated,Green,
kpi_002,9.090909090909092,Calculated,Green,
kpi_002,18.181818181818183,Calculated,Amber,
kpi_002,0.0,Calculated,Green,
kpi_002,0.0,Calculated,Green,
kpi_002,8.333333333333332,Calculated,Green,
kpi_002,11.11111111111111,Calculated,Green,
kpi_002,0.0,Calculated,Green,
kpi_002,10.0,Calculated,Green,
kpi_002,10.0,Calculated,Green,
kpi_002,0.0,Calculated,Green,
kpi_002,27.27272727272727,Calculated,Red,
kpi_002,15.384615384615383,Calculated,Amber,
kpi_002,11.11111111111111,Calculated,Green,
kpi_002,18.181818181818183,Calculated,Amber,
kpi_002,13.333333333333334,Calculated,Green,
kpi_002,8.333333333333332,Calculated,Green,
kpi_002,9.090909090909092,Calculated,Green,
kpi_002,8.333333333333332,Calculated,Green,
kpi_002,9.090909090909092,Calculated,Green,
kpi_002,7.6923076923076925,Calculated,Green,
kpi_002,0.0,Calculated,Green,
kpi_002,7.142857142857142,Calculated,Green,
kpi_002,10.0,Calculated,Green,
kpi_002,35.714285714285715,Calculated,Red,
kpi_002,15.384615384615383,Calculated,Amber,
kpi_002,15.384615384615383,Calculated,Amber,
kpi_002,0.0,Calculated,Green,
kpi_002,8.333333333333332,Calculated,Green,
kpi_002,8.333333333333332,Calculated,Green,
kpi_002,0.0,Calculated,Green,
kpi_002,11.11111111111111,Calculated,Green,
kpi_002,11.11111111111111,Calculated,Green,
kpi_002,8.333333333333332,Calculated,Green,
kpi_002,15.384615384615383,Calculated,Amber,
kpi_002,8.333333333333332,Calculated,Green,
kpi_002,0.0,Calculated,Green,
kpi_002,0.0,Calculated,Green,
kpi_002,7.6923076923076925,Calculated,Green,
kpi_002,8.333333333333332,Calculated,Green,
kpi_002,0.0,Calculated,Green,
kpi_002,23.07692307692308,Calculated,Red,
kpi_002,0.0,Calculated,Green,
kpi_002,0.0,Calculated,Green,
kpi_002,7.142857142857142,Calculated,Green,
kpi_002,7.142857142857142,Calculated,Green,
kpi_002,10.0,Calculated,Green,
kpi_002,33.33333333333333,Calculated,Red,
kpi_002,0.0,Calculated,Green,
kpi_002,0.0,Calculated,Green,
kpi_002,0.0,Calculated,Green,
kpi_002,0.0,Calculated,Green,
kpi_002,11.11111111111111,Calculated,Green,
kpi_002,0.0,Calculated,Green,
kpi_002,0.0,Calculated,Green,
kpi_002,7.6923076923076925,Calculated,Green,
kpi_002,0.0,Calculated,Green,
kpi_002,16.666666666666664,Calculated,Amber,
kpi_002,10.0,Calculated,Green,
kpi_002,16.666666666666664,Calculated,Amber,
kpi_002,0.0,Calculated,Green,
kpi_002,0.0,Calculated,Green,
kpi_002,7.6923076923076925,Calculated,Green,
kpi_002,0.0,Calculated,Green,
kpi_002,9.090909090909092,Calculated,Green,
kpi_002,0.0,Calculated,Green,
kpi_002,33.33333333333333,Calculated,Red,
kpi_002,37.5,Calculated,Red,
kpi_002,18.181818181818183,Calculated,Amber,
kpi_002,16.666666666666664,Calculated,Amber,
kpi_002,8.333333333333332,Calculated,Green,
kpi_002,18.181818181818183,Calculated,Amber,
kpi_002,27.27272727272727,Calculated,Red,
kpi_002,7.6923076923076925,Calculated,Green,
kpi_002,0.0,Calculated,Green,
kpi_002,0.0,Calculated,Green,
kpi_002,0.0,Calculated,Green,
kpi_002,20.0,Calculated,Red,
kpi_002,0.0,Calculated,Green,
kpi_002,12.5,Calculated,Green,
kpi_002,0.0,Calculated,Green,
kpi_002,0.0,Calculated,Green,
kpi_002,11.11111111111111,Calculated,Green,
kpi_002,10.0,Calculated,Green,
kpi_002,0.0,Calculated,Green,
kpi_002,22.22222222222222,Calculated,Red,
kpi_002,0.0,Calculated,Green,
kpi_002,0.0,Calculated,Green,
kpi_002,0.0,Calculated,Green,
kpi_002,18.181818181818183,Calculated,Amber,
kpi_002,13.333333333333334,Calculated,Green,
kpi_002,7.142857142857142,Calculated,Green,
kpi_002,0.0,Calculated,Green,
kpi_002,0.0,Calculated,Green,
kpi_002,0.0,Calculated,Green,
kpi_002,0.0,Calculated,Green,
kpi_002,0.0,Calculated,Green,
kpi_002,0.0,Calculated,Green,
kpi_002,16.666666666666664,Calculated,Amber,
kpi_002,0.0,Calculated,Green,
kpi_002,10.0,Calculated,Green,
kpi_002,0.0,Calculated,Green,
kpi_002,0.0,Calculated,Green,
kpi_002,0.0,Calculated,Green,
kpi_002,9.090909090909092,Calculated,Green,
kpi_002,0.0,Calculated,Green,
kpi_002,8.333333333333332,Calculated,Green,
kpi_002,8.333333333333332,Calculated,Green,
kpi_002,16.666666666666664,Calculated,Amber,
kpi_002,9.090909090909092,Calculated,Green,
kpi_002,0.0,Calculated,Green,
kpi_002,0.0,Calculated,Green,
kpi_002,7.142857142857142,Calculated,Green,
kpi_002,9.090909090909092,Calculated,Green,
kpi_002,16.666666666666664,Calculated,Amber,
kpi_002,0.0,Calculated,Green,
kpi_002,0.0,Calculated,Green,
kpi_002,8.333333333333332,Calculated,Green,
kpi_002,0.0,Calculated,Green,
kpi_002,0.0,Calculated,Green,
kpi_002,0.0,Calculated,Green,
kpi_002,0.0,Calculated,Green,
kpi_002,0.0,Calculated,Green,
kpi_002,14.285714285714285,Calculated,Green,
kpi_002,0.0,Calculated,Green,
kpi_002,0.0,Calculated,Green,
kpi_002,20.0,Calculated,Red,
kpi_002,10.0,Calculated,Green,
kpi_002,0.0,Calculated,Green,
kpi_002,8.333333333333332,Calculated,Green,
kpi_002,0.0,Calculated,Green,
kpi_002,0.0,Calculated,Green,
kpi_002,0.0,Calculated,Green,
kpi_002,14.285714285714285,Calculated,Green,
kpi_002,18.181818181818183,Calculated,Amber,
kpi_002,16.666666666666664,Calculated,Amber,
kpi_002,25.0,Calculated,Red,
kpi_002,20.0,Calculated,Red,
kpi_002,0.0,Calculated,Green,
kpi_002,9.090909090909092,Calculated,Green,
kpi_002,0.0,Calculated,Green,
kpi_002,12.5,Calculated,Green,
kpi_002,0.0,Calculated,Green,
kpi_002,5.88235294117647,Calculated,Green,
kpi_002,0.0,Calculated,Green,
kpi_002,0.0,Calculated,Green,
kpi_002,8.333333333333332,Calculated,Green,
kpi_002,7.142857142857142,Calculated,Green,
kpi_002,9.090909090909092,Calculated,Green,
kpi_002,0.0,Calculated,Green,
kpi_002,7.6923076923076925,Calculated,Green,
kpi_002,0.0,Calculated,Green,
kpi_002,0.0,Calculated,Green,
kpi_002,7.142857142857142,Calculated,Green,
kpi_002,12.5,Calculated,Green,
kpi_002,0.0,Calculated,Green,
kpi_002,7.6923076923076925,Calculated,Green,
kpi_002,20.0,Calculated,Red,
kpi_002,15.384615384615383,Calculated,Amber,
kpi_002,8.333333333333332,Calculated,Green,
kpi_002,22.22222222222222,Calculated,Red,
kpi_002,15.384615384615383,Calculated,Amber,
kpi_002,0.0,Calculated,Green,
kpi_002,0.0,Calculated,Green,
kpi_002,0.0,Calculated,Green,
kpi_002,16.666666666666664,Calculated,Amber,
kpi_002,12.5,Calculated,Green,
kpi_002,9.090909090909092,Calculated,Green,
kpi_002,0.0,Calculated,Green,
kpi_002,7.142857142857142,Calculated,Green,
kpi_002,20.0,Calculated,Red,
kpi_002,11.11111111111111,Calculated,Green,
kpi_002,16.666666666666664,Calculated,Amber,
kpi_002,0.0,Calculated,Green,
kpi_002,0.0,Calculated,Green,
kpi_002,8.333333333333332,Calculated,Green,
kpi_002,0.0,Calculated,Green,
kpi_002,14.285714285714285,Calculated,Green,
kpi_002,0.0,Calculated,Green,
kpi_002,18.181818181818183,Calculated,Amber,
kpi_002,18.75,Calculated,Amber,
kpi_002,7.142857142857142,Calculated,Green,
kpi_002,7.142857142857142,Calculated,Green,
kpi_002,8.333333333333332,Calculated,Green,
kpi_002,10.0,Calculated,Green,
kpi_002,7.6923076923076925,Calculated,Green,
kpi_002,25.0,Calculated,Red,
kpi_002,10.0,Calculated,Green,
kpi_002,15.384615384615383,Calculated,Amber,
kpi_002,8.333333333333332,Calculated,Green,
kpi_002,6.666666666666667,Calculated,Green,
kpi_002,7.6923076923076925,Calculated,Green,
kpi_002,9.090909090909092,Calculated,Green,
kpi_002,7.6923076923076925,Calculated,Green,
kpi_002,22.22222222222222,Calculated,Red,
kpi_002,18.181818181818183,Calculated,Amber,
kpi_002,9.090909090909092,Calculated,Green,
kpi_002,25.0,Calculated,Red,
kpi_002,25.0,Calculated,Red,
kpi_002,11.11111111111111,Calculated,Green,
kpi_002,8.333333333333332,Calculated,Green,
kpi_002,6.666666666666667,Calculated,Green,
kpi_002,7.142857142857142,Calculated,Green,
kpi_002,13.333333333333334,Calculated,Green,
kpi_002,21.428571428571427,Calculated,Red,
kpi_002,0.0,Calculated,Green,
kpi_002,8.333333333333332,Calculated,Green,
kpi_002,7.6923076923076925,Calculated,Green,
kpi_002,6.666666666666667,Calculated,Green,
kpi_002,8.333333333333332,Calculated,Green,
kpi_002,0.0,Calculated,Green,
kpi_002,0.0,Calculated,Green,
kpi_002,8.333333333333332,Calculated,Green,
kpi_002,16.666666666666664,Calculated,Amber,
kpi_002,0.0,Calculated,Green,
kpi_002,25.0,Calculated,Red,
kpi_002,10.0,Calculated,Green,
kpi_002,0.0,Calculated,Green,
kpi_002,15.384615384615383,Calculated,Amber,
kpi_002,37.5,Calculated,Red,
kpi_002,5.88235294117647,Calculated,Green,
kpi_002,0.0,Calculated,Green,
kpi_002,0.0,Calculated,Green,
kpi_002,21.428571428571427,Calculated,Red,
kpi_002,0.0,Calculated,Green,
kpi_002,10.0,Calculated,Green,
kpi_002,7.6923076923076925,Calculated,Green,
kpi_002,18.181818181818183,Calculated,Amber,
kpi_002,31.25,Calculated,Red,
kpi_002,15.384615384615383,Calculated,Amber,
kpi_002,0.0,Calculated,Green,
kpi_002,14.285714285714285,Calculated,Green,
kpi_002,7.142857142857142,Calculated,Green,
kpi_002,0.0,Calculated,Green,
kpi_002,18.181818181818183,Calculated,Amber,
kpi_002,0.0,Calculated,Green,
kpi_002,10.0,Calculated,Green,
kpi_002,9.090909090909092,Calculated,Green,
kpi_002,15.384615384615383,Calculated,Amber,
kpi_002,26.666666666666668,Calculated,Red,
kpi_002,15.384615384615383,Calculated,Amber,
kpi_002,0.0,Calculated,Green,
kpi_002,23.07692307692308,Calculated,Red,
kpi_002,13.333333333333334,Calculated,Green,
kpi_002,8.333333333333332,Calculated,Green,
kpi_002,0.0,Calculated,Green,
kpi_002,14.285714285714285,Calculated,Green,
kpi_002,22.22222222222222,Calculated,Red,
kpi_002,18.181818181818183,Calculated,Amber,
kpi_002,7.6923076923076925,Calculated,Green,
kpi_002,26.666666666666668,Calculated,Red,
kpi_002,10.0,Calculated,Green,
kpi_002,28.57142857142857,Calculated,Red,
kpi_002,0.0,Calculated,Green,
kpi_002,22.22222222222222,Calculated,Red,
kpi_002,12.5,Calculated,Green,
kpi_002,8.333333333333332,Calculated,Green,
kpi_002,0.0,Calculated,Green,
kpi_002,8.333333333333332,Calculated,Green,
kpi_002,15.384615384615383,Calculated,Amber,
kpi_002,21.428571428571427,Calculated,Red,
kpi_002,14.285714285714285,Calculated,Green,
kpi_002,0.0,Calculated,Green,
kpi_002,30.0,Calculated,Red,
kpi_002,33.33333333333333,Calculated,Red,
kpi_002,33.33333333333333,Calculated,Red,
kpi_002,30.76923076923077,Calculated,Red,
kpi_002,8.333333333333332,Calculated,Green,
kpi_002,18.181818181818183,Calculated,Amber,
kpi_002,14.285714285714285,Calculated,Green,
kpi_002,6.666666666666667,Calculated,Green,
kpi_002,8.333333333333332,Calculated,Green,
kpi_002,33.33333333333333,Calculated,Red,
kpi_002,14.285714285714285,Calculated,Green,
kpi_002,20.0,Calculated,Red,
kpi_002,14.285714285714285,Calculated,Green,
kpi_002,0.0,Calculated,Green,
kpi_002,20.0,Calculated,Red,
kpi_002,6.25,Calculated,Green,
kpi_002,15.384615384615383,Calculated,Amber,
kpi_002,12.5,Calculated,Green,
kpi_002,0.0,Calculated,Green,
kpi_002,21.428571428571427,Calculated,Red,
kpi_002,16.666666666666664,Calculated,Amber,
kpi_002,30.76923076923077,Calculated,Red,
kpi_002,15.384615384615383,Calculated,Amber,
kpi_002,8.333333333333332,Calculated,Green,
kpi_002,13.333333333333334,Calculated,Green,
kpi_002,12.5,Calculated,Green,
kpi_002,9.090909090909092,Calculated,Green,
kpi_002,0.0,Calculated,Green,
kpi_002,37.5,Calculated,Red,
kpi_002,0.0,Calculated,Green,
kpi_002,9.090909090909092,Calculated,Green,
kpi_002,0.0,Calculated,Green,
kpi_002,7.6923076923076925,Calculated,Green,
kpi_002,0.0,Calculated,Green,
kpi_002,0.0,Calculated,Green,
kpi_002,7.6923076923076925,Calculated,Green,
kpi_002,14.285714285714285,Calculated,Green,
kpi_002,0.0,Calculated,Green,
kpi_002,9.090909090909092,Calculated,Green,
kpi_002,18.181818181818183,Calculated,Amber,
kpi_002,0.0,Calculated,Green,
kpi_002,7.6923076923076925,Calculated,Green,
kpi_002,0.0,Calculated,Green,
kpi_002,0.0,Calculated,Green,
kpi_002,10.0,Calculated,Green,
kpi_002,14.285714285714285,Calculated,Green,
kpi_002,0.0,Calculated,Green,
kpi_002,14.285714285714285,Calculated,Green,
kpi_002,10.0,Calculated,Green,
kpi_002,7.142857142857142,Calculated,Green,
kpi_002,0.0,Calculated,Green,
kpi_002,0.0,Calculated,Green,
kpi_002,20.0,Calculated,Red,
kpi_002,12.5,Calculated,Green,
kpi_002,7.142857142857142,Calculated,Green,
kpi_002,6.666666666666667,Calculated,Green,
kpi_002,0.0,Calculated,Green,
kpi_002,7.6923076923076925,Calculated,Green,
kpi_002,9.090909090909092,Calculated,Green,
kpi_002,9.090909090909092,Calculated,Green,
kpi_002,18.181818181818183,Calculated,Amber,
kpi_002,7.142857142857142,Calculated,Green,
kpi_002,7.6923076923076925,Calculated,Green,
kpi_002,0.0,Calculated,Green,
kpi_002,8.333333333333332,Calculated,Green,
kpi_002,20.0,Calculated,Red,
kpi_002,0.0,Calculated,Green,
kpi_002,16.666666666666664,Calculated,Amber,
kpi_002,7.6923076923076925,Calculated,Green,
kpi_002,18.181818181818183,Calculated,Amber,
kpi_002,7.6923076923076925,Calculated,Green,
kpi_002,0.0,Calculated,Green,
kpi_002,8.333333333333332,Calculated,Green,
kpi_002,0.0,Calculated,Green,
kpi_002,7.6923076923076925,Calculated,Green,
kpi_002,9.090909090909092,Calculated,Green,
kpi_002,7.6923076923076925,Calculated,Green,
kpi_002,0.0,Calculated,Green,
kpi_002,6.25,Calculated,Green,
kpi_002,20.0,Calculated,Red,
kpi_002,7.142857142857142,Calculated,Green,
kpi_002,8.333333333333332,Calculated,Green,
kpi_002,9.090909090909092,Calculated,Green,
kpi_002,0.0,Calculated,Green,
kpi_002,33.33333333333333,Calculated,Red,
kpi_002,16.666666666666664,Calculated,Amber,
kpi_002,12.5,Calculated,Green,
kpi_002,9.090909090909092,Calculated,Green,
kpi_002,18.181818181818183,Calculated,Amber,
kpi_002,8.333333333333332,Calculated,Green,
kpi_002,0.0,Calculated,Green,
kpi_002,0.0,Calculated,Green,
kpi_002,25.0,Calculated,Red,
kpi_002,0.0,Calculated,Green,
kpi_002,22.22222222222222,Calculated,Red,
kpi_002,9.090909090909092,Calculated,Green,
kpi_002,16.666666666666664,Calculated,Amber,
kpi_002,0.0,Calculated,Green,
kpi_002,0.0,Calculated,Green,
kpi_002,8.333333333333332,Calculated,Green,
kpi_002,10.0,Calculated,Green,
kpi_002,8.333333333333332,Calculated,Green,
kpi_002,18.181818181818183,Calculated,Amber,
kpi_002,10.0,Calculated,Green,
kpi_002,15.384615384615383,Calculated,Amber,
kpi_002,8.333333333333332,Calculated,Green,
kpi_002,7.142857142857142,Calculated,Green,
kpi_002,15.384615384615383,Calculated,Amber,
kpi_002,33.33333333333333,Calculated,Red,
kpi_002,23.07692307692308,Calculated,Red,
kpi_002,0.0,Calculated,Green,
kpi_002,0.0,Calculated,Green,
kpi_002,9.090909090909092,Calculated,Green,
kpi_002,0.0,Calculated,Green,
kpi_002,9.090909090909092,Calculated,Green,
kpi_002,7.142857142857142,Calculated,Green,
kpi_002,0.0,Calculated,Green,
kpi_002,18.181818181818183,Calculated,Amber,
kpi_002,6.666666666666667,Calculated,Green,
kpi_002,20.0,Calculated,Red,
kpi_002,10.0,Calculated,Green,
kpi_002,0.0,Calculated,Green,
kpi_002,0.0,Calculated,Green,
kpi_002,15.384615384615383,Calculated,Amber,
kpi_002,7.6923076923076925,Calculated,Green,
kpi_002,22.22222222222222,Calculated,Red,
kpi_002,6.25,Calculated,Green,
kpi_002,0.0,Calculated,Green,
kpi_002,22.22222222222222,Calculated,Red,
kpi_002,7.142857142857142,Calculated,Green,
kpi_002,0.0,Calculated,Green,
kpi_002,0.0,Calculated,Green,
kpi_002,0.0,Calculated,Green,
kpi_002,10.0,Calculated,Green,
kpi_002,9.090909090909092,Calculated,Green,
kpi_002,0.0,Calculated,Green,
kpi_002,0.0,Calculated,Green,
kpi_002,0.0,Calculated,Green,
kpi_002,7.6923076923076925,Calculated,Green,
kpi_002,0.0,Calculated,Green,
kpi_002,0.0,Calculated,Green,
kpi_002,14.285714285714285,Calculated,Green,
kpi_002,18.181818181818183,Calculated,Amber,
kpi_002,0.0,Calculated,Green,
kpi_002,18.181818181818183,Calculated,Amber,
kpi_002,13.333333333333334,Calculated,Green,
kpi_002,8.333333333333332,Calculated,Green,
kpi_002,15.384615384615383,Calculated,Amber,
kpi_002,14.285714285714285,Calculated,Green,
kpi_002,0.0,Calculated,Green,
kpi_002,0.0,Calculated,Green,
kpi_002,30.76923076923077,Calculated,Red,
kpi_002,16.666666666666664,Calculated,Amber,
kpi_002,0.0,Calculated,Green,
kpi_002,0.0,Calculated,Green,
kpi_002,0.0,Calculated,Green,
kpi_002,14.285714285714285,Calculated,Green,
kpi_002,7.142857142857142,Calculated,Green,
kpi_002,0.0,Calculated,Green,
kpi_002,27.27272727272727,Calculated,Red,
kpi_002,0.0,Calculated,Green,
kpi_002,15.384615384615383,Calculated,Amber,
kpi_002,0.0,Calculated,Green,
kpi_002,0.0,Calculated,Green,
kpi_002,0.0,Calculated,Green,
kpi_002,0.0,Calculated,Green,
kpi_002,0.0,Calculated,Green,
kpi_002,0.0,Calculated,Green,
kpi_002,8.333333333333332,Calculated,Green,
kpi_002,8.333333333333332,Calculated,Green,
kpi_002,6.666666666666667,Calculated,Green,
kpi_002,18.181818181818183,Calculated,Amber,
kpi_002,15.384615384615383,Calculated,Amber,
kpi_002,6.666666666666667,Calculated,Green,
kpi_002,22.22222222222222,Calculated,Red,
kpi_002,9.090909090909092,Calculated,Green,
kpi_002,0.0,Calculated,Green,
kpi_002,0.0,Calculated,Green,
kpi_002,18.181818181818183,Calculated,Amber,
kpi_002,0.0,Calculated,Green,
kpi_002,0.0,Calculated,Green,
kpi_002,8.333333333333332,Calculated,Green,
kpi_002,8.333333333333332,Calculated,Green,
kpi_002,7.6923076923076925,Calculated,Green,
kpi_002,7.6923076923076925,Calculated,Green,
kpi_002,0.0,Calculated,Green,
kpi_002,0.0,Calculated,Green,
kpi_002,8.333333333333332,Calculated,Green,
kpi_002,0.0,Calculated,Green,
kpi_002,7.6923076923076925,Calculated,Green,
kpi_002,16.666666666666664,Calculated,Amber,
kpi_002,0.0,Calculated,Green,
kpi_002,0.0,Calculated,Green,
kpi_002,0.0,Calculated,Green,
kpi_002,0.0,Calculated,Green,
kpi_002,0.0,Calculated,Green,
kpi_002,20.0,Calculated,Red,
kpi_002,0.0,Calculated,Green,
kpi_002,11.11111111111111,Calculated,Green,
kpi_002,0.0,Calculated,Green,
kpi_002,7.6923076923076925,Calculated,Green,
kpi_002,30.0,Calculated,Red,
kpi_002,8.333333333333332,Calculated,Green,
kpi_002,8.333333333333332,Calculated,Green,
kpi_002,0.0,Calculated,Green,
kpi_002,0.0,Calculated,Green,
kpi_002,0.0,Calculated,Green,
kpi_002,0.0,Calculated,Green,
kpi_002,0.0,Calculated,Green,
kpi_002,0.0,Calculated,Green,
kpi_002,0.0,Calculated,Green,
kpi_002,12.5,Calculated,Green,
kpi_002,11.11111111111111,Calculated,Green,
kpi_002,12.5,Calculated,Green,
kpi_002,9.090909090909092,Calculated,Green,
kpi_002,9.090909090909092,Calculated,Green,
kpi_002,9.090909090909092,Calculated,Green,
kpi_002,0.0,Calculated,Green,
kpi_002,9.090909090909092,Calculated,Green,
kpi_002,0.0,Calculated,Green,
kpi_002,7.6923076923076925,Calculated,Green,
kpi_002,18.181818181818183,Calculated,Amber,
kpi_002,11.11111111111111,Calculated,Green,
kpi_002,0.0,Calculated,Green,
kpi_002,0.0,Calculated,Green,
kpi_002,7.6923076923076925,Calculated,Green,
kpi_002,9.090909090909092,Calculated,Green,
kpi_002,0.0,Calculated,Green,
kpi_002,7.6923076923076925,Calculated,Green,
kpi_002,0.0,Calculated,Green,
kpi_002,0.0,Calculated,Green,
kpi_002,0.0,Calculated,Green,
kpi_002,16.666666666666664,Calculated,Amber,
kpi_002,18.181818181818183,Calculated,Amber,
kpi_002,0.0,Calculated,Green,
kpi_002,0.0,Calculated,Green,
kpi_002,33.33333333333333,Calculated,Red,
kpi_002,0.0,Calculated,Green,
kpi_002,0.0,Calculated,Green,
kpi_002,15.384615384615383,Calculated,Amber,
kpi_002,20.0,Calculated,Red,
kpi_002,12.5,Calculated,Green,
kpi_002,10.0,Calculated,Green,
kpi_002,8.333333333333332,Calculated,Green,
kpi_002,8.333333333333332,Calculated,Green,
kpi_002,0.0,Calculated,Green,
kpi_002,8.333333333333332,Calculated,Green,
kpi_002,16.666666666666664,Calculated,Amber,
kpi_002,0.0,Calculated,Green,
kpi_002,30.76923076923077,Calculated,Red,
kpi_002,21.428571428571427,Calculated,Red,
kpi_002,0.0,Calculated,Green,
kpi_002,0.0,Calculated,Green,
kpi_002,0.0,Calculated,Green,
kpi_002,44.44444444444444,Calculated,Red,
kpi_002,33.33333333333333,Calculated,Red,
kpi_002,7.142857142857142,Calculated,Green,
kpi_002,0.0,Calculated,Green,
kpi_002,0.0,Calculated,Green,
kpi_002,0.0,Calculated,Green,
kpi_002,0.0,Calculated,Green,
kpi_002,10.0,Calculated,Green,
kpi_002,0.0,Calculated,Green,
kpi_002,8.333333333333332,Calculated,Green,
kpi_002,0.0,Calculated,Green,
kpi_002,0.0,Calculated,Green,
kpi_002,8.333333333333332,Calculated,Green,
kpi_002,27.27272727272727,Calculated,Red,
kpi_002,22.22222222222222,Calculated,Red,
kpi_002,0.0,Calculated,Green,
kpi_002,0.0,Calculated,Green,
kpi_002,6.666666666666667,Calculated,Green,
kpi_002,8.333333333333332,Calculated,Green,
kpi_002,0.0,Calculated,Green,
kpi_002,7.6923076923076925,Calculated,Green,
kpi_002,10.0,Calculated,Green,
kpi_002,0.0,Calculated,Green,
kpi_002,25.0,Calculated,Red,
kpi_002,10.0,Calculated,Green,
kpi_002,10.0,Calculated,Green,
kpi_002,0.0,Calculated,Green,
kpi_002,8.333333333333332,Calculated,Green,
kpi_002,0.0,Calculated,Green,
kpi_002,0.0,Calculated,Green,
kpi_002,0.0,Calculated,Green,
kpi_002,0.0,Calculated,Green,
kpi_002,12.5,Calculated,Green,
kpi_002,10.0,Calculated,Green,
kpi_002,20.0,Calculated,Red,
kpi_002,0.0,Calculated,Green,
kpi_002,9.090909090909092,Calculated,Green,
kpi_002,7.6923076923076925,Calculated,Green,
kpi_002,0.0,Calculated,Green,
kpi_002,0.0,Calculated,Green,
kpi_002,9.090909090909092,Calculated,Green,
kpi_002,18.181818181818183,Calculated,Amber,
kpi_002,0.0,Calculated,Green,
kpi_002,10.0,Calculated,Green,
kpi_002,28.57142857142857,Calculated,Red,
kpi_002,0.0,Calculated,Green,
kpi_002,16.666666666666664,Calculated,Amber,
kpi_002,9.090909090909092,Calculated,Green,
kpi_002,0.0,Calculated,Green,
kpi_002,7.6923076923076925,Calculated,Green,
kpi_002,0.0,Calculated,Green,
kpi_002,21.428571428571427,Calculated,Red,
kpi_002,10.0,Calculated,Green,
kpi_002,18.181818181818183,Calculated,Amber,
kpi_002,14.285714285714285,Calculated,Green,
kpi_002,0.0,Calculated,Green,
kpi_002,8.333333333333332,Calculated,Green,
kpi_002,0.0,Calculated,Green,
kpi_002,10.0,Calculated,Green,
kpi_002,9.090909090909092,Calculated,Green,
kpi_002,8.333333333333332,Calculated,Green,
kpi_002,0.0,Calculated,Green,
kpi_002,0.0,Calculated,Green,
kpi_002,22.22222222222222,Calculated,Red,
kpi_002,0.0,Calculated,Green,
kpi_002,0.0,Calculated,Green,
kpi_002,16.666666666666664,Calculated,Amber,
kpi_002,0.0,Calculated,Green,
kpi_002,0.0,Calculated,Green,
kpi_002,0.0,Calculated,Green,
kpi_002,0.0,Calculated,Green,
kpi_002,26.666666666666668,Calculated,Red,
kpi_002,9.090909090909092,Calculated,Green,
kpi_002,14.285714285714285,Calculated,Green,
kpi_002,10.0,Calculated,Green,
kpi_002,30.0,Calculated,Red,
kpi_002,20.0,Calculated,Red,
kpi_002,0.0,Calculated,Green,
kpi_002,23.07692307692308,Calculated,Red,
kpi_002,22.22222222222222,Calculated,Red,
kpi_002,23.07692307692308,Calculated,Red,
kpi_002,10.0,Calculated,Green,
kpi_002,0.0,Calculated,Green,
kpi_002,0.0,Calculated,Green,
kpi_002,0.0,Calculated,Green,
kpi_002,16.666666666666664,Calculated,Amber,
kpi_002,15.384615384615383,Calculated,Amber,
kpi_002,11.11111111111111,Calculated,Green,
kpi_002,18.181818181818183,Calculated,Amber,
kpi_002,16.666666666666664,Calculated,Amber,
kpi_002,0.0,Calculated,Green,
kpi_002,10.0,Calculated,Green,
kpi_002,18.181818181818183,Calculated,Amber,
kpi_002,0.0,Calculated,Green,
kpi_002,20.0,Calculated,Red,
kpi_002,9.090909090909092,Calculated,Green,
kpi_002,18.181818181818183,Calculated,Amber,
kpi_002,33.33333333333333,Calculated,Red,
kpi_002,0.0,Calculated,Green,
kpi_002,15.384615384615383,Calculated,Amber,
kpi_002,0.0,Calculated,Green,
kpi_002,8.333333333333332,Calculated,Green,
kpi_002,18.75,Calculated,Amber,
kpi_002,22.22222222222222,Calculated,Red,
kpi_002,0.0,Calculated,Green,
kpi_002,15.384615384615383,Calculated,Amber,
kpi_002,27.27272727272727,Calculated,Red,
kpi_002,22.22222222222222,Calculated,Red,
kpi_002,0.0,Calculated,Green,
kpi_002,8.333333333333332,Calculated,Green,
kpi_002,0.0,Calculated,Green,
kpi_002,0.0,Calculated,Green,
kpi_002,30.0,Calculated,Red,
kpi_002,10.0,Calculated,Green,
kpi_002,16.666666666666664,Calculated,Amber,
kpi_002,0.0,Calculated,Green,
kpi_002,12.5,Calculated,Green,
kpi_002,10.0,Calculated,Green,
kpi_002,11.11111111111111,Calculated,Green,
kpi_002,0.0,Calculated,Green,
kpi_002,27.27272727272727,Calculated,Red,
kpi_002,8.333333333333332,Calculated,Green,
kpi_002,15.384615384615383,Calculated,Amber,
kpi_002,0.0,Calculated,Green,
kpi_002,22.22222222222222,Calculated,Red,
kpi_002,0.0,Calculated,Green,
kpi_002,36.36363636363637,Calculated,Red,
kpi_002,20.0,Calculated,Red,
kpi_002,10.0,Calculated,Green,
kpi_002,11.11111111111111,Calculated,Green,
kpi_002,0.0,Calculated,Green,
kpi_002,0.0,Calculated,Green,
kpi_002,16.666666666666664,Calculated,Amber,
kpi_002,22.22222222222222,Calculated,Red,
kpi_002,0.0,Calculated,Green,
kpi_002,0.0,Calculated,Green,
kpi_002,18.181818181818183,Calculated,Amber,
kpi_002,0.0,Calculated,Green,
kpi_002,6.666666666666667,Calculated,Green,
kpi_002,0.0,Calculated,Green,
kpi_002,0.0,Calculated,Green,
kpi_002,0.0,Calculated,Green,
kpi_002,0.0,Calculated,Green,
kpi_002,0.0,Calculated,Green,
kpi_002,10.0,Calculated,Green,
kpi_002,14.285714285714285,Calculated,Green,
kpi_002,6.666666666666667,Calculated,Green,
kpi_002,0.0,Calculated,Green,
kpi_002,9.090909090909092,Calculated,Green,
kpi_002,9.090909090909092,Calculated,Green,
kpi_002,8.333333333333332,Calculated,Green,
kpi_002,0.0,Calculated,Green,
kpi_002,0.0,Calculated,Green,
kpi_002,0.0,Calculated,Green,
kpi_002,18.181818181818183,Calculated,Amber,
kpi_002,9.090909090909092,Calculated,Green,
kpi_002,33.33333333333333,Calculated,Red,
kpi_002,0.0,Calculated,Green,
kpi_002,22.22222222222222,Calculated,Red,
kpi_002,7.142857142857142,Calculated,Green,
kpi_002,14.285714285714285,Calculated,Green,
kpi_002,22.22222222222222,Calculated,Red,
kpi_002,16.666666666666664,Calculated,Amber,
kpi_002,0.0,Calculated,Green,
kpi_002,10.0,Calculated,Green,
kpi_002,16.666666666666664,Calculated,Amber,
kpi_002,15.384615384615383,Calculated,Amber,
kpi_002,11.11111111111111,Calculated,Green,
kpi_002,15.384615384615383,Calculated,Amber,
kpi_002,0.0,Calculated,Green,
kpi_002,7.142857142857142,Calculated,Green,
kpi_002,0.0,Calculated,Green,
kpi_002,10.0,Calculated,Green,
kpi_002,30.0,Calculated,Red,
kpi_002,11.11111111111111,Calculated,Green,
kpi_002,0.0,Calculated,Green,
kpi_002,0.0,Calculated,Green,
kpi_002,16.666666666666664,Calculated,Amber,
kpi_002,0.0,Calculated,Green,
kpi_002,9.090909090909092,Calculated,Green,
kpi_002,10.0,Calculated,Green,
kpi_002,10.0,Calculated,Green,
kpi_002,0.0,Calculated,Green,
kpi_002,16.666666666666664,Calculated,Amber,
kpi_002,18.181818181818183,Calculated,Amber,
kpi_002,12.5,Calculated,Green,
kpi_002,0.0,Calculated,Green,
kpi_002,0.0,Calculated,Green,
kpi_002,12.5,Calculated,Green,
kpi_002,0.0,Calculated,Green,
kpi_002,0.0,Calculated,Green,
kpi_002,7.6923076923076925,Calculated,Green,
kpi_002,0.0,Calculated,Green,
kpi_002,0.0,Calculated,Green,
kpi_002,25.0,Calculated,Red,
kpi_002,10.0,Calculated,Green,
kpi_002,11.11111111111111,Calculated,Green,
kpi_002,10.0,Calculated,Green,
kpi_002,0.0,Calculated,Green,
kpi_002,22.22222222222222,Calculated,Red,
kpi_002,0.0,Calculated,Green,
kpi_002,30.0,Calculated,Red,
kpi_002,20.0,Calculated,Red,
kpi_002,0.0,Calculated,Green,
kpi_002,0.0,Calculated,Green,
kpi_002,20.0,Calculated,Red,
kpi_002,28.57142857142857,Calculated,Red,
kpi_002,9.090909090909092,Calculated,Green,
kpi_002,9.090909090909092,Calculated,Green,
kpi_002,12.5,Calculated,Green,
kpi_002,0.0,Calculated,Green,
kpi_002,9.090909090909092,Calculated,Green,
kpi_002,0.0,Calculated,Green,
kpi_002,33.33333333333333,Calculated,Red,
kpi_002,7.6923076923076925,Calculated,Green,
kpi_002,14.285714285714285,Calculated,Green,
kpi_002,16.666666666666664,Calculated,Amber,
kpi_002,10.0,Calculated,Green,
kpi_002,0.0,Calculated,Green,
kpi_002,0.0,Calculated,Green,
kpi_002,12.5,Calculated,Green,
kpi_002,22.22222222222222,Calculated,Red,
kpi_002,11.11111111111111,Calculated,Green,
kpi_002,12.5,Calculated,Green,
kpi_002,8.333333333333332,Calculated,Green,
kpi_002,20.0,Calculated,Red,
kpi_002,16.666666666666664,Calculated,Amber,
kpi_002,37.5,Calculated,Red,
kpi_002,10.0,Calculated,Green,
kpi_002,8.333333333333332,Calculated,Green,
kpi_002,0.0,Calculated,Green,
kpi_002,0.0,Calculated,Green,
kpi_002,0.0,Calculated,Green,
kpi_002,0.0,Calculated,Green,
kpi_002,0.0,Calculated,Green,
kpi_002,9.090909090909092,Calculated,Green,
kpi_002,0.0,Calculated,Green,
kpi_002,7.6923076923076925,Calculated,Green,
kpi_002,7.6923076923076925,Calculated,Green,
kpi_002,0.0,Calculated,Green,
kpi_002,16.666666666666664,Calculated,Amber,
kpi_002,8.333333333333332,Calculated,Green,
kpi_002,11.11111111111111,Calculated,Green,
kpi_002,7.142857142857142,Calculated,Green,
kpi_002,9.090909090909092,Calculated,Green,
kpi_002,0.0,Calculated,Green,
kpi_002,8.333333333333332,Calculated,Green,
kpi_002,0.0,Calculated,Green,
kpi_002,13.333333333333334,Calculated,Green,
kpi_002,0.0,Calculated,Green,
kpi_002,16.666666666666664,Calculated,Amber,
kpi_002,10.0,Calculated,Green,
kpi_002,0.0,Calculated,Green,
kpi_002,28.57142857142857,Calculated,Red,
kpi_002,0.0,Calculated,Green,
kpi_002,16.666666666666664,Calculated,Amber,
kpi_002,12.5,Calculated,Green,
kpi_002,0.0,Calculated,Green,
kpi_002,0.0,Calculated,Green,
kpi_002,16.666666666666664,Calculated,Amber,
kpi_002,0.0,Calculated,Green,
kpi_002,16.666666666666664,Calculated,Amber,
kpi_002,0.0,Calculated,Green,
kpi_002,13.333333333333334,Calculated,Green,
kpi_002,0.0,Calculated,Green,
kpi_002,0.0,Calculated,Green,
kpi_002,7.142857142857142,Calculated,Green,
kpi_002,8.333333333333332,Calculated,Green,
kpi_002,12.5,Calculated,Green,
kpi_002,0.0,Calculated,Green,
kpi_002,0.0,Calculated,Green,
kpi_002,9.090909090909092,Calculated,Green,
kpi_002,9.090909090909092,Calculated,Green,
kpi_002,18.181818181818183,Calculated,Amber,
kpi_002,0.0,Calculated,Green,
kpi_002,21.428571428571427,Calculated,Red,
kpi_002,36.36363636363637,Calculated,Red,
kpi_002,0.0,Calculated,Green,
kpi_002,11.11111111111111,Calculated,Green,
kpi_002,0.0,Calculated,Green,
kpi_002,13.333333333333334,Calculated,Green,
kpi_002,8.333333333333332,Calculated,Green,
kpi_002,0.0,Calculated,Green,
kpi_002,9.090909090909092,Calculated,Green,
kpi_002,0.0,Calculated,Green,
kpi_002,11.11111111111111,Calculated,Green,
kpi_002,15.384615384615383,Calculated,Amber,
kpi_002,0.0,Calculated,Green,
kpi_003,,Insufficient Data,Unavailable,Unavailable
kpi_003,,Insufficient Data,Unavailable,Unavailable
kpi_003,,Insufficient Data,Unavailable,Unavailable
kpi_003,,Insufficient Data,Unavailable,Unavailable
kpi_003,,Insufficient Data,Unavailable,Unavailable
kpi_003,,Insufficient Data,Unavailable,Unavailable
kpi_003,,Insufficient Data,Unavailable,Unavailable
kpi_003,,Insufficient Data,Unavailable,Unavailable
kpi_003,,Insufficient Data,Unavailable,Unavailable
kpi_003,,Insufficient Data,Unavailable,Unavailable
kpi_003,,Insufficient Data,Unavailable,Unavailable
kpi_003,,Insufficient Data,Unavailable,Unavailable
kpi_003,,Insufficient Data,Unavailable,Unavailable
kpi_003,,Insufficient Data,Unavailable,Unavailable
kpi_003,,Insufficient Data,Unavailable,Unavailable
kpi_003,,Insufficient Data,Unavailable,Unavailable
kpi_003,,Insufficient Data,Unavailable,Unavailable
kpi_003,,Insufficient Data,Unavailable,Unavailable
kpi_003,,Insufficient Data,Unavailable,Unavailable
kpi_003,,Insufficient Data,Unavailable,Unavailable
kpi_003,,Insufficient Data,Unavailable,Unavailable
kpi_003,,Insufficient Data,Unavailable,Unavailable
kpi_003,,Insufficient Data,Unavailable,Unavailable
kpi_003,,Insufficient Data,Unavailable,Unavailable
kpi_003,,Insufficient Data,Unavailable,Unavailable
kpi_003,,Insufficient Data,Unavailable,Unavailable
kpi_003,,Insufficient Data,Unavailable,Unavailable
kpi_003,,Insufficient Data,Unavailable,Unavailable
kpi_003,,Insufficient Data,Unavailable,Unavailable
kpi_003,,Insufficient Data,Unavailable,Unavailable
kpi_003,,Insufficient Data,Unavailable,Unavailable
kpi_003,,Insufficient Data,Unavailable,Unavailable
kpi_003,,Insufficient Data,Unavailable,Unavailable
kpi_003,,Insufficient Data,Unavailable,Unavailable
kpi_003,,Insufficient Data,Unavailable,Unavailable
kpi_003,,Insufficient Data,Unavailable,Unavailable
kpi_003,,Insufficient Data,Unavailable,Unavailable
kpi_003,,Insufficient Data,Unavailable,Unavailable
kpi_003,,Insufficient Data,Unavailable,Unavailable
kpi_003,,Insufficient Data,Unavailable,Unavailable
kpi_003,,Insufficient Data,Unavailable,Unavailable
kpi_003,,Insufficient Data,Unavailable,Unavailable
kpi_003,,Insufficient Data,Unavailable,Unavailable
kpi_003,,Insufficient Data,Unavailable,Unavailable
kpi_003,,Insufficient Data,Unavailable,Unavailable
kpi_003,,Insufficient Data,Unavailable,Unavailable
kpi_003,,Insufficient Data,Unavailable,Unavailable
kpi_003,,Insufficient Data,Unavailable,Unavailable
kpi_003,,Insufficient Data,Unavailable,Unavailable
kpi_003,,Insufficient Data,Unavailable,Unavailable
kpi_003,,Insufficient Data,Unavailable,Unavailable
kpi_003,,Insufficient Data,Unavailable,Unavailable
kpi_003,,Insufficient Data,Unavailable,Unavailable
kpi_003,,Insufficient Data,Unavailable,Unavailable
kpi_003,,Insufficient Data,Unavailable,Unavailable
kpi_003,,Insufficient Data,Unavailable,Unavailable
kpi_003,,Insufficient Data,Unavailable,Unavailable
kpi_003,,Insufficient Data,Unavailable,Unavailable
kpi_003,,Insufficient Data,Unavailable,Unavailable
kpi_003,,Insufficient Data,Unavailable,Unavailable
kpi_003,,Insufficient Data,Unavailable,Unavailable
kpi_003,,Insufficient Data,Unavailable,Unavailable
kpi_003,,Insufficient Data,Unavailable,Unavailable
kpi_003,,Insufficient Data,Unavailable,Unavailable
kpi_003,,Insufficient Data,Unavailable,Unavailable
kpi_003,,Insufficient Data,Unavailable,Unavailable
kpi_003,,Insufficient Data,Unavailable,Unavailable
kpi_003,,Insufficient Data,Unavailable,Unavailable
kpi_003,,Insufficient Data,Unavailable,Unavailable
kpi_003,,Insufficient Data,Unavailable,Unavailable
kpi_003,,Insufficient Data,Unavailable,Unavailable
kpi_003,,Insufficient Data,Unavailable,Unavailable
kpi_003,,Insufficient Data,Unavailable,Unavailable
kpi_003,,Insufficient Data,Unavailable,Unavailable
kpi_003,,Insufficient Data,Unavailable,Unavailable
kpi_003,,Insufficient Data,Unavailable,Unavailable
kpi_003,,Insufficient Data,Unavailable,Unavailable
kpi_003,,Insufficient Data,Unavailable,Unavailable
kpi_003,,Insufficient Data,Unavailable,Unavailable
kpi_003,,Insufficient Data,Unavailable,Unavailable
kpi_003,,Insufficient Data,Unavailable,Unavailable
kpi_003,,Insufficient Data,Unavailable,Unavailable
kpi_003,,Insufficient Data,Unavailable,Unavailable
kpi_003,,Insufficient Data,Unavailable,Unavailable
kpi_003,,Insufficient Data,Unavailable,Unavailable
kpi_003,,Insufficient Data,Unavailable,Unavailable
kpi_003,,Insufficient Data,Unavailable,Unavailable
kpi_003,,Insufficient Data,Unavailable,Unavailable
kpi_003,,Insufficient Data,Unavailable,Unavailable
kpi_003,,Insufficient Data,Unavailable,Unavailable
kpi_003,,Insufficient Data,Unavailable,Unavailable
kpi_003,,Insufficient Data,Unavailable,Unavailable
kpi_003,,Insufficient Data,Unavailable,Unavailable
kpi_003,,Insufficient Data,Unavailable,Unavailable
kpi_003,,Insufficient Data,Unavailable,Unavailable
kpi_003,,Insufficient Data,Unavailable,Unavailable
kpi_003,,Insufficient Data,Unavailable,Unavailable
kpi_003,,Insufficient Data,Unavailable,Unavailable
kpi_003,,Insufficient Data,Unavailable,Unavailable
kpi_003,,Insufficient Data,Unavailable,Unavailable
kpi_003,,Insufficient Data,Unavailable,Unavailable
kpi_003,,Insufficient Data,Unavailable,Unavailable
kpi_003,,Insufficient Data,Unavailable,Unavailable
kpi_003,,Insufficient Data,Unavailable,Unavailable
kpi_003,,Insufficient Data,Unavailable,Unavailable
kpi_003,,Insufficient Data,Unavailable,Unavailable
kpi_003,,Insufficient Data,Unavailable,Unavailable
kpi_003,,Insufficient Data,Unavailable,Unavailable
kpi_003,,Insufficient Data,Unavailable,Unavailable
kpi_003,,Insufficient Data,Unavailable,Unavailable
kpi_003,,Insufficient Data,Unavailable,Unavailable
kpi_003,,Insufficient Data,Unavailable,Unavailable
kpi_003,,Insufficient Data,Unavailable,Unavailable
kpi_003,,Insufficient Data,Unavailable,Unavailable
kpi_003,,Insufficient Data,Unavailable,Unavailable
kpi_003,,Insufficient Data,Unavailable,Unavailable
kpi_003,,Insufficient Data,Unavailable,Unavailable
kpi_003,,Insufficient Data,Unavailable,Unavailable
kpi_003,,Insufficient Data,Unavailable,Unavailable
kpi_003,,Insufficient Data,Unavailable,Unavailable
kpi_003,,Insufficient Data,Unavailable,Unavailable
kpi_003,,Insufficient Data,Unavailable,Unavailable
kpi_003,,Insufficient Data,Unavailable,Unavailable
kpi_003,,Insufficient Data,Unavailable,Unavailable
kpi_003,,Insufficient Data,Unavailable,Unavailable
kpi_003,,Insufficient Data,Unavailable,Unavailable
kpi_003,,Insufficient Data,Unavailable,Unavailable
kpi_003,,Insufficient Data,Unavailable,Unavailable
kpi_003,,Insufficient Data,Unavailable,Unavailable
kpi_003,,Insufficient Data,Unavailable,Unavailable
kpi_003,,Insufficient Data,Unavailable,Unavailable
kpi_003,,Insufficient Data,Unavailable,Unavailable
kpi_003,,Insufficient Data,Unavailable,Unavailable
kpi_003,,Insufficient Data,Unavailable,Unavailable
kpi_003,,Insufficient Data,Unavailable,Unavailable
kpi_003,,Insufficient Data,Unavailable,Unavailable
kpi_003,,Insufficient Data,Unavailable,Unavailable
kpi_003,,Insufficient Data,Unavailable,Unavailable
kpi_003,,Insufficient Data,Unavailable,Unavailable
kpi_003,,Insufficient Data,Unavailable,Unavailable
kpi_003,,Insufficient Data,Unavailable,Unavailable
kpi_003,,Insufficient Data,Unavailable,Unavailable
kpi_003,,Insufficient Data,Unavailable,Unavailable
kpi_003,,Insufficient Data,Unavailable,Unavailable
kpi_003,,Insufficient Data,Unavailable,Unavailable
kpi_003,,Insufficient Data,Unavailable,Unavailable
kpi_003,,Insufficient Data,Unavailable,Unavailable
kpi_003,,Insufficient Data,Unavailable,Unavailable
kpi_003,,Insufficient Data,Unavailable,Unavailable
kpi_003,,Insufficient Data,Unavailable,Unavailable
kpi_003,,Insufficient Data,Unavailable,Unavailable
kpi_003,,Insufficient Data,Unavailable,Unavailable
kpi_003,,Insufficient Data,Unavailable,Unavailable
kpi_003,,Insufficient Data,Unavailable,Unavailable
kpi_003,,Insufficient Data,Unavailable,Unavailable
kpi_003,,Insufficient Data,Unavailable,Unavailable
kpi_003,,Insufficient Data,Unavailable,Unavailable
kpi_003,,Insufficient Data,Unavailable,Unavailable
kpi_003,,Insufficient Data,Unavailable,Unavailable
kpi_003,,Insufficient Data,Unavailable,Unavailable
kpi_003,,Insufficient Data,Unavailable,Unavailable
kpi_003,,Insufficient Data,Unavailable,Unavailable
kpi_003,,Insufficient Data,Unavailable,Unavailable
kpi_003,,Insufficient Data,Unavailable,Unavailable
kpi_003,,Insufficient Data,Unavailable,Unavailable
kpi_003,,Insufficient Data,Unavailable,Unavailable
kpi_003,,Insufficient Data,Unavailable,Unavailable
kpi_003,,Insufficient Data,Unavailable,Unavailable
kpi_003,,Insufficient Data,Unavailable,Unavailable
kpi_003,,Insufficient Data,Unavailable,Unavailable
kpi_003,,Insufficient Data,Unavailable,Unavailable
kpi_003,,Insufficient Data,Unavailable,Unavailable
kpi_003,,Insufficient Data,Unavailable,Unavailable
kpi_003,,Insufficient Data,Unavailable,Unavailable
kpi_003,,Insufficient Data,Unavailable,Unavailable
kpi_003,,Insufficient Data,Unavailable,Unavailable
kpi_003,,Insufficient Data,Unavailable,Unavailable
kpi_003,,Insufficient Data,Unavailable,Unavailable
kpi_003,,Insufficient Data,Unavailable,Unavailable
kpi_003,,Insufficient Data,Unavailable,Unavailable
kpi_003,,Insufficient Data,Unavailable,Unavailable
kpi_003,,Insufficient Data,Unavailable,Unavailable
kpi_003,,Insufficient Data,Unavailable,Unavailable
kpi_003,,Insufficient Data,Unavailable,Unavailable
kpi_003,,Insufficient Data,Unavailable,Unavailable
kpi_003,,Insufficient Data,Unavailable,Unavailable
kpi_003,,Insufficient Data,Unavailable,Unavailable
kpi_003,,Insufficient Data,Unavailable,Unavailable
kpi_003,,Insufficient Data,Unavailable,Unavailable
kpi_003,,Insufficient Data,Unavailable,Unavailable
kpi_003,,Insufficient Data,Unavailable,Unavailable
kpi_003,,Insufficient Data,Unavailable,Unavailable
kpi_003,,Insufficient Data,Unavailable,Unavailable
kpi_003,,Insufficient Data,Unavailable,Unavailable
kpi_003,,Insufficient Data,Unavailable,Unavailable
kpi_003,,Insufficient Data,Unavailable,Unavailable
kpi_003,,Insufficient Data,Unavailable,Unavailable
kpi_003,,Insufficient Data,Unavailable,Unavailable
kpi_003,,Insufficient Data,Unavailable,Unavailable
kpi_003,,Insufficient Data,Unavailable,Unavailable
kpi_003,,Insufficient Data,Unavailable,Unavailable
kpi_003,,Insufficient Data,Unavailable,Unavailable
kpi_003,,Insufficient Data,Unavailable,Unavailable
kpi_003,,Insufficient Data,Unavailable,Unavailable
kpi_003,,Insufficient Data,Unavailable,Unavailable
kpi_003,,Insufficient Data,Unavailable,Unavailable
kpi_003,,Insufficient Data,Unavailable,Unavailable
kpi_003,,Insufficient Data,Unavailable,Unavailable
kpi_003,,Insufficient Data,Unavailable,Unavailable
kpi_003,,Insufficient Data,Unavailable,Unavailable
kpi_003,,Insufficient Data,Unavailable,Unavailable
kpi_003,,Insufficient Data,Unavailable,Unavailable
kpi_003,,Insufficient Data,Unavailable,Unavailable
kpi_003,,Insufficient Data,Unavailable,Unavailable
kpi_003,,Insufficient Data,Unavailable,Unavailable
kpi_003,,Insufficient Data,Unavailable,Unavailable
kpi_003,,Insufficient Data,Unavailable,Unavailable
kpi_003,,Insufficient Data,Unavailable,Unavailable
kpi_003,,Insufficient Data,Unavailable,Unavailable
kpi_003,,Insufficient Data,Unavailable,Unavailable
kpi_003,,Insufficient Data,Unavailable,Unavailable
kpi_003,,Insufficient Data,Unavailable,Unavailable
kpi_003,,Insufficient Data,Unavailable,Unavailable
kpi_003,,Insufficient Data,Unavailable,Unavailable
kpi_003,,Insufficient Data,Unavailable,Unavailable
kpi_003,,Insufficient Data,Unavailable,Unavailable
kpi_003,,Insufficient Data,Unavailable,Unavailable
kpi_003,,Insufficient Data,Unavailable,Unavailable
kpi_003,,Insufficient Data,Unavailable,Unavailable
kpi_003,,Insufficient Data,Unavailable,Unavailable
kpi_003,,Insufficient Data,Unavailable,Unavailable
kpi_003,,Insufficient Data,Unavailable,Unavailable
kpi_003,,Insufficient Data,Unavailable,Unavailable
kpi_003,,Insufficient Data,Unavailable,Unavailable
kpi_003,,Insufficient Data,Unavailable,Unavailable
kpi_003,,Insufficient Data,Unavailable,Unavailable
kpi_003,,Insufficient Data,Unavailable,Unavailable
kpi_003,,Insufficient Data,Unavailable,Unavailable
kpi_003,,Insufficient Data,Unavailable,Unavailable
kpi_003,,Insufficient Data,Unavailable,Unavailable
kpi_003,,Insufficient Data,Unavailable,Unavailable
kpi_003,,Insufficient Data,Unavailable,Unavailable
kpi_003,,Insufficient Data,Unavailable,Unavailable
kpi_003,,Insufficient Data,Unavailable,Unavailable
kpi_003,,Insufficient Data,Unavailable,Unavailable
kpi_003,,Insufficient Data,Unavailable,Unavailable
kpi_003,,Insufficient Data,Unavailable,Unavailable
kpi_003,,Insufficient Data,Unavailable,Unavailable
kpi_003,,Insufficient Data,Unavailable,Unavailable
kpi_003,,Insufficient Data,Unavailable,Unavailable
kpi_003,,Insufficient Data,Unavailable,Unavailable
kpi_003,,Insufficient Data,Unavailable,Unavailable
kpi_003,,Insufficient Data,Unavailable,Unavailable
kpi_003,,Insufficient Data,Unavailable,Unavailable
kpi_003,,Insufficient Data,Unavailable,Unavailable
kpi_003,,Insufficient Data,Unavailable,Unavailable
kpi_003,,Insufficient Data,Unavailable,Unavailable
kpi_003,,Insufficient Data,Unavailable,Unavailable
kpi_003,,Insufficient Data,Unavailable,Unavailable
kpi_003,,Insufficient Data,Unavailable,Unavailable
kpi_003,,Insufficient Data,Unavailable,Unavailable
kpi_003,,Insufficient Data,Unavailable,Unavailable
kpi_003,,Insufficient Data,Unavailable,Unavailable
kpi_003,,Insufficient Data,Unavailable,Unavailable
kpi_003,,Insufficient Data,Unavailable,Unavailable
kpi_003,,Insufficient Data,Unavailable,Unavailable
kpi_003,,Insufficient Data,Unavailable,Unavailable
kpi_003,,Insufficient Data,Unavailable,Unavailable
kpi_003,,Insufficient Data,Unavailable,Unavailable
kpi_003,,Insufficient Data,Unavailable,Unavailable
kpi_003,,Insufficient Data,Unavailable,Unavailable
kpi_003,,Insufficient Data,Unavailable,Unavailable
kpi_003,,Insufficient Data,Unavailable,Unavailable
kpi_003,,Insufficient Data,Unavailable,Unavailable
kpi_003,,Insufficient Data,Unavailable,Unavailable
kpi_003,,Insufficient Data,Unavailable,Unavailable
kpi_003,,Insufficient Data,Unavailable,Unavailable
kpi_003,,Insufficient Data,Unavailable,Unavailable
kpi_003,,Insufficient Data,Unavailable,Unavailable
kpi_003,,Insufficient Data,Unavailable,Unavailable
kpi_003,,Insufficient Data,Unavailable,Unavailable
kpi_003,,Insufficient Data,Unavailable,Unavailable
kpi_003,,Insufficient Data,Unavailable,Unavailable
kpi_003,,Insufficient Data,Unavailable,Unavailable
kpi_003,,Insufficient Data,Unavailable,Unavailable
kpi_003,,Insufficient Data,Unavailable,Unavailable
kpi_003,,Insufficient Data,Unavailable,Unavailable
kpi_003,,Insufficient Data,Unavailable,Unavailable
kpi_003,,Insufficient Data,Unavailable,Unavailable
kpi_003,,Insufficient Data,Unavailable,Unavailable
kpi_003,,Insufficient Data,Unavailable,Unavailable
kpi_003,,Insufficient Data,Unavailable,Unavailable
kpi_003,,Insufficient Data,Unavailable,Unavailable
kpi_003,,Insufficient Data,Unavailable,Unavailable
kpi_003,,Insufficient Data,Unavailable,Unavailable
kpi_003,,Insufficient Data,Unavailable,Unavailable
kpi_003,,Insufficient Data,Unavailable,Unavailable
kpi_003,,Insufficient Data,Unavailable,Unavailable
kpi_003,,Insufficient Data,Unavailable,Unavailable
kpi_003,,Insufficient Data,Unavailable,Unavailable
kpi_003,,Insufficient Data,Unavailable,Unavailable
kpi_003,,Insufficient Data,Unavailable,Unavailable
kpi_003,,Insufficient Data,Unavailable,Unavailable
kpi_003,,Insufficient Data,Unavailable,Unavailable
kpi_003,,Insufficient Data,Unavailable,Unavailable
kpi_003,,Insufficient Data,Unavailable,Unavailable
kpi_003,,Insufficient Data,Unavailable,Unavailable
kpi_003,,Insufficient Data,Unavailable,Unavailable
kpi_003,,Insufficient Data,Unavailable,Unavailable
kpi_003,,Insufficient Data,Unavailable,Unavailable
kpi_003,,Insufficient Data,Unavailable,Unavailable
kpi_003,,Insufficient Data,Unavailable,Unavailable
kpi_003,,Insufficient Data,Unavailable,Unavailable
kpi_003,,Insufficient Data,Unavailable,Unavailable
kpi_003,,Insufficient Data,Unavailable,Unavailable
kpi_003,,Insufficient Data,Unavailable,Unavailable
kpi_003,,Insufficient Data,Unavailable,Unavailable
kpi_003,,Insufficient Data,Unavailable,Unavailable
kpi_003,,Insufficient Data,Unavailable,Unavailable
kpi_003,,Insufficient Data,Unavailable,Unavailable
kpi_003,,Insufficient Data,Unavailable,Unavailable
kpi_003,,Insufficient Data,Unavailable,Unavailable
kpi_003,,Insufficient Data,Unavailable,Unavailable
kpi_003,,Insufficient Data,Unavailable,Unavailable
kpi_003,,Insufficient Data,Unavailable,Unavailable
kpi_003,,Insufficient Data,Unavailable,Unavailable
kpi_003,,Insufficient Data,Unavailable,Unavailable
kpi_003,,Insufficient Data,Unavailable,Unavailable
kpi_003,,Insufficient Data,Unavailable,Unavailable
kpi_003,,Insufficient Data,Unavailable,Unavailable
kpi_003,,Insufficient Data,Unavailable,Unavailable
kpi_003,,Insufficient Data,Unavailable,Unavailable
kpi_003,,Insufficient Data,Unavailable,Unavailable
kpi_003,,Insufficient Data,Unavailable,Unavailable
kpi_003,,Insufficient Data,Unavailable,Unavailable
kpi_003,,Insufficient Data,Unavailable,Unavailable
kpi_003,,Insufficient Data,Unavailable,Unavailable
kpi_003,,Insufficient Data,Unavailable,Unavailable
kpi_003,,Insufficient Data,Unavailable,Unavailable
kpi_003,,Insufficient Data,Unavailable,Unavailable
kpi_003,,Insufficient Data,Unavailable,Unavailable
kpi_003,,Insufficient Data,Unavailable,Unavailable
kpi_003,,Insufficient Data,Unavailable,Unavailable
kpi_003,,Insufficient Data,Unavailable,Unavailable
kpi_003,,Insufficient Data,Unavailable,Unavailable
kpi_003,,Insufficient Data,Unavailable,Unavailable
kpi_003,,Insufficient Data,Unavailable,Unavailable
kpi_003,,Insufficient Data,Unavailable,Unavailable
kpi_003,,Insufficient Data,Unavailable,Unavailable
kpi_003,,Insufficient Data,Unavailable,Unavailable
kpi_003,,Insufficient Data,Unavailable,Unavailable
kpi_003,,Insufficient Data,Unavailable,Unavailable
kpi_003,,Insufficient Data,Unavailable,Unavailable
kpi_003,,Insufficient Data,Unavailable,Unavailable
kpi_003,,Insufficient Data,Unavailable,Unavailable
kpi_003,,Insufficient Data,Unavailable,Unavailable
kpi_003,,Insufficient Data,Unavailable,Unavailable
kpi_003,,Insufficient Data,Unavailable,Unavailable
kpi_003,,Insufficient Data,Unavailable,Unavailable
kpi_003,,Insufficient Data,Unavailable,Unavailable
kpi_003,,Insufficient Data,Unavailable,Unavailable
kpi_003,,Insufficient Data,Unavailable,Unavailable
kpi_003,,Insufficient Data,Unavailable,Unavailable
kpi_003,,Insufficient Data,Unavailable,Unavailable
kpi_003,,Insufficient Data,Unavailable,Unavailable
kpi_003,,Insufficient Data,Unavailable,Unavailable
kpi_003,,Insufficient Data,Unavailable,Unavailable
kpi_003,,Insufficient Data,Unavailable,Unavailable
kpi_003,,Insufficient Data,Unavailable,Unavailable
kpi_003,,Insufficient Data,Unavailable,Unavailable
kpi_003,,Insufficient Data,Unavailable,Unavailable
kpi_003,,Insufficient Data,Unavailable,Unavailable
kpi_003,,Insufficient Data,Unavailable,Unavailable
kpi_003,,Insufficient Data,Unavailable,Unavailable
kpi_003,,Insufficient Data,Unavailable,Unavailable
kpi_003,,Insufficient Data,Unavailable,Unavailable
kpi_003,,Insufficient Data,Unavailable,Unavailable
kpi_003,,Insufficient Data,Unavailable,Unavailable
kpi_003,,Insufficient Data,Unavailable,Unavailable
kpi_003,,Insufficient Data,Unavailable,Unavailable
kpi_003,,Insufficient Data,Unavailable,Unavailable
kpi_003,,Insufficient Data,Unavailable,Unavailable
kpi_003,,Insufficient Data,Unavailable,Unavailable
kpi_003,,Insufficient Data,Unavailable,Unavailable
kpi_003,,Insufficient Data,Unavailable,Unavailable
kpi_003,,Insufficient Data,Unavailable,Unavailable
kpi_003,,Insufficient Data,Unavailable,Unavailable
kpi_003,,Insufficient Data,Unavailable,Unavailable
kpi_003,,Insufficient Data,Unavailable,Unavailable
kpi_003,,Insufficient Data,Unavailable,Unavailable
kpi_003,,Insufficient Data,Unavailable,Unavailable
kpi_003,,Insufficient Data,Unavailable,Unavailable
kpi_003,,Insufficient Data,Unavailable,Unavailable
kpi_003,,Insufficient Data,Unavailable,Unavailable
kpi_003,,Insufficient Data,Unavailable,Unavailable
kpi_003,,Insufficient Data,Unavailable,Unavailable
kpi_003,,Insufficient Data,Unavailable,Unavailable
kpi_003,,Insufficient Data,Unavailable,Unavailable
kpi_003,,Insufficient Data,Unavailable,Unavailable
kpi_003,,Insufficient Data,Unavailable,Unavailable
kpi_003,,Insufficient Data,Unavailable,Unavailable
kpi_003,,Insufficient Data,Unavailable,Unavailable
kpi_003,,Insufficient Data,Unavailable,Unavailable
kpi_003,,Insufficient Data,Unavailable,Unavailable
kpi_003,,Insufficient Data,Unavailable,Unavailable
kpi_003,,Insufficient Data,Unavailable,Unavailable
kpi_003,,Insufficient Data,Unavailable,Unavailable
kpi_003,,Insufficient Data,Unavailable,Unavailable
kpi_003,,Insufficient Data,Unavailable,Unavailable
kpi_003,,Insufficient Data,Unavailable,Unavailable
kpi_003,,Insufficient Data,Unavailable,Unavailable
kpi_003,,Insufficient Data,Unavailable,Unavailable
kpi_003,,Insufficient Data,Unavailable,Unavailable
kpi_003,,Insufficient Data,Unavailable,Unavailable
kpi_003,,Insufficient Data,Unavailable,Unavailable
kpi_003,,Insufficient Data,Unavailable,Unavailable
kpi_003,,Insufficient Data,Unavailable,Unavailable
kpi_003,,Insufficient Data,Unavailable,Unavailable
kpi_003,,Insufficient Data,Unavailable,Unavailable
kpi_003,,Insufficient Data,Unavailable,Unavailable
kpi_003,,Insufficient Data,Unavailable,Unavailable
kpi_003,,Insufficient Data,Unavailable,Unavailable
kpi_003,,Insufficient Data,Unavailable,Unavailable
kpi_003,,Insufficient Data,Unavailable,Unavailable
kpi_003,,Insufficient Data,Unavailable,Unavailable
kpi_003,,Insufficient Data,Unavailable,Unavailable
kpi_003,,Insufficient Data,Unavailable,Unavailable
kpi_003,,Insufficient Data,Unavailable,Unavailable
kpi_003,,Insufficient Data,Unavailable,Unavailable
kpi_003,,Insufficient Data,Unavailable,Unavailable
kpi_003,,Insufficient Data,Unavailable,Unavailable
kpi_003,,Insufficient Data,Unavailable,Unavailable
kpi_003,,Insufficient Data,Unavailable,Unavailable
kpi_003,,Insufficient Data,Unavailable,Unavailable
kpi_003,,Insufficient Data,Unavailable,Unavailable
kpi_003,,Insufficient Data,Unavailable,Unavailable
kpi_003,,Insufficient Data,Unavailable,Unavailable
kpi_003,,Insufficient Data,Unavailable,Unavailable
kpi_003,,Insufficient Data,Unavailable,Unavailable
kpi_003,,Insufficient Data,Unavailable,Unavailable
kpi_003,,Insufficient Data,Unavailable,Unavailable
kpi_003,,Insufficient Data,Unavailable,Unavailable
kpi_003,,Insufficient Data,Unavailable,Unavailable
kpi_003,,Insufficient Data,Unavailable,Unavailable
kpi_003,,Insufficient Data,Unavailable,Unavailable
kpi_003,,Insufficient Data,Unavailable,Unavailable
kpi_003,,Insufficient Data,Unavailable,Unavailable
kpi_003,,Insufficient Data,Unavailable,Unavailable
kpi_003,,Insufficient Data,Unavailable,Unavailable
kpi_003,,Insufficient Data,Unavailable,Unavailable
kpi_003,,Insufficient Data,Unavailable,Unavailable
kpi_003,,Insufficient Data,Unavailable,Unavailable
kpi_003,,Insufficient Data,Unavailable,Unavailable
kpi_003,,Insufficient Data,Unavailable,Unavailable
kpi_003,,Insufficient Data,Unavailable,Unavailable
kpi_003,,Insufficient Data,Unavailable,Unavailable
kpi_003,,Insufficient Data,Unavailable,Unavailable
kpi_003,,Insufficient Data,Unavailable,Unavailable
kpi_003,,Insufficient Data,Unavailable,Unavailable
kpi_003,,Insufficient Data,Unavailable,Unavailable
kpi_003,,Insufficient Data,Unavailable,Unavailable
kpi_003,,Insufficient Data,Unavailable,Unavailable
kpi_003,,Insufficient Data,Unavailable,Unavailable
kpi_003,,Insufficient Data,Unavailable,Unavailable
kpi_003,,Insufficient Data,Unavailable,Unavailable
kpi_003,,Insufficient Data,Unavailable,Unavailable
kpi_003,,Insufficient Data,Unavailable,Unavailable
kpi_003,,Insufficient Data,Unavailable,Unavailable
kpi_003,,Insufficient Data,Unavailable,Unavailable
kpi_003,,Insufficient Data,Unavailable,Unavailable
kpi_003,,Insufficient Data,Unavailable,Unavailable
kpi_003,,Insufficient Data,Unavailable,Unavailable
kpi_003,,Insufficient Data,Unavailable,Unavailable
kpi_003,,Insufficient Data,Unavailable,Unavailable
kpi_003,,Insufficient Data,Unavailable,Unavailable
kpi_003,,Insufficient Data,Unavailable,Unavailable
kpi_003,,Insufficient Data,Unavailable,Unavailable
kpi_003,,Insufficient Data,Unavailable,Unavailable
kpi_003,,Insufficient Data,Unavailable,Unavailable
kpi_003,,Insufficient Data,Unavailable,Unavailable
kpi_003,,Insufficient Data,Unavailable,Unavailable
kpi_003,,Insufficient Data,Unavailable,Unavailable
kpi_003,,Insufficient Data,Unavailable,Unavailable
kpi_003,,Insufficient Data,Unavailable,Unavailable
kpi_003,,Insufficient Data,Unavailable,Unavailable
kpi_003,,Insufficient Data,Unavailable,Unavailable
kpi_003,,Insufficient Data,Unavailable,Unavailable
kpi_003,,Insufficient Data,Unavailable,Unavailable
kpi_003,,Insufficient Data,Unavailable,Unavailable
kpi_003,,Insufficient Data,Unavailable,Unavailable
kpi_003,,Insufficient Data,Unavailable,Unavailable
kpi_003,,Insufficient Data,Unavailable,Unavailable
kpi_003,,Insufficient Data,Unavailable,Unavailable
kpi_003,,Insufficient Data,Unavailable,Unavailable
kpi_003,,Insufficient Data,Unavailable,Unavailable
kpi_003,,Insufficient Data,Unavailable,Unavailable
kpi_003,,Insufficient Data,Unavailable,Unavailable
kpi_003,,Insufficient Data,Unavailable,Unavailable
kpi_003,,Insufficient Data,Unavailable,Unavailable
kpi_003,,Insufficient Data,Unavailable,Unavailable
kpi_003,,Insufficient Data,Unavailable,Unavailable
kpi_003,,Insufficient Data,Unavailable,Unavailable
kpi_003,,Insufficient Data,Unavailable,Unavailable
kpi_003,,Insufficient Data,Unavailable,Unavailable
kpi_003,,Insufficient Data,Unavailable,Unavailable
kpi_003,,Insufficient Data,Unavailable,Unavailable
kpi_003,,Insufficient Data,Unavailable,Unavailable
kpi_003,,Insufficient Data,Unavailable,Unavailable
kpi_003,,Insufficient Data,Unavailable,Unavailable
kpi_003,,Insufficient Data,Unavailable,Unavailable
kpi_003,,Insufficient Data,Unavailable,Unavailable
kpi_003,,Insufficient Data,Unavailable,Unavailable
kpi_003,,Insufficient Data,Unavailable,Unavailable
kpi_003,,Insufficient Data,Unavailable,Unavailable
kpi_003,,Insufficient Data,Unavailable,Unavailable
kpi_003,,Insufficient Data,Unavailable,Unavailable
kpi_003,,Insufficient Data,Unavailable,Unavailable
kpi_003,,Insufficient Data,Unavailable,Unavailable
kpi_003,,Insufficient Data,Unavailable,Unavailable
kpi_003,,Insufficient Data,Unavailable,Unavailable
kpi_003,,Insufficient Data,Unavailable,Unavailable
kpi_003,,Insufficient Data,Unavailable,Unavailable
kpi_003,,Insufficient Data,Unavailable,Unavailable
kpi_003,,Insufficient Data,Unavailable,Unavailable
kpi_003,,Insufficient Data,Unavailable,Unavailable
kpi_003,,Insufficient Data,Unavailable,Unavailable
kpi_003,,Insufficient Data,Unavailable,Unavailable
kpi_003,,Insufficient Data,Unavailable,Unavailable
kpi_003,,Insufficient Data,Unavailable,Unavailable
kpi_003,,Insufficient Data,Unavailable,Unavailable
kpi_003,,Insufficient Data,Unavailable,Unavailable
kpi_003,,Insufficient Data,Unavailable,Unavailable
kpi_003,,Insufficient Data,Unavailable,Unavailable
kpi_003,,Insufficient Data,Unavailable,Unavailable
kpi_003,,Insufficient Data,Unavailable,Unavailable
kpi_003,,Insufficient Data,Unavailable,Unavailable
kpi_003,,Insufficient Data,Unavailable,Unavailable
kpi_003,,Insufficient Data,Unavailable,Unavailable
kpi_003,,Insufficient Data,Unavailable,Unavailable
kpi_003,,Insufficient Data,Unavailable,Unavailable
kpi_003,,Insufficient Data,Unavailable,Unavailable
kpi_003,,Insufficient Data,Unavailable,Unavailable
kpi_003,,Insufficient Data,Unavailable,Unavailable
kpi_003,,Insufficient Data,Unavailable,Unavailable
kpi_003,,Insufficient Data,Unavailable,Unavailable
kpi_003,,Insufficient Data,Unavailable,Unavailable
kpi_003,,Insufficient Data,Unavailable,Unavailable
kpi_003,,Insufficient Data,Unavailable,Unavailable
kpi_003,,Insufficient Data,Unavailable,Unavailable
kpi_003,,Insufficient Data,Unavailable,Unavailable
kpi_003,,Insufficient Data,Unavailable,Unavailable
kpi_003,,Insufficient Data,Unavailable,Unavailable
kpi_003,,Insufficient Data,Unavailable,Unavailable
kpi_003,,Insufficient Data,Unavailable,Unavailable
kpi_003,,Insufficient Data,Unavailable,Unavailable
kpi_003,,Insufficient Data,Unavailable,Unavailable
kpi_003,,Insufficient Data,Unavailable,Unavailable
kpi_003,,Insufficient Data,Unavailable,Unavailable
kpi_003,,Insufficient Data,Unavailable,Unavailable
kpi_003,,Insufficient Data,Unavailable,Unavailable
kpi_003,,Insufficient Data,Unavailable,Unavailable
kpi_003,,Insufficient Data,Unavailable,Unavailable
kpi_003,,Insufficient Data,Unavailable,Unavailable
kpi_003,,Insufficient Data,Unavailable,Unavailable
kpi_003,,Insufficient Data,Unavailable,Unavailable
kpi_003,,Insufficient Data,Unavailable,Unavailable
kpi_003,,Insufficient Data,Unavailable,Unavailable
kpi_003,,Insufficient Data,Unavailable,Unavailable
kpi_003,,Insufficient Data,Unavailable,Unavailable
kpi_003,,Insufficient Data,Unavailable,Unavailable
kpi_003,,Insufficient Data,Unavailable,Unavailable
kpi_003,,Insufficient Data,Unavailable,Unavailable
kpi_003,,Insufficient Data,Unavailable,Unavailable
kpi_003,,Insufficient Data,Unavailable,Unavailable
kpi_003,,Insufficient Data,Unavailable,Unavailable
kpi_003,,Insufficient Data,Unavailable,Unavailable
kpi_003,,Insufficient Data,Unavailable,Unavailable
kpi_003,,Insufficient Data,Unavailable,Unavailable
kpi_003,,Insufficient Data,Unavailable,Unavailable
kpi_003,,Insufficient Data,Unavailable,Unavailable
kpi_003,,Insufficient Data,Unavailable,Unavailable
kpi_003,,Insufficient Data,Unavailable,Unavailable
kpi_003,,Insufficient Data,Unavailable,Unavailable
kpi_003,,Insufficient Data,Unavailable,Unavailable
kpi_003,,Insufficient Data,Unavailable,Unavailable
kpi_003,,Insufficient Data,Unavailable,Unavailable
kpi_003,,Insufficient Data,Unavailable,Unavailable
kpi_003,,Insufficient Data,Unavailable,Unavailable
kpi_003,,Insufficient Data,Unavailable,Unavailable
kpi_003,,Insufficient Data,Unavailable,Unavailable
kpi_003,,Insufficient Data,Unavailable,Unavailable
kpi_003,,Insufficient Data,Unavailable,Unavailable
kpi_003,,Insufficient Data,Unavailable,Unavailable
kpi_003,,Insufficient Data,Unavailable,Unavailable
kpi_003,,Insufficient Data,Unavailable,Unavailable
kpi_003,,Insufficient Data,Unavailable,Unavailable
kpi_003,,Insufficient Data,Unavailable,Unavailable
kpi_003,,Insufficient Data,Unavailable,Unavailable
kpi_003,,Insufficient Data,Unavailable,Unavailable
kpi_003,,Insufficient Data,Unavailable,Unavailable
kpi_003,,Insufficient Data,Unavailable,Unavailable
kpi_003,,Insufficient Data,Unavailable,Unavailable
kpi_003,,Insufficient Data,Unavailable,Unavailable
kpi_003,,Insufficient Data,Unavailable,Unavailable
kpi_003,,Insufficient Data,Unavailable,Unavailable
kpi_003,,Insufficient Data,Unavailable,Unavailable
kpi_003,,Insufficient Data,Unavailable,Unavailable
kpi_003,,Insufficient Data,Unavailable,Unavailable
kpi_003,,Insufficient Data,Unavailable,Unavailable
kpi_003,,Insufficient Data,Unavailable,Unavailable
kpi_003,,Insufficient Data,Unavailable,Unavailable
kpi_003,,Insufficient Data,Unavailable,Unavailable
kpi_003,,Insufficient Data,Unavailable,Unavailable
kpi_003,,Insufficient Data,Unavailable,Unavailable
kpi_003,,Insufficient Data,Unavailable,Unavailable
kpi_003,,Insufficient Data,Unavailable,Unavailable
kpi_003,,Insufficient Data,Unavailable,Unavailable
kpi_003,,Insufficient Data,Unavailable,Unavailable
kpi_003,,Insufficient Data,Unavailable,Unavailable
kpi_003,,Insufficient Data,Unavailable,Unavailable
kpi_003,,Insufficient Data,Unavailable,Unavailable
kpi_003,,Insufficient Data,Unavailable,Unavailable
kpi_003,,Insufficient Data,Unavailable,Unavailable
kpi_003,,Insufficient Data,Unavailable,Unavailable
kpi_003,,Insufficient Data,Unavailable,Unavailable
kpi_003,,Insufficient Data,Unavailable,Unavailable
kpi_003,,Insufficient Data,Unavailable,Unavailable
kpi_003,,Insufficient Data,Unavailable,Unavailable
kpi_003,,Insufficient Data,Unavailable,Unavailable
kpi_003,,Insufficient Data,Unavailable,Unavailable
kpi_003,,Insufficient Data,Unavailable,Unavailable
kpi_003,,Insufficient Data,Unavailable,Unavailable
kpi_003,,Insufficient Data,Unavailable,Unavailable
kpi_003,,Insufficient Data,Unavailable,Unavailable
kpi_003,,Insufficient Data,Unavailable,Unavailable
kpi_003,,Insufficient Data,Unavailable,Unavailable
kpi_003,,Insufficient Data,Unavailable,Unavailable
kpi_003,,Insufficient Data,Unavailable,Unavailable
kpi_003,,Insufficient Data,Unavailable,Unavailable
kpi_003,,Insufficient Data,Unavailable,Unavailable
kpi_003,,Insufficient Data,Unavailable,Unavailable
kpi_003,,Insufficient Data,Unavailable,Unavailable
kpi_003,,Insufficient Data,Unavailable,Unavailable
kpi_003,,Insufficient Data,Unavailable,Unavailable
kpi_003,,Insufficient Data,Unavailable,Unavailable
kpi_003,,Insufficient Data,Unavailable,Unavailable
kpi_003,,Insufficient Data,Unavailable,Unavailable
kpi_003,,Insufficient Data,Unavailable,Unavailable
kpi_003,,Insufficient Data,Unavailable,Unavailable
kpi_003,,Insufficient Data,Unavailable,Unavailable
kpi_003,,Insufficient Data,Unavailable,Unavailable
kpi_003,,Insufficient Data,Unavailable,Unavailable
kpi_003,,Insufficient Data,Unavailable,Unavailable
kpi_003,,Insufficient Data,Unavailable,Unavailable
kpi_003,,Insufficient Data,Unavailable,Unavailable
kpi_003,,Insufficient Data,Unavailable,Unavailable
kpi_003,,Insufficient Data,Unavailable,Unavailable
kpi_003,,Insufficient Data,Unavailable,Unavailable
kpi_003,,Insufficient Data,Unavailable,Unavailable
kpi_003,,Insufficient Data,Unavailable,Unavailable
kpi_003,,Insufficient Data,Unavailable,Unavailable
kpi_003,,Insufficient Data,Unavailable,Unavailable
kpi_003,,Insufficient Data,Unavailable,Unavailable
kpi_003,,Insufficient Data,Unavailable,Unavailable
kpi_003,,Insufficient Data,Unavailable,Unavailable
kpi_003,,Insufficient Data,Unavailable,Unavailable
kpi_003,,Insufficient Data,Unavailable,Unavailable
kpi_003,,Insufficient Data,Unavailable,Unavailable
kpi_003,,Insufficient Data,Unavailable,Unavailable
kpi_003,,Insufficient Data,Unavailable,Unavailable
kpi_003,,Insufficient Data,Unavailable,Unavailable
kpi_003,,Insufficient Data,Unavailable,Unavailable
kpi_003,,Insufficient Data,Unavailable,Unavailable
kpi_003,,Insufficient Data,Unavailable,Unavailable
kpi_003,,Insufficient Data,Unavailable,Unavailable
kpi_003,,Insufficient Data,Unavailable,Unavailable
kpi_003,,Insufficient Data,Unavailable,Unavailable
kpi_003,,Insufficient Data,Unavailable,Unavailable
kpi_003,,Insufficient Data,Unavailable,Unavailable
kpi_003,,Insufficient Data,Unavailable,Unavailable
kpi_003,,Insufficient Data,Unavailable,Unavailable
kpi_003,,Insufficient Data,Unavailable,Unavailable
kpi_003,,Insufficient Data,Unavailable,Unavailable
kpi_003,,Insufficient Data,Unavailable,Unavailable
kpi_003,,Insufficient Data,Unavailable,Unavailable
kpi_003,,Insufficient Data,Unavailable,Unavailable
kpi_003,,Insufficient Data,Unavailable,Unavailable
kpi_003,,Insufficient Data,Unavailable,Unavailable
kpi_003,,Insufficient Data,Unavailable,Unavailable
kpi_003,,Insufficient Data,Unavailable,Unavailable
kpi_003,,Insufficient Data,Unavailable,Unavailable
kpi_003,,Insufficient Data,Unavailable,Unavailable
kpi_003,,Insufficient Data,Unavailable,Unavailable
kpi_003,,Insufficient Data,Unavailable,Unavailable
kpi_003,,Insufficient Data,Unavailable,Unavailable
kpi_003,,Insufficient Data,Unavailable,Unavailable
kpi_003,,Insufficient Data,Unavailable,Unavailable
kpi_003,,Insufficient Data,Unavailable,Unavailable
kpi_003,,Insufficient Data,Unavailable,Unavailable
kpi_003,,Insufficient Data,Unavailable,Unavailable
kpi_003,,Insufficient Data,Unavailable,Unavailable
kpi_003,,Insufficient Data,Unavailable,Unavailable
kpi_003,,Insufficient Data,Unavailable,Unavailable
kpi_003,,Insufficient Data,Unavailable,Unavailable
kpi_003,,Insufficient Data,Unavailable,Unavailable
kpi_003,,Insufficient Data,Unavailable,Unavailable
kpi_003,,Insufficient Data,Unavailable,Unavailable
kpi_003,,Insufficient Data,Unavailable,Unavailable
kpi_003,,Insufficient Data,Unavailable,Unavailable
kpi_003,,Insufficient Data,Unavailable,Unavailable
kpi_003,,Insufficient Data,Unavailable,Unavailable
kpi_003,,Insufficient Data,Unavailable,Unavailable
kpi_003,,Insufficient Data,Unavailable,Unavailable
kpi_003,,Insufficient Data,Unavailable,Unavailable
kpi_003,,Insufficient Data,Unavailable,Unavailable
kpi_003,,Insufficient Data,Unavailable,Unavailable
kpi_003,,Insufficient Data,Unavailable,Unavailable
kpi_003,,Insufficient Data,Unavailable,Unavailable
kpi_003,,Insufficient Data,Unavailable,Unavailable
kpi_003,,Insufficient Data,Unavailable,Unavailable
kpi_003,,Insufficient Data,Unavailable,Unavailable
kpi_003,,Insufficient Data,Unavailable,Unavailable
kpi_003,,Insufficient Data,Unavailable,Unavailable
kpi_003,,Insufficient Data,Unavailable,Unavailable
kpi_003,,Insufficient Data,Unavailable,Unavailable
kpi_003,,Insufficient Data,Unavailable,Unavailable
kpi_003,,Insufficient Data,Unavailable,Unavailable
kpi_003,,Insufficient Data,Unavailable,Unavailable
kpi_003,,Insufficient Data,Unavailable,Unavailable
kpi_003,,Insufficient Data,Unavailable,Unavailable
kpi_003,,Insufficient Data,Unavailable,Unavailable
kpi_003,,Insufficient Data,Unavailable,Unavailable
kpi_003,,Insufficient Data,Unavailable,Unavailable
kpi_003,,Insufficient Data,Unavailable,Unavailable
kpi_003,,Insufficient Data,Unavailable,Unavailable
kpi_003,,Insufficient Data,Unavailable,Unavailable
kpi_003,,Insufficient Data,Unavailable,Unavailable
kpi_003,,Insufficient Data,Unavailable,Unavailable
kpi_003,,Insufficient Data,Unavailable,Unavailable
kpi_003,,Insufficient Data,Unavailable,Unavailable
kpi_003,,Insufficient Data,Unavailable,Unavailable
kpi_003,,Insufficient Data,Unavailable,Unavailable
kpi_003,,Insufficient Data,Unavailable,Unavailable
kpi_003,,Insufficient Data,Unavailable,Unavailable
kpi_003,,Insufficient Data,Unavailable,Unavailable
kpi_003,,Insufficient Data,Unavailable,Unavailable
kpi_003,,Insufficient Data,Unavailable,Unavailable
kpi_003,,Insufficient Data,Unavailable,Unavailable
kpi_003,,Insufficient Data,Unavailable,Unavailable
kpi_003,,Insufficient Data,Unavailable,Unavailable
kpi_003,,Insufficient Data,Unavailable,Unavailable
kpi_003,,Insufficient Data,Unavailable,Unavailable
kpi_003,,Insufficient Data,Unavailable,Unavailable
kpi_003,,Insufficient Data,Unavailable,Unavailable
kpi_003,,Insufficient Data,Unavailable,Unavailable
kpi_003,,Insufficient Data,Unavailable,Unavailable
kpi_003,,Insufficient Data,Unavailable,Unavailable
kpi_003,,Insufficient Data,Unavailable,Unavailable
kpi_003,,Insufficient Data,Unavailable,Unavailable
kpi_003,,Insufficient Data,Unavailable,Unavailable
kpi_003,,Insufficient Data,Unavailable,Unavailable
kpi_003,,Insufficient Data,Unavailable,Unavailable
kpi_003,,Insufficient Data,Unavailable,Unavailable
kpi_003,,Insufficient Data,Unavailable,Unavailable
kpi_003,,Insufficient Data,Unavailable,Unavailable
kpi_003,,Insufficient Data,Unavailable,Unavailable
kpi_003,,Insufficient Data,Unavailable,Unavailable
kpi_003,,Insufficient Data,Unavailable,Unavailable
kpi_003,,Insufficient Data,Unavailable,Unavailable
kpi_003,,Insufficient Data,Unavailable,Unavailable
kpi_003,,Insufficient Data,Unavailable,Unavailable
kpi_003,,Insufficient Data,Unavailable,Unavailable
kpi_003,,Insufficient Data,Unavailable,Unavailable
kpi_003,,Insufficient Data,Unavailable,Unavailable
kpi_003,,Insufficient Data,Unavailable,Unavailable
kpi_003,,Insufficient Data,Unavailable,Unavailable
kpi_003,,Insufficient Data,Unavailable,Unavailable
kpi_003,,Insufficient Data,Unavailable,Unavailable
kpi_003,,Insufficient Data,Unavailable,Unavailable
kpi_003,,Insufficient Data,Unavailable,Unavailable
kpi_003,,Insufficient Data,Unavailable,Unavailable
kpi_003,,Insufficient Data,Unavailable,Unavailable
kpi_003,,Insufficient Data,Unavailable,Unavailable
kpi_003,,Insufficient Data,Unavailable,Unavailable
kpi_003,,Insufficient Data,Unavailable,Unavailable
kpi_003,,Insufficient Data,Unavailable,Unavailable
kpi_003,,Insufficient Data,Unavailable,Unavailable
kpi_003,,Insufficient Data,Unavailable,Unavailable
kpi_003,,Insufficient Data,Unavailable,Unavailable
kpi_003,,Insufficient Data,Unavailable,Unavailable
kpi_003,,Insufficient Data,Unavailable,Unavailable
kpi_003,,Insufficient Data,Unavailable,Unavailable
kpi_003,,Insufficient Data,Unavailable,Unavailable
kpi_003,,Insufficient Data,Unavailable,Unavailable
kpi_003,,Insufficient Data,Unavailable,Unavailable
kpi_003,,Insufficient Data,Unavailable,Unavailable
kpi_003,,Insufficient Data,Unavailable,Unavailable
kpi_003,,Insufficient Data,Unavailable,Unavailable
kpi_003,,Insufficient Data,Unavailable,Unavailable
kpi_003,,Insufficient Data,Unavailable,Unavailable
kpi_003,,Insufficient Data,Unavailable,Unavailable
kpi_003,,Insufficient Data,Unavailable,Unavailable
kpi_003,,Insufficient Data,Unavailable,Unavailable
kpi_003,,Insufficient Data,Unavailable,Unavailable
kpi_003,,Insufficient Data,Unavailable,Unavailable
kpi_003,,Insufficient Data,Unavailable,Unavailable
kpi_003,,Insufficient Data,Unavailable,Unavailable
kpi_003,,Insufficient Data,Unavailable,Unavailable
kpi_003,,Insufficient Data,Unavailable,Unavailable
kpi_003,,Insufficient Data,Unavailable,Unavailable
kpi_003,,Insufficient Data,Unavailable,Unavailable
kpi_003,,Insufficient Data,Unavailable,Unavailable
kpi_003,,Insufficient Data,Unavailable,Unavailable
kpi_003,,Insufficient Data,Unavailable,Unavailable
kpi_003,,Insufficient Data,Unavailable,Unavailable
kpi_003,,Insufficient Data,Unavailable,Unavailable
kpi_003,,Insufficient Data,Unavailable,Unavailable
kpi_003,,Insufficient Data,Unavailable,Unavailable
kpi_003,,Insufficient Data,Unavailable,Unavailable
kpi_003,,Insufficient Data,Unavailable,Unavailable
kpi_003,,Insufficient Data,Unavailable,Unavailable
kpi_003,,Insufficient Data,Unavailable,Unavailable
kpi_003,,Insufficient Data,Unavailable,Unavailable
kpi_003,,Insufficient Data,Unavailable,Unavailable
kpi_003,,Insufficient Data,Unavailable,Unavailable
kpi_003,,Insufficient Data,Unavailable,Unavailable
kpi_003,,Insufficient Data,Unavailable,Unavailable
kpi_003,,Insufficient Data,Unavailable,Unavailable
kpi_003,,Insufficient Data,Unavailable,Unavailable
kpi_003,,Insufficient Data,Unavailable,Unavailable
kpi_003,,Insufficient Data,Unavailable,Unavailable
kpi_003,,Insufficient Data,Unavailable,Unavailable
kpi_003,,Insufficient Data,Unavailable,Unavailable
kpi_003,,Insufficient Data,Unavailable,Unavailable
kpi_003,,Insufficient Data,Unavailable,Unavailable
kpi_003,,Insufficient Data,Unavailable,Unavailable
kpi_003,,Insufficient Data,Unavailable,Unavailable
kpi_003,,Insufficient Data,Unavailable,Unavailable
kpi_003,,Insufficient Data,Unavailable,Unavailable
kpi_003,,Insufficient Data,Unavailable,Unavailable
kpi_003,,Insufficient Data,Unavailable,Unavailable
kpi_003,,Insufficient Data,Unavailable,Unavailable
kpi_003,,Insufficient Data,Unavailable,Unavailable
kpi_003,,Insufficient Data,Unavailable,Unavailable
kpi_003,,Insufficient Data,Unavailable,Unavailable
kpi_003,,Insufficient Data,Unavailable,Unavailable
kpi_003,,Insufficient Data,Unavailable,Unavailable
kpi_003,,Insufficient Data,Unavailable,Unavailable
kpi_003,,Insufficient Data,Unavailable,Unavailable
kpi_003,,Insufficient Data,Unavailable,Unavailable
kpi_003,,Insufficient Data,Unavailable,Unavailable
kpi_003,,Insufficient Data,Unavailable,Unavailable
kpi_003,,Insufficient Data,Unavailable,Unavailable
kpi_003,,Insufficient Data,Unavailable,Unavailable
kpi_003,,Insufficient Data,Unavailable,Unavailable
kpi_003,,Insufficient Data,Unavailable,Unavailable
kpi_003,,Insufficient Data,Unavailable,Unavailable
kpi_003,,Insufficient Data,Unavailable,Unavailable
kpi_003,,Insufficient Data,Unavailable,Unavailable
kpi_003,,Insufficient Data,Unavailable,Unavailable
kpi_003,,Insufficient Data,Unavailable,Unavailable
kpi_003,,Insufficient Data,Unavailable,Unavailable
kpi_003,,Insufficient Data,Unavailable,Unavailable
kpi_003,,Insufficient Data,Unavailable,Unavailable
kpi_003,,Insufficient Data,Unavailable,Unavailable
kpi_003,,Insufficient Data,Unavailable,Unavailable
kpi_003,,Insufficient Data,Unavailable,Unavailable
kpi_003,,Insufficient Data,Unavailable,Unavailable
kpi_003,,Insufficient Data,Unavailable,Unavailable
kpi_003,,Insufficient Data,Unavailable,Unavailable
kpi_003,,Insufficient Data,Unavailable,Unavailable
kpi_003,,Insufficient Data,Unavailable,Unavailable
kpi_003,,Insufficient Data,Unavailable,Unavailable
kpi_003,,Insufficient Data,Unavailable,Unavailable
kpi_003,,Insufficient Data,Unavailable,Unavailable
kpi_003,,Insufficient Data,Unavailable,Unavailable
kpi_003,,Insufficient Data,Unavailable,Unavailable
kpi_003,,Insufficient Data,Unavailable,Unavailable
kpi_003,,Insufficient Data,Unavailable,Unavailable
kpi_003,,Insufficient Data,Unavailable,Unavailable
kpi_003,,Insufficient Data,Unavailable,Unavailable
kpi_003,,Insufficient Data,Unavailable,Unavailable
kpi_003,,Insufficient Data,Unavailable,Unavailable
kpi_003,,Insufficient Data,Unavailable,Unavailable
kpi_003,,Insufficient Data,Unavailable,Unavailable
kpi_003,,Insufficient Data,Unavailable,Unavailable
kpi_003,,Insufficient Data,Unavailable,Unavailable
kpi_003,,Insufficient Data,Unavailable,Unavailable
kpi_003,,Insufficient Data,Unavailable,Unavailable
kpi_003,,Insufficient Data,Unavailable,Unavailable
kpi_003,,Insufficient Data,Unavailable,Unavailable
kpi_003,,Insufficient Data,Unavailable,Unavailable
kpi_003,,Insufficient Data,Unavailable,Unavailable
kpi_003,,Insufficient Data,Unavailable,Unavailable
kpi_003,,Insufficient Data,Unavailable,Unavailable
kpi_003,,Insufficient Data,Unavailable,Unavailable
kpi_003,,Insufficient Data,Unavailable,Unavailable
kpi_003,,Insufficient Data,Unavailable,Unavailable
kpi_003,,Insufficient Data,Unavailable,Unavailable
kpi_003,,Insufficient Data,Unavailable,Unavailable
kpi_003,,Insufficient Data,Unavailable,Unavailable
kpi_003,,Insufficient Data,Unavailable,Unavailable
kpi_003,,Insufficient Data,Unavailable,Unavailable
kpi_003,,Insufficient Data,Unavailable,Unavailable
kpi_003,,Insufficient Data,Unavailable,Unavailable
kpi_003,,Insufficient Data,Unavailable,Unavailable
kpi_003,,Insufficient Data,Unavailable,Unavailable
kpi_003,,Insufficient Data,Unavailable,Unavailable
kpi_003,,Insufficient Data,Unavailable,Unavailable
kpi_003,,Insufficient Data,Unavailable,Unavailable
kpi_003,,Insufficient Data,Unavailable,Unavailable
kpi_003,,Insufficient Data,Unavailable,Unavailable
kpi_003,,Insufficient Data,Unavailable,Unavailable
kpi_003,,Insufficient Data,Unavailable,Unavailable
kpi_003,,Insufficient Data,Unavailable,Unavailable
kpi_003,,Insufficient Data,Unavailable,Unavailable
kpi_003,,Insufficient Data,Unavailable,Unavailable
kpi_003,,Insufficient Data,Unavailable,Unavailable
kpi_003,,Insufficient Data,Unavailable,Unavailable
kpi_003,,Insufficient Data,Unavailable,Unavailable
kpi_003,,Insufficient Data,Unavailable,Unavailable
kpi_003,,Insufficient Data,Unavailable,Unavailable
kpi_003,,Insufficient Data,Unavailable,Unavailable
kpi_003,,Insufficient Data,Unavailable,Unavailable
kpi_003,,Insufficient Data,Unavailable,Unavailable
kpi_003,,Insufficient Data,Unavailable,Unavailable
kpi_003,,Insufficient Data,Unavailable,Unavailable
kpi_003,,Insufficient Data,Unavailable,Unavailable
kpi_003,,Insufficient Data,Unavailable,Unavailable
kpi_003,,Insufficient Data,Unavailable,Unavailable
kpi_003,,Insufficient Data,Unavailable,Unavailable
kpi_003,,Insufficient Data,Unavailable,Unavailable
kpi_003,,Insufficient Data,Unavailable,Unavailable
kpi_003,,Insufficient Data,Unavailable,Unavailable
kpi_003,,Insufficient Data,Unavailable,Unavailable
kpi_003,,Insufficient Data,Unavailable,Unavailable
kpi_003,,Insufficient Data,Unavailable,Unavailable
kpi_003,,Insufficient Data,Unavailable,Unavailable
kpi_003,,Insufficient Data,Unavailable,Unavailable
kpi_003,,Insufficient Data,Unavailable,Unavailable
kpi_003,,Insufficient Data,Unavailable,Unavailable
kpi_003,,Insufficient Data,Unavailable,Unavailable
kpi_003,,Insufficient Data,Unavailable,Unavailable
kpi_003,,Insufficient Data,Unavailable,Unavailable
kpi_003,,Insufficient Data,Unavailable,Unavailable
kpi_003,,Insufficient Data,Unavailable,Unavailable
kpi_003,,Insufficient Data,Unavailable,Unavailable
kpi_003,,Insufficient Data,Unavailable,Unavailable
kpi_003,,Insufficient Data,Unavailable,Unavailable
kpi_003,,Insufficient Data,Unavailable,Unavailable
kpi_003,,Insufficient Data,Unavailable,Unavailable
kpi_003,,Insufficient Data,Unavailable,Unavailable
kpi_003,,Insufficient Data,Unavailable,Unavailable
kpi_003,,Insufficient Data,Unavailable,Unavailable
kpi_003,,Insufficient Data,Unavailable,Unavailable
kpi_003,,Insufficient Data,Unavailable,Unavailable
kpi_003,,Insufficient Data,Unavailable,Unavailable
kpi_003,,Insufficient Data,Unavailable,Unavailable
kpi_003,,Insufficient Data,Unavailable,Unavailable
kpi_003,,Insufficient Data,Unavailable,Unavailable
kpi_003,,Insufficient Data,Unavailable,Unavailable
kpi_003,,Insufficient Data,Unavailable,Unavailable
kpi_003,,Insufficient Data,Unavailable,Unavailable
kpi_003,,Insufficient Data,Unavailable,Unavailable
kpi_003,,Insufficient Data,Unavailable,Unavailable
kpi_003,,Insufficient Data,Unavailable,Unavailable
kpi_003,,Insufficient Data,Unavailable,Unavailable
kpi_003,,Insufficient Data,Unavailable,Unavailable
kpi_003,,Insufficient Data,Unavailable,Unavailable
kpi_003,,Insufficient Data,Unavailable,Unavailable
kpi_003,,Insufficient Data,Unavailable,Unavailable
kpi_003,,Insufficient Data,Unavailable,Unavailable
kpi_003,,Insufficient Data,Unavailable,Unavailable
kpi_003,,Insufficient Data,Unavailable,Unavailable
kpi_003,,Insufficient Data,Unavailable,Unavailable
kpi_003,,Insufficient Data,Unavailable,Unavailable
kpi_003,,Insufficient Data,Unavailable,Unavailable
kpi_003,,Insufficient Data,Unavailable,Unavailable
kpi_003,,Insufficient Data,Unavailable,Unavailable
kpi_003,,Insufficient Data,Unavailable,Unavailable
kpi_003,,Insufficient Data,Unavailable,Unavailable
kpi_003,,Insufficient Data,Unavailable,Unavailable
kpi_003,,Insufficient Data,Unavailable,Unavailable
kpi_003,,Insufficient Data,Unavailable,Unavailable
kpi_003,,Insufficient Data,Unavailable,Unavailable
kpi_003,,Insufficient Data,Unavailable,Unavailable
kpi_003,,Insufficient Data,Unavailable,Unavailable
kpi_003,,Insufficient Data,Unavailable,Unavailable
kpi_003,,Insufficient Data,Unavailable,Unavailable
kpi_003,,Insufficient Data,Unavailable,Unavailable
kpi_003,,Insufficient Data,Unavailable,Unavailable
kpi_003,,Insufficient Data,Unavailable,Unavailable
kpi_003,,Insufficient Data,Unavailable,Unavailable
kpi_003,,Insufficient Data,Unavailable,Unavailable
kpi_003,,Insufficient Data,Unavailable,Unavailable
kpi_003,,Insufficient Data,Unavailable,Unavailable
kpi_003,,Insufficient Data,Unavailable,Unavailable
kpi_003,,Insufficient Data,Unavailable,Unavailable
kpi_003,,Insufficient Data,Unavailable,Unavailable
kpi_003,,Insufficient Data,Unavailable,Unavailable
kpi_003,,Insufficient Data,Unavailable,Unavailable
kpi_003,,Insufficient Data,Unavailable,Unavailable
kpi_003,,Insufficient Data,Unavailable,Unavailable
kpi_003,,Insufficient Data,Unavailable,Unavailable
kpi_003,,Insufficient Data,Unavailable,Unavailable
kpi_003,,Insufficient Data,Unavailable,Unavailable
kpi_003,,Insufficient Data,Unavailable,Unavailable
kpi_003,,Insufficient Data,Unavailable,Unavailable
kpi_003,,Insufficient Data,Unavailable,Unavailable
kpi_003,,Insufficient Data,Unavailable,Unavailable
kpi_003,,Insufficient Data,Unavailable,Unavailable
kpi_003,,Insufficient Data,Unavailable,Unavailable
kpi_003,,Insufficient Data,Unavailable,Unavailable
kpi_003,,Insufficient Data,Unavailable,Unavailable
kpi_003,,Insufficient Data,Unavailable,Unavailable
kpi_003,,Insufficient Data,Unavailable,Unavailable
kpi_003,,Insufficient Data,Unavailable,Unavailable
kpi_003,,Insufficient Data,Unavailable,Unavailable
kpi_003,,Insufficient Data,Unavailable,Unavailable
kpi_003,,Insufficient Data,Unavailable,Unavailable
kpi_003,,Insufficient Data,Unavailable,Unavailable
kpi_003,,Insufficient Data,Unavailable,Unavailable
kpi_003,,Insufficient Data,Unavailable,Unavailable
kpi_003,,Insufficient Data,Unavailable,Unavailable
kpi_003,,Insufficient Data,Unavailable,Unavailable
kpi_003,,Insufficient Data,Unavailable,Unavailable
kpi_003,,Insufficient Data,Unavailable,Unavailable
kpi_003,,Insufficient Data,Unavailable,Unavailable
kpi_003,,Insufficient Data,Unavailable,Unavailable
kpi_003,,Insufficient Data,Unavailable,Unavailable
kpi_003,,Insufficient Data,Unavailable,Unavailable
kpi_003,,Insufficient Data,Unavailable,Unavailable
kpi_003,,Insufficient Data,Unavailable,Unavailable
kpi_003,,Insufficient Data,Unavailable,Unavailable
kpi_003,,Insufficient Data,Unavailable,Unavailable
kpi_003,,Insufficient Data,Unavailable,Unavailable
kpi_003,,Insufficient Data,Unavailable,Unavailable
kpi_003,,Insufficient Data,Unavailable,Unavailable
kpi_003,,Insufficient Data,Unavailable,Unavailable
kpi_003,,Insufficient Data,Unavailable,Unavailable
kpi_003,,Insufficient Data,Unavailable,Unavailable
kpi_003,,Insufficient Data,Unavailable,Unavailable
kpi_003,,Insufficient Data,Unavailable,Unavailable
kpi_003,,Insufficient Data,Unavailable,Unavailable
kpi_003,,Insufficient Data,Unavailable,Unavailable
kpi_003,,Insufficient Data,Unavailable,Unavailable
kpi_003,,Insufficient Data,Unavailable,Unavailable
kpi_003,,Insufficient Data,Unavailable,Unavailable
kpi_003,,Insufficient Data,Unavailable,Unavailable
kpi_003,,Insufficient Data,Unavailable,Unavailable
kpi_003,,Insufficient Data,Unavailable,Unavailable
kpi_003,,Insufficient Data,Unavailable,Unavailable
kpi_003,,Insufficient Data,Unavailable,Unavailable
kpi_003,,Insufficient Data,Unavailable,Unavailable
kpi_003,,Insufficient Data,Unavailable,Unavailable
kpi_003,,Insufficient Data,Unavailable,Unavailable
kpi_003,,Insufficient Data,Unavailable,Unavailable
kpi_003,,Insufficient Data,Unavailable,Unavailable
kpi_003,,Insufficient Data,Unavailable,Unavailable
kpi_003,,Insufficient Data,Unavailable,Unavailable
kpi_003,,Insufficient Data,Unavailable,Unavailable
kpi_003,,Insufficient Data,Unavailable,Unavailable
kpi_003,,Insufficient Data,Unavailable,Unavailable
kpi_003,,Insufficient Data,Unavailable,Unavailable
kpi_003,,Insufficient Data,Unavailable,Unavailable
kpi_003,,Insufficient Data,Unavailable,Unavailable
kpi_003,,Insufficient Data,Unavailable,Unavailable
kpi_003,,Insufficient Data,Unavailable,Unavailable
kpi_003,,Insufficient Data,Unavailable,Unavailable
kpi_003,,Insufficient Data,Unavailable,Unavailable
kpi_003,,Insufficient Data,Unavailable,Unavailable
kpi_003,,Insufficient Data,Unavailable,Unavailable
kpi_003,,Insufficient Data,Unavailable,Unavailable
kpi_003,,Insufficient Data,Unavailable,Unavailable
kpi_003,,Insufficient Data,Unavailable,Unavailable
kpi_003,,Insufficient Data,Unavailable,Unavailable
kpi_003,,Insufficient Data,Unavailable,Unavailable
kpi_003,,Insufficient Data,Unavailable,Unavailable
kpi_003,,Insufficient Data,Unavailable,Unavailable
kpi_003,,Insufficient Data,Unavailable,Unavailable
kpi_003,,Insufficient Data,Unavailable,Unavailable
kpi_003,,Insufficient Data,Unavailable,Unavailable
kpi_003,,Insufficient Data,Unavailable,Unavailable
kpi_003,,Insufficient Data,Unavailable,Unavailable
kpi_003,,Insufficient Data,Unavailable,Unavailable
kpi_003,,Insufficient Data,Unavailable,Unavailable
kpi_003,,Insufficient Data,Unavailable,Unavailable
kpi_003,,Insufficient Data,Unavailable,Unavailable
kpi_003,,Insufficient Data,Unavailable,Unavailable
kpi_003,,Insufficient Data,Unavailable,Unavailable
kpi_003,,Insufficient Data,Unavailable,Unavailable
kpi_003,,Insufficient Data,Unavailable,Unavailable
kpi_003,,Insufficient Data,Unavailable,Unavailable
kpi_003,,Insufficient Data,Unavailable,Unavailable
kpi_003,,Insufficient Data,Unavailable,Unavailable
kpi_003,78.94736842105263,Calculated,Low Utilisation,Low Utilisation
kpi_003,90.9090909090909,Calculated,Green,Green
kpi_003,80.0,Calculated,Low Utilisation,Low Utilisation
kpi_003,76.19047619047619,Calculated,Low Utilisation,Low Utilisation
kpi_003,76.19047619047619,Calculated,Low Utilisation,Low Utilisation
kpi_003,81.81818181818183,Calculated,Amber,Amber
kpi_003,75.0,Calculated,Low Utilisation,Low Utilisation
kpi_003,76.19047619047619,Calculated,Low Utilisation,Low Utilisation
kpi_003,75.0,Calculated,Low Utilisation,Low Utilisation
kpi_003,71.42857142857143,Calculated,Low Utilisation,Low Utilisation
kpi_003,80.0,Calculated,Low Utilisation,Low Utilisation
kpi_003,81.81818181818183,Calculated,Amber,Amber
kpi_003,90.47619047619048,Calculated,Green,Green
kpi_003,80.95238095238095,Calculated,Low Utilisation,Low Utilisation
kpi_003,84.21052631578947,Calculated,Amber,Amber
kpi_003,80.0,Calculated,Low Utilisation,Low Utilisation
kpi_003,77.27272727272727,Calculated,Low Utilisation,Low Utilisation
kpi_003,86.36363636363636,Calculated,Green,Green
kpi_003,76.19047619047619,Calculated,Low Utilisation,Low Utilisation
kpi_003,90.47619047619048,Calculated,Green,Green
kpi_003,85.0,Calculated,Amber,Amber
kpi_003,76.19047619047619,Calculated,Low Utilisation,Low Utilisation
kpi_003,86.36363636363636,Calculated,Green,Green
kpi_003,76.19047619047619,Calculated,Low Utilisation,Low Utilisation
kpi_003,86.36363636363636,Calculated,Green,Green
kpi_003,77.27272727272727,Calculated,Low Utilisation,Low Utilisation
kpi_003,90.0,Calculated,Green,Green
kpi_003,85.0,Calculated,Amber,Amber
kpi_003,86.36363636363636,Calculated,Green,Green
kpi_003,80.95238095238095,Calculated,Low Utilisation,Low Utilisation
kpi_003,90.47619047619048,Calculated,Green,Green
kpi_003,75.0,Calculated,Low Utilisation,Low Utilisation
kpi_003,76.19047619047619,Calculated,Low Utilisation,Low Utilisation
kpi_003,89.47368421052632,Calculated,Green,Green
kpi_003,85.0,Calculated,Amber,Amber
kpi_003,86.36363636363636,Calculated,Green,Green
kpi_003,77.27272727272727,Calculated,Low Utilisation,Low Utilisation
kpi_003,90.0,Calculated,Green,Green
kpi_003,85.71428571428571,Calculated,Amber,Amber
kpi_003,81.81818181818183,Calculated,Amber,Amber
kpi_003,71.42857142857143,Calculated,Low Utilisation,Low Utilisation
kpi_003,90.9090909090909,Calculated,Green,Green
kpi_003,75.0,Calculated,Low Utilisation,Low Utilisation
kpi_003,90.9090909090909,Calculated,Green,Green
kpi_003,85.0,Calculated,Amber,Amber
kpi_003,85.71428571428571,Calculated,Amber,Amber
kpi_003,84.21052631578947,Calculated,Amber,Amber
kpi_003,90.9090909090909,Calculated,Green,Green
kpi_003,80.95238095238095,Calculated,Low Utilisation,Low Utilisation
kpi_003,80.95238095238095,Calculated,Low Utilisation,Low Utilisation
kpi_003,86.36363636363636,Calculated,Green,Green
kpi_003,78.94736842105263,Calculated,Low Utilisation,Low Utilisation
kpi_003,80.0,Calculated,Low Utilisation,Low Utilisation
kpi_003,80.95238095238095,Calculated,Low Utilisation,Low Utilisation
kpi_003,76.19047619047619,Calculated,Low Utilisation,Low Utilisation
kpi_003,80.95238095238095,Calculated,Low Utilisation,Low Utilisation
kpi_003,76.19047619047619,Calculated,Low Utilisation,Low Utilisation
kpi_003,85.0,Calculated,Amber,Amber
kpi_003,77.27272727272727,Calculated,Low Utilisation,Low Utilisation
kpi_003,90.0,Calculated,Green,Green
kpi_003,90.9090909090909,Calculated,Green,Green
kpi_003,90.47619047619048,Calculated,Green,Green
kpi_003,95.0,Calculated,Green,Green
kpi_003,90.9090909090909,Calculated,Green,Green
kpi_003,90.0,Calculated,Green,Green
kpi_003,81.81818181818183,Calculated,Amber,Amber
kpi_003,90.0,Calculated,Green,Green
kpi_003,78.94736842105263,Calculated,Low Utilisation,Low Utilisation
kpi_003,85.0,Calculated,Amber,Amber
kpi_003,85.0,Calculated,Amber,Amber
kpi_003,95.45454545454544,Calculated,Green,Green
kpi_003,78.94736842105263,Calculated,Low Utilisation,Low Utilisation
kpi_003,80.0,Calculated,Low Utilisation,Low Utilisation
kpi_003,95.23809523809524,Calculated,Green,Green
kpi_003,80.95238095238095,Calculated,Low Utilisation,Low Utilisation
kpi_003,85.71428571428571,Calculated,Amber,Amber
kpi_003,80.95238095238095,Calculated,Low Utilisation,Low Utilisation
kpi_003,95.0,Calculated,Green,Green
kpi_003,90.47619047619048,Calculated,Green,Green
kpi_003,86.36363636363636,Calculated,Green,Green
kpi_003,84.21052631578947,Calculated,Amber,Amber
kpi_003,85.0,Calculated,Amber,Amber
kpi_003,90.47619047619048,Calculated,Green,Green
kpi_003,95.23809523809524,Calculated,Green,Green
kpi_003,85.0,Calculated,Amber,Amber
kpi_003,77.27272727272727,Calculated,Low Utilisation,Low Utilisation
kpi_003,89.47368421052632,Calculated,Green,Green
kpi_003,78.94736842105263,Calculated,Low Utilisation,Low Utilisation
kpi_003,90.47619047619048,Calculated,Green,Green
kpi_003,80.0,Calculated,Low Utilisation,Low Utilisation
kpi_003,85.71428571428571,Calculated,Amber,Amber
kpi_003,100.0,Calculated,Green,Green
kpi_003,90.9090909090909,Calculated,Green,Green
kpi_003,84.21052631578947,Calculated,Amber,Amber
kpi_003,85.71428571428571,Calculated,Amber,Amber
kpi_003,95.0,Calculated,Green,Green
kpi_003,85.71428571428571,Calculated,Amber,Amber
kpi_003,85.0,Calculated,Amber,Amber
kpi_003,95.23809523809524,Calculated,Green,Green
kpi_003,104.54545454545456,Calculated,Amber,Amber
kpi_003,90.0,Calculated,Green,Green
kpi_003,100.0,Calculated,Green,Green
kpi_003,95.0,Calculated,Green,Green
kpi_003,100.0,Calculated,Green,Green
kpi_003,104.76190476190476,Calculated,Critical Capacity Pressure,Critical Capacity Pressure
kpi_003,95.23809523809524,Calculated,Green,Green
kpi_003,85.71428571428571,Calculated,Amber,Amber
kpi_003,105.0,Calculated,Critical Capacity Pressure,Critical Capacity Pressure
kpi_003,104.76190476190476,Calculated,Critical Capacity Pressure,Critical Capacity Pressure
kpi_003,104.76190476190476,Calculated,Critical Capacity Pressure,Critical Capacity Pressure
kpi_003,100.0,Calculated,Green,Green
kpi_003,100.0,Calculated,Green,Green
kpi_003,104.76190476190476,Calculated,Critical Capacity Pressure,Critical Capacity Pressure
kpi_003,95.23809523809524,Calculated,Green,Green
kpi_003,100.0,Calculated,Green,Green
kpi_003,90.47619047619048,Calculated,Green,Green
kpi_003,95.0,Calculated,Green,Green
kpi_003,85.71428571428571,Calculated,Amber,Amber
kpi_003,100.0,Calculated,Green,Green
kpi_003,90.0,Calculated,Green,Green
kpi_003,85.0,Calculated,Amber,Amber
kpi_003,90.9090909090909,Calculated,Green,Green
kpi_003,100.0,Calculated,Green,Green
kpi_003,95.45454545454544,Calculated,Green,Green
kpi_003,95.0,Calculated,Green,Green
kpi_003,105.0,Calculated,Critical Capacity Pressure,Critical Capacity Pressure
kpi_003,90.0,Calculated,Green,Green
kpi_003,95.23809523809524,Calculated,Green,Green
kpi_003,86.36363636363636,Calculated,Green,Green
kpi_003,95.23809523809524,Calculated,Green,Green
kpi_003,100.0,Calculated,Green,Green
kpi_003,100.0,Calculated,Green,Green
kpi_003,100.0,Calculated,Green,Green
kpi_003,95.23809523809524,Calculated,Green,Green
kpi_003,90.47619047619048,Calculated,Green,Green
kpi_003,100.0,Calculated,Green,Green
kpi_003,86.36363636363636,Calculated,Green,Green
kpi_003,104.76190476190476,Calculated,Critical Capacity Pressure,Critical Capacity Pressure
kpi_003,86.36363636363636,Calculated,Green,Green
kpi_003,100.0,Calculated,Green,Green
kpi_003,90.9090909090909,Calculated,Green,Green
kpi_003,85.0,Calculated,Amber,Amber
kpi_003,90.0,Calculated,Green,Green
kpi_003,90.9090909090909,Calculated,Green,Green
kpi_003,95.45454545454544,Calculated,Green,Green
kpi_003,95.45454545454544,Calculated,Green,Green
kpi_003,104.76190476190476,Calculated,Critical Capacity Pressure,Critical Capacity Pressure
kpi_003,95.23809523809524,Calculated,Green,Green
kpi_003,85.71428571428571,Calculated,Amber,Amber
kpi_003,89.47368421052632,Calculated,Green,Green
kpi_003,95.23809523809524,Calculated,Green,Green
kpi_003,100.0,Calculated,Green,Green
kpi_003,95.0,Calculated,Green,Green
kpi_003,94.73684210526316,Calculated,Green,Green
kpi_003,115.0,Calculated,Critical Capacity Pressure,Critical Capacity Pressure
kpi_003,90.9090909090909,Calculated,Green,Green
kpi_003,109.52380952380952,Calculated,Critical Capacity Pressure,Critical Capacity Pressure
kpi_003,104.76190476190476,Calculated,Critical Capacity Pressure,Critical Capacity Pressure
kpi_003,100.0,Calculated,Green,Green
kpi_003,114.28571428571428,Calculated,Critical Capacity Pressure,Critical Capacity Pressure
kpi_003,109.09090909090908,Calculated,Critical Capacity Pressure,Critical Capacity Pressure
kpi_003,104.76190476190476,Calculated,Critical Capacity Pressure,Critical Capacity Pressure
kpi_003,100.0,Calculated,Green,Green
kpi_003,105.0,Calculated,Critical Capacity Pressure,Critical Capacity Pressure
kpi_003,109.09090909090908,Calculated,Critical Capacity Pressure,Critical Capacity Pressure
kpi_003,90.47619047619048,Calculated,Green,Green
kpi_003,100.0,Calculated,Green,Green
kpi_003,90.47619047619048,Calculated,Green,Green
kpi_003,100.0,Calculated,Green,Green
kpi_003,100.0,Calculated,Green,Green
kpi_003,104.76190476190476,Calculated,Critical Capacity Pressure,Critical Capacity Pressure
kpi_003,118.1818181818182,Calculated,Critical Capacity Pressure,Critical Capacity Pressure
kpi_003,109.52380952380952,Calculated,Critical Capacity Pressure,Critical Capacity Pressure
kpi_003,109.52380952380952,Calculated,Critical Capacity Pressure,Critical Capacity Pressure
kpi_003,104.76190476190476,Calculated,Critical Capacity Pressure,Critical Capacity Pressure
kpi_003,114.28571428571428,Calculated,Critical Capacity Pressure,Critical Capacity Pressure
kpi_003,110.5263157894737,Calculated,Critical Capacity Pressure,Critical Capacity Pressure
kpi_003,104.76190476190476,Calculated,Critical Capacity Pressure,Critical Capacity Pressure
kpi_003,110.5263157894737,Calculated,Critical Capacity Pressure,Critical Capacity Pressure
kpi_003,109.09090909090908,Calculated,Critical Capacity Pressure,Critical Capacity Pressure
kpi_003,110.0,Calculated,Critical Capacity Pressure,Critical Capacity Pressure
kpi_003,109.52380952380952,Calculated,Critical Capacity Pressure,Critical Capacity Pressure
kpi_003,100.0,Calculated,Green,Green
kpi_003,104.54545454545456,Calculated,Amber,Amber
kpi_003,100.0,Calculated,Green,Green
kpi_003,100.0,Calculated,Green,Green
kpi_003,100.0,Calculated,Green,Green
kpi_003,100.0,Calculated,Green,Green
kpi_003,104.76190476190476,Calculated,Critical Capacity Pressure,Critical Capacity Pressure
kpi_003,109.52380952380952,Calculated,Critical Capacity Pressure,Critical Capacity Pressure
kpi_003,90.47619047619048,Calculated,Green,Green
kpi_003,110.0,Calculated,Critical Capacity Pressure,Critical Capacity Pressure
kpi_003,115.78947368421052,Calculated,Critical Capacity Pressure,Critical Capacity Pressure
kpi_003,95.45454545454544,Calculated,Green,Green
kpi_003,110.5263157894737,Calculated,Critical Capacity Pressure,Critical Capacity Pressure
kpi_003,104.54545454545456,Calculated,Amber,Amber
kpi_003,109.52380952380952,Calculated,Critical Capacity Pressure,Critical Capacity Pressure
kpi_003,109.52380952380952,Calculated,Critical Capacity Pressure,Critical Capacity Pressure
kpi_003,90.9090909090909,Calculated,Green,Green
kpi_003,110.0,Calculated,Critical Capacity Pressure,Critical Capacity Pressure
kpi_003,114.28571428571428,Calculated,Critical Capacity Pressure,Critical Capacity Pressure
kpi_003,95.45454545454544,Calculated,Green,Green
kpi_003,100.0,Calculated,Green,Green
kpi_003,104.76190476190476,Calculated,Critical Capacity Pressure,Critical Capacity Pressure
kpi_003,114.28571428571428,Calculated,Critical Capacity Pressure,Critical Capacity Pressure
kpi_003,105.0,Calculated,Critical Capacity Pressure,Critical Capacity Pressure
kpi_003,115.0,Calculated,Critical Capacity Pressure,Critical Capacity Pressure
kpi_003,100.0,Calculated,Green,Green
kpi_003,109.52380952380952,Calculated,Critical Capacity Pressure,Critical Capacity Pressure
kpi_003,114.28571428571428,Calculated,Critical Capacity Pressure,Critical Capacity Pressure
kpi_003,95.23809523809524,Calculated,Green,Green
kpi_003,95.23809523809524,Calculated,Green,Green
kpi_003,81.81818181818183,Calculated,Amber,Amber
kpi_003,90.0,Calculated,Green,Green
kpi_003,95.23809523809524,Calculated,Green,Green
kpi_003,85.0,Calculated,Amber,Amber
kpi_003,85.0,Calculated,Amber,Amber
kpi_003,90.0,Calculated,Green,Green
kpi_003,81.81818181818183,Calculated,Amber,Amber
kpi_003,100.0,Calculated,Green,Green
kpi_003,95.45454545454544,Calculated,Green,Green
kpi_003,100.0,Calculated,Green,Green
kpi_003,95.0,Calculated,Green,Green
kpi_003,100.0,Calculated,Green,Green
kpi_003,90.47619047619048,Calculated,Green,Green
kpi_003,90.47619047619048,Calculated,Green,Green
kpi_003,81.81818181818183,Calculated,Amber,Amber
kpi_003,85.71428571428571,Calculated,Amber,Amber
kpi_003,85.0,Calculated,Amber,Amber
kpi_003,100.0,Calculated,Green,Green
kpi_003,95.23809523809524,Calculated,Green,Green
kpi_003,86.36363636363636,Calculated,Green,Green
kpi_003,85.0,Calculated,Amber,Amber
kpi_003,80.0,Calculated,Low Utilisation,Low Utilisation
kpi_003,85.71428571428571,Calculated,Amber,Amber
kpi_003,94.73684210526316,Calculated,Green,Green
kpi_003,95.23809523809524,Calculated,Green,Green
kpi_003,89.47368421052632,Calculated,Green,Green
kpi_003,86.36363636363636,Calculated,Green,Green
kpi_003,85.0,Calculated,Amber,Amber
kpi_003,85.0,Calculated,Amber,Amber
kpi_003,78.94736842105263,Calculated,Low Utilisation,Low Utilisation
kpi_003,85.71428571428571,Calculated,Amber,Amber
kpi_003,80.0,Calculated,Low Utilisation,Low Utilisation
kpi_003,86.36363636363636,Calculated,Green,Green
kpi_003,85.71428571428571,Calculated,Amber,Amber
kpi_003,95.45454545454544,Calculated,Green,Green
kpi_003,100.0,Calculated,Green,Green
kpi_003,95.0,Calculated,Green,Green
kpi_003,90.0,Calculated,Green,Green
kpi_003,89.47368421052632,Calculated,Green,Green
kpi_003,90.0,Calculated,Green,Green
kpi_003,90.47619047619048,Calculated,Green,Green
kpi_003,100.0,Calculated,Green,Green
kpi_003,85.71428571428571,Calculated,Amber,Amber
kpi_003,100.0,Calculated,Green,Green
kpi_003,100.0,Calculated,Green,Green
kpi_003,80.95238095238095,Calculated,Low Utilisation,Low Utilisation
kpi_003,100.0,Calculated,Green,Green
kpi_003,100.0,Calculated,Green,Green
kpi_003,95.0,Calculated,Green,Green
kpi_003,95.45454545454544,Calculated,Green,Green
kpi_003,95.45454545454544,Calculated,Green,Green
kpi_003,100.0,Calculated,Green,Green
kpi_003,100.0,Calculated,Green,Green
kpi_003,90.0,Calculated,Green,Green
kpi_003,100.0,Calculated,Green,Green
kpi_003,95.23809523809524,Calculated,Green,Green
kpi_003,85.71428571428571,Calculated,Amber,Amber
kpi_003,95.45454545454544,Calculated,Green,Green
kpi_003,85.71428571428571,Calculated,Amber,Amber
kpi_003,100.0,Calculated,Green,Green
kpi_003,90.0,Calculated,Green,Green
kpi_003,85.71428571428571,Calculated,Amber,Amber
kpi_003,85.71428571428571,Calculated,Amber,Amber
kpi_003,85.71428571428571,Calculated,Amber,Amber
kpi_003,90.0,Calculated,Green,Green
kpi_003,100.0,Calculated,Green,Green
kpi_003,90.9090909090909,Calculated,Green,Green
kpi_003,85.71428571428571,Calculated,Amber,Amber
kpi_003,90.9090909090909,Calculated,Green,Green
kpi_003,95.45454545454544,Calculated,Green,Green
kpi_003,100.0,Calculated,Green,Green
kpi_003,90.47619047619048,Calculated,Green,Green
kpi_003,85.0,Calculated,Amber,Amber
kpi_003,100.0,Calculated,Green,Green
kpi_003,94.73684210526316,Calculated,Green,Green
kpi_003,100.0,Calculated,Green,Green
kpi_003,90.47619047619048,Calculated,Green,Green
kpi_003,95.0,Calculated,Green,Green
kpi_003,95.0,Calculated,Green,Green
kpi_003,85.0,Calculated,Amber,Amber
kpi_003,81.81818181818183,Calculated,Amber,Amber
kpi_003,90.47619047619048,Calculated,Green,Green
kpi_003,90.0,Calculated,Green,Green
kpi_003,95.23809523809524,Calculated,Green,Green
kpi_003,95.0,Calculated,Green,Green
kpi_003,85.71428571428571,Calculated,Amber,Amber
kpi_003,95.23809523809524,Calculated,Green,Green
kpi_003,95.23809523809524,Calculated,Green,Green
kpi_003,85.71428571428571,Calculated,Amber,Amber
kpi_003,86.36363636363636,Calculated,Green,Green
kpi_003,90.9090909090909,Calculated,Green,Green
kpi_003,89.47368421052632,Calculated,Green,Green
kpi_003,85.71428571428571,Calculated,Amber,Amber
kpi_003,100.0,Calculated,Green,Green
kpi_003,95.0,Calculated,Green,Green
kpi_003,94.73684210526316,Calculated,Green,Green
kpi_003,100.0,Calculated,Green,Green
kpi_003,100.0,Calculated,Green,Green
kpi_003,90.0,Calculated,Green,Green
kpi_003,90.47619047619048,Calculated,Green,Green
kpi_003,81.81818181818183,Calculated,Amber,Amber
kpi_003,85.0,Calculated,Amber,Amber
kpi_003,100.0,Calculated,Green,Green
kpi_003,100.0,Calculated,Green,Green
kpi_003,80.95238095238095,Calculated,Low Utilisation,Low Utilisation
kpi_003,95.23809523809524,Calculated,Green,Green
kpi_003,78.94736842105263,Calculated,Low Utilisation,Low Utilisation
kpi_003,90.9090909090909,Calculated,Green,Green
kpi_003,90.47619047619048,Calculated,Green,Green
kpi_003,94.73684210526316,Calculated,Green,Green
kpi_003,95.0,Calculated,Green,Green
kpi_003,100.0,Calculated,Green,Green
kpi_003,100.0,Calculated,Green,Green
kpi_003,81.81818181818183,Calculated,Amber,Amber
kpi_003,81.81818181818183,Calculated,Amber,Amber
kpi_003,95.23809523809524,Calculated,Green,Green
kpi_003,85.0,Calculated,Amber,Amber
kpi_003,95.23809523809524,Calculated,Green,Green
kpi_003,100.0,Calculated,Green,Green
kpi_003,100.0,Calculated,Green,Green
kpi_003,95.0,Calculated,Green,Green
kpi_003,85.0,Calculated,Amber,Amber
kpi_003,95.23809523809524,Calculated,Green,Green
kpi_003,80.95238095238095,Calculated,Low Utilisation,Low Utilisation
kpi_003,89.47368421052632,Calculated,Green,Green
kpi_003,90.0,Calculated,Green,Green
kpi_003,100.0,Calculated,Green,Green
kpi_003,78.94736842105263,Calculated,Low Utilisation,Low Utilisation
kpi_003,100.0,Calculated,Green,Green
kpi_003,90.0,Calculated,Green,Green
kpi_003,90.0,Calculated,Green,Green
kpi_003,90.0,Calculated,Green,Green
kpi_003,80.0,Calculated,Low Utilisation,Low Utilisation
kpi_003,90.9090909090909,Calculated,Green,Green
kpi_003,90.47619047619048,Calculated,Green,Green
kpi_003,95.0,Calculated,Green,Green
kpi_003,80.95238095238095,Calculated,Low Utilisation,Low Utilisation
kpi_003,81.81818181818183,Calculated,Amber,Amber
kpi_003,85.71428571428571,Calculated,Amber,Amber
kpi_003,95.0,Calculated,Green,Green
kpi_003,80.95238095238095,Calculated,Low Utilisation,Low Utilisation
kpi_003,90.47619047619048,Calculated,Green,Green
kpi_003,86.36363636363636,Calculated,Green,Green
kpi_003,84.21052631578947,Calculated,Amber,Amber
kpi_003,90.0,Calculated,Green,Green
kpi_003,85.0,Calculated,Amber,Amber
kpi_003,80.0,Calculated,Low Utilisation,Low Utilisation
kpi_003,100.0,Calculated,Green,Green
kpi_003,95.23809523809524,Calculated,Green,Green
kpi_003,100.0,Calculated,Green,Green
kpi_003,94.73684210526316,Calculated,Green,Green
kpi_003,95.23809523809524,Calculated,Green,Green
kpi_003,90.0,Calculated,Green,Green
kpi_003,88.78504672897196,Calculated,Green,Green
kpi_003,80.55555555555556,Calculated,Low Utilisation,Low Utilisation
kpi_003,88.3495145631068,Calculated,Green,Green
kpi_003,80.3921568627451,Calculated,Low Utilisation,Low Utilisation
kpi_003,76.78571428571429,Calculated,Low Utilisation,Low Utilisation
kpi_003,82.2429906542056,Calculated,Amber,Amber
kpi_003,84.90566037735849,Calculated,Amber,Amber
kpi_003,90.09009009009009,Calculated,Green,Green
kpi_003,81.48148148148148,Calculated,Low Utilisation,Low Utilisation
kpi_003,93.16239316239316,Calculated,Green,Green
kpi_003,88.79310344827587,Calculated,Green,Green
kpi_003,74.25742574257426,Calculated,Low Utilisation,Low Utilisation
kpi_003,91.30434782608695,Calculated,Green,Green
kpi_003,90.17857142857144,Calculated,Green,Green
kpi_003,77.14285714285715,Calculated,Low Utilisation,Low Utilisation
kpi_003,84.31372549019608,Calculated,Amber,Amber
kpi_003,82.85714285714286,Calculated,Amber,Amber
kpi_003,91.58878504672896,Calculated,Green,Green
kpi_003,93.859649122807,Calculated,Green,Green
kpi_003,77.19298245614034,Calculated,Low Utilisation,Low Utilisation
kpi_003,82.85714285714286,Calculated,Amber,Amber
kpi_003,86.79245283018868,Calculated,Green,Green
kpi_003,88.23529411764706,Calculated,Green,Green
kpi_003,87.61904761904762,Calculated,Green,Green
kpi_003,91.30434782608695,Calculated,Green,Green
kpi_003,84.90566037735849,Calculated,Amber,Amber
kpi_003,79.13043478260869,Calculated,Low Utilisation,Low Utilisation
kpi_003,85.57692307692307,Calculated,Amber,Amber
kpi_003,81.13207547169812,Calculated,Low Utilisation,Low Utilisation
kpi_003,84.54545454545455,Calculated,Amber,Amber
kpi_003,78.26086956521739,Calculated,Low Utilisation,Low Utilisation
kpi_003,76.92307692307693,Calculated,Low Utilisation,Low Utilisation
kpi_003,75.67567567567568,Calculated,Low Utilisation,Low Utilisation
kpi_003,80.18018018018019,Calculated,Low Utilisation,Low Utilisation
kpi_003,82.90598290598291,Calculated,Amber,Amber
kpi_003,86.66666666666667,Calculated,Green,Green
kpi_003,84.25925925925925,Calculated,Amber,Amber
kpi_003,83.4862385321101,Calculated,Amber,Amber
kpi_003,81.65137614678899,Calculated,Low Utilisation,Low Utilisation
kpi_003,77.06422018348624,Calculated,Low Utilisation,Low Utilisation
kpi_003,82.4074074074074,Calculated,Amber,Amber
kpi_003,85.57692307692307,Calculated,Amber,Amber
kpi_003,92.0,Calculated,Green,Green
kpi_003,81.65137614678899,Calculated,Low Utilisation,Low Utilisation
kpi_003,85.84905660377359,Calculated,Amber,Amber
kpi_003,76.36363636363637,Calculated,Low Utilisation,Low Utilisation
kpi_003,81.37254901960785,Calculated,Low Utilisation,Low Utilisation
kpi_003,81.9047619047619,Calculated,Amber,Amber
kpi_003,90.74074074074076,Calculated,Green,Green
kpi_003,87.27272727272727,Calculated,Green,Green
kpi_003,81.08108108108108,Calculated,Low Utilisation,Low Utilisation
kpi_003,82.72727272727273,Calculated,Amber,Amber
kpi_003,75.75757575757575,Calculated,Low Utilisation,Low Utilisation
kpi_003,79.0909090909091,Calculated,Low Utilisation,Low Utilisation
kpi_003,78.18181818181819,Calculated,Low Utilisation,Low Utilisation
kpi_003,92.03539823008848,Calculated,Green,Green
kpi_003,93.45794392523364,Calculated,Green,Green
kpi_003,93.80530973451329,Calculated,Green,Green
kpi_003,74.35897435897436,Calculated,Low Utilisation,Low Utilisation
kpi_003,93.69369369369367,Calculated,Green,Green
kpi_003,94.1747572815534,Calculated,Green,Green
kpi_003,98.1818181818182,Calculated,Green,Green
kpi_003,95.37037037037037,Calculated,Green,Green
kpi_003,88.46153846153845,Calculated,Green,Green
kpi_003,85.29411764705883,Calculated,Amber,Amber
kpi_003,84.11214953271028,Calculated,Amber,Amber
kpi_003,91.66666666666666,Calculated,Green,Green
kpi_003,94.4954128440367,Calculated,Green,Green
kpi_003,85.21739130434783,Calculated,Amber,Amber
kpi_003,95.1923076923077,Calculated,Green,Green
kpi_003,83.33333333333334,Calculated,Amber,Amber
kpi_003,88.9908256880734,Calculated,Green,Green
kpi_003,78.64077669902912,Calculated,Low Utilisation,Low Utilisation
kpi_003,84.68468468468468,Calculated,Amber,Amber
kpi_003,84.82142857142857,Calculated,Amber,Amber
kpi_003,81.98198198198197,Calculated,Amber,Amber
kpi_003,81.98198198198197,Calculated,Amber,Amber
kpi_003,84.0,Calculated,Amber,Amber
kpi_003,78.64077669902912,Calculated,Low Utilisation,Low Utilisation
kpi_003,90.82568807339447,Calculated,Green,Green
kpi_003,80.53097345132744,Calculated,Low Utilisation,Low Utilisation
kpi_003,86.23853211009175,Calculated,Green,Green
kpi_003,96.3302752293578,Calculated,Green,Green
kpi_003,85.45454545454545,Calculated,Amber,Amber
kpi_003,96.22641509433964,Calculated,Green,Green
kpi_003,82.75862068965517,Calculated,Amber,Amber
kpi_003,93.39622641509436,Calculated,Green,Green
kpi_003,92.45283018867924,Calculated,Green,Green
kpi_003,82.88288288288288,Calculated,Amber,Amber
kpi_003,80.0,Calculated,Low Utilisation,Low Utilisation
kpi_003,91.0891089108911,Calculated,Green,Green
kpi_003,93.859649122807,Calculated,Green,Green
kpi_003,94.05940594059405,Calculated,Green,Green
kpi_003,107.3394495412844,Calculated,Critical Capacity Pressure,Critical Capacity Pressure
kpi_003,105.60747663551402,Calculated,Critical Capacity Pressure,Critical Capacity Pressure
kpi_003,104.27350427350429,Calculated,Amber,Amber
kpi_003,104.54545454545456,Calculated,Amber,Amber
kpi_003,94.64285714285714,Calculated,Green,Green
kpi_003,101.7391304347826,Calculated,Amber,Amber
kpi_003,88.78504672897196,Calculated,Green,Green
kpi_003,99.04761904761904,Calculated,Green,Green
kpi_003,105.94059405940595,Calculated,Critical Capacity Pressure,Critical Capacity Pressure
kpi_003,87.93103448275862,Calculated,Green,Green
kpi_003,101.76991150442478,Calculated,Amber,Amber
kpi_003,86.23853211009175,Calculated,Green,Green
kpi_003,95.57522123893806,Calculated,Green,Green
kpi_003,102.803738317757,Calculated,Amber,Amber
kpi_003,98.09523809523807,Calculated,Green,Green
kpi_003,91.42857142857144,Calculated,Green,Green
kpi_003,102.72727272727272,Calculated,Amber,Amber
kpi_003,102.88461538461536,Calculated,Amber,Amber
kpi_003,102.58620689655172,Calculated,Amber,Amber
kpi_003,102.9126213592233,Calculated,Amber,Amber
kpi_003,94.4954128440367,Calculated,Green,Green
kpi_003,103.53982300884957,Calculated,Amber,Amber
kpi_003,91.50943396226415,Calculated,Green,Green
kpi_003,102.58620689655172,Calculated,Amber,Amber
kpi_003,94.23076923076924,Calculated,Green,Green
kpi_003,106.36363636363636,Calculated,Critical Capacity Pressure,Critical Capacity Pressure
kpi_003,100.93457943925232,Calculated,Amber,Amber
kpi_003,96.3302752293578,Calculated,Green,Green
kpi_003,100.92592592592592,Calculated,Amber,Amber
kpi_003,102.88461538461536,Calculated,Amber,Amber
kpi_003,102.8301886792453,Calculated,Amber,Amber
kpi_003,87.73584905660378,Calculated,Green,Green
kpi_003,106.66666666666669,Calculated,Critical Capacity Pressure,Critical Capacity Pressure
kpi_003,102.8301886792453,Calculated,Amber,Amber
kpi_003,97.27272727272728,Calculated,Green,Green
kpi_003,95.41284403669724,Calculated,Green,Green
kpi_003,104.85436893203884,Calculated,Critical Capacity Pressure,Critical Capacity Pressure
kpi_003,107.3394495412844,Calculated,Critical Capacity Pressure,Critical Capacity Pressure
kpi_003,98.07692307692308,Calculated,Green,Green
kpi_003,86.91588785046729,Calculated,Green,Green
kpi_003,106.89655172413792,Calculated,Critical Capacity Pressure,Critical Capacity Pressure
kpi_003,101.9047619047619,Calculated,Amber,Amber
kpi_003,94.91525423728814,Calculated,Green,Green
kpi_003,97.16981132075472,Calculated,Green,Green
kpi_003,103.73831775700934,Calculated,Amber,Amber
kpi_003,107.54716981132076,Calculated,Critical Capacity Pressure,Critical Capacity Pressure
kpi_003,107.76699029126212,Calculated,Critical Capacity Pressure,Critical Capacity Pressure
kpi_003,104.62962962962963,Calculated,Amber,Amber
kpi_003,99.03846153846156,Calculated,Green,Green
kpi_003,98.29059829059828,Calculated,Green,Green
kpi_003,93.75,Calculated,Green,Green
kpi_003,99.0909090909091,Calculated,Green,Green
kpi_003,92.7927927927928,Calculated,Green,Green
kpi_003,105.50458715596328,Calculated,Critical Capacity Pressure,Critical Capacity Pressure
kpi_003,106.25,Calculated,Critical Capacity Pressure,Critical Capacity Pressure
kpi_003,100.9090909090909,Calculated,Amber,Amber
kpi_003,100.0,Calculated,Green,Green
kpi_003,105.2173913043478,Calculated,Critical Capacity Pressure,Critical Capacity Pressure
kpi_003,93.859649122807,Calculated,Green,Green
kpi_003,116.36363636363636,Calculated,Critical Capacity Pressure,Critical Capacity Pressure
kpi_003,100.91743119266054,Calculated,Amber,Amber
kpi_003,107.54716981132076,Calculated,Critical Capacity Pressure,Critical Capacity Pressure
kpi_003,100.96153846153844,Calculated,Amber,Amber
kpi_003,113.39285714285714,Calculated,Critical Capacity Pressure,Critical Capacity Pressure
kpi_003,100.0,Calculated,Green,Green
kpi_003,97.14285714285714,Calculated,Green,Green
kpi_003,104.76190476190476,Calculated,Critical Capacity Pressure,Critical Capacity Pressure
kpi_003,102.9126213592233,Calculated,Amber,Amber
kpi_003,99.0909090909091,Calculated,Green,Green
kpi_003,114.8148148148148,Calculated,Critical Capacity Pressure,Critical Capacity Pressure
kpi_003,115.23809523809524,Calculated,Critical Capacity Pressure,Critical Capacity Pressure
kpi_003,117.54385964912282,Calculated,Critical Capacity Pressure,Critical Capacity Pressure
kpi_003,108.03571428571428,Calculated,Critical Capacity Pressure,Critical Capacity Pressure
kpi_003,114.28571428571428,Calculated,Critical Capacity Pressure,Critical Capacity Pressure
kpi_003,96.3963963963964,Calculated,Green,Green
kpi_003,96.11650485436894,Calculated,Green,Green
kpi_003,95.41284403669724,Calculated,Green,Green
kpi_003,99.07407407407408,Calculated,Green,Green
kpi_003,113.33333333333331,Calculated,Critical Capacity Pressure,Critical Capacity Pressure
kpi_003,113.76146788990826,Calculated,Critical Capacity Pressure,Critical Capacity Pressure
kpi_003,104.0,Calculated,Amber,Amber
kpi_003,98.27586206896552,Calculated,Green,Green
kpi_003,94.11764705882352,Calculated,Green,Green
kpi_003,106.89655172413792,Calculated,Critical Capacity Pressure,Critical Capacity Pressure
kpi_003,109.48275862068964,Calculated,Critical Capacity Pressure,Critical Capacity Pressure
kpi_003,117.9245283018868,Calculated,Critical Capacity Pressure,Critical Capacity Pressure
kpi_003,103.77358490566036,Calculated,Amber,Amber
kpi_003,95.32710280373831,Calculated,Green,Green
kpi_003,95.28301886792453,Calculated,Green,Green
kpi_003,96.29629629629628,Calculated,Green,Green
kpi_003,102.85714285714285,Calculated,Amber,Amber
kpi_003,117.7570093457944,Calculated,Critical Capacity Pressure,Critical Capacity Pressure
kpi_003,110.61946902654869,Calculated,Critical Capacity Pressure,Critical Capacity Pressure
kpi_003,98.09523809523807,Calculated,Green,Green
kpi_003,114.0,Calculated,Critical Capacity Pressure,Critical Capacity Pressure
kpi_003,98.09523809523807,Calculated,Green,Green
kpi_003,116.51376146788988,Calculated,Critical Capacity Pressure,Critical Capacity Pressure
kpi_003,95.32710280373831,Calculated,Green,Green
kpi_003,117.4757281553398,Calculated,Critical Capacity Pressure,Critical Capacity Pressure
kpi_003,113.1578947368421,Calculated,Critical Capacity Pressure,Critical Capacity Pressure
kpi_003,101.83486238532107,Calculated,Amber,Amber
kpi_003,96.22641509433964,Calculated,Green,Green
kpi_003,109.80392156862746,Calculated,Critical Capacity Pressure,Critical Capacity Pressure
kpi_003,108.65384615384616,Calculated,Critical Capacity Pressure,Critical Capacity Pressure
kpi_003,103.63636363636364,Calculated,Amber,Amber
kpi_003,108.25688073394495,Calculated,Critical Capacity Pressure,Critical Capacity Pressure
kpi_003,95.65217391304348,Calculated,Green,Green
kpi_003,104.23728813559325,Calculated,Amber,Amber
kpi_003,101.92307692307692,Calculated,Amber,Amber
kpi_003,116.34615384615384,Calculated,Critical Capacity Pressure,Critical Capacity Pressure
kpi_003,114.52991452991452,Calculated,Critical Capacity Pressure,Critical Capacity Pressure
kpi_003,94.11764705882352,Calculated,Green,Green
kpi_003,111.53846153846156,Calculated,Critical Capacity Pressure,Critical Capacity Pressure
kpi_003,98.14814814814817,Calculated,Green,Green
kpi_003,117.7570093457944,Calculated,Critical Capacity Pressure,Critical Capacity Pressure
kpi_003,114.28571428571428,Calculated,Critical Capacity Pressure,Critical Capacity Pressure
kpi_003,97.2972972972973,Calculated,Green,Green
kpi_003,102.7027027027027,Calculated,Amber,Amber
kpi_003,106.8627450980392,Calculated,Critical Capacity Pressure,Critical Capacity Pressure
kpi_003,101.8181818181818,Calculated,Amber,Amber
kpi_003,82.56880733944955,Calculated,Amber,Amber
kpi_003,94.23076923076924,Calculated,Green,Green
kpi_003,85.84070796460178,Calculated,Amber,Amber
kpi_003,93.06930693069307,Calculated,Green,Green
kpi_003,98.09523809523807,Calculated,Green,Green
kpi_003,84.070796460177,Calculated,Amber,Amber
kpi_003,89.56521739130436,Calculated,Green,Green
kpi_003,92.92035398230088,Calculated,Green,Green
kpi_003,85.84070796460178,Calculated,Amber,Amber
kpi_003,94.5945945945946,Calculated,Green,Green
kpi_003,96.46017699115043,Calculated,Green,Green
kpi_003,91.96428571428572,Calculated,Green,Green
kpi_003,95.6140350877193,Calculated,Green,Green
kpi_003,98.0392156862745,Calculated,Green,Green
kpi_003,93.57798165137616,Calculated,Green,Green
kpi_003,98.05825242718448,Calculated,Green,Green
kpi_003,93.39622641509436,Calculated,Green,Green
kpi_003,87.5,Calculated,Green,Green
kpi_003,93.04347826086956,Calculated,Green,Green
kpi_003,103.6697247706422,Calculated,Amber,Amber
kpi_003,92.5925925925926,Calculated,Green,Green
kpi_003,91.3793103448276,Calculated,Green,Green
kpi_003,89.52380952380953,Calculated,Green,Green
kpi_003,102.72727272727272,Calculated,Amber,Amber
kpi_003,100.0,Calculated,Green,Green
kpi_003,92.98245614035088,Calculated,Green,Green
kpi_003,97.27272727272728,Calculated,Green,Green
kpi_003,96.49122807017544,Calculated,Green,Green
kpi_003,95.4954954954955,Calculated,Green,Green
kpi_003,91.1504424778761,Calculated,Green,Green
kpi_003,97.27272727272728,Calculated,Green,Green
kpi_003,94.28571428571428,Calculated,Green,Green
kpi_003,97.2972972972973,Calculated,Green,Green
kpi_003,86.48648648648648,Calculated,Green,Green
kpi_003,82.75862068965517,Calculated,Amber,Amber
kpi_003,86.11111111111111,Calculated,Amber,Amber
kpi_003,94.33962264150944,Calculated,Green,Green
kpi_003,86.72566371681415,Calculated,Green,Green
kpi_003,83.03571428571429,Calculated,Amber,Amber
kpi_003,102.58620689655172,Calculated,Amber,Amber
kpi_003,95.32710280373831,Calculated,Green,Green
kpi_003,82.4074074074074,Calculated,Amber,Amber
kpi_003,94.39252336448598,Calculated,Green,Green
kpi_003,90.9090909090909,Calculated,Green,Green
kpi_003,83.33333333333334,Calculated,Amber,Amber
kpi_003,88.3495145631068,Calculated,Green,Green
kpi_003,99.01960784313728,Calculated,Green,Green
kpi_003,99.01960784313728,Calculated,Green,Green
kpi_003,87.85046728971963,Calculated,Green,Green
kpi_003,101.7391304347826,Calculated,Amber,Amber
kpi_003,89.0909090909091,Calculated,Green,Green
kpi_003,82.45614035087719,Calculated,Amber,Amber
kpi_003,82.45614035087719,Calculated,Amber,Amber
kpi_003,90.990990990991,Calculated,Green,Green
kpi_003,89.32038834951457,Calculated,Green,Green
kpi_003,101.86915887850468,Calculated,Amber,Amber
kpi_003,91.74311926605505,Calculated,Green,Green
kpi_003,98.21428571428572,Calculated,Green,Green
kpi_003,83.49514563106796,Calculated,Amber,Amber
kpi_003,84.61538461538461,Calculated,Amber,Amber
kpi_003,97.16981132075472,Calculated,Green,Green
kpi_003,97.16981132075472,Calculated,Green,Green
kpi_003,94.78260869565216,Calculated,Green,Green
kpi_003,103.88349514563106,Calculated,Amber,Amber
kpi_003,89.52380952380953,Calculated,Green,Green
kpi_003,87.82608695652175,Calculated,Green,Green
kpi_003,90.3846153846154,Calculated,Green,Green
kpi_003,84.21052631578947,Calculated,Amber,Amber
kpi_003,92.17391304347828,Calculated,Green,Green
kpi_003,94.23076923076924,Calculated,Green,Green
kpi_003,91.2280701754386,Calculated,Green,Green
kpi_003,93.93939393939394,Calculated,Green,Green
kpi_003,96.96969696969695,Calculated,Green,Green
kpi_003,92.7927927927928,Calculated,Green,Green
kpi_003,102.58620689655172,Calculated,Amber,Amber
kpi_003,101.8867924528302,Calculated,Amber,Amber
kpi_003,85.84905660377359,Calculated,Amber,Amber
kpi_003,93.33333333333331,Calculated,Green,Green
kpi_003,102.77777777777776,Calculated,Amber,Amber
kpi_003,97.24770642201835,Calculated,Green,Green
kpi_003,84.61538461538461,Calculated,Amber,Amber
kpi_003,84.070796460177,Calculated,Amber,Amber
kpi_003,98.24561403508773,Calculated,Green,Green
kpi_003,82.0754716981132,Calculated,Amber,Amber
kpi_003,95.1923076923077,Calculated,Green,Green
kpi_003,100.8849557522124,Calculated,Amber,Amber
kpi_003,85.18518518518519,Calculated,Amber,Amber
kpi_003,90.56603773584906,Calculated,Green,Green
kpi_003,102.85714285714285,Calculated,Amber,Amber
kpi_003,103.921568627451,Calculated,Amber,Amber
kpi_003,100.0,Calculated,Green,Green
kpi_003,95.45454545454544,Calculated,Green,Green
kpi_003,83.47826086956522,Calculated,Amber,Amber
kpi_003,103.0,Calculated,Amber,Amber
kpi_003,85.84070796460178,Calculated,Amber,Amber
kpi_003,84.11214953271028,Calculated,Amber,Amber
kpi_003,86.66666666666667,Calculated,Green,Green
kpi_003,86.11111111111111,Calculated,Amber,Amber
kpi_003,94.11764705882352,Calculated,Green,Green
kpi_003,94.73684210526316,Calculated,Green,Green
kpi_003,101.94174757281552,Calculated,Amber,Amber
kpi_003,99.08256880733946,Calculated,Green,Green
kpi_003,99.04761904761904,Calculated,Green,Green
kpi_003,97.1153846153846,Calculated,Green,Green
kpi_003,82.4074074074074,Calculated,Amber,Amber
kpi_003,99.10714285714286,Calculated,Green,Green
kpi_003,97.45762711864408,Calculated,Green,Green
kpi_003,101.7391304347826,Calculated,Amber,Amber
kpi_003,89.62264150943396,Calculated,Green,Green
kpi_003,100.92592592592592,Calculated,Amber,Amber
kpi_003,83.80952380952381,Calculated,Amber,Amber
kpi_003,102.77777777777776,Calculated,Amber,Amber
kpi_003,103.7037037037037,Calculated,Amber,Amber
kpi_003,102.77777777777776,Calculated,Amber,Amber
kpi_003,92.10526315789474,Calculated,Green,Green
kpi_003,84.40366972477065,Calculated,Amber,Amber
kpi_003,99.12280701754386,Calculated,Green,Green
kpi_003,93.06930693069307,Calculated,Green,Green
kpi_003,86.40776699029125,Calculated,Green,Green
kpi_003,91.96428571428572,Calculated,Green,Green
kpi_003,89.1891891891892,Calculated,Green,Green
kpi_003,88.49557522123894,Calculated,Green,Green
kpi_003,88.59649122807018,Calculated,Green,Green
kpi_003,91.30434782608695,Calculated,Green,Green
kpi_003,90.65420560747664,Calculated,Green,Green
kpi_003,95.45454545454544,Calculated,Green,Green
kpi_003,101.94174757281552,Calculated,Amber,Amber
kpi_003,101.76991150442478,Calculated,Amber,Amber
kpi_003,97.16981132075472,Calculated,Green,Green
kpi_003,102.9126213592233,Calculated,Amber,Amber
kpi_003,86.66666666666667,Calculated,Green,Green
kpi_003,95.28301886792453,Calculated,Green,Green
kpi_003,85.18518518518519,Calculated,Amber,Amber
kpi_003,85.71428571428571,Calculated,Amber,Amber
kpi_003,103.77358490566036,Calculated,Amber,Amber
kpi_003,98.1818181818182,Calculated,Green,Green
kpi_003,100.0,Calculated,Green,Green
kpi_003,100.0,Calculated,Green,Green
kpi_003,90.17857142857144,Calculated,Green,Green
kpi_003,103.50877192982458,Calculated,Amber,Amber
kpi_003,93.57798165137616,Calculated,Green,Green
kpi_003,84.61538461538461,Calculated,Amber,Amber
kpi_003,95.72649572649571,Calculated,Green,Green
kpi_003,86.48648648648648,Calculated,Green,Green
kpi_003,94.28571428571428,Calculated,Green,Green
kpi_003,83.9622641509434,Calculated,Amber,Amber
kpi_003,95.41284403669724,Calculated,Green,Green
kpi_003,91.81818181818184,Calculated,Green,Green
kpi_003,98.07692307692308,Calculated,Green,Green
kpi_003,100.0,Calculated,Green,Green
kpi_003,89.90825688073394,Calculated,Green,Green
kpi_003,97.24770642201835,Calculated,Green,Green
kpi_003,,Insufficient Data,Unavailable,Unavailable
kpi_003,,Insufficient Data,Unavailable,Unavailable
kpi_003,,Insufficient Data,Unavailable,Unavailable
kpi_003,,Insufficient Data,Unavailable,Unavailable
kpi_003,,Insufficient Data,Unavailable,Unavailable
kpi_003,,Insufficient Data,Unavailable,Unavailable
kpi_003,,Insufficient Data,Unavailable,Unavailable
kpi_003,,Insufficient Data,Unavailable,Unavailable
kpi_003,,Insufficient Data,Unavailable,Unavailable
kpi_003,,Insufficient Data,Unavailable,Unavailable
kpi_003,,Insufficient Data,Unavailable,Unavailable
kpi_003,,Insufficient Data,Unavailable,Unavailable
kpi_003,,Insufficient Data,Unavailable,Unavailable
kpi_003,,Insufficient Data,Unavailable,Unavailable
kpi_003,,Insufficient Data,Unavailable,Unavailable
kpi_003,,Insufficient Data,Unavailable,Unavailable
kpi_003,,Insufficient Data,Unavailable,Unavailable
kpi_003,,Insufficient Data,Unavailable,Unavailable
kpi_003,,Insufficient Data,Unavailable,Unavailable
kpi_003,,Insufficient Data,Unavailable,Unavailable
kpi_003,,Insufficient Data,Unavailable,Unavailable
kpi_003,,Insufficient Data,Unavailable,Unavailable
kpi_003,,Insufficient Data,Unavailable,Unavailable
kpi_003,,Insufficient Data,Unavailable,Unavailable
kpi_003,,Insufficient Data,Unavailable,Unavailable
kpi_003,,Insufficient Data,Unavailable,Unavailable
kpi_003,,Insufficient Data,Unavailable,Unavailable
kpi_003,,Insufficient Data,Unavailable,Unavailable
kpi_003,,Insufficient Data,Unavailable,Unavailable
kpi_003,,Insufficient Data,Unavailable,Unavailable
kpi_003,,Insufficient Data,Unavailable,Unavailable
kpi_003,,Insufficient Data,Unavailable,Unavailable
kpi_003,,Insufficient Data,Unavailable,Unavailable
kpi_003,,Insufficient Data,Unavailable,Unavailable
kpi_003,,Insufficient Data,Unavailable,Unavailable
kpi_003,,Insufficient Data,Unavailable,Unavailable
kpi_003,,Insufficient Data,Unavailable,Unavailable
kpi_003,,Insufficient Data,Unavailable,Unavailable
kpi_003,,Insufficient Data,Unavailable,Unavailable
kpi_003,,Insufficient Data,Unavailable,Unavailable
kpi_003,,Insufficient Data,Unavailable,Unavailable
kpi_003,,Insufficient Data,Unavailable,Unavailable
kpi_003,,Insufficient Data,Unavailable,Unavailable
kpi_003,,Insufficient Data,Unavailable,Unavailable
kpi_003,,Insufficient Data,Unavailable,Unavailable
kpi_003,,Insufficient Data,Unavailable,Unavailable
kpi_003,,Insufficient Data,Unavailable,Unavailable
kpi_003,,Insufficient Data,Unavailable,Unavailable
kpi_003,,Insufficient Data,Unavailable,Unavailable
kpi_003,,Insufficient Data,Unavailable,Unavailable
kpi_003,,Insufficient Data,Unavailable,Unavailable
kpi_003,,Insufficient Data,Unavailable,Unavailable
kpi_003,,Insufficient Data,Unavailable,Unavailable
kpi_003,,Insufficient Data,Unavailable,Unavailable
kpi_003,,Insufficient Data,Unavailable,Unavailable
kpi_003,,Insufficient Data,Unavailable,Unavailable
kpi_003,,Insufficient Data,Unavailable,Unavailable
kpi_003,,Insufficient Data,Unavailable,Unavailable
kpi_003,,Insufficient Data,Unavailable,Unavailable
kpi_003,,Insufficient Data,Unavailable,Unavailable
kpi_003,,Insufficient Data,Unavailable,Unavailable
kpi_003,,Insufficient Data,Unavailable,Unavailable
kpi_003,,Insufficient Data,Unavailable,Unavailable
kpi_003,,Insufficient Data,Unavailable,Unavailable
kpi_003,,Insufficient Data,Unavailable,Unavailable
kpi_003,,Insufficient Data,Unavailable,Unavailable
kpi_003,,Insufficient Data,Unavailable,Unavailable
kpi_003,,Insufficient Data,Unavailable,Unavailable
kpi_003,,Insufficient Data,Unavailable,Unavailable
kpi_003,,Insufficient Data,Unavailable,Unavailable
kpi_003,,Insufficient Data,Unavailable,Unavailable
kpi_003,,Insufficient Data,Unavailable,Unavailable
kpi_003,,Insufficient Data,Unavailable,Unavailable
kpi_003,,Insufficient Data,Unavailable,Unavailable
kpi_003,,Insufficient Data,Unavailable,Unavailable
kpi_003,,Insufficient Data,Unavailable,Unavailable
kpi_003,,Insufficient Data,Unavailable,Unavailable
kpi_003,,Insufficient Data,Unavailable,Unavailable
kpi_003,,Insufficient Data,Unavailable,Unavailable
kpi_003,,Insufficient Data,Unavailable,Unavailable
kpi_003,,Insufficient Data,Unavailable,Unavailable
kpi_003,,Insufficient Data,Unavailable,Unavailable
kpi_003,,Insufficient Data,Unavailable,Unavailable
kpi_003,,Insufficient Data,Unavailable,Unavailable
kpi_003,,Insufficient Data,Unavailable,Unavailable
kpi_003,,Insufficient Data,Unavailable,Unavailable
kpi_003,,Insufficient Data,Unavailable,Unavailable
kpi_003,,Insufficient Data,Unavailable,Unavailable
kpi_003,,Insufficient Data,Unavailable,Unavailable
kpi_003,,Insufficient Data,Unavailable,Unavailable
kpi_003,,Insufficient Data,Unavailable,Unavailable
kpi_003,,Insufficient Data,Unavailable,Unavailable
kpi_003,,Insufficient Data,Unavailable,Unavailable
kpi_003,,Insufficient Data,Unavailable,Unavailable
kpi_003,,Insufficient Data,Unavailable,Unavailable
kpi_003,,Insufficient Data,Unavailable,Unavailable
kpi_003,,Insufficient Data,Unavailable,Unavailable
kpi_003,,Insufficient Data,Unavailable,Unavailable
kpi_003,,Insufficient Data,Unavailable,Unavailable
kpi_003,,Insufficient Data,Unavailable,Unavailable
kpi_003,,Insufficient Data,Unavailable,Unavailable
kpi_003,,Insufficient Data,Unavailable,Unavailable
kpi_003,,Insufficient Data,Unavailable,Unavailable
kpi_003,,Insufficient Data,Unavailable,Unavailable
kpi_003,,Insufficient Data,Unavailable,Unavailable
kpi_003,,Insufficient Data,Unavailable,Unavailable
kpi_003,,Insufficient Data,Unavailable,Unavailable
kpi_003,,Insufficient Data,Unavailable,Unavailable
kpi_003,,Insufficient Data,Unavailable,Unavailable
kpi_003,,Insufficient Data,Unavailable,Unavailable
kpi_003,,Insufficient Data,Unavailable,Unavailable
kpi_003,,Insufficient Data,Unavailable,Unavailable
kpi_003,,Insufficient Data,Unavailable,Unavailable
kpi_003,,Insufficient Data,Unavailable,Unavailable
kpi_003,,Insufficient Data,Unavailable,Unavailable
kpi_003,,Insufficient Data,Unavailable,Unavailable
kpi_003,,Insufficient Data,Unavailable,Unavailable
kpi_003,,Insufficient Data,Unavailable,Unavailable
kpi_003,,Insufficient Data,Unavailable,Unavailable
kpi_003,,Insufficient Data,Unavailable,Unavailable
kpi_003,,Insufficient Data,Unavailable,Unavailable
kpi_003,,Insufficient Data,Unavailable,Unavailable
kpi_003,,Insufficient Data,Unavailable,Unavailable
kpi_003,,Insufficient Data,Unavailable,Unavailable
kpi_003,,Insufficient Data,Unavailable,Unavailable
kpi_003,,Insufficient Data,Unavailable,Unavailable
kpi_003,,Insufficient Data,Unavailable,Unavailable
kpi_003,,Insufficient Data,Unavailable,Unavailable
kpi_003,,Insufficient Data,Unavailable,Unavailable
kpi_003,,Insufficient Data,Unavailable,Unavailable
kpi_003,,Insufficient Data,Unavailable,Unavailable
kpi_003,,Insufficient Data,Unavailable,Unavailable
kpi_003,,Insufficient Data,Unavailable,Unavailable
kpi_003,,Insufficient Data,Unavailable,Unavailable
kpi_003,,Insufficient Data,Unavailable,Unavailable
kpi_003,,Insufficient Data,Unavailable,Unavailable
kpi_003,,Insufficient Data,Unavailable,Unavailable
kpi_003,,Insufficient Data,Unavailable,Unavailable
kpi_003,,Insufficient Data,Unavailable,Unavailable
kpi_003,,Insufficient Data,Unavailable,Unavailable
kpi_003,,Insufficient Data,Unavailable,Unavailable
kpi_003,,Insufficient Data,Unavailable,Unavailable
kpi_003,,Insufficient Data,Unavailable,Unavailable
kpi_003,,Insufficient Data,Unavailable,Unavailable
kpi_003,,Insufficient Data,Unavailable,Unavailable
kpi_003,,Insufficient Data,Unavailable,Unavailable
kpi_003,,Insufficient Data,Unavailable,Unavailable
kpi_003,,Insufficient Data,Unavailable,Unavailable
kpi_003,,Insufficient Data,Unavailable,Unavailable
kpi_003,,Insufficient Data,Unavailable,Unavailable
kpi_003,,Insufficient Data,Unavailable,Unavailable
kpi_003,,Insufficient Data,Unavailable,Unavailable
kpi_003,,Insufficient Data,Unavailable,Unavailable
kpi_003,,Insufficient Data,Unavailable,Unavailable
kpi_003,,Insufficient Data,Unavailable,Unavailable
kpi_003,,Insufficient Data,Unavailable,Unavailable
kpi_003,,Insufficient Data,Unavailable,Unavailable
kpi_003,,Insufficient Data,Unavailable,Unavailable
kpi_003,,Insufficient Data,Unavailable,Unavailable
kpi_003,,Insufficient Data,Unavailable,Unavailable
kpi_003,,Insufficient Data,Unavailable,Unavailable
kpi_003,,Insufficient Data,Unavailable,Unavailable
kpi_003,,Insufficient Data,Unavailable,Unavailable
kpi_003,,Insufficient Data,Unavailable,Unavailable
kpi_003,,Insufficient Data,Unavailable,Unavailable
kpi_003,,Insufficient Data,Unavailable,Unavailable
kpi_003,,Insufficient Data,Unavailable,Unavailable
kpi_003,,Insufficient Data,Unavailable,Unavailable
kpi_003,,Insufficient Data,Unavailable,Unavailable
kpi_003,,Insufficient Data,Unavailable,Unavailable
kpi_003,,Insufficient Data,Unavailable,Unavailable
kpi_003,,Insufficient Data,Unavailable,Unavailable
kpi_003,,Insufficient Data,Unavailable,Unavailable
kpi_003,,Insufficient Data,Unavailable,Unavailable
kpi_003,,Insufficient Data,Unavailable,Unavailable
kpi_003,,Insufficient Data,Unavailable,Unavailable
kpi_003,,Insufficient Data,Unavailable,Unavailable
kpi_003,,Insufficient Data,Unavailable,Unavailable
kpi_003,,Insufficient Data,Unavailable,Unavailable
kpi_003,,Insufficient Data,Unavailable,Unavailable
kpi_003,,Insufficient Data,Unavailable,Unavailable
kpi_003,,Insufficient Data,Unavailable,Unavailable
kpi_003,,Insufficient Data,Unavailable,Unavailable
kpi_003,,Insufficient Data,Unavailable,Unavailable
kpi_003,,Insufficient Data,Unavailable,Unavailable
kpi_003,,Insufficient Data,Unavailable,Unavailable
kpi_003,,Insufficient Data,Unavailable,Unavailable
kpi_003,,Insufficient Data,Unavailable,Unavailable
kpi_003,,Insufficient Data,Unavailable,Unavailable
kpi_003,,Insufficient Data,Unavailable,Unavailable
kpi_003,,Insufficient Data,Unavailable,Unavailable
kpi_003,,Insufficient Data,Unavailable,Unavailable
kpi_003,,Insufficient Data,Unavailable,Unavailable
kpi_003,,Insufficient Data,Unavailable,Unavailable
kpi_003,,Insufficient Data,Unavailable,Unavailable
kpi_003,,Insufficient Data,Unavailable,Unavailable
kpi_003,,Insufficient Data,Unavailable,Unavailable
kpi_003,,Insufficient Data,Unavailable,Unavailable
kpi_003,,Insufficient Data,Unavailable,Unavailable
kpi_003,,Insufficient Data,Unavailable,Unavailable
kpi_003,,Insufficient Data,Unavailable,Unavailable
kpi_003,,Insufficient Data,Unavailable,Unavailable
kpi_003,,Insufficient Data,Unavailable,Unavailable
kpi_003,,Insufficient Data,Unavailable,Unavailable
kpi_003,,Insufficient Data,Unavailable,Unavailable
kpi_003,,Insufficient Data,Unavailable,Unavailable
kpi_003,,Insufficient Data,Unavailable,Unavailable
kpi_003,,Insufficient Data,Unavailable,Unavailable
kpi_003,,Insufficient Data,Unavailable,Unavailable
kpi_003,,Insufficient Data,Unavailable,Unavailable
kpi_003,,Insufficient Data,Unavailable,Unavailable
kpi_003,,Insufficient Data,Unavailable,Unavailable
kpi_003,,Insufficient Data,Unavailable,Unavailable
kpi_003,,Insufficient Data,Unavailable,Unavailable
kpi_003,,Insufficient Data,Unavailable,Unavailable
kpi_003,,Insufficient Data,Unavailable,Unavailable
kpi_003,,Insufficient Data,Unavailable,Unavailable
kpi_003,,Insufficient Data,Unavailable,Unavailable
kpi_003,,Insufficient Data,Unavailable,Unavailable
kpi_003,,Insufficient Data,Unavailable,Unavailable
kpi_003,,Insufficient Data,Unavailable,Unavailable
kpi_003,,Insufficient Data,Unavailable,Unavailable
kpi_003,,Insufficient Data,Unavailable,Unavailable
kpi_003,,Insufficient Data,Unavailable,Unavailable
kpi_003,,Insufficient Data,Unavailable,Unavailable
kpi_003,,Insufficient Data,Unavailable,Unavailable
kpi_003,,Insufficient Data,Unavailable,Unavailable
kpi_003,,Insufficient Data,Unavailable,Unavailable
kpi_003,,Insufficient Data,Unavailable,Unavailable
kpi_003,,Insufficient Data,Unavailable,Unavailable
kpi_003,,Insufficient Data,Unavailable,Unavailable
kpi_003,,Insufficient Data,Unavailable,Unavailable
kpi_003,,Insufficient Data,Unavailable,Unavailable
kpi_003,,Insufficient Data,Unavailable,Unavailable
kpi_003,,Insufficient Data,Unavailable,Unavailable
kpi_003,,Insufficient Data,Unavailable,Unavailable
kpi_003,,Insufficient Data,Unavailable,Unavailable
kpi_003,,Insufficient Data,Unavailable,Unavailable
kpi_003,,Insufficient Data,Unavailable,Unavailable
kpi_003,,Insufficient Data,Unavailable,Unavailable
kpi_003,,Insufficient Data,Unavailable,Unavailable
kpi_003,,Insufficient Data,Unavailable,Unavailable
kpi_003,,Insufficient Data,Unavailable,Unavailable
kpi_003,,Insufficient Data,Unavailable,Unavailable
kpi_003,,Insufficient Data,Unavailable,Unavailable
kpi_003,,Insufficient Data,Unavailable,Unavailable
kpi_003,,Insufficient Data,Unavailable,Unavailable
kpi_003,,Insufficient Data,Unavailable,Unavailable
kpi_003,,Insufficient Data,Unavailable,Unavailable
kpi_003,,Insufficient Data,Unavailable,Unavailable
kpi_003,,Insufficient Data,Unavailable,Unavailable
kpi_003,,Insufficient Data,Unavailable,Unavailable
kpi_003,,Insufficient Data,Unavailable,Unavailable
kpi_003,,Insufficient Data,Unavailable,Unavailable
kpi_003,,Insufficient Data,Unavailable,Unavailable
kpi_003,,Insufficient Data,Unavailable,Unavailable
kpi_003,,Insufficient Data,Unavailable,Unavailable
kpi_003,,Insufficient Data,Unavailable,Unavailable
kpi_003,,Insufficient Data,Unavailable,Unavailable
kpi_003,,Insufficient Data,Unavailable,Unavailable
kpi_003,,Insufficient Data,Unavailable,Unavailable
kpi_003,,Insufficient Data,Unavailable,Unavailable
kpi_003,,Insufficient Data,Unavailable,Unavailable
kpi_003,,Insufficient Data,Unavailable,Unavailable
kpi_003,,Insufficient Data,Unavailable,Unavailable
kpi_003,,Insufficient Data,Unavailable,Unavailable
kpi_003,,Insufficient Data,Unavailable,Unavailable
kpi_003,,Insufficient Data,Unavailable,Unavailable
kpi_003,,Insufficient Data,Unavailable,Unavailable
kpi_003,,Insufficient Data,Unavailable,Unavailable
kpi_003,,Insufficient Data,Unavailable,Unavailable
kpi_003,,Insufficient Data,Unavailable,Unavailable
kpi_003,,Insufficient Data,Unavailable,Unavailable
kpi_003,,Insufficient Data,Unavailable,Unavailable
kpi_003,,Insufficient Data,Unavailable,Unavailable
kpi_003,,Insufficient Data,Unavailable,Unavailable
kpi_003,,Insufficient Data,Unavailable,Unavailable
kpi_003,,Insufficient Data,Unavailable,Unavailable
kpi_003,,Insufficient Data,Unavailable,Unavailable
kpi_003,,Insufficient Data,Unavailable,Unavailable
kpi_003,,Insufficient Data,Unavailable,Unavailable
kpi_003,,Insufficient Data,Unavailable,Unavailable
kpi_003,,Insufficient Data,Unavailable,Unavailable
kpi_003,,Insufficient Data,Unavailable,Unavailable
kpi_003,,Insufficient Data,Unavailable,Unavailable
kpi_003,,Insufficient Data,Unavailable,Unavailable
kpi_003,,Insufficient Data,Unavailable,Unavailable
kpi_003,,Insufficient Data,Unavailable,Unavailable
kpi_003,,Insufficient Data,Unavailable,Unavailable
kpi_003,,Insufficient Data,Unavailable,Unavailable
kpi_003,,Insufficient Data,Unavailable,Unavailable
kpi_003,,Insufficient Data,Unavailable,Unavailable
kpi_003,,Insufficient Data,Unavailable,Unavailable
kpi_003,,Insufficient Data,Unavailable,Unavailable
kpi_003,,Insufficient Data,Unavailable,Unavailable
kpi_003,,Insufficient Data,Unavailable,Unavailable
kpi_003,,Insufficient Data,Unavailable,Unavailable
kpi_003,,Insufficient Data,Unavailable,Unavailable
kpi_003,,Insufficient Data,Unavailable,Unavailable
kpi_003,,Insufficient Data,Unavailable,Unavailable
kpi_003,,Insufficient Data,Unavailable,Unavailable
kpi_003,,Insufficient Data,Unavailable,Unavailable
kpi_003,,Insufficient Data,Unavailable,Unavailable
kpi_003,,Insufficient Data,Unavailable,Unavailable
kpi_003,,Insufficient Data,Unavailable,Unavailable
kpi_003,,Insufficient Data,Unavailable,Unavailable
kpi_003,,Insufficient Data,Unavailable,Unavailable
kpi_003,,Insufficient Data,Unavailable,Unavailable
kpi_003,,Insufficient Data,Unavailable,Unavailable
kpi_003,,Insufficient Data,Unavailable,Unavailable
kpi_003,,Insufficient Data,Unavailable,Unavailable
kpi_003,,Insufficient Data,Unavailable,Unavailable
kpi_003,,Insufficient Data,Unavailable,Unavailable
kpi_003,,Insufficient Data,Unavailable,Unavailable
kpi_003,,Insufficient Data,Unavailable,Unavailable
kpi_003,,Insufficient Data,Unavailable,Unavailable
kpi_003,,Insufficient Data,Unavailable,Unavailable
kpi_003,,Insufficient Data,Unavailable,Unavailable
kpi_003,,Insufficient Data,Unavailable,Unavailable
kpi_003,,Insufficient Data,Unavailable,Unavailable
kpi_003,,Insufficient Data,Unavailable,Unavailable
kpi_003,,Insufficient Data,Unavailable,Unavailable
kpi_003,,Insufficient Data,Unavailable,Unavailable
kpi_003,,Insufficient Data,Unavailable,Unavailable
kpi_003,,Insufficient Data,Unavailable,Unavailable
kpi_003,,Insufficient Data,Unavailable,Unavailable
kpi_003,,Insufficient Data,Unavailable,Unavailable
kpi_003,,Insufficient Data,Unavailable,Unavailable
kpi_003,,Insufficient Data,Unavailable,Unavailable
kpi_003,,Insufficient Data,Unavailable,Unavailable
kpi_003,,Insufficient Data,Unavailable,Unavailable
kpi_003,,Insufficient Data,Unavailable,Unavailable
kpi_003,,Insufficient Data,Unavailable,Unavailable
kpi_003,,Insufficient Data,Unavailable,Unavailable
kpi_003,,Insufficient Data,Unavailable,Unavailable
kpi_003,,Insufficient Data,Unavailable,Unavailable
kpi_003,,Insufficient Data,Unavailable,Unavailable
kpi_003,,Insufficient Data,Unavailable,Unavailable
kpi_003,,Insufficient Data,Unavailable,Unavailable
kpi_003,,Insufficient Data,Unavailable,Unavailable
kpi_003,,Insufficient Data,Unavailable,Unavailable
kpi_003,,Insufficient Data,Unavailable,Unavailable
kpi_003,,Insufficient Data,Unavailable,Unavailable
kpi_003,,Insufficient Data,Unavailable,Unavailable
kpi_003,,Insufficient Data,Unavailable,Unavailable
kpi_003,,Insufficient Data,Unavailable,Unavailable
kpi_003,,Insufficient Data,Unavailable,Unavailable
kpi_003,,Insufficient Data,Unavailable,Unavailable
kpi_003,,Insufficient Data,Unavailable,Unavailable
kpi_003,,Insufficient Data,Unavailable,Unavailable
kpi_003,,Insufficient Data,Unavailable,Unavailable
kpi_003,,Insufficient Data,Unavailable,Unavailable
kpi_003,,Insufficient Data,Unavailable,Unavailable
kpi_003,,Insufficient Data,Unavailable,Unavailable
kpi_003,,Insufficient Data,Unavailable,Unavailable
kpi_003,,Insufficient Data,Unavailable,Unavailable
kpi_003,,Insufficient Data,Unavailable,Unavailable
kpi_003,,Insufficient Data,Unavailable,Unavailable
kpi_003,,Insufficient Data,Unavailable,Unavailable
kpi_003,,Insufficient Data,Unavailable,Unavailable
kpi_003,,Insufficient Data,Unavailable,Unavailable
kpi_003,,Insufficient Data,Unavailable,Unavailable
kpi_003,,Insufficient Data,Unavailable,Unavailable
kpi_003,,Insufficient Data,Unavailable,Unavailable
kpi_003,,Insufficient Data,Unavailable,Unavailable
kpi_003,,Insufficient Data,Unavailable,Unavailable
kpi_003,,Insufficient Data,Unavailable,Unavailable
kpi_003,,Insufficient Data,Unavailable,Unavailable
kpi_003,,Insufficient Data,Unavailable,Unavailable
kpi_003,,Insufficient Data,Unavailable,Unavailable
kpi_003,,Insufficient Data,Unavailable,Unavailable
kpi_003,,Insufficient Data,Unavailable,Unavailable
kpi_003,,Insufficient Data,Unavailable,Unavailable
kpi_003,,Insufficient Data,Unavailable,Unavailable
kpi_003,,Insufficient Data,Unavailable,Unavailable
kpi_003,,Insufficient Data,Unavailable,Unavailable
kpi_003,,Insufficient Data,Unavailable,Unavailable
kpi_003,,Insufficient Data,Unavailable,Unavailable
kpi_003,,Insufficient Data,Unavailable,Unavailable
kpi_003,,Insufficient Data,Unavailable,Unavailable
kpi_003,,Insufficient Data,Unavailable,Unavailable
kpi_003,,Insufficient Data,Unavailable,Unavailable
kpi_003,,Insufficient Data,Unavailable,Unavailable
kpi_003,,Insufficient Data,Unavailable,Unavailable
kpi_003,,Insufficient Data,Unavailable,Unavailable
kpi_003,,Insufficient Data,Unavailable,Unavailable
kpi_003,,Insufficient Data,Unavailable,Unavailable
kpi_003,,Insufficient Data,Unavailable,Unavailable
kpi_003,,Insufficient Data,Unavailable,Unavailable
kpi_003,,Insufficient Data,Unavailable,Unavailable
kpi_003,,Insufficient Data,Unavailable,Unavailable
kpi_003,,Insufficient Data,Unavailable,Unavailable
kpi_003,,Insufficient Data,Unavailable,Unavailable
kpi_003,,Insufficient Data,Unavailable,Unavailable
kpi_003,,Insufficient Data,Unavailable,Unavailable
kpi_003,,Insufficient Data,Unavailable,Unavailable
kpi_003,,Insufficient Data,Unavailable,Unavailable
kpi_003,,Insufficient Data,Unavailable,Unavailable
kpi_003,,Insufficient Data,Unavailable,Unavailable
kpi_003,,Insufficient Data,Unavailable,Unavailable
kpi_003,,Insufficient Data,Unavailable,Unavailable
kpi_003,,Insufficient Data,Unavailable,Unavailable
kpi_003,,Insufficient Data,Unavailable,Unavailable
kpi_003,,Insufficient Data,Unavailable,Unavailable
kpi_003,,Insufficient Data,Unavailable,Unavailable
kpi_003,,Insufficient Data,Unavailable,Unavailable
kpi_003,,Insufficient Data,Unavailable,Unavailable
kpi_003,,Insufficient Data,Unavailable,Unavailable
kpi_003,,Insufficient Data,Unavailable,Unavailable
kpi_003,,Insufficient Data,Unavailable,Unavailable
kpi_003,,Insufficient Data,Unavailable,Unavailable
kpi_003,,Insufficient Data,Unavailable,Unavailable
kpi_003,,Insufficient Data,Unavailable,Unavailable
kpi_003,,Insufficient Data,Unavailable,Unavailable
kpi_003,,Insufficient Data,Unavailable,Unavailable
kpi_003,,Insufficient Data,Unavailable,Unavailable
kpi_003,,Insufficient Data,Unavailable,Unavailable
kpi_003,,Insufficient Data,Unavailable,Unavailable
kpi_003,,Insufficient Data,Unavailable,Unavailable
kpi_003,,Insufficient Data,Unavailable,Unavailable
kpi_003,,Insufficient Data,Unavailable,Unavailable
kpi_003,,Insufficient Data,Unavailable,Unavailable
kpi_003,,Insufficient Data,Unavailable,Unavailable
kpi_003,,Insufficient Data,Unavailable,Unavailable
kpi_003,,Insufficient Data,Unavailable,Unavailable
kpi_003,,Insufficient Data,Unavailable,Unavailable
kpi_003,,Insufficient Data,Unavailable,Unavailable
kpi_003,,Insufficient Data,Unavailable,Unavailable
kpi_003,,Insufficient Data,Unavailable,Unavailable
kpi_003,,Insufficient Data,Unavailable,Unavailable
kpi_003,,Insufficient Data,Unavailable,Unavailable
kpi_003,,Insufficient Data,Unavailable,Unavailable
kpi_003,,Insufficient Data,Unavailable,Unavailable
kpi_003,,Insufficient Data,Unavailable,Unavailable
kpi_003,,Insufficient Data,Unavailable,Unavailable
kpi_003,,Insufficient Data,Unavailable,Unavailable
kpi_003,,Insufficient Data,Unavailable,Unavailable
kpi_003,,Insufficient Data,Unavailable,Unavailable
kpi_003,,Insufficient Data,Unavailable,Unavailable
kpi_003,,Insufficient Data,Unavailable,Unavailable
kpi_003,,Insufficient Data,Unavailable,Unavailable
kpi_003,,Insufficient Data,Unavailable,Unavailable
kpi_003,,Insufficient Data,Unavailable,Unavailable
kpi_003,,Insufficient Data,Unavailable,Unavailable
kpi_003,,Insufficient Data,Unavailable,Unavailable
kpi_003,,Insufficient Data,Unavailable,Unavailable
kpi_003,,Insufficient Data,Unavailable,Unavailable
kpi_003,,Insufficient Data,Unavailable,Unavailable
kpi_003,,Insufficient Data,Unavailable,Unavailable
kpi_003,,Insufficient Data,Unavailable,Unavailable
kpi_003,,Insufficient Data,Unavailable,Unavailable
kpi_003,,Insufficient Data,Unavailable,Unavailable
kpi_003,,Insufficient Data,Unavailable,Unavailable
kpi_003,,Insufficient Data,Unavailable,Unavailable
kpi_003,,Insufficient Data,Unavailable,Unavailable
kpi_003,,Insufficient Data,Unavailable,Unavailable
kpi_003,,Insufficient Data,Unavailable,Unavailable
kpi_003,,Insufficient Data,Unavailable,Unavailable
kpi_003,,Insufficient Data,Unavailable,Unavailable
kpi_003,,Insufficient Data,Unavailable,Unavailable
kpi_003,,Insufficient Data,Unavailable,Unavailable
kpi_003,,Insufficient Data,Unavailable,Unavailable
kpi_003,,Insufficient Data,Unavailable,Unavailable
kpi_003,,Insufficient Data,Unavailable,Unavailable
kpi_003,,Insufficient Data,Unavailable,Unavailable
kpi_003,,Insufficient Data,Unavailable,Unavailable
kpi_003,,Insufficient Data,Unavailable,Unavailable
kpi_003,,Insufficient Data,Unavailable,Unavailable
kpi_003,,Insufficient Data,Unavailable,Unavailable
kpi_003,,Insufficient Data,Unavailable,Unavailable
kpi_003,,Insufficient Data,Unavailable,Unavailable
kpi_003,,Insufficient Data,Unavailable,Unavailable
kpi_003,,Insufficient Data,Unavailable,Unavailable
kpi_003,,Insufficient Data,Unavailable,Unavailable
kpi_003,,Insufficient Data,Unavailable,Unavailable
kpi_003,,Insufficient Data,Unavailable,Unavailable
kpi_003,,Insufficient Data,Unavailable,Unavailable
kpi_003,,Insufficient Data,Unavailable,Unavailable
kpi_003,,Insufficient Data,Unavailable,Unavailable
kpi_003,,Insufficient Data,Unavailable,Unavailable
kpi_003,,Insufficient Data,Unavailable,Unavailable
kpi_003,,Insufficient Data,Unavailable,Unavailable
kpi_003,,Insufficient Data,Unavailable,Unavailable
kpi_003,,Insufficient Data,Unavailable,Unavailable
kpi_003,,Insufficient Data,Unavailable,Unavailable
kpi_003,,Insufficient Data,Unavailable,Unavailable
kpi_003,,Insufficient Data,Unavailable,Unavailable
kpi_003,,Insufficient Data,Unavailable,Unavailable
kpi_003,,Insufficient Data,Unavailable,Unavailable
kpi_003,,Insufficient Data,Unavailable,Unavailable
kpi_003,,Insufficient Data,Unavailable,Unavailable
kpi_003,,Insufficient Data,Unavailable,Unavailable
kpi_003,,Insufficient Data,Unavailable,Unavailable
kpi_003,,Insufficient Data,Unavailable,Unavailable
kpi_003,,Insufficient Data,Unavailable,Unavailable
kpi_003,,Insufficient Data,Unavailable,Unavailable
kpi_003,,Insufficient Data,Unavailable,Unavailable
kpi_003,,Insufficient Data,Unavailable,Unavailable
kpi_003,,Insufficient Data,Unavailable,Unavailable
kpi_003,,Insufficient Data,Unavailable,Unavailable
kpi_003,,Insufficient Data,Unavailable,Unavailable
kpi_003,,Insufficient Data,Unavailable,Unavailable
kpi_003,,Insufficient Data,Unavailable,Unavailable
kpi_003,,Insufficient Data,Unavailable,Unavailable
kpi_003,,Insufficient Data,Unavailable,Unavailable
kpi_003,,Insufficient Data,Unavailable,Unavailable
kpi_003,,Insufficient Data,Unavailable,Unavailable
kpi_003,,Insufficient Data,Unavailable,Unavailable
kpi_003,,Insufficient Data,Unavailable,Unavailable
kpi_003,,Insufficient Data,Unavailable,Unavailable
kpi_003,,Insufficient Data,Unavailable,Unavailable
kpi_003,,Insufficient Data,Unavailable,Unavailable
kpi_003,,Insufficient Data,Unavailable,Unavailable
kpi_003,,Insufficient Data,Unavailable,Unavailable
kpi_003,,Insufficient Data,Unavailable,Unavailable
kpi_003,,Insufficient Data,Unavailable,Unavailable
kpi_003,,Insufficient Data,Unavailable,Unavailable
kpi_003,,Insufficient Data,Unavailable,Unavailable
kpi_003,,Insufficient Data,Unavailable,Unavailable
kpi_003,,Insufficient Data,Unavailable,Unavailable
kpi_003,,Insufficient Data,Unavailable,Unavailable
kpi_003,,Insufficient Data,Unavailable,Unavailable
kpi_003,,Insufficient Data,Unavailable,Unavailable
kpi_003,,Insufficient Data,Unavailable,Unavailable
kpi_003,,Insufficient Data,Unavailable,Unavailable
kpi_003,,Insufficient Data,Unavailable,Unavailable
kpi_003,,Insufficient Data,Unavailable,Unavailable
kpi_003,,Insufficient Data,Unavailable,Unavailable
kpi_003,,Insufficient Data,Unavailable,Unavailable
kpi_003,,Insufficient Data,Unavailable,Unavailable
kpi_003,,Insufficient Data,Unavailable,Unavailable
kpi_003,,Insufficient Data,Unavailable,Unavailable
kpi_003,,Insufficient Data,Unavailable,Unavailable
kpi_003,,Insufficient Data,Unavailable,Unavailable
kpi_003,,Insufficient Data,Unavailable,Unavailable
kpi_003,,Insufficient Data,Unavailable,Unavailable
kpi_003,,Insufficient Data,Unavailable,Unavailable
kpi_003,,Insufficient Data,Unavailable,Unavailable
kpi_003,,Insufficient Data,Unavailable,Unavailable
kpi_003,,Insufficient Data,Unavailable,Unavailable
kpi_003,,Insufficient Data,Unavailable,Unavailable
kpi_003,,Insufficient Data,Unavailable,Unavailable
kpi_003,,Insufficient Data,Unavailable,Unavailable
kpi_003,,Insufficient Data,Unavailable,Unavailable
kpi_003,,Insufficient Data,Unavailable,Unavailable
kpi_003,,Insufficient Data,Unavailable,Unavailable
kpi_003,,Insufficient Data,Unavailable,Unavailable
kpi_003,,Insufficient Data,Unavailable,Unavailable
kpi_003,,Insufficient Data,Unavailable,Unavailable
kpi_003,,Insufficient Data,Unavailable,Unavailable
kpi_003,,Insufficient Data,Unavailable,Unavailable
kpi_003,,Insufficient Data,Unavailable,Unavailable
kpi_003,,Insufficient Data,Unavailable,Unavailable
kpi_003,,Insufficient Data,Unavailable,Unavailable
kpi_003,,Insufficient Data,Unavailable,Unavailable
kpi_003,,Insufficient Data,Unavailable,Unavailable
kpi_003,,Insufficient Data,Unavailable,Unavailable
kpi_003,,Insufficient Data,Unavailable,Unavailable
kpi_003,,Insufficient Data,Unavailable,Unavailable
kpi_003,,Insufficient Data,Unavailable,Unavailable
kpi_003,,Insufficient Data,Unavailable,Unavailable
kpi_003,,Insufficient Data,Unavailable,Unavailable
kpi_003,,Insufficient Data,Unavailable,Unavailable
kpi_003,,Insufficient Data,Unavailable,Unavailable
kpi_003,,Insufficient Data,Unavailable,Unavailable
kpi_003,,Insufficient Data,Unavailable,Unavailable
kpi_003,,Insufficient Data,Unavailable,Unavailable
kpi_003,,Insufficient Data,Unavailable,Unavailable
kpi_003,,Insufficient Data,Unavailable,Unavailable
kpi_003,,Insufficient Data,Unavailable,Unavailable
kpi_003,,Insufficient Data,Unavailable,Unavailable
kpi_003,,Insufficient Data,Unavailable,Unavailable
kpi_003,,Insufficient Data,Unavailable,Unavailable
kpi_003,,Insufficient Data,Unavailable,Unavailable
kpi_003,,Insufficient Data,Unavailable,Unavailable
kpi_003,,Insufficient Data,Unavailable,Unavailable
kpi_003,,Insufficient Data,Unavailable,Unavailable
kpi_003,,Insufficient Data,Unavailable,Unavailable
kpi_003,,Insufficient Data,Unavailable,Unavailable
kpi_003,,Insufficient Data,Unavailable,Unavailable
kpi_003,,Insufficient Data,Unavailable,Unavailable
kpi_003,,Insufficient Data,Unavailable,Unavailable
kpi_003,,Insufficient Data,Unavailable,Unavailable
kpi_003,,Insufficient Data,Unavailable,Unavailable
kpi_003,,Insufficient Data,Unavailable,Unavailable
kpi_003,,Insufficient Data,Unavailable,Unavailable
kpi_003,,Insufficient Data,Unavailable,Unavailable
kpi_003,,Insufficient Data,Unavailable,Unavailable
kpi_003,,Insufficient Data,Unavailable,Unavailable
kpi_003,,Insufficient Data,Unavailable,Unavailable
kpi_003,,Insufficient Data,Unavailable,Unavailable
kpi_003,,Insufficient Data,Unavailable,Unavailable
kpi_003,,Insufficient Data,Unavailable,Unavailable
kpi_003,,Insufficient Data,Unavailable,Unavailable
kpi_003,,Insufficient Data,Unavailable,Unavailable
kpi_003,,Insufficient Data,Unavailable,Unavailable
kpi_003,,Insufficient Data,Unavailable,Unavailable
kpi_003,,Insufficient Data,Unavailable,Unavailable
kpi_003,,Insufficient Data,Unavailable,Unavailable
kpi_003,,Insufficient Data,Unavailable,Unavailable
kpi_003,,Insufficient Data,Unavailable,Unavailable
kpi_003,,Insufficient Data,Unavailable,Unavailable
kpi_003,,Insufficient Data,Unavailable,Unavailable
kpi_003,,Insufficient Data,Unavailable,Unavailable
kpi_003,,Insufficient Data,Unavailable,Unavailable
kpi_003,,Insufficient Data,Unavailable,Unavailable
kpi_003,,Insufficient Data,Unavailable,Unavailable
kpi_003,,Insufficient Data,Unavailable,Unavailable
kpi_003,,Insufficient Data,Unavailable,Unavailable
kpi_003,,Insufficient Data,Unavailable,Unavailable
kpi_003,,Insufficient Data,Unavailable,Unavailable
kpi_003,,Insufficient Data,Unavailable,Unavailable
kpi_003,,Insufficient Data,Unavailable,Unavailable
kpi_003,,Insufficient Data,Unavailable,Unavailable
kpi_003,,Insufficient Data,Unavailable,Unavailable
kpi_003,,Insufficient Data,Unavailable,Unavailable
kpi_003,,Insufficient Data,Unavailable,Unavailable
kpi_003,,Insufficient Data,Unavailable,Unavailable
kpi_003,,Insufficient Data,Unavailable,Unavailable
kpi_003,,Insufficient Data,Unavailable,Unavailable
kpi_003,,Insufficient Data,Unavailable,Unavailable
kpi_003,,Insufficient Data,Unavailable,Unavailable
kpi_003,,Insufficient Data,Unavailable,Unavailable
kpi_003,,Insufficient Data,Unavailable,Unavailable
kpi_003,,Insufficient Data,Unavailable,Unavailable
kpi_003,,Insufficient Data,Unavailable,Unavailable
kpi_003,,Insufficient Data,Unavailable,Unavailable
kpi_003,,Insufficient Data,Unavailable,Unavailable
kpi_003,,Insufficient Data,Unavailable,Unavailable
kpi_003,,Insufficient Data,Unavailable,Unavailable
kpi_003,,Insufficient Data,Unavailable,Unavailable
kpi_003,,Insufficient Data,Unavailable,Unavailable
kpi_003,,Insufficient Data,Unavailable,Unavailable
kpi_003,,Insufficient Data,Unavailable,Unavailable
kpi_003,,Insufficient Data,Unavailable,Unavailable
kpi_003,,Insufficient Data,Unavailable,Unavailable
kpi_003,,Insufficient Data,Unavailable,Unavailable
kpi_003,,Insufficient Data,Unavailable,Unavailable
kpi_003,,Insufficient Data,Unavailable,Unavailable
kpi_003,,Insufficient Data,Unavailable,Unavailable
kpi_003,,Insufficient Data,Unavailable,Unavailable
kpi_003,,Insufficient Data,Unavailable,Unavailable
kpi_003,,Insufficient Data,Unavailable,Unavailable
kpi_003,,Insufficient Data,Unavailable,Unavailable
kpi_003,,Insufficient Data,Unavailable,Unavailable
kpi_003,,Insufficient Data,Unavailable,Unavailable
kpi_003,,Insufficient Data,Unavailable,Unavailable
kpi_003,,Insufficient Data,Unavailable,Unavailable
kpi_003,,Insufficient Data,Unavailable,Unavailable
kpi_003,,Insufficient Data,Unavailable,Unavailable
kpi_003,,Insufficient Data,Unavailable,Unavailable
kpi_003,,Insufficient Data,Unavailable,Unavailable
kpi_003,,Insufficient Data,Unavailable,Unavailable
kpi_003,,Insufficient Data,Unavailable,Unavailable
kpi_003,,Insufficient Data,Unavailable,Unavailable
kpi_003,,Insufficient Data,Unavailable,Unavailable
kpi_003,,Insufficient Data,Unavailable,Unavailable
kpi_003,,Insufficient Data,Unavailable,Unavailable
kpi_003,,Insufficient Data,Unavailable,Unavailable
kpi_003,,Insufficient Data,Unavailable,Unavailable
kpi_003,,Insufficient Data,Unavailable,Unavailable
kpi_003,,Insufficient Data,Unavailable,Unavailable
kpi_003,,Insufficient Data,Unavailable,Unavailable
kpi_003,,Insufficient Data,Unavailable,Unavailable
kpi_003,,Insufficient Data,Unavailable,Unavailable
kpi_003,,Insufficient Data,Unavailable,Unavailable
kpi_003,,Insufficient Data,Unavailable,Unavailable
kpi_003,,Insufficient Data,Unavailable,Unavailable
kpi_003,,Insufficient Data,Unavailable,Unavailable
kpi_003,,Insufficient Data,Unavailable,Unavailable
kpi_003,,Insufficient Data,Unavailable,Unavailable
kpi_003,,Insufficient Data,Unavailable,Unavailable
kpi_003,,Insufficient Data,Unavailable,Unavailable
kpi_003,,Insufficient Data,Unavailable,Unavailable
kpi_003,,Insufficient Data,Unavailable,Unavailable
kpi_003,,Insufficient Data,Unavailable,Unavailable
kpi_003,,Insufficient Data,Unavailable,Unavailable
kpi_003,,Insufficient Data,Unavailable,Unavailable
kpi_003,,Insufficient Data,Unavailable,Unavailable
kpi_003,,Insufficient Data,Unavailable,Unavailable
kpi_003,,Insufficient Data,Unavailable,Unavailable
kpi_003,,Insufficient Data,Unavailable,Unavailable
kpi_003,,Insufficient Data,Unavailable,Unavailable
kpi_003,,Insufficient Data,Unavailable,Unavailable
kpi_003,,Insufficient Data,Unavailable,Unavailable
kpi_003,,Insufficient Data,Unavailable,Unavailable
kpi_003,,Insufficient Data,Unavailable,Unavailable
kpi_003,,Insufficient Data,Unavailable,Unavailable
kpi_003,,Insufficient Data,Unavailable,Unavailable
kpi_003,,Insufficient Data,Unavailable,Unavailable
kpi_003,,Insufficient Data,Unavailable,Unavailable
kpi_003,,Insufficient Data,Unavailable,Unavailable
kpi_003,,Insufficient Data,Unavailable,Unavailable
kpi_003,,Insufficient Data,Unavailable,Unavailable
kpi_003,,Insufficient Data,Unavailable,Unavailable
kpi_003,,Insufficient Data,Unavailable,Unavailable
kpi_003,,Insufficient Data,Unavailable,Unavailable
kpi_003,,Insufficient Data,Unavailable,Unavailable
kpi_003,,Insufficient Data,Unavailable,Unavailable
kpi_003,,Insufficient Data,Unavailable,Unavailable
kpi_003,,Insufficient Data,Unavailable,Unavailable
kpi_003,,Insufficient Data,Unavailable,Unavailable
kpi_003,,Insufficient Data,Unavailable,Unavailable
kpi_003,,Insufficient Data,Unavailable,Unavailable
kpi_003,,Insufficient Data,Unavailable,Unavailable
kpi_003,,Insufficient Data,Unavailable,Unavailable
kpi_003,,Insufficient Data,Unavailable,Unavailable
kpi_003,,Insufficient Data,Unavailable,Unavailable
kpi_003,,Insufficient Data,Unavailable,Unavailable
kpi_003,,Insufficient Data,Unavailable,Unavailable
kpi_003,,Insufficient Data,Unavailable,Unavailable
kpi_003,,Insufficient Data,Unavailable,Unavailable
kpi_003,,Insufficient Data,Unavailable,Unavailable
kpi_003,,Insufficient Data,Unavailable,Unavailable
kpi_003,,Insufficient Data,Unavailable,Unavailable
kpi_003,,Insufficient Data,Unavailable,Unavailable
kpi_003,,Insufficient Data,Unavailable,Unavailable
kpi_003,,Insufficient Data,Unavailable,Unavailable
kpi_003,,Insufficient Data,Unavailable,Unavailable
kpi_003,,Insufficient Data,Unavailable,Unavailable
kpi_003,,Insufficient Data,Unavailable,Unavailable
kpi_003,,Insufficient Data,Unavailable,Unavailable
kpi_003,,Insufficient Data,Unavailable,Unavailable
kpi_003,,Insufficient Data,Unavailable,Unavailable
kpi_003,,Insufficient Data,Unavailable,Unavailable
kpi_003,,Insufficient Data,Unavailable,Unavailable
kpi_003,,Insufficient Data,Unavailable,Unavailable
kpi_003,,Insufficient Data,Unavailable,Unavailable
kpi_003,,Insufficient Data,Unavailable,Unavailable
kpi_003,,Insufficient Data,Unavailable,Unavailable
kpi_003,79.7872340425532,Calculated,Low Utilisation,Low Utilisation
kpi_003,91.66666666666666,Calculated,Green,Green
kpi_003,80.21978021978022,Calculated,Low Utilisation,Low Utilisation
kpi_003,86.20689655172413,Calculated,Green,Green
kpi_003,77.55102040816327,Calculated,Low Utilisation,Low Utilisation
kpi_003,93.18181818181816,Calculated,Green,Green
kpi_003,75.82417582417582,Calculated,Low Utilisation,Low Utilisation
kpi_003,83.69565217391305,Calculated,Amber,Amber
kpi_003,88.88888888888889,Calculated,Green,Green
kpi_003,81.11111111111111,Calculated,Low Utilisation,Low Utilisation
kpi_003,92.47311827956987,Calculated,Green,Green
kpi_003,78.82352941176471,Calculated,Low Utilisation,Low Utilisation
kpi_003,88.42105263157895,Calculated,Green,Green
kpi_003,76.59574468085107,Calculated,Low Utilisation,Low Utilisation
kpi_003,74.72527472527473,Calculated,Low Utilisation,Low Utilisation
kpi_003,80.43478260869566,Calculated,Low Utilisation,Low Utilisation
kpi_003,92.94117647058825,Calculated,Green,Green
kpi_003,76.47058823529412,Calculated,Low Utilisation,Low Utilisation
kpi_003,76.84210526315789,Calculated,Low Utilisation,Low Utilisation
kpi_003,82.14285714285714,Calculated,Amber,Amber
kpi_003,82.41758241758241,Calculated,Amber,Amber
kpi_003,75.55555555555556,Calculated,Low Utilisation,Low Utilisation
kpi_003,75.0,Calculated,Low Utilisation,Low Utilisation
kpi_003,76.40449438202246,Calculated,Low Utilisation,Low Utilisation
kpi_003,76.66666666666667,Calculated,Low Utilisation,Low Utilisation
kpi_003,90.21739130434784,Calculated,Green,Green
kpi_003,82.75862068965517,Calculated,Amber,Amber
kpi_003,85.22727272727273,Calculated,Amber,Amber
kpi_003,91.57894736842104,Calculated,Green,Green
kpi_003,85.0574712643678,Calculated,Amber,Amber
kpi_003,80.64516129032258,Calculated,Low Utilisation,Low Utilisation
kpi_003,86.31578947368422,Calculated,Green,Green
kpi_003,84.44444444444444,Calculated,Amber,Amber
kpi_003,74.69879518072288,Calculated,Low Utilisation,Low Utilisation
kpi_003,80.0,Calculated,Low Utilisation,Low Utilisation
kpi_003,80.0,Calculated,Low Utilisation,Low Utilisation
kpi_003,82.6086956521739,Calculated,Amber,Amber
kpi_003,86.36363636363636,Calculated,Green,Green
kpi_003,93.10344827586206,Calculated,Green,Green
kpi_003,78.125,Calculated,Low Utilisation,Low Utilisation
kpi_003,94.44444444444444,Calculated,Green,Green
kpi_003,77.6595744680851,Calculated,Low Utilisation,Low Utilisation
kpi_003,91.39784946236558,Calculated,Green,Green
kpi_003,79.12087912087912,Calculated,Low Utilisation,Low Utilisation
kpi_003,82.41758241758241,Calculated,Amber,Amber
kpi_003,80.85106382978722,Calculated,Low Utilisation,Low Utilisation
kpi_003,84.94623655913979,Calculated,Amber,Amber
kpi_003,76.13636363636364,Calculated,Low Utilisation,Low Utilisation
kpi_003,93.4065934065934,Calculated,Green,Green
kpi_003,91.75257731958764,Calculated,Green,Green
kpi_003,90.0,Calculated,Green,Green
kpi_003,84.44444444444444,Calculated,Amber,Amber
kpi_003,94.6808510638298,Calculated,Green,Green
kpi_003,77.17391304347827,Calculated,Low Utilisation,Low Utilisation
kpi_003,91.66666666666666,Calculated,Green,Green
kpi_003,92.3913043478261,Calculated,Green,Green
kpi_003,78.88888888888889,Calculated,Low Utilisation,Low Utilisation
kpi_003,86.36363636363636,Calculated,Green,Green
kpi_003,81.11111111111111,Calculated,Low Utilisation,Low Utilisation
kpi_003,91.2087912087912,Calculated,Green,Green
kpi_003,85.86956521739131,Calculated,Amber,Amber
kpi_003,98.87640449438202,Calculated,Green,Green
kpi_003,83.52941176470588,Calculated,Amber,Amber
kpi_003,98.91304347826086,Calculated,Green,Green
kpi_003,91.86046511627907,Calculated,Green,Green
kpi_003,81.81818181818183,Calculated,Amber,Amber
kpi_003,88.88888888888889,Calculated,Green,Green
kpi_003,83.87096774193549,Calculated,Amber,Amber
kpi_003,79.06976744186046,Calculated,Low Utilisation,Low Utilisation
kpi_003,97.9381443298969,Calculated,Green,Green
kpi_003,88.65979381443299,Calculated,Green,Green
kpi_003,94.2528735632184,Calculated,Green,Green
kpi_003,98.9010989010989,Calculated,Green,Green
kpi_003,81.60919540229885,Calculated,Low Utilisation,Low Utilisation
kpi_003,89.41176470588236,Calculated,Green,Green
kpi_003,80.89887640449437,Calculated,Low Utilisation,Low Utilisation
kpi_003,87.64044943820225,Calculated,Green,Green
kpi_003,83.33333333333334,Calculated,Amber,Amber
kpi_003,93.25842696629212,Calculated,Green,Green
kpi_003,83.13253012048193,Calculated,Amber,Amber
kpi_003,86.66666666666667,Calculated,Green,Green
kpi_003,98.93617021276596,Calculated,Green,Green
kpi_003,92.78350515463916,Calculated,Green,Green
kpi_003,86.5979381443299,Calculated,Green,Green
kpi_003,94.18604651162792,Calculated,Green,Green
kpi_003,95.2941176470588,Calculated,Green,Green
kpi_003,79.06976744186046,Calculated,Low Utilisation,Low Utilisation
kpi_003,81.63265306122449,Calculated,Low Utilisation,Low Utilisation
kpi_003,88.50574712643679,Calculated,Green,Green
kpi_003,85.22727272727273,Calculated,Amber,Amber
kpi_003,94.18604651162792,Calculated,Green,Green
kpi_003,101.13636363636364,Calculated,Amber,Amber
kpi_003,97.8021978021978,Calculated,Green,Green
kpi_003,94.89795918367348,Calculated,Green,Green
kpi_003,102.1978021978022,Calculated,Amber,Amber
kpi_003,103.0612244897959,Calculated,Amber,Amber
kpi_003,106.5217391304348,Calculated,Critical Capacity Pressure,Critical Capacity Pressure
kpi_003,91.2087912087912,Calculated,Green,Green
kpi_003,90.80459770114942,Calculated,Green,Green
kpi_003,106.8181818181818,Calculated,Critical Capacity Pressure,Critical Capacity Pressure
kpi_003,96.3855421686747,Calculated,Green,Green
kpi_003,107.95454545454544,Calculated,Critical Capacity Pressure,Critical Capacity Pressure
kpi_003,105.3191489361702,Calculated,Critical Capacity Pressure,Critical Capacity Pressure
kpi_003,92.04545454545456,Calculated,Green,Green
kpi_003,103.26086956521738,Calculated,Amber,Amber
kpi_003,101.16279069767442,Calculated,Amber,Amber
kpi_003,89.13043478260869,Calculated,Green,Green
kpi_003,102.06185567010309,Calculated,Amber,Amber
kpi_003,94.5054945054945,Calculated,Green,Green
kpi_003,102.12765957446808,Calculated,Amber,Amber
kpi_003,94.3820224719101,Calculated,Green,Green
kpi_003,103.40909090909092,Calculated,Amber,Amber
kpi_003,86.04651162790698,Calculated,Amber,Amber
kpi_003,90.32258064516128,Calculated,Green,Green
kpi_003,102.10526315789474,Calculated,Amber,Amber
kpi_003,98.88888888888889,Calculated,Green,Green
kpi_003,97.8494623655914,Calculated,Green,Green
kpi_003,91.66666666666666,Calculated,Green,Green
kpi_003,101.14942528735634,Calculated,Amber,Amber
kpi_003,90.21739130434784,Calculated,Green,Green
kpi_003,90.32258064516128,Calculated,Green,Green
kpi_003,92.85714285714286,Calculated,Green,Green
kpi_003,93.61702127659576,Calculated,Green,Green
kpi_003,90.72164948453609,Calculated,Green,Green
kpi_003,88.88888888888889,Calculated,Green,Green
kpi_003,94.2528735632184,Calculated,Green,Green
kpi_003,96.5909090909091,Calculated,Green,Green
kpi_003,101.11111111111111,Calculated,Amber,Amber
kpi_003,91.39784946236558,Calculated,Green,Green
kpi_003,90.80459770114942,Calculated,Green,Green
kpi_003,90.9090909090909,Calculated,Green,Green
kpi_003,92.85714285714286,Calculated,Green,Green
kpi_003,88.23529411764706,Calculated,Green,Green
kpi_003,91.01123595505618,Calculated,Green,Green
kpi_003,100.0,Calculated,Green,Green
kpi_003,105.95238095238096,Calculated,Critical Capacity Pressure,Critical Capacity Pressure
kpi_003,103.57142857142858,Calculated,Amber,Amber
kpi_003,91.66666666666666,Calculated,Green,Green
kpi_003,90.625,Calculated,Green,Green
kpi_003,95.45454545454544,Calculated,Green,Green
kpi_003,103.44827586206895,Calculated,Amber,Amber
kpi_003,102.2222222222222,Calculated,Amber,Amber
kpi_003,101.0752688172043,Calculated,Amber,Amber
kpi_003,93.4065934065934,Calculated,Green,Green
kpi_003,93.18181818181816,Calculated,Green,Green
kpi_003,107.6086956521739,Calculated,Critical Capacity Pressure,Critical Capacity Pressure
kpi_003,103.40909090909092,Calculated,Amber,Amber
kpi_003,104.16666666666669,Calculated,Amber,Amber
kpi_003,95.45454545454544,Calculated,Green,Green
kpi_003,104.81927710843372,Calculated,Critical Capacity Pressure,Critical Capacity Pressure
kpi_003,87.05882352941177,Calculated,Green,Green
kpi_003,98.88888888888889,Calculated,Green,Green
kpi_003,101.14942528735634,Calculated,Amber,Amber
kpi_003,108.7912087912088,Calculated,Critical Capacity Pressure,Critical Capacity Pressure
kpi_003,117.44186046511628,Calculated,Critical Capacity Pressure,Critical Capacity Pressure
kpi_003,97.67441860465117,Calculated,Green,Green
kpi_003,96.51162790697676,Calculated,Green,Green
kpi_003,107.86516853932584,Calculated,Critical Capacity Pressure,Critical Capacity Pressure
kpi_003,114.11764705882352,Calculated,Critical Capacity Pressure,Critical Capacity Pressure
kpi_003,97.72727272727272,Calculated,Green,Green
kpi_003,117.20430107526884,Calculated,Critical Capacity Pressure,Critical Capacity Pressure
kpi_003,108.42105263157896,Calculated,Critical Capacity Pressure,Critical Capacity Pressure
kpi_003,117.5824175824176,Calculated,Critical Capacity Pressure,Critical Capacity Pressure
kpi_003,111.57894736842104,Calculated,Critical Capacity Pressure,Critical Capacity Pressure
kpi_003,105.10204081632652,Calculated,Critical Capacity Pressure,Critical Capacity Pressure
kpi_003,105.61797752808988,Calculated,Critical Capacity Pressure,Critical Capacity Pressure
kpi_003,113.18681318681318,Calculated,Critical Capacity Pressure,Critical Capacity Pressure
kpi_003,96.62921348314607,Calculated,Green,Green
kpi_003,104.3010752688172,Calculated,Amber,Amber
kpi_003,111.6279069767442,Calculated,Critical Capacity Pressure,Critical Capacity Pressure
kpi_003,95.6043956043956,Calculated,Green,Green
kpi_003,97.77777777777776,Calculated,Green,Green
kpi_003,96.7391304347826,Calculated,Green,Green
kpi_003,115.38461538461536,Calculated,Critical Capacity Pressure,Critical Capacity Pressure
kpi_003,94.79166666666666,Calculated,Green,Green
kpi_003,98.9795918367347,Calculated,Green,Green
kpi_003,97.8021978021978,Calculated,Green,Green
kpi_003,110.86956521739133,Calculated,Critical Capacity Pressure,Critical Capacity Pressure
kpi_003,97.72727272727272,Calculated,Green,Green
kpi_003,105.6818181818182,Calculated,Critical Capacity Pressure,Critical Capacity Pressure
kpi_003,109.57446808510636,Calculated,Critical Capacity Pressure,Critical Capacity Pressure
kpi_003,95.78947368421052,Calculated,Green,Green
kpi_003,104.3010752688172,Calculated,Amber,Amber
kpi_003,106.8181818181818,Calculated,Critical Capacity Pressure,Critical Capacity Pressure
kpi_003,114.8936170212766,Calculated,Critical Capacity Pressure,Critical Capacity Pressure
kpi_003,93.5483870967742,Calculated,Green,Green
kpi_003,97.70114942528735,Calculated,Green,Green
kpi_003,106.5217391304348,Calculated,Critical Capacity Pressure,Critical Capacity Pressure
kpi_003,105.10204081632652,Calculated,Critical Capacity Pressure,Critical Capacity Pressure
kpi_003,102.35294117647058,Calculated,Amber,Amber
kpi_003,95.23809523809524,Calculated,Green,Green
kpi_003,102.1978021978022,Calculated,Amber,Amber
kpi_003,95.6989247311828,Calculated,Green,Green
kpi_003,103.15789473684212,Calculated,Amber,Amber
kpi_003,110.22727272727272,Calculated,Critical Capacity Pressure,Critical Capacity Pressure
kpi_003,103.33333333333334,Calculated,Amber,Amber
kpi_003,112.35955056179776,Calculated,Critical Capacity Pressure,Critical Capacity Pressure
kpi_003,111.23595505617978,Calculated,Critical Capacity Pressure,Critical Capacity Pressure
kpi_003,111.57894736842104,Calculated,Critical Capacity Pressure,Critical Capacity Pressure
kpi_003,107.6086956521739,Calculated,Critical Capacity Pressure,Critical Capacity Pressure
kpi_003,98.9247311827957,Calculated,Green,Green
kpi_003,113.26530612244898,Calculated,Critical Capacity Pressure,Critical Capacity Pressure
kpi_003,106.5217391304348,Calculated,Critical Capacity Pressure,Critical Capacity Pressure
kpi_003,110.1123595505618,Calculated,Critical Capacity Pressure,Critical Capacity Pressure
kpi_003,95.50561797752808,Calculated,Green,Green
kpi_003,114.44444444444444,Calculated,Critical Capacity Pressure,Critical Capacity Pressure
kpi_003,95.6043956043956,Calculated,Green,Green
kpi_003,104.59770114942528,Calculated,Amber,Amber
kpi_003,96.80851063829788,Calculated,Green,Green
kpi_003,103.6144578313253,Calculated,Amber,Amber
kpi_003,116.27906976744188,Calculated,Critical Capacity Pressure,Critical Capacity Pressure
kpi_003,101.0989010989011,Calculated,Amber,Amber
kpi_003,101.11111111111111,Calculated,Amber,Amber
kpi_003,84.52380952380952,Calculated,Amber,Amber
kpi_003,94.6236559139785,Calculated,Green,Green
kpi_003,94.6808510638298,Calculated,Green,Green
kpi_003,93.02325581395348,Calculated,Green,Green
kpi_003,100.0,Calculated,Green,Green
kpi_003,87.2340425531915,Calculated,Green,Green
kpi_003,92.78350515463916,Calculated,Green,Green
kpi_003,102.38095238095238,Calculated,Amber,Amber
kpi_003,87.35632183908046,Calculated,Green,Green
kpi_003,89.13043478260869,Calculated,Green,Green
kpi_003,82.79569892473118,Calculated,Amber,Amber
kpi_003,86.90476190476191,Calculated,Green,Green
kpi_003,91.01123595505618,Calculated,Green,Green
kpi_003,98.78048780487804,Calculated,Green,Green
kpi_003,94.56521739130434,Calculated,Green,Green
kpi_003,92.70833333333334,Calculated,Green,Green
kpi_003,87.09677419354838,Calculated,Green,Green
kpi_003,83.33333333333334,Calculated,Amber,Amber
kpi_003,101.11111111111111,Calculated,Amber,Amber
kpi_003,103.2258064516129,Calculated,Amber,Amber
kpi_003,101.11111111111111,Calculated,Amber,Amber
kpi_003,96.7032967032967,Calculated,Green,Green
kpi_003,97.8021978021978,Calculated,Green,Green
kpi_003,100.0,Calculated,Green,Green
kpi_003,97.8021978021978,Calculated,Green,Green
kpi_003,93.02325581395348,Calculated,Green,Green
kpi_003,88.37209302325581,Calculated,Green,Green
kpi_003,103.40909090909092,Calculated,Amber,Amber
kpi_003,92.63157894736842,Calculated,Green,Green
kpi_003,102.2222222222222,Calculated,Amber,Amber
kpi_003,89.41176470588236,Calculated,Green,Green
kpi_003,102.2222222222222,Calculated,Amber,Amber
kpi_003,97.82608695652172,Calculated,Green,Green
kpi_003,95.65217391304348,Calculated,Green,Green
kpi_003,94.31818181818184,Calculated,Green,Green
kpi_003,95.6989247311828,Calculated,Green,Green
kpi_003,91.76470588235294,Calculated,Green,Green
kpi_003,96.5909090909091,Calculated,Green,Green
kpi_003,81.81818181818183,Calculated,Amber,Amber
kpi_003,95.65217391304348,Calculated,Green,Green
kpi_003,88.42105263157895,Calculated,Green,Green
kpi_003,82.14285714285714,Calculated,Amber,Amber
kpi_003,96.66666666666669,Calculated,Green,Green
kpi_003,98.85057471264368,Calculated,Green,Green
kpi_003,93.25842696629212,Calculated,Green,Green
kpi_003,90.42553191489364,Calculated,Green,Green
kpi_003,98.88888888888889,Calculated,Green,Green
kpi_003,86.51685393258427,Calculated,Green,Green
kpi_003,96.80851063829788,Calculated,Green,Green
kpi_003,87.64044943820225,Calculated,Green,Green
kpi_003,82.10526315789474,Calculated,Amber,Amber
kpi_003,84.61538461538461,Calculated,Amber,Amber
kpi_003,101.12359550561798,Calculated,Amber,Amber
kpi_003,94.31818181818184,Calculated,Green,Green
kpi_003,87.95180722891565,Calculated,Green,Green
kpi_003,88.37209302325581,Calculated,Green,Green
kpi_003,102.12765957446808,Calculated,Amber,Amber
kpi_003,87.91208791208791,Calculated,Green,Green
kpi_003,88.88888888888889,Calculated,Green,Green
kpi_003,85.88235294117646,Calculated,Amber,Amber
kpi_003,100.0,Calculated,Green,Green
kpi_003,103.2258064516129,Calculated,Amber,Amber
kpi_003,90.21739130434784,Calculated,Green,Green
kpi_003,83.50515463917526,Calculated,Amber,Amber
kpi_003,92.13483146067416,Calculated,Green,Green
kpi_003,84.88372093023256,Calculated,Amber,Amber
kpi_003,94.6236559139785,Calculated,Green,Green
kpi_003,90.36144578313254,Calculated,Green,Green
kpi_003,93.10344827586206,Calculated,Green,Green
kpi_003,86.81318681318682,Calculated,Green,Green
kpi_003,101.0752688172043,Calculated,Amber,Amber
kpi_003,84.61538461538461,Calculated,Amber,Amber
kpi_003,94.18604651162792,Calculated,Green,Green
kpi_003,82.22222222222221,Calculated,Amber,Amber
kpi_003,87.2340425531915,Calculated,Green,Green
kpi_003,95.45454545454544,Calculated,Green,Green
kpi_003,91.48936170212764,Calculated,Green,Green
kpi_003,88.88888888888889,Calculated,Green,Green
kpi_003,98.79518072289156,Calculated,Green,Green
kpi_003,100.0,Calculated,Green,Green
kpi_003,87.05882352941177,Calculated,Green,Green
kpi_003,101.13636363636364,Calculated,Amber,Amber
kpi_003,88.88888888888889,Calculated,Green,Green
kpi_003,91.48936170212764,Calculated,Green,Green
kpi_003,94.3820224719101,Calculated,Green,Green
kpi_003,91.95402298850574,Calculated,Green,Green
kpi_003,97.67441860465117,Calculated,Green,Green
kpi_003,93.18181818181816,Calculated,Green,Green
kpi_003,91.01123595505618,Calculated,Green,Green
kpi_003,82.95454545454545,Calculated,Amber,Amber
kpi_003,102.08333333333331,Calculated,Amber,Amber
kpi_003,93.5483870967742,Calculated,Green,Green
kpi_003,82.02247191011236,Calculated,Amber,Amber
kpi_003,85.55555555555556,Calculated,Amber,Amber
kpi_003,94.18604651162792,Calculated,Green,Green
kpi_003,98.96907216494846,Calculated,Green,Green
kpi_003,86.51685393258427,Calculated,Green,Green
kpi_003,95.65217391304348,Calculated,Green,Green
kpi_003,87.5,Calculated,Green,Green
kpi_003,82.97872340425532,Calculated,Amber,Amber
kpi_003,96.51162790697676,Calculated,Green,Green
kpi_003,82.29166666666666,Calculated,Amber,Amber
kpi_003,101.14942528735634,Calculated,Amber,Amber
kpi_003,92.3913043478261,Calculated,Green,Green
kpi_003,92.3076923076923,Calculated,Green,Green
kpi_003,94.44444444444444,Calculated,Green,Green
kpi_003,85.86956521739131,Calculated,Amber,Amber
kpi_003,100.0,Calculated,Green,Green
kpi_003,103.37078651685394,Calculated,Amber,Amber
kpi_003,102.12765957446808,Calculated,Amber,Amber
kpi_003,93.33333333333331,Calculated,Green,Green
kpi_003,85.55555555555556,Calculated,Amber,Amber
kpi_003,84.70588235294117,Calculated,Amber,Amber
kpi_003,83.14606741573034,Calculated,Amber,Amber
kpi_003,82.75862068965517,Calculated,Amber,Amber
kpi_003,83.14606741573034,Calculated,Amber,Amber
kpi_003,90.21739130434784,Calculated,Green,Green
kpi_003,100.0,Calculated,Green,Green
kpi_003,86.02150537634408,Calculated,Amber,Amber
kpi_003,103.19148936170212,Calculated,Amber,Amber
kpi_003,89.65517241379311,Calculated,Green,Green
kpi_003,103.19148936170212,Calculated,Amber,Amber
kpi_003,83.87096774193549,Calculated,Amber,Amber
kpi_003,83.9080459770115,Calculated,Amber,Amber
kpi_003,103.37078651685394,Calculated,Amber,Amber
kpi_003,97.9381443298969,Calculated,Green,Green
kpi_003,97.6470588235294,Calculated,Green,Green
kpi_003,82.97872340425532,Calculated,Amber,Amber
kpi_003,85.0574712643678,Calculated,Amber,Amber
kpi_003,91.30434782608695,Calculated,Green,Green
kpi_003,83.33333333333334,Calculated,Amber,Amber
kpi_003,97.82608695652172,Calculated,Green,Green
kpi_003,98.94736842105264,Calculated,Green,Green
kpi_003,87.09677419354838,Calculated,Green,Green
kpi_003,84.26966292134831,Calculated,Amber,Amber
kpi_003,87.2340425531915,Calculated,Green,Green
kpi_003,88.23529411764706,Calculated,Green,Green
kpi_003,93.47826086956522,Calculated,Green,Green
kpi_003,93.25842696629212,Calculated,Green,Green
kpi_003,100.0,Calculated,Green,Green
kpi_003,86.5979381443299,Calculated,Green,Green
kpi_003,89.13043478260869,Calculated,Green,Green
kpi_003,93.18181818181816,Calculated,Green,Green
kpi_003,103.29670329670331,Calculated,Amber,Amber
kpi_003,97.87234042553192,Calculated,Green,Green
kpi_003,88.88888888888889,Calculated,Green,Green
kpi_003,89.41176470588236,Calculated,Green,Green
kpi_003,97.8021978021978,Calculated,Green,Green
kpi_003,94.56521739130434,Calculated,Green,Green
kpi_003,96.62921348314607,Calculated,Green,Green
kpi_003,103.15789473684212,Calculated,Amber,Amber
kpi_003,87.64044943820225,Calculated,Green,Green
kpi_004,,Insufficient Data,Unavailable,
kpi_004,,Insufficient Data,Unavailable,
kpi_004,,Insufficient Data,Unavailable,
kpi_004,,Insufficient Data,Unavailable,
kpi_004,,Insufficient Data,Unavailable,
kpi_004,,Insufficient Data,Unavailable,
kpi_004,,Insufficient Data,Unavailable,
kpi_004,,Insufficient Data,Unavailable,
kpi_004,,Insufficient Data,Unavailable,
kpi_004,,Insufficient Data,Unavailable,
kpi_004,,Insufficient Data,Unavailable,
kpi_004,,Insufficient Data,Unavailable,
kpi_004,,Insufficient Data,Unavailable,
kpi_004,,Insufficient Data,Unavailable,
kpi_004,,Insufficient Data,Unavailable,
kpi_004,,Insufficient Data,Unavailable,
kpi_004,,Insufficient Data,Unavailable,
kpi_004,,Insufficient Data,Unavailable,
kpi_004,,Insufficient Data,Unavailable,
kpi_004,,Insufficient Data,Unavailable,
kpi_004,,Insufficient Data,Unavailable,
kpi_004,,Insufficient Data,Unavailable,
kpi_004,,Insufficient Data,Unavailable,
kpi_004,,Insufficient Data,Unavailable,
kpi_004,,Insufficient Data,Unavailable,
kpi_004,,Insufficient Data,Unavailable,
kpi_004,,Insufficient Data,Unavailable,
kpi_004,,Insufficient Data,Unavailable,
kpi_004,,Insufficient Data,Unavailable,
kpi_004,,Insufficient Data,Unavailable,
kpi_004,,Insufficient Data,Unavailable,
kpi_004,,Insufficient Data,Unavailable,
kpi_004,,Insufficient Data,Unavailable,
kpi_004,,Insufficient Data,Unavailable,
kpi_004,,Insufficient Data,Unavailable,
kpi_004,,Insufficient Data,Unavailable,
kpi_004,,Insufficient Data,Unavailable,
kpi_004,,Insufficient Data,Unavailable,
kpi_004,,Insufficient Data,Unavailable,
kpi_004,,Insufficient Data,Unavailable,
kpi_004,,Insufficient Data,Unavailable,
kpi_004,,Insufficient Data,Unavailable,
kpi_004,,Insufficient Data,Unavailable,
kpi_004,,Insufficient Data,Unavailable,
kpi_004,,Insufficient Data,Unavailable,
kpi_004,,Insufficient Data,Unavailable,
kpi_004,,Insufficient Data,Unavailable,
kpi_004,,Insufficient Data,Unavailable,
kpi_004,,Insufficient Data,Unavailable,
kpi_004,,Insufficient Data,Unavailable,
kpi_004,,Insufficient Data,Unavailable,
kpi_004,,Insufficient Data,Unavailable,
kpi_004,,Insufficient Data,Unavailable,
kpi_004,,Insufficient Data,Unavailable,
kpi_004,,Insufficient Data,Unavailable,
kpi_004,,Insufficient Data,Unavailable,
kpi_004,,Insufficient Data,Unavailable,
kpi_004,,Insufficient Data,Unavailable,
kpi_004,,Insufficient Data,Unavailable,
kpi_004,,Insufficient Data,Unavailable,
kpi_004,,Insufficient Data,Unavailable,
kpi_004,,Insufficient Data,Unavailable,
kpi_004,,Insufficient Data,Unavailable,
kpi_004,,Insufficient Data,Unavailable,
kpi_004,,Insufficient Data,Unavailable,
kpi_004,,Insufficient Data,Unavailable,
kpi_004,,Insufficient Data,Unavailable,
kpi_004,,Insufficient Data,Unavailable,
kpi_004,,Insufficient Data,Unavailable,
kpi_004,,Insufficient Data,Unavailable,
kpi_004,,Insufficient Data,Unavailable,
kpi_004,,Insufficient Data,Unavailable,
kpi_004,,Insufficient Data,Unavailable,
kpi_004,,Insufficient Data,Unavailable,
kpi_004,,Insufficient Data,Unavailable,
kpi_004,,Insufficient Data,Unavailable,
kpi_004,,Insufficient Data,Unavailable,
kpi_004,,Insufficient Data,Unavailable,
kpi_004,,Insufficient Data,Unavailable,
kpi_004,,Insufficient Data,Unavailable,
kpi_004,,Insufficient Data,Unavailable,
kpi_004,,Insufficient Data,Unavailable,
kpi_004,,Insufficient Data,Unavailable,
kpi_004,,Insufficient Data,Unavailable,
kpi_004,,Insufficient Data,Unavailable,
kpi_004,,Insufficient Data,Unavailable,
kpi_004,,Insufficient Data,Unavailable,
kpi_004,,Insufficient Data,Unavailable,
kpi_004,,Insufficient Data,Unavailable,
kpi_004,,Insufficient Data,Unavailable,
kpi_004,,Insufficient Data,Unavailable,
kpi_004,,Insufficient Data,Unavailable,
kpi_004,,Insufficient Data,Unavailable,
kpi_004,,Insufficient Data,Unavailable,
kpi_004,,Insufficient Data,Unavailable,
kpi_004,,Insufficient Data,Unavailable,
kpi_004,,Insufficient Data,Unavailable,
kpi_004,,Insufficient Data,Unavailable,
kpi_004,,Insufficient Data,Unavailable,
kpi_004,,Insufficient Data,Unavailable,
kpi_004,,Insufficient Data,Unavailable,
kpi_004,,Insufficient Data,Unavailable,
kpi_004,,Insufficient Data,Unavailable,
kpi_004,,Insufficient Data,Unavailable,
kpi_004,,Insufficient Data,Unavailable,
kpi_004,,Insufficient Data,Unavailable,
kpi_004,,Insufficient Data,Unavailable,
kpi_004,,Insufficient Data,Unavailable,
kpi_004,,Insufficient Data,Unavailable,
kpi_004,,Insufficient Data,Unavailable,
kpi_004,,Insufficient Data,Unavailable,
kpi_004,,Insufficient Data,Unavailable,
kpi_004,,Insufficient Data,Unavailable,
kpi_004,,Insufficient Data,Unavailable,
kpi_004,,Insufficient Data,Unavailable,
kpi_004,,Insufficient Data,Unavailable,
kpi_004,,Insufficient Data,Unavailable,
kpi_004,,Insufficient Data,Unavailable,
kpi_004,,Insufficient Data,Unavailable,
kpi_004,,Insufficient Data,Unavailable,
kpi_004,,Insufficient Data,Unavailable,
kpi_004,,Insufficient Data,Unavailable,
kpi_004,,Insufficient Data,Unavailable,
kpi_004,,Insufficient Data,Unavailable,
kpi_004,,Insufficient Data,Unavailable,
kpi_004,,Insufficient Data,Unavailable,
kpi_004,,Insufficient Data,Unavailable,
kpi_004,,Insufficient Data,Unavailable,
kpi_004,,Insufficient Data,Unavailable,
kpi_004,,Insufficient Data,Unavailable,
kpi_004,,Insufficient Data,Unavailable,
kpi_004,,Insufficient Data,Unavailable,
kpi_004,,Insufficient Data,Unavailable,
kpi_004,,Insufficient Data,Unavailable,
kpi_004,,Insufficient Data,Unavailable,
kpi_004,,Insufficient Data,Unavailable,
kpi_004,,Insufficient Data,Unavailable,
kpi_004,,Insufficient Data,Unavailable,
kpi_004,,Insufficient Data,Unavailable,
kpi_004,,Insufficient Data,Unavailable,
kpi_004,,Insufficient Data,Unavailable,
kpi_004,,Insufficient Data,Unavailable,
kpi_004,,Insufficient Data,Unavailable,
kpi_004,,Insufficient Data,Unavailable,
kpi_004,,Insufficient Data,Unavailable,
kpi_004,,Insufficient Data,Unavailable,
kpi_004,,Insufficient Data,Unavailable,
kpi_004,,Insufficient Data,Unavailable,
kpi_004,,Insufficient Data,Unavailable,
kpi_004,,Insufficient Data,Unavailable,
kpi_004,,Insufficient Data,Unavailable,
kpi_004,,Insufficient Data,Unavailable,
kpi_004,,Insufficient Data,Unavailable,
kpi_004,,Insufficient Data,Unavailable,
kpi_004,,Insufficient Data,Unavailable,
kpi_004,,Insufficient Data,Unavailable,
kpi_004,,Insufficient Data,Unavailable,
kpi_004,,Insufficient Data,Unavailable,
kpi_004,,Insufficient Data,Unavailable,
kpi_004,,Insufficient Data,Unavailable,
kpi_004,,Insufficient Data,Unavailable,
kpi_004,,Insufficient Data,Unavailable,
kpi_004,,Insufficient Data,Unavailable,
kpi_004,,Insufficient Data,Unavailable,
kpi_004,,Insufficient Data,Unavailable,
kpi_004,,Insufficient Data,Unavailable,
kpi_004,,Insufficient Data,Unavailable,
kpi_004,,Insufficient Data,Unavailable,
kpi_004,,Insufficient Data,Unavailable,
kpi_004,,Insufficient Data,Unavailable,
kpi_004,,Insufficient Data,Unavailable,
kpi_004,,Insufficient Data,Unavailable,
kpi_004,,Insufficient Data,Unavailable,
kpi_004,,Insufficient Data,Unavailable,
kpi_004,,Insufficient Data,Unavailable,
kpi_004,,Insufficient Data,Unavailable,
kpi_004,,Insufficient Data,Unavailable,
kpi_004,,Insufficient Data,Unavailable,
kpi_004,,Insufficient Data,Unavailable,
kpi_004,,Insufficient Data,Unavailable,
kpi_004,,Insufficient Data,Unavailable,
kpi_004,,Insufficient Data,Unavailable,
kpi_004,,Insufficient Data,Unavailable,
kpi_004,,Insufficient Data,Unavailable,
kpi_004,,Insufficient Data,Unavailable,
kpi_004,,Insufficient Data,Unavailable,
kpi_004,,Insufficient Data,Unavailable,
kpi_004,,Insufficient Data,Unavailable,
kpi_004,,Insufficient Data,Unavailable,
kpi_004,,Insufficient Data,Unavailable,
kpi_004,,Insufficient Data,Unavailable,
kpi_004,,Insufficient Data,Unavailable,
kpi_004,,Insufficient Data,Unavailable,
kpi_004,,Insufficient Data,Unavailable,
kpi_004,,Insufficient Data,Unavailable,
kpi_004,,Insufficient Data,Unavailable,
kpi_004,,Insufficient Data,Unavailable,
kpi_004,,Insufficient Data,Unavailable,
kpi_004,,Insufficient Data,Unavailable,
kpi_004,,Insufficient Data,Unavailable,
kpi_004,,Insufficient Data,Unavailable,
kpi_004,,Insufficient Data,Unavailable,
kpi_004,,Insufficient Data,Unavailable,
kpi_004,,Insufficient Data,Unavailable,
kpi_004,,Insufficient Data,Unavailable,
kpi_004,,Insufficient Data,Unavailable,
kpi_004,,Insufficient Data,Unavailable,
kpi_004,,Insufficient Data,Unavailable,
kpi_004,,Insufficient Data,Unavailable,
kpi_004,,Insufficient Data,Unavailable,
kpi_004,,Insufficient Data,Unavailable,
kpi_004,,Insufficient Data,Unavailable,
kpi_004,,Insufficient Data,Unavailable,
kpi_004,,Insufficient Data,Unavailable,
kpi_004,,Insufficient Data,Unavailable,
kpi_004,,Insufficient Data,Unavailable,
kpi_004,,Insufficient Data,Unavailable,
kpi_004,,Insufficient Data,Unavailable,
kpi_004,,Insufficient Data,Unavailable,
kpi_004,,Insufficient Data,Unavailable,
kpi_004,,Insufficient Data,Unavailable,
kpi_004,,Insufficient Data,Unavailable,
kpi_004,,Insufficient Data,Unavailable,
kpi_004,,Insufficient Data,Unavailable,
kpi_004,,Insufficient Data,Unavailable,
kpi_004,,Insufficient Data,Unavailable,
kpi_004,,Insufficient Data,Unavailable,
kpi_004,,Insufficient Data,Unavailable,
kpi_004,,Insufficient Data,Unavailable,
kpi_004,,Insufficient Data,Unavailable,
kpi_004,,Insufficient Data,Unavailable,
kpi_004,,Insufficient Data,Unavailable,
kpi_004,,Insufficient Data,Unavailable,
kpi_004,,Insufficient Data,Unavailable,
kpi_004,,Insufficient Data,Unavailable,
kpi_004,,Insufficient Data,Unavailable,
kpi_004,,Insufficient Data,Unavailable,
kpi_004,,Insufficient Data,Unavailable,
kpi_004,,Insufficient Data,Unavailable,
kpi_004,,Insufficient Data,Unavailable,
kpi_004,,Insufficient Data,Unavailable,
kpi_004,,Insufficient Data,Unavailable,
kpi_004,,Insufficient Data,Unavailable,
kpi_004,,Insufficient Data,Unavailable,
kpi_004,,Insufficient Data,Unavailable,
kpi_004,,Insufficient Data,Unavailable,
kpi_004,,Insufficient Data,Unavailable,
kpi_004,,Insufficient Data,Unavailable,
kpi_004,,Insufficient Data,Unavailable,
kpi_004,,Insufficient Data,Unavailable,
kpi_004,,Insufficient Data,Unavailable,
kpi_004,,Insufficient Data,Unavailable,
kpi_004,,Insufficient Data,Unavailable,
kpi_004,,Insufficient Data,Unavailable,
kpi_004,,Insufficient Data,Unavailable,
kpi_004,,Insufficient Data,Unavailable,
kpi_004,,Insufficient Data,Unavailable,
kpi_004,,Insufficient Data,Unavailable,
kpi_004,,Insufficient Data,Unavailable,
kpi_004,,Insufficient Data,Unavailable,
kpi_004,,Insufficient Data,Unavailable,
kpi_004,,Insufficient Data,Unavailable,
kpi_004,,Insufficient Data,Unavailable,
kpi_004,,Insufficient Data,Unavailable,
kpi_004,,Insufficient Data,Unavailable,
kpi_004,,Insufficient Data,Unavailable,
kpi_004,,Insufficient Data,Unavailable,
kpi_004,,Insufficient Data,Unavailable,
kpi_004,,Insufficient Data,Unavailable,
kpi_004,,Insufficient Data,Unavailable,
kpi_004,,Insufficient Data,Unavailable,
kpi_004,,Insufficient Data,Unavailable,
kpi_004,,Insufficient Data,Unavailable,
kpi_004,,Insufficient Data,Unavailable,
kpi_004,,Insufficient Data,Unavailable,
kpi_004,,Insufficient Data,Unavailable,
kpi_004,,Insufficient Data,Unavailable,
kpi_004,,Insufficient Data,Unavailable,
kpi_004,,Insufficient Data,Unavailable,
kpi_004,,Insufficient Data,Unavailable,
kpi_004,,Insufficient Data,Unavailable,
kpi_004,,Insufficient Data,Unavailable,
kpi_004,,Insufficient Data,Unavailable,
kpi_004,,Insufficient Data,Unavailable,
kpi_004,,Insufficient Data,Unavailable,
kpi_004,,Insufficient Data,Unavailable,
kpi_004,,Insufficient Data,Unavailable,
kpi_004,,Insufficient Data,Unavailable,
kpi_004,,Insufficient Data,Unavailable,
kpi_004,,Insufficient Data,Unavailable,
kpi_004,,Insufficient Data,Unavailable,
kpi_004,,Insufficient Data,Unavailable,
kpi_004,,Insufficient Data,Unavailable,
kpi_004,,Insufficient Data,Unavailable,
kpi_004,,Insufficient Data,Unavailable,
kpi_004,,Insufficient Data,Unavailable,
kpi_004,,Insufficient Data,Unavailable,
kpi_004,,Insufficient Data,Unavailable,
kpi_004,,Insufficient Data,Unavailable,
kpi_004,,Insufficient Data,Unavailable,
kpi_004,,Insufficient Data,Unavailable,
kpi_004,,Insufficient Data,Unavailable,
kpi_004,,Insufficient Data,Unavailable,
kpi_004,,Insufficient Data,Unavailable,
kpi_004,,Insufficient Data,Unavailable,
kpi_004,,Insufficient Data,Unavailable,
kpi_004,,Insufficient Data,Unavailable,
kpi_004,,Insufficient Data,Unavailable,
kpi_004,,Insufficient Data,Unavailable,
kpi_004,,Insufficient Data,Unavailable,
kpi_004,,Insufficient Data,Unavailable,
kpi_004,,Insufficient Data,Unavailable,
kpi_004,,Insufficient Data,Unavailable,
kpi_004,,Insufficient Data,Unavailable,
kpi_004,,Insufficient Data,Unavailable,
kpi_004,,Insufficient Data,Unavailable,
kpi_004,,Insufficient Data,Unavailable,
kpi_004,,Insufficient Data,Unavailable,
kpi_004,,Insufficient Data,Unavailable,
kpi_004,,Insufficient Data,Unavailable,
kpi_004,,Insufficient Data,Unavailable,
kpi_004,,Insufficient Data,Unavailable,
kpi_004,,Insufficient Data,Unavailable,
kpi_004,,Insufficient Data,Unavailable,
kpi_004,,Insufficient Data,Unavailable,
kpi_004,,Insufficient Data,Unavailable,
kpi_004,,Insufficient Data,Unavailable,
kpi_004,,Insufficient Data,Unavailable,
kpi_004,,Insufficient Data,Unavailable,
kpi_004,,Insufficient Data,Unavailable,
kpi_004,,Insufficient Data,Unavailable,
kpi_004,,Insufficient Data,Unavailable,
kpi_004,,Insufficient Data,Unavailable,
kpi_004,,Insufficient Data,Unavailable,
kpi_004,,Insufficient Data,Unavailable,
kpi_004,,Insufficient Data,Unavailable,
kpi_004,,Insufficient Data,Unavailable,
kpi_004,,Insufficient Data,Unavailable,
kpi_004,,Insufficient Data,Unavailable,
kpi_004,,Insufficient Data,Unavailable,
kpi_004,,Insufficient Data,Unavailable,
kpi_004,,Insufficient Data,Unavailable,
kpi_004,,Insufficient Data,Unavailable,
kpi_004,,Insufficient Data,Unavailable,
kpi_004,,Insufficient Data,Unavailable,
kpi_004,,Insufficient Data,Unavailable,
kpi_004,,Insufficient Data,Unavailable,
kpi_004,,Insufficient Data,Unavailable,
kpi_004,,Insufficient Data,Unavailable,
kpi_004,,Insufficient Data,Unavailable,
kpi_004,,Insufficient Data,Unavailable,
kpi_004,,Insufficient Data,Unavailable,
kpi_004,,Insufficient Data,Unavailable,
kpi_004,,Insufficient Data,Unavailable,
kpi_004,,Insufficient Data,Unavailable,
kpi_004,,Insufficient Data,Unavailable,
kpi_004,,Insufficient Data,Unavailable,
kpi_004,,Insufficient Data,Unavailable,
kpi_004,,Insufficient Data,Unavailable,
kpi_004,,Insufficient Data,Unavailable,
kpi_004,,Insufficient Data,Unavailable,
kpi_004,,Insufficient Data,Unavailable,
kpi_004,,Insufficient Data,Unavailable,
kpi_004,,Insufficient Data,Unavailable,
kpi_004,,Insufficient Data,Unavailable,
kpi_004,33.93617021276596,Calculated,Green,
kpi_004,30.40625,Calculated,Green,
kpi_004,34.03333333333333,Calculated,Green,
kpi_004,32.375,Calculated,Green,
kpi_004,32.91428571428571,Calculated,Green,
kpi_004,32.21739130434783,Calculated,Green,
kpi_004,30.73809523809524,Calculated,Green,
kpi_004,30.17543859649123,Calculated,Green,
kpi_004,32.08,Calculated,Green,
kpi_004,36.06,Calculated,Green,
kpi_004,30.98245614035088,Calculated,Green,
kpi_004,31.041666666666668,Calculated,Green,
kpi_004,32.673469387755105,Calculated,Green,
kpi_004,31.526315789473685,Calculated,Green,
kpi_004,31.205128205128204,Calculated,Green,
kpi_004,28.954545454545453,Calculated,Green,
kpi_004,31.953488372093023,Calculated,Green,
kpi_004,36.4375,Calculated,Green,
kpi_004,31.923076923076923,Calculated,Green,
kpi_004,29.425,Calculated,Green,
kpi_004,32.1578947368421,Calculated,Green,
kpi_004,31.85106382978724,Calculated,Green,
kpi_004,30.41860465116279,Calculated,Green,
kpi_004,28.7027027027027,Calculated,Green,
kpi_004,31.47058823529412,Calculated,Green,
kpi_004,31.446428571428573,Calculated,Green,
kpi_004,28.91176470588235,Calculated,Green,
kpi_004,31.046511627906977,Calculated,Green,
kpi_004,36.02272727272727,Calculated,Green,
kpi_004,31.916666666666668,Calculated,Green,
kpi_004,31.46296296296296,Calculated,Green,
kpi_004,29.58333333333333,Calculated,Green,
kpi_004,31.4375,Calculated,Green,
kpi_004,30.745454545454542,Calculated,Green,
kpi_004,33.825,Calculated,Green,
kpi_004,26.24,Calculated,Green,
kpi_004,27.204545454545453,Calculated,Green,
kpi_004,30.63636363636364,Calculated,Green,
kpi_004,33.3,Calculated,Green,
kpi_004,29.53846153846154,Calculated,Green,
kpi_004,28.17391304347826,Calculated,Green,
kpi_004,30.346938775510203,Calculated,Green,
kpi_004,31.0,Calculated,Green,
kpi_004,38.58620689655172,Calculated,Green,
kpi_004,30.52,Calculated,Green,
kpi_004,31.693877551020407,Calculated,Green,
kpi_004,27.87804878048781,Calculated,Green,
kpi_004,33.95652173913044,Calculated,Green,
kpi_004,31.27272727272728,Calculated,Green,
kpi_004,34.73913043478261,Calculated,Green,
kpi_004,30.11904761904762,Calculated,Green,
kpi_004,30.678571428571427,Calculated,Green,
kpi_004,32.01923076923077,Calculated,Green,
kpi_004,35.63461538461539,Calculated,Green,
kpi_004,30.377777777777776,Calculated,Green,
kpi_004,31.377777777777776,Calculated,Green,
kpi_004,29.88888888888889,Calculated,Green,
kpi_004,28.745098039215687,Calculated,Green,
kpi_004,30.134615384615383,Calculated,Green,
kpi_004,37.05555555555556,Calculated,Green,
kpi_004,39.19565217391305,Calculated,Green,
kpi_004,36.49180327868852,Calculated,Green,
kpi_004,36.07843137254902,Calculated,Green,
kpi_004,38.765957446808514,Calculated,Green,
kpi_004,34.65217391304348,Calculated,Green,
kpi_004,39.07142857142857,Calculated,Green,
kpi_004,35.94736842105263,Calculated,Green,
kpi_004,36.958333333333336,Calculated,Green,
kpi_004,35.255319148936174,Calculated,Green,
kpi_004,33.679245283018865,Calculated,Green,
kpi_004,39.63333333333333,Calculated,Green,
kpi_004,35.57142857142857,Calculated,Green,
kpi_004,32.4,Calculated,Green,
kpi_004,32.775510204081634,Calculated,Green,
kpi_004,36.27906976744186,Calculated,Green,
kpi_004,37.62264150943396,Calculated,Green,
kpi_004,34.76190476190476,Calculated,Green,
kpi_004,40.42553191489362,Calculated,Green,
kpi_004,34.80952380952381,Calculated,Green,
kpi_004,33.58181818181818,Calculated,Green,
kpi_004,35.8125,Calculated,Green,
kpi_004,36.63636363636363,Calculated,Green,
kpi_004,36.40909090909091,Calculated,Green,
kpi_004,37.41860465116279,Calculated,Green,
kpi_004,34.80769230769231,Calculated,Green,
kpi_004,36.49122807017544,Calculated,Green,
kpi_004,39.017857142857146,Calculated,Green,
kpi_004,34.05357142857143,Calculated,Green,
kpi_004,36.81666666666667,Calculated,Green,
kpi_004,40.55555555555556,Calculated,Green,
kpi_004,44.36619718309859,Calculated,Green,
kpi_004,49.54716981132076,Calculated,Amber,
kpi_004,41.0188679245283,Calculated,Green,
kpi_004,46.22222222222222,Calculated,Green,
kpi_004,47.48148148148148,Calculated,Amber,
kpi_004,44.93103448275862,Calculated,Green,
kpi_004,47.63265306122449,Calculated,Amber,
kpi_004,43.27692307692308,Calculated,Green,
kpi_004,48.2463768115942,Calculated,Amber,
kpi_004,41.054545454545455,Calculated,Green,
kpi_004,45.56140350877193,Calculated,Green,
kpi_004,47.28767123287671,Calculated,Amber,
kpi_004,46.98076923076923,Calculated,Green,
kpi_004,43.40579710144928,Calculated,Green,
kpi_004,49.68333333333333,Calculated,Amber,
kpi_004,49.13207547169812,Calculated,Amber,
kpi_004,41.38461538461539,Calculated,Green,
kpi_004,44.39473684210526,Calculated,Green,
kpi_004,45.42372881355932,Calculated,Green,
kpi_004,45.2463768115942,Calculated,Green,
kpi_004,47.93103448275862,Calculated,Amber,
kpi_004,45.30303030303031,Calculated,Green,
kpi_004,47.121212121212125,Calculated,Green,
kpi_004,47.94736842105263,Calculated,Amber,
kpi_004,44.11666666666667,Calculated,Green,
kpi_004,44.892857142857146,Calculated,Green,
kpi_004,43.07575757575758,Calculated,Green,
kpi_004,47.25,Calculated,Amber,
kpi_004,40.3125,Calculated,Green,
kpi_004,45.30612244897959,Calculated,Green,
kpi_004,40.6078431372549,Calculated,Green,
kpi_004,44.577777777777776,Calculated,Green,
kpi_004,46.33870967741935,Calculated,Green,
kpi_004,42.26470588235294,Calculated,Green,
kpi_004,39.23913043478261,Calculated,Green,
kpi_004,40.8,Calculated,Green,
kpi_004,48.42372881355932,Calculated,Amber,
kpi_004,49.03703703703704,Calculated,Amber,
kpi_004,46.86792452830189,Calculated,Green,
kpi_004,45.59016393442623,Calculated,Green,
kpi_004,46.46153846153846,Calculated,Green,
kpi_004,40.56603773584906,Calculated,Green,
kpi_004,43.86274509803921,Calculated,Green,
kpi_004,42.03225806451613,Calculated,Green,
kpi_004,44.38297872340426,Calculated,Green,
kpi_004,45.84375,Calculated,Green,
kpi_004,39.91379310344828,Calculated,Green,
kpi_004,43.05555555555556,Calculated,Green,
kpi_004,48.04838709677419,Calculated,Amber,
kpi_004,44.37735849056604,Calculated,Green,
kpi_004,48.92063492063492,Calculated,Amber,
kpi_004,39.18461538461538,Calculated,Green,
kpi_004,44.9811320754717,Calculated,Green,
kpi_004,47.12280701754386,Calculated,Green,
kpi_004,44.89655172413793,Calculated,Green,
kpi_004,43.11864406779661,Calculated,Green,
kpi_004,43.92,Calculated,Green,
kpi_004,47.149253731343286,Calculated,Green,
kpi_004,45.1551724137931,Calculated,Green,
kpi_004,46.97826086956522,Calculated,Green,
kpi_004,51.53731343283582,Calculated,Amber,
kpi_004,52.644067796610166,Calculated,Amber,
kpi_004,52.80597014925373,Calculated,Amber,
kpi_004,59.74545454545454,Calculated,Red,
kpi_004,54.972972972972975,Calculated,Red,
kpi_004,55.7037037037037,Calculated,Red,
kpi_004,52.56716417910448,Calculated,Amber,
kpi_004,57.693548387096776,Calculated,Red,
kpi_004,56.61904761904762,Calculated,Red,
kpi_004,56.5,Calculated,Red,
kpi_004,49.32258064516129,Calculated,Amber,
kpi_004,54.016666666666666,Calculated,Amber,
kpi_004,52.18518518518518,Calculated,Amber,
kpi_004,60.76923076923077,Calculated,Red,
kpi_004,51.56363636363636,Calculated,Amber,
kpi_004,56.49230769230769,Calculated,Red,
kpi_004,58.42028985507246,Calculated,Red,
kpi_004,49.63793103448276,Calculated,Amber,
kpi_004,54.19298245614035,Calculated,Red,
kpi_004,60.43103448275862,Calculated,Red,
kpi_004,53.301886792452834,Calculated,Amber,
kpi_004,51.76470588235294,Calculated,Amber,
kpi_004,48.05084745762712,Calculated,Amber,
kpi_004,54.86363636363637,Calculated,Red,
kpi_004,55.50819672131148,Calculated,Red,
kpi_004,54.45098039215687,Calculated,Red,
kpi_004,49.296875,Calculated,Amber,
kpi_004,54.28333333333333,Calculated,Red,
kpi_004,55.953125,Calculated,Red,
kpi_004,54.283018867924525,Calculated,Red,
kpi_004,54.706896551724135,Calculated,Red,
kpi_004,51.96428571428572,Calculated,Amber,
kpi_004,55.53968253968254,Calculated,Red,
kpi_004,59.10169491525424,Calculated,Red,
kpi_004,52.78947368421053,Calculated,Amber,
kpi_004,53.43478260869565,Calculated,Amber,
kpi_004,53.645833333333336,Calculated,Amber,
kpi_004,55.24528301886792,Calculated,Red,
kpi_004,55.71212121212121,Calculated,Red,
kpi_004,53.940298507462686,Calculated,Amber,
kpi_004,54.64150943396226,Calculated,Red,
kpi_004,56.57407407407408,Calculated,Red,
kpi_004,56.48275862068966,Calculated,Red,
kpi_004,52.30612244897959,Calculated,Amber,
kpi_004,51.03389830508475,Calculated,Amber,
kpi_004,58.81159420289855,Calculated,Red,
kpi_004,54.85964912280702,Calculated,Red,
kpi_004,57.40350877192982,Calculated,Red,
kpi_004,49.766666666666666,Calculated,Amber,
kpi_004,56.49122807017544,Calculated,Red,
kpi_004,50.19672131147541,Calculated,Amber,
kpi_004,55.785714285714285,Calculated,Red,
kpi_004,56.285714285714285,Calculated,Red,
kpi_004,51.6271186440678,Calculated,Amber,
kpi_004,54.16129032258065,Calculated,Red,
kpi_004,60.75,Calculated,Red,
kpi_004,57.53968253968254,Calculated,Red,
kpi_004,53.875,Calculated,Amber,
kpi_004,53.278688524590166,Calculated,Amber,
kpi_004,56.215384615384615,Calculated,Red,
kpi_004,60.38333333333333,Calculated,Red,
kpi_004,55.875,Calculated,Red,
kpi_004,44.35087719298246,Calculated,Green,
kpi_004,41.66129032258065,Calculated,Green,
kpi_004,39.91379310344828,Calculated,Green,
kpi_004,39.83018867924528,Calculated,Green,
kpi_004,40.91803278688525,Calculated,Green,
kpi_004,37.65,Calculated,Green,
kpi_004,37.24,Calculated,Green,
kpi_004,43.57142857142857,Calculated,Green,
kpi_004,46.75,Calculated,Green,
kpi_004,42.85454545454545,Calculated,Green,
kpi_004,40.07017543859649,Calculated,Green,
kpi_004,39.61904761904762,Calculated,Green,
kpi_004,36.74358974358975,Calculated,Green,
kpi_004,40.91525423728814,Calculated,Green,
kpi_004,36.87234042553192,Calculated,Green,
kpi_004,40.16981132075472,Calculated,Green,
kpi_004,38.5,Calculated,Green,
kpi_004,37.892857142857146,Calculated,Green,
kpi_004,39.21739130434783,Calculated,Green,
kpi_004,40.90163934426229,Calculated,Green,
kpi_004,42.267857142857146,Calculated,Green,
kpi_004,43.79365079365079,Calculated,Green,
kpi_004,45.25,Calculated,Green,
kpi_004,45.78181818181818,Calculated,Green,
kpi_004,36.56363636363636,Calculated,Green,
kpi_004,40.958333333333336,Calculated,Green,
kpi_004,34.80487804878049,Calculated,Green,
kpi_004,36.8448275862069,Calculated,Green,
kpi_004,43.37735849056604,Calculated,Green,
kpi_004,46.14893617021277,Calculated,Green,
kpi_004,43.39622641509434,Calculated,Green,
kpi_004,39.54545454545455,Calculated,Green,
kpi_004,40.66666666666666,Calculated,Green,
kpi_004,40.80952380952381,Calculated,Green,
kpi_004,36.87179487179487,Calculated,Green,
kpi_004,39.69230769230769,Calculated,Green,
kpi_004,37.5,Calculated,Green,
kpi_004,37.76923076923077,Calculated,Green,
kpi_004,42.51470588235294,Calculated,Green,
kpi_004,37.98076923076923,Calculated,Green,
kpi_004,42.25925925925926,Calculated,Green,
kpi_004,37.56140350877193,Calculated,Green,
kpi_004,38.84905660377358,Calculated,Green,
kpi_004,43.129629629629626,Calculated,Green,
kpi_004,34.729166666666664,Calculated,Green,
kpi_004,38.63829787234042,Calculated,Green,
kpi_004,38.7,Calculated,Green,
kpi_004,38.175438596491226,Calculated,Green,
kpi_004,38.41176470588236,Calculated,Green,
kpi_004,38.95918367346939,Calculated,Green,
kpi_004,42.535714285714285,Calculated,Green,
kpi_004,39.24193548387097,Calculated,Green,
kpi_004,36.15555555555556,Calculated,Green,
kpi_004,41.17021276595744,Calculated,Green,
kpi_004,42.57692307692308,Calculated,Green,
kpi_004,38.66666666666666,Calculated,Green,
kpi_004,41.3,Calculated,Green,
kpi_004,38.01960784313726,Calculated,Green,
kpi_004,41.89090909090909,Calculated,Green,
kpi_004,43.13793103448276,Calculated,Green,
kpi_004,39.21739130434783,Calculated,Green,
kpi_004,45.80769230769231,Calculated,Green,
kpi_004,43.51515151515152,Calculated,Green,
kpi_004,35.58536585365854,Calculated,Green,
kpi_004,43.05,Calculated,Green,
kpi_004,39.77777777777778,Calculated,Green,
kpi_004,43.57142857142857,Calculated,Green,
kpi_004,38.62222222222222,Calculated,Green,
kpi_004,37.46428571428572,Calculated,Green,
kpi_004,38.51111111111111,Calculated,Green,
kpi_004,42.22222222222222,Calculated,Green,
kpi_004,41.96666666666667,Calculated,Green,
kpi_004,38.2,Calculated,Green,
kpi_004,44.18181818181818,Calculated,Green,
kpi_004,40.6578947368421,Calculated,Green,
kpi_004,37.5,Calculated,Green,
kpi_004,42.97916666666666,Calculated,Green,
kpi_004,40.73529411764706,Calculated,Green,
kpi_004,40.0655737704918,Calculated,Green,
kpi_004,43.27659574468085,Calculated,Green,
kpi_004,39.02040816326531,Calculated,Green,
kpi_004,36.24074074074074,Calculated,Green,
kpi_004,41.90384615384615,Calculated,Green,
kpi_004,38.92307692307692,Calculated,Green,
kpi_004,40.875,Calculated,Green,
kpi_004,38.22,Calculated,Green,
kpi_004,38.96363636363636,Calculated,Green,
kpi_004,42.0,Calculated,Green,
kpi_004,40.47368421052632,Calculated,Green,
kpi_004,41.72,Calculated,Green,
kpi_004,39.888888888888886,Calculated,Green,
kpi_004,40.11864406779661,Calculated,Green,
kpi_004,40.68253968253968,Calculated,Green,
kpi_004,36.75471698113208,Calculated,Green,
kpi_004,43.13513513513514,Calculated,Green,
kpi_004,39.06382978723404,Calculated,Green,
kpi_004,39.58,Calculated,Green,
kpi_004,36.97674418604651,Calculated,Green,
kpi_004,37.10714285714285,Calculated,Green,
kpi_004,38.35087719298246,Calculated,Green,
kpi_004,39.375,Calculated,Green,
kpi_004,38.310344827586206,Calculated,Green,
kpi_004,37.67346938775511,Calculated,Green,
kpi_004,37.31746031746032,Calculated,Green,
kpi_004,46.36734693877551,Calculated,Green,
kpi_004,39.22413793103448,Calculated,Green,
kpi_004,37.25,Calculated,Green,
kpi_004,39.3921568627451,Calculated,Green,
kpi_004,42.08,Calculated,Green,
kpi_004,38.58620689655172,Calculated,Green,
kpi_004,38.84090909090909,Calculated,Green,
kpi_004,38.392857142857146,Calculated,Green,
kpi_004,43.458333333333336,Calculated,Green,
kpi_004,40.94444444444444,Calculated,Green,
kpi_004,46.16393442622951,Calculated,Green,
kpi_004,40.03636363636364,Calculated,Green,
kpi_004,39.46938775510204,Calculated,Green,
kpi_004,39.46551724137931,Calculated,Green,
kpi_004,44.833333333333336,Calculated,Green,
kpi_004,36.26190476190476,Calculated,Green,
kpi_004,38.24489795918368,Calculated,Green,
kpi_004,43.775510204081634,Calculated,Green,
kpi_004,34.816326530612244,Calculated,Green,
kpi_004,39.13846153846154,Calculated,Green,
kpi_004,37.94,Calculated,Green,
kpi_004,44.85714285714285,Calculated,Green,
kpi_004,38.642857142857146,Calculated,Green,
kpi_004,39.212765957446805,Calculated,Green,
kpi_004,35.07272727272727,Calculated,Green,
kpi_004,39.64150943396226,Calculated,Green,
kpi_004,39.765957446808514,Calculated,Green,
kpi_004,42.407407407407405,Calculated,Green,
kpi_004,40.59615384615385,Calculated,Green,
kpi_004,39.04918032786885,Calculated,Green,
kpi_004,42.53333333333333,Calculated,Green,
kpi_004,36.3125,Calculated,Green,
kpi_004,36.98571428571429,Calculated,Green,
kpi_004,43.94736842105263,Calculated,Green,
kpi_004,38.1,Calculated,Green,
kpi_004,38.76923076923077,Calculated,Green,
kpi_004,40.6,Calculated,Green,
kpi_004,38.6865671641791,Calculated,Green,
kpi_004,42.391304347826086,Calculated,Green,
kpi_004,39.60377358490566,Calculated,Green,
kpi_004,46.57692307692308,Calculated,Green,
kpi_004,37.689655172413794,Calculated,Green,
kpi_004,41.083333333333336,Calculated,Green,
kpi_004,41.54545454545455,Calculated,Green,
kpi_004,41.129629629629626,Calculated,Green,
kpi_004,39.17307692307692,Calculated,Green,
kpi_004,43.66666666666666,Calculated,Green,
kpi_004,39.255319148936174,Calculated,Green,
kpi_004,41.6078431372549,Calculated,Green,
kpi_004,29.298969072164947,Calculated,Green,
kpi_004,34.25,Calculated,Green,
kpi_004,33.258426966292134,Calculated,Green,
kpi_004,30.65686274509804,Calculated,Green,
kpi_004,33.159574468085104,Calculated,Green,
kpi_004,30.39772727272728,Calculated,Green,
kpi_004,32.752808988764045,Calculated,Green,
kpi_004,32.322916666666664,Calculated,Green,
kpi_004,32.493506493506494,Calculated,Green,
kpi_004,32.05154639175258,Calculated,Green,
kpi_004,31.764044943820224,Calculated,Green,
kpi_004,32.4375,Calculated,Green,
kpi_004,33.104166666666664,Calculated,Green,
kpi_004,34.54545454545455,Calculated,Green,
kpi_004,34.27710843373494,Calculated,Green,
kpi_004,32.60215053763441,Calculated,Green,
kpi_004,34.1875,Calculated,Green,
kpi_004,28.513513513513512,Calculated,Green,
kpi_004,32.157303370786515,Calculated,Green,
kpi_004,31.571428571428573,Calculated,Green,
kpi_004,30.475,Calculated,Green,
kpi_004,31.74712643678161,Calculated,Green,
kpi_004,31.75490196078432,Calculated,Green,
kpi_004,31.92553191489361,Calculated,Green,
kpi_004,32.54081632653061,Calculated,Green,
kpi_004,31.10989010989011,Calculated,Green,
kpi_004,30.873563218390803,Calculated,Green,
kpi_004,31.90909090909091,Calculated,Green,
kpi_004,33.18681318681319,Calculated,Green,
kpi_004,29.04,Calculated,Green,
kpi_004,30.25531914893617,Calculated,Green,
kpi_004,30.802197802197803,Calculated,Green,
kpi_004,34.87951807228916,Calculated,Green,
kpi_004,33.46987951807229,Calculated,Green,
kpi_004,32.67326732673267,Calculated,Green,
kpi_004,30.84210526315789,Calculated,Green,
kpi_004,32.99,Calculated,Green,
kpi_004,32.93396226415094,Calculated,Green,
kpi_004,32.535353535353536,Calculated,Green,
kpi_004,33.25242718446602,Calculated,Green,
kpi_004,30.703296703296704,Calculated,Green,
kpi_004,30.35185185185185,Calculated,Green,
kpi_004,30.58510638297872,Calculated,Green,
kpi_004,30.43564356435644,Calculated,Green,
kpi_004,33.333333333333336,Calculated,Green,
kpi_004,31.711340206185568,Calculated,Green,
kpi_004,30.916666666666668,Calculated,Green,
kpi_004,30.28048780487805,Calculated,Green,
kpi_004,32.826530612244895,Calculated,Green,
kpi_004,32.68478260869565,Calculated,Green,
kpi_004,31.70886075949367,Calculated,Green,
kpi_004,32.64473684210526,Calculated,Green,
kpi_004,31.8936170212766,Calculated,Green,
kpi_004,30.34567901234568,Calculated,Green,
kpi_004,31.72222222222222,Calculated,Green,
kpi_004,31.492957746478872,Calculated,Green,
kpi_004,33.310344827586206,Calculated,Green,
kpi_004,32.049019607843135,Calculated,Green,
kpi_004,31.823529411764707,Calculated,Green,
kpi_004,38.669724770642205,Calculated,Green,
kpi_004,37.99122807017544,Calculated,Green,
kpi_004,36.54237288135593,Calculated,Green,
kpi_004,38.150442477876105,Calculated,Green,
kpi_004,35.59090909090909,Calculated,Green,
kpi_004,35.69072164948454,Calculated,Green,
kpi_004,36.69387755102041,Calculated,Green,
kpi_004,36.08080808080808,Calculated,Green,
kpi_004,35.38317757009346,Calculated,Green,
kpi_004,35.57798165137615,Calculated,Green,
kpi_004,36.98979591836735,Calculated,Green,
kpi_004,33.79120879120879,Calculated,Green,
kpi_004,36.8235294117647,Calculated,Green,
kpi_004,35.46666666666667,Calculated,Green,
kpi_004,35.96875,Calculated,Green,
kpi_004,33.94117647058823,Calculated,Green,
kpi_004,37.12871287128713,Calculated,Green,
kpi_004,34.784946236559136,Calculated,Green,
kpi_004,35.342592592592595,Calculated,Green,
kpi_004,34.28431372549019,Calculated,Green,
kpi_004,36.44761904761905,Calculated,Green,
kpi_004,38.13207547169812,Calculated,Green,
kpi_004,36.8469387755102,Calculated,Green,
kpi_004,40.73684210526316,Calculated,Green,
kpi_004,37.10909090909091,Calculated,Green,
kpi_004,41.5959595959596,Calculated,Green,
kpi_004,35.361702127659576,Calculated,Green,
kpi_004,36.20588235294117,Calculated,Green,
kpi_004,38.36440677966102,Calculated,Green,
kpi_004,36.1958762886598,Calculated,Green,
kpi_004,35.68674698795181,Calculated,Green,
kpi_004,43.54676258992806,Calculated,Green,
kpi_004,44.054545454545455,Calculated,Green,
kpi_004,40.87313432835821,Calculated,Green,
kpi_004,47.632,Calculated,Amber,
kpi_004,43.07751937984496,Calculated,Green,
kpi_004,45.49193548387097,Calculated,Green,
kpi_004,47.31304347826087,Calculated,Amber,
kpi_004,40.632,Calculated,Green,
kpi_004,45.189655172413794,Calculated,Green,
kpi_004,41.625,Calculated,Green,
kpi_004,43.37404580152672,Calculated,Green,
kpi_004,44.060344827586206,Calculated,Green,
kpi_004,47.66037735849056,Calculated,Amber,
kpi_004,44.05797101449275,Calculated,Green,
kpi_004,45.040650406504064,Calculated,Green,
kpi_004,44.15172413793103,Calculated,Green,
kpi_004,43.82608695652174,Calculated,Green,
kpi_004,46.0,Calculated,Green,
kpi_004,46.59504132231405,Calculated,Green,
kpi_004,45.38053097345133,Calculated,Green,
kpi_004,48.84251968503937,Calculated,Amber,
kpi_004,43.48062015503876,Calculated,Green,
kpi_004,44.54166666666666,Calculated,Green,
kpi_004,43.60550458715596,Calculated,Green,
kpi_004,44.5,Calculated,Green,
kpi_004,43.76229508196721,Calculated,Green,
kpi_004,47.3671875,Calculated,Amber,
kpi_004,46.61538461538461,Calculated,Green,
kpi_004,45.2578125,Calculated,Green,
kpi_004,45.29059829059829,Calculated,Green,
kpi_004,44.21,Calculated,Green,
kpi_004,43.33846153846154,Calculated,Green,
kpi_004,47.67479674796748,Calculated,Amber,
kpi_004,44.77862595419848,Calculated,Green,
kpi_004,46.31868131868132,Calculated,Green,
kpi_004,44.58974358974359,Calculated,Green,
kpi_004,44.01086956521739,Calculated,Green,
kpi_004,47.35652173913044,Calculated,Amber,
kpi_004,45.43434343434343,Calculated,Green,
kpi_004,46.02325581395349,Calculated,Green,
kpi_004,44.775510204081634,Calculated,Green,
kpi_004,42.427083333333336,Calculated,Green,
kpi_004,43.29661016949152,Calculated,Green,
kpi_004,43.19642857142857,Calculated,Green,
kpi_004,41.7027027027027,Calculated,Green,
kpi_004,45.66666666666666,Calculated,Green,
kpi_004,44.48979591836735,Calculated,Green,
kpi_004,49.16806722689076,Calculated,Amber,
kpi_004,47.21348314606742,Calculated,Green,
kpi_004,42.80582524271845,Calculated,Green,
kpi_004,42.47368421052632,Calculated,Green,
kpi_004,45.15686274509804,Calculated,Green,
kpi_004,45.86764705882353,Calculated,Green,
kpi_004,42.634408602150536,Calculated,Green,
kpi_004,44.71844660194175,Calculated,Green,
kpi_004,40.18852459016394,Calculated,Green,
kpi_004,46.31858407079646,Calculated,Green,
kpi_004,47.62307692307692,Calculated,Amber,
kpi_004,45.45045045045045,Calculated,Green,
kpi_004,50.47524752475248,Calculated,Amber,
kpi_004,44.70588235294117,Calculated,Green,
kpi_004,55.991150442477874,Calculated,Red,
kpi_004,54.27131782945737,Calculated,Red,
kpi_004,55.82727272727273,Calculated,Red,
kpi_004,50.678899082568805,Calculated,Amber,
kpi_004,53.51639344262295,Calculated,Amber,
kpi_004,50.35245901639344,Calculated,Amber,
kpi_004,52.08403361344538,Calculated,Amber,
kpi_004,56.07692307692308,Calculated,Red,
kpi_004,54.64814814814815,Calculated,Red,
kpi_004,53.63432835820896,Calculated,Amber,
kpi_004,55.241379310344826,Calculated,Red,
kpi_004,54.925,Calculated,Red,
kpi_004,51.3984375,Calculated,Amber,
kpi_004,51.59,Calculated,Amber,
kpi_004,54.41176470588236,Calculated,Red,
kpi_004,55.114754098360656,Calculated,Red,
kpi_004,53.39655172413793,Calculated,Amber,
kpi_004,52.58156028368794,Calculated,Amber,
kpi_004,54.44525547445255,Calculated,Red,
kpi_004,55.53781512605042,Calculated,Red,
kpi_004,58.32258064516129,Calculated,Red,
kpi_004,55.739495798319325,Calculated,Red,
kpi_004,55.9327731092437,Calculated,Red,
kpi_004,51.93269230769231,Calculated,Amber,
kpi_004,54.50980392156863,Calculated,Red,
kpi_004,56.58585858585859,Calculated,Red,
kpi_004,54.14876033057851,Calculated,Red,
kpi_004,53.85576923076923,Calculated,Amber,
kpi_004,54.82575757575758,Calculated,Red,
kpi_004,54.13636363636363,Calculated,Red,
kpi_004,53.33098591549296,Calculated,Amber,
kpi_004,53.87301587301587,Calculated,Amber,
kpi_004,52.92,Calculated,Amber,
kpi_004,53.86666666666667,Calculated,Amber,
kpi_004,53.52991452991453,Calculated,Amber,
kpi_004,53.05785123966942,Calculated,Amber,
kpi_004,58.69,Calculated,Red,
kpi_004,56.5531914893617,Calculated,Red,
kpi_004,55.922413793103445,Calculated,Red,
kpi_004,57.96842105263158,Calculated,Red,
kpi_004,53.57281553398058,Calculated,Amber,
kpi_004,51.97391304347826,Calculated,Amber,
kpi_004,55.83962264150944,Calculated,Red,
kpi_004,56.153225806451616,Calculated,Red,
kpi_004,52.99166666666667,Calculated,Amber,
kpi_004,51.12621359223301,Calculated,Amber,
kpi_004,53.80645161290322,Calculated,Amber,
kpi_004,56.50495049504951,Calculated,Red,
kpi_004,49.44915254237288,Calculated,Amber,
kpi_004,58.06896551724138,Calculated,Red,
kpi_004,54.71844660194175,Calculated,Red,
kpi_004,55.62809917355372,Calculated,Red,
kpi_004,51.50925925925926,Calculated,Amber,
kpi_004,54.25961538461539,Calculated,Red,
kpi_004,55.61797752808989,Calculated,Red,
kpi_004,55.84297520661157,Calculated,Red,
kpi_004,51.4251968503937,Calculated,Amber,
kpi_004,57.81168831168832,Calculated,Red,
kpi_004,53.22641509433962,Calculated,Amber,
kpi_004,55.78195488721804,Calculated,Red,
kpi_004,53.64035087719298,Calculated,Amber,
kpi_004,38.445378151260506,Calculated,Green,
kpi_004,41.8018018018018,Calculated,Green,
kpi_004,39.674157303370784,Calculated,Green,
kpi_004,41.64393939393939,Calculated,Green,
kpi_004,41.83928571428572,Calculated,Green,
kpi_004,38.73148148148148,Calculated,Green,
kpi_004,39.9758064516129,Calculated,Green,
kpi_004,39.0,Calculated,Green,
kpi_004,37.34736842105263,Calculated,Green,
kpi_004,40.77669902912621,Calculated,Green,
kpi_004,38.29,Calculated,Green,
kpi_004,40.02608695652174,Calculated,Green,
kpi_004,35.876288659793815,Calculated,Green,
kpi_004,37.94392523364486,Calculated,Green,
kpi_004,40.114583333333336,Calculated,Green,
kpi_004,39.37007874015748,Calculated,Green,
kpi_004,38.12149532710281,Calculated,Green,
kpi_004,39.99224806201551,Calculated,Green,
kpi_004,42.05154639175258,Calculated,Green,
kpi_004,40.507936507936506,Calculated,Green,
kpi_004,40.43103448275862,Calculated,Green,
kpi_004,41.886178861788615,Calculated,Green,
kpi_004,41.71875,Calculated,Green,
kpi_004,40.24390243902439,Calculated,Green,
kpi_004,35.92631578947368,Calculated,Green,
kpi_004,42.3125,Calculated,Green,
kpi_004,39.24175824175824,Calculated,Green,
kpi_004,42.58119658119658,Calculated,Green,
kpi_004,42.97959183673469,Calculated,Green,
kpi_004,38.34615384615385,Calculated,Green,
kpi_004,38.04081632653061,Calculated,Green,
kpi_004,42.46666666666667,Calculated,Green,
kpi_004,41.25555555555555,Calculated,Green,
kpi_004,42.69166666666667,Calculated,Green,
kpi_004,39.08064516129032,Calculated,Green,
kpi_004,37.98461538461538,Calculated,Green,
kpi_004,35.53488372093023,Calculated,Green,
kpi_004,40.42727272727273,Calculated,Green,
kpi_004,41.4453125,Calculated,Green,
kpi_004,41.30508474576271,Calculated,Green,
kpi_004,40.61052631578947,Calculated,Green,
kpi_004,37.59782608695652,Calculated,Green,
kpi_004,41.16666666666666,Calculated,Green,
kpi_004,39.9622641509434,Calculated,Green,
kpi_004,37.53932584269663,Calculated,Green,
kpi_004,40.71578947368421,Calculated,Green,
kpi_004,40.69791666666666,Calculated,Green,
kpi_004,42.56701030927835,Calculated,Green,
kpi_004,42.24074074074074,Calculated,Green,
kpi_004,40.42857142857143,Calculated,Green,
kpi_004,39.67272727272727,Calculated,Green,
kpi_004,43.87378640776699,Calculated,Green,
kpi_004,39.61702127659574,Calculated,Green,
kpi_004,41.083333333333336,Calculated,Green,
kpi_004,41.41818181818182,Calculated,Green,
kpi_004,40.528301886792455,Calculated,Green,
kpi_004,39.90654205607477,Calculated,Green,
kpi_004,44.09345794392523,Calculated,Green,
kpi_004,39.71698113207548,Calculated,Green,
kpi_004,38.46218487394958,Calculated,Green,
kpi_004,41.61165048543689,Calculated,Green,
kpi_004,41.99152542372882,Calculated,Green,
kpi_004,40.175438596491226,Calculated,Green,
kpi_004,38.94949494949495,Calculated,Green,
kpi_004,39.17391304347826,Calculated,Green,
kpi_004,40.85858585858586,Calculated,Green,
kpi_004,41.64601769911504,Calculated,Green,
kpi_004,38.24324324324324,Calculated,Green,
kpi_004,40.08620689655172,Calculated,Green,
kpi_004,39.5,Calculated,Green,
kpi_004,42.14150943396226,Calculated,Green,
kpi_004,40.271844660194176,Calculated,Green,
kpi_004,41.32978723404256,Calculated,Green,
kpi_004,40.86666666666667,Calculated,Green,
kpi_004,40.23529411764706,Calculated,Green,
kpi_004,38.87058823529412,Calculated,Green,
kpi_004,39.142857142857146,Calculated,Green,
kpi_004,40.391666666666666,Calculated,Green,
kpi_004,39.96,Calculated,Green,
kpi_004,41.16101694915254,Calculated,Green,
kpi_004,39.62637362637363,Calculated,Green,
kpi_004,33.93269230769231,Calculated,Green,
kpi_004,41.21739130434783,Calculated,Green,
kpi_004,41.39393939393939,Calculated,Green,
kpi_004,39.422222222222224,Calculated,Green,
kpi_004,40.81196581196581,Calculated,Green,
kpi_004,39.326530612244895,Calculated,Green,
kpi_004,41.88288288288288,Calculated,Green,
kpi_004,38.69642857142857,Calculated,Green,
kpi_004,38.13265306122449,Calculated,Green,
kpi_004,38.92920353982301,Calculated,Green,
kpi_004,41.08181818181818,Calculated,Green,
kpi_004,43.55140186915888,Calculated,Green,
kpi_004,40.31132075471698,Calculated,Green,
kpi_004,40.165217391304346,Calculated,Green,
kpi_004,39.824,Calculated,Green,
kpi_004,42.04040404040404,Calculated,Green,
kpi_004,40.48039215686274,Calculated,Green,
kpi_004,37.88421052631579,Calculated,Green,
kpi_004,42.73913043478261,Calculated,Green,
kpi_004,40.189655172413794,Calculated,Green,
kpi_004,41.604395604395606,Calculated,Green,
kpi_004,40.02608695652174,Calculated,Green,
kpi_004,39.57391304347826,Calculated,Green,
kpi_004,39.380434782608695,Calculated,Green,
kpi_004,40.87155963302752,Calculated,Green,
kpi_004,40.15384615384615,Calculated,Green,
kpi_004,42.16494845360825,Calculated,Green,
kpi_004,41.10891089108911,Calculated,Green,
kpi_004,38.77142857142857,Calculated,Green,
kpi_004,40.40952380952381,Calculated,Green,
kpi_004,42.17021276595744,Calculated,Green,
kpi_004,40.75862068965517,Calculated,Green,
kpi_004,40.8235294117647,Calculated,Green,
kpi_004,40.72413793103448,Calculated,Green,
kpi_004,40.90384615384615,Calculated,Green,
kpi_004,40.51020408163265,Calculated,Green,
kpi_004,39.28187919463088,Calculated,Green,
kpi_004,36.15929203539823,Calculated,Green,
kpi_004,39.34710743801653,Calculated,Green,
kpi_004,39.975,Calculated,Green,
kpi_004,41.04132231404959,Calculated,Green,
kpi_004,39.523809523809526,Calculated,Green,
kpi_004,42.07619047619048,Calculated,Green,
kpi_004,37.37815126050421,Calculated,Green,
kpi_004,41.3302752293578,Calculated,Green,
kpi_004,36.3448275862069,Calculated,Green,
kpi_004,41.34020618556701,Calculated,Green,
kpi_004,41.05555555555556,Calculated,Green,
kpi_004,40.388888888888886,Calculated,Green,
kpi_004,39.67368421052632,Calculated,Green,
kpi_004,39.776,Calculated,Green,
kpi_004,42.47560975609756,Calculated,Green,
kpi_004,36.99082568807339,Calculated,Green,
kpi_004,38.314516129032256,Calculated,Green,
kpi_004,39.35074626865672,Calculated,Green,
kpi_004,41.10377358490566,Calculated,Green,
kpi_004,41.92660550458716,Calculated,Green,
kpi_004,41.48181818181818,Calculated,Green,
kpi_004,40.95192307692308,Calculated,Green,
kpi_004,40.69318181818182,Calculated,Green,
kpi_004,39.04587155963303,Calculated,Green,
kpi_004,40.719298245614034,Calculated,Green,
kpi_004,39.41176470588236,Calculated,Green,
kpi_004,39.97345132743363,Calculated,Green,
kpi_004,40.66379310344828,Calculated,Green,
kpi_004,35.89473684210526,Calculated,Green,
kpi_004,38.477777777777774,Calculated,Green,
kpi_004,40.4070796460177,Calculated,Green,
kpi_004,37.84,Calculated,Green,
kpi_004,40.21978021978022,Calculated,Green,
kpi_004,39.97435897435897,Calculated,Green,
kpi_004,40.11206896551724,Calculated,Green,
kpi_004,,Insufficient Data,Unavailable,
kpi_004,,Insufficient Data,Unavailable,
kpi_004,,Insufficient Data,Unavailable,
kpi_004,,Insufficient Data,Unavailable,
kpi_004,,Insufficient Data,Unavailable,
kpi_004,,Insufficient Data,Unavailable,
kpi_004,,Insufficient Data,Unavailable,
kpi_004,,Insufficient Data,Unavailable,
kpi_004,,Insufficient Data,Unavailable,
kpi_004,,Insufficient Data,Unavailable,
kpi_004,,Insufficient Data,Unavailable,
kpi_004,,Insufficient Data,Unavailable,
kpi_004,,Insufficient Data,Unavailable,
kpi_004,,Insufficient Data,Unavailable,
kpi_004,,Insufficient Data,Unavailable,
kpi_004,,Insufficient Data,Unavailable,
kpi_004,,Insufficient Data,Unavailable,
kpi_004,,Insufficient Data,Unavailable,
kpi_004,,Insufficient Data,Unavailable,
kpi_004,,Insufficient Data,Unavailable,
kpi_004,,Insufficient Data,Unavailable,
kpi_004,,Insufficient Data,Unavailable,
kpi_004,,Insufficient Data,Unavailable,
kpi_004,,Insufficient Data,Unavailable,
kpi_004,,Insufficient Data,Unavailable,
kpi_004,,Insufficient Data,Unavailable,
kpi_004,,Insufficient Data,Unavailable,
kpi_004,,Insufficient Data,Unavailable,
kpi_004,,Insufficient Data,Unavailable,
kpi_004,,Insufficient Data,Unavailable,
kpi_004,,Insufficient Data,Unavailable,
kpi_004,,Insufficient Data,Unavailable,
kpi_004,,Insufficient Data,Unavailable,
kpi_004,,Insufficient Data,Unavailable,
kpi_004,,Insufficient Data,Unavailable,
kpi_004,,Insufficient Data,Unavailable,
kpi_004,,Insufficient Data,Unavailable,
kpi_004,,Insufficient Data,Unavailable,
kpi_004,,Insufficient Data,Unavailable,
kpi_004,,Insufficient Data,Unavailable,
kpi_004,,Insufficient Data,Unavailable,
kpi_004,,Insufficient Data,Unavailable,
kpi_004,,Insufficient Data,Unavailable,
kpi_004,,Insufficient Data,Unavailable,
kpi_004,,Insufficient Data,Unavailable,
kpi_004,,Insufficient Data,Unavailable,
kpi_004,,Insufficient Data,Unavailable,
kpi_004,,Insufficient Data,Unavailable,
kpi_004,,Insufficient Data,Unavailable,
kpi_004,,Insufficient Data,Unavailable,
kpi_004,,Insufficient Data,Unavailable,
kpi_004,,Insufficient Data,Unavailable,
kpi_004,,Insufficient Data,Unavailable,
kpi_004,,Insufficient Data,Unavailable,
kpi_004,,Insufficient Data,Unavailable,
kpi_004,,Insufficient Data,Unavailable,
kpi_004,,Insufficient Data,Unavailable,
kpi_004,,Insufficient Data,Unavailable,
kpi_004,,Insufficient Data,Unavailable,
kpi_004,,Insufficient Data,Unavailable,
kpi_004,,Insufficient Data,Unavailable,
kpi_004,,Insufficient Data,Unavailable,
kpi_004,,Insufficient Data,Unavailable,
kpi_004,,Insufficient Data,Unavailable,
kpi_004,,Insufficient Data,Unavailable,
kpi_004,,Insufficient Data,Unavailable,
kpi_004,,Insufficient Data,Unavailable,
kpi_004,,Insufficient Data,Unavailable,
kpi_004,,Insufficient Data,Unavailable,
kpi_004,,Insufficient Data,Unavailable,
kpi_004,,Insufficient Data,Unavailable,
kpi_004,,Insufficient Data,Unavailable,
kpi_004,,Insufficient Data,Unavailable,
kpi_004,,Insufficient Data,Unavailable,
kpi_004,,Insufficient Data,Unavailable,
kpi_004,,Insufficient Data,Unavailable,
kpi_004,,Insufficient Data,Unavailable,
kpi_004,,Insufficient Data,Unavailable,
kpi_004,,Insufficient Data,Unavailable,
kpi_004,,Insufficient Data,Unavailable,
kpi_004,,Insufficient Data,Unavailable,
kpi_004,,Insufficient Data,Unavailable,
kpi_004,,Insufficient Data,Unavailable,
kpi_004,,Insufficient Data,Unavailable,
kpi_004,,Insufficient Data,Unavailable,
kpi_004,,Insufficient Data,Unavailable,
kpi_004,,Insufficient Data,Unavailable,
kpi_004,,Insufficient Data,Unavailable,
kpi_004,,Insufficient Data,Unavailable,
kpi_004,,Insufficient Data,Unavailable,
kpi_004,,Insufficient Data,Unavailable,
kpi_004,,Insufficient Data,Unavailable,
kpi_004,,Insufficient Data,Unavailable,
kpi_004,,Insufficient Data,Unavailable,
kpi_004,,Insufficient Data,Unavailable,
kpi_004,,Insufficient Data,Unavailable,
kpi_004,,Insufficient Data,Unavailable,
kpi_004,,Insufficient Data,Unavailable,
kpi_004,,Insufficient Data,Unavailable,
kpi_004,,Insufficient Data,Unavailable,
kpi_004,,Insufficient Data,Unavailable,
kpi_004,,Insufficient Data,Unavailable,
kpi_004,,Insufficient Data,Unavailable,
kpi_004,,Insufficient Data,Unavailable,
kpi_004,,Insufficient Data,Unavailable,
kpi_004,,Insufficient Data,Unavailable,
kpi_004,,Insufficient Data,Unavailable,
kpi_004,,Insufficient Data,Unavailable,
kpi_004,,Insufficient Data,Unavailable,
kpi_004,,Insufficient Data,Unavailable,
kpi_004,,Insufficient Data,Unavailable,
kpi_004,,Insufficient Data,Unavailable,
kpi_004,,Insufficient Data,Unavailable,
kpi_004,,Insufficient Data,Unavailable,
kpi_004,,Insufficient Data,Unavailable,
kpi_004,,Insufficient Data,Unavailable,
kpi_004,,Insufficient Data,Unavailable,
kpi_004,,Insufficient Data,Unavailable,
kpi_004,,Insufficient Data,Unavailable,
kpi_004,,Insufficient Data,Unavailable,
kpi_004,,Insufficient Data,Unavailable,
kpi_004,,Insufficient Data,Unavailable,
kpi_004,,Insufficient Data,Unavailable,
kpi_004,,Insufficient Data,Unavailable,
kpi_004,,Insufficient Data,Unavailable,
kpi_004,,Insufficient Data,Unavailable,
kpi_004,,Insufficient Data,Unavailable,
kpi_004,,Insufficient Data,Unavailable,
kpi_004,,Insufficient Data,Unavailable,
kpi_004,,Insufficient Data,Unavailable,
kpi_004,,Insufficient Data,Unavailable,
kpi_004,,Insufficient Data,Unavailable,
kpi_004,,Insufficient Data,Unavailable,
kpi_004,,Insufficient Data,Unavailable,
kpi_004,,Insufficient Data,Unavailable,
kpi_004,,Insufficient Data,Unavailable,
kpi_004,,Insufficient Data,Unavailable,
kpi_004,,Insufficient Data,Unavailable,
kpi_004,,Insufficient Data,Unavailable,
kpi_004,,Insufficient Data,Unavailable,
kpi_004,,Insufficient Data,Unavailable,
kpi_004,,Insufficient Data,Unavailable,
kpi_004,,Insufficient Data,Unavailable,
kpi_004,,Insufficient Data,Unavailable,
kpi_004,,Insufficient Data,Unavailable,
kpi_004,,Insufficient Data,Unavailable,
kpi_004,,Insufficient Data,Unavailable,
kpi_004,,Insufficient Data,Unavailable,
kpi_004,,Insufficient Data,Unavailable,
kpi_004,,Insufficient Data,Unavailable,
kpi_004,,Insufficient Data,Unavailable,
kpi_004,,Insufficient Data,Unavailable,
kpi_004,,Insufficient Data,Unavailable,
kpi_004,,Insufficient Data,Unavailable,
kpi_004,,Insufficient Data,Unavailable,
kpi_004,,Insufficient Data,Unavailable,
kpi_004,,Insufficient Data,Unavailable,
kpi_004,,Insufficient Data,Unavailable,
kpi_004,,Insufficient Data,Unavailable,
kpi_004,,Insufficient Data,Unavailable,
kpi_004,,Insufficient Data,Unavailable,
kpi_004,,Insufficient Data,Unavailable,
kpi_004,,Insufficient Data,Unavailable,
kpi_004,,Insufficient Data,Unavailable,
kpi_004,,Insufficient Data,Unavailable,
kpi_004,,Insufficient Data,Unavailable,
kpi_004,,Insufficient Data,Unavailable,
kpi_004,,Insufficient Data,Unavailable,
kpi_004,,Insufficient Data,Unavailable,
kpi_004,,Insufficient Data,Unavailable,
kpi_004,,Insufficient Data,Unavailable,
kpi_004,,Insufficient Data,Unavailable,
kpi_004,,Insufficient Data,Unavailable,
kpi_004,,Insufficient Data,Unavailable,
kpi_004,,Insufficient Data,Unavailable,
kpi_004,,Insufficient Data,Unavailable,
kpi_004,,Insufficient Data,Unavailable,
kpi_004,,Insufficient Data,Unavailable,
kpi_004,,Insufficient Data,Unavailable,
kpi_004,,Insufficient Data,Unavailable,
kpi_004,,Insufficient Data,Unavailable,
kpi_004,,Insufficient Data,Unavailable,
kpi_004,,Insufficient Data,Unavailable,
kpi_004,,Insufficient Data,Unavailable,
kpi_004,,Insufficient Data,Unavailable,
kpi_004,,Insufficient Data,Unavailable,
kpi_004,,Insufficient Data,Unavailable,
kpi_004,,Insufficient Data,Unavailable,
kpi_004,,Insufficient Data,Unavailable,
kpi_004,,Insufficient Data,Unavailable,
kpi_004,,Insufficient Data,Unavailable,
kpi_004,,Insufficient Data,Unavailable,
kpi_004,,Insufficient Data,Unavailable,
kpi_004,,Insufficient Data,Unavailable,
kpi_004,,Insufficient Data,Unavailable,
kpi_004,,Insufficient Data,Unavailable,
kpi_004,,Insufficient Data,Unavailable,
kpi_004,,Insufficient Data,Unavailable,
kpi_004,,Insufficient Data,Unavailable,
kpi_004,,Insufficient Data,Unavailable,
kpi_004,,Insufficient Data,Unavailable,
kpi_004,,Insufficient Data,Unavailable,
kpi_004,,Insufficient Data,Unavailable,
kpi_004,,Insufficient Data,Unavailable,
kpi_004,,Insufficient Data,Unavailable,
kpi_004,,Insufficient Data,Unavailable,
kpi_004,,Insufficient Data,Unavailable,
kpi_004,,Insufficient Data,Unavailable,
kpi_004,,Insufficient Data,Unavailable,
kpi_004,,Insufficient Data,Unavailable,
kpi_004,,Insufficient Data,Unavailable,
kpi_004,,Insufficient Data,Unavailable,
kpi_004,,Insufficient Data,Unavailable,
kpi_004,,Insufficient Data,Unavailable,
kpi_004,,Insufficient Data,Unavailable,
kpi_004,,Insufficient Data,Unavailable,
kpi_004,,Insufficient Data,Unavailable,
kpi_004,,Insufficient Data,Unavailable,
kpi_004,,Insufficient Data,Unavailable,
kpi_004,,Insufficient Data,Unavailable,
kpi_004,,Insufficient Data,Unavailable,
kpi_004,,Insufficient Data,Unavailable,
kpi_004,,Insufficient Data,Unavailable,
kpi_004,,Insufficient Data,Unavailable,
kpi_004,,Insufficient Data,Unavailable,
kpi_004,,Insufficient Data,Unavailable,
kpi_004,,Insufficient Data,Unavailable,
kpi_004,,Insufficient Data,Unavailable,
kpi_004,,Insufficient Data,Unavailable,
kpi_004,,Insufficient Data,Unavailable,
kpi_004,,Insufficient Data,Unavailable,
kpi_004,,Insufficient Data,Unavailable,
kpi_004,,Insufficient Data,Unavailable,
kpi_004,,Insufficient Data,Unavailable,
kpi_004,,Insufficient Data,Unavailable,
kpi_004,,Insufficient Data,Unavailable,
kpi_004,,Insufficient Data,Unavailable,
kpi_004,,Insufficient Data,Unavailable,
kpi_004,,Insufficient Data,Unavailable,
kpi_004,,Insufficient Data,Unavailable,
kpi_004,,Insufficient Data,Unavailable,
kpi_004,,Insufficient Data,Unavailable,
kpi_004,,Insufficient Data,Unavailable,
kpi_004,,Insufficient Data,Unavailable,
kpi_004,,Insufficient Data,Unavailable,
kpi_004,,Insufficient Data,Unavailable,
kpi_004,,Insufficient Data,Unavailable,
kpi_004,,Insufficient Data,Unavailable,
kpi_004,,Insufficient Data,Unavailable,
kpi_004,,Insufficient Data,Unavailable,
kpi_004,,Insufficient Data,Unavailable,
kpi_004,,Insufficient Data,Unavailable,
kpi_004,,Insufficient Data,Unavailable,
kpi_004,,Insufficient Data,Unavailable,
kpi_004,,Insufficient Data,Unavailable,
kpi_004,,Insufficient Data,Unavailable,
kpi_004,,Insufficient Data,Unavailable,
kpi_004,,Insufficient Data,Unavailable,
kpi_004,,Insufficient Data,Unavailable,
kpi_004,,Insufficient Data,Unavailable,
kpi_004,,Insufficient Data,Unavailable,
kpi_004,,Insufficient Data,Unavailable,
kpi_004,,Insufficient Data,Unavailable,
kpi_004,,Insufficient Data,Unavailable,
kpi_004,,Insufficient Data,Unavailable,
kpi_004,,Insufficient Data,Unavailable,
kpi_004,,Insufficient Data,Unavailable,
kpi_004,,Insufficient Data,Unavailable,
kpi_004,,Insufficient Data,Unavailable,
kpi_004,,Insufficient Data,Unavailable,
kpi_004,,Insufficient Data,Unavailable,
kpi_004,,Insufficient Data,Unavailable,
kpi_004,,Insufficient Data,Unavailable,
kpi_004,,Insufficient Data,Unavailable,
kpi_004,,Insufficient Data,Unavailable,
kpi_004,,Insufficient Data,Unavailable,
kpi_004,,Insufficient Data,Unavailable,
kpi_004,,Insufficient Data,Unavailable,
kpi_004,,Insufficient Data,Unavailable,
kpi_004,,Insufficient Data,Unavailable,
kpi_004,,Insufficient Data,Unavailable,
kpi_004,,Insufficient Data,Unavailable,
kpi_004,,Insufficient Data,Unavailable,
kpi_004,,Insufficient Data,Unavailable,
kpi_004,,Insufficient Data,Unavailable,
kpi_004,,Insufficient Data,Unavailable,
kpi_004,,Insufficient Data,Unavailable,
kpi_004,,Insufficient Data,Unavailable,
kpi_004,,Insufficient Data,Unavailable,
kpi_004,,Insufficient Data,Unavailable,
kpi_004,,Insufficient Data,Unavailable,
kpi_004,,Insufficient Data,Unavailable,
kpi_004,,Insufficient Data,Unavailable,
kpi_004,,Insufficient Data,Unavailable,
kpi_004,,Insufficient Data,Unavailable,
kpi_004,,Insufficient Data,Unavailable,
kpi_004,,Insufficient Data,Unavailable,
kpi_004,,Insufficient Data,Unavailable,
kpi_004,,Insufficient Data,Unavailable,
kpi_004,,Insufficient Data,Unavailable,
kpi_004,,Insufficient Data,Unavailable,
kpi_004,,Insufficient Data,Unavailable,
kpi_004,,Insufficient Data,Unavailable,
kpi_004,,Insufficient Data,Unavailable,
kpi_004,,Insufficient Data,Unavailable,
kpi_004,,Insufficient Data,Unavailable,
kpi_004,,Insufficient Data,Unavailable,
kpi_004,,Insufficient Data,Unavailable,
kpi_004,,Insufficient Data,Unavailable,
kpi_004,,Insufficient Data,Unavailable,
kpi_004,,Insufficient Data,Unavailable,
kpi_004,,Insufficient Data,Unavailable,
kpi_004,,Insufficient Data,Unavailable,
kpi_004,,Insufficient Data,Unavailable,
kpi_004,,Insufficient Data,Unavailable,
kpi_004,,Insufficient Data,Unavailable,
kpi_004,,Insufficient Data,Unavailable,
kpi_004,,Insufficient Data,Unavailable,
kpi_004,,Insufficient Data,Unavailable,
kpi_004,,Insufficient Data,Unavailable,
kpi_004,,Insufficient Data,Unavailable,
kpi_004,,Insufficient Data,Unavailable,
kpi_004,,Insufficient Data,Unavailable,
kpi_004,,Insufficient Data,Unavailable,
kpi_004,,Insufficient Data,Unavailable,
kpi_004,,Insufficient Data,Unavailable,
kpi_004,,Insufficient Data,Unavailable,
kpi_004,,Insufficient Data,Unavailable,
kpi_004,,Insufficient Data,Unavailable,
kpi_004,,Insufficient Data,Unavailable,
kpi_004,,Insufficient Data,Unavailable,
kpi_004,,Insufficient Data,Unavailable,
kpi_004,,Insufficient Data,Unavailable,
kpi_004,,Insufficient Data,Unavailable,
kpi_004,,Insufficient Data,Unavailable,
kpi_004,,Insufficient Data,Unavailable,
kpi_004,,Insufficient Data,Unavailable,
kpi_004,,Insufficient Data,Unavailable,
kpi_004,,Insufficient Data,Unavailable,
kpi_004,,Insufficient Data,Unavailable,
kpi_004,,Insufficient Data,Unavailable,
kpi_004,,Insufficient Data,Unavailable,
kpi_004,,Insufficient Data,Unavailable,
kpi_004,,Insufficient Data,Unavailable,
kpi_004,,Insufficient Data,Unavailable,
kpi_004,,Insufficient Data,Unavailable,
kpi_004,,Insufficient Data,Unavailable,
kpi_004,,Insufficient Data,Unavailable,
kpi_004,,Insufficient Data,Unavailable,
kpi_004,,Insufficient Data,Unavailable,
kpi_004,,Insufficient Data,Unavailable,
kpi_004,,Insufficient Data,Unavailable,
kpi_004,,Insufficient Data,Unavailable,
kpi_004,,Insufficient Data,Unavailable,
kpi_004,,Insufficient Data,Unavailable,
kpi_004,,Insufficient Data,Unavailable,
kpi_004,,Insufficient Data,Unavailable,
kpi_004,,Insufficient Data,Unavailable,
kpi_004,,Insufficient Data,Unavailable,
kpi_004,,Insufficient Data,Unavailable,
kpi_004,,Insufficient Data,Unavailable,
kpi_004,,Insufficient Data,Unavailable,
kpi_004,,Insufficient Data,Unavailable,
kpi_004,,Insufficient Data,Unavailable,
kpi_004,,Insufficient Data,Unavailable,
kpi_004,,Insufficient Data,Unavailable,
kpi_004,,Insufficient Data,Unavailable,
kpi_004,,Insufficient Data,Unavailable,
kpi_004,,Insufficient Data,Unavailable,
kpi_004,,Insufficient Data,Unavailable,
kpi_004,,Insufficient Data,Unavailable,
kpi_004,,Insufficient Data,Unavailable,
kpi_004,,Insufficient Data,Unavailable,
kpi_004,,Insufficient Data,Unavailable,
kpi_004,,Insufficient Data,Unavailable,
kpi_004,,Insufficient Data,Unavailable,
kpi_004,,Insufficient Data,Unavailable,
kpi_004,,Insufficient Data,Unavailable,
kpi_004,,Insufficient Data,Unavailable,
kpi_004,,Insufficient Data,Unavailable,
kpi_004,,Insufficient Data,Unavailable,
kpi_004,,Insufficient Data,Unavailable,
kpi_004,,Insufficient Data,Unavailable,
kpi_004,,Insufficient Data,Unavailable,
kpi_004,,Insufficient Data,Unavailable,
kpi_004,,Insufficient Data,Unavailable,
kpi_004,,Insufficient Data,Unavailable,
kpi_004,,Insufficient Data,Unavailable,
kpi_004,,Insufficient Data,Unavailable,
kpi_004,,Insufficient Data,Unavailable,
kpi_004,,Insufficient Data,Unavailable,
kpi_004,,Insufficient Data,Unavailable,
kpi_004,,Insufficient Data,Unavailable,
kpi_004,,Insufficient Data,Unavailable,
kpi_004,,Insufficient Data,Unavailable,
kpi_004,,Insufficient Data,Unavailable,
kpi_004,,Insufficient Data,Unavailable,
kpi_004,,Insufficient Data,Unavailable,
kpi_004,,Insufficient Data,Unavailable,
kpi_004,,Insufficient Data,Unavailable,
kpi_004,,Insufficient Data,Unavailable,
kpi_004,,Insufficient Data,Unavailable,
kpi_004,,Insufficient Data,Unavailable,
kpi_004,,Insufficient Data,Unavailable,
kpi_004,,Insufficient Data,Unavailable,
kpi_004,,Insufficient Data,Unavailable,
kpi_004,,Insufficient Data,Unavailable,
kpi_004,,Insufficient Data,Unavailable,
kpi_004,,Insufficient Data,Unavailable,
kpi_004,,Insufficient Data,Unavailable,
kpi_004,,Insufficient Data,Unavailable,
kpi_004,,Insufficient Data,Unavailable,
kpi_004,,Insufficient Data,Unavailable,
kpi_004,,Insufficient Data,Unavailable,
kpi_004,,Insufficient Data,Unavailable,
kpi_004,,Insufficient Data,Unavailable,
kpi_004,,Insufficient Data,Unavailable,
kpi_004,,Insufficient Data,Unavailable,
kpi_004,,Insufficient Data,Unavailable,
kpi_004,,Insufficient Data,Unavailable,
kpi_004,,Insufficient Data,Unavailable,
kpi_004,,Insufficient Data,Unavailable,
kpi_004,,Insufficient Data,Unavailable,
kpi_004,,Insufficient Data,Unavailable,
kpi_004,,Insufficient Data,Unavailable,
kpi_004,,Insufficient Data,Unavailable,
kpi_004,,Insufficient Data,Unavailable,
kpi_004,,Insufficient Data,Unavailable,
kpi_004,,Insufficient Data,Unavailable,
kpi_004,,Insufficient Data,Unavailable,
kpi_004,,Insufficient Data,Unavailable,
kpi_004,,Insufficient Data,Unavailable,
kpi_004,,Insufficient Data,Unavailable,
kpi_004,,Insufficient Data,Unavailable,
kpi_004,,Insufficient Data,Unavailable,
kpi_004,,Insufficient Data,Unavailable,
kpi_004,,Insufficient Data,Unavailable,
kpi_004,,Insufficient Data,Unavailable,
kpi_004,,Insufficient Data,Unavailable,
kpi_004,,Insufficient Data,Unavailable,
kpi_004,,Insufficient Data,Unavailable,
kpi_004,,Insufficient Data,Unavailable,
kpi_004,,Insufficient Data,Unavailable,
kpi_004,,Insufficient Data,Unavailable,
kpi_004,,Insufficient Data,Unavailable,
kpi_004,,Insufficient Data,Unavailable,
kpi_004,,Insufficient Data,Unavailable,
kpi_004,,Insufficient Data,Unavailable,
kpi_004,,Insufficient Data,Unavailable,
kpi_004,,Insufficient Data,Unavailable,
kpi_004,,Insufficient Data,Unavailable,
kpi_004,,Insufficient Data,Unavailable,
kpi_004,,Insufficient Data,Unavailable,
kpi_004,,Insufficient Data,Unavailable,
kpi_004,,Insufficient Data,Unavailable,
kpi_004,,Insufficient Data,Unavailable,
kpi_004,,Insufficient Data,Unavailable,
kpi_004,,Insufficient Data,Unavailable,
kpi_004,,Insufficient Data,Unavailable,
kpi_004,,Insufficient Data,Unavailable,
kpi_004,,Insufficient Data,Unavailable,
kpi_004,,Insufficient Data,Unavailable,
kpi_004,,Insufficient Data,Unavailable,
kpi_004,,Insufficient Data,Unavailable,
kpi_004,,Insufficient Data,Unavailable,
kpi_004,,Insufficient Data,Unavailable,
kpi_004,,Insufficient Data,Unavailable,
kpi_004,,Insufficient Data,Unavailable,
kpi_004,,Insufficient Data,Unavailable,
kpi_004,,Insufficient Data,Unavailable,
kpi_004,,Insufficient Data,Unavailable,
kpi_004,,Insufficient Data,Unavailable,
kpi_004,,Insufficient Data,Unavailable,
kpi_004,,Insufficient Data,Unavailable,
kpi_004,,Insufficient Data,Unavailable,
kpi_004,,Insufficient Data,Unavailable,
kpi_004,,Insufficient Data,Unavailable,
kpi_004,,Insufficient Data,Unavailable,
kpi_004,,Insufficient Data,Unavailable,
kpi_004,,Insufficient Data,Unavailable,
kpi_004,,Insufficient Data,Unavailable,
kpi_004,,Insufficient Data,Unavailable,
kpi_004,,Insufficient Data,Unavailable,
kpi_004,,Insufficient Data,Unavailable,
kpi_004,,Insufficient Data,Unavailable,
kpi_004,,Insufficient Data,Unavailable,
kpi_004,,Insufficient Data,Unavailable,
kpi_004,,Insufficient Data,Unavailable,
kpi_004,,Insufficient Data,Unavailable,
kpi_004,,Insufficient Data,Unavailable,
kpi_004,,Insufficient Data,Unavailable,
kpi_004,,Insufficient Data,Unavailable,
kpi_004,,Insufficient Data,Unavailable,
kpi_004,,Insufficient Data,Unavailable,
kpi_004,,Insufficient Data,Unavailable,
kpi_004,,Insufficient Data,Unavailable,
kpi_004,,Insufficient Data,Unavailable,
kpi_004,,Insufficient Data,Unavailable,
kpi_004,,Insufficient Data,Unavailable,
kpi_004,,Insufficient Data,Unavailable,
kpi_004,,Insufficient Data,Unavailable,
kpi_004,,Insufficient Data,Unavailable,
kpi_004,,Insufficient Data,Unavailable,
kpi_004,,Insufficient Data,Unavailable,
kpi_004,,Insufficient Data,Unavailable,
kpi_004,,Insufficient Data,Unavailable,
kpi_004,,Insufficient Data,Unavailable,
kpi_004,,Insufficient Data,Unavailable,
kpi_004,,Insufficient Data,Unavailable,
kpi_004,,Insufficient Data,Unavailable,
kpi_004,,Insufficient Data,Unavailable,
kpi_004,,Insufficient Data,Unavailable,
kpi_004,,Insufficient Data,Unavailable,
kpi_004,,Insufficient Data,Unavailable,
kpi_004,,Insufficient Data,Unavailable,
kpi_004,,Insufficient Data,Unavailable,
kpi_004,,Insufficient Data,Unavailable,
kpi_004,,Insufficient Data,Unavailable,
kpi_004,,Insufficient Data,Unavailable,
kpi_004,,Insufficient Data,Unavailable,
kpi_004,,Insufficient Data,Unavailable,
kpi_004,,Insufficient Data,Unavailable,
kpi_004,,Insufficient Data,Unavailable,
kpi_004,,Insufficient Data,Unavailable,
kpi_004,,Insufficient Data,Unavailable,
kpi_004,,Insufficient Data,Unavailable,
kpi_004,,Insufficient Data,Unavailable,
kpi_004,,Insufficient Data,Unavailable,
kpi_004,,Insufficient Data,Unavailable,
kpi_004,,Insufficient Data,Unavailable,
kpi_004,,Insufficient Data,Unavailable,
kpi_004,,Insufficient Data,Unavailable,
kpi_004,,Insufficient Data,Unavailable,
kpi_004,,Insufficient Data,Unavailable,
kpi_004,,Insufficient Data,Unavailable,
kpi_004,,Insufficient Data,Unavailable,
kpi_004,,Insufficient Data,Unavailable,
kpi_004,,Insufficient Data,Unavailable,
kpi_004,,Insufficient Data,Unavailable,
kpi_004,,Insufficient Data,Unavailable,
kpi_004,,Insufficient Data,Unavailable,
kpi_004,,Insufficient Data,Unavailable,
kpi_004,,Insufficient Data,Unavailable,
kpi_004,,Insufficient Data,Unavailable,
kpi_004,,Insufficient Data,Unavailable,
kpi_004,,Insufficient Data,Unavailable,
kpi_004,,Insufficient Data,Unavailable,
kpi_004,,Insufficient Data,Unavailable,
kpi_004,,Insufficient Data,Unavailable,
kpi_004,,Insufficient Data,Unavailable,
kpi_004,,Insufficient Data,Unavailable,
kpi_004,,Insufficient Data,Unavailable,
kpi_004,,Insufficient Data,Unavailable,
kpi_004,,Insufficient Data,Unavailable,
kpi_004,,Insufficient Data,Unavailable,
kpi_004,,Insufficient Data,Unavailable,
kpi_004,,Insufficient Data,Unavailable,
kpi_004,,Insufficient Data,Unavailable,
kpi_004,,Insufficient Data,Unavailable,
kpi_004,,Insufficient Data,Unavailable,
kpi_004,,Insufficient Data,Unavailable,
kpi_004,,Insufficient Data,Unavailable,
kpi_004,,Insufficient Data,Unavailable,
kpi_004,,Insufficient Data,Unavailable,
kpi_004,,Insufficient Data,Unavailable,
kpi_004,,Insufficient Data,Unavailable,
kpi_004,,Insufficient Data,Unavailable,
kpi_004,,Insufficient Data,Unavailable,
kpi_004,,Insufficient Data,Unavailable,
kpi_004,,Insufficient Data,Unavailable,
kpi_004,,Insufficient Data,Unavailable,
kpi_004,,Insufficient Data,Unavailable,
kpi_004,,Insufficient Data,Unavailable,
kpi_004,,Insufficient Data,Unavailable,
kpi_004,,Insufficient Data,Unavailable,
kpi_004,,Insufficient Data,Unavailable,
kpi_004,,Insufficient Data,Unavailable,
kpi_004,,Insufficient Data,Unavailable,
kpi_004,,Insufficient Data,Unavailable,
kpi_004,,Insufficient Data,Unavailable,
kpi_004,,Insufficient Data,Unavailable,
kpi_004,,Insufficient Data,Unavailable,
kpi_004,,Insufficient Data,Unavailable,
kpi_004,,Insufficient Data,Unavailable,
kpi_004,,Insufficient Data,Unavailable,
kpi_004,,Insufficient Data,Unavailable,
kpi_004,,Insufficient Data,Unavailable,
kpi_004,,Insufficient Data,Unavailable,
kpi_004,,Insufficient Data,Unavailable,
kpi_004,,Insufficient Data,Unavailable,
kpi_004,,Insufficient Data,Unavailable,
kpi_004,,Insufficient Data,Unavailable,
kpi_004,,Insufficient Data,Unavailable,
kpi_004,,Insufficient Data,Unavailable,
kpi_004,,Insufficient Data,Unavailable,
kpi_004,,Insufficient Data,Unavailable,
kpi_004,,Insufficient Data,Unavailable,
kpi_004,,Insufficient Data,Unavailable,
kpi_004,,Insufficient Data,Unavailable,
kpi_004,,Insufficient Data,Unavailable,
kpi_004,,Insufficient Data,Unavailable,
kpi_004,,Insufficient Data,Unavailable,
kpi_004,,Insufficient Data,Unavailable,
kpi_004,,Insufficient Data,Unavailable,
kpi_004,,Insufficient Data,Unavailable,
kpi_004,,Insufficient Data,Unavailable,
kpi_004,,Insufficient Data,Unavailable,
kpi_004,,Insufficient Data,Unavailable,
kpi_004,,Insufficient Data,Unavailable,
kpi_004,,Insufficient Data,Unavailable,
kpi_004,,Insufficient Data,Unavailable,
kpi_004,,Insufficient Data,Unavailable,
kpi_004,,Insufficient Data,Unavailable,
kpi_004,,Insufficient Data,Unavailable,
kpi_004,,Insufficient Data,Unavailable,
kpi_004,,Insufficient Data,Unavailable,
kpi_004,,Insufficient Data,Unavailable,
kpi_004,,Insufficient Data,Unavailable,
kpi_004,,Insufficient Data,Unavailable,
kpi_004,,Insufficient Data,Unavailable,
kpi_004,,Insufficient Data,Unavailable,
kpi_004,,Insufficient Data,Unavailable,
kpi_004,,Insufficient Data,Unavailable,
kpi_004,,Insufficient Data,Unavailable,
kpi_004,,Insufficient Data,Unavailable,
kpi_004,,Insufficient Data,Unavailable,
kpi_004,,Insufficient Data,Unavailable,
kpi_004,,Insufficient Data,Unavailable,
kpi_004,,Insufficient Data,Unavailable,
kpi_004,,Insufficient Data,Unavailable,
kpi_004,,Insufficient Data,Unavailable,
kpi_004,,Insufficient Data,Unavailable,
kpi_004,,Insufficient Data,Unavailable,
kpi_004,,Insufficient Data,Unavailable,
kpi_004,,Insufficient Data,Unavailable,
kpi_004,,Insufficient Data,Unavailable,
kpi_004,,Insufficient Data,Unavailable,
kpi_004,,Insufficient Data,Unavailable,
kpi_004,,Insufficient Data,Unavailable,
kpi_004,,Insufficient Data,Unavailable,
kpi_004,,Insufficient Data,Unavailable,
kpi_004,,Insufficient Data,Unavailable,
kpi_004,,Insufficient Data,Unavailable,
kpi_004,,Insufficient Data,Unavailable,
kpi_004,,Insufficient Data,Unavailable,
kpi_004,,Insufficient Data,Unavailable,
kpi_004,,Insufficient Data,Unavailable,
kpi_004,,Insufficient Data,Unavailable,
kpi_004,,Insufficient Data,Unavailable,
kpi_004,,Insufficient Data,Unavailable,
kpi_004,,Insufficient Data,Unavailable,
kpi_004,,Insufficient Data,Unavailable,
kpi_004,,Insufficient Data,Unavailable,
kpi_004,,Insufficient Data,Unavailable,
kpi_004,,Insufficient Data,Unavailable,
kpi_004,,Insufficient Data,Unavailable,
kpi_004,,Insufficient Data,Unavailable,
kpi_004,,Insufficient Data,Unavailable,
kpi_004,,Insufficient Data,Unavailable,
kpi_004,,Insufficient Data,Unavailable,
kpi_004,,Insufficient Data,Unavailable,
kpi_004,,Insufficient Data,Unavailable,
kpi_004,,Insufficient Data,Unavailable,
kpi_004,,Insufficient Data,Unavailable,
kpi_004,,Insufficient Data,Unavailable,
kpi_004,,Insufficient Data,Unavailable,
kpi_004,,Insufficient Data,Unavailable,
kpi_004,,Insufficient Data,Unavailable,
kpi_004,,Insufficient Data,Unavailable,
kpi_004,,Insufficient Data,Unavailable,
kpi_004,,Insufficient Data,Unavailable,
kpi_004,,Insufficient Data,Unavailable,
kpi_004,,Insufficient Data,Unavailable,
kpi_004,,Insufficient Data,Unavailable,
kpi_004,,Insufficient Data,Unavailable,
kpi_004,,Insufficient Data,Unavailable,
kpi_004,,Insufficient Data,Unavailable,
kpi_004,,Insufficient Data,Unavailable,
kpi_004,,Insufficient Data,Unavailable,
kpi_004,,Insufficient Data,Unavailable,
kpi_004,,Insufficient Data,Unavailable,
kpi_004,,Insufficient Data,Unavailable,
kpi_004,,Insufficient Data,Unavailable,
kpi_004,,Insufficient Data,Unavailable,
kpi_004,,Insufficient Data,Unavailable,
kpi_004,,Insufficient Data,Unavailable,
kpi_004,,Insufficient Data,Unavailable,
kpi_004,,Insufficient Data,Unavailable,
kpi_004,,Insufficient Data,Unavailable,
kpi_004,,Insufficient Data,Unavailable,
kpi_004,,Insufficient Data,Unavailable,
kpi_004,,Insufficient Data,Unavailable,
kpi_004,,Insufficient Data,Unavailable,
kpi_004,,Insufficient Data,Unavailable,
kpi_004,,Insufficient Data,Unavailable,
kpi_004,,Insufficient Data,Unavailable,
kpi_004,,Insufficient Data,Unavailable,
kpi_004,,Insufficient Data,Unavailable,
kpi_004,,Insufficient Data,Unavailable,
kpi_004,,Insufficient Data,Unavailable,
kpi_004,,Insufficient Data,Unavailable,
kpi_004,,Insufficient Data,Unavailable,
kpi_004,,Insufficient Data,Unavailable,
kpi_004,,Insufficient Data,Unavailable,
kpi_004,,Insufficient Data,Unavailable,
kpi_004,,Insufficient Data,Unavailable,
kpi_004,,Insufficient Data,Unavailable,
kpi_004,,Insufficient Data,Unavailable,
kpi_004,,Insufficient Data,Unavailable,
kpi_004,,Insufficient Data,Unavailable,
kpi_004,,Insufficient Data,Unavailable,
kpi_004,,Insufficient Data,Unavailable,
kpi_004,,Insufficient Data,Unavailable,
kpi_004,,Insufficient Data,Unavailable,
kpi_004,,Insufficient Data,Unavailable,
kpi_004,,Insufficient Data,Unavailable,
kpi_004,,Insufficient Data,Unavailable,
kpi_004,,Insufficient Data,Unavailable,
kpi_004,,Insufficient Data,Unavailable,
kpi_004,,Insufficient Data,Unavailable,
kpi_004,,Insufficient Data,Unavailable,
kpi_004,,Insufficient Data,Unavailable,
kpi_004,,Insufficient Data,Unavailable,
kpi_004,,Insufficient Data,Unavailable,
kpi_004,,Insufficient Data,Unavailable,
kpi_004,,Insufficient Data,Unavailable,
kpi_004,,Insufficient Data,Unavailable,
kpi_004,,Insufficient Data,Unavailable,
kpi_004,,Insufficient Data,Unavailable,
kpi_004,,Insufficient Data,Unavailable,
kpi_004,30.83838383838384,Calculated,Green,
kpi_004,33.289855072463766,Calculated,Green,
kpi_004,33.09090909090909,Calculated,Green,
kpi_004,32.57142857142857,Calculated,Green,
kpi_004,33.7962962962963,Calculated,Green,
kpi_004,30.68831168831169,Calculated,Green,
kpi_004,32.816901408450704,Calculated,Green,
kpi_004,33.23076923076923,Calculated,Green,
kpi_004,31.77083333333333,Calculated,Green,
kpi_004,31.19047619047619,Calculated,Green,
kpi_004,29.121951219512194,Calculated,Green,
kpi_004,29.56962026316456,Calculated,Green,
kpi_004,31.797101449275363,Calculated,Green,
kpi_004,32.07575757575758,Calculated,Green,
kpi_004,30.246376811594203,Calculated,Green,
kpi_004,34.44927536231884,Calculated,Green,
kpi_004,33.81159420289855,Calculated,Green,
kpi_004,28.142857142857142,Calculated,Green,
kpi_004,30.324324324324323,Calculated,Green,
kpi_004,34.17142857142857,Calculated,Green,
kpi_004,32.38235294117647,Calculated,Green,
kpi_004,29.985714285714284,Calculated,Green,
kpi_004,32.47126436781609,Calculated,Green,
kpi_004,30.97183098591549,Calculated,Green,
kpi_004,30.34375,Calculated,Green,
kpi_004,33.951219512195124,Calculated,Green,
kpi_004,31.35384615384616,Calculated,Green,
kpi_004,33.354166666666664,Calculated,Green,
kpi_004,34.06578947368421,Calculated,Green,
kpi_004,32.891891891891895,Calculated,Green,
kpi_004,33.79775280898876,Calculated,Green,
kpi_004,33.489583333333336,Calculated,Green,
kpi_004,31.904761904761905,Calculated,Green,
kpi_004,30.8625,Calculated,Green,
kpi_004,31.28395061728395,Calculated,Green,
kpi_004,32.43055555555556,Calculated,Green,
kpi_004,32.46,Calculated,Green,
kpi_004,33.76623376623377,Calculated,Green,
kpi_004,30.06410256410257,Calculated,Green,
kpi_004,31.34210526315789,Calculated,Green,
kpi_004,31.625,Calculated,Green,
kpi_004,32.28048780487805,Calculated,Green,
kpi_004,30.72151898734177,Calculated,Green,
kpi_004,33.223684210526315,Calculated,Green,
kpi_004,32.40217391304348,Calculated,Green,
kpi_004,30.363636363636363,Calculated,Green,
kpi_004,34.6231884057971,Calculated,Green,
kpi_004,29.67532467532468,Calculated,Green,
kpi_004,30.63095238095238,Calculated,Green,
kpi_004,31.81159420289855,Calculated,Green,
kpi_004,32.43859649122807,Calculated,Green,
kpi_004,31.046875,Calculated,Green,
kpi_004,28.83333333333333,Calculated,Green,
kpi_004,30.32,Calculated,Green,
kpi_004,33.8875,Calculated,Green,
kpi_004,30.243589743589745,Calculated,Green,
kpi_004,31.32967032967033,Calculated,Green,
kpi_004,31.88888888888889,Calculated,Green,
kpi_004,32.37931034482759,Calculated,Green,
kpi_004,35.529411764705884,Calculated,Green,
kpi_004,32.872549019607845,Calculated,Green,
kpi_004,39.093023255813954,Calculated,Green,
kpi_004,37.148514851485146,Calculated,Green,
kpi_004,34.33734939759036,Calculated,Green,
kpi_004,37.493975903614455,Calculated,Green,
kpi_004,39.41975308641975,Calculated,Green,
kpi_004,37.782051282051285,Calculated,Green,
kpi_004,37.043010752688176,Calculated,Green,
kpi_004,37.03260869565217,Calculated,Green,
kpi_004,34.42857142857143,Calculated,Green,
kpi_004,36.73255813953488,Calculated,Green,
kpi_004,37.33766233766234,Calculated,Green,
kpi_004,39.72727272727273,Calculated,Green,
kpi_004,35.5,Calculated,Green,
kpi_004,39.298701298701296,Calculated,Green,
kpi_004,40.86111111111112,Calculated,Green,
kpi_004,35.258426966292134,Calculated,Green,
kpi_004,36.28431372549019,Calculated,Green,
kpi_004,37.81707317073171,Calculated,Green,
kpi_004,32.714285714285715,Calculated,Green,
kpi_004,36.9625,Calculated,Green,
kpi_004,35.97402597402598,Calculated,Green,
kpi_004,40.08988764044944,Calculated,Green,
kpi_004,35.11392405063291,Calculated,Green,
kpi_004,38.15217391304348,Calculated,Green,
kpi_004,36.12162162162162,Calculated,Green,
kpi_004,36.142857142857146,Calculated,Green,
kpi_004,40.215053763440864,Calculated,Green,
kpi_004,36.766666666666666,Calculated,Green,
kpi_004,38.026315789473685,Calculated,Green,
kpi_004,44.45360824742268,Calculated,Green,
kpi_004,47.51546391752577,Calculated,Amber,
kpi_004,45.99047619047619,Calculated,Green,
kpi_004,42.93877551020408,Calculated,Green,
kpi_004,45.06741573033708,Calculated,Green,
kpi_004,47.142857142857146,Calculated,Green,
kpi_004,45.39795918367347,Calculated,Green,
kpi_004,46.10526315789474,Calculated,Green,
kpi_004,41.98095238095238,Calculated,Green,
kpi_004,47.775510204081634,Calculated,Amber,
kpi_004,47.26262626262626,Calculated,Amber,
kpi_004,45.535353535353536,Calculated,Green,
kpi_004,42.44761904761905,Calculated,Green,
kpi_004,41.96774193548387,Calculated,Green,
kpi_004,49.17567567567568,Calculated,Amber,
kpi_004,44.57,Calculated,Green,
kpi_004,46.18421052631579,Calculated,Green,
kpi_004,47.2258064516129,Calculated,Green,
kpi_004,46.59649122807018,Calculated,Green,
kpi_004,48.28235294117647,Calculated,Amber,
kpi_004,44.55882352941177,Calculated,Green,
kpi_004,43.69072164948454,Calculated,Green,
kpi_004,47.18556701030928,Calculated,Green,
kpi_004,45.613861386138616,Calculated,Green,
kpi_004,45.82,Calculated,Green,
kpi_004,43.87378640776699,Calculated,Green,
kpi_004,46.13592233009709,Calculated,Green,
kpi_004,42.56140350877193,Calculated,Green,
kpi_004,41.87155963302752,Calculated,Green,
kpi_004,49.12857142857143,Calculated,Amber,
kpi_004,45.456896551724135,Calculated,Green,
kpi_004,46.02040816326531,Calculated,Green,
kpi_004,45.67857142857143,Calculated,Green,
kpi_004,47.34313725490196,Calculated,Amber,
kpi_004,48.54545454545455,Calculated,Amber,
kpi_004,45.589473684210525,Calculated,Green,
kpi_004,45.89814814814815,Calculated,Green,
kpi_004,43.28440366972477,Calculated,Green,
kpi_004,48.41558441558441,Calculated,Amber,
kpi_004,46.70707070707071,Calculated,Green,
kpi_004,46.342465753424655,Calculated,Green,
kpi_004,41.96296296296296,Calculated,Green,
kpi_004,45.36559139784946,Calculated,Green,
kpi_004,46.59036144578313,Calculated,Green,
kpi_004,45.21649484536083,Calculated,Green,
kpi_004,44.39823008849557,Calculated,Green,
kpi_004,43.1875,Calculated,Green,
kpi_004,46.45679012345679,Calculated,Green,
kpi_004,42.69512195121951,Calculated,Green,
kpi_004,45.71084337349398,Calculated,Green,
kpi_004,44.57,Calculated,Green,
kpi_004,46.285714285714285,Calculated,Green,
kpi_004,47.27956989247312,Calculated,Amber,
kpi_004,47.01219512195122,Calculated,Green,
kpi_004,43.3469387755102,Calculated,Green,
kpi_004,43.36046511627907,Calculated,Green,
kpi_004,43.2,Calculated,Green,
kpi_004,42.50909090909091,Calculated,Green,
kpi_004,46.2970297029703,Calculated,Green,
kpi_004,47.65,Calculated,Amber,
kpi_004,45.82142857142857,Calculated,Green,
kpi_004,55.35294117647059,Calculated,Red,
kpi_004,55.2247191011236,Calculated,Red,
kpi_004,53.88775510204081,Calculated,Amber,
kpi_004,58.477777777777774,Calculated,Red,
kpi_004,55.477777777777774,Calculated,Red,
kpi_004,56.603305785123965,Calculated,Red,
kpi_004,54.82407407407408,Calculated,Red,
kpi_004,55.02105263157895,Calculated,Red,
kpi_004,55.51063829787234,Calculated,Red,
kpi_004,56.77049180327869,Calculated,Red,
kpi_004,53.5375,Calculated,Amber,
kpi_004,54.13265306122449,Calculated,Red,
kpi_004,53.78125,Calculated,Amber,
kpi_004,57.40217391304348,Calculated,Red,
kpi_004,56.16346153846154,Calculated,Red,
kpi_004,56.97368421052632,Calculated,Red,
kpi_004,54.0353982300885,Calculated,Amber,
kpi_004,52.41666666666666,Calculated,Amber,
kpi_004,54.37,Calculated,Red,
kpi_004,53.6031746031746,Calculated,Amber,
kpi_004,56.86666666666667,Calculated,Red,
kpi_004,57.25773195876289,Calculated,Red,
kpi_004,57.627906976744185,Calculated,Red,
kpi_004,55.20618556701031,Calculated,Red,
kpi_004,55.45454545454545,Calculated,Red,
kpi_004,49.87878787878788,Calculated,Amber,
kpi_004,54.9296875,Calculated,Red,
kpi_004,56.54464285714285,Calculated,Red,
kpi_004,57.33720930232558,Calculated,Red,
kpi_004,56.824742268041234,Calculated,Red,
kpi_004,52.11320754716981,Calculated,Amber,
kpi_004,58.27272727272727,Calculated,Red,
kpi_004,54.25555555555555,Calculated,Red,
kpi_004,53.95555555555556,Calculated,Amber,
kpi_004,54.71681415929204,Calculated,Red,
kpi_004,56.19,Calculated,Red,
kpi_004,54.02325581395349,Calculated,Amber,
kpi_004,52.37735849056604,Calculated,Amber,
kpi_004,56.294117647058826,Calculated,Red,
kpi_004,50.28888888888889,Calculated,Amber,
kpi_004,54.75268817204301,Calculated,Red,
kpi_004,55.92079207920792,Calculated,Red,
kpi_004,53.68539325842696,Calculated,Amber,
kpi_004,47.92783505154639,Calculated,Amber,
kpi_004,52.3859649122807,Calculated,Amber,
kpi_004,55.7570093457944,Calculated,Red,
kpi_004,54.12222222222222,Calculated,Red,
kpi_004,53.977777777777774,Calculated,Amber,
kpi_004,54.29473684210527,Calculated,Red,
kpi_004,46.69,Calculated,Green,
kpi_004,55.463157894736845,Calculated,Red,
kpi_004,56.61176470588235,Calculated,Red,
kpi_004,54.23611111111112,Calculated,Red,
kpi_004,56.67857142857143,Calculated,Red,
kpi_004,53.18279569892473,Calculated,Amber,
kpi_004,54.32432432432432,Calculated,Red,
kpi_004,57.63366336633664,Calculated,Red,
kpi_004,50.052083333333336,Calculated,Amber,
kpi_004,50.63414634146341,Calculated,Amber,
kpi_004,53.67716535433071,Calculated,Amber,
kpi_004,53.204301075268816,Calculated,Amber,
kpi_004,37.62637362637363,Calculated,Green,
kpi_004,37.40217391304348,Calculated,Green,
kpi_004,39.81333333333333,Calculated,Green,
kpi_004,40.73333333333333,Calculated,Green,
kpi_004,42.34567901234568,Calculated,Green,
kpi_004,38.11267605633803,Calculated,Green,
kpi_004,39.103896103896105,Calculated,Green,
kpi_004,44.052083333333336,Calculated,Green,
kpi_004,36.96296296296296,Calculated,Green,
kpi_004,38.94623655913978,Calculated,Green,
kpi_004,41.212765957446805,Calculated,Green,
kpi_004,39.325842696629216,Calculated,Green,
kpi_004,39.42045454545455,Calculated,Green,
kpi_004,38.161904761904765,Calculated,Green,
kpi_004,42.16901408450704,Calculated,Green,
kpi_004,36.83695652173913,Calculated,Green,
kpi_004,40.84146341463415,Calculated,Green,
kpi_004,39.38636363636363,Calculated,Green,
kpi_004,38.88505747126437,Calculated,Green,
kpi_004,37.72222222222222,Calculated,Green,
kpi_004,41.0,Calculated,Green,
kpi_004,43.175824175824175,Calculated,Green,
kpi_004,42.53012048192771,Calculated,Green,
kpi_004,38.088235294117645,Calculated,Green,
kpi_004,41.72222222222222,Calculated,Green,
kpi_004,41.92941176470588,Calculated,Green,
kpi_004,42.65432098765432,Calculated,Green,
kpi_004,41.86138613861386,Calculated,Green,
kpi_004,39.33720930232558,Calculated,Green,
kpi_004,44.8494623655914,Calculated,Green,
kpi_004,39.872093023255815,Calculated,Green,
kpi_004,40.675324675324674,Calculated,Green,
kpi_004,39.19753086419753,Calculated,Green,
kpi_004,37.59770114942529,Calculated,Green,
kpi_004,37.6764705882353,Calculated,Green,
kpi_004,43.188235294117646,Calculated,Green,
kpi_004,42.7710843373494,Calculated,Green,
kpi_004,42.5,Calculated,Green,
kpi_004,42.69767441860465,Calculated,Green,
kpi_004,39.0,Calculated,Green,
kpi_004,38.97959183673469,Calculated,Green,
kpi_004,38.57142857142857,Calculated,Green,
kpi_004,38.114285714285714,Calculated,Green,
kpi_004,43.0722891566265,Calculated,Green,
kpi_004,39.573170731707314,Calculated,Green,
kpi_004,42.94318181818182,Calculated,Green,
kpi_004,40.51724137931034,Calculated,Green,
kpi_004,38.01162790697674,Calculated,Green,
kpi_004,40.627906976744185,Calculated,Green,
kpi_004,38.27586206896552,Calculated,Green,
kpi_004,37.66666666666666,Calculated,Green,
kpi_004,41.47368421052632,Calculated,Green,
kpi_004,39.52325581395349,Calculated,Green,
kpi_004,38.126315789473686,Calculated,Green,
kpi_004,38.69072164948454,Calculated,Green,
kpi_004,42.23076923076923,Calculated,Green,
kpi_004,43.40963855421687,Calculated,Green,
kpi_004,41.26027397260274,Calculated,Green,
kpi_004,42.94505494505494,Calculated,Green,
kpi_004,39.5959595959596,Calculated,Green,
kpi_004,39.11904761904762,Calculated,Green,
kpi_004,39.56842105263158,Calculated,Green,
kpi_004,44.26315789473684,Calculated,Green,
kpi_004,39.77777777777778,Calculated,Green,
kpi_004,37.72093023255814,Calculated,Green,
kpi_004,40.72368421052632,Calculated,Green,
kpi_004,42.06521739130435,Calculated,Green,
kpi_004,36.52941176470589,Calculated,Green,
kpi_004,38.67032967032967,Calculated,Green,
kpi_004,43.15384615384615,Calculated,Green,
kpi_004,38.77215189873418,Calculated,Green,
kpi_004,40.28125,Calculated,Green,
kpi_004,42.22666666666667,Calculated,Green,
kpi_004,42.123456790123456,Calculated,Green,
kpi_004,40.06741573033708,Calculated,Green,
kpi_004,39.90384615384615,Calculated,Green,
kpi_004,42.50537634408602,Calculated,Green,
kpi_004,38.096774193548384,Calculated,Green,
kpi_004,40.89256198347108,Calculated,Green,
kpi_004,39.6,Calculated,Green,
kpi_004,38.47619047619048,Calculated,Green,
kpi_004,38.85436893203884,Calculated,Green,
kpi_004,43.78181818181818,Calculated,Green,
kpi_004,37.37647058823529,Calculated,Green,
kpi_004,41.96103896103896,Calculated,Green,
kpi_004,42.61224489795919,Calculated,Green,
kpi_004,38.99038461538461,Calculated,Green,
kpi_004,41.362637362637365,Calculated,Green,
kpi_004,39.20512820512821,Calculated,Green,
kpi_004,45.05813953488372,Calculated,Green,
kpi_004,41.05263157894737,Calculated,Green,
kpi_004,43.735849056603776,Calculated,Green,
kpi_004,39.93877551020408,Calculated,Green,
kpi_004,37.58620689655172,Calculated,Green,
kpi_004,37.45454545454545,Calculated,Green,
kpi_004,40.39175257731959,Calculated,Green,
kpi_004,36.32142857142857,Calculated,Green,
kpi_004,44.15942028985507,Calculated,Green,
kpi_004,39.94623655913978,Calculated,Green,
kpi_004,38.5,Calculated,Green,
kpi_004,37.5,Calculated,Green,
kpi_004,39.7945205479452,Calculated,Green,
kpi_004,33.56896551724138,Calculated,Green,
kpi_004,40.64,Calculated,Green,
kpi_004,41.74193548387097,Calculated,Green,
kpi_004,38.27368421052632,Calculated,Green,
kpi_004,41.04285714285714,Calculated,Green,
kpi_004,42.45161290322581,Calculated,Green,
kpi_004,42.86021505376344,Calculated,Green,
kpi_004,37.82692307692308,Calculated,Green,
kpi_004,38.97916666666666,Calculated,Green,
kpi_004,39.25316455696203,Calculated,Green,
kpi_004,39.74390243902439,Calculated,Green,
kpi_004,39.956989247311824,Calculated,Green,
kpi_004,40.02197802197802,Calculated,Green,
kpi_004,38.52173913043478,Calculated,Green,
kpi_004,39.68918918918919,Calculated,Green,
kpi_004,39.71052631578947,Calculated,Green,
kpi_004,39.583333333333336,Calculated,Green,
kpi_004,38.49382716049383,Calculated,Green,
kpi_004,38.12658227848101,Calculated,Green,
kpi_004,38.31764705882353,Calculated,Green,
kpi_004,38.89887640449438,Calculated,Green,
kpi_004,39.95180722891566,Calculated,Green,
kpi_004,38.90217391304348,Calculated,Green,
kpi_004,42.20224719101124,Calculated,Green,
kpi_004,44.12658227848101,Calculated,Green,
kpi_004,40.43333333333333,Calculated,Green,
kpi_004,42.25316455696203,Calculated,Green,
kpi_004,40.50704225352113,Calculated,Green,
kpi_004,37.24691358024691,Calculated,Green,
kpi_004,41.19565217391305,Calculated,Green,
kpi_004,40.095238095238095,Calculated,Green,
kpi_004,38.65686274509804,Calculated,Green,
kpi_004,39.26436781609196,Calculated,Green,
kpi_004,42.92592592592592,Calculated,Green,
kpi_004,40.85148514851485,Calculated,Green,
kpi_004,40.13084112149533,Calculated,Green,
kpi_004,36.29761904761905,Calculated,Green,
kpi_004,38.90909090909091,Calculated,Green,
kpi_004,40.57534246575342,Calculated,Green,
kpi_004,38.619565217391305,Calculated,Green,
kpi_004,39.417582417582416,Calculated,Green,
kpi_004,38.6,Calculated,Green,
kpi_004,41.263636363636365,Calculated,Green,
kpi_004,39.76923076923077,Calculated,Green,
kpi_004,39.073170731707314,Calculated,Green,
kpi_004,42.80952380952381,Calculated,Green,
kpi_004,41.06315789473684,Calculated,Green,
kpi_004,41.794117647058826,Calculated,Green,
kpi_004,40.0253164556962,Calculated,Green,
kpi_004,39.51923076923077,Calculated,Green,
kpi_004,40.87912087912088,Calculated,Green,
kpi_004,,Insufficient Data,Unavailable,
kpi_004,,Insufficient Data,Unavailable,
kpi_004,,Insufficient Data,Unavailable,
kpi_004,,Insufficient Data,Unavailable,
kpi_004,,Insufficient Data,Unavailable,
kpi_004,,Insufficient Data,Unavailable,
kpi_004,,Insufficient Data,Unavailable,
kpi_004,,Insufficient Data,Unavailable,
kpi_004,,Insufficient Data,Unavailable,
kpi_004,,Insufficient Data,Unavailable,
kpi_004,,Insufficient Data,Unavailable,
kpi_004,,Insufficient Data,Unavailable,
kpi_004,,Insufficient Data,Unavailable,
kpi_004,,Insufficient Data,Unavailable,
kpi_004,,Insufficient Data,Unavailable,
kpi_004,,Insufficient Data,Unavailable,
kpi_004,,Insufficient Data,Unavailable,
kpi_004,,Insufficient Data,Unavailable,
kpi_004,,Insufficient Data,Unavailable,
kpi_004,,Insufficient Data,Unavailable,
kpi_004,,Insufficient Data,Unavailable,
kpi_004,,Insufficient Data,Unavailable,
kpi_004,,Insufficient Data,Unavailable,
kpi_004,,Insufficient Data,Unavailable,
kpi_004,,Insufficient Data,Unavailable,
kpi_004,,Insufficient Data,Unavailable,
kpi_004,,Insufficient Data,Unavailable,
kpi_004,,Insufficient Data,Unavailable,
kpi_004,,Insufficient Data,Unavailable,
kpi_004,,Insufficient Data,Unavailable,
kpi_004,,Insufficient Data,Unavailable,
kpi_004,,Insufficient Data,Unavailable,
kpi_004,,Insufficient Data,Unavailable,
kpi_004,,Insufficient Data,Unavailable,
kpi_004,,Insufficient Data,Unavailable,
kpi_004,,Insufficient Data,Unavailable,
kpi_004,,Insufficient Data,Unavailable,
kpi_004,,Insufficient Data,Unavailable,
kpi_004,,Insufficient Data,Unavailable,
kpi_004,,Insufficient Data,Unavailable,
kpi_004,,Insufficient Data,Unavailable,
kpi_004,,Insufficient Data,Unavailable,
kpi_004,,Insufficient Data,Unavailable,
kpi_004,,Insufficient Data,Unavailable,
kpi_004,,Insufficient Data,Unavailable,
kpi_004,,Insufficient Data,Unavailable,
kpi_004,,Insufficient Data,Unavailable,
kpi_004,,Insufficient Data,Unavailable,
kpi_004,,Insufficient Data,Unavailable,
kpi_004,,Insufficient Data,Unavailable,
kpi_004,,Insufficient Data,Unavailable,
kpi_004,,Insufficient Data,Unavailable,
kpi_004,,Insufficient Data,Unavailable,
kpi_004,,Insufficient Data,Unavailable,
kpi_004,,Insufficient Data,Unavailable,
kpi_004,,Insufficient Data,Unavailable,
kpi_004,,Insufficient Data,Unavailable,
kpi_004,,Insufficient Data,Unavailable,
kpi_004,,Insufficient Data,Unavailable,
kpi_004,,Insufficient Data,Unavailable,
kpi_004,,Insufficient Data,Unavailable,
kpi_004,,Insufficient Data,Unavailable,
kpi_004,,Insufficient Data,Unavailable,
kpi_004,,Insufficient Data,Unavailable,
kpi_004,,Insufficient Data,Unavailable,
kpi_004,,Insufficient Data,Unavailable,
kpi_004,,Insufficient Data,Unavailable,
kpi_004,,Insufficient Data,Unavailable,
kpi_004,,Insufficient Data,Unavailable,
kpi_004,,Insufficient Data,Unavailable,
kpi_004,,Insufficient Data,Unavailable,
kpi_004,,Insufficient Data,Unavailable,
kpi_004,,Insufficient Data,Unavailable,
kpi_004,,Insufficient Data,Unavailable,
kpi_004,,Insufficient Data,Unavailable,
kpi_004,,Insufficient Data,Unavailable,
kpi_004,,Insufficient Data,Unavailable,
kpi_004,,Insufficient Data,Unavailable,
kpi_004,,Insufficient Data,Unavailable,
kpi_004,,Insufficient Data,Unavailable,
kpi_004,,Insufficient Data,Unavailable,
kpi_004,,Insufficient Data,Unavailable,
kpi_004,,Insufficient Data,Unavailable,
kpi_004,,Insufficient Data,Unavailable,
kpi_004,,Insufficient Data,Unavailable,
kpi_004,,Insufficient Data,Unavailable,
kpi_004,,Insufficient Data,Unavailable,
kpi_004,,Insufficient Data,Unavailable,
kpi_004,,Insufficient Data,Unavailable,
kpi_004,,Insufficient Data,Unavailable,
kpi_004,,Insufficient Data,Unavailable,
kpi_004,,Insufficient Data,Unavailable,
kpi_004,,Insufficient Data,Unavailable,
kpi_004,,Insufficient Data,Unavailable,
kpi_004,,Insufficient Data,Unavailable,
kpi_004,,Insufficient Data,Unavailable,
kpi_004,,Insufficient Data,Unavailable,
kpi_004,,Insufficient Data,Unavailable,
kpi_004,,Insufficient Data,Unavailable,
kpi_004,,Insufficient Data,Unavailable,
kpi_004,,Insufficient Data,Unavailable,
kpi_004,,Insufficient Data,Unavailable,
kpi_004,,Insufficient Data,Unavailable,
kpi_004,,Insufficient Data,Unavailable,
kpi_004,,Insufficient Data,Unavailable,
kpi_004,,Insufficient Data,Unavailable,
kpi_004,,Insufficient Data,Unavailable,
kpi_004,,Insufficient Data,Unavailable,
kpi_004,,Insufficient Data,Unavailable,
kpi_004,,Insufficient Data,Unavailable,
kpi_004,,Insufficient Data,Unavailable,
kpi_004,,Insufficient Data,Unavailable,
kpi_004,,Insufficient Data,Unavailable,
kpi_004,,Insufficient Data,Unavailable,
kpi_004,,Insufficient Data,Unavailable,
kpi_004,,Insufficient Data,Unavailable,
kpi_004,,Insufficient Data,Unavailable,
kpi_004,,Insufficient Data,Unavailable,
kpi_004,,Insufficient Data,Unavailable,
kpi_004,,Insufficient Data,Unavailable,
kpi_004,,Insufficient Data,Unavailable,
kpi_004,,Insufficient Data,Unavailable,
kpi_004,,Insufficient Data,Unavailable,
kpi_004,,Insufficient Data,Unavailable,
kpi_004,,Insufficient Data,Unavailable,
kpi_004,,Insufficient Data,Unavailable,
kpi_004,,Insufficient Data,Unavailable,
kpi_004,,Insufficient Data,Unavailable,
kpi_004,,Insufficient Data,Unavailable,
kpi_004,,Insufficient Data,Unavailable,
kpi_004,,Insufficient Data,Unavailable,
kpi_004,,Insufficient Data,Unavailable,
kpi_004,,Insufficient Data,Unavailable,
kpi_004,,Insufficient Data,Unavailable,
kpi_004,,Insufficient Data,Unavailable,
kpi_004,,Insufficient Data,Unavailable,
kpi_004,,Insufficient Data,Unavailable,
kpi_004,,Insufficient Data,Unavailable,
kpi_004,,Insufficient Data,Unavailable,
kpi_004,,Insufficient Data,Unavailable,
kpi_004,,Insufficient Data,Unavailable,
kpi_004,,Insufficient Data,Unavailable,
kpi_004,,Insufficient Data,Unavailable,
kpi_004,,Insufficient Data,Unavailable,
kpi_004,,Insufficient Data,Unavailable,
kpi_004,,Insufficient Data,Unavailable,
kpi_004,,Insufficient Data,Unavailable,
kpi_004,,Insufficient Data,Unavailable,
kpi_004,,Insufficient Data,Unavailable,
kpi_004,,Insufficient Data,Unavailable,
kpi_004,,Insufficient Data,Unavailable,
kpi_004,,Insufficient Data,Unavailable,
kpi_004,,Insufficient Data,Unavailable,
kpi_004,,Insufficient Data,Unavailable,
kpi_004,,Insufficient Data,Unavailable,
kpi_004,,Insufficient Data,Unavailable,
kpi_004,,Insufficient Data,Unavailable,
kpi_004,,Insufficient Data,Unavailable,
kpi_004,,Insufficient Data,Unavailable,
kpi_004,,Insufficient Data,Unavailable,
kpi_004,,Insufficient Data,Unavailable,
kpi_004,,Insufficient Data,Unavailable,
kpi_004,,Insufficient Data,Unavailable,
kpi_004,,Insufficient Data,Unavailable,
kpi_004,,Insufficient Data,Unavailable,
kpi_004,,Insufficient Data,Unavailable,
kpi_004,,Insufficient Data,Unavailable,
kpi_004,,Insufficient Data,Unavailable,
kpi_004,,Insufficient Data,Unavailable,
kpi_004,,Insufficient Data,Unavailable,
kpi_004,,Insufficient Data,Unavailable,
kpi_004,,Insufficient Data,Unavailable,
kpi_004,,Insufficient Data,Unavailable,
kpi_004,,Insufficient Data,Unavailable,
kpi_004,,Insufficient Data,Unavailable,
kpi_004,,Insufficient Data,Unavailable,
kpi_004,,Insufficient Data,Unavailable,
kpi_004,,Insufficient Data,Unavailable,
kpi_004,,Insufficient Data,Unavailable,
kpi_004,,Insufficient Data,Unavailable,
kpi_004,,Insufficient Data,Unavailable,
kpi_004,,Insufficient Data,Unavailable,
kpi_004,,Insufficient Data,Unavailable,
kpi_004,,Insufficient Data,Unavailable,
kpi_004,,Insufficient Data,Unavailable,
kpi_004,,Insufficient Data,Unavailable,
kpi_004,,Insufficient Data,Unavailable,
kpi_004,,Insufficient Data,Unavailable,
kpi_004,,Insufficient Data,Unavailable,
kpi_004,,Insufficient Data,Unavailable,
kpi_004,,Insufficient Data,Unavailable,
kpi_004,,Insufficient Data,Unavailable,
kpi_004,,Insufficient Data,Unavailable,
kpi_004,,Insufficient Data,Unavailable,
kpi_004,,Insufficient Data,Unavailable,
kpi_004,,Insufficient Data,Unavailable,
kpi_004,,Insufficient Data,Unavailable,
kpi_004,,Insufficient Data,Unavailable,
kpi_004,,Insufficient Data,Unavailable,
kpi_004,,Insufficient Data,Unavailable,
kpi_004,,Insufficient Data,Unavailable,
kpi_004,,Insufficient Data,Unavailable,
kpi_004,,Insufficient Data,Unavailable,
kpi_004,,Insufficient Data,Unavailable,
kpi_004,,Insufficient Data,Unavailable,
kpi_004,,Insufficient Data,Unavailable,
kpi_004,,Insufficient Data,Unavailable,
kpi_004,,Insufficient Data,Unavailable,
kpi_004,,Insufficient Data,Unavailable,
kpi_004,,Insufficient Data,Unavailable,
kpi_004,,Insufficient Data,Unavailable,
kpi_004,,Insufficient Data,Unavailable,
kpi_004,,Insufficient Data,Unavailable,
kpi_004,,Insufficient Data,Unavailable,
kpi_004,,Insufficient Data,Unavailable,
kpi_004,,Insufficient Data,Unavailable,
kpi_004,,Insufficient Data,Unavailable,
kpi_004,,Insufficient Data,Unavailable,
kpi_004,,Insufficient Data,Unavailable,
kpi_004,,Insufficient Data,Unavailable,
kpi_004,,Insufficient Data,Unavailable,
kpi_004,,Insufficient Data,Unavailable,
kpi_004,,Insufficient Data,Unavailable,
kpi_004,,Insufficient Data,Unavailable,
kpi_004,,Insufficient Data,Unavailable,
kpi_004,,Insufficient Data,Unavailable,
kpi_004,,Insufficient Data,Unavailable,
kpi_004,,Insufficient Data,Unavailable,
kpi_004,,Insufficient Data,Unavailable,
kpi_004,,Insufficient Data,Unavailable,
kpi_004,,Insufficient Data,Unavailable,
kpi_004,,Insufficient Data,Unavailable,
kpi_004,,Insufficient Data,Unavailable,
kpi_004,,Insufficient Data,Unavailable,
kpi_004,,Insufficient Data,Unavailable,
kpi_004,,Insufficient Data,Unavailable,
kpi_004,,Insufficient Data,Unavailable,
kpi_004,,Insufficient Data,Unavailable,
kpi_004,,Insufficient Data,Unavailable,
kpi_004,,Insufficient Data,Unavailable,
kpi_004,,Insufficient Data,Unavailable,
kpi_004,,Insufficient Data,Unavailable,
kpi_004,,Insufficient Data,Unavailable,
kpi_004,,Insufficient Data,Unavailable,
kpi_004,,Insufficient Data,Unavailable,
kpi_004,,Insufficient Data,Unavailable,
kpi_004,,Insufficient Data,Unavailable,
kpi_004,,Insufficient Data,Unavailable,
kpi_004,,Insufficient Data,Unavailable,
kpi_004,,Insufficient Data,Unavailable,
kpi_004,,Insufficient Data,Unavailable,
kpi_004,,Insufficient Data,Unavailable,
kpi_004,,Insufficient Data,Unavailable,
kpi_004,,Insufficient Data,Unavailable,
kpi_004,,Insufficient Data,Unavailable,
kpi_004,,Insufficient Data,Unavailable,
kpi_004,,Insufficient Data,Unavailable,
kpi_004,,Insufficient Data,Unavailable,
kpi_004,,Insufficient Data,Unavailable,
kpi_004,,Insufficient Data,Unavailable,
kpi_004,,Insufficient Data,Unavailable,
kpi_004,,Insufficient Data,Unavailable,
kpi_004,,Insufficient Data,Unavailable,
kpi_004,,Insufficient Data,Unavailable,
kpi_004,,Insufficient Data,Unavailable,
kpi_004,,Insufficient Data,Unavailable,
kpi_004,,Insufficient Data,Unavailable,
kpi_004,,Insufficient Data,Unavailable,
kpi_004,,Insufficient Data,Unavailable,
kpi_004,,Insufficient Data,Unavailable,
kpi_004,,Insufficient Data,Unavailable,
kpi_004,,Insufficient Data,Unavailable,
kpi_004,,Insufficient Data,Unavailable,
kpi_004,,Insufficient Data,Unavailable,
kpi_004,,Insufficient Data,Unavailable,
kpi_004,,Insufficient Data,Unavailable,
kpi_004,,Insufficient Data,Unavailable,
kpi_004,,Insufficient Data,Unavailable,
kpi_004,,Insufficient Data,Unavailable,
kpi_004,,Insufficient Data,Unavailable,
kpi_004,,Insufficient Data,Unavailable,
kpi_004,,Insufficient Data,Unavailable,
kpi_004,,Insufficient Data,Unavailable,
kpi_004,,Insufficient Data,Unavailable,
kpi_004,,Insufficient Data,Unavailable,
kpi_004,,Insufficient Data,Unavailable,
kpi_004,,Insufficient Data,Unavailable,
kpi_004,,Insufficient Data,Unavailable,
kpi_004,,Insufficient Data,Unavailable,
kpi_004,,Insufficient Data,Unavailable,
kpi_004,,Insufficient Data,Unavailable,
kpi_004,,Insufficient Data,Unavailable,
kpi_004,,Insufficient Data,Unavailable,
kpi_004,,Insufficient Data,Unavailable,
kpi_004,,Insufficient Data,Unavailable,
kpi_004,,Insufficient Data,Unavailable,
kpi_004,,Insufficient Data,Unavailable,
kpi_004,,Insufficient Data,Unavailable,
kpi_004,,Insufficient Data,Unavailable,
kpi_004,,Insufficient Data,Unavailable,
kpi_004,,Insufficient Data,Unavailable,
kpi_004,,Insufficient Data,Unavailable,
kpi_004,,Insufficient Data,Unavailable,
kpi_004,,Insufficient Data,Unavailable,
kpi_004,,Insufficient Data,Unavailable,
kpi_004,,Insufficient Data,Unavailable,
kpi_004,,Insufficient Data,Unavailable,
kpi_004,,Insufficient Data,Unavailable,
kpi_004,,Insufficient Data,Unavailable,
kpi_004,,Insufficient Data,Unavailable,
kpi_004,,Insufficient Data,Unavailable,
kpi_004,,Insufficient Data,Unavailable,
kpi_004,,Insufficient Data,Unavailable,
kpi_004,,Insufficient Data,Unavailable,
kpi_004,,Insufficient Data,Unavailable,
kpi_004,,Insufficient Data,Unavailable,
kpi_004,,Insufficient Data,Unavailable,
kpi_004,,Insufficient Data,Unavailable,
kpi_004,,Insufficient Data,Unavailable,
kpi_004,,Insufficient Data,Unavailable,
kpi_004,,Insufficient Data,Unavailable,
kpi_004,,Insufficient Data,Unavailable,
kpi_004,,Insufficient Data,Unavailable,
kpi_004,,Insufficient Data,Unavailable,
kpi_004,,Insufficient Data,Unavailable,
kpi_004,,Insufficient Data,Unavailable,
kpi_004,,Insufficient Data,Unavailable,
kpi_004,,Insufficient Data,Unavailable,
kpi_004,,Insufficient Data,Unavailable,
kpi_004,,Insufficient Data,Unavailable,
kpi_004,,Insufficient Data,Unavailable,
kpi_004,,Insufficient Data,Unavailable,
kpi_004,,Insufficient Data,Unavailable,
kpi_004,,Insufficient Data,Unavailable,
kpi_004,,Insufficient Data,Unavailable,
kpi_004,,Insufficient Data,Unavailable,
kpi_004,,Insufficient Data,Unavailable,
kpi_004,,Insufficient Data,Unavailable,
kpi_004,,Insufficient Data,Unavailable,
kpi_004,,Insufficient Data,Unavailable,
kpi_004,,Insufficient Data,Unavailable,
kpi_004,,Insufficient Data,Unavailable,
kpi_004,,Insufficient Data,Unavailable,
kpi_004,,Insufficient Data,Unavailable,
kpi_004,,Insufficient Data,Unavailable,
kpi_004,,Insufficient Data,Unavailable,
kpi_004,,Insufficient Data,Unavailable,
kpi_004,,Insufficient Data,Unavailable,
kpi_004,,Insufficient Data,Unavailable,
kpi_004,,Insufficient Data,Unavailable,
kpi_004,,Insufficient Data,Unavailable,
kpi_004,,Insufficient Data,Unavailable,
kpi_004,,Insufficient Data,Unavailable,
kpi_004,,Insufficient Data,Unavailable,
kpi_004,,Insufficient Data,Unavailable,
kpi_004,,Insufficient Data,Unavailable,
kpi_004,,Insufficient Data,Unavailable,
kpi_004,,Insufficient Data,Unavailable,
kpi_004,,Insufficient Data,Unavailable,
kpi_004,,Insufficient Data,Unavailable,
kpi_004,,Insufficient Data,Unavailable,
kpi_004,,Insufficient Data,Unavailable,
kpi_004,,Insufficient Data,Unavailable,
kpi_004,,Insufficient Data,Unavailable,
kpi_004,,Insufficient Data,Unavailable,
kpi_004,,Insufficient Data,Unavailable,
kpi_004,,Insufficient Data,Unavailable,
kpi_004,,Insufficient Data,Unavailable,
kpi_004,,Insufficient Data,Unavailable,
kpi_004,,Insufficient Data,Unavailable,
kpi_004,,Insufficient Data,Unavailable,
kpi_004,,Insufficient Data,Unavailable,
kpi_004,,Insufficient Data,Unavailable,
kpi_004,,Insufficient Data,Unavailable,
kpi_004,,Insufficient Data,Unavailable,
kpi_004,,Insufficient Data,Unavailable,
kpi_004,,Insufficient Data,Unavailable,
kpi_004,,Insufficient Data,Unavailable,
kpi_004,,Insufficient Data,Unavailable,
kpi_004,,Insufficient Data,Unavailable,
kpi_004,,Insufficient Data,Unavailable,
kpi_004,,Insufficient Data,Unavailable,
kpi_004,,Insufficient Data,Unavailable,
kpi_004,,Insufficient Data,Unavailable,
kpi_004,,Insufficient Data,Unavailable,
kpi_004,,Insufficient Data,Unavailable,
kpi_004,,Insufficient Data,Unavailable,
kpi_004,,Insufficient Data,Unavailable,
kpi_004,,Insufficient Data,Unavailable,
kpi_004,,Insufficient Data,Unavailable,
kpi_004,,Insufficient Data,Unavailable,
kpi_004,,Insufficient Data,Unavailable,
kpi_004,,Insufficient Data,Unavailable,
kpi_004,,Insufficient Data,Unavailable,
kpi_004,,Insufficient Data,Unavailable,
kpi_004,,Insufficient Data,Unavailable,
kpi_004,,Insufficient Data,Unavailable,
kpi_004,,Insufficient Data,Unavailable,
kpi_004,,Insufficient Data,Unavailable,
kpi_004,,Insufficient Data,Unavailable,
kpi_004,,Insufficient Data,Unavailable,
kpi_004,,Insufficient Data,Unavailable,
kpi_004,,Insufficient Data,Unavailable,
kpi_004,,Insufficient Data,Unavailable,
kpi_004,,Insufficient Data,Unavailable,
kpi_004,,Insufficient Data,Unavailable,
kpi_004,,Insufficient Data,Unavailable,
kpi_004,,Insufficient Data,Unavailable,
kpi_004,,Insufficient Data,Unavailable,
kpi_004,,Insufficient Data,Unavailable,
kpi_004,,Insufficient Data,Unavailable,
kpi_004,,Insufficient Data,Unavailable,
kpi_004,,Insufficient Data,Unavailable,
kpi_004,,Insufficient Data,Unavailable,
kpi_004,,Insufficient Data,Unavailable,
kpi_004,,Insufficient Data,Unavailable,
kpi_004,,Insufficient Data,Unavailable,
kpi_004,,Insufficient Data,Unavailable,
kpi_004,,Insufficient Data,Unavailable,
kpi_004,,Insufficient Data,Unavailable,
kpi_004,,Insufficient Data,Unavailable,
kpi_004,,Insufficient Data,Unavailable,
kpi_004,,Insufficient Data,Unavailable,
kpi_004,,Insufficient Data,Unavailable,
kpi_004,,Insufficient Data,Unavailable,
kpi_004,,Insufficient Data,Unavailable,
kpi_004,,Insufficient Data,Unavailable,
kpi_004,,Insufficient Data,Unavailable,
kpi_004,,Insufficient Data,Unavailable,
kpi_004,,Insufficient Data,Unavailable,
kpi_004,,Insufficient Data,Unavailable,
kpi_004,,Insufficient Data,Unavailable,
kpi_004,,Insufficient Data,Unavailable,
kpi_004,,Insufficient Data,Unavailable,
kpi_004,,Insufficient Data,Unavailable,
kpi_004,,Insufficient Data,Unavailable,
kpi_004,,Insufficient Data,Unavailable,
kpi_004,,Insufficient Data,Unavailable,
kpi_004,,Insufficient Data,Unavailable,
kpi_004,,Insufficient Data,Unavailable,
kpi_004,,Insufficient Data,Unavailable,
kpi_004,,Insufficient Data,Unavailable,
kpi_004,,Insufficient Data,Unavailable,
kpi_004,,Insufficient Data,Unavailable,
kpi_004,,Insufficient Data,Unavailable,
kpi_004,,Insufficient Data,Unavailable,
kpi_004,,Insufficient Data,Unavailable,
kpi_004,,Insufficient Data,Unavailable,
kpi_004,,Insufficient Data,Unavailable,
kpi_004,,Insufficient Data,Unavailable,
kpi_004,,Insufficient Data,Unavailable,
kpi_004,,Insufficient Data,Unavailable,
kpi_004,,Insufficient Data,Unavailable,
kpi_004,,Insufficient Data,Unavailable,
kpi_004,,Insufficient Data,Unavailable,
kpi_004,,Insufficient Data,Unavailable,
kpi_004,,Insufficient Data,Unavailable,
kpi_004,,Insufficient Data,Unavailable,
kpi_004,,Insufficient Data,Unavailable,
kpi_004,,Insufficient Data,Unavailable,
kpi_004,,Insufficient Data,Unavailable,
kpi_004,,Insufficient Data,Unavailable,
kpi_004,,Insufficient Data,Unavailable,
kpi_004,,Insufficient Data,Unavailable,
kpi_004,,Insufficient Data,Unavailable,
kpi_004,,Insufficient Data,Unavailable,
kpi_004,,Insufficient Data,Unavailable,
kpi_004,,Insufficient Data,Unavailable,
kpi_004,,Insufficient Data,Unavailable,
kpi_004,,Insufficient Data,Unavailable,
kpi_004,,Insufficient Data,Unavailable,
kpi_004,,Insufficient Data,Unavailable,
kpi_004,,Insufficient Data,Unavailable,
kpi_004,,Insufficient Data,Unavailable,
kpi_004,,Insufficient Data,Unavailable,
kpi_004,,Insufficient Data,Unavailable,
kpi_004,,Insufficient Data,Unavailable,
kpi_004,,Insufficient Data,Unavailable,
kpi_004,,Insufficient Data,Unavailable,
kpi_004,,Insufficient Data,Unavailable,
kpi_004,,Insufficient Data,Unavailable,
kpi_004,,Insufficient Data,Unavailable,
kpi_004,,Insufficient Data,Unavailable,
kpi_004,,Insufficient Data,Unavailable,
kpi_004,,Insufficient Data,Unavailable,
kpi_004,,Insufficient Data,Unavailable,
kpi_004,,Insufficient Data,Unavailable,
kpi_004,,Insufficient Data,Unavailable,
kpi_004,,Insufficient Data,Unavailable,
kpi_004,,Insufficient Data,Unavailable,
kpi_004,,Insufficient Data,Unavailable,
kpi_004,,Insufficient Data,Unavailable,
kpi_004,,Insufficient Data,Unavailable,
kpi_004,,Insufficient Data,Unavailable,
kpi_004,,Insufficient Data,Unavailable,
kpi_004,,Insufficient Data,Unavailable,
kpi_004,,Insufficient Data,Unavailable,
kpi_004,,Insufficient Data,Unavailable,
kpi_004,,Insufficient Data,Unavailable,
kpi_004,,Insufficient Data,Unavailable,
kpi_004,,Insufficient Data,Unavailable,
kpi_004,,Insufficient Data,Unavailable,
kpi_004,,Insufficient Data,Unavailable,
kpi_004,,Insufficient Data,Unavailable,
kpi_004,,Insufficient Data,Unavailable,
kpi_004,,Insufficient Data,Unavailable,
kpi_004,,Insufficient Data,Unavailable,
kpi_004,,Insufficient Data,Unavailable,
kpi_004,,Insufficient Data,Unavailable,
kpi_004,,Insufficient Data,Unavailable,
kpi_004,,Insufficient Data,Unavailable,
kpi_004,,Insufficient Data,Unavailable,
kpi_004,,Insufficient Data,Unavailable,
kpi_004,,Insufficient Data,Unavailable,
kpi_004,,Insufficient Data,Unavailable,
kpi_004,,Insufficient Data,Unavailable,
kpi_004,,Insufficient Data,Unavailable,
kpi_004,,Insufficient Data,Unavailable,
kpi_004,,Insufficient Data,Unavailable,
kpi_004,,Insufficient Data,Unavailable,
kpi_004,,Insufficient Data,Unavailable,
kpi_004,,Insufficient Data,Unavailable,
kpi_004,,Insufficient Data,Unavailable,
kpi_004,,Insufficient Data,Unavailable,
kpi_004,,Insufficient Data,Unavailable,
kpi_004,,Insufficient Data,Unavailable,
kpi_004,,Insufficient Data,Unavailable,
kpi_004,,Insufficient Data,Unavailable,
kpi_004,,Insufficient Data,Unavailable,
kpi_004,,Insufficient Data,Unavailable,
kpi_004,,Insufficient Data,Unavailable,
kpi_004,,Insufficient Data,Unavailable,
kpi_004,,Insufficient Data,Unavailable,
kpi_004,,Insufficient Data,Unavailable,
kpi_004,,Insufficient Data,Unavailable,
kpi_004,,Insufficient Data,Unavailable,
kpi_004,,Insufficient Data,Unavailable,
kpi_004,,Insufficient Data,Unavailable,
kpi_004,,Insufficient Data,Unavailable,
kpi_004,,Insufficient Data,Unavailable,
kpi_004,,Insufficient Data,Unavailable,
kpi_004,,Insufficient Data,Unavailable,
kpi_004,,Insufficient Data,Unavailable,
kpi_004,,Insufficient Data,Unavailable,
kpi_004,,Insufficient Data,Unavailable,
kpi_004,,Insufficient Data,Unavailable,
kpi_004,,Insufficient Data,Unavailable,
kpi_004,,Insufficient Data,Unavailable,
kpi_004,,Insufficient Data,Unavailable,
kpi_004,,Insufficient Data,Unavailable,
kpi_004,,Insufficient Data,Unavailable,
kpi_004,,Insufficient Data,Unavailable,
kpi_004,,Insufficient Data,Unavailable,
kpi_004,,Insufficient Data,Unavailable,
kpi_004,,Insufficient Data,Unavailable,
kpi_004,,Insufficient Data,Unavailable,
kpi_004,,Insufficient Data,Unavailable,
kpi_004,,Insufficient Data,Unavailable,
kpi_004,,Insufficient Data,Unavailable,
kpi_004,,Insufficient Data,Unavailable,
kpi_004,,Insufficient Data,Unavailable,
kpi_004,,Insufficient Data,Unavailable,
kpi_004,,Insufficient Data,Unavailable,
kpi_004,,Insufficient Data,Unavailable,
kpi_004,,Insufficient Data,Unavailable,
kpi_004,,Insufficient Data,Unavailable,
kpi_004,,Insufficient Data,Unavailable,
kpi_004,,Insufficient Data,Unavailable,
kpi_004,,Insufficient Data,Unavailable,
kpi_004,,Insufficient Data,Unavailable,
kpi_004,,Insufficient Data,Unavailable,
kpi_004,,Insufficient Data,Unavailable,
kpi_004,,Insufficient Data,Unavailable,
kpi_004,,Insufficient Data,Unavailable,
kpi_004,,Insufficient Data,Unavailable,
kpi_004,,Insufficient Data,Unavailable,
kpi_004,,Insufficient Data,Unavailable,
kpi_004,,Insufficient Data,Unavailable,
kpi_004,,Insufficient Data,Unavailable,
kpi_004,,Insufficient Data,Unavailable,
kpi_004,,Insufficient Data,Unavailable,
kpi_004,,Insufficient Data,Unavailable,
kpi_004,,Insufficient Data,Unavailable,
kpi_004,,Insufficient Data,Unavailable,
kpi_004,,Insufficient Data,Unavailable,
kpi_004,,Insufficient Data,Unavailable,
kpi_004,,Insufficient Data,Unavailable,
kpi_004,,Insufficient Data,Unavailable,
kpi_004,,Insufficient Data,Unavailable,
kpi_004,,Insufficient Data,Unavailable,
kpi_004,,Insufficient Data,Unavailable,
kpi_004,,Insufficient Data,Unavailable,
kpi_004,,Insufficient Data,Unavailable,
kpi_004,,Insufficient Data,Unavailable,
kpi_004,,Insufficient Data,Unavailable,
kpi_004,,Insufficient Data,Unavailable,
kpi_004,,Insufficient Data,Unavailable,
kpi_004,,Insufficient Data,Unavailable,
kpi_004,,Insufficient Data,Unavailable,
kpi_004,,Insufficient Data,Unavailable,
kpi_004,,Insufficient Data,Unavailable,
kpi_004,,Insufficient Data,Unavailable,
kpi_004,,Insufficient Data,Unavailable,
kpi_004,,Insufficient Data,Unavailable,
kpi_004,,Insufficient Data,Unavailable,
kpi_004,,Insufficient Data,Unavailable,
kpi_004,,Insufficient Data,Unavailable,
kpi_004,,Insufficient Data,Unavailable,
kpi_004,,Insufficient Data,Unavailable,
kpi_004,,Insufficient Data,Unavailable,
kpi_004,,Insufficient Data,Unavailable,
kpi_004,,Insufficient Data,Unavailable,
kpi_004,,Insufficient Data,Unavailable,
kpi_004,,Insufficient Data,Unavailable,
kpi_004,,Insufficient Data,Unavailable,
kpi_004,,Insufficient Data,Unavailable,
kpi_004,,Insufficient Data,Unavailable,
kpi_004,,Insufficient Data,Unavailable,
kpi_004,,Insufficient Data,Unavailable,
kpi_004,,Insufficient Data,Unavailable,
kpi_004,,Insufficient Data,Unavailable,
kpi_004,,Insufficient Data,Unavailable,
kpi_004,,Insufficient Data,Unavailable,
kpi_004,,Insufficient Data,Unavailable,
kpi_004,,Insufficient Data,Unavailable,
kpi_004,,Insufficient Data,Unavailable,
kpi_004,,Insufficient Data,Unavailable,
kpi_004,,Insufficient Data,Unavailable,
kpi_004,,Insufficient Data,Unavailable,
kpi_004,,Insufficient Data,Unavailable,
kpi_004,,Insufficient Data,Unavailable,
kpi_004,,Insufficient Data,Unavailable,
kpi_004,,Insufficient Data,Unavailable,
kpi_004,,Insufficient Data,Unavailable,
kpi_004,,Insufficient Data,Unavailable,
kpi_004,,Insufficient Data,Unavailable,
kpi_004,,Insufficient Data,Unavailable,
kpi_004,,Insufficient Data,Unavailable,
kpi_004,,Insufficient Data,Unavailable,
kpi_004,,Insufficient Data,Unavailable,
kpi_004,,Insufficient Data,Unavailable,
kpi_004,,Insufficient Data,Unavailable,
kpi_004,,Insufficient Data,Unavailable,
kpi_004,,Insufficient Data,Unavailable,
kpi_004,,Insufficient Data,Unavailable,
kpi_004,,Insufficient Data,Unavailable,
kpi_004,,Insufficient Data,Unavailable,
kpi_004,,Insufficient Data,Unavailable,
kpi_004,,Insufficient Data,Unavailable,
kpi_004,,Insufficient Data,Unavailable,
kpi_004,,Insufficient Data,Unavailable,
kpi_004,,Insufficient Data,Unavailable,
kpi_004,,Insufficient Data,Unavailable,
kpi_004,,Insufficient Data,Unavailable,
kpi_004,,Insufficient Data,Unavailable,
kpi_004,,Insufficient Data,Unavailable,
kpi_004,,Insufficient Data,Unavailable,
kpi_004,,Insufficient Data,Unavailable,
kpi_004,,Insufficient Data,Unavailable,
kpi_004,,Insufficient Data,Unavailable,
kpi_004,,Insufficient Data,Unavailable,
kpi_004,,Insufficient Data,Unavailable,
kpi_004,,Insufficient Data,Unavailable,
kpi_004,,Insufficient Data,Unavailable,
kpi_004,,Insufficient Data,Unavailable,
kpi_004,,Insufficient Data,Unavailable,
kpi_004,,Insufficient Data,Unavailable,
kpi_004,,Insufficient Data,Unavailable,
kpi_004,,Insufficient Data,Unavailable,
kpi_004,,Insufficient Data,Unavailable,
kpi_004,,Insufficient Data,Unavailable,
kpi_004,,Insufficient Data,Unavailable,
kpi_004,,Insufficient Data,Unavailable,
kpi_004,,Insufficient Data,Unavailable,
kpi_004,,Insufficient Data,Unavailable,
kpi_004,,Insufficient Data,Unavailable,
kpi_004,,Insufficient Data,Unavailable,
kpi_004,,Insufficient Data,Unavailable,
kpi_004,,Insufficient Data,Unavailable,
kpi_004,,Insufficient Data,Unavailable,
kpi_004,,Insufficient Data,Unavailable,
kpi_004,,Insufficient Data,Unavailable,
kpi_004,,Insufficient Data,Unavailable,
kpi_004,,Insufficient Data,Unavailable,
kpi_004,,Insufficient Data,Unavailable,
kpi_004,,Insufficient Data,Unavailable,
kpi_004,,Insufficient Data,Unavailable,
kpi_004,,Insufficient Data,Unavailable,
kpi_004,,Insufficient Data,Unavailable,
kpi_004,,Insufficient Data,Unavailable,
kpi_004,,Insufficient Data,Unavailable,
kpi_004,,Insufficient Data,Unavailable,
kpi_004,,Insufficient Data,Unavailable,
kpi_004,,Insufficient Data,Unavailable,
kpi_004,,Insufficient Data,Unavailable,
kpi_004,,Insufficient Data,Unavailable,
kpi_004,,Insufficient Data,Unavailable,
kpi_004,,Insufficient Data,Unavailable,
kpi_004,,Insufficient Data,Unavailable,
kpi_004,,Insufficient Data,Unavailable,
kpi_004,,Insufficient Data,Unavailable,
kpi_004,,Insufficient Data,Unavailable,
kpi_004,,Insufficient Data,Unavailable,
kpi_004,,Insufficient Data,Unavailable,
kpi_004,,Insufficient Data,Unavailable,
kpi_004,,Insufficient Data,Unavailable,
kpi_004,,Insufficient Data,Unavailable,
kpi_004,,Insufficient Data,Unavailable,
kpi_004,,Insufficient Data,Unavailable,
kpi_004,,Insufficient Data,Unavailable,
kpi_004,,Insufficient Data,Unavailable,
kpi_004,,Insufficient Data,Unavailable,
kpi_004,,Insufficient Data,Unavailable,
kpi_004,,Insufficient Data,Unavailable,
kpi_004,,Insufficient Data,Unavailable,
kpi_004,,Insufficient Data,Unavailable,
kpi_004,,Insufficient Data,Unavailable,
kpi_004,,Insufficient Data,Unavailable,
kpi_004,,Insufficient Data,Unavailable,
kpi_004,,Insufficient Data,Unavailable,
kpi_004,,Insufficient Data,Unavailable,
kpi_004,,Insufficient Data,Unavailable,
kpi_004,,Insufficient Data,Unavailable,
kpi_004,,Insufficient Data,Unavailable,
kpi_004,,Insufficient Data,Unavailable,
kpi_004,,Insufficient Data,Unavailable,
kpi_004,,Insufficient Data,Unavailable,
kpi_004,,Insufficient Data,Unavailable,
kpi_004,,Insufficient Data,Unavailable,
kpi_004,,Insufficient Data,Unavailable,
kpi_005,,Zero Denominator,Unavailable,
kpi_005,,Zero Denominator,Unavailable,
kpi_005,,Zero Denominator,Unavailable,
kpi_005,,Zero Denominator,Unavailable,
kpi_005,,Zero Denominator,Unavailable,
kpi_005,,Zero Denominator,Unavailable,
kpi_005,,Insufficient Data,Unavailable,
kpi_005,,Zero Denominator,Unavailable,
kpi_005,,Zero Denominator,Unavailable,
kpi_005,,Zero Denominator,Unavailable,
kpi_005,,Insufficient Data,Unavailable,
kpi_005,,Zero Denominator,Unavailable,
kpi_005,,Zero Denominator,Unavailable,
kpi_005,,Zero Denominator,Unavailable,
kpi_005,,Zero Denominator,Unavailable,
kpi_005,,Zero Denominator,Unavailable,
kpi_005,,Zero Denominator,Unavailable,
kpi_005,,Zero Denominator,Unavailable,
kpi_005,,Zero Denominator,Unavailable,
kpi_005,,Zero Denominator,Unavailable,
kpi_005,,Zero Denominator,Unavailable,
kpi_005,,Zero Denominator,Unavailable,
kpi_005,,Insufficient Data,Unavailable,
kpi_005,,Insufficient Data,Unavailable,
kpi_005,,Zero Denominator,Unavailable,
kpi_005,,Zero Denominator,Unavailable,
kpi_005,,Zero Denominator,Unavailable,
kpi_005,,Zero Denominator,Unavailable,
kpi_005,,Zero Denominator,Unavailable,
kpi_005,,Zero Denominator,Unavailable,
kpi_005,,Zero Denominator,Unavailable,
kpi_005,,Zero Denominator,Unavailable,
kpi_005,,Zero Denominator,Unavailable,
kpi_005,,Insufficient Data,Unavailable,
kpi_005,,Zero Denominator,Unavailable,
kpi_005,,Zero Denominator,Unavailable,
kpi_005,,Zero Denominator,Unavailable,
kpi_005,,Zero Denominator,Unavailable,
kpi_005,,Zero Denominator,Unavailable,
kpi_005,,Zero Denominator,Unavailable,
kpi_005,,Zero Denominator,Unavailable,
kpi_005,,Zero Denominator,Unavailable,
kpi_005,,Zero Denominator,Unavailable,
kpi_005,,Zero Denominator,Unavailable,
kpi_005,,Zero Denominator,Unavailable,
kpi_005,,Zero Denominator,Unavailable,
kpi_005,,Zero Denominator,Unavailable,
kpi_005,,Insufficient Data,Unavailable,
kpi_005,,Zero Denominator,Unavailable,
kpi_005,,Zero Denominator,Unavailable,
kpi_005,,Zero Denominator,Unavailable,
kpi_005,,Insufficient Data,Unavailable,
kpi_005,,Zero Denominator,Unavailable,
kpi_005,,Zero Denominator,Unavailable,
kpi_005,,Zero Denominator,Unavailable,
kpi_005,,Zero Denominator,Unavailable,
kpi_005,,Zero Denominator,Unavailable,
kpi_005,,Zero Denominator,Unavailable,
kpi_005,,Zero Denominator,Unavailable,
kpi_005,,Zero Denominator,Unavailable,
kpi_005,,Zero Denominator,Unavailable,
kpi_005,,Zero Denominator,Unavailable,
kpi_005,,Zero Denominator,Unavailable,
kpi_005,,Zero Denominator,Unavailable,
kpi_005,,Insufficient Data,Unavailable,
kpi_005,,Zero Denominator,Unavailable,
kpi_005,,Zero Denominator,Unavailable,
kpi_005,,Zero Denominator,Unavailable,
kpi_005,,Zero Denominator,Unavailable,
kpi_005,,Zero Denominator,Unavailable,
kpi_005,,Zero Denominator,Unavailable,
kpi_005,,Zero Denominator,Unavailable,
kpi_005,,Zero Denominator,Unavailable,
kpi_005,,Insufficient Data,Unavailable,
kpi_005,,Insufficient Data,Unavailable,
kpi_005,,Zero Denominator,Unavailable,
kpi_005,,Zero Denominator,Unavailable,
kpi_005,,Zero Denominator,Unavailable,
kpi_005,,Zero Denominator,Unavailable,
kpi_005,,Zero Denominator,Unavailable,
kpi_005,,Zero Denominator,Unavailable,
kpi_005,,Zero Denominator,Unavailable,
kpi_005,,Zero Denominator,Unavailable,
kpi_005,,Zero Denominator,Unavailable,
kpi_005,,Insufficient Data,Unavailable,
kpi_005,,Zero Denominator,Unavailable,
kpi_005,,Zero Denominator,Unavailable,
kpi_005,,Zero Denominator,Unavailable,
kpi_005,,Zero Denominator,Unavailable,
kpi_005,,Insufficient Data,Unavailable,
kpi_005,,Zero Denominator,Unavailable,
kpi_005,,Zero Denominator,Unavailable,
kpi_005,,Zero Denominator,Unavailable,
kpi_005,,Zero Denominator,Unavailable,
kpi_005,,Zero Denominator,Unavailable,
kpi_005,,Zero Denominator,Unavailable,
kpi_005,,Zero Denominator,Unavailable,
kpi_005,,Zero Denominator,Unavailable,
kpi_005,,Zero Denominator,Unavailable,
kpi_005,,Zero Denominator,Unavailable,
kpi_005,,Zero Denominator,Unavailable,
kpi_005,,Zero Denominator,Unavailable,
kpi_005,,Zero Denominator,Unavailable,
kpi_005,,Insufficient Data,Unavailable,
kpi_005,,Zero Denominator,Unavailable,
kpi_005,,Zero Denominator,Unavailable,
kpi_005,,Zero Denominator,Unavailable,
kpi_005,,Zero Denominator,Unavailable,
kpi_005,,Zero Denominator,Unavailable,
kpi_005,,Zero Denominator,Unavailable,
kpi_005,,Zero Denominator,Unavailable,
kpi_005,,Zero Denominator,Unavailable,
kpi_005,,Zero Denominator,Unavailable,
kpi_005,,Zero Denominator,Unavailable,
kpi_005,,Zero Denominator,Unavailable,
kpi_005,,Zero Denominator,Unavailable,
kpi_005,,Zero Denominator,Unavailable,
kpi_005,,Zero Denominator,Unavailable,
kpi_005,,Zero Denominator,Unavailable,
kpi_005,,Zero Denominator,Unavailable,
kpi_005,,Zero Denominator,Unavailable,
kpi_005,,Zero Denominator,Unavailable,
kpi_005,,Zero Denominator,Unavailable,
kpi_005,,Zero Denominator,Unavailable,
kpi_005,,Zero Denominator,Unavailable,
kpi_005,,Zero Denominator,Unavailable,
kpi_005,,Zero Denominator,Unavailable,
kpi_005,,Zero Denominator,Unavailable,
kpi_005,,Zero Denominator,Unavailable,
kpi_005,,Zero Denominator,Unavailable,
kpi_005,,Zero Denominator,Unavailable,
kpi_005,,Zero Denominator,Unavailable,
kpi_005,,Zero Denominator,Unavailable,
kpi_005,,Zero Denominator,Unavailable,
kpi_005,,Zero Denominator,Unavailable,
kpi_005,,Insufficient Data,Unavailable,
kpi_005,,Zero Denominator,Unavailable,
kpi_005,,Zero Denominator,Unavailable,
kpi_005,,Zero Denominator,Unavailable,
kpi_005,,Zero Denominator,Unavailable,
kpi_005,,Insufficient Data,Unavailable,
kpi_005,,Zero Denominator,Unavailable,
kpi_005,,Zero Denominator,Unavailable,
kpi_005,,Zero Denominator,Unavailable,
kpi_005,,Zero Denominator,Unavailable,
kpi_005,,Zero Denominator,Unavailable,
kpi_005,,Zero Denominator,Unavailable,
kpi_005,,Insufficient Data,Unavailable,
kpi_005,,Zero Denominator,Unavailable,
kpi_005,,Zero Denominator,Unavailable,
kpi_005,,Zero Denominator,Unavailable,
kpi_005,,Zero Denominator,Unavailable,
kpi_005,,Zero Denominator,Unavailable,
kpi_005,,Zero Denominator,Unavailable,
kpi_005,,Zero Denominator,Unavailable,
kpi_005,,Zero Denominator,Unavailable,
kpi_005,,Zero Denominator,Unavailable,
kpi_005,,Zero Denominator,Unavailable,
kpi_005,,Zero Denominator,Unavailable,
kpi_005,,Zero Denominator,Unavailable,
kpi_005,,Zero Denominator,Unavailable,
kpi_005,,Zero Denominator,Unavailable,
kpi_005,,Insufficient Data,Unavailable,
kpi_005,,Zero Denominator,Unavailable,
kpi_005,,Zero Denominator,Unavailable,
kpi_005,,Zero Denominator,Unavailable,
kpi_005,,Zero Denominator,Unavailable,
kpi_005,,Zero Denominator,Unavailable,
kpi_005,,Zero Denominator,Unavailable,
kpi_005,,Zero Denominator,Unavailable,
kpi_005,,Zero Denominator,Unavailable,
kpi_005,,Zero Denominator,Unavailable,
kpi_005,,Zero Denominator,Unavailable,
kpi_005,,Zero Denominator,Unavailable,
kpi_005,,Zero Denominator,Unavailable,
kpi_005,,Zero Denominator,Unavailable,
kpi_005,,Zero Denominator,Unavailable,
kpi_005,,Zero Denominator,Unavailable,
kpi_005,,Zero Denominator,Unavailable,
kpi_005,,Zero Denominator,Unavailable,
kpi_005,,Insufficient Data,Unavailable,
kpi_005,,Insufficient Data,Unavailable,
kpi_005,,Insufficient Data,Unavailable,
kpi_005,,Zero Denominator,Unavailable,
kpi_005,,Zero Denominator,Unavailable,
kpi_005,,Zero Denominator,Unavailable,
kpi_005,,Zero Denominator,Unavailable,
kpi_005,,Zero Denominator,Unavailable,
kpi_005,,Zero Denominator,Unavailable,
kpi_005,,Zero Denominator,Unavailable,
kpi_005,,Zero Denominator,Unavailable,
kpi_005,,Zero Denominator,Unavailable,
kpi_005,,Zero Denominator,Unavailable,
kpi_005,,Zero Denominator,Unavailable,
kpi_005,,Zero Denominator,Unavailable,
kpi_005,,Insufficient Data,Unavailable,
kpi_005,,Zero Denominator,Unavailable,
kpi_005,,Zero Denominator,Unavailable,
kpi_005,,Zero Denominator,Unavailable,
kpi_005,,Zero Denominator,Unavailable,
kpi_005,,Insufficient Data,Unavailable,
kpi_005,,Zero Denominator,Unavailable,
kpi_005,,Zero Denominator,Unavailable,
kpi_005,,Zero Denominator,Unavailable,
kpi_005,,Zero Denominator,Unavailable,
kpi_005,,Zero Denominator,Unavailable,
kpi_005,,Zero Denominator,Unavailable,
kpi_005,,Zero Denominator,Unavailable,
kpi_005,,Insufficient Data,Unavailable,
kpi_005,,Zero Denominator,Unavailable,
kpi_005,,Insufficient Data,Unavailable,
kpi_005,,Zero Denominator,Unavailable,
kpi_005,,Zero Denominator,Unavailable,
kpi_005,,Zero Denominator,Unavailable,
kpi_005,,Zero Denominator,Unavailable,
kpi_005,,Zero Denominator,Unavailable,
kpi_005,,Zero Denominator,Unavailable,
kpi_005,,Zero Denominator,Unavailable,
kpi_005,,Zero Denominator,Unavailable,
kpi_005,,Zero Denominator,Unavailable,
kpi_005,,Zero Denominator,Unavailable,
kpi_005,,Zero Denominator,Unavailable,
kpi_005,,Zero Denominator,Unavailable,
kpi_005,,Zero Denominator,Unavailable,
kpi_005,,Zero Denominator,Unavailable,
kpi_005,,Zero Denominator,Unavailable,
kpi_005,,Zero Denominator,Unavailable,
kpi_005,,Zero Denominator,Unavailable,
kpi_005,,Zero Denominator,Unavailable,
kpi_005,,Zero Denominator,Unavailable,
kpi_005,,Zero Denominator,Unavailable,
kpi_005,,Zero Denominator,Unavailable,
kpi_005,,Zero Denominator,Unavailable,
kpi_005,,Zero Denominator,Unavailable,
kpi_005,,Zero Denominator,Unavailable,
kpi_005,,Zero Denominator,Unavailable,
kpi_005,,Zero Denominator,Unavailable,
kpi_005,,Zero Denominator,Unavailable,
kpi_005,,Zero Denominator,Unavailable,
kpi_005,,Zero Denominator,Unavailable,
kpi_005,,Zero Denominator,Unavailable,
kpi_005,,Zero Denominator,Unavailable,
kpi_005,,Zero Denominator,Unavailable,
kpi_005,,Zero Denominator,Unavailable,
kpi_005,,Zero Denominator,Unavailable,
kpi_005,,Zero Denominator,Unavailable,
kpi_005,,Zero Denominator,Unavailable,
kpi_005,,Zero Denominator,Unavailable,
kpi_005,,Zero Denominator,Unavailable,
kpi_005,,Zero Denominator,Unavailable,
kpi_005,,Insufficient Data,Unavailable,
kpi_005,,Zero Denominator,Unavailable,
kpi_005,,Insufficient Data,Unavailable,
kpi_005,,Zero Denominator,Unavailable,
kpi_005,,Zero Denominator,Unavailable,
kpi_005,,Zero Denominator,Unavailable,
kpi_005,,Zero Denominator,Unavailable,
kpi_005,,Insufficient Data,Unavailable,
kpi_005,,Zero Denominator,Unavailable,
kpi_005,,Insufficient Data,Unavailable,
kpi_005,,Zero Denominator,Unavailable,
kpi_005,,Zero Denominator,Unavailable,
kpi_005,,Zero Denominator,Unavailable,
kpi_005,,Zero Denominator,Unavailable,
kpi_005,,Zero Denominator,Unavailable,
kpi_005,,Zero Denominator,Unavailable,
kpi_005,,Insufficient Data,Unavailable,
kpi_005,,Zero Denominator,Unavailable,
kpi_005,,Zero Denominator,Unavailable,
kpi_005,,Zero Denominator,Unavailable,
kpi_005,,Zero Denominator,Unavailable,
kpi_005,,Zero Denominator,Unavailable,
kpi_005,,Zero Denominator,Unavailable,
kpi_005,,Insufficient Data,Unavailable,
kpi_005,,Zero Denominator,Unavailable,
kpi_005,,Zero Denominator,Unavailable,
kpi_005,,Insufficient Data,Unavailable,
kpi_005,,Zero Denominator,Unavailable,
kpi_005,,Zero Denominator,Unavailable,
kpi_005,,Zero Denominator,Unavailable,
kpi_005,,Zero Denominator,Unavailable,
kpi_005,,Zero Denominator,Unavailable,
kpi_005,,Zero Denominator,Unavailable,
kpi_005,,Zero Denominator,Unavailable,
kpi_005,,Zero Denominator,Unavailable,
kpi_005,,Zero Denominator,Unavailable,
kpi_005,,Zero Denominator,Unavailable,
kpi_005,,Zero Denominator,Unavailable,
kpi_005,,Zero Denominator,Unavailable,
kpi_005,,Zero Denominator,Unavailable,
kpi_005,,Zero Denominator,Unavailable,
kpi_005,,Zero Denominator,Unavailable,
kpi_005,,Zero Denominator,Unavailable,
kpi_005,,Zero Denominator,Unavailable,
kpi_005,,Zero Denominator,Unavailable,
kpi_005,,Zero Denominator,Unavailable,
kpi_005,,Zero Denominator,Unavailable,
kpi_005,,Zero Denominator,Unavailable,
kpi_005,,Zero Denominator,Unavailable,
kpi_005,,Zero Denominator,Unavailable,
kpi_005,,Zero Denominator,Unavailable,
kpi_005,,Zero Denominator,Unavailable,
kpi_005,,Zero Denominator,Unavailable,
kpi_005,,Zero Denominator,Unavailable,
kpi_005,,Zero Denominator,Unavailable,
kpi_005,,Zero Denominator,Unavailable,
kpi_005,,Zero Denominator,Unavailable,
kpi_005,,Zero Denominator,Unavailable,
kpi_005,,Zero Denominator,Unavailable,
kpi_005,,Zero Denominator,Unavailable,
kpi_005,,Zero Denominator,Unavailable,
kpi_005,,Zero Denominator,Unavailable,
kpi_005,,Zero Denominator,Unavailable,
kpi_005,,Zero Denominator,Unavailable,
kpi_005,,Zero Denominator,Unavailable,
kpi_005,,Zero Denominator,Unavailable,
kpi_005,,Zero Denominator,Unavailable,
kpi_005,,Zero Denominator,Unavailable,
kpi_005,,Zero Denominator,Unavailable,
kpi_005,,Insufficient Data,Unavailable,
kpi_005,,Zero Denominator,Unavailable,
kpi_005,,Zero Denominator,Unavailable,
kpi_005,,Zero Denominator,Unavailable,
kpi_005,,Zero Denominator,Unavailable,
kpi_005,,Zero Denominator,Unavailable,
kpi_005,,Zero Denominator,Unavailable,
kpi_005,,Zero Denominator,Unavailable,
kpi_005,,Zero Denominator,Unavailable,
kpi_005,,Zero Denominator,Unavailable,
kpi_005,,Zero Denominator,Unavailable,
kpi_005,,Zero Denominator,Unavailable,
kpi_005,,Zero Denominator,Unavailable,
kpi_005,,Zero Denominator,Unavailable,
kpi_005,,Zero Denominator,Unavailable,
kpi_005,,Zero Denominator,Unavailable,
kpi_005,,Zero Denominator,Unavailable,
kpi_005,,Zero Denominator,Unavailable,
kpi_005,,Zero Denominator,Unavailable,
kpi_005,,Zero Denominator,Unavailable,
kpi_005,,Zero Denominator,Unavailable,
kpi_005,,Zero Denominator,Unavailable,
kpi_005,,Insufficient Data,Unavailable,
kpi_005,,Zero Denominator,Unavailable,
kpi_005,,Zero Denominator,Unavailable,
kpi_005,,Insufficient Data,Unavailable,
kpi_005,,Zero Denominator,Unavailable,
kpi_005,,Zero Denominator,Unavailable,
kpi_005,,Zero Denominator,Unavailable,
kpi_005,,Zero Denominator,Unavailable,
kpi_005,,Zero Denominator,Unavailable,
kpi_005,,Zero Denominator,Unavailable,
kpi_005,,Zero Denominator,Unavailable,
kpi_005,,Zero Denominator,Unavailable,
kpi_005,,Zero Denominator,Unavailable,
kpi_005,,Zero Denominator,Unavailable,
kpi_005,,Zero Denominator,Unavailable,
kpi_005,,Zero Denominator,Unavailable,
kpi_005,,Zero Denominator,Unavailable,
kpi_005,,Zero Denominator,Unavailable,
kpi_005,,Zero Denominator,Unavailable,
kpi_005,,Zero Denominator,Unavailable,
kpi_005,,Zero Denominator,Unavailable,
kpi_005,,Zero Denominator,Unavailable,
kpi_005,,Zero Denominator,Unavailable,
kpi_005,,Zero Denominator,Unavailable,
kpi_005,0.0,Calculated,Green,
kpi_005,,Insufficient Data,Unavailable,
kpi_005,0.0,Calculated,Green,
kpi_005,17.241379310344826,Calculated,Amber,
kpi_005,0.0,Calculated,Green,
kpi_005,0.0,Calculated,Green,
kpi_005,23.809523809523807,Calculated,Red,
kpi_005,17.241379310344826,Calculated,Amber,
kpi_005,18.867924528301884,Calculated,Amber,
kpi_005,0.0,Calculated,Green,
kpi_005,0.0,Calculated,Green,
kpi_005,19.23076923076924,Calculated,Amber,
kpi_005,0.0,Calculated,Green,
kpi_005,0.0,Calculated,Green,
kpi_005,0.0,Calculated,Green,
kpi_005,22.22222222222222,Calculated,Red,
kpi_005,0.0,Calculated,Green,
kpi_005,0.0,Calculated,Green,
kpi_005,0.0,Calculated,Green,
kpi_005,0.0,Calculated,Green,
kpi_005,,Insufficient Data,Unavailable,
kpi_005,0.0,Calculated,Green,
kpi_005,22.727272727272727,Calculated,Red,
kpi_005,0.0,Calculated,Green,
kpi_005,,Insufficient Data,Unavailable,
kpi_005,17.857142857142858,Calculated,Amber,
kpi_005,0.0,Calculated,Green,
kpi_005,,Insufficient Data,Unavailable,
kpi_005,,Insufficient Data,Unavailable,
kpi_005,25.0,Calculated,Red,
kpi_005,0.0,Calculated,Green,
kpi_005,0.0,Calculated,Green,
kpi_005,0.0,Calculated,Green,
kpi_005,0.0,Calculated,Green,
kpi_005,0.0,Calculated,Green,
kpi_005,0.0,Calculated,Green,
kpi_005,0.0,Calculated,Green,
kpi_005,22.22222222222222,Calculated,Red,
kpi_005,0.0,Calculated,Green,
kpi_005,0.0,Calculated,Green,
kpi_005,0.0,Calculated,Green,
kpi_005,0.0,Calculated,Green,
kpi_005,0.0,Calculated,Green,
kpi_005,33.333333333333336,Calculated,Red,
kpi_005,0.0,Calculated,Green,
kpi_005,0.0,Calculated,Green,
kpi_005,0.0,Calculated,Green,
kpi_005,0.0,Calculated,Green,
kpi_005,0.0,Calculated,Green,
kpi_005,0.0,Calculated,Green,
kpi_005,22.22222222222222,Calculated,Red,
kpi_005,0.0,Calculated,Green,
kpi_005,,Insufficient Data,Unavailable,
kpi_005,19.23076923076924,Calculated,Amber,
kpi_005,0.0,Calculated,Green,
kpi_005,0.0,Calculated,Green,
kpi_005,17.543859649122805,Calculated,Amber,
kpi_005,,Insufficient Data,Unavailable,
kpi_005,0.0,Calculated,Green,
kpi_005,,Insufficient Data,Unavailable,
kpi_005,20.40816326530612,Calculated,Red,
kpi_005,0.0,Calculated,Green,
kpi_005,18.867924528301884,Calculated,Amber,
kpi_005,0.0,Calculated,Green,
kpi_005,0.0,Calculated,Green,
kpi_005,45.45454545454545,Calculated,Red,
kpi_005,17.543859649122805,Calculated,Amber,
kpi_005,40.0,Calculated,Red,
kpi_005,0.0,Calculated,Green,
kpi_005,0.0,Calculated,Green,
kpi_005,0.0,Calculated,Green,
kpi_005,,Insufficient Data,Unavailable,
kpi_005,0.0,Calculated,Green,
kpi_005,0.0,Calculated,Green,
kpi_005,0.0,Calculated,Green,
kpi_005,18.51851851851852,Calculated,Amber,
kpi_005,22.22222222222222,Calculated,Red,
kpi_005,20.40816326530612,Calculated,Red,
kpi_005,23.25581395348837,Calculated,Red,
kpi_005,16.949152542372882,Calculated,Amber,
kpi_005,0.0,Calculated,Green,
kpi_005,0.0,Calculated,Green,
kpi_005,22.727272727272727,Calculated,Red,
kpi_005,0.0,Calculated,Green,
kpi_005,0.0,Calculated,Green,
kpi_005,17.543859649122805,Calculated,Amber,
kpi_005,17.241379310344826,Calculated,Amber,
kpi_005,0.0,Calculated,Green,
kpi_005,0.0,Calculated,Green,
kpi_005,21.27659574468085,Calculated,Red,
kpi_005,14.084507042253522,Calculated,Green,
kpi_005,,Insufficient Data,Unavailable,
kpi_005,18.51851851851852,Calculated,Amber,
kpi_005,15.151515151515152,Calculated,Amber,
kpi_005,12.195121951219512,Calculated,Green,
kpi_005,0.0,Calculated,Green,
kpi_005,37.73584905660377,Calculated,Red,
kpi_005,0.0,Calculated,Green,
kpi_005,13.888888888888888,Calculated,Green,
kpi_005,17.857142857142858,Calculated,Amber,
kpi_005,0.0,Calculated,Green,
kpi_005,0.0,Calculated,Green,
kpi_005,19.23076923076924,Calculated,Amber,
kpi_005,27.77777777777777,Calculated,Red,
kpi_005,0.0,Calculated,Green,
kpi_005,0.0,Calculated,Green,
kpi_005,0.0,Calculated,Green,
kpi_005,,Insufficient Data,Unavailable,
kpi_005,0.0,Calculated,Green,
kpi_005,27.77777777777777,Calculated,Red,
kpi_005,16.666666666666668,Calculated,Amber,
kpi_005,15.151515151515152,Calculated,Amber,
kpi_005,0.0,Calculated,Green,
kpi_005,,Insufficient Data,Unavailable,
kpi_005,0.0,Calculated,Green,
kpi_005,52.63157894736842,Calculated,Red,
kpi_005,0.0,Calculated,Green,
kpi_005,0.0,Calculated,Green,
kpi_005,0.0,Calculated,Green,
kpi_005,0.0,Calculated,Green,
kpi_005,19.23076923076924,Calculated,Amber,
kpi_005,,Insufficient Data,Unavailable,
kpi_005,15.625,Calculated,Amber,
kpi_005,14.705882352941176,Calculated,Green,
kpi_005,0.0,Calculated,Green,
kpi_005,41.66666666666666,Calculated,Red,
kpi_005,0.0,Calculated,Green,
kpi_005,0.0,Calculated,Green,
kpi_005,18.51851851851852,Calculated,Amber,
kpi_005,,Insufficient Data,Unavailable,
kpi_005,0.0,Calculated,Green,
kpi_005,0.0,Calculated,Green,
kpi_005,19.607843137254903,Calculated,Amber,
kpi_005,0.0,Calculated,Green,
kpi_005,,Insufficient Data,Unavailable,
kpi_005,0.0,Calculated,Green,
kpi_005,0.0,Calculated,Green,
kpi_005,18.51851851851852,Calculated,Amber,
kpi_005,,Insufficient Data,Unavailable,
kpi_005,0.0,Calculated,Green,
kpi_005,15.625,Calculated,Amber,
kpi_005,14.92537313432836,Calculated,Amber,
kpi_005,0.0,Calculated,Green,
kpi_005,0.0,Calculated,Green,
kpi_005,16.666666666666668,Calculated,Amber,
kpi_005,0.0,Calculated,Green,
kpi_005,12.987012987012989,Calculated,Green,
kpi_005,28.57142857142857,Calculated,Red,
kpi_005,33.898305084745765,Calculated,Red,
kpi_005,,Insufficient Data,Unavailable,
kpi_005,0.0,Calculated,Green,
kpi_005,0.0,Calculated,Green,
kpi_005,,Insufficient Data,Unavailable,
kpi_005,17.241379310344826,Calculated,Amber,
kpi_005,0.0,Calculated,Green,
kpi_005,35.714285714285715,Calculated,Red,
kpi_005,14.285714285714285,Calculated,Green,
kpi_005,,Insufficient Data,Unavailable,
kpi_005,15.384615384615383,Calculated,Amber,
kpi_005,0.0,Calculated,Green,
kpi_005,15.151515151515152,Calculated,Amber,
kpi_005,16.393442622950822,Calculated,Amber,
kpi_005,35.08771929824561,Calculated,Red,
kpi_005,18.867924528301884,Calculated,Amber,
kpi_005,18.18181818181818,Calculated,Amber,
kpi_005,0.0,Calculated,Green,
kpi_005,28.169014084507044,Calculated,Red,
kpi_005,0.0,Calculated,Green,
kpi_005,49.18032786885246,Calculated,Red,
kpi_005,16.949152542372882,Calculated,Amber,
kpi_005,,Insufficient Data,Unavailable,
kpi_005,,Insufficient Data,Unavailable,
kpi_005,0.0,Calculated,Green,
kpi_005,0.0,Calculated,Green,
kpi_005,0.0,Calculated,Green,
kpi_005,75.47169811320754,Calculated,Red,
kpi_005,15.384615384615383,Calculated,Amber,
kpi_005,0.0,Calculated,Green,
kpi_005,15.151515151515152,Calculated,Amber,
kpi_005,37.03703703703704,Calculated,Red,
kpi_005,16.393442622950822,Calculated,Amber,
kpi_005,17.241379310344826,Calculated,Amber,
kpi_005,15.625,Calculated,Amber,
kpi_005,0.0,Calculated,Green,
kpi_005,16.129032258064516,Calculated,Amber,
kpi_005,13.513513513513514,Calculated,Green,
kpi_005,0.0,Calculated,Green,
kpi_005,37.03703703703704,Calculated,Red,
kpi_005,0.0,Calculated,Green,
kpi_005,,Insufficient Data,Unavailable,
kpi_005,0.0,Calculated,Green,
kpi_005,0.0,Calculated,Green,
kpi_005,33.898305084745765,Calculated,Red,
kpi_005,0.0,Calculated,Green,
kpi_005,33.333333333333336,Calculated,Red,
kpi_005,,Insufficient Data,Unavailable,
kpi_005,0.0,Calculated,Green,
kpi_005,17.241379310344826,Calculated,Amber,
kpi_005,16.666666666666668,Calculated,Amber,
kpi_005,33.333333333333336,Calculated,Red,
kpi_005,32.25806451612903,Calculated,Red,
kpi_005,46.51162790697674,Calculated,Red,
kpi_005,0.0,Calculated,Green,
kpi_005,15.151515151515152,Calculated,Amber,
kpi_005,14.92537313432836,Calculated,Amber,
kpi_005,,Insufficient Data,Unavailable,
kpi_005,0.0,Calculated,Green,
kpi_005,30.303030303030305,Calculated,Red,
kpi_005,0.0,Calculated,Green,
kpi_005,29.41176470588235,Calculated,Red,
kpi_005,15.873015873015872,Calculated,Amber,
kpi_005,23.809523809523807,Calculated,Red,
kpi_005,0.0,Calculated,Green,
kpi_005,16.129032258064516,Calculated,Amber,
kpi_005,0.0,Calculated,Green,
kpi_005,18.18181818181818,Calculated,Amber,
kpi_005,16.393442622950822,Calculated,Amber,
kpi_005,0.0,Calculated,Green,
kpi_005,,Insufficient Data,Unavailable,
kpi_005,0.0,Calculated,Green,
kpi_005,0.0,Calculated,Green,
kpi_005,35.08771929824561,Calculated,Red,
kpi_005,0.0,Calculated,Green,
kpi_005,15.625,Calculated,Amber,
kpi_005,0.0,Calculated,Green,
kpi_005,16.129032258064516,Calculated,Amber,
kpi_005,0.0,Calculated,Green,
kpi_005,0.0,Calculated,Green,
kpi_005,27.027027027027028,Calculated,Red,
kpi_005,0.0,Calculated,Green,
kpi_005,,Insufficient Data,Unavailable,
kpi_005,0.0,Calculated,Green,
kpi_005,,Insufficient Data,Unavailable,
kpi_005,0.0,Calculated,Green,
kpi_005,0.0,Calculated,Green,
kpi_005,0.0,Calculated,Green,
kpi_005,18.18181818181818,Calculated,Amber,
kpi_005,0.0,Calculated,Green,
kpi_005,0.0,Calculated,Green,
kpi_005,16.666666666666668,Calculated,Amber,
kpi_005,18.51851851851852,Calculated,Amber,
kpi_005,62.5,Calculated,Red,
kpi_005,0.0,Calculated,Green,
kpi_005,0.0,Calculated,Green,
kpi_005,0.0,Calculated,Green,
kpi_005,0.0,Calculated,Green,
kpi_005,50.0,Calculated,Red,
kpi_005,18.867924528301884,Calculated,Amber,
kpi_005,0.0,Calculated,Green,
kpi_005,18.51851851851852,Calculated,Amber,
kpi_005,0.0,Calculated,Green,
kpi_005,0.0,Calculated,Green,
kpi_005,0.0,Calculated,Green,
kpi_005,34.48275862068965,Calculated,Red,
kpi_005,18.867924528301884,Calculated,Amber,
kpi_005,18.51851851851852,Calculated,Amber,
kpi_005,0.0,Calculated,Green,
kpi_005,0.0,Calculated,Green,
kpi_005,0.0,Calculated,Green,
kpi_005,0.0,Calculated,Green,
kpi_005,0.0,Calculated,Green,
kpi_005,0.0,Calculated,Green,
kpi_005,0.0,Calculated,Green,
kpi_005,0.0,Calculated,Green,
kpi_005,21.27659574468085,Calculated,Red,
kpi_005,20.40816326530612,Calculated,Red,
kpi_005,,Insufficient Data,Unavailable,
kpi_005,0.0,Calculated,Green,
kpi_005,19.23076923076924,Calculated,Amber,
kpi_005,19.23076923076924,Calculated,Amber,
kpi_005,0.0,Calculated,Green,
kpi_005,16.666666666666668,Calculated,Amber,
kpi_005,0.0,Calculated,Green,
kpi_005,0.0,Calculated,Green,
kpi_005,0.0,Calculated,Green,
kpi_005,23.809523809523807,Calculated,Red,
kpi_005,65.57377049180329,Calculated,Red,
kpi_005,0.0,Calculated,Green,
kpi_005,0.0,Calculated,Green,
kpi_005,0.0,Calculated,Green,
kpi_005,0.0,Calculated,Green,
kpi_005,21.73913043478261,Calculated,Red,
kpi_005,,Insufficient Data,Unavailable,
kpi_005,16.129032258064516,Calculated,Amber,
kpi_005,,Insufficient Data,Unavailable,
kpi_005,0.0,Calculated,Green,
kpi_005,25.64102564102564,Calculated,Red,
kpi_005,0.0,Calculated,Green,
kpi_005,0.0,Calculated,Green,
kpi_005,28.98550724637681,Calculated,Red,
kpi_005,15.151515151515152,Calculated,Amber,
kpi_005,0.0,Calculated,Green,
kpi_005,0.0,Calculated,Green,
kpi_005,18.18181818181818,Calculated,Amber,
kpi_005,17.857142857142858,Calculated,Amber,
kpi_005,25.0,Calculated,Red,
kpi_005,0.0,Calculated,Green,
kpi_005,0.0,Calculated,Green,
kpi_005,34.48275862068965,Calculated,Red,
kpi_005,16.949152542372882,Calculated,Amber,
kpi_005,34.48275862068965,Calculated,Red,
kpi_005,0.0,Calculated,Green,
kpi_005,21.27659574468085,Calculated,Red,
kpi_005,,Insufficient Data,Unavailable,
kpi_005,15.384615384615383,Calculated,Amber,
kpi_005,18.867924528301884,Calculated,Amber,
kpi_005,27.027027027027028,Calculated,Red,
kpi_005,0.0,Calculated,Green,
kpi_005,20.0,Calculated,Red,
kpi_005,23.25581395348837,Calculated,Red,
kpi_005,,Insufficient Data,Unavailable,
kpi_005,17.241379310344826,Calculated,Amber,
kpi_005,0.0,Calculated,Green,
kpi_005,16.949152542372882,Calculated,Amber,
kpi_005,0.0,Calculated,Green,
kpi_005,14.92537313432836,Calculated,Amber,
kpi_005,0.0,Calculated,Green,
kpi_005,0.0,Calculated,Green,
kpi_005,0.0,Calculated,Green,
kpi_005,19.607843137254903,Calculated,Amber,
kpi_005,,Insufficient Data,Unavailable,
kpi_005,0.0,Calculated,Green,
kpi_005,21.73913043478261,Calculated,Red,
kpi_005,0.0,Calculated,Green,
kpi_005,20.40816326530612,Calculated,Red,
kpi_005,0.0,Calculated,Green,
kpi_005,15.384615384615383,Calculated,Amber,
kpi_005,0.0,Calculated,Green,
kpi_005,20.0,Calculated,Red,
kpi_005,16.129032258064516,Calculated,Amber,
kpi_005,0.0,Calculated,Green,
kpi_005,0.0,Calculated,Green,
kpi_005,,Insufficient Data,Unavailable,
kpi_005,0.0,Calculated,Green,
kpi_005,19.23076923076924,Calculated,Amber,
kpi_005,0.0,Calculated,Green,
kpi_005,,Insufficient Data,Unavailable,
kpi_005,,Insufficient Data,Unavailable,
kpi_005,22.727272727272727,Calculated,Red,
kpi_005,0.0,Calculated,Green,
kpi_005,17.241379310344826,Calculated,Amber,
kpi_005,17.857142857142858,Calculated,Amber,
kpi_005,20.0,Calculated,Red,
kpi_005,0.0,Calculated,Green,
kpi_005,,Insufficient Data,Unavailable,
kpi_005,32.786885245901644,Calculated,Red,
kpi_005,15.625,Calculated,Amber,
kpi_005,14.92537313432836,Calculated,Amber,
kpi_005,27.77777777777777,Calculated,Red,
kpi_005,,Insufficient Data,Unavailable,
kpi_005,0.0,Calculated,Green,
kpi_005,0.0,Calculated,Green,
kpi_005,20.0,Calculated,Red,
kpi_005,14.285714285714285,Calculated,Green,
kpi_005,65.21739130434783,Calculated,Red,
kpi_005,0.0,Calculated,Green,
kpi_005,0.0,Calculated,Green,
kpi_005,16.393442622950822,Calculated,Amber,
kpi_005,27.027027027027028,Calculated,Red,
kpi_005,22.22222222222222,Calculated,Red,
kpi_005,0.0,Calculated,Green,
kpi_005,18.867924528301884,Calculated,Amber,
kpi_005,0.0,Calculated,Green,
kpi_005,0.0,Calculated,Green,
kpi_005,0.0,Calculated,Green,
kpi_005,0.0,Calculated,Green,
kpi_005,12.34567901234568,Calculated,Green,
kpi_005,10.869565217391305,Calculated,Green,
kpi_005,0.0,Calculated,Green,
kpi_005,0.0,Calculated,Green,
kpi_005,0.0,Calculated,Green,
kpi_005,,Insufficient Data,Unavailable,
kpi_005,0.0,Calculated,Green,
kpi_005,0.0,Calculated,Green,
kpi_005,9.70873786407767,Calculated,Green,
kpi_005,,Insufficient Data,Unavailable,
kpi_005,0.0,Calculated,Green,
kpi_005,9.523809523809526,Calculated,Green,
kpi_005,12.82051282051282,Calculated,Green,
kpi_005,0.0,Calculated,Green,
kpi_005,0.0,Calculated,Green,
kpi_005,0.0,Calculated,Green,
kpi_005,0.0,Calculated,Green,
kpi_005,,Insufficient Data,Unavailable,
kpi_005,0.0,Calculated,Green,
kpi_005,0.0,Calculated,Green,
kpi_005,0.0,Calculated,Green,
kpi_005,0.0,Calculated,Green,
kpi_005,10.20408163265306,Calculated,Green,
kpi_005,0.0,Calculated,Green,
kpi_005,10.638297872340424,Calculated,Green,
kpi_005,0.0,Calculated,Green,
kpi_005,0.0,Calculated,Green,
kpi_005,10.416666666666666,Calculated,Green,
kpi_005,0.0,Calculated,Green,
kpi_005,10.101010101010102,Calculated,Green,
kpi_005,10.752688172043012,Calculated,Green,
kpi_005,0.0,Calculated,Green,
kpi_005,0.0,Calculated,Green,
kpi_005,0.0,Calculated,Green,
kpi_005,,Insufficient Data,Unavailable,
kpi_005,0.0,Calculated,Green,
kpi_005,,Insufficient Data,Unavailable,
kpi_005,9.70873786407767,Calculated,Green,
kpi_005,28.03738317757009,Calculated,Red,
kpi_005,10.869565217391305,Calculated,Green,
kpi_005,0.0,Calculated,Green,
kpi_005,0.0,Calculated,Green,
kpi_005,,Insufficient Data,Unavailable,
kpi_005,,Insufficient Data,Unavailable,
kpi_005,0.0,Calculated,Green,
kpi_005,20.202020202020204,Calculated,Red,
kpi_005,11.11111111111111,Calculated,Green,
kpi_005,9.345794392523365,Calculated,Green,
kpi_005,0.0,Calculated,Green,
kpi_005,,Insufficient Data,Unavailable,
kpi_005,12.82051282051282,Calculated,Green,
kpi_005,,Insufficient Data,Unavailable,
kpi_005,0.0,Calculated,Green,
kpi_005,0.0,Calculated,Green,
kpi_005,0.0,Calculated,Green,
kpi_005,0.0,Calculated,Green,
kpi_005,19.04761904761905,Calculated,Amber,
kpi_005,0.0,Calculated,Green,
kpi_005,8.928571428571429,Calculated,Green,
kpi_005,0.0,Calculated,Green,
kpi_005,8.064516129032258,Calculated,Green,
kpi_005,,Insufficient Data,Unavailable,
kpi_005,8.849557522123893,Calculated,Green,
kpi_005,10.309278350515465,Calculated,Green,
kpi_005,0.0,Calculated,Green,
kpi_005,0.0,Calculated,Green,
kpi_005,0.0,Calculated,Green,
kpi_005,0.0,Calculated,Green,
kpi_005,9.803921568627452,Calculated,Green,
kpi_005,31.25,Calculated,Red,
kpi_005,9.433962264150942,Calculated,Green,
kpi_005,10.989010989010987,Calculated,Green,
kpi_005,20.202020202020204,Calculated,Red,
kpi_005,21.73913043478261,Calculated,Red,
kpi_005,,Insufficient Data,Unavailable,
kpi_005,0.0,Calculated,Green,
kpi_005,0.0,Calculated,Green,
kpi_005,,Insufficient Data,Unavailable,
kpi_005,0.0,Calculated,Green,
kpi_005,0.0,Calculated,Green,
kpi_005,0.0,Calculated,Green,
kpi_005,0.0,Calculated,Green,
kpi_005,0.0,Calculated,Green,
kpi_005,9.803921568627452,Calculated,Green,
kpi_005,0.0,Calculated,Green,
kpi_005,0.0,Calculated,Green,
kpi_005,8.196721311475411,Calculated,Green,
kpi_005,0.0,Calculated,Green,
kpi_005,0.0,Calculated,Green,
kpi_005,0.0,Calculated,Green,
kpi_005,0.0,Calculated,Green,
kpi_005,0.0,Calculated,Green,
kpi_005,7.8125,Calculated,Green,
kpi_005,7.462686567164179,Calculated,Green,
kpi_005,0.0,Calculated,Green,
kpi_005,0.0,Calculated,Green,
kpi_005,7.874015748031496,Calculated,Green,
kpi_005,0.0,Calculated,Green,
kpi_005,0.0,Calculated,Green,
kpi_005,7.462686567164179,Calculated,Green,
kpi_005,8.333333333333334,Calculated,Green,
kpi_005,17.699115044247787,Calculated,Amber,
kpi_005,0.0,Calculated,Green,
kpi_005,7.751937984496124,Calculated,Green,
kpi_005,0.0,Calculated,Green,
kpi_005,0.0,Calculated,Green,
kpi_005,0.0,Calculated,Green,
kpi_005,0.0,Calculated,Green,
kpi_005,0.0,Calculated,Green,
kpi_005,7.751937984496124,Calculated,Green,
kpi_005,0.0,Calculated,Green,
kpi_005,8.196721311475411,Calculated,Green,
kpi_005,9.00900900900901,Calculated,Green,
kpi_005,10.101010101010102,Calculated,Green,
kpi_005,7.874015748031496,Calculated,Green,
kpi_005,0.0,Calculated,Green,
kpi_005,7.462686567164179,Calculated,Green,
kpi_005,0.0,Calculated,Green,
kpi_005,0.0,Calculated,Green,
kpi_005,0.0,Calculated,Green,
kpi_005,15.037593984962406,Calculated,Amber,
kpi_005,8.0,Calculated,Green,
kpi_005,0.0,Calculated,Green,
kpi_005,0.0,Calculated,Green,
kpi_005,0.0,Calculated,Green,
kpi_005,0.0,Calculated,Green,
kpi_005,0.0,Calculated,Green,
kpi_005,0.0,Calculated,Green,
kpi_005,22.900763358778622,Calculated,Red,
kpi_005,19.23076923076924,Calculated,Amber,
kpi_005,,Insufficient Data,Unavailable,
kpi_005,0.0,Calculated,Green,
kpi_005,8.547008547008549,Calculated,Green,
kpi_005,0.0,Calculated,Green,
kpi_005,0.0,Calculated,Green,
kpi_005,0.0,Calculated,Green,
kpi_005,0.0,Calculated,Green,
kpi_005,10.869565217391305,Calculated,Green,
kpi_005,0.0,Calculated,Green,
kpi_005,0.0,Calculated,Green,
kpi_005,9.523809523809526,Calculated,Green,
kpi_005,7.092198581560283,Calculated,Green,
kpi_005,0.0,Calculated,Green,
kpi_005,9.433962264150942,Calculated,Green,
kpi_005,,Insufficient Data,Unavailable,
kpi_005,8.620689655172413,Calculated,Green,
kpi_005,7.575757575757576,Calculated,Green,
kpi_005,0.0,Calculated,Green,
kpi_005,0.0,Calculated,Green,
kpi_005,0.0,Calculated,Green,
kpi_005,8.620689655172413,Calculated,Green,
kpi_005,7.575757575757576,Calculated,Green,
kpi_005,8.849557522123893,Calculated,Green,
kpi_005,8.771929824561402,Calculated,Green,
kpi_005,8.064516129032258,Calculated,Green,
kpi_005,7.8125,Calculated,Green,
kpi_005,0.0,Calculated,Green,
kpi_005,6.896551724137931,Calculated,Green,
kpi_005,17.391304347826086,Calculated,Amber,
kpi_005,14.705882352941176,Calculated,Green,
kpi_005,16.949152542372882,Calculated,Amber,
kpi_005,0.0,Calculated,Green,
kpi_005,14.92537313432836,Calculated,Amber,
kpi_005,9.70873786407767,Calculated,Green,
kpi_005,0.0,Calculated,Green,
kpi_005,0.0,Calculated,Green,
kpi_005,17.094017094017097,Calculated,Amber,
kpi_005,,Insufficient Data,Unavailable,
kpi_005,0.0,Calculated,Green,
kpi_005,8.064516129032258,Calculated,Green,
kpi_005,15.748031496062993,Calculated,Amber,
kpi_005,0.0,Calculated,Green,
kpi_005,,Insufficient Data,Unavailable,
kpi_005,9.345794392523365,Calculated,Green,
kpi_005,9.803921568627452,Calculated,Green,
kpi_005,,Insufficient Data,Unavailable,
kpi_005,8.264462809917356,Calculated,Green,
kpi_005,0.0,Calculated,Green,
kpi_005,0.0,Calculated,Green,
kpi_005,0.0,Calculated,Green,
kpi_005,0.0,Calculated,Green,
kpi_005,7.8125,Calculated,Green,
kpi_005,0.0,Calculated,Green,
kpi_005,8.264462809917356,Calculated,Green,
kpi_005,0.0,Calculated,Green,
kpi_005,0.0,Calculated,Green,
kpi_005,29.12621359223301,Calculated,Red,
kpi_005,6.802721088435374,Calculated,Green,
kpi_005,8.403361344537815,Calculated,Green,
kpi_005,0.0,Calculated,Green,
kpi_005,0.0,Calculated,Green,
kpi_005,0.0,Calculated,Green,
kpi_005,17.543859649122805,Calculated,Amber,
kpi_005,0.0,Calculated,Green,
kpi_005,15.873015873015872,Calculated,Amber,
kpi_005,9.09090909090909,Calculated,Green,
kpi_005,0.0,Calculated,Green,
kpi_005,19.41747572815534,Calculated,Amber,
kpi_005,16.393442622950822,Calculated,Amber,
kpi_005,0.0,Calculated,Green,
kpi_005,18.34862385321101,Calculated,Amber,
kpi_005,0.0,Calculated,Green,
kpi_005,0.0,Calculated,Green,
kpi_005,0.0,Calculated,Green,
kpi_005,10.752688172043012,Calculated,Green,
kpi_005,8.0,Calculated,Green,
kpi_005,7.751937984496124,Calculated,Green,
kpi_005,,Insufficient Data,Unavailable,
kpi_005,9.09090909090909,Calculated,Green,
kpi_005,7.462686567164179,Calculated,Green,
kpi_005,17.094017094017097,Calculated,Amber,
kpi_005,0.0,Calculated,Green,
kpi_005,0.0,Calculated,Green,
kpi_005,11.11111111111111,Calculated,Green,
kpi_005,,Insufficient Data,Unavailable,
kpi_005,0.0,Calculated,Green,
kpi_005,0.0,Calculated,Green,
kpi_005,0.0,Calculated,Green,
kpi_005,9.70873786407767,Calculated,Green,
kpi_005,0.0,Calculated,Green,
kpi_005,0.0,Calculated,Green,
kpi_005,0.0,Calculated,Green,
kpi_005,0.0,Calculated,Green,
kpi_005,10.101010101010102,Calculated,Green,
kpi_005,0.0,Calculated,Green,
kpi_005,0.0,Calculated,Green,
kpi_005,,Insufficient Data,Unavailable,
kpi_005,,Insufficient Data,Unavailable,
kpi_005,0.0,Calculated,Green,
kpi_005,10.20408163265306,Calculated,Green,
kpi_005,0.0,Calculated,Green,
kpi_005,0.0,Calculated,Green,
kpi_005,,Insufficient Data,Unavailable,
kpi_005,0.0,Calculated,Green,
kpi_005,0.0,Calculated,Green,
kpi_005,0.0,Calculated,Green,
kpi_005,10.101010101010102,Calculated,Green,
kpi_005,0.0,Calculated,Green,
kpi_005,8.130081300813009,Calculated,Green,
kpi_005,10.0,Calculated,Green,
kpi_005,0.0,Calculated,Green,
kpi_005,19.41747572815534,Calculated,Amber,
kpi_005,,Insufficient Data,Unavailable,
kpi_005,0.0,Calculated,Green,
kpi_005,8.196721311475411,Calculated,Green,
kpi_005,0.0,Calculated,Green,
kpi_005,0.0,Calculated,Green,
kpi_005,11.627906976744184,Calculated,Green,
kpi_005,,Insufficient Data,Unavailable,
kpi_005,7.633587786259541,Calculated,Green,
kpi_005,0.0,Calculated,Green,
kpi_005,10.20408163265306,Calculated,Green,
kpi_005,10.752688172043012,Calculated,Green,
kpi_005,0.0,Calculated,Green,
kpi_005,18.51851851851852,Calculated,Amber,
kpi_005,10.416666666666666,Calculated,Green,
kpi_005,10.20408163265306,Calculated,Green,
kpi_005,0.0,Calculated,Green,
kpi_005,20.202020202020204,Calculated,Red,
kpi_005,0.0,Calculated,Green,
kpi_005,,Insufficient Data,Unavailable,
kpi_005,,Insufficient Data,Unavailable,
kpi_005,0.0,Calculated,Green,
kpi_005,0.0,Calculated,Green,
kpi_005,0.0,Calculated,Green,
kpi_005,0.0,Calculated,Green,
kpi_005,,Insufficient Data,Unavailable,
kpi_005,9.25925925925926,Calculated,Green,
kpi_005,0.0,Calculated,Green,
kpi_005,0.0,Calculated,Green,
kpi_005,0.0,Calculated,Green,
kpi_005,0.0,Calculated,Green,
kpi_005,0.0,Calculated,Green,
kpi_005,0.0,Calculated,Green,
kpi_005,0.0,Calculated,Green,
kpi_005,0.0,Calculated,Green,
kpi_005,,Insufficient Data,Unavailable,
kpi_005,8.695652173913043,Calculated,Green,
kpi_005,0.0,Calculated,Green,
kpi_005,8.064516129032258,Calculated,Green,
kpi_005,0.0,Calculated,Green,
kpi_005,0.0,Calculated,Green,
kpi_005,0.0,Calculated,Green,
kpi_005,0.0,Calculated,Green,
kpi_005,9.433962264150942,Calculated,Green,
kpi_005,0.0,Calculated,Green,
kpi_005,0.0,Calculated,Green,
kpi_005,20.0,Calculated,Red,
kpi_005,,Insufficient Data,Unavailable,
kpi_005,0.0,Calculated,Green,
kpi_005,8.333333333333334,Calculated,Green,
kpi_005,10.752688172043012,Calculated,Green,
kpi_005,8.849557522123893,Calculated,Green,
kpi_005,0.0,Calculated,Green,
kpi_005,9.615384615384617,Calculated,Green,
kpi_005,0.0,Calculated,Green,
kpi_005,0.0,Calculated,Green,
kpi_005,,Insufficient Data,Unavailable,
kpi_005,,Insufficient Data,Unavailable,
kpi_005,8.695652173913043,Calculated,Green,
kpi_005,9.9009900990099,Calculated,Green,
kpi_005,0.0,Calculated,Green,
kpi_005,0.0,Calculated,Green,
kpi_005,8.928571428571429,Calculated,Green,
kpi_005,0.0,Calculated,Green,
kpi_005,8.474576271186441,Calculated,Green,
kpi_005,0.0,Calculated,Green,
kpi_005,,Insufficient Data,Unavailable,
kpi_005,9.615384615384617,Calculated,Green,
kpi_005,10.101010101010102,Calculated,Green,
kpi_005,8.264462809917356,Calculated,Green,
kpi_005,0.0,Calculated,Green,
kpi_005,,Insufficient Data,Unavailable,
kpi_005,0.0,Calculated,Green,
kpi_005,0.0,Calculated,Green,
kpi_005,,Insufficient Data,Unavailable,
kpi_005,0.0,Calculated,Green,
kpi_005,8.196721311475411,Calculated,Green,
kpi_005,20.40816326530612,Calculated,Red,
kpi_005,19.23076923076924,Calculated,Amber,
kpi_005,9.345794392523365,Calculated,Green,
kpi_005,0.0,Calculated,Green,
kpi_005,10.20408163265306,Calculated,Green,
kpi_005,8.333333333333334,Calculated,Green,
kpi_005,0.0,Calculated,Green,
kpi_005,,Insufficient Data,Unavailable,
kpi_005,9.25925925925926,Calculated,Green,
kpi_005,,Insufficient Data,Unavailable,
kpi_005,0.0,Calculated,Green,
kpi_005,17.543859649122805,Calculated,Amber,
kpi_005,0.0,Calculated,Green,
kpi_005,8.064516129032258,Calculated,Green,
kpi_005,0.0,Calculated,Green,
kpi_005,,Insufficient Data,Unavailable,
kpi_005,0.0,Calculated,Green,
kpi_005,0.0,Calculated,Green,
kpi_005,18.18181818181818,Calculated,Amber,
kpi_005,11.11111111111111,Calculated,Green,
kpi_005,0.0,Calculated,Green,
kpi_005,0.0,Calculated,Green,
kpi_005,0.0,Calculated,Green,
kpi_005,10.101010101010102,Calculated,Green,
kpi_005,0.0,Calculated,Green,
kpi_005,11.904761904761903,Calculated,Green,
kpi_005,0.0,Calculated,Green,
kpi_005,7.751937984496124,Calculated,Green,
kpi_005,,Insufficient Data,Unavailable,
kpi_005,0.0,Calculated,Green,
kpi_005,0.0,Calculated,Green,
kpi_005,0.0,Calculated,Green,
kpi_005,,Insufficient Data,Unavailable,
kpi_005,0.0,Calculated,Green,
kpi_005,0.0,Calculated,Green,
kpi_005,,Insufficient Data,Unavailable,
kpi_005,0.0,Calculated,Green,
kpi_005,16.949152542372882,Calculated,Amber,
kpi_005,0.0,Calculated,Green,
kpi_005,,Insufficient Data,Unavailable,
kpi_005,0.0,Calculated,Green,
kpi_005,0.0,Calculated,Green,
kpi_005,0.0,Calculated,Green,
kpi_005,0.0,Calculated,Green,
kpi_005,0.0,Calculated,Green,
kpi_005,0.0,Calculated,Green,
kpi_005,,Zero Denominator,Unavailable,
kpi_005,,Zero Denominator,Unavailable,
kpi_005,,Zero Denominator,Unavailable,
kpi_005,,Zero Denominator,Unavailable,
kpi_005,,Zero Denominator,Unavailable,
kpi_005,,Zero Denominator,Unavailable,
kpi_005,,Insufficient Data,Unavailable,
kpi_005,,Zero Denominator,Unavailable,
kpi_005,,Zero Denominator,Unavailable,
kpi_005,,Zero Denominator,Unavailable,
kpi_005,,Zero Denominator,Unavailable,
kpi_005,,Insufficient Data,Unavailable,
kpi_005,,Zero Denominator,Unavailable,
kpi_005,,Insufficient Data,Unavailable,
kpi_005,,Zero Denominator,Unavailable,
kpi_005,,Zero Denominator,Unavailable,
kpi_005,,Zero Denominator,Unavailable,
kpi_005,,Insufficient Data,Unavailable,
kpi_005,,Zero Denominator,Unavailable,
kpi_005,,Zero Denominator,Unavailable,
kpi_005,,Zero Denominator,Unavailable,
kpi_005,,Zero Denominator,Unavailable,
kpi_005,,Insufficient Data,Unavailable,
kpi_005,,Zero Denominator,Unavailable,
kpi_005,,Insufficient Data,Unavailable,
kpi_005,,Insufficient Data,Unavailable,
kpi_005,,Zero Denominator,Unavailable,
kpi_005,,Zero Denominator,Unavailable,
kpi_005,,Zero Denominator,Unavailable,
kpi_005,,Zero Denominator,Unavailable,
kpi_005,,Zero Denominator,Unavailable,
kpi_005,,Zero Denominator,Unavailable,
kpi_005,,Zero Denominator,Unavailable,
kpi_005,,Zero Denominator,Unavailable,
kpi_005,,Insufficient Data,Unavailable,
kpi_005,,Zero Denominator,Unavailable,
kpi_005,,Zero Denominator,Unavailable,
kpi_005,,Zero Denominator,Unavailable,
kpi_005,,Insufficient Data,Unavailable,
kpi_005,,Zero Denominator,Unavailable,
kpi_005,,Zero Denominator,Unavailable,
kpi_005,,Zero Denominator,Unavailable,
kpi_005,,Insufficient Data,Unavailable,
kpi_005,,Zero Denominator,Unavailable,
kpi_005,,Insufficient Data,Unavailable,
kpi_005,,Zero Denominator,Unavailable,
kpi_005,,Insufficient Data,Unavailable,
kpi_005,,Insufficient Data,Unavailable,
kpi_005,,Zero Denominator,Unavailable,
kpi_005,,Insufficient Data,Unavailable,
kpi_005,,Insufficient Data,Unavailable,
kpi_005,,Zero Denominator,Unavailable,
kpi_005,,Zero Denominator,Unavailable,
kpi_005,,Zero Denominator,Unavailable,
kpi_005,,Zero Denominator,Unavailable,
kpi_005,,Zero Denominator,Unavailable,
kpi_005,,Zero Denominator,Unavailable,
kpi_005,,Zero Denominator,Unavailable,
kpi_005,,Zero Denominator,Unavailable,
kpi_005,,Zero Denominator,Unavailable,
kpi_005,,Zero Denominator,Unavailable,
kpi_005,,Zero Denominator,Unavailable,
kpi_005,,Zero Denominator,Unavailable,
kpi_005,,Zero Denominator,Unavailable,
kpi_005,,Zero Denominator,Unavailable,
kpi_005,,Zero Denominator,Unavailable,
kpi_005,,Insufficient Data,Unavailable,
kpi_005,,Insufficient Data,Unavailable,
kpi_005,,Zero Denominator,Unavailable,
kpi_005,,Zero Denominator,Unavailable,
kpi_005,,Zero Denominator,Unavailable,
kpi_005,,Zero Denominator,Unavailable,
kpi_005,,Zero Denominator,Unavailable,
kpi_005,,Zero Denominator,Unavailable,
kpi_005,,Zero Denominator,Unavailable,
kpi_005,,Zero Denominator,Unavailable,
kpi_005,,Zero Denominator,Unavailable,
kpi_005,,Zero Denominator,Unavailable,
kpi_005,,Zero Denominator,Unavailable,
kpi_005,,Zero Denominator,Unavailable,
kpi_005,,Zero Denominator,Unavailable,
kpi_005,,Zero Denominator,Unavailable,
kpi_005,,Zero Denominator,Unavailable,
kpi_005,,Zero Denominator,Unavailable,
kpi_005,,Zero Denominator,Unavailable,
kpi_005,,Zero Denominator,Unavailable,
kpi_005,,Zero Denominator,Unavailable,
kpi_005,,Insufficient Data,Unavailable,
kpi_005,,Insufficient Data,Unavailable,
kpi_005,,Zero Denominator,Unavailable,
kpi_005,,Insufficient Data,Unavailable,
kpi_005,,Zero Denominator,Unavailable,
kpi_005,,Zero Denominator,Unavailable,
kpi_005,,Zero Denominator,Unavailable,
kpi_005,,Zero Denominator,Unavailable,
kpi_005,,Zero Denominator,Unavailable,
kpi_005,,Zero Denominator,Unavailable,
kpi_005,,Zero Denominator,Unavailable,
kpi_005,,Zero Denominator,Unavailable,
kpi_005,,Zero Denominator,Unavailable,
kpi_005,,Zero Denominator,Unavailable,
kpi_005,,Zero Denominator,Unavailable,
kpi_005,,Zero Denominator,Unavailable,
kpi_005,,Zero Denominator,Unavailable,
kpi_005,,Insufficient Data,Unavailable,
kpi_005,,Zero Denominator,Unavailable,
kpi_005,,Zero Denominator,Unavailable,
kpi_005,,Zero Denominator,Unavailable,
kpi_005,,Insufficient Data,Unavailable,
kpi_005,,Zero Denominator,Unavailable,
kpi_005,,Zero Denominator,Unavailable,
kpi_005,,Zero Denominator,Unavailable,
kpi_005,,Zero Denominator,Unavailable,
kpi_005,,Insufficient Data,Unavailable,
kpi_005,,Zero Denominator,Unavailable,
kpi_005,,Insufficient Data,Unavailable,
kpi_005,,Zero Denominator,Unavailable,
kpi_005,,Zero Denominator,Unavailable,
kpi_005,,Zero Denominator,Unavailable,
kpi_005,,Zero Denominator,Unavailable,
kpi_005,,Insufficient Data,Unavailable,
kpi_005,,Zero Denominator,Unavailable,
kpi_005,,Zero Denominator,Unavailable,
kpi_005,,Zero Denominator,Unavailable,
kpi_005,,Zero Denominator,Unavailable,
kpi_005,,Insufficient Data,Unavailable,
kpi_005,,Zero Denominator,Unavailable,
kpi_005,,Zero Denominator,Unavailable,
kpi_005,,Zero Denominator,Unavailable,
kpi_005,,Zero Denominator,Unavailable,
kpi_005,,Zero Denominator,Unavailable,
kpi_005,,Zero Denominator,Unavailable,
kpi_005,,Zero Denominator,Unavailable,
kpi_005,,Zero Denominator,Unavailable,
kpi_005,,Zero Denominator,Unavailable,
kpi_005,,Zero Denominator,Unavailable,
kpi_005,,Zero Denominator,Unavailable,
kpi_005,,Zero Denominator,Unavailable,
kpi_005,,Zero Denominator,Unavailable,
kpi_005,,Zero Denominator,Unavailable,
kpi_005,,Zero Denominator,Unavailable,
kpi_005,,Zero Denominator,Unavailable,
kpi_005,,Zero Denominator,Unavailable,
kpi_005,,Zero Denominator,Unavailable,
kpi_005,,Zero Denominator,Unavailable,
kpi_005,,Zero Denominator,Unavailable,
kpi_005,,Zero Denominator,Unavailable,
kpi_005,,Zero Denominator,Unavailable,
kpi_005,,Zero Denominator,Unavailable,
kpi_005,,Zero Denominator,Unavailable,
kpi_005,,Zero Denominator,Unavailable,
kpi_005,,Zero Denominator,Unavailable,
kpi_005,,Zero Denominator,Unavailable,
kpi_005,,Zero Denominator,Unavailable,
kpi_005,,Zero Denominator,Unavailable,
kpi_005,,Zero Denominator,Unavailable,
kpi_005,,Zero Denominator,Unavailable,
kpi_005,,Insufficient Data,Unavailable,
kpi_005,,Zero Denominator,Unavailable,
kpi_005,,Insufficient Data,Unavailable,
kpi_005,,Zero Denominator,Unavailable,
kpi_005,,Zero Denominator,Unavailable,
kpi_005,,Zero Denominator,Unavailable,
kpi_005,,Zero Denominator,Unavailable,
kpi_005,,Zero Denominator,Unavailable,
kpi_005,,Zero Denominator,Unavailable,
kpi_005,,Zero Denominator,Unavailable,
kpi_005,,Zero Denominator,Unavailable,
kpi_005,,Zero Denominator,Unavailable,
kpi_005,,Zero Denominator,Unavailable,
kpi_005,,Zero Denominator,Unavailable,
kpi_005,,Zero Denominator,Unavailable,
kpi_005,,Insufficient Data,Unavailable,
kpi_005,,Zero Denominator,Unavailable,
kpi_005,,Zero Denominator,Unavailable,
kpi_005,,Zero Denominator,Unavailable,
kpi_005,,Zero Denominator,Unavailable,
kpi_005,,Zero Denominator,Unavailable,
kpi_005,,Zero Denominator,Unavailable,
kpi_005,,Zero Denominator,Unavailable,
kpi_005,,Zero Denominator,Unavailable,
kpi_005,,Zero Denominator,Unavailable,
kpi_005,,Zero Denominator,Unavailable,
kpi_005,,Zero Denominator,Unavailable,
kpi_005,,Zero Denominator,Unavailable,
kpi_005,,Zero Denominator,Unavailable,
kpi_005,,Insufficient Data,Unavailable,
kpi_005,,Zero Denominator,Unavailable,
kpi_005,,Zero Denominator,Unavailable,
kpi_005,,Zero Denominator,Unavailable,
kpi_005,,Zero Denominator,Unavailable,
kpi_005,,Zero Denominator,Unavailable,
kpi_005,,Zero Denominator,Unavailable,
kpi_005,,Zero Denominator,Unavailable,
kpi_005,,Insufficient Data,Unavailable,
kpi_005,,Zero Denominator,Unavailable,
kpi_005,,Zero Denominator,Unavailable,
kpi_005,,Insufficient Data,Unavailable,
kpi_005,,Zero Denominator,Unavailable,
kpi_005,,Zero Denominator,Unavailable,
kpi_005,,Zero Denominator,Unavailable,
kpi_005,,Zero Denominator,Unavailable,
kpi_005,,Zero Denominator,Unavailable,
kpi_005,,Zero Denominator,Unavailable,
kpi_005,,Zero Denominator,Unavailable,
kpi_005,,Zero Denominator,Unavailable,
kpi_005,,Insufficient Data,Unavailable,
kpi_005,,Zero Denominator,Unavailable,
kpi_005,,Zero Denominator,Unavailable,
kpi_005,,Zero Denominator,Unavailable,
kpi_005,,Zero Denominator,Unavailable,
kpi_005,,Zero Denominator,Unavailable,
kpi_005,,Zero Denominator,Unavailable,
kpi_005,,Zero Denominator,Unavailable,
kpi_005,,Insufficient Data,Unavailable,
kpi_005,,Zero Denominator,Unavailable,
kpi_005,,Zero Denominator,Unavailable,
kpi_005,,Zero Denominator,Unavailable,
kpi_005,,Zero Denominator,Unavailable,
kpi_005,,Zero Denominator,Unavailable,
kpi_005,,Zero Denominator,Unavailable,
kpi_005,,Zero Denominator,Unavailable,
kpi_005,,Zero Denominator,Unavailable,
kpi_005,,Zero Denominator,Unavailable,
kpi_005,,Zero Denominator,Unavailable,
kpi_005,,Zero Denominator,Unavailable,
kpi_005,,Zero Denominator,Unavailable,
kpi_005,,Zero Denominator,Unavailable,
kpi_005,,Insufficient Data,Unavailable,
kpi_005,,Zero Denominator,Unavailable,
kpi_005,,Zero Denominator,Unavailable,
kpi_005,,Zero Denominator,Unavailable,
kpi_005,,Zero Denominator,Unavailable,
kpi_005,,Zero Denominator,Unavailable,
kpi_005,,Zero Denominator,Unavailable,
kpi_005,,Zero Denominator,Unavailable,
kpi_005,,Zero Denominator,Unavailable,
kpi_005,,Zero Denominator,Unavailable,
kpi_005,,Insufficient Data,Unavailable,
kpi_005,,Zero Denominator,Unavailable,
kpi_005,,Zero Denominator,Unavailable,
kpi_005,,Zero Denominator,Unavailable,
kpi_005,,Insufficient Data,Unavailable,
kpi_005,,Zero Denominator,Unavailable,
kpi_005,,Zero Denominator,Unavailable,
kpi_005,,Zero Denominator,Unavailable,
kpi_005,,Zero Denominator,Unavailable,
kpi_005,,Zero Denominator,Unavailable,
kpi_005,,Zero Denominator,Unavailable,
kpi_005,,Zero Denominator,Unavailable,
kpi_005,,Insufficient Data,Unavailable,
kpi_005,,Zero Denominator,Unavailable,
kpi_005,,Zero Denominator,Unavailable,
kpi_005,,Zero Denominator,Unavailable,
kpi_005,,Zero Denominator,Unavailable,
kpi_005,,Zero Denominator,Unavailable,
kpi_005,,Zero Denominator,Unavailable,
kpi_005,,Insufficient Data,Unavailable,
kpi_005,,Zero Denominator,Unavailable,
kpi_005,,Zero Denominator,Unavailable,
kpi_005,,Zero Denominator,Unavailable,
kpi_005,,Zero Denominator,Unavailable,
kpi_005,,Zero Denominator,Unavailable,
kpi_005,,Zero Denominator,Unavailable,
kpi_005,,Zero Denominator,Unavailable,
kpi_005,,Zero Denominator,Unavailable,
kpi_005,,Zero Denominator,Unavailable,
kpi_005,,Zero Denominator,Unavailable,
kpi_005,,Zero Denominator,Unavailable,
kpi_005,,Insufficient Data,Unavailable,
kpi_005,,Zero Denominator,Unavailable,
kpi_005,,Zero Denominator,Unavailable,
kpi_005,,Zero Denominator,Unavailable,
kpi_005,,Zero Denominator,Unavailable,
kpi_005,,Zero Denominator,Unavailable,
kpi_005,,Zero Denominator,Unavailable,
kpi_005,,Zero Denominator,Unavailable,
kpi_005,,Zero Denominator,Unavailable,
kpi_005,,Zero Denominator,Unavailable,
kpi_005,,Zero Denominator,Unavailable,
kpi_005,,Zero Denominator,Unavailable,
kpi_005,,Zero Denominator,Unavailable,
kpi_005,,Zero Denominator,Unavailable,
kpi_005,,Zero Denominator,Unavailable,
kpi_005,,Zero Denominator,Unavailable,
kpi_005,,Zero Denominator,Unavailable,
kpi_005,,Zero Denominator,Unavailable,
kpi_005,,Zero Denominator,Unavailable,
kpi_005,,Zero Denominator,Unavailable,
kpi_005,,Zero Denominator,Unavailable,
kpi_005,,Zero Denominator,Unavailable,
kpi_005,,Zero Denominator,Unavailable,
kpi_005,,Zero Denominator,Unavailable,
kpi_005,,Zero Denominator,Unavailable,
kpi_005,,Zero Denominator,Unavailable,
kpi_005,,Zero Denominator,Unavailable,
kpi_005,,Zero Denominator,Unavailable,
kpi_005,,Zero Denominator,Unavailable,
kpi_005,,Zero Denominator,Unavailable,
kpi_005,,Zero Denominator,Unavailable,
kpi_005,,Zero Denominator,Unavailable,
kpi_005,,Zero Denominator,Unavailable,
kpi_005,,Zero Denominator,Unavailable,
kpi_005,,Zero Denominator,Unavailable,
kpi_005,,Zero Denominator,Unavailable,
kpi_005,,Zero Denominator,Unavailable,
kpi_005,,Zero Denominator,Unavailable,
kpi_005,,Zero Denominator,Unavailable,
kpi_005,,Zero Denominator,Unavailable,
kpi_005,,Zero Denominator,Unavailable,
kpi_005,,Insufficient Data,Unavailable,
kpi_005,,Zero Denominator,Unavailable,
kpi_005,,Zero Denominator,Unavailable,
kpi_005,,Zero Denominator,Unavailable,
kpi_005,,Zero Denominator,Unavailable,
kpi_005,,Zero Denominator,Unavailable,
kpi_005,,Zero Denominator,Unavailable,
kpi_005,,Zero Denominator,Unavailable,
kpi_005,,Zero Denominator,Unavailable,
kpi_005,,Zero Denominator,Unavailable,
kpi_005,,Zero Denominator,Unavailable,
kpi_005,,Zero Denominator,Unavailable,
kpi_005,,Zero Denominator,Unavailable,
kpi_005,,Zero Denominator,Unavailable,
kpi_005,,Zero Denominator,Unavailable,
kpi_005,,Zero Denominator,Unavailable,
kpi_005,,Zero Denominator,Unavailable,
kpi_005,,Zero Denominator,Unavailable,
kpi_005,,Insufficient Data,Unavailable,
kpi_005,,Zero Denominator,Unavailable,
kpi_005,,Zero Denominator,Unavailable,
kpi_005,,Zero Denominator,Unavailable,
kpi_005,,Zero Denominator,Unavailable,
kpi_005,,Zero Denominator,Unavailable,
kpi_005,,Zero Denominator,Unavailable,
kpi_005,,Insufficient Data,Unavailable,
kpi_005,,Zero Denominator,Unavailable,
kpi_005,,Zero Denominator,Unavailable,
kpi_005,,Zero Denominator,Unavailable,
kpi_005,,Zero Denominator,Unavailable,
kpi_005,,Zero Denominator,Unavailable,
kpi_005,,Zero Denominator,Unavailable,
kpi_005,,Zero Denominator,Unavailable,
kpi_005,,Zero Denominator,Unavailable,
kpi_005,,Zero Denominator,Unavailable,
kpi_005,,Zero Denominator,Unavailable,
kpi_005,,Insufficient Data,Unavailable,
kpi_005,,Zero Denominator,Unavailable,
kpi_005,,Insufficient Data,Unavailable,
kpi_005,,Zero Denominator,Unavailable,
kpi_005,,Zero Denominator,Unavailable,
kpi_005,,Zero Denominator,Unavailable,
kpi_005,,Zero Denominator,Unavailable,
kpi_005,,Zero Denominator,Unavailable,
kpi_005,,Zero Denominator,Unavailable,
kpi_005,,Zero Denominator,Unavailable,
kpi_005,,Insufficient Data,Unavailable,
kpi_005,,Zero Denominator,Unavailable,
kpi_005,,Zero Denominator,Unavailable,
kpi_005,,Zero Denominator,Unavailable,
kpi_005,,Zero Denominator,Unavailable,
kpi_005,,Zero Denominator,Unavailable,
kpi_005,,Zero Denominator,Unavailable,
kpi_005,,Zero Denominator,Unavailable,
kpi_005,,Zero Denominator,Unavailable,
kpi_005,,Zero Denominator,Unavailable,
kpi_005,,Zero Denominator,Unavailable,
kpi_005,,Zero Denominator,Unavailable,
kpi_005,,Zero Denominator,Unavailable,
kpi_005,,Zero Denominator,Unavailable,
kpi_005,,Insufficient Data,Unavailable,
kpi_005,,Zero Denominator,Unavailable,
kpi_005,,Zero Denominator,Unavailable,
kpi_005,,Zero Denominator,Unavailable,
kpi_005,,Zero Denominator,Unavailable,
kpi_005,,Zero Denominator,Unavailable,
kpi_005,,Zero Denominator,Unavailable,
kpi_005,,Zero Denominator,Unavailable,
kpi_005,,Zero Denominator,Unavailable,
kpi_005,,Insufficient Data,Unavailable,
kpi_005,,Insufficient Data,Unavailable,
kpi_005,,Zero Denominator,Unavailable,
kpi_005,,Zero Denominator,Unavailable,
kpi_005,,Zero Denominator,Unavailable,
kpi_005,,Zero Denominator,Unavailable,
kpi_005,,Zero Denominator,Unavailable,
kpi_005,,Zero Denominator,Unavailable,
kpi_005,,Zero Denominator,Unavailable,
kpi_005,,Zero Denominator,Unavailable,
kpi_005,,Zero Denominator,Unavailable,
kpi_005,,Insufficient Data,Unavailable,
kpi_005,,Zero Denominator,Unavailable,
kpi_005,,Zero Denominator,Unavailable,
kpi_005,,Insufficient Data,Unavailable,
kpi_005,,Zero Denominator,Unavailable,
kpi_005,,Zero Denominator,Unavailable,
kpi_005,,Zero Denominator,Unavailable,
kpi_005,,Zero Denominator,Unavailable,
kpi_005,,Zero Denominator,Unavailable,
kpi_005,,Zero Denominator,Unavailable,
kpi_005,,Zero Denominator,Unavailable,
kpi_005,,Zero Denominator,Unavailable,
kpi_005,,Zero Denominator,Unavailable,
kpi_005,,Insufficient Data,Unavailable,
kpi_005,,Insufficient Data,Unavailable,
kpi_005,,Zero Denominator,Unavailable,
kpi_005,,Zero Denominator,Unavailable,
kpi_005,,Insufficient Data,Unavailable,
kpi_005,,Zero Denominator,Unavailable,
kpi_005,,Zero Denominator,Unavailable,
kpi_005,,Zero Denominator,Unavailable,
kpi_005,,Zero Denominator,Unavailable,
kpi_005,,Insufficient Data,Unavailable,
kpi_005,,Zero Denominator,Unavailable,
kpi_005,,Zero Denominator,Unavailable,
kpi_005,,Zero Denominator,Unavailable,
kpi_005,,Zero Denominator,Unavailable,
kpi_005,,Zero Denominator,Unavailable,
kpi_005,,Zero Denominator,Unavailable,
kpi_005,,Zero Denominator,Unavailable,
kpi_005,,Zero Denominator,Unavailable,
kpi_005,,Zero Denominator,Unavailable,
kpi_005,,Zero Denominator,Unavailable,
kpi_005,,Zero Denominator,Unavailable,
kpi_005,,Zero Denominator,Unavailable,
kpi_005,,Zero Denominator,Unavailable,
kpi_005,,Insufficient Data,Unavailable,
kpi_005,,Zero Denominator,Unavailable,
kpi_005,,Zero Denominator,Unavailable,
kpi_005,,Insufficient Data,Unavailable,
kpi_005,,Zero Denominator,Unavailable,
kpi_005,,Zero Denominator,Unavailable,
kpi_005,,Zero Denominator,Unavailable,
kpi_005,,Zero Denominator,Unavailable,
kpi_005,,Zero Denominator,Unavailable,
kpi_005,,Zero Denominator,Unavailable,
kpi_005,,Zero Denominator,Unavailable,
kpi_005,,Zero Denominator,Unavailable,
kpi_005,,Zero Denominator,Unavailable,
kpi_005,,Zero Denominator,Unavailable,
kpi_005,,Zero Denominator,Unavailable,
kpi_005,,Zero Denominator,Unavailable,
kpi_005,,Zero Denominator,Unavailable,
kpi_005,,Zero Denominator,Unavailable,
kpi_005,,Zero Denominator,Unavailable,
kpi_005,,Zero Denominator,Unavailable,
kpi_005,,Insufficient Data,Unavailable,
kpi_005,,Zero Denominator,Unavailable,
kpi_005,,Zero Denominator,Unavailable,
kpi_005,,Insufficient Data,Unavailable,
kpi_005,,Zero Denominator,Unavailable,
kpi_005,,Zero Denominator,Unavailable,
kpi_005,,Insufficient Data,Unavailable,
kpi_005,,Zero Denominator,Unavailable,
kpi_005,,Zero Denominator,Unavailable,
kpi_005,,Zero Denominator,Unavailable,
kpi_005,,Zero Denominator,Unavailable,
kpi_005,,Zero Denominator,Unavailable,
kpi_005,,Zero Denominator,Unavailable,
kpi_005,,Zero Denominator,Unavailable,
kpi_005,,Zero Denominator,Unavailable,
kpi_005,,Zero Denominator,Unavailable,
kpi_005,,Zero Denominator,Unavailable,
kpi_005,,Zero Denominator,Unavailable,
kpi_005,,Zero Denominator,Unavailable,
kpi_005,,Zero Denominator,Unavailable,
kpi_005,,Zero Denominator,Unavailable,
kpi_005,,Zero Denominator,Unavailable,
kpi_005,,Zero Denominator,Unavailable,
kpi_005,,Zero Denominator,Unavailable,
kpi_005,,Zero Denominator,Unavailable,
kpi_005,,Insufficient Data,Unavailable,
kpi_005,,Zero Denominator,Unavailable,
kpi_005,,Zero Denominator,Unavailable,
kpi_005,,Zero Denominator,Unavailable,
kpi_005,,Zero Denominator,Unavailable,
kpi_005,,Zero Denominator,Unavailable,
kpi_005,,Zero Denominator,Unavailable,
kpi_005,,Zero Denominator,Unavailable,
kpi_005,,Zero Denominator,Unavailable,
kpi_005,,Zero Denominator,Unavailable,
kpi_005,,Zero Denominator,Unavailable,
kpi_005,,Zero Denominator,Unavailable,
kpi_005,,Zero Denominator,Unavailable,
kpi_005,,Zero Denominator,Unavailable,
kpi_005,,Zero Denominator,Unavailable,
kpi_005,,Insufficient Data,Unavailable,
kpi_005,,Zero Denominator,Unavailable,
kpi_005,,Zero Denominator,Unavailable,
kpi_005,,Zero Denominator,Unavailable,
kpi_005,,Zero Denominator,Unavailable,
kpi_005,,Zero Denominator,Unavailable,
kpi_005,,Zero Denominator,Unavailable,
kpi_005,,Zero Denominator,Unavailable,
kpi_005,,Zero Denominator,Unavailable,
kpi_005,,Zero Denominator,Unavailable,
kpi_005,,Zero Denominator,Unavailable,
kpi_005,,Insufficient Data,Unavailable,
kpi_005,,Zero Denominator,Unavailable,
kpi_005,,Zero Denominator,Unavailable,
kpi_005,,Zero Denominator,Unavailable,
kpi_005,,Zero Denominator,Unavailable,
kpi_005,,Zero Denominator,Unavailable,
kpi_005,,Insufficient Data,Unavailable,
kpi_005,,Zero Denominator,Unavailable,
kpi_005,,Zero Denominator,Unavailable,
kpi_005,,Zero Denominator,Unavailable,
kpi_005,,Zero Denominator,Unavailable,
kpi_005,,Zero Denominator,Unavailable,
kpi_005,,Zero Denominator,Unavailable,
kpi_005,,Zero Denominator,Unavailable,
kpi_005,,Zero Denominator,Unavailable,
kpi_005,,Zero Denominator,Unavailable,
kpi_005,,Zero Denominator,Unavailable,
kpi_005,,Insufficient Data,Unavailable,
kpi_005,,Zero Denominator,Unavailable,
kpi_005,,Zero Denominator,Unavailable,
kpi_005,,Zero Denominator,Unavailable,
kpi_005,,Zero Denominator,Unavailable,
kpi_005,,Zero Denominator,Unavailable,
kpi_005,,Zero Denominator,Unavailable,
kpi_005,,Zero Denominator,Unavailable,
kpi_005,,Zero Denominator,Unavailable,
kpi_005,,Zero Denominator,Unavailable,
kpi_005,,Insufficient Data,Unavailable,
kpi_005,,Insufficient Data,Unavailable,
kpi_005,,Zero Denominator,Unavailable,
kpi_005,,Insufficient Data,Unavailable,
kpi_005,,Zero Denominator,Unavailable,
kpi_005,,Zero Denominator,Unavailable,
kpi_005,,Zero Denominator,Unavailable,
kpi_005,,Insufficient Data,Unavailable,
kpi_005,,Zero Denominator,Unavailable,
kpi_005,,Zero Denominator,Unavailable,
kpi_005,,Zero Denominator,Unavailable,
kpi_005,,Zero Denominator,Unavailable,
kpi_005,,Zero Denominator,Unavailable,
kpi_005,,Zero Denominator,Unavailable,
kpi_005,,Zero Denominator,Unavailable,
kpi_005,,Zero Denominator,Unavailable,
kpi_005,,Zero Denominator,Unavailable,
kpi_005,,Zero Denominator,Unavailable,
kpi_005,,Zero Denominator,Unavailable,
kpi_005,,Zero Denominator,Unavailable,
kpi_005,,Zero Denominator,Unavailable,
kpi_005,,Zero Denominator,Unavailable,
kpi_005,,Zero Denominator,Unavailable,
kpi_005,,Zero Denominator,Unavailable,
kpi_005,,Zero Denominator,Unavailable,
kpi_005,,Zero Denominator,Unavailable,
kpi_005,,Zero Denominator,Unavailable,
kpi_005,,Zero Denominator,Unavailable,
kpi_005,,Zero Denominator,Unavailable,
kpi_005,,Zero Denominator,Unavailable,
kpi_005,,Insufficient Data,Unavailable,
kpi_005,,Zero Denominator,Unavailable,
kpi_005,,Zero Denominator,Unavailable,
kpi_005,,Zero Denominator,Unavailable,
kpi_005,,Zero Denominator,Unavailable,
kpi_005,,Zero Denominator,Unavailable,
kpi_005,,Zero Denominator,Unavailable,
kpi_005,,Zero Denominator,Unavailable,
kpi_005,,Zero Denominator,Unavailable,
kpi_005,,Zero Denominator,Unavailable,
kpi_005,,Zero Denominator,Unavailable,
kpi_005,,Zero Denominator,Unavailable,
kpi_005,,Zero Denominator,Unavailable,
kpi_005,,Zero Denominator,Unavailable,
kpi_005,,Zero Denominator,Unavailable,
kpi_005,,Zero Denominator,Unavailable,
kpi_005,,Zero Denominator,Unavailable,
kpi_005,,Zero Denominator,Unavailable,
kpi_005,,Zero Denominator,Unavailable,
kpi_005,,Zero Denominator,Unavailable,
kpi_005,,Zero Denominator,Unavailable,
kpi_005,,Zero Denominator,Unavailable,
kpi_005,,Zero Denominator,Unavailable,
kpi_005,,Insufficient Data,Unavailable,
kpi_005,,Zero Denominator,Unavailable,
kpi_005,,Zero Denominator,Unavailable,
kpi_005,,Zero Denominator,Unavailable,
kpi_005,,Zero Denominator,Unavailable,
kpi_005,,Zero Denominator,Unavailable,
kpi_005,,Zero Denominator,Unavailable,
kpi_005,,Zero Denominator,Unavailable,
kpi_005,,Zero Denominator,Unavailable,
kpi_005,,Zero Denominator,Unavailable,
kpi_005,,Zero Denominator,Unavailable,
kpi_005,,Zero Denominator,Unavailable,
kpi_005,,Zero Denominator,Unavailable,
kpi_005,,Zero Denominator,Unavailable,
kpi_005,,Zero Denominator,Unavailable,
kpi_005,,Zero Denominator,Unavailable,
kpi_005,,Zero Denominator,Unavailable,
kpi_005,,Zero Denominator,Unavailable,
kpi_005,,Zero Denominator,Unavailable,
kpi_005,,Zero Denominator,Unavailable,
kpi_005,,Zero Denominator,Unavailable,
kpi_005,,Zero Denominator,Unavailable,
kpi_005,,Zero Denominator,Unavailable,
kpi_005,,Zero Denominator,Unavailable,
kpi_005,,Zero Denominator,Unavailable,
kpi_005,,Insufficient Data,Unavailable,
kpi_005,,Zero Denominator,Unavailable,
kpi_005,,Zero Denominator,Unavailable,
kpi_005,,Zero Denominator,Unavailable,
kpi_005,,Zero Denominator,Unavailable,
kpi_005,,Zero Denominator,Unavailable,
kpi_005,,Zero Denominator,Unavailable,
kpi_005,,Zero Denominator,Unavailable,
kpi_005,,Zero Denominator,Unavailable,
kpi_005,,Zero Denominator,Unavailable,
kpi_005,,Zero Denominator,Unavailable,
kpi_005,,Zero Denominator,Unavailable,
kpi_005,,Zero Denominator,Unavailable,
kpi_005,,Zero Denominator,Unavailable,
kpi_005,,Insufficient Data,Unavailable,
kpi_005,,Zero Denominator,Unavailable,
kpi_005,,Zero Denominator,Unavailable,
kpi_005,,Zero Denominator,Unavailable,
kpi_005,,Zero Denominator,Unavailable,
kpi_005,,Zero Denominator,Unavailable,
kpi_005,,Zero Denominator,Unavailable,
kpi_005,,Zero Denominator,Unavailable,
kpi_005,,Insufficient Data,Unavailable,
kpi_005,,Zero Denominator,Unavailable,
kpi_005,,Zero Denominator,Unavailable,
kpi_005,,Zero Denominator,Unavailable,
kpi_005,,Insufficient Data,Unavailable,
kpi_005,,Zero Denominator,Unavailable,
kpi_005,,Zero Denominator,Unavailable,
kpi_005,,Zero Denominator,Unavailable,
kpi_005,,Zero Denominator,Unavailable,
kpi_005,,Insufficient Data,Unavailable,
kpi_005,,Zero Denominator,Unavailable,
kpi_005,,Zero Denominator,Unavailable,
kpi_005,,Zero Denominator,Unavailable,
kpi_005,,Zero Denominator,Unavailable,
kpi_005,,Zero Denominator,Unavailable,
kpi_005,,Zero Denominator,Unavailable,
kpi_005,,Zero Denominator,Unavailable,
kpi_005,,Zero Denominator,Unavailable,
kpi_005,,Zero Denominator,Unavailable,
kpi_005,,Zero Denominator,Unavailable,
kpi_005,,Zero Denominator,Unavailable,
kpi_005,,Insufficient Data,Unavailable,
kpi_005,,Zero Denominator,Unavailable,
kpi_005,,Zero Denominator,Unavailable,
kpi_005,,Zero Denominator,Unavailable,
kpi_005,,Zero Denominator,Unavailable,
kpi_005,,Zero Denominator,Unavailable,
kpi_005,,Insufficient Data,Unavailable,
kpi_005,,Insufficient Data,Unavailable,
kpi_005,,Zero Denominator,Unavailable,
kpi_005,,Zero Denominator,Unavailable,
kpi_005,,Zero Denominator,Unavailable,
kpi_005,,Zero Denominator,Unavailable,
kpi_005,,Insufficient Data,Unavailable,
kpi_005,,Zero Denominator,Unavailable,
kpi_005,,Zero Denominator,Unavailable,
kpi_005,,Zero Denominator,Unavailable,
kpi_005,,Zero Denominator,Unavailable,
kpi_005,,Zero Denominator,Unavailable,
kpi_005,,Zero Denominator,Unavailable,
kpi_005,,Zero Denominator,Unavailable,
kpi_005,,Zero Denominator,Unavailable,
kpi_005,,Zero Denominator,Unavailable,
kpi_005,,Zero Denominator,Unavailable,
kpi_005,,Zero Denominator,Unavailable,
kpi_005,,Zero Denominator,Unavailable,
kpi_005,,Zero Denominator,Unavailable,
kpi_005,,Zero Denominator,Unavailable,
kpi_005,,Zero Denominator,Unavailable,
kpi_005,,Zero Denominator,Unavailable,
kpi_005,,Insufficient Data,Unavailable,
kpi_005,,Zero Denominator,Unavailable,
kpi_005,,Zero Denominator,Unavailable,
kpi_005,,Zero Denominator,Unavailable,
kpi_005,,Zero Denominator,Unavailable,
kpi_005,,Zero Denominator,Unavailable,
kpi_005,,Zero Denominator,Unavailable,
kpi_005,,Zero Denominator,Unavailable,
kpi_005,,Zero Denominator,Unavailable,
kpi_005,,Zero Denominator,Unavailable,
kpi_005,,Zero Denominator,Unavailable,
kpi_005,,Zero Denominator,Unavailable,
kpi_005,,Zero Denominator,Unavailable,
kpi_005,,Zero Denominator,Unavailable,
kpi_005,,Zero Denominator,Unavailable,
kpi_005,,Zero Denominator,Unavailable,
kpi_005,,Zero Denominator,Unavailable,
kpi_005,,Insufficient Data,Unavailable,
kpi_005,,Zero Denominator,Unavailable,
kpi_005,,Zero Denominator,Unavailable,
kpi_005,,Zero Denominator,Unavailable,
kpi_005,,Zero Denominator,Unavailable,
kpi_005,,Insufficient Data,Unavailable,
kpi_005,,Zero Denominator,Unavailable,
kpi_005,,Zero Denominator,Unavailable,
kpi_005,,Zero Denominator,Unavailable,
kpi_005,,Zero Denominator,Unavailable,
kpi_005,,Insufficient Data,Unavailable,
kpi_005,,Zero Denominator,Unavailable,
kpi_005,,Zero Denominator,Unavailable,
kpi_005,,Zero Denominator,Unavailable,
kpi_005,,Insufficient Data,Unavailable,
kpi_005,,Zero Denominator,Unavailable,
kpi_005,,Zero Denominator,Unavailable,
kpi_005,,Zero Denominator,Unavailable,
kpi_005,,Zero Denominator,Unavailable,
kpi_005,,Zero Denominator,Unavailable,
kpi_005,,Zero Denominator,Unavailable,
kpi_005,,Zero Denominator,Unavailable,
kpi_005,,Zero Denominator,Unavailable,
kpi_005,,Zero Denominator,Unavailable,
kpi_005,,Zero Denominator,Unavailable,
kpi_005,,Zero Denominator,Unavailable,
kpi_005,,Zero Denominator,Unavailable,
kpi_005,,Zero Denominator,Unavailable,
kpi_005,,Zero Denominator,Unavailable,
kpi_005,,Zero Denominator,Unavailable,
kpi_005,,Zero Denominator,Unavailable,
kpi_005,,Zero Denominator,Unavailable,
kpi_005,,Zero Denominator,Unavailable,
kpi_005,,Zero Denominator,Unavailable,
kpi_005,,Insufficient Data,Unavailable,
kpi_005,,Zero Denominator,Unavailable,
kpi_005,,Zero Denominator,Unavailable,
kpi_005,,Zero Denominator,Unavailable,
kpi_005,,Zero Denominator,Unavailable,
kpi_005,9.9009900990099,Calculated,Green,
kpi_005,0.0,Calculated,Green,
kpi_005,0.0,Calculated,Green,
kpi_005,11.627906976744184,Calculated,Green,
kpi_005,0.0,Calculated,Green,
kpi_005,0.0,Calculated,Green,
kpi_005,0.0,Calculated,Green,
kpi_005,10.869565217391305,Calculated,Green,
kpi_005,0.0,Calculated,Green,
kpi_005,11.627906976744184,Calculated,Green,
kpi_005,0.0,Calculated,Green,
kpi_005,0.0,Calculated,Green,
kpi_005,0.0,Calculated,Green,
kpi_005,0.0,Calculated,Green,
kpi_005,13.888888888888888,Calculated,Green,
kpi_005,0.0,Calculated,Green,
kpi_005,0.0,Calculated,Green,
kpi_005,12.82051282051282,Calculated,Green,
kpi_005,0.0,Calculated,Green,
kpi_005,0.0,Calculated,Green,
kpi_005,0.0,Calculated,Green,
kpi_005,13.513513513513514,Calculated,Green,
kpi_005,11.363636363636363,Calculated,Green,
kpi_005,0.0,Calculated,Green,
kpi_005,0.0,Calculated,Green,
kpi_005,12.048192771084338,Calculated,Green,
kpi_005,0.0,Calculated,Green,
kpi_005,0.0,Calculated,Green,
kpi_005,0.0,Calculated,Green,
kpi_005,0.0,Calculated,Green,
kpi_005,10.989010989010987,Calculated,Green,
kpi_005,0.0,Calculated,Green,
kpi_005,11.494252873563218,Calculated,Green,
kpi_005,0.0,Calculated,Green,
kpi_005,,Insufficient Data,Unavailable,
kpi_005,0.0,Calculated,Green,
kpi_005,9.803921568627452,Calculated,Green,
kpi_005,0.0,Calculated,Green,
kpi_005,12.048192771084338,Calculated,Green,
kpi_005,0.0,Calculated,Green,
kpi_005,0.0,Calculated,Green,
kpi_005,0.0,Calculated,Green,
kpi_005,12.34567901234568,Calculated,Green,
kpi_005,13.157894736842104,Calculated,Green,
kpi_005,,Insufficient Data,Unavailable,
kpi_005,0.0,Calculated,Green,
kpi_005,13.6986301369863,Calculated,Green,
kpi_005,0.0,Calculated,Green,
kpi_005,,Insufficient Data,Unavailable,
kpi_005,14.084507042253522,Calculated,Green,
kpi_005,0.0,Calculated,Green,
kpi_005,0.0,Calculated,Green,
kpi_005,0.0,Calculated,Green,
kpi_005,,Insufficient Data,Unavailable,
kpi_005,0.0,Calculated,Green,
kpi_005,12.82051282051282,Calculated,Green,
kpi_005,0.0,Calculated,Green,
kpi_005,0.0,Calculated,Green,
kpi_005,0.0,Calculated,Green,
kpi_005,,Insufficient Data,Unavailable,
kpi_005,,Insufficient Data,Unavailable,
kpi_005,,Insufficient Data,Unavailable,
kpi_005,0.0,Calculated,Green,
kpi_005,0.0,Calculated,Green,
kpi_005,0.0,Calculated,Green,
kpi_005,0.0,Calculated,Green,
kpi_005,12.658227848101266,Calculated,Green,
kpi_005,10.526315789473683,Calculated,Green,
kpi_005,10.416666666666666,Calculated,Green,
kpi_005,0.0,Calculated,Green,
kpi_005,,Insufficient Data,Unavailable,
kpi_005,12.5,Calculated,Green,
kpi_005,0.0,Calculated,Green,
kpi_005,9.345794392523365,Calculated,Green,
kpi_005,0.0,Calculated,Green,
kpi_005,13.513513513513514,Calculated,Green,
kpi_005,10.869565217391305,Calculated,Green,
kpi_005,0.0,Calculated,Green,
kpi_005,0.0,Calculated,Green,
kpi_005,0.0,Calculated,Green,
kpi_005,0.0,Calculated,Green,
kpi_005,12.987012987012989,Calculated,Green,
kpi_005,0.0,Calculated,Green,
kpi_005,12.658227848101266,Calculated,Green,
kpi_005,0.0,Calculated,Green,
kpi_005,0.0,Calculated,Green,
kpi_005,0.0,Calculated,Green,
kpi_005,0.0,Calculated,Green,
kpi_005,10.752688172043012,Calculated,Green,
kpi_005,,Insufficient Data,Unavailable,
kpi_005,0.0,Calculated,Green,
kpi_005,0.0,Calculated,Green,
kpi_005,9.523809523809526,Calculated,Green,
kpi_005,9.9009900990099,Calculated,Green,
kpi_005,,Insufficient Data,Unavailable,
kpi_005,10.752688172043012,Calculated,Green,
kpi_005,10.0,Calculated,Green,
kpi_005,0.0,Calculated,Green,
kpi_005,0.0,Calculated,Green,
kpi_005,20.202020202020204,Calculated,Red,
kpi_005,0.0,Calculated,Green,
kpi_005,9.9009900990099,Calculated,Green,
kpi_005,9.433962264150942,Calculated,Green,
kpi_005,10.20408163265306,Calculated,Green,
kpi_005,0.0,Calculated,Green,
kpi_005,0.0,Calculated,Green,
kpi_005,16.949152542372882,Calculated,Amber,
kpi_005,,Insufficient Data,Unavailable,
kpi_005,0.0,Calculated,Green,
kpi_005,11.627906976744184,Calculated,Green,
kpi_005,9.433962264150942,Calculated,Green,
kpi_005,0.0,Calculated,Green,
kpi_005,,Insufficient Data,Unavailable,
kpi_005,0.0,Calculated,Green,
kpi_005,0.0,Calculated,Green,
kpi_005,9.433962264150942,Calculated,Green,
kpi_005,0.0,Calculated,Green,
kpi_005,8.474576271186441,Calculated,Green,
kpi_005,0.0,Calculated,Green,
kpi_005,0.0,Calculated,Green,
kpi_005,8.403361344537815,Calculated,Green,
kpi_005,9.9009900990099,Calculated,Green,
kpi_005,0.0,Calculated,Green,
kpi_005,9.803921568627452,Calculated,Green,
kpi_005,10.869565217391305,Calculated,Green,
kpi_005,10.101010101010102,Calculated,Green,
kpi_005,0.0,Calculated,Green,
kpi_005,8.849557522123893,Calculated,Green,
kpi_005,,Insufficient Data,Unavailable,
kpi_005,0.0,Calculated,Green,
kpi_005,13.157894736842104,Calculated,Green,
kpi_005,12.048192771084338,Calculated,Green,
kpi_005,0.0,Calculated,Green,
kpi_005,11.76470588235294,Calculated,Green,
kpi_005,,Insufficient Data,Unavailable,
kpi_005,8.849557522123893,Calculated,Green,
kpi_005,12.34567901234568,Calculated,Green,
kpi_005,24.09638554216868,Calculated,Red,
kpi_005,0.0,Calculated,Green,
kpi_005,11.76470588235294,Calculated,Green,
kpi_005,9.9009900990099,Calculated,Green,
kpi_005,8.771929824561402,Calculated,Green,
kpi_005,10.309278350515465,Calculated,Green,
kpi_005,12.048192771084338,Calculated,Green,
kpi_005,,Insufficient Data,Unavailable,
kpi_005,22.727272727272727,Calculated,Red,
kpi_005,0.0,Calculated,Green,
kpi_005,8.849557522123893,Calculated,Green,
kpi_005,0.0,Calculated,Green,
kpi_005,0.0,Calculated,Green,
kpi_005,8.695652173913043,Calculated,Green,
kpi_005,9.345794392523365,Calculated,Green,
kpi_005,22.22222222222222,Calculated,Red,
kpi_005,,Insufficient Data,Unavailable,
kpi_005,10.752688172043012,Calculated,Green,
kpi_005,20.61855670103093,Calculated,Red,
kpi_005,0.0,Calculated,Green,
kpi_005,0.0,Calculated,Green,
kpi_005,20.40816326530612,Calculated,Red,
kpi_005,20.0,Calculated,Red,
kpi_005,0.0,Calculated,Green,
kpi_005,0.0,Calculated,Green,
kpi_005,0.0,Calculated,Green,
kpi_005,7.462686567164179,Calculated,Green,
kpi_005,10.869565217391305,Calculated,Green,
kpi_005,0.0,Calculated,Green,
kpi_005,8.695652173913043,Calculated,Green,
kpi_005,,Insufficient Data,Unavailable,
kpi_005,17.857142857142858,Calculated,Amber,
kpi_005,19.41747572815534,Calculated,Amber,
kpi_005,15.625,Calculated,Amber,
kpi_005,12.987012987012989,Calculated,Green,
kpi_005,9.9009900990099,Calculated,Green,
kpi_005,11.363636363636363,Calculated,Green,
kpi_005,20.202020202020204,Calculated,Red,
kpi_005,9.523809523809526,Calculated,Green,
kpi_005,28.03738317757009,Calculated,Red,
kpi_005,7.633587786259541,Calculated,Green,
kpi_005,0.0,Calculated,Green,
kpi_005,0.0,Calculated,Green,
kpi_005,10.0,Calculated,Green,
kpi_005,0.0,Calculated,Green,
kpi_005,0.0,Calculated,Green,
kpi_005,0.0,Calculated,Green,
kpi_005,21.73913043478261,Calculated,Red,
kpi_005,0.0,Calculated,Green,
kpi_005,19.41747572815534,Calculated,Amber,
kpi_005,22.22222222222222,Calculated,Red,
kpi_005,9.00900900900901,Calculated,Green,
kpi_005,0.0,Calculated,Green,
kpi_005,,Insufficient Data,Unavailable,
kpi_005,10.416666666666666,Calculated,Green,
kpi_005,0.0,Calculated,Green,
kpi_005,10.869565217391305,Calculated,Green,
kpi_005,0.0,Calculated,Green,
kpi_005,25.64102564102564,Calculated,Red,
kpi_005,9.25925925925926,Calculated,Green,
kpi_005,0.0,Calculated,Green,
kpi_005,,Insufficient Data,Unavailable,
kpi_005,10.101010101010102,Calculated,Green,
kpi_005,0.0,Calculated,Green,
kpi_005,10.309278350515465,Calculated,Green,
kpi_005,23.25581395348837,Calculated,Red,
kpi_005,0.0,Calculated,Green,
kpi_005,0.0,Calculated,Green,
kpi_005,0.0,Calculated,Green,
kpi_005,40.54054054054054,Calculated,Red,
kpi_005,9.803921568627452,Calculated,Green,
kpi_005,20.0,Calculated,Red,
kpi_005,0.0,Calculated,Green,
kpi_005,7.633587786259541,Calculated,Green,
kpi_005,10.416666666666666,Calculated,Green,
kpi_005,0.0,Calculated,Green,
kpi_005,0.0,Calculated,Green,
kpi_005,13.157894736842104,Calculated,Green,
kpi_005,0.0,Calculated,Green,
kpi_005,0.0,Calculated,Green,
kpi_005,0.0,Calculated,Green,
kpi_005,0.0,Calculated,Green,
kpi_005,20.202020202020204,Calculated,Red,
kpi_005,0.0,Calculated,Green,
kpi_005,0.0,Calculated,Green,
kpi_005,0.0,Calculated,Green,
kpi_005,,Insufficient Data,Unavailable,
kpi_005,0.0,Calculated,Green,
kpi_005,9.174311926605505,Calculated,Green,
kpi_005,14.084507042253522,Calculated,Green,
kpi_005,0.0,Calculated,Green,
kpi_005,,Insufficient Data,Unavailable,
kpi_005,0.0,Calculated,Green,
kpi_005,0.0,Calculated,Green,
kpi_005,10.869565217391305,Calculated,Green,
kpi_005,0.0,Calculated,Green,
kpi_005,0.0,Calculated,Green,
kpi_005,0.0,Calculated,Green,
kpi_005,0.0,Calculated,Green,
kpi_005,0.0,Calculated,Green,
kpi_005,22.988505747126435,Calculated,Red,
kpi_005,11.76470588235294,Calculated,Green,
kpi_005,9.615384615384617,Calculated,Green,
kpi_005,11.363636363636363,Calculated,Green,
kpi_005,0.0,Calculated,Green,
kpi_005,0.0,Calculated,Green,
kpi_005,12.658227848101266,Calculated,Green,
kpi_005,,Insufficient Data,Unavailable,
kpi_005,0.0,Calculated,Green,
kpi_005,0.0,Calculated,Green,
kpi_005,11.363636363636363,Calculated,Green,
kpi_005,11.76470588235294,Calculated,Green,
kpi_005,0.0,Calculated,Green,
kpi_005,,Insufficient Data,Unavailable,
kpi_005,9.25925925925926,Calculated,Green,
kpi_005,0.0,Calculated,Green,
kpi_005,0.0,Calculated,Green,
kpi_005,13.6986301369863,Calculated,Green,
kpi_005,0.0,Calculated,Green,
kpi_005,12.048192771084338,Calculated,Green,
kpi_005,0.0,Calculated,Green,
kpi_005,0.0,Calculated,Green,
kpi_005,0.0,Calculated,Green,
kpi_005,0.0,Calculated,Green,
kpi_005,0.0,Calculated,Green,
kpi_005,0.0,Calculated,Green,
kpi_005,19.8019801980198,Calculated,Red,
kpi_005,,Insufficient Data,Unavailable,
kpi_005,0.0,Calculated,Green,
kpi_005,0.0,Calculated,Green,
kpi_005,0.0,Calculated,Green,
kpi_005,,Insufficient Data,Unavailable,
kpi_005,12.658227848101266,Calculated,Green,
kpi_005,0.0,Calculated,Green,
kpi_005,9.803921568627452,Calculated,Green,
kpi_005,11.494252873563218,Calculated,Green,
kpi_005,0.0,Calculated,Green,
kpi_005,20.61855670103093,Calculated,Red,
kpi_005,10.526315789473683,Calculated,Green,
kpi_005,11.363636363636363,Calculated,Green,
kpi_005,0.0,Calculated,Green,
kpi_005,10.752688172043012,Calculated,Green,
kpi_005,11.76470588235294,Calculated,Green,
kpi_005,0.0,Calculated,Green,
kpi_005,0.0,Calculated,Green,
kpi_005,12.195121951219512,Calculated,Green,
kpi_005,20.40816326530612,Calculated,Red,
kpi_005,0.0,Calculated,Green,
kpi_005,12.195121951219512,Calculated,Green,
kpi_005,0.0,Calculated,Green,
kpi_005,0.0,Calculated,Green,
kpi_005,10.416666666666666,Calculated,Green,
kpi_005,0.0,Calculated,Green,
kpi_005,0.0,Calculated,Green,
kpi_005,0.0,Calculated,Green,
kpi_005,11.76470588235294,Calculated,Green,
kpi_005,,Insufficient Data,Unavailable,
kpi_005,18.18181818181818,Calculated,Amber,
kpi_005,0.0,Calculated,Green,
kpi_005,0.0,Calculated,Green,
kpi_005,9.803921568627452,Calculated,Green,
kpi_005,9.25925925925926,Calculated,Green,
kpi_005,0.0,Calculated,Green,
kpi_005,,Insufficient Data,Unavailable,
kpi_005,,Insufficient Data,Unavailable,
kpi_005,0.0,Calculated,Green,
kpi_005,9.345794392523365,Calculated,Green,
kpi_005,0.0,Calculated,Green,
kpi_005,0.0,Calculated,Green,
kpi_005,14.92537313432836,Calculated,Amber,
kpi_005,0.0,Calculated,Green,
kpi_005,,Insufficient Data,Unavailable,
kpi_005,0.0,Calculated,Green,
kpi_005,0.0,Calculated,Green,
kpi_005,10.752688172043012,Calculated,Green,
kpi_005,11.494252873563218,Calculated,Green,
kpi_005,13.333333333333334,Calculated,Green,
kpi_005,16.666666666666668,Calculated,Amber,
kpi_005,9.615384615384617,Calculated,Green,
kpi_005,10.638297872340424,Calculated,Green,
kpi_005,9.9009900990099,Calculated,Green,
kpi_005,0.0,Calculated,Green,
kpi_005,,Insufficient Data,Unavailable,
kpi_005,0.0,Calculated,Green,
kpi_005,0.0,Calculated,Green,
kpi_005,0.0,Calculated,Green,
kpi_005,0.0,Calculated,Green,
kpi_005,0.0,Calculated,Green,
kpi_005,0.0,Calculated,Green,
kpi_005,0.0,Calculated,Green,
kpi_005,0.0,Calculated,Green,
kpi_005,0.0,Calculated,Green,
kpi_005,0.0,Calculated,Green,
kpi_005,0.0,Calculated,Green,
kpi_005,12.048192771084338,Calculated,Green,
kpi_005,,Insufficient Data,Unavailable,
kpi_005,0.0,Calculated,Green,
kpi_005,0.0,Calculated,Green,
kpi_005,0.0,Calculated,Green,
kpi_005,10.752688172043012,Calculated,Green,
kpi_005,10.869565217391305,Calculated,Green,
kpi_005,12.34567901234568,Calculated,Green,
kpi_005,0.0,Calculated,Green,
kpi_005,0.0,Calculated,Green,
kpi_005,0.0,Calculated,Green,
kpi_005,12.195121951219512,Calculated,Green,
kpi_005,10.526315789473683,Calculated,Green,
kpi_005,11.76470588235294,Calculated,Green,
kpi_005,0.0,Calculated,Green,
kpi_005,11.363636363636363,Calculated,Green,
kpi_005,0.0,Calculated,Green,
kpi_005,0.0,Calculated,Green,
kpi_005,9.09090909090909,Calculated,Green,
kpi_005,11.627906976744184,Calculated,Green,
kpi_005,10.989010989010987,Calculated,Green,
kpi_005,0.0,Calculated,Green,
kpi_005,10.416666666666666,Calculated,Green,
kpi_005,10.638297872340424,Calculated,Green,
kpi_005,0.0,Calculated,Green,
kpi_005,8.849557522123893,Calculated,Green,
kpi_005,12.658227848101266,Calculated,Green,
kpi_005,22.988505747126435,Calculated,Red,
kpi_005,,Insufficient Data,Unavailable,
kpi_005,0.0,Calculated,Green,
kpi_005,0.0,Calculated,Green,
kpi_005,24.390243902439025,Calculated,Red,
kpi_005,9.174311926605505,Calculated,Green,
kpi_005,10.752688172043012,Calculated,Green,
kpi_005,,Zero Denominator,Unavailable,
kpi_005,,Zero Denominator,Unavailable,
kpi_005,,Zero Denominator,Unavailable,
kpi_005,,Zero Denominator,Unavailable,
kpi_005,,Insufficient Data,Unavailable,
kpi_005,,Zero Denominator,Unavailable,
kpi_005,,Zero Denominator,Unavailable,
kpi_005,,Insufficient Data,Unavailable,
kpi_005,,Zero Denominator,Unavailable,
kpi_005,,Zero Denominator,Unavailable,
kpi_005,,Zero Denominator,Unavailable,
kpi_005,,Zero Denominator,Unavailable,
kpi_005,,Zero Denominator,Unavailable,
kpi_005,,Zero Denominator,Unavailable,
kpi_005,,Zero Denominator,Unavailable,
kpi_005,,Zero Denominator,Unavailable,
kpi_005,,Zero Denominator,Unavailable,
kpi_005,,Zero Denominator,Unavailable,
kpi_005,,Zero Denominator,Unavailable,
kpi_005,,Zero Denominator,Unavailable,
kpi_005,,Zero Denominator,Unavailable,
kpi_005,,Insufficient Data,Unavailable,
kpi_005,,Zero Denominator,Unavailable,
kpi_005,,Zero Denominator,Unavailable,
kpi_005,,Zero Denominator,Unavailable,
kpi_005,,Zero Denominator,Unavailable,
kpi_005,,Zero Denominator,Unavailable,
kpi_005,,Zero Denominator,Unavailable,
kpi_005,,Zero Denominator,Unavailable,
kpi_005,,Zero Denominator,Unavailable,
kpi_005,,Zero Denominator,Unavailable,
kpi_005,,Zero Denominator,Unavailable,
kpi_005,,Zero Denominator,Unavailable,
kpi_005,,Zero Denominator,Unavailable,
kpi_005,,Zero Denominator,Unavailable,
kpi_005,,Insufficient Data,Unavailable,
kpi_005,,Zero Denominator,Unavailable,
kpi_005,,Zero Denominator,Unavailable,
kpi_005,,Zero Denominator,Unavailable,
kpi_005,,Zero Denominator,Unavailable,
kpi_005,,Insufficient Data,Unavailable,
kpi_005,,Zero Denominator,Unavailable,
kpi_005,,Zero Denominator,Unavailable,
kpi_005,,Zero Denominator,Unavailable,
kpi_005,,Zero Denominator,Unavailable,
kpi_005,,Zero Denominator,Unavailable,
kpi_005,,Zero Denominator,Unavailable,
kpi_005,,Zero Denominator,Unavailable,
kpi_005,,Zero Denominator,Unavailable,
kpi_005,,Zero Denominator,Unavailable,
kpi_005,,Zero Denominator,Unavailable,
kpi_005,,Zero Denominator,Unavailable,
kpi_005,,Zero Denominator,Unavailable,
kpi_005,,Zero Denominator,Unavailable,
kpi_005,,Zero Denominator,Unavailable,
kpi_005,,Zero Denominator,Unavailable,
kpi_005,,Zero Denominator,Unavailable,
kpi_005,,Zero Denominator,Unavailable,
kpi_005,,Zero Denominator,Unavailable,
kpi_005,,Zero Denominator,Unavailable,
kpi_005,,Zero Denominator,Unavailable,
kpi_005,,Zero Denominator,Unavailable,
kpi_005,,Zero Denominator,Unavailable,
kpi_005,,Zero Denominator,Unavailable,
kpi_005,,Zero Denominator,Unavailable,
kpi_005,,Zero Denominator,Unavailable,
kpi_005,,Zero Denominator,Unavailable,
kpi_005,,Zero Denominator,Unavailable,
kpi_005,,Zero Denominator,Unavailable,
kpi_005,,Insufficient Data,Unavailable,
kpi_005,,Zero Denominator,Unavailable,
kpi_005,,Zero Denominator,Unavailable,
kpi_005,,Zero Denominator,Unavailable,
kpi_005,,Zero Denominator,Unavailable,
kpi_005,,Zero Denominator,Unavailable,
kpi_005,,Zero Denominator,Unavailable,
kpi_005,,Zero Denominator,Unavailable,
kpi_005,,Insufficient Data,Unavailable,
kpi_005,,Zero Denominator,Unavailable,
kpi_005,,Zero Denominator,Unavailable,
kpi_005,,Insufficient Data,Unavailable,
kpi_005,,Insufficient Data,Unavailable,
kpi_005,,Zero Denominator,Unavailable,
kpi_005,,Zero Denominator,Unavailable,
kpi_005,,Zero Denominator,Unavailable,
kpi_005,,Zero Denominator,Unavailable,
kpi_005,,Zero Denominator,Unavailable,
kpi_005,,Zero Denominator,Unavailable,
kpi_005,,Zero Denominator,Unavailable,
kpi_005,,Zero Denominator,Unavailable,
kpi_005,,Zero Denominator,Unavailable,
kpi_005,,Zero Denominator,Unavailable,
kpi_005,,Zero Denominator,Unavailable,
kpi_005,,Zero Denominator,Unavailable,
kpi_005,,Zero Denominator,Unavailable,
kpi_005,,Zero Denominator,Unavailable,
kpi_005,,Zero Denominator,Unavailable,
kpi_005,,Insufficient Data,Unavailable,
kpi_005,,Zero Denominator,Unavailable,
kpi_005,,Zero Denominator,Unavailable,
kpi_005,,Insufficient Data,Unavailable,
kpi_005,,Zero Denominator,Unavailable,
kpi_005,,Zero Denominator,Unavailable,
kpi_005,,Zero Denominator,Unavailable,
kpi_005,,Insufficient Data,Unavailable,
kpi_005,,Zero Denominator,Unavailable,
kpi_005,,Zero Denominator,Unavailable,
kpi_005,,Zero Denominator,Unavailable,
kpi_005,,Zero Denominator,Unavailable,
kpi_005,,Zero Denominator,Unavailable,
kpi_005,,Zero Denominator,Unavailable,
kpi_005,,Zero Denominator,Unavailable,
kpi_005,,Zero Denominator,Unavailable,
kpi_005,,Zero Denominator,Unavailable,
kpi_005,,Zero Denominator,Unavailable,
kpi_005,,Zero Denominator,Unavailable,
kpi_005,,Zero Denominator,Unavailable,
kpi_005,,Insufficient Data,Unavailable,
kpi_005,,Zero Denominator,Unavailable,
kpi_005,,Zero Denominator,Unavailable,
kpi_005,,Zero Denominator,Unavailable,
kpi_005,,Zero Denominator,Unavailable,
kpi_005,,Zero Denominator,Unavailable,
kpi_005,,Zero Denominator,Unavailable,
kpi_005,,Zero Denominator,Unavailable,
kpi_005,,Zero Denominator,Unavailable,
kpi_005,,Zero Denominator,Unavailable,
kpi_005,,Zero Denominator,Unavailable,
kpi_005,,Zero Denominator,Unavailable,
kpi_005,,Zero Denominator,Unavailable,
kpi_005,,Zero Denominator,Unavailable,
kpi_005,,Zero Denominator,Unavailable,
kpi_005,,Zero Denominator,Unavailable,
kpi_005,,Zero Denominator,Unavailable,
kpi_005,,Zero Denominator,Unavailable,
kpi_005,,Insufficient Data,Unavailable,
kpi_005,,Zero Denominator,Unavailable,
kpi_005,,Zero Denominator,Unavailable,
kpi_005,,Zero Denominator,Unavailable,
kpi_005,,Zero Denominator,Unavailable,
kpi_005,,Zero Denominator,Unavailable,
kpi_005,,Zero Denominator,Unavailable,
kpi_005,,Zero Denominator,Unavailable,
kpi_005,,Zero Denominator,Unavailable,
kpi_005,,Insufficient Data,Unavailable,
kpi_005,,Zero Denominator,Unavailable,
kpi_005,,Zero Denominator,Unavailable,
kpi_005,,Zero Denominator,Unavailable,
kpi_005,,Zero Denominator,Unavailable,
kpi_005,,Zero Denominator,Unavailable,
kpi_005,,Zero Denominator,Unavailable,
kpi_005,,Zero Denominator,Unavailable,
kpi_005,,Zero Denominator,Unavailable,
kpi_005,,Zero Denominator,Unavailable,
kpi_005,,Zero Denominator,Unavailable,
kpi_005,,Zero Denominator,Unavailable,
kpi_005,,Zero Denominator,Unavailable,
kpi_005,,Zero Denominator,Unavailable,
kpi_005,,Zero Denominator,Unavailable,
kpi_005,,Zero Denominator,Unavailable,
kpi_005,,Zero Denominator,Unavailable,
kpi_005,,Zero Denominator,Unavailable,
kpi_005,,Zero Denominator,Unavailable,
kpi_005,,Zero Denominator,Unavailable,
kpi_005,,Zero Denominator,Unavailable,
kpi_005,,Zero Denominator,Unavailable,
kpi_005,,Zero Denominator,Unavailable,
kpi_005,,Zero Denominator,Unavailable,
kpi_005,,Insufficient Data,Unavailable,
kpi_005,,Zero Denominator,Unavailable,
kpi_005,,Zero Denominator,Unavailable,
kpi_005,,Zero Denominator,Unavailable,
kpi_005,,Zero Denominator,Unavailable,
kpi_005,,Zero Denominator,Unavailable,
kpi_005,,Zero Denominator,Unavailable,
kpi_005,,Zero Denominator,Unavailable,
kpi_005,,Zero Denominator,Unavailable,
kpi_005,,Zero Denominator,Unavailable,
kpi_005,,Zero Denominator,Unavailable,
kpi_005,,Zero Denominator,Unavailable,
kpi_005,,Zero Denominator,Unavailable,
kpi_005,,Zero Denominator,Unavailable,
kpi_005,,Zero Denominator,Unavailable,
kpi_005,,Zero Denominator,Unavailable,
kpi_005,,Zero Denominator,Unavailable,
kpi_005,,Zero Denominator,Unavailable,
kpi_005,,Zero Denominator,Unavailable,
kpi_005,,Zero Denominator,Unavailable,
kpi_005,,Zero Denominator,Unavailable,
kpi_005,,Insufficient Data,Unavailable,
kpi_005,,Zero Denominator,Unavailable,
kpi_005,,Insufficient Data,Unavailable,
kpi_005,,Zero Denominator,Unavailable,
kpi_005,,Zero Denominator,Unavailable,
kpi_005,,Zero Denominator,Unavailable,
kpi_005,,Zero Denominator,Unavailable,
kpi_005,,Zero Denominator,Unavailable,
kpi_005,,Zero Denominator,Unavailable,
kpi_005,,Insufficient Data,Unavailable,
kpi_005,,Zero Denominator,Unavailable,
kpi_005,,Zero Denominator,Unavailable,
kpi_005,,Zero Denominator,Unavailable,
kpi_005,,Zero Denominator,Unavailable,
kpi_005,,Zero Denominator,Unavailable,
kpi_005,,Zero Denominator,Unavailable,
kpi_005,,Zero Denominator,Unavailable,
kpi_005,,Zero Denominator,Unavailable,
kpi_005,,Zero Denominator,Unavailable,
kpi_005,,Zero Denominator,Unavailable,
kpi_005,,Zero Denominator,Unavailable,
kpi_005,,Zero Denominator,Unavailable,
kpi_005,,Zero Denominator,Unavailable,
kpi_005,,Zero Denominator,Unavailable,
kpi_005,,Zero Denominator,Unavailable,
kpi_005,,Zero Denominator,Unavailable,
kpi_005,,Zero Denominator,Unavailable,
kpi_005,,Zero Denominator,Unavailable,
kpi_005,,Zero Denominator,Unavailable,
kpi_005,,Zero Denominator,Unavailable,
kpi_005,,Zero Denominator,Unavailable,
kpi_005,,Zero Denominator,Unavailable,
kpi_005,,Insufficient Data,Unavailable,
kpi_005,,Zero Denominator,Unavailable,
kpi_005,,Zero Denominator,Unavailable,
kpi_005,,Zero Denominator,Unavailable,
kpi_005,,Zero Denominator,Unavailable,
kpi_005,,Zero Denominator,Unavailable,
kpi_005,,Zero Denominator,Unavailable,
kpi_005,,Zero Denominator,Unavailable,
kpi_005,,Zero Denominator,Unavailable,
kpi_005,,Zero Denominator,Unavailable,
kpi_005,,Zero Denominator,Unavailable,
kpi_005,,Zero Denominator,Unavailable,
kpi_005,,Zero Denominator,Unavailable,
kpi_005,,Zero Denominator,Unavailable,
kpi_005,,Zero Denominator,Unavailable,
kpi_005,,Zero Denominator,Unavailable,
kpi_005,,Zero Denominator,Unavailable,
kpi_005,,Zero Denominator,Unavailable,
kpi_005,,Insufficient Data,Unavailable,
kpi_005,,Insufficient Data,Unavailable,
kpi_005,,Zero Denominator,Unavailable,
kpi_005,,Insufficient Data,Unavailable,
kpi_005,,Zero Denominator,Unavailable,
kpi_005,,Zero Denominator,Unavailable,
kpi_005,,Zero Denominator,Unavailable,
kpi_005,,Zero Denominator,Unavailable,
kpi_005,,Zero Denominator,Unavailable,
kpi_005,,Insufficient Data,Unavailable,
kpi_005,,Zero Denominator,Unavailable,
kpi_005,,Insufficient Data,Unavailable,
kpi_005,,Zero Denominator,Unavailable,
kpi_005,,Zero Denominator,Unavailable,
kpi_005,,Zero Denominator,Unavailable,
kpi_005,,Zero Denominator,Unavailable,
kpi_005,,Zero Denominator,Unavailable,
kpi_005,,Zero Denominator,Unavailable,
kpi_005,,Zero Denominator,Unavailable,
kpi_005,,Zero Denominator,Unavailable,
kpi_005,,Zero Denominator,Unavailable,
kpi_005,,Zero Denominator,Unavailable,
kpi_005,,Zero Denominator,Unavailable,
kpi_005,,Zero Denominator,Unavailable,
kpi_005,,Zero Denominator,Unavailable,
kpi_005,,Zero Denominator,Unavailable,
kpi_005,,Zero Denominator,Unavailable,
kpi_005,,Zero Denominator,Unavailable,
kpi_005,,Zero Denominator,Unavailable,
kpi_005,,Zero Denominator,Unavailable,
kpi_005,,Zero Denominator,Unavailable,
kpi_005,,Zero Denominator,Unavailable,
kpi_005,,Zero Denominator,Unavailable,
kpi_005,,Zero Denominator,Unavailable,
kpi_005,,Insufficient Data,Unavailable,
kpi_005,,Zero Denominator,Unavailable,
kpi_005,,Zero Denominator,Unavailable,
kpi_005,,Zero Denominator,Unavailable,
kpi_005,,Zero Denominator,Unavailable,
kpi_005,,Zero Denominator,Unavailable,
kpi_005,,Zero Denominator,Unavailable,
kpi_005,,Zero Denominator,Unavailable,
kpi_005,,Zero Denominator,Unavailable,
kpi_005,,Zero Denominator,Unavailable,
kpi_005,,Zero Denominator,Unavailable,
kpi_005,,Zero Denominator,Unavailable,
kpi_005,,Zero Denominator,Unavailable,
kpi_005,,Zero Denominator,Unavailable,
kpi_005,,Zero Denominator,Unavailable,
kpi_005,,Zero Denominator,Unavailable,
kpi_005,,Zero Denominator,Unavailable,
kpi_005,,Zero Denominator,Unavailable,
kpi_005,,Zero Denominator,Unavailable,
kpi_005,,Zero Denominator,Unavailable,
kpi_005,,Insufficient Data,Unavailable,
kpi_005,,Zero Denominator,Unavailable,
kpi_005,,Zero Denominator,Unavailable,
kpi_005,,Zero Denominator,Unavailable,
kpi_005,,Zero Denominator,Unavailable,
kpi_005,,Zero Denominator,Unavailable,
kpi_005,,Zero Denominator,Unavailable,
kpi_005,,Zero Denominator,Unavailable,
kpi_005,,Zero Denominator,Unavailable,
kpi_005,,Insufficient Data,Unavailable,
kpi_005,,Zero Denominator,Unavailable,
kpi_005,,Insufficient Data,Unavailable,
kpi_005,,Zero Denominator,Unavailable,
kpi_005,,Zero Denominator,Unavailable,
kpi_005,,Zero Denominator,Unavailable,
kpi_005,,Zero Denominator,Unavailable,
kpi_005,,Zero Denominator,Unavailable,
kpi_005,,Zero Denominator,Unavailable,
kpi_005,,Zero Denominator,Unavailable,
kpi_005,,Zero Denominator,Unavailable,
kpi_005,,Zero Denominator,Unavailable,
kpi_005,,Zero Denominator,Unavailable,
kpi_005,,Zero Denominator,Unavailable,
kpi_005,,Zero Denominator,Unavailable,
kpi_005,,Zero Denominator,Unavailable,
kpi_005,,Zero Denominator,Unavailable,
kpi_005,,Zero Denominator,Unavailable,
kpi_005,,Zero Denominator,Unavailable,
kpi_005,,Zero Denominator,Unavailable,
kpi_005,,Zero Denominator,Unavailable,
kpi_005,,Zero Denominator,Unavailable,
kpi_005,,Zero Denominator,Unavailable,
kpi_005,,Insufficient Data,Unavailable,
kpi_005,,Zero Denominator,Unavailable,
kpi_005,,Zero Denominator,Unavailable,
kpi_005,,Zero Denominator,Unavailable,
kpi_005,,Zero Denominator,Unavailable,
kpi_005,,Zero Denominator,Unavailable,
kpi_005,,Zero Denominator,Unavailable,
kpi_005,,Zero Denominator,Unavailable,
kpi_005,,Zero Denominator,Unavailable,
kpi_005,,Zero Denominator,Unavailable,
kpi_005,,Zero Denominator,Unavailable,
kpi_005,,Zero Denominator,Unavailable,
kpi_005,,Zero Denominator,Unavailable,
kpi_005,,Zero Denominator,Unavailable,
kpi_005,,Insufficient Data,Unavailable,
kpi_005,,Insufficient Data,Unavailable,
kpi_005,,Zero Denominator,Unavailable,
kpi_005,,Zero Denominator,Unavailable,
kpi_005,,Zero Denominator,Unavailable,
kpi_005,,Insufficient Data,Unavailable,
kpi_005,,Zero Denominator,Unavailable,
kpi_005,,Zero Denominator,Unavailable,
kpi_005,,Zero Denominator,Unavailable,
kpi_005,,Zero Denominator,Unavailable,
kpi_005,,Zero Denominator,Unavailable,
kpi_005,,Zero Denominator,Unavailable,
kpi_005,,Zero Denominator,Unavailable,
kpi_005,,Zero Denominator,Unavailable,
kpi_005,,Zero Denominator,Unavailable,
kpi_005,,Zero Denominator,Unavailable,
kpi_005,,Zero Denominator,Unavailable,
kpi_005,,Zero Denominator,Unavailable,
kpi_005,,Zero Denominator,Unavailable,
kpi_005,,Zero Denominator,Unavailable,
kpi_005,,Zero Denominator,Unavailable,
kpi_005,,Zero Denominator,Unavailable,
kpi_005,,Zero Denominator,Unavailable,
kpi_005,,Zero Denominator,Unavailable,
kpi_005,,Zero Denominator,Unavailable,
kpi_005,,Zero Denominator,Unavailable,
kpi_005,,Zero Denominator,Unavailable,
kpi_005,,Zero Denominator,Unavailable,
kpi_005,,Zero Denominator,Unavailable,
kpi_005,,Zero Denominator,Unavailable,
kpi_005,,Zero Denominator,Unavailable,
kpi_005,,Zero Denominator,Unavailable,
kpi_005,,Zero Denominator,Unavailable,
kpi_005,,Zero Denominator,Unavailable,
kpi_005,,Zero Denominator,Unavailable,
kpi_005,,Zero Denominator,Unavailable,
kpi_005,,Zero Denominator,Unavailable,
kpi_005,,Zero Denominator,Unavailable,
kpi_005,,Zero Denominator,Unavailable,
kpi_005,,Zero Denominator,Unavailable,
kpi_005,,Zero Denominator,Unavailable,
kpi_005,,Insufficient Data,Unavailable,
kpi_005,,Zero Denominator,Unavailable,
kpi_005,,Zero Denominator,Unavailable,
kpi_005,,Zero Denominator,Unavailable,
kpi_005,,Zero Denominator,Unavailable,
kpi_005,,Zero Denominator,Unavailable,
kpi_005,,Zero Denominator,Unavailable,
kpi_005,,Zero Denominator,Unavailable,
kpi_005,,Zero Denominator,Unavailable,
kpi_005,,Zero Denominator,Unavailable,
kpi_005,,Zero Denominator,Unavailable,
kpi_005,,Zero Denominator,Unavailable,
kpi_005,,Zero Denominator,Unavailable,
kpi_005,,Zero Denominator,Unavailable,
kpi_005,,Zero Denominator,Unavailable,
kpi_005,,Zero Denominator,Unavailable,
kpi_005,,Zero Denominator,Unavailable,
kpi_005,,Zero Denominator,Unavailable,
kpi_005,,Zero Denominator,Unavailable,
kpi_005,,Zero Denominator,Unavailable,
kpi_005,,Zero Denominator,Unavailable,
kpi_005,,Zero Denominator,Unavailable,
kpi_005,,Zero Denominator,Unavailable,
kpi_005,,Zero Denominator,Unavailable,
kpi_005,,Zero Denominator,Unavailable,
kpi_005,,Zero Denominator,Unavailable,
kpi_005,,Zero Denominator,Unavailable,
kpi_005,,Zero Denominator,Unavailable,
kpi_005,,Zero Denominator,Unavailable,
kpi_005,,Zero Denominator,Unavailable,
kpi_005,,Insufficient Data,Unavailable,
kpi_005,,Insufficient Data,Unavailable,
kpi_005,,Zero Denominator,Unavailable,
kpi_005,,Zero Denominator,Unavailable,
kpi_005,,Zero Denominator,Unavailable,
kpi_005,,Zero Denominator,Unavailable,
kpi_005,,Zero Denominator,Unavailable,
kpi_005,,Zero Denominator,Unavailable,
kpi_005,,Zero Denominator,Unavailable,
kpi_005,,Insufficient Data,Unavailable,
kpi_005,,Zero Denominator,Unavailable,
kpi_005,,Zero Denominator,Unavailable,
kpi_005,,Zero Denominator,Unavailable,
kpi_005,,Zero Denominator,Unavailable,
kpi_005,,Zero Denominator,Unavailable,
kpi_005,,Zero Denominator,Unavailable,
kpi_005,,Zero Denominator,Unavailable,
kpi_005,,Zero Denominator,Unavailable,
kpi_005,,Zero Denominator,Unavailable,
kpi_005,,Zero Denominator,Unavailable,
kpi_005,,Zero Denominator,Unavailable,
kpi_005,,Zero Denominator,Unavailable,
kpi_005,,Zero Denominator,Unavailable,
kpi_005,,Zero Denominator,Unavailable,
kpi_005,,Zero Denominator,Unavailable,
kpi_005,,Zero Denominator,Unavailable,
kpi_005,,Zero Denominator,Unavailable,
kpi_005,,Zero Denominator,Unavailable,
kpi_005,,Zero Denominator,Unavailable,
kpi_005,,Zero Denominator,Unavailable,
kpi_005,,Zero Denominator,Unavailable,
kpi_005,,Zero Denominator,Unavailable,
kpi_005,,Zero Denominator,Unavailable,
kpi_005,,Insufficient Data,Unavailable,
kpi_005,,Zero Denominator,Unavailable,
kpi_005,,Zero Denominator,Unavailable,
kpi_005,,Zero Denominator,Unavailable,
kpi_005,,Zero Denominator,Unavailable,
kpi_005,,Insufficient Data,Unavailable,
kpi_005,,Insufficient Data,Unavailable,
kpi_005,,Zero Denominator,Unavailable,
kpi_005,,Zero Denominator,Unavailable,
kpi_005,,Zero Denominator,Unavailable,
kpi_005,,Zero Denominator,Unavailable,
kpi_005,,Zero Denominator,Unavailable,
kpi_005,,Zero Denominator,Unavailable,
kpi_005,,Zero Denominator,Unavailable,
kpi_005,,Zero Denominator,Unavailable,
kpi_005,,Zero Denominator,Unavailable,
kpi_005,,Zero Denominator,Unavailable,
kpi_005,,Zero Denominator,Unavailable,
kpi_005,,Zero Denominator,Unavailable,
kpi_005,,Zero Denominator,Unavailable,
kpi_005,,Insufficient Data,Unavailable,
kpi_005,,Zero Denominator,Unavailable,
kpi_005,,Insufficient Data,Unavailable,
kpi_005,,Zero Denominator,Unavailable,
kpi_005,,Zero Denominator,Unavailable,
kpi_005,,Zero Denominator,Unavailable,
kpi_005,,Zero Denominator,Unavailable,
kpi_005,,Zero Denominator,Unavailable,
kpi_005,,Insufficient Data,Unavailable,
kpi_005,,Zero Denominator,Unavailable,
kpi_005,,Zero Denominator,Unavailable,
kpi_005,,Insufficient Data,Unavailable,
kpi_005,,Zero Denominator,Unavailable,
kpi_005,,Zero Denominator,Unavailable,
kpi_005,,Zero Denominator,Unavailable,
kpi_005,,Zero Denominator,Unavailable,
kpi_005,,Zero Denominator,Unavailable,
kpi_005,,Zero Denominator,Unavailable,
kpi_005,,Zero Denominator,Unavailable,
kpi_005,,Zero Denominator,Unavailable,
kpi_005,,Zero Denominator,Unavailable,
kpi_005,,Zero Denominator,Unavailable,
kpi_005,,Zero Denominator,Unavailable,
kpi_005,,Zero Denominator,Unavailable,
kpi_005,,Zero Denominator,Unavailable,
kpi_005,,Zero Denominator,Unavailable,
kpi_005,,Zero Denominator,Unavailable,
kpi_005,,Zero Denominator,Unavailable,
kpi_005,,Zero Denominator,Unavailable,
kpi_005,,Zero Denominator,Unavailable,
kpi_005,,Zero Denominator,Unavailable,
kpi_005,,Zero Denominator,Unavailable,
kpi_005,,Zero Denominator,Unavailable,
kpi_005,,Zero Denominator,Unavailable,
kpi_005,,Zero Denominator,Unavailable,
kpi_005,,Zero Denominator,Unavailable,
kpi_005,,Zero Denominator,Unavailable,
kpi_005,,Zero Denominator,Unavailable,
kpi_005,,Zero Denominator,Unavailable,
kpi_005,,Zero Denominator,Unavailable,
kpi_005,,Zero Denominator,Unavailable,
kpi_005,,Zero Denominator,Unavailable,
kpi_005,,Zero Denominator,Unavailable,
kpi_005,,Zero Denominator,Unavailable,
kpi_005,,Zero Denominator,Unavailable,
kpi_005,,Zero Denominator,Unavailable,
kpi_005,,Zero Denominator,Unavailable,
kpi_005,,Zero Denominator,Unavailable,
kpi_005,,Insufficient Data,Unavailable,
kpi_005,,Zero Denominator,Unavailable,
kpi_005,,Zero Denominator,Unavailable,
kpi_005,,Zero Denominator,Unavailable,
kpi_005,,Zero Denominator,Unavailable,
kpi_005,,Zero Denominator,Unavailable,
kpi_005,,Zero Denominator,Unavailable,
kpi_005,,Zero Denominator,Unavailable,
kpi_005,,Zero Denominator,Unavailable,
kpi_005,,Zero Denominator,Unavailable,
kpi_005,,Zero Denominator,Unavailable,
kpi_005,,Zero Denominator,Unavailable,
kpi_005,,Zero Denominator,Unavailable,
kpi_005,,Zero Denominator,Unavailable,
kpi_005,,Zero Denominator,Unavailable,
kpi_005,,Zero Denominator,Unavailable,
kpi_005,,Zero Denominator,Unavailable,
kpi_005,,Zero Denominator,Unavailable,
kpi_005,,Zero Denominator,Unavailable,
kpi_005,,Zero Denominator,Unavailable,
kpi_005,,Zero Denominator,Unavailable,
kpi_005,,Insufficient Data,Unavailable,
kpi_005,,Zero Denominator,Unavailable,
kpi_005,,Zero Denominator,Unavailable,
kpi_005,,Zero Denominator,Unavailable,
kpi_005,,Zero Denominator,Unavailable,
kpi_005,,Zero Denominator,Unavailable,
kpi_005,,Zero Denominator,Unavailable,
kpi_005,,Zero Denominator,Unavailable,
kpi_005,,Zero Denominator,Unavailable,
kpi_005,,Zero Denominator,Unavailable,
kpi_005,,Insufficient Data,Unavailable,
kpi_005,,Zero Denominator,Unavailable,
kpi_005,,Zero Denominator,Unavailable,
kpi_005,,Zero Denominator,Unavailable,
kpi_005,,Zero Denominator,Unavailable,
kpi_005,,Zero Denominator,Unavailable,
kpi_005,,Zero Denominator,Unavailable,
kpi_005,,Zero Denominator,Unavailable,
kpi_005,,Zero Denominator,Unavailable,
kpi_005,,Zero Denominator,Unavailable,
kpi_005,,Zero Denominator,Unavailable,
kpi_005,,Zero Denominator,Unavailable,
kpi_005,,Zero Denominator,Unavailable,
kpi_005,,Zero Denominator,Unavailable,
kpi_005,,Zero Denominator,Unavailable,
kpi_005,,Zero Denominator,Unavailable,
kpi_005,,Zero Denominator,Unavailable,
kpi_005,,Zero Denominator,Unavailable,
kpi_005,,Zero Denominator,Unavailable,
kpi_005,,Zero Denominator,Unavailable,
kpi_005,,Zero Denominator,Unavailable,
kpi_005,,Zero Denominator,Unavailable,
kpi_005,,Zero Denominator,Unavailable,
kpi_005,,Zero Denominator,Unavailable,
kpi_005,,Zero Denominator,Unavailable,
kpi_005,,Zero Denominator,Unavailable,
kpi_005,,Zero Denominator,Unavailable,
kpi_005,,Zero Denominator,Unavailable,
kpi_005,,Insufficient Data,Unavailable,
kpi_005,,Zero Denominator,Unavailable,
kpi_005,,Zero Denominator,Unavailable,
kpi_005,,Zero Denominator,Unavailable,
kpi_005,,Zero Denominator,Unavailable,
kpi_005,,Zero Denominator,Unavailable,
kpi_005,,Zero Denominator,Unavailable,
kpi_005,,Zero Denominator,Unavailable,
kpi_005,,Zero Denominator,Unavailable,
kpi_005,,Zero Denominator,Unavailable,
kpi_005,,Zero Denominator,Unavailable,
kpi_005,,Zero Denominator,Unavailable,
kpi_005,,Zero Denominator,Unavailable,
kpi_005,,Zero Denominator,Unavailable,
kpi_005,,Zero Denominator,Unavailable,
kpi_005,,Zero Denominator,Unavailable,
kpi_005,,Zero Denominator,Unavailable,
kpi_005,,Zero Denominator,Unavailable,
kpi_005,,Zero Denominator,Unavailable,
kpi_005,,Zero Denominator,Unavailable,
kpi_005,,Zero Denominator,Unavailable,
kpi_005,,Zero Denominator,Unavailable,
kpi_005,,Zero Denominator,Unavailable,
kpi_005,,Zero Denominator,Unavailable,
kpi_005,,Insufficient Data,Unavailable,
kpi_005,,Zero Denominator,Unavailable,
kpi_005,,Zero Denominator,Unavailable,
kpi_005,,Insufficient Data,Unavailable,
kpi_005,,Zero Denominator,Unavailable,
kpi_005,,Insufficient Data,Unavailable,
kpi_005,,Zero Denominator,Unavailable,
kpi_005,,Zero Denominator,Unavailable,
kpi_005,,Zero Denominator,Unavailable,
kpi_005,,Zero Denominator,Unavailable,
kpi_005,,Zero Denominator,Unavailable,
kpi_005,,Zero Denominator,Unavailable,
kpi_005,,Insufficient Data,Unavailable,
kpi_005,,Zero Denominator,Unavailable,
kpi_005,,Zero Denominator,Unavailable,
kpi_005,,Zero Denominator,Unavailable,
kpi_005,,Zero Denominator,Unavailable,
kpi_005,,Insufficient Data,Unavailable,
kpi_005,,Zero Denominator,Unavailable,
kpi_005,,Zero Denominator,Unavailable,
kpi_005,,Zero Denominator,Unavailable,
kpi_005,,Zero Denominator,Unavailable,
kpi_005,,Zero Denominator,Unavailable,
kpi_005,,Zero Denominator,Unavailable,
kpi_005,,Zero Denominator,Unavailable,
kpi_005,,Zero Denominator,Unavailable,
kpi_005,,Insufficient Data,Unavailable,
kpi_005,,Zero Denominator,Unavailable,
kpi_005,,Zero Denominator,Unavailable,
kpi_005,,Zero Denominator,Unavailable,
kpi_005,,Zero Denominator,Unavailable,
kpi_005,,Zero Denominator,Unavailable,
kpi_005,,Insufficient Data,Unavailable,
kpi_005,,Zero Denominator,Unavailable,
kpi_005,,Zero Denominator,Unavailable,
kpi_005,,Zero Denominator,Unavailable,
kpi_005,,Zero Denominator,Unavailable,
kpi_005,,Insufficient Data,Unavailable,
kpi_005,,Zero Denominator,Unavailable,
kpi_005,,Zero Denominator,Unavailable,
kpi_005,,Zero Denominator,Unavailable,
kpi_005,,Zero Denominator,Unavailable,
kpi_005,,Insufficient Data,Unavailable,
kpi_005,,Zero Denominator,Unavailable,
kpi_005,,Zero Denominator,Unavailable,
kpi_005,,Insufficient Data,Unavailable,
kpi_005,,Zero Denominator,Unavailable,
kpi_005,,Insufficient Data,Unavailable,
kpi_005,,Zero Denominator,Unavailable,
kpi_005,,Zero Denominator,Unavailable,
kpi_005,,Zero Denominator,Unavailable,
kpi_005,,Insufficient Data,Unavailable,
kpi_005,,Zero Denominator,Unavailable,
kpi_005,,Zero Denominator,Unavailable,
kpi_005,,Zero Denominator,Unavailable,
kpi_005,,Zero Denominator,Unavailable,
kpi_005,,Zero Denominator,Unavailable,
kpi_005,,Zero Denominator,Unavailable,
kpi_005,,Zero Denominator,Unavailable,
kpi_005,,Zero Denominator,Unavailable,
kpi_005,,Zero Denominator,Unavailable,
kpi_005,,Insufficient Data,Unavailable,
kpi_005,,Zero Denominator,Unavailable,
kpi_005,,Zero Denominator,Unavailable,
kpi_005,,Zero Denominator,Unavailable,
kpi_005,,Zero Denominator,Unavailable,
kpi_005,,Zero Denominator,Unavailable,
kpi_005,,Zero Denominator,Unavailable,
kpi_005,,Zero Denominator,Unavailable,
kpi_005,,Zero Denominator,Unavailable,
kpi_005,,Zero Denominator,Unavailable,
kpi_005,,Zero Denominator,Unavailable,
kpi_005,,Zero Denominator,Unavailable,
kpi_005,,Zero Denominator,Unavailable,
kpi_005,,Insufficient Data,Unavailable,
kpi_005,,Zero Denominator,Unavailable,
kpi_005,,Zero Denominator,Unavailable,
kpi_005,,Zero Denominator,Unavailable,
kpi_005,,Zero Denominator,Unavailable,
kpi_005,,Zero Denominator,Unavailable,
kpi_005,,Zero Denominator,Unavailable,
kpi_005,,Zero Denominator,Unavailable,
kpi_005,,Zero Denominator,Unavailable,
kpi_005,,Zero Denominator,Unavailable,
kpi_005,,Insufficient Data,Unavailable,
kpi_005,,Insufficient Data,Unavailable,
kpi_005,,Insufficient Data,Unavailable,
kpi_005,,Zero Denominator,Unavailable,
kpi_005,,Zero Denominator,Unavailable,
kpi_005,,Zero Denominator,Unavailable,
kpi_005,,Zero Denominator,Unavailable,
kpi_005,,Zero Denominator,Unavailable,
kpi_005,,Zero Denominator,Unavailable,
kpi_005,,Zero Denominator,Unavailable,
kpi_005,,Insufficient Data,Unavailable,
kpi_005,,Zero Denominator,Unavailable,
kpi_005,,Zero Denominator,Unavailable,
kpi_005,,Zero Denominator,Unavailable,
kpi_005,,Zero Denominator,Unavailable,
kpi_005,,Zero Denominator,Unavailable,
kpi_005,,Zero Denominator,Unavailable,
kpi_005,,Zero Denominator,Unavailable,
kpi_005,,Zero Denominator,Unavailable,
kpi_005,,Zero Denominator,Unavailable,
kpi_005,,Zero Denominator,Unavailable,
kpi_005,,Zero Denominator,Unavailable,
kpi_005,,Zero Denominator,Unavailable,
kpi_005,,Zero Denominator,Unavailable,
kpi_005,,Zero Denominator,Unavailable,
kpi_005,,Zero Denominator,Unavailable,
kpi_005,,Zero Denominator,Unavailable,
kpi_005,,Zero Denominator,Unavailable,
kpi_005,,Zero Denominator,Unavailable,
kpi_005,,Zero Denominator,Unavailable,
kpi_005,,Insufficient Data,Unavailable,
kpi_005,,Zero Denominator,Unavailable,
kpi_005,,Zero Denominator,Unavailable,
kpi_005,,Zero Denominator,Unavailable,
kpi_005,,Zero Denominator,Unavailable,
kpi_005,,Zero Denominator,Unavailable,
kpi_005,,Zero Denominator,Unavailable,
kpi_005,,Zero Denominator,Unavailable,
kpi_005,,Zero Denominator,Unavailable,
kpi_005,,Zero Denominator,Unavailable,
kpi_005,,Zero Denominator,Unavailable,
kpi_005,,Zero Denominator,Unavailable,
kpi_005,,Zero Denominator,Unavailable,
kpi_005,,Zero Denominator,Unavailable,
kpi_005,,Zero Denominator,Unavailable,
kpi_005,,Zero Denominator,Unavailable,
kpi_005,,Zero Denominator,Unavailable,
kpi_005,,Insufficient Data,Unavailable,
kpi_005,,Zero Denominator,Unavailable,
kpi_005,,Zero Denominator,Unavailable,
kpi_005,,Zero Denominator,Unavailable,
kpi_005,,Zero Denominator,Unavailable,
kpi_006,4.0,Calculated,Green,
kpi_006,3.0,Calculated,Green,
kpi_006,4.0,Calculated,Green,
kpi_006,3.5,Calculated,Green,
kpi_006,3.5,Calculated,Green,
kpi_006,3.5,Calculated,Green,
kpi_006,,Insufficient Data,Unavailable,
kpi_006,3.5,Calculated,Green,
kpi_006,3.5,Calculated,Green,
kpi_006,3.0,Calculated,Green,
kpi_006,,Insufficient Data,Unavailable,
kpi_006,3.0,Calculated,Green,
kpi_006,3.5,Calculated,Green,
kpi_006,3.333333333333333,Calculated,Green,
kpi_006,4.0,Calculated,Green,
kpi_006,4.0,Calculated,Green,
kpi_006,4.0,Calculated,Green,
kpi_006,,Zero Denominator,Unavailable,
kpi_006,,Zero Denominator,Unavailable,
kpi_006,3.0,Calculated,Green,
kpi_006,3.0,Calculated,Green,
kpi_006,3.333333333333333,Calculated,Green,
kpi_006,,Insufficient Data,Unavailable,
kpi_006,,Insufficient Data,Unavailable,
kpi_006,3.6666666666666665,Calculated,Green,
kpi_006,3.0,Calculated,Green,
kpi_006,3.5,Calculated,Green,
kpi_006,,Zero Denominator,Unavailable,
kpi_006,3.0,Calculated,Green,
kpi_006,2.0,Calculated,Red,
kpi_006,3.0,Calculated,Green,
kpi_006,4.0,Calculated,Green,
kpi_006,4.333333333333333,Calculated,Green,
kpi_006,,Insufficient Data,Unavailable,
kpi_006,3.5,Calculated,Green,
kpi_006,3.6666666666666665,Calculated,Green,
kpi_006,3.5,Calculated,Green,
kpi_006,3.0,Calculated,Green,
kpi_006,3.5,Calculated,Green,
kpi_006,3.6666666666666665,Calculated,Green,
kpi_006,4.5,Calculated,Green,
kpi_006,3.0,Calculated,Green,
kpi_006,3.75,Calculated,Green,
kpi_006,3.5,Calculated,Green,
kpi_006,2.0,Calculated,Red,
kpi_006,3.25,Calculated,Green,
kpi_006,4.25,Calculated,Green,
kpi_006,,Insufficient Data,Unavailable,
kpi_006,3.6666666666666665,Calculated,Green,
kpi_006,3.5,Calculated,Green,
kpi_006,3.0,Calculated,Green,
kpi_006,,Insufficient Data,Unavailable,
kpi_006,4.0,Calculated,Green,
kpi_006,4.0,Calculated,Green,
kpi_006,3.0,Calculated,Green,
kpi_006,3.75,Calculated,Green,
kpi_006,,Zero Denominator,Unavailable,
kpi_006,3.6666666666666665,Calculated,Green,
kpi_006,3.0,Calculated,Green,
kpi_006,4.0,Calculated,Green,
kpi_006,3.6666666666666665,Calculated,Green,
kpi_006,4.0,Calculated,Green,
kpi_006,3.333333333333333,Calculated,Green,
kpi_006,3.0,Calculated,Green,
kpi_006,,Insufficient Data,Unavailable,
kpi_006,4.0,Calculated,Green,
kpi_006,,Zero Denominator,Unavailable,
kpi_006,3.0,Calculated,Green,
kpi_006,4.0,Calculated,Green,
kpi_006,5.0,Calculated,Green,
kpi_006,4.0,Calculated,Green,
kpi_006,3.5,Calculated,Green,
kpi_006,3.0,Calculated,Green,
kpi_006,,Insufficient Data,Unavailable,
kpi_006,,Insufficient Data,Unavailable,
kpi_006,3.0,Calculated,Green,
kpi_006,4.0,Calculated,Green,
kpi_006,3.5,Calculated,Green,
kpi_006,2.5,Calculated,Amber,
kpi_006,4.0,Calculated,Green,
kpi_006,,Zero Denominator,Unavailable,
kpi_006,3.0,Calculated,Green,
kpi_006,4.0,Calculated,Green,
kpi_006,2.0,Calculated,Red,
kpi_006,,Insufficient Data,Unavailable,
kpi_006,3.2,Calculated,Green,
kpi_006,3.0,Calculated,Green,
kpi_006,2.6666666666666665,Calculated,Amber,
kpi_006,3.0,Calculated,Green,
kpi_006,,Insufficient Data,Unavailable,
kpi_006,3.0,Calculated,Green,
kpi_006,3.5,Calculated,Green,
kpi_006,,Zero Denominator,Unavailable,
kpi_006,2.6666666666666665,Calculated,Amber,
kpi_006,3.0,Calculated,Green,
kpi_006,,Zero Denominator,Unavailable,
kpi_006,,Zero Denominator,Unavailable,
kpi_006,2.0,Calculated,Red,
kpi_006,3.0,Calculated,Green,
kpi_006,3.5,Calculated,Green,
kpi_006,3.333333333333333,Calculated,Green,
kpi_006,3.0,Calculated,Green,
kpi_006,2.0,Calculated,Red,
kpi_006,,Insufficient Data,Unavailable,
kpi_006,3.0,Calculated,Green,
kpi_006,3.0,Calculated,Green,
kpi_006,3.0,Calculated,Green,
kpi_006,3.0,Calculated,Green,
kpi_006,3.0,Calculated,Green,
kpi_006,1.0,Calculated,Red,
kpi_006,3.5,Calculated,Green,
kpi_006,3.5,Calculated,Green,
kpi_006,3.0,Calculated,Green,
kpi_006,2.6666666666666665,Calculated,Amber,
kpi_006,4.0,Calculated,Green,
kpi_006,4.0,Calculated,Green,
kpi_006,,Zero Denominator,Unavailable,
kpi_006,3.0,Calculated,Green,
kpi_006,4.0,Calculated,Green,
kpi_006,4.0,Calculated,Green,
kpi_006,3.4,Calculated,Green,
kpi_006,4.0,Calculated,Green,
kpi_006,3.0,Calculated,Green,
kpi_006,4.0,Calculated,Green,
kpi_006,3.333333333333333,Calculated,Green,
kpi_006,2.0,Calculated,Red,
kpi_006,4.0,Calculated,Green,
kpi_006,3.333333333333333,Calculated,Green,
kpi_006,2.0,Calculated,Red,
kpi_006,1.0,Calculated,Red,
kpi_006,3.5,Calculated,Green,
kpi_006,3.0,Calculated,Green,
kpi_006,2.5,Calculated,Amber,
kpi_006,4.0,Calculated,Green,
kpi_006,,Zero Denominator,Unavailable,
kpi_006,,Insufficient Data,Unavailable,
kpi_006,3.0,Calculated,Green,
kpi_006,3.0,Calculated,Green,
kpi_006,4.0,Calculated,Green,
kpi_006,2.6666666666666665,Calculated,Amber,
kpi_006,,Insufficient Data,Unavailable,
kpi_006,3.333333333333333,Calculated,Green,
kpi_006,4.0,Calculated,Green,
kpi_006,3.5,Calculated,Green,
kpi_006,3.0,Calculated,Green,
kpi_006,5.0,Calculated,Green,
kpi_006,3.0,Calculated,Green,
kpi_006,,Insufficient Data,Unavailable,
kpi_006,3.25,Calculated,Green,
kpi_006,4.0,Calculated,Green,
kpi_006,4.0,Calculated,Green,
kpi_006,2.5,Calculated,Amber,
kpi_006,2.5,Calculated,Amber,
kpi_006,3.0,Calculated,Green,
kpi_006,2.6666666666666665,Calculated,Amber,
kpi_006,,Zero Denominator,Unavailable,
kpi_006,2.5,Calculated,Amber,
kpi_006,,Zero Denominator,Unavailable,
kpi_006,4.0,Calculated,Green,
kpi_006,3.0,Calculated,Green,
kpi_006,3.2,Calculated,Green,
kpi_006,3.0,Calculated,Green,
kpi_006,,Insufficient Data,Unavailable,
kpi_006,,Zero Denominator,Unavailable,
kpi_006,3.5,Calculated,Green,
kpi_006,3.0,Calculated,Green,
kpi_006,3.0,Calculated,Green,
kpi_006,3.0,Calculated,Green,
kpi_006,2.0,Calculated,Red,
kpi_006,2.0,Calculated,Red,
kpi_006,2.5,Calculated,Amber,
kpi_006,3.0,Calculated,Green,
kpi_006,3.0,Calculated,Green,
kpi_006,2.0,Calculated,Red,
kpi_006,4.0,Calculated,Green,
kpi_006,3.0,Calculated,Green,
kpi_006,3.5,Calculated,Green,
kpi_006,,Zero Denominator,Unavailable,
kpi_006,3.0,Calculated,Green,
kpi_006,2.6666666666666665,Calculated,Amber,
kpi_006,,Insufficient Data,Unavailable,
kpi_006,,Insufficient Data,Unavailable,
kpi_006,,Insufficient Data,Unavailable,
kpi_006,2.0,Calculated,Red,
kpi_006,3.5,Calculated,Green,
kpi_006,2.6666666666666665,Calculated,Amber,
kpi_006,4.0,Calculated,Green,
kpi_006,3.0,Calculated,Green,
kpi_006,3.0,Calculated,Green,
kpi_006,2.0,Calculated,Red,
kpi_006,3.5,Calculated,Green,
kpi_006,3.0,Calculated,Green,
kpi_006,3.5,Calculated,Green,
kpi_006,3.0,Calculated,Green,
kpi_006,3.0,Calculated,Green,
kpi_006,,Insufficient Data,Unavailable,
kpi_006,3.6666666666666665,Calculated,Green,
kpi_006,,Zero Denominator,Unavailable,
kpi_006,3.0,Calculated,Green,
kpi_006,2.0,Calculated,Red,
kpi_006,,Insufficient Data,Unavailable,
kpi_006,3.0,Calculated,Green,
kpi_006,3.0,Calculated,Green,
kpi_006,2.5,Calculated,Amber,
kpi_006,,Zero Denominator,Unavailable,
kpi_006,3.0,Calculated,Green,
kpi_006,4.0,Calculated,Green,
kpi_006,2.5,Calculated,Amber,
kpi_006,,Insufficient Data,Unavailable,
kpi_006,3.5,Calculated,Green,
kpi_006,,Insufficient Data,Unavailable,
kpi_006,3.333333333333333,Calculated,Green,
kpi_006,3.333333333333333,Calculated,Green,
kpi_006,3.75,Calculated,Green,
kpi_006,2.6666666666666665,Calculated,Amber,
kpi_006,4.0,Calculated,Green,
kpi_006,3.25,Calculated,Green,
kpi_006,4.0,Calculated,Green,
kpi_006,3.5,Calculated,Green,
kpi_006,3.2,Calculated,Green,
kpi_006,2.0,Calculated,Red,
kpi_006,4.0,Calculated,Green,
kpi_006,4.0,Calculated,Green,
kpi_006,2.0,Calculated,Red,
kpi_006,3.0,Calculated,Green,
kpi_006,4.0,Calculated,Green,
kpi_006,3.0,Calculated,Green,
kpi_006,3.5,Calculated,Green,
kpi_006,4.0,Calculated,Green,
kpi_006,4.0,Calculated,Green,
kpi_006,,Zero Denominator,Unavailable,
kpi_006,3.0,Calculated,Green,
kpi_006,3.0,Calculated,Green,
kpi_006,3.0,Calculated,Green,
kpi_006,5.0,Calculated,Green,
kpi_006,2.0,Calculated,Red,
kpi_006,3.0,Calculated,Green,
kpi_006,4.0,Calculated,Green,
kpi_006,3.6666666666666665,Calculated,Green,
kpi_006,3.0,Calculated,Green,
kpi_006,4.25,Calculated,Green,
kpi_006,2.5,Calculated,Amber,
kpi_006,3.0,Calculated,Green,
kpi_006,,Zero Denominator,Unavailable,
kpi_006,4.0,Calculated,Green,
kpi_006,3.5,Calculated,Green,
kpi_006,2.0,Calculated,Red,
kpi_006,2.0,Calculated,Red,
kpi_006,3.0,Calculated,Green,
kpi_006,3.0,Calculated,Green,
kpi_006,,Insufficient Data,Unavailable,
kpi_006,4.0,Calculated,Green,
kpi_006,,Insufficient Data,Unavailable,
kpi_006,3.0,Calculated,Green,
kpi_006,3.0,Calculated,Green,
kpi_006,3.0,Calculated,Green,
kpi_006,4.0,Calculated,Green,
kpi_006,,Insufficient Data,Unavailable,
kpi_006,3.5,Calculated,Green,
kpi_006,,Insufficient Data,Unavailable,
kpi_006,3.5,Calculated,Green,
kpi_006,3.6666666666666665,Calculated,Green,
kpi_006,3.0,Calculated,Green,
kpi_006,3.0,Calculated,Green,
kpi_006,3.5,Calculated,Green,
kpi_006,2.0,Calculated,Red,
kpi_006,,Insufficient Data,Unavailable,
kpi_006,4.0,Calculated,Green,
kpi_006,3.6666666666666665,Calculated,Green,
kpi_006,3.5,Calculated,Green,
kpi_006,2.0,Calculated,Red,
kpi_006,2.0,Calculated,Red,
kpi_006,2.0,Calculated,Red,
kpi_006,,Insufficient Data,Unavailable,
kpi_006,3.0,Calculated,Green,
kpi_006,2.0,Calculated,Red,
kpi_006,,Insufficient Data,Unavailable,
kpi_006,3.333333333333333,Calculated,Green,
kpi_006,3.5,Calculated,Green,
kpi_006,2.0,Calculated,Red,
kpi_006,4.0,Calculated,Green,
kpi_006,3.0,Calculated,Green,
kpi_006,4.0,Calculated,Green,
kpi_006,3.5,Calculated,Green,
kpi_006,3.5,Calculated,Green,
kpi_006,3.0,Calculated,Green,
kpi_006,3.5,Calculated,Green,
kpi_006,3.0,Calculated,Green,
kpi_006,3.0,Calculated,Green,
kpi_006,3.0,Calculated,Green,
kpi_006,3.333333333333333,Calculated,Green,
kpi_006,4.25,Calculated,Green,
kpi_006,3.0,Calculated,Green,
kpi_006,4.0,Calculated,Green,
kpi_006,3.0,Calculated,Green,
kpi_006,1.0,Calculated,Red,
kpi_006,3.0,Calculated,Green,
kpi_006,,Zero Denominator,Unavailable,
kpi_006,3.2,Calculated,Green,
kpi_006,2.0,Calculated,Red,
kpi_006,3.75,Calculated,Green,
kpi_006,3.0,Calculated,Green,
kpi_006,4.25,Calculated,Green,
kpi_006,4.0,Calculated,Green,
kpi_006,3.0,Calculated,Green,
kpi_006,3.0,Calculated,Green,
kpi_006,3.0,Calculated,Green,
kpi_006,3.4,Calculated,Green,
kpi_006,4.0,Calculated,Green,
kpi_006,3.0,Calculated,Green,
kpi_006,4.0,Calculated,Green,
kpi_006,3.5,Calculated,Green,
kpi_006,3.333333333333333,Calculated,Green,
kpi_006,4.333333333333333,Calculated,Green,
kpi_006,,Zero Denominator,Unavailable,
kpi_006,3.0,Calculated,Green,
kpi_006,2.5,Calculated,Amber,
kpi_006,4.0,Calculated,Green,
kpi_006,3.0,Calculated,Green,
kpi_006,,Insufficient Data,Unavailable,
kpi_006,3.0,Calculated,Green,
kpi_006,3.5,Calculated,Green,
kpi_006,2.6666666666666665,Calculated,Amber,
kpi_006,4.0,Calculated,Green,
kpi_006,3.0,Calculated,Green,
kpi_006,3.5,Calculated,Green,
kpi_006,3.5,Calculated,Green,
kpi_006,3.6666666666666665,Calculated,Green,
kpi_006,,Zero Denominator,Unavailable,
kpi_006,3.333333333333333,Calculated,Green,
kpi_006,4.0,Calculated,Green,
kpi_006,4.0,Calculated,Green,
kpi_006,3.0,Calculated,Green,
kpi_006,3.0,Calculated,Green,
kpi_006,4.0,Calculated,Green,
kpi_006,2.0,Calculated,Red,
kpi_006,3.333333333333333,Calculated,Green,
kpi_006,4.0,Calculated,Green,
kpi_006,3.0,Calculated,Green,
kpi_006,3.5,Calculated,Green,
kpi_006,4.0,Calculated,Green,
kpi_006,,Insufficient Data,Unavailable,
kpi_006,3.333333333333333,Calculated,Green,
kpi_006,3.0,Calculated,Green,
kpi_006,,Insufficient Data,Unavailable,
kpi_006,3.5,Calculated,Green,
kpi_006,3.25,Calculated,Green,
kpi_006,3.5,Calculated,Green,
kpi_006,4.0,Calculated,Green,
kpi_006,3.5,Calculated,Green,
kpi_006,,Zero Denominator,Unavailable,
kpi_006,2.0,Calculated,Red,
kpi_006,3.5,Calculated,Green,
kpi_006,4.0,Calculated,Green,
kpi_006,3.0,Calculated,Green,
kpi_006,3.0,Calculated,Green,
kpi_006,3.0,Calculated,Green,
kpi_006,3.5,Calculated,Green,
kpi_006,3.0,Calculated,Green,
kpi_006,4.0,Calculated,Green,
kpi_006,4.0,Calculated,Green,
kpi_006,,Zero Denominator,Unavailable,
kpi_006,3.0,Calculated,Green,
kpi_006,3.0,Calculated,Green,
kpi_006,3.5,Calculated,Green,
kpi_006,4.5,Calculated,Green,
kpi_006,,Insufficient Data,Unavailable,
kpi_006,3.0,Calculated,Green,
kpi_006,2.5,Calculated,Amber,
kpi_006,5.0,Calculated,Green,
kpi_006,3.75,Calculated,Green,
kpi_006,3.0,Calculated,Green,
kpi_006,4.0,Calculated,Green,
kpi_006,4.0,Calculated,Green,
kpi_006,3.0,Calculated,Green,
kpi_006,3.5,Calculated,Green,
kpi_006,,Zero Denominator,Unavailable,
kpi_006,3.6666666666666665,Calculated,Green,
kpi_006,3.5,Calculated,Green,
kpi_006,,Zero Denominator,Unavailable,
kpi_006,3.0,Calculated,Green,
kpi_006,4.0,Calculated,Green,
kpi_006,3.5,Calculated,Green,
kpi_006,4.0,Calculated,Green,
kpi_006,4.333333333333333,Calculated,Green,
kpi_006,,Insufficient Data,Unavailable,
kpi_006,3.0,Calculated,Green,
kpi_006,4.0,Calculated,Green,
kpi_006,3.5,Calculated,Green,
kpi_006,,Insufficient Data,Unavailable,
kpi_006,2.0,Calculated,Red,
kpi_006,4.0,Calculated,Green,
kpi_006,,Insufficient Data,Unavailable,
kpi_006,,Insufficient Data,Unavailable,
kpi_006,3.5,Calculated,Green,
kpi_006,3.0,Calculated,Green,
kpi_006,3.0,Calculated,Green,
kpi_006,,Zero Denominator,Unavailable,
kpi_006,3.0,Calculated,Green,
kpi_006,3.0,Calculated,Green,
kpi_006,3.5,Calculated,Green,
kpi_006,3.6666666666666665,Calculated,Green,
kpi_006,3.0,Calculated,Green,
kpi_006,4.0,Calculated,Green,
kpi_006,4.0,Calculated,Green,
kpi_006,3.5,Calculated,Green,
kpi_006,4.0,Calculated,Green,
kpi_006,3.0,Calculated,Green,
kpi_006,,Zero Denominator,Unavailable,
kpi_006,4.0,Calculated,Green,
kpi_006,3.5,Calculated,Green,
kpi_006,4.0,Calculated,Green,
kpi_006,3.6666666666666665,Calculated,Green,
kpi_006,2.0,Calculated,Red,
kpi_006,4.0,Calculated,Green,
kpi_006,3.6,Calculated,Green,
kpi_006,4.0,Calculated,Green,
kpi_006,,Insufficient Data,Unavailable,
kpi_006,4.0,Calculated,Green,
kpi_006,2.0,Calculated,Red,
kpi_006,3.0,Calculated,Green,
kpi_006,4.0,Calculated,Green,
kpi_006,,Insufficient Data,Unavailable,
kpi_006,3.0,Calculated,Green,
kpi_006,,Insufficient Data,Unavailable,
kpi_006,3.0,Calculated,Green,
kpi_006,4.0,Calculated,Green,
kpi_006,4.0,Calculated,Green,
kpi_006,4.0,Calculated,Green,
kpi_006,3.6,Calculated,Green,
kpi_006,,Zero Denominator,Unavailable,
kpi_006,3.5,Calculated,Green,
kpi_006,3.5,Calculated,Green,
kpi_006,4.0,Calculated,Green,
kpi_006,3.0,Calculated,Green,
kpi_006,3.25,Calculated,Green,
kpi_006,,Insufficient Data,Unavailable,
kpi_006,3.0,Calculated,Green,
kpi_006,3.0,Calculated,Green,
kpi_006,4.0,Calculated,Green,
kpi_006,4.0,Calculated,Green,
kpi_006,3.5,Calculated,Green,
kpi_006,2.0,Calculated,Red,
kpi_006,4.0,Calculated,Green,
kpi_006,2.0,Calculated,Red,
kpi_006,3.5,Calculated,Green,
kpi_006,3.6666666666666665,Calculated,Green,
kpi_006,,Zero Denominator,Unavailable,
kpi_006,3.0,Calculated,Green,
kpi_006,3.0,Calculated,Green,
kpi_006,4.0,Calculated,Green,
kpi_006,4.0,Calculated,Green,
kpi_006,3.5,Calculated,Green,
kpi_006,3.5,Calculated,Green,
kpi_006,2.0,Calculated,Red,
kpi_006,3.5,Calculated,Green,
kpi_006,,Insufficient Data,Unavailable,
kpi_006,1.0,Calculated,Red,
kpi_006,2.5,Calculated,Amber,
kpi_006,,Zero Denominator,Unavailable,
kpi_006,3.5,Calculated,Green,
kpi_006,,Zero Denominator,Unavailable,
kpi_006,3.0,Calculated,Green,
kpi_006,2.5,Calculated,Amber,
kpi_006,3.0,Calculated,Green,
kpi_006,4.0,Calculated,Green,
kpi_006,3.0,Calculated,Green,
kpi_006,4.0,Calculated,Green,
kpi_006,3.0,Calculated,Green,
kpi_006,4.0,Calculated,Green,
kpi_006,2.0,Calculated,Red,
kpi_006,2.5,Calculated,Amber,
kpi_006,,Insufficient Data,Unavailable,
kpi_006,3.2,Calculated,Green,
kpi_006,3.5,Calculated,Green,
kpi_006,,Zero Denominator,Unavailable,
kpi_006,3.333333333333333,Calculated,Green,
kpi_006,4.0,Calculated,Green,
kpi_006,,Insufficient Data,Unavailable,
kpi_006,2.0,Calculated,Red,
kpi_006,3.6666666666666665,Calculated,Green,
kpi_006,3.6666666666666665,Calculated,Green,
kpi_006,3.8,Calculated,Green,
kpi_006,,Zero Denominator,Unavailable,
kpi_006,3.5,Calculated,Green,
kpi_006,3.0,Calculated,Green,
kpi_006,,Insufficient Data,Unavailable,
kpi_006,3.0,Calculated,Green,
kpi_006,2.0,Calculated,Red,
kpi_006,3.0,Calculated,Green,
kpi_006,4.0,Calculated,Green,
kpi_006,,Zero Denominator,Unavailable,
kpi_006,3.0,Calculated,Green,
kpi_006,3.75,Calculated,Green,
kpi_006,,Insufficient Data,Unavailable,
kpi_006,2.0,Calculated,Red,
kpi_006,3.6666666666666665,Calculated,Green,
kpi_006,3.75,Calculated,Green,
kpi_006,3.25,Calculated,Green,
kpi_006,,Insufficient Data,Unavailable,
kpi_006,3.333333333333333,Calculated,Green,
kpi_006,3.333333333333333,Calculated,Green,
kpi_006,3.0,Calculated,Green,
kpi_006,,Insufficient Data,Unavailable,
kpi_006,3.0,Calculated,Green,
kpi_006,3.6666666666666665,Calculated,Green,
kpi_006,3.0,Calculated,Green,
kpi_006,2.0,Calculated,Red,
kpi_006,3.333333333333333,Calculated,Green,
kpi_006,3.25,Calculated,Green,
kpi_006,3.0,Calculated,Green,
kpi_006,4.0,Calculated,Green,
kpi_006,3.0,Calculated,Green,
kpi_006,3.0,Calculated,Green,
kpi_006,,Insufficient Data,Unavailable,
kpi_006,3.0,Calculated,Green,
kpi_006,3.0,Calculated,Green,
kpi_006,,Insufficient Data,Unavailable,
kpi_006,4.0,Calculated,Green,
kpi_006,3.0,Calculated,Green,
kpi_006,4.0,Calculated,Green,
kpi_006,4.0,Calculated,Green,
kpi_006,,Insufficient Data,Unavailable,
kpi_006,2.5,Calculated,Amber,
kpi_006,3.0,Calculated,Green,
kpi_006,3.0,Calculated,Green,
kpi_006,2.6666666666666665,Calculated,Amber,
kpi_006,2.25,Calculated,Red,
kpi_006,3.0,Calculated,Green,
kpi_006,,Zero Denominator,Unavailable,
kpi_006,4.5,Calculated,Green,
kpi_006,3.0,Calculated,Green,
kpi_006,3.5,Calculated,Green,
kpi_006,3.0,Calculated,Green,
kpi_006,2.5,Calculated,Amber,
kpi_006,,Insufficient Data,Unavailable,
kpi_006,,Insufficient Data,Unavailable,
kpi_006,4.0,Calculated,Green,
kpi_006,3.2,Calculated,Green,
kpi_006,3.0,Calculated,Green,
kpi_006,,Zero Denominator,Unavailable,
kpi_006,2.5,Calculated,Amber,
kpi_006,3.0,Calculated,Green,
kpi_006,2.5,Calculated,Amber,
kpi_006,,Zero Denominator,Unavailable,
kpi_006,,Zero Denominator,Unavailable,
kpi_006,4.0,Calculated,Green,
kpi_006,2.333333333333333,Calculated,Red,
kpi_006,3.0,Calculated,Green,
kpi_006,3.0,Calculated,Green,
kpi_006,1.0,Calculated,Red,
kpi_006,3.0,Calculated,Green,
kpi_006,3.0,Calculated,Green,
kpi_006,3.0,Calculated,Green,
kpi_006,,Insufficient Data,Unavailable,
kpi_006,3.0,Calculated,Green,
kpi_006,2.6666666666666665,Calculated,Amber,
kpi_006,2.5,Calculated,Amber,
kpi_006,2.75,Calculated,Amber,
kpi_006,3.0,Calculated,Green,
kpi_006,,Insufficient Data,Unavailable,
kpi_006,3.333333333333333,Calculated,Green,
kpi_006,3.0,Calculated,Green,
kpi_006,3.333333333333333,Calculated,Green,
kpi_006,3.0,Calculated,Green,
kpi_006,3.333333333333333,Calculated,Green,
kpi_006,3.0,Calculated,Green,
kpi_006,2.5,Calculated,Amber,
kpi_006,4.0,Calculated,Green,
kpi_006,,Zero Denominator,Unavailable,
kpi_006,,Insufficient Data,Unavailable,
kpi_006,2.0,Calculated,Red,
kpi_006,3.0,Calculated,Green,
kpi_006,2.0,Calculated,Red,
kpi_006,3.0,Calculated,Green,
kpi_006,,Zero Denominator,Unavailable,
kpi_006,2.0,Calculated,Red,
kpi_006,3.6,Calculated,Green,
kpi_006,3.5,Calculated,Green,
kpi_006,3.0,Calculated,Green,
kpi_006,3.5,Calculated,Green,
kpi_006,3.0,Calculated,Green,
kpi_006,4.0,Calculated,Green,
kpi_006,,Insufficient Data,Unavailable,
kpi_006,4.0,Calculated,Green,
kpi_006,4.0,Calculated,Green,
kpi_006,,Zero Denominator,Unavailable,
kpi_006,4.0,Calculated,Green,
kpi_006,3.333333333333333,Calculated,Green,
kpi_006,2.0,Calculated,Red,
kpi_006,,Zero Denominator,Unavailable,
kpi_006,3.5,Calculated,Green,
kpi_006,3.0,Calculated,Green,
kpi_006,3.25,Calculated,Green,
kpi_006,3.0,Calculated,Green,
kpi_006,,Insufficient Data,Unavailable,
kpi_006,2.5,Calculated,Amber,
kpi_006,,Insufficient Data,Unavailable,
kpi_006,3.0,Calculated,Green,
kpi_006,3.5,Calculated,Green,
kpi_006,4.5,Calculated,Green,
kpi_006,3.0,Calculated,Green,
kpi_006,4.0,Calculated,Green,
kpi_006,3.0,Calculated,Green,
kpi_006,2.0,Calculated,Red,
kpi_006,3.0,Calculated,Green,
kpi_006,2.75,Calculated,Amber,
kpi_006,3.0,Calculated,Green,
kpi_006,,Zero Denominator,Unavailable,
kpi_006,2.0,Calculated,Red,
kpi_006,3.5,Calculated,Green,
kpi_006,3.0,Calculated,Green,
kpi_006,3.0,Calculated,Green,
kpi_006,3.0,Calculated,Green,
kpi_006,3.0,Calculated,Green,
kpi_006,4.5,Calculated,Green,
kpi_006,3.0,Calculated,Green,
kpi_006,3.6,Calculated,Green,
kpi_006,4.0,Calculated,Green,
kpi_006,,Zero Denominator,Unavailable,
kpi_006,3.0,Calculated,Green,
kpi_006,3.6666666666666665,Calculated,Green,
kpi_006,3.0,Calculated,Green,
kpi_006,3.0,Calculated,Green,
kpi_006,3.0,Calculated,Green,
kpi_006,3.5,Calculated,Green,
kpi_006,3.333333333333333,Calculated,Green,
kpi_006,2.0,Calculated,Red,
kpi_006,3.6666666666666665,Calculated,Green,
kpi_006,,Zero Denominator,Unavailable,
kpi_006,4.25,Calculated,Green,
kpi_006,,Insufficient Data,Unavailable,
kpi_006,2.0,Calculated,Red,
kpi_006,,Zero Denominator,Unavailable,
kpi_006,,Zero Denominator,Unavailable,
kpi_006,3.0,Calculated,Green,
kpi_006,4.0,Calculated,Green,
kpi_006,2.6666666666666665,Calculated,Amber,
kpi_006,3.75,Calculated,Green,
kpi_006,4.0,Calculated,Green,
kpi_006,3.0,Calculated,Green,
kpi_006,3.0,Calculated,Green,
kpi_006,3.6666666666666665,Calculated,Green,
kpi_006,4.0,Calculated,Green,
kpi_006,2.0,Calculated,Red,
kpi_006,2.5,Calculated,Amber,
kpi_006,,Zero Denominator,Unavailable,
kpi_006,,Insufficient Data,Unavailable,
kpi_006,2.0,Calculated,Red,
kpi_006,,Insufficient Data,Unavailable,
kpi_006,3.0,Calculated,Green,
kpi_006,3.0,Calculated,Green,
kpi_006,3.5,Calculated,Green,
kpi_006,3.5,Calculated,Green,
kpi_006,4.0,Calculated,Green,
kpi_006,3.0,Calculated,Green,
kpi_006,3.0,Calculated,Green,
kpi_006,4.0,Calculated,Green,
kpi_006,3.0,Calculated,Green,
kpi_006,4.0,Calculated,Green,
kpi_006,3.0,Calculated,Green,
kpi_006,4.0,Calculated,Green,
kpi_006,2.0,Calculated,Red,
kpi_006,,Zero Denominator,Unavailable,
kpi_006,4.0,Calculated,Green,
kpi_006,3.0,Calculated,Green,
kpi_006,3.5,Calculated,Green,
kpi_006,3.5,Calculated,Green,
kpi_006,,Insufficient Data,Unavailable,
kpi_006,3.333333333333333,Calculated,Green,
kpi_006,3.5,Calculated,Green,
kpi_006,3.5,Calculated,Green,
kpi_006,3.0,Calculated,Green,
kpi_006,3.75,Calculated,Green,
kpi_006,3.5,Calculated,Green,
kpi_006,,Insufficient Data,Unavailable,
kpi_006,3.5,Calculated,Green,
kpi_006,3.0,Calculated,Green,
kpi_006,3.5,Calculated,Green,
kpi_006,3.25,Calculated,Green,
kpi_006,3.0,Calculated,Green,
kpi_006,4.0,Calculated,Green,
kpi_006,2.0,Calculated,Red,
kpi_006,2.5,Calculated,Amber,
kpi_006,1.0,Calculated,Red,
kpi_006,,Insufficient Data,Unavailable,
kpi_006,3.0,Calculated,Green,
kpi_006,3.0,Calculated,Green,
kpi_006,3.0,Calculated,Green,
kpi_006,3.0,Calculated,Green,
kpi_006,3.0,Calculated,Green,
kpi_006,3.75,Calculated,Green,
kpi_006,,Zero Denominator,Unavailable,
kpi_006,3.75,Calculated,Green,
kpi_006,,Zero Denominator,Unavailable,
kpi_006,3.5,Calculated,Green,
kpi_006,3.5,Calculated,Green,
kpi_006,,Insufficient Data,Unavailable,
kpi_006,4.0,Calculated,Green,
kpi_006,3.5,Calculated,Green,
kpi_006,4.0,Calculated,Green,
kpi_006,,Insufficient Data,Unavailable,
kpi_006,,Insufficient Data,Unavailable,
kpi_006,4.0,Calculated,Green,
kpi_006,2.0,Calculated,Red,
kpi_006,3.333333333333333,Calculated,Green,
kpi_006,,Zero Denominator,Unavailable,
kpi_006,3.0,Calculated,Green,
kpi_006,3.0,Calculated,Green,
kpi_006,,Insufficient Data,Unavailable,
kpi_006,4.0,Calculated,Green,
kpi_006,3.0,Calculated,Green,
kpi_006,3.333333333333333,Calculated,Green,
kpi_006,3.0,Calculated,Green,
kpi_006,,Insufficient Data,Unavailable,
kpi_006,5.0,Calculated,Green,
kpi_006,3.0,Calculated,Green,
kpi_006,3.5,Calculated,Green,
kpi_006,3.0,Calculated,Green,
kpi_006,3.0,Calculated,Green,
kpi_006,3.0,Calculated,Green,
kpi_006,3.0,Calculated,Green,
kpi_006,4.0,Calculated,Green,
kpi_006,4.0,Calculated,Green,
kpi_006,3.0,Calculated,Green,
kpi_006,3.0,Calculated,Green,
kpi_006,3.5,Calculated,Green,
kpi_006,4.0,Calculated,Green,
kpi_006,4.0,Calculated,Green,
kpi_006,,Zero Denominator,Unavailable,
kpi_006,3.0,Calculated,Green,
kpi_006,3.0,Calculated,Green,
kpi_006,4.333333333333333,Calculated,Green,
kpi_006,3.0,Calculated,Green,
kpi_006,3.5,Calculated,Green,
kpi_006,3.0,Calculated,Green,
kpi_006,,Insufficient Data,Unavailable,
kpi_006,4.333333333333333,Calculated,Green,
kpi_006,4.0,Calculated,Green,
kpi_006,3.8,Calculated,Green,
kpi_006,,Insufficient Data,Unavailable,
kpi_006,3.0,Calculated,Green,
kpi_006,,Zero Denominator,Unavailable,
kpi_006,4.0,Calculated,Green,
kpi_006,3.0,Calculated,Green,
kpi_006,3.75,Calculated,Green,
kpi_006,3.5,Calculated,Green,
kpi_006,3.75,Calculated,Green,
kpi_006,,Insufficient Data,Unavailable,
kpi_006,3.0,Calculated,Green,
kpi_006,3.0,Calculated,Green,
kpi_006,3.0,Calculated,Green,
kpi_006,4.5,Calculated,Green,
kpi_006,,Zero Denominator,Unavailable,
kpi_006,3.0,Calculated,Green,
kpi_006,4.0,Calculated,Green,
kpi_006,3.5,Calculated,Green,
kpi_006,2.0,Calculated,Red,
kpi_006,2.0,Calculated,Red,
kpi_006,3.6666666666666665,Calculated,Green,
kpi_006,3.0,Calculated,Green,
kpi_006,4.0,Calculated,Green,
kpi_006,4.0,Calculated,Green,
kpi_006,3.5,Calculated,Green,
kpi_006,3.0,Calculated,Green,
kpi_006,,Insufficient Data,Unavailable,
kpi_006,3.0,Calculated,Green,
kpi_006,,Insufficient Data,Unavailable,
kpi_006,3.5,Calculated,Green,
kpi_006,,Zero Denominator,Unavailable,
kpi_006,3.0,Calculated,Green,
kpi_006,3.0,Calculated,Green,
kpi_006,3.0,Calculated,Green,
kpi_006,,Insufficient Data,Unavailable,
kpi_006,,Insufficient Data,Unavailable,
kpi_006,4.0,Calculated,Green,
kpi_006,,Zero Denominator,Unavailable,
kpi_006,4.0,Calculated,Green,
kpi_006,3.5,Calculated,Green,
kpi_006,5.0,Calculated,Green,
kpi_006,,Insufficient Data,Unavailable,
kpi_006,4.0,Calculated,Green,
kpi_006,,Insufficient Data,Unavailable,
kpi_006,3.5,Calculated,Green,
kpi_006,4.0,Calculated,Green,
kpi_006,3.5,Calculated,Green,
kpi_006,,Zero Denominator,Unavailable,
kpi_006,4.0,Calculated,Green,
kpi_006,3.6666666666666665,Calculated,Green,
kpi_006,3.333333333333333,Calculated,Green,
kpi_006,3.0,Calculated,Green,
kpi_006,2.0,Calculated,Red,
kpi_006,,Insufficient Data,Unavailable,
kpi_006,2.5,Calculated,Amber,
kpi_006,2.5,Calculated,Amber,
kpi_006,3.0,Calculated,Green,
kpi_006,3.0,Calculated,Green,
kpi_006,2.5,Calculated,Amber,
kpi_006,3.0,Calculated,Green,
kpi_006,,Zero Denominator,Unavailable,
kpi_006,3.6666666666666665,Calculated,Green,
kpi_006,3.0,Calculated,Green,
kpi_006,3.0,Calculated,Green,
kpi_006,3.5,Calculated,Green,
kpi_006,3.0,Calculated,Green,
kpi_006,,Insufficient Data,Unavailable,
kpi_006,2.333333333333333,Calculated,Red,
kpi_006,3.6666666666666665,Calculated,Green,
kpi_006,,Insufficient Data,Unavailable,
kpi_006,3.0,Calculated,Green,
kpi_006,4.0,Calculated,Green,
kpi_006,2.0,Calculated,Red,
kpi_006,4.0,Calculated,Green,
kpi_006,3.333333333333333,Calculated,Green,
kpi_006,3.0,Calculated,Green,
kpi_006,4.0,Calculated,Green,
kpi_006,3.0,Calculated,Green,
kpi_006,4.0,Calculated,Green,
kpi_006,2.0,Calculated,Red,
kpi_006,3.0,Calculated,Green,
kpi_006,3.333333333333333,Calculated,Green,
kpi_006,3.333333333333333,Calculated,Green,
kpi_006,4.0,Calculated,Green,
kpi_006,4.0,Calculated,Green,
kpi_006,3.0,Calculated,Green,
kpi_006,2.6666666666666665,Calculated,Amber,
kpi_006,3.0,Calculated,Green,
kpi_006,4.0,Calculated,Green,
kpi_006,2.5,Calculated,Amber,
kpi_006,2.5,Calculated,Amber,
kpi_006,3.75,Calculated,Green,
kpi_006,2.0,Calculated,Red,
kpi_006,4.0,Calculated,Green,
kpi_006,3.0,Calculated,Green,
kpi_006,3.333333333333333,Calculated,Green,
kpi_006,3.75,Calculated,Green,
kpi_006,3.5,Calculated,Green,
kpi_006,3.0,Calculated,Green,
kpi_006,3.5,Calculated,Green,
kpi_006,2.5,Calculated,Amber,
kpi_006,3.5,Calculated,Green,
kpi_006,4.0,Calculated,Green,
kpi_006,3.0,Calculated,Green,
kpi_006,3.333333333333333,Calculated,Green,
kpi_006,3.333333333333333,Calculated,Green,
kpi_006,2.0,Calculated,Red,
kpi_006,3.5,Calculated,Green,
kpi_006,3.0,Calculated,Green,
kpi_006,3.0,Calculated,Green,
kpi_006,3.6666666666666665,Calculated,Green,
kpi_006,3.0,Calculated,Green,
kpi_006,3.0,Calculated,Green,
kpi_006,3.0,Calculated,Green,
kpi_006,3.0,Calculated,Green,
kpi_006,3.333333333333333,Calculated,Green,
kpi_006,3.0,Calculated,Green,
kpi_006,3.0,Calculated,Green,
kpi_006,3.0,Calculated,Green,
kpi_006,3.0,Calculated,Green,
kpi_006,2.6666666666666665,Calculated,Amber,
kpi_006,4.0,Calculated,Green,
kpi_006,,Insufficient Data,Unavailable,
kpi_006,3.0,Calculated,Green,
kpi_006,4.0,Calculated,Green,
kpi_006,3.4,Calculated,Green,
kpi_006,3.0,Calculated,Green,
kpi_006,3.0,Calculated,Green,
kpi_006,3.5,Calculated,Green,
kpi_006,3.6666666666666665,Calculated,Green,
kpi_006,3.5,Calculated,Green,
kpi_006,3.0,Calculated,Green,
kpi_006,3.0,Calculated,Green,
kpi_006,3.0,Calculated,Green,
kpi_006,3.0,Calculated,Green,
kpi_006,3.5,Calculated,Green,
kpi_006,,Insufficient Data,Unavailable,
kpi_006,,Zero Denominator,Unavailable,
kpi_006,2.6666666666666665,Calculated,Amber,
kpi_006,3.0,Calculated,Green,
kpi_006,3.6666666666666665,Calculated,Green,
kpi_006,3.5,Calculated,Green,
kpi_006,3.0,Calculated,Green,
kpi_006,2.0,Calculated,Red,
kpi_006,,Zero Denominator,Unavailable,
kpi_006,,Zero Denominator,Unavailable,
kpi_006,3.0,Calculated,Green,
kpi_006,3.0,Calculated,Green,
kpi_006,2.75,Calculated,Amber,
kpi_006,2.5,Calculated,Amber,
kpi_006,3.0,Calculated,Green,
kpi_006,3.0,Calculated,Green,
kpi_006,2.5,Calculated,Amber,
kpi_006,3.0,Calculated,Green,
kpi_006,3.5,Calculated,Green,
kpi_006,,Zero Denominator,Unavailable,
kpi_006,3.0,Calculated,Green,
kpi_006,2.0,Calculated,Red,
kpi_006,3.0,Calculated,Green,
kpi_006,,Insufficient Data,Unavailable,
kpi_006,2.0,Calculated,Red,
kpi_006,2.333333333333333,Calculated,Red,
kpi_006,3.0,Calculated,Green,
kpi_006,3.0,Calculated,Green,
kpi_006,,Insufficient Data,Unavailable,
kpi_006,2.5,Calculated,Amber,
kpi_006,3.5,Calculated,Green,
kpi_006,,Insufficient Data,Unavailable,
kpi_006,3.25,Calculated,Green,
kpi_006,3.0,Calculated,Green,
kpi_006,3.0,Calculated,Green,
kpi_006,2.6666666666666665,Calculated,Amber,
kpi_006,2.5,Calculated,Amber,
kpi_006,2.0,Calculated,Red,
kpi_006,2.6666666666666665,Calculated,Amber,
kpi_006,,Zero Denominator,Unavailable,
kpi_006,2.75,Calculated,Amber,
kpi_006,4.0,Calculated,Green,
kpi_006,2.0,Calculated,Red,
kpi_006,2.0,Calculated,Red,
kpi_006,,Zero Denominator,Unavailable,
kpi_006,3.0,Calculated,Green,
kpi_006,3.0,Calculated,Green,
kpi_006,2.0,Calculated,Red,
kpi_006,3.0,Calculated,Green,
kpi_006,3.0,Calculated,Green,
kpi_006,2.0,Calculated,Red,
kpi_006,,Zero Denominator,Unavailable,
kpi_006,3.333333333333333,Calculated,Green,
kpi_006,3.0,Calculated,Green,
kpi_006,5.0,Calculated,Green,
kpi_006,3.0,Calculated,Green,
kpi_006,3.333333333333333,Calculated,Green,
kpi_006,3.0,Calculated,Green,
kpi_006,3.333333333333333,Calculated,Green,
kpi_006,3.0,Calculated,Green,
kpi_006,3.5,Calculated,Green,
kpi_006,2.0,Calculated,Red,
kpi_006,3.0,Calculated,Green,
kpi_006,,Insufficient Data,Unavailable,
kpi_006,3.333333333333333,Calculated,Green,
kpi_006,3.2,Calculated,Green,
kpi_006,2.0,Calculated,Red,
kpi_006,3.0,Calculated,Green,
kpi_006,3.5,Calculated,Green,
kpi_006,3.0,Calculated,Green,
kpi_006,,Insufficient Data,Unavailable,
kpi_006,2.0,Calculated,Red,
kpi_006,4.0,Calculated,Green,
kpi_006,3.0,Calculated,Green,
kpi_006,4.0,Calculated,Green,
kpi_006,3.0,Calculated,Green,
kpi_006,3.6,Calculated,Green,
kpi_006,3.0,Calculated,Green,
kpi_006,4.333333333333333,Calculated,Green,
kpi_006,,Zero Denominator,Unavailable,
kpi_006,3.75,Calculated,Green,
kpi_006,3.0,Calculated,Green,
kpi_006,,Insufficient Data,Unavailable,
kpi_006,,Insufficient Data,Unavailable,
kpi_006,3.0,Calculated,Green,
kpi_006,3.0,Calculated,Green,
kpi_006,4.0,Calculated,Green,
kpi_006,3.0,Calculated,Green,
kpi_006,,Insufficient Data,Unavailable,
kpi_006,,Zero Denominator,Unavailable,
kpi_006,3.5,Calculated,Green,
kpi_006,3.333333333333333,Calculated,Green,
kpi_006,,Zero Denominator,Unavailable,
kpi_006,3.25,Calculated,Green,
kpi_006,4.0,Calculated,Green,
kpi_006,3.0,Calculated,Green,
kpi_006,3.0,Calculated,Green,
kpi_006,4.0,Calculated,Green,
kpi_006,,Insufficient Data,Unavailable,
kpi_006,2.0,Calculated,Red,
kpi_006,,Zero Denominator,Unavailable,
kpi_006,,Zero Denominator,Unavailable,
kpi_006,2.0,Calculated,Red,
kpi_006,3.0,Calculated,Green,
kpi_006,,Insufficient Data,Unavailable,
kpi_006,3.0,Calculated,Green,
kpi_006,2.5,Calculated,Amber,
kpi_006,3.5,Calculated,Green,
kpi_006,3.0,Calculated,Green,
kpi_006,3.333333333333333,Calculated,Green,
kpi_006,4.0,Calculated,Green,
kpi_006,2.0,Calculated,Red,
kpi_006,4.0,Calculated,Green,
kpi_006,3.333333333333333,Calculated,Green,
kpi_006,,Zero Denominator,Unavailable,
kpi_006,3.75,Calculated,Green,
kpi_006,,Insufficient Data,Unavailable,
kpi_006,,Insufficient Data,Unavailable,
kpi_006,2.0,Calculated,Red,
kpi_006,4.0,Calculated,Green,
kpi_006,3.0,Calculated,Green,
kpi_006,3.6666666666666665,Calculated,Green,
kpi_006,,Insufficient Data,Unavailable,
kpi_006,3.0,Calculated,Green,
kpi_006,3.5,Calculated,Green,
kpi_006,3.0,Calculated,Green,
kpi_006,3.0,Calculated,Green,
kpi_006,3.0,Calculated,Green,
kpi_006,3.75,Calculated,Green,
kpi_006,4.0,Calculated,Green,
kpi_006,3.5,Calculated,Green,
kpi_006,2.0,Calculated,Red,
kpi_006,,Insufficient Data,Unavailable,
kpi_006,3.0,Calculated,Green,
kpi_006,3.333333333333333,Calculated,Green,
kpi_006,2.0,Calculated,Red,
kpi_006,3.75,Calculated,Green,
kpi_006,3.5,Calculated,Green,
kpi_006,3.0,Calculated,Green,
kpi_006,4.5,Calculated,Green,
kpi_006,3.6666666666666665,Calculated,Green,
kpi_006,3.0,Calculated,Green,
kpi_006,3.333333333333333,Calculated,Green,
kpi_006,3.0,Calculated,Green,
kpi_006,,Insufficient Data,Unavailable,
kpi_006,3.333333333333333,Calculated,Green,
kpi_006,3.333333333333333,Calculated,Green,
kpi_006,3.75,Calculated,Green,
kpi_006,3.333333333333333,Calculated,Green,
kpi_006,3.333333333333333,Calculated,Green,
kpi_006,3.0,Calculated,Green,
kpi_006,3.5,Calculated,Green,
kpi_006,3.6666666666666665,Calculated,Green,
kpi_006,,Insufficient Data,Unavailable,
kpi_006,,Insufficient Data,Unavailable,
kpi_006,3.5,Calculated,Green,
kpi_006,4.0,Calculated,Green,
kpi_006,2.5,Calculated,Amber,
kpi_006,3.0,Calculated,Green,
kpi_006,3.5,Calculated,Green,
kpi_006,3.0,Calculated,Green,
kpi_006,3.0,Calculated,Green,
kpi_006,4.0,Calculated,Green,
kpi_006,,Insufficient Data,Unavailable,
kpi_006,3.0,Calculated,Green,
kpi_006,3.5,Calculated,Green,
kpi_006,3.5,Calculated,Green,
kpi_006,3.0,Calculated,Green,
kpi_006,,Insufficient Data,Unavailable,
kpi_006,2.6666666666666665,Calculated,Amber,
kpi_006,3.0,Calculated,Green,
kpi_006,,Insufficient Data,Unavailable,
kpi_006,3.5,Calculated,Green,
kpi_006,4.0,Calculated,Green,
kpi_006,3.333333333333333,Calculated,Green,
kpi_006,4.0,Calculated,Green,
kpi_006,2.0,Calculated,Red,
kpi_006,3.5,Calculated,Green,
kpi_006,3.0,Calculated,Green,
kpi_006,4.0,Calculated,Green,
kpi_006,3.0,Calculated,Green,
kpi_006,,Insufficient Data,Unavailable,
kpi_006,3.0,Calculated,Green,
kpi_006,,Insufficient Data,Unavailable,
kpi_006,3.0,Calculated,Green,
kpi_006,3.8,Calculated,Green,
kpi_006,5.0,Calculated,Green,
kpi_006,2.0,Calculated,Red,
kpi_006,3.5,Calculated,Green,
kpi_006,,Insufficient Data,Unavailable,
kpi_006,3.5,Calculated,Green,
kpi_006,2.0,Calculated,Red,
kpi_006,3.333333333333333,Calculated,Green,
kpi_006,3.0,Calculated,Green,
kpi_006,3.0,Calculated,Green,
kpi_006,3.0,Calculated,Green,
kpi_006,3.5,Calculated,Green,
kpi_006,4.0,Calculated,Green,
kpi_006,2.0,Calculated,Red,
kpi_006,3.0,Calculated,Green,
kpi_006,3.0,Calculated,Green,
kpi_006,3.2,Calculated,Green,
kpi_006,,Insufficient Data,Unavailable,
kpi_006,3.0,Calculated,Green,
kpi_006,4.0,Calculated,Green,
kpi_006,3.0,Calculated,Green,
kpi_006,,Insufficient Data,Unavailable,
kpi_006,3.5,Calculated,Green,
kpi_006,3.0,Calculated,Green,
kpi_006,,Insufficient Data,Unavailable,
kpi_006,3.6666666666666665,Calculated,Green,
kpi_006,3.0,Calculated,Green,
kpi_006,2.0,Calculated,Red,
kpi_006,,Insufficient Data,Unavailable,
kpi_006,4.0,Calculated,Green,
kpi_006,3.5,Calculated,Green,
kpi_006,3.0,Calculated,Green,
kpi_006,3.0,Calculated,Green,
kpi_006,3.333333333333333,Calculated,Green,
kpi_006,4.5,Calculated,Green,
kpi_006,4.0,Calculated,Green,
kpi_006,3.2,Calculated,Green,
kpi_006,4.0,Calculated,Green,
kpi_006,3.0,Calculated,Green,
kpi_006,4.0,Calculated,Green,
kpi_006,,Zero Denominator,Unavailable,
kpi_006,,Insufficient Data,Unavailable,
kpi_006,3.333333333333333,Calculated,Green,
kpi_006,4.0,Calculated,Green,
kpi_006,3.0,Calculated,Green,
kpi_006,4.0,Calculated,Green,
kpi_006,,Insufficient Data,Unavailable,
kpi_006,4.0,Calculated,Green,
kpi_006,,Insufficient Data,Unavailable,
kpi_006,3.0,Calculated,Green,
kpi_006,3.5,Calculated,Green,
kpi_006,4.0,Calculated,Green,
kpi_006,,Insufficient Data,Unavailable,
kpi_006,3.0,Calculated,Green,
kpi_006,4.333333333333333,Calculated,Green,
kpi_006,3.8,Calculated,Green,
kpi_006,3.75,Calculated,Green,
kpi_006,,Insufficient Data,Unavailable,
kpi_006,4.25,Calculated,Green,
kpi_006,,Insufficient Data,Unavailable,
kpi_006,,Insufficient Data,Unavailable,
kpi_006,4.0,Calculated,Green,
kpi_006,3.0,Calculated,Green,
kpi_006,3.5,Calculated,Green,
kpi_006,3.5,Calculated,Green,
kpi_006,4.0,Calculated,Green,
kpi_006,3.0,Calculated,Green,
kpi_006,3.25,Calculated,Green,
kpi_006,4.333333333333333,Calculated,Green,
kpi_006,,Insufficient Data,Unavailable,
kpi_006,4.5,Calculated,Green,
kpi_006,3.0,Calculated,Green,
kpi_006,4.0,Calculated,Green,
kpi_006,,Insufficient Data,Unavailable,
kpi_006,3.0,Calculated,Green,
kpi_006,4.0,Calculated,Green,
kpi_006,,Zero Denominator,Unavailable,
kpi_006,,Insufficient Data,Unavailable,
kpi_006,4.5,Calculated,Green,
kpi_006,,Insufficient Data,Unavailable,
kpi_006,2.0,Calculated,Red,
kpi_006,,Insufficient Data,Unavailable,
kpi_006,,Insufficient Data,Unavailable,
kpi_006,,Zero Denominator,Unavailable,
kpi_006,,Insufficient Data,Unavailable,
kpi_006,,Insufficient Data,Unavailable,
kpi_006,3.6666666666666665,Calculated,Green,
kpi_006,,Zero Denominator,Unavailable,
kpi_006,3.6666666666666665,Calculated,Green,
kpi_006,,Zero Denominator,Unavailable,
kpi_006,4.0,Calculated,Green,
kpi_006,4.0,Calculated,Green,
kpi_006,3.333333333333333,Calculated,Green,
kpi_006,3.0,Calculated,Green,
kpi_006,3.0,Calculated,Green,
kpi_006,3.0,Calculated,Green,
kpi_006,3.0,Calculated,Green,
kpi_006,4.0,Calculated,Green,
kpi_006,3.5,Calculated,Green,
kpi_006,3.6666666666666665,Calculated,Green,
kpi_006,3.6666666666666665,Calculated,Green,
kpi_006,,Insufficient Data,Unavailable,
kpi_006,,Insufficient Data,Unavailable,
kpi_006,3.5,Calculated,Green,
kpi_006,3.25,Calculated,Green,
kpi_006,3.0,Calculated,Green,
kpi_006,4.5,Calculated,Green,
kpi_006,3.75,Calculated,Green,
kpi_006,4.0,Calculated,Green,
kpi_006,3.0,Calculated,Green,
kpi_006,3.5,Calculated,Green,
kpi_006,,Zero Denominator,Unavailable,
kpi_006,,Zero Denominator,Unavailable,
kpi_006,3.0,Calculated,Green,
kpi_006,3.0,Calculated,Green,
kpi_006,3.0,Calculated,Green,
kpi_006,,Zero Denominator,Unavailable,
kpi_006,3.0,Calculated,Green,
kpi_006,4.0,Calculated,Green,
kpi_006,,Zero Denominator,Unavailable,
kpi_006,,Zero Denominator,Unavailable,
kpi_006,3.333333333333333,Calculated,Green,
kpi_006,,Insufficient Data,Unavailable,
kpi_006,,Insufficient Data,Unavailable,
kpi_006,3.5,Calculated,Green,
kpi_006,,Insufficient Data,Unavailable,
kpi_006,4.0,Calculated,Green,
kpi_006,2.0,Calculated,Red,
kpi_006,4.0,Calculated,Green,
kpi_006,3.0,Calculated,Green,
kpi_006,3.5,Calculated,Green,
kpi_006,3.5,Calculated,Green,
kpi_006,3.0,Calculated,Green,
kpi_006,3.5,Calculated,Green,
kpi_006,,Zero Denominator,Unavailable,
kpi_006,2.5,Calculated,Amber,
kpi_006,3.0,Calculated,Green,
kpi_006,2.0,Calculated,Red,
kpi_006,3.0,Calculated,Green,
kpi_006,,Insufficient Data,Unavailable,
kpi_006,3.333333333333333,Calculated,Green,
kpi_006,,Zero Denominator,Unavailable,
kpi_006,4.0,Calculated,Green,
kpi_006,,Insufficient Data,Unavailable,
kpi_006,4.0,Calculated,Green,
kpi_006,3.0,Calculated,Green,
kpi_006,4.0,Calculated,Green,
kpi_006,3.5,Calculated,Green,
kpi_006,,Insufficient Data,Unavailable,
kpi_006,3.0,Calculated,Green,
kpi_006,,Insufficient Data,Unavailable,
kpi_006,3.5,Calculated,Green,
kpi_006,3.333333333333333,Calculated,Green,
kpi_006,3.0,Calculated,Green,
kpi_006,3.75,Calculated,Green,
kpi_006,,Insufficient Data,Unavailable,
kpi_006,3.5,Calculated,Green,
kpi_006,3.5,Calculated,Green,
kpi_006,3.333333333333333,Calculated,Green,
kpi_006,3.0,Calculated,Green,
kpi_006,,Insufficient Data,Unavailable,
kpi_006,,Zero Denominator,Unavailable,
kpi_006,4.0,Calculated,Green,
kpi_006,2.0,Calculated,Red,
kpi_006,3.5,Calculated,Green,
kpi_006,3.2,Calculated,Green,
kpi_006,3.0,Calculated,Green,
kpi_006,2.0,Calculated,Red,
kpi_006,3.6666666666666665,Calculated,Green,
kpi_006,2.5,Calculated,Amber,
kpi_006,3.5,Calculated,Green,
kpi_006,3.0,Calculated,Green,
kpi_006,,Zero Denominator,Unavailable,
kpi_006,3.0,Calculated,Green,
kpi_006,4.0,Calculated,Green,
kpi_006,4.0,Calculated,Green,
kpi_006,4.0,Calculated,Green,
kpi_006,3.25,Calculated,Green,
kpi_006,3.0,Calculated,Green,
kpi_006,3.5,Calculated,Green,
kpi_006,3.0,Calculated,Green,
kpi_006,3.5,Calculated,Green,
kpi_006,3.333333333333333,Calculated,Green,
kpi_006,4.0,Calculated,Green,
kpi_006,4.0,Calculated,Green,
kpi_006,3.0,Calculated,Green,
kpi_006,3.0,Calculated,Green,
kpi_006,,Zero Denominator,Unavailable,
kpi_006,2.333333333333333,Calculated,Red,
kpi_006,3.333333333333333,Calculated,Green,
kpi_006,2.0,Calculated,Red,
kpi_006,3.0,Calculated,Green,
kpi_006,,Insufficient Data,Unavailable,
kpi_006,2.6666666666666665,Calculated,Amber,
kpi_006,,Insufficient Data,Unavailable,
kpi_006,3.5,Calculated,Green,
kpi_006,,Zero Denominator,Unavailable,
kpi_006,3.333333333333333,Calculated,Green,
kpi_006,3.0,Calculated,Green,
kpi_006,2.75,Calculated,Amber,
kpi_006,3.25,Calculated,Green,
kpi_006,3.0,Calculated,Green,
kpi_006,3.0,Calculated,Green,
kpi_006,3.0,Calculated,Green,
kpi_006,2.5,Calculated,Amber,
kpi_006,3.0,Calculated,Green,
kpi_006,3.5,Calculated,Green,
kpi_006,,Insufficient Data,Unavailable,
kpi_006,2.0,Calculated,Red,
kpi_006,2.75,Calculated,Amber,
kpi_006,3.0,Calculated,Green,
kpi_006,4.0,Calculated,Green,
kpi_006,2.5,Calculated,Amber,
kpi_006,2.0,Calculated,Red,
kpi_006,,Zero Denominator,Unavailable,
kpi_006,2.5,Calculated,Amber,
kpi_006,3.5,Calculated,Green,
kpi_006,3.5,Calculated,Green,
kpi_006,3.0,Calculated,Green,
kpi_006,3.0,Calculated,Green,
kpi_006,3.6666666666666665,Calculated,Green,
kpi_006,,Insufficient Data,Unavailable,
kpi_006,,Zero Denominator,Unavailable,
kpi_006,2.0,Calculated,Red,
kpi_006,3.5,Calculated,Green,
kpi_006,3.0,Calculated,Green,
kpi_006,2.0,Calculated,Red,
kpi_006,3.0,Calculated,Green,
kpi_006,,Zero Denominator,Unavailable,
kpi_006,,Insufficient Data,Unavailable,
kpi_006,3.4,Calculated,Green,
kpi_006,2.0,Calculated,Red,
kpi_006,,Insufficient Data,Unavailable,
kpi_006,3.0,Calculated,Green,
kpi_006,3.5,Calculated,Green,
kpi_006,,Zero Denominator,Unavailable,
kpi_006,3.0,Calculated,Green,
kpi_006,3.333333333333333,Calculated,Green,
kpi_006,2.5,Calculated,Amber,
kpi_006,2.5,Calculated,Amber,
kpi_006,2.0,Calculated,Red,
kpi_006,,Insufficient Data,Unavailable,
kpi_006,3.0,Calculated,Green,
kpi_006,4.0,Calculated,Green,
kpi_006,2.0,Calculated,Red,
kpi_006,2.0,Calculated,Red,
kpi_006,2.0,Calculated,Red,
kpi_006,3.5,Calculated,Green,
kpi_006,3.5,Calculated,Green,
kpi_006,,Insufficient Data,Unavailable,
kpi_006,3.5,Calculated,Green,
kpi_006,,Zero Denominator,Unavailable,
kpi_006,3.75,Calculated,Green,
kpi_006,4.0,Calculated,Green,
kpi_006,3.0,Calculated,Green,
kpi_006,2.0,Calculated,Red,
kpi_006,2.0,Calculated,Red,
kpi_006,3.333333333333333,Calculated,Green,
kpi_006,3.0,Calculated,Green,
kpi_006,2.0,Calculated,Red,
kpi_006,3.0,Calculated,Green,
kpi_006,3.0,Calculated,Green,
kpi_006,,Zero Denominator,Unavailable,
kpi_006,,Insufficient Data,Unavailable,
kpi_006,3.0,Calculated,Green,
kpi_006,3.25,Calculated,Green,
kpi_006,4.0,Calculated,Green,
kpi_006,,Zero Denominator,Unavailable,
kpi_006,3.333333333333333,Calculated,Green,
kpi_006,3.0,Calculated,Green,
kpi_006,2.0,Calculated,Red,
kpi_006,3.0,Calculated,Green,
kpi_006,2.0,Calculated,Red,
kpi_006,,Insufficient Data,Unavailable,
kpi_006,,Zero Denominator,Unavailable,
kpi_006,3.0,Calculated,Green,
kpi_006,,Zero Denominator,Unavailable,
kpi_006,,Insufficient Data,Unavailable,
kpi_006,3.5,Calculated,Green,
kpi_006,3.0,Calculated,Green,
kpi_006,2.5,Calculated,Amber,
kpi_006,4.0,Calculated,Green,
kpi_006,4.333333333333333,Calculated,Green,
kpi_006,3.0,Calculated,Green,
kpi_006,4.0,Calculated,Green,
kpi_006,,Insufficient Data,Unavailable,
kpi_006,4.0,Calculated,Green,
kpi_006,2.6666666666666665,Calculated,Amber,
kpi_006,4.0,Calculated,Green,
kpi_006,3.0,Calculated,Green,
kpi_006,3.333333333333333,Calculated,Green,
kpi_006,2.6666666666666665,Calculated,Amber,
kpi_006,,Insufficient Data,Unavailable,
kpi_006,,Zero Denominator,Unavailable,
kpi_006,3.0,Calculated,Green,
kpi_006,3.333333333333333,Calculated,Green,
kpi_006,4.0,Calculated,Green,
kpi_006,3.333333333333333,Calculated,Green,
kpi_006,3.0,Calculated,Green,
kpi_006,4.0,Calculated,Green,
kpi_006,4.0,Calculated,Green,
kpi_006,3.0,Calculated,Green,
kpi_006,3.75,Calculated,Green,
kpi_006,3.25,Calculated,Green,
kpi_006,,Insufficient Data,Unavailable,
kpi_006,3.6666666666666665,Calculated,Green,
kpi_006,4.0,Calculated,Green,
kpi_006,5.0,Calculated,Green,
kpi_006,,Zero Denominator,Unavailable,
kpi_006,3.0,Calculated,Green,
kpi_006,3.5,Calculated,Green,
kpi_006,3.5,Calculated,Green,
kpi_006,,Zero Denominator,Unavailable,
kpi_006,3.0,Calculated,Green,
kpi_006,,Zero Denominator,Unavailable,
kpi_006,5.0,Calculated,Green,
kpi_006,3.0,Calculated,Green,
kpi_006,,Zero Denominator,Unavailable,
kpi_006,3.5,Calculated,Green,
kpi_006,2.0,Calculated,Red,
kpi_006,,Zero Denominator,Unavailable,
kpi_006,,Zero Denominator,Unavailable,
kpi_006,3.0,Calculated,Green,
kpi_006,3.0,Calculated,Green,
kpi_006,4.0,Calculated,Green,
kpi_006,3.0,Calculated,Green,
kpi_006,3.333333333333333,Calculated,Green,
kpi_006,3.0,Calculated,Green,
kpi_006,3.333333333333333,Calculated,Green,
kpi_006,2.6666666666666665,Calculated,Amber,
kpi_006,3.0,Calculated,Green,
kpi_006,3.0,Calculated,Green,
kpi_006,3.0,Calculated,Green,
kpi_006,3.5,Calculated,Green,
kpi_006,3.5,Calculated,Green,
kpi_006,3.5,Calculated,Green,
kpi_006,4.0,Calculated,Green,
kpi_006,4.0,Calculated,Green,
kpi_006,3.6666666666666665,Calculated,Green,
kpi_006,,Zero Denominator,Unavailable,
kpi_006,,Zero Denominator,Unavailable,
kpi_006,3.0,Calculated,Green,
kpi_006,,Zero Denominator,Unavailable,
kpi_006,3.0,Calculated,Green,
kpi_006,3.0,Calculated,Green,
kpi_006,,Insufficient Data,Unavailable,
kpi_006,3.5,Calculated,Green,
kpi_006,3.0,Calculated,Green,
kpi_006,4.0,Calculated,Green,
kpi_006,4.0,Calculated,Green,
kpi_006,2.0,Calculated,Red,
kpi_006,,Zero Denominator,Unavailable,
kpi_006,3.0,Calculated,Green,
kpi_006,4.0,Calculated,Green,
kpi_006,3.5,Calculated,Green,
kpi_006,2.5,Calculated,Amber,
kpi_006,,Zero Denominator,Unavailable,
kpi_006,3.5,Calculated,Green,
kpi_006,4.333333333333333,Calculated,Green,
kpi_006,4.0,Calculated,Green,
kpi_006,3.5,Calculated,Green,
kpi_006,3.0,Calculated,Green,
kpi_006,4.0,Calculated,Green,
kpi_006,,Insufficient Data,Unavailable,
kpi_006,2.0,Calculated,Red,
kpi_006,3.0,Calculated,Green,
kpi_006,3.0,Calculated,Green,
kpi_006,2.6666666666666665,Calculated,Amber,
kpi_006,3.0,Calculated,Green,
kpi_006,3.333333333333333,Calculated,Green,
kpi_006,,Insufficient Data,Unavailable,
kpi_006,3.5,Calculated,Green,
kpi_006,3.0,Calculated,Green,
kpi_006,2.0,Calculated,Red,
kpi_006,2.0,Calculated,Red,
kpi_006,3.0,Calculated,Green,
kpi_006,3.5,Calculated,Green,
kpi_006,3.0,Calculated,Green,
kpi_006,3.75,Calculated,Green,
kpi_006,3.333333333333333,Calculated,Green,
kpi_006,3.0,Calculated,Green,
kpi_006,,Insufficient Data,Unavailable,
kpi_006,3.0,Calculated,Green,
kpi_006,,Insufficient Data,Unavailable,
kpi_006,2.0,Calculated,Red,
kpi_006,3.5,Calculated,Green,
kpi_006,4.333333333333333,Calculated,Green,
kpi_006,,Zero Denominator,Unavailable,
kpi_006,2.0,Calculated,Red,
kpi_006,3.0,Calculated,Green,
kpi_006,2.5,Calculated,Amber,
kpi_006,,Insufficient Data,Unavailable,
kpi_006,4.0,Calculated,Green,
kpi_006,3.0,Calculated,Green,
kpi_006,3.25,Calculated,Green,
kpi_006,,Zero Denominator,Unavailable,
kpi_006,3.0,Calculated,Green,
kpi_006,4.0,Calculated,Green,
kpi_006,3.0,Calculated,Green,
kpi_006,3.5,Calculated,Green,
kpi_006,3.0,Calculated,Green,
kpi_006,3.0,Calculated,Green,
kpi_006,2.0,Calculated,Red,
kpi_006,,Zero Denominator,Unavailable,
kpi_006,4.0,Calculated,Green,
kpi_006,,Insufficient Data,Unavailable,
kpi_006,4.0,Calculated,Green,
kpi_006,3.5,Calculated,Green,
kpi_006,3.6666666666666665,Calculated,Green,
kpi_006,3.0,Calculated,Green,
kpi_006,5.0,Calculated,Green,
kpi_006,4.0,Calculated,Green,
kpi_006,4.0,Calculated,Green,
kpi_006,3.0,Calculated,Green,
kpi_006,,Insufficient Data,Unavailable,
kpi_006,,Insufficient Data,Unavailable,
kpi_006,3.5,Calculated,Green,
kpi_006,4.0,Calculated,Green,
kpi_006,,Zero Denominator,Unavailable,
kpi_006,3.0,Calculated,Green,
kpi_006,,Zero Denominator,Unavailable,
kpi_006,4.0,Calculated,Green,
kpi_006,3.333333333333333,Calculated,Green,
kpi_006,3.0,Calculated,Green,
kpi_006,4.333333333333333,Calculated,Green,
kpi_006,,Insufficient Data,Unavailable,
kpi_006,3.5,Calculated,Green,
kpi_006,4.0,Calculated,Green,
kpi_006,,Insufficient Data,Unavailable,
kpi_006,3.0,Calculated,Green,
kpi_006,4.5,Calculated,Green,
kpi_006,3.333333333333333,Calculated,Green,
kpi_006,4.0,Calculated,Green,
kpi_006,3.5,Calculated,Green,
kpi_006,3.0,Calculated,Green,
kpi_006,4.0,Calculated,Green,
kpi_006,4.0,Calculated,Green,
kpi_006,,Zero Denominator,Unavailable,
kpi_006,,Insufficient Data,Unavailable,
kpi_006,,Insufficient Data,Unavailable,
kpi_006,3.333333333333333,Calculated,Green,
kpi_006,3.0,Calculated,Green,
kpi_006,,Insufficient Data,Unavailable,
kpi_006,4.0,Calculated,Green,
kpi_006,4.0,Calculated,Green,
kpi_006,4.0,Calculated,Green,
kpi_006,3.0,Calculated,Green,
kpi_006,,Insufficient Data,Unavailable,
kpi_006,4.0,Calculated,Green,
kpi_006,3.5,Calculated,Green,
kpi_006,5.0,Calculated,Green,
kpi_006,3.333333333333333,Calculated,Green,
kpi_006,4.333333333333333,Calculated,Green,
kpi_006,3.0,Calculated,Green,
kpi_006,1.0,Calculated,Red,
kpi_006,3.0,Calculated,Green,
kpi_006,5.0,Calculated,Green,
kpi_006,3.8,Calculated,Green,
kpi_006,3.0,Calculated,Green,
kpi_006,3.0,Calculated,Green,
kpi_006,4.0,Calculated,Green,
kpi_006,,Insufficient Data,Unavailable,
kpi_006,4.0,Calculated,Green,
kpi_006,4.0,Calculated,Green,
kpi_006,,Insufficient Data,Unavailable,
kpi_006,,Zero Denominator,Unavailable,
kpi_006,4.0,Calculated,Green,
kpi_006,3.0,Calculated,Green,
kpi_006,3.6666666666666665,Calculated,Green,
kpi_006,3.5,Calculated,Green,
kpi_006,3.0,Calculated,Green,
kpi_006,2.0,Calculated,Red,
kpi_006,3.0,Calculated,Green,
kpi_006,4.0,Calculated,Green,
kpi_006,3.75,Calculated,Green,
kpi_006,3.5,Calculated,Green,
kpi_006,,Zero Denominator,Unavailable,
kpi_006,4.0,Calculated,Green,
kpi_006,,Zero Denominator,Unavailable,
kpi_006,3.5,Calculated,Green,
kpi_006,3.75,Calculated,Green,
kpi_006,,Insufficient Data,Unavailable,
kpi_006,4.0,Calculated,Green,
kpi_006,4.0,Calculated,Green,
kpi_006,,Insufficient Data,Unavailable,
kpi_006,3.6666666666666665,Calculated,Green,
kpi_006,3.0,Calculated,Green,
kpi_006,,Insufficient Data,Unavailable,
kpi_006,3.0,Calculated,Green,
kpi_006,3.25,Calculated,Green,
kpi_006,3.333333333333333,Calculated,Green,
kpi_006,,Zero Denominator,Unavailable,
kpi_006,,Zero Denominator,Unavailable,
kpi_006,4.5,Calculated,Green,
kpi_006,3.333333333333333,Calculated,Green,
kpi_006,4.0,Calculated,Green,
kpi_006,3.25,Calculated,Green,
kpi_006,4.0,Calculated,Green,
kpi_006,2.5,Calculated,Amber,
kpi_006,2.5,Calculated,Amber,
kpi_006,3.25,Calculated,Green,
kpi_006,2.5,Calculated,Amber,
kpi_006,3.6666666666666665,Calculated,Green,
kpi_006,3.333333333333333,Calculated,Green,
kpi_006,3.0,Calculated,Green,
kpi_006,4.0,Calculated,Green,
kpi_006,,Insufficient Data,Unavailable,
kpi_006,2.6666666666666665,Calculated,Amber,
kpi_006,2.5,Calculated,Amber,
kpi_006,3.5,Calculated,Green,
kpi_006,3.25,Calculated,Green,
kpi_006,3.5,Calculated,Green,
kpi_006,3.0,Calculated,Green,
kpi_006,3.0,Calculated,Green,
kpi_006,4.0,Calculated,Green,
kpi_006,4.0,Calculated,Green,
kpi_006,3.0,Calculated,Green,
kpi_006,2.333333333333333,Calculated,Red,
kpi_006,4.0,Calculated,Green,
kpi_006,3.0,Calculated,Green,
kpi_006,3.1666666666666665,Calculated,Green,
kpi_006,,Insufficient Data,Unavailable,
kpi_006,2.0,Calculated,Red,
kpi_006,,Zero Denominator,Unavailable,
kpi_006,4.0,Calculated,Green,
kpi_006,3.0,Calculated,Green,
kpi_006,4.0,Calculated,Green,
kpi_006,3.0,Calculated,Green,
kpi_006,3.0,Calculated,Green,
kpi_006,3.0,Calculated,Green,
kpi_006,3.6666666666666665,Calculated,Green,
kpi_006,3.5,Calculated,Green,
kpi_006,,Insufficient Data,Unavailable,
kpi_006,2.8,Calculated,Amber,
kpi_006,3.5,Calculated,Green,
kpi_006,3.0,Calculated,Green,
kpi_006,3.5,Calculated,Green,
kpi_006,3.0,Calculated,Green,
kpi_006,,Insufficient Data,Unavailable,
kpi_006,2.5,Calculated,Amber,
kpi_006,3.0,Calculated,Green,
kpi_006,2.6666666666666665,Calculated,Amber,
kpi_006,3.0,Calculated,Green,
kpi_006,,Zero Denominator,Unavailable,
kpi_006,2.5,Calculated,Amber,
kpi_006,2.6666666666666665,Calculated,Amber,
kpi_006,4.0,Calculated,Green,
kpi_006,3.5,Calculated,Green,
kpi_006,3.5,Calculated,Green,
kpi_006,,Insufficient Data,Unavailable,
kpi_006,3.0,Calculated,Green,
kpi_006,3.0,Calculated,Green,
kpi_006,3.0,Calculated,Green,
kpi_006,2.0,Calculated,Red,
kpi_006,2.0,Calculated,Red,
kpi_006,3.0,Calculated,Green,
kpi_006,3.0,Calculated,Green,
kpi_006,3.0,Calculated,Green,
kpi_006,3.0,Calculated,Green,
kpi_006,,Insufficient Data,Unavailable,
kpi_006,,Insufficient Data,Unavailable,
kpi_006,3.0,Calculated,Green,
kpi_006,,Insufficient Data,Unavailable,
kpi_006,3.0,Calculated,Green,
kpi_006,3.0,Calculated,Green,
kpi_006,3.0,Calculated,Green,
kpi_006,,Insufficient Data,Unavailable,
kpi_006,3.0,Calculated,Green,
kpi_006,3.0,Calculated,Green,
kpi_006,2.333333333333333,Calculated,Red,
kpi_006,,Zero Denominator,Unavailable,
kpi_006,,Zero Denominator,Unavailable,
kpi_006,3.0,Calculated,Green,
kpi_006,3.5,Calculated,Green,
kpi_006,2.6666666666666665,Calculated,Amber,
kpi_006,3.5,Calculated,Green,
kpi_006,2.0,Calculated,Red,
kpi_006,4.0,Calculated,Green,
kpi_006,3.333333333333333,Calculated,Green,
kpi_006,2.0,Calculated,Red,
kpi_006,3.0,Calculated,Green,
kpi_006,3.0,Calculated,Green,
kpi_006,3.0,Calculated,Green,
kpi_006,2.5,Calculated,Amber,
kpi_006,,Zero Denominator,Unavailable,
kpi_006,2.0,Calculated,Red,
kpi_006,4.0,Calculated,Green,
kpi_006,3.0,Calculated,Green,
kpi_006,3.0,Calculated,Green,
kpi_006,,Insufficient Data,Unavailable,
kpi_006,2.0,Calculated,Red,
kpi_006,2.0,Calculated,Red,
kpi_006,2.333333333333333,Calculated,Red,
kpi_006,2.5,Calculated,Amber,
kpi_006,3.0,Calculated,Green,
kpi_006,3.0,Calculated,Green,
kpi_006,2.5,Calculated,Amber,
kpi_006,3.0,Calculated,Green,
kpi_006,3.333333333333333,Calculated,Green,
kpi_006,2.0,Calculated,Red,
kpi_006,3.0,Calculated,Green,
kpi_006,3.0,Calculated,Green,
kpi_006,,Zero Denominator,Unavailable,
kpi_006,3.0,Calculated,Green,
kpi_006,3.0,Calculated,Green,
kpi_006,4.0,Calculated,Green,
kpi_006,2.0,Calculated,Red,
kpi_006,3.0,Calculated,Green,
kpi_006,3.0,Calculated,Green,
kpi_006,2.5,Calculated,Amber,
kpi_006,3.0,Calculated,Green,
kpi_006,3.0,Calculated,Green,
kpi_006,,Insufficient Data,Unavailable,
kpi_006,3.0,Calculated,Green,
kpi_006,3.0,Calculated,Green,
kpi_006,3.0,Calculated,Green,
kpi_006,4.0,Calculated,Green,
kpi_006,4.0,Calculated,Green,
kpi_006,,Zero Denominator,Unavailable,
kpi_006,3.5,Calculated,Green,
kpi_006,3.5,Calculated,Green,
kpi_006,3.0,Calculated,Green,
kpi_006,3.0,Calculated,Green,
kpi_006,5.0,Calculated,Green,
kpi_006,3.333333333333333,Calculated,Green,
kpi_006,3.333333333333333,Calculated,Green,
kpi_006,4.0,Calculated,Green,
kpi_006,3.0,Calculated,Green,
kpi_006,3.5,Calculated,Green,
kpi_006,4.0,Calculated,Green,
kpi_006,3.6666666666666665,Calculated,Green,
kpi_006,3.333333333333333,Calculated,Green,
kpi_006,3.5,Calculated,Green,
kpi_006,,Zero Denominator,Unavailable,
kpi_006,3.0,Calculated,Green,
kpi_006,4.0,Calculated,Green,
kpi_006,3.0,Calculated,Green,
kpi_006,,Insufficient Data,Unavailable,
kpi_006,3.0,Calculated,Green,
kpi_006,3.5,Calculated,Green,
kpi_006,3.0,Calculated,Green,
kpi_006,3.0,Calculated,Green,
kpi_006,4.0,Calculated,Green,
kpi_006,3.0,Calculated,Green,
kpi_006,,Zero Denominator,Unavailable,
kpi_006,2.0,Calculated,Red,
kpi_006,4.5,Calculated,Green,
kpi_006,,Zero Denominator,Unavailable,
kpi_006,4.0,Calculated,Green,
kpi_006,3.333333333333333,Calculated,Green,
kpi_006,3.0,Calculated,Green,
kpi_006,,Insufficient Data,Unavailable,
kpi_006,3.0,Calculated,Green,
kpi_006,,Zero Denominator,Unavailable,
kpi_006,3.6666666666666665,Calculated,Green,
kpi_006,3.5,Calculated,Green,
kpi_006,4.0,Calculated,Green,
kpi_006,3.0,Calculated,Green,
kpi_006,3.5,Calculated,Green,
kpi_006,,Insufficient Data,Unavailable,
kpi_006,4.0,Calculated,Green,
kpi_006,3.0,Calculated,Green,
kpi_006,3.6666666666666665,Calculated,Green,
kpi_006,,Insufficient Data,Unavailable,
kpi_006,3.25,Calculated,Green,
kpi_006,4.0,Calculated,Green,
kpi_006,2.5,Calculated,Amber,
kpi_006,3.0,Calculated,Green,
kpi_006,,Insufficient Data,Unavailable,
kpi_006,4.0,Calculated,Green,
kpi_006,3.0,Calculated,Green,
kpi_006,3.0,Calculated,Green,
kpi_006,4.0,Calculated,Green,
kpi_006,2.0,Calculated,Red,
kpi_006,3.5,Calculated,Green,
kpi_006,4.0,Calculated,Green,
kpi_006,3.5,Calculated,Green,
kpi_006,3.0,Calculated,Green,
kpi_006,4.0,Calculated,Green,
kpi_006,4.0,Calculated,Green,
kpi_006,,Insufficient Data,Unavailable,
kpi_006,,Zero Denominator,Unavailable,
kpi_006,3.25,Calculated,Green,
kpi_006,,Zero Denominator,Unavailable,
kpi_006,2.0,Calculated,Red,
kpi_006,1.0,Calculated,Red,
kpi_006,,Insufficient Data,Unavailable,
kpi_006,,Insufficient Data,Unavailable,
kpi_006,4.0,Calculated,Green,
kpi_006,4.0,Calculated,Green,
kpi_006,3.0,Calculated,Green,
kpi_006,3.0,Calculated,Green,
kpi_006,,Insufficient Data,Unavailable,
kpi_006,3.0,Calculated,Green,
kpi_006,3.0,Calculated,Green,
kpi_006,3.0,Calculated,Green,
kpi_006,3.0,Calculated,Green,
kpi_006,2.5,Calculated,Amber,
kpi_006,,Zero Denominator,Unavailable,
kpi_006,4.0,Calculated,Green,
kpi_006,3.5,Calculated,Green,
kpi_006,4.0,Calculated,Green,
kpi_006,3.0,Calculated,Green,
kpi_006,3.5,Calculated,Green,
kpi_006,3.0,Calculated,Green,
kpi_006,4.0,Calculated,Green,
kpi_006,3.6,Calculated,Green,
kpi_006,3.0,Calculated,Green,
kpi_006,2.6666666666666665,Calculated,Amber,
kpi_006,,Insufficient Data,Unavailable,
kpi_006,3.5,Calculated,Green,
kpi_006,3.0,Calculated,Green,
kpi_006,3.5,Calculated,Green,
kpi_006,2.5,Calculated,Amber,
kpi_006,2.5,Calculated,Amber,
kpi_006,3.6666666666666665,Calculated,Green,
kpi_006,5.0,Calculated,Green,
kpi_006,3.0,Calculated,Green,
kpi_006,3.333333333333333,Calculated,Green,
kpi_006,,Zero Denominator,Unavailable,
kpi_006,3.333333333333333,Calculated,Green,
kpi_006,3.0,Calculated,Green,
kpi_006,,Zero Denominator,Unavailable,
kpi_006,2.5,Calculated,Amber,
kpi_006,,Zero Denominator,Unavailable,
kpi_006,3.5,Calculated,Green,
kpi_006,,Insufficient Data,Unavailable,
kpi_006,3.0,Calculated,Green,
kpi_006,2.0,Calculated,Red,
kpi_006,3.0,Calculated,Green,
kpi_006,3.5,Calculated,Green,
kpi_006,,Insufficient Data,Unavailable,
kpi_006,2.5,Calculated,Amber,
kpi_006,,Zero Denominator,Unavailable,
kpi_006,3.0,Calculated,Green,
kpi_006,3.0,Calculated,Green,
kpi_006,,Insufficient Data,Unavailable,
kpi_006,3.0,Calculated,Green,
kpi_006,3.0,Calculated,Green,
kpi_006,3.0,Calculated,Green,
kpi_006,,Insufficient Data,Unavailable,
kpi_006,3.0,Calculated,Green,
kpi_006,3.0,Calculated,Green,
kpi_006,3.0,Calculated,Green,
kpi_006,3.6,Calculated,Green,
kpi_006,2.0,Calculated,Red,
kpi_006,,Zero Denominator,Unavailable,
kpi_006,3.0,Calculated,Green,
kpi_006,3.0,Calculated,Green,
kpi_006,2.0,Calculated,Red,
kpi_006,4.0,Calculated,Green,
kpi_006,3.0,Calculated,Green,
kpi_006,3.333333333333333,Calculated,Green,
kpi_006,3.5,Calculated,Green,
kpi_006,,Zero Denominator,Unavailable,
kpi_006,2.5,Calculated,Amber,
kpi_006,3.0,Calculated,Green,
kpi_006,3.0,Calculated,Green,
kpi_006,4.0,Calculated,Green,
kpi_006,2.0,Calculated,Red,
kpi_006,,Insufficient Data,Unavailable,
kpi_006,3.0,Calculated,Green,
kpi_006,3.75,Calculated,Green,
kpi_006,3.333333333333333,Calculated,Green,
kpi_006,3.8,Calculated,Green,
kpi_006,3.0,Calculated,Green,
kpi_006,4.0,Calculated,Green,
kpi_006,4.0,Calculated,Green,
kpi_006,,Zero Denominator,Unavailable,
kpi_006,3.0,Calculated,Green,
kpi_006,3.0,Calculated,Green,
kpi_006,3.0,Calculated,Green,
kpi_006,3.0,Calculated,Green,
kpi_006,3.5,Calculated,Green,
kpi_006,,Zero Denominator,Unavailable,
kpi_006,3.6666666666666665,Calculated,Green,
kpi_006,4.0,Calculated,Green,
kpi_006,3.0,Calculated,Green,
kpi_006,3.0,Calculated,Green,
kpi_006,4.0,Calculated,Green,
kpi_006,5.0,Calculated,Green,
kpi_006,4.0,Calculated,Green,
kpi_006,3.0,Calculated,Green,
kpi_006,2.0,Calculated,Red,
kpi_006,3.5,Calculated,Green,
kpi_006,3.6666666666666665,Calculated,Green,
kpi_006,3.0,Calculated,Green,
kpi_006,4.0,Calculated,Green,
kpi_006,3.25,Calculated,Green,
kpi_006,4.0,Calculated,Green,
kpi_006,4.5,Calculated,Green,
kpi_006,4.0,Calculated,Green,
kpi_006,4.0,Calculated,Green,
kpi_006,2.0,Calculated,Red,
kpi_006,3.6666666666666665,Calculated,Green,
kpi_006,3.0,Calculated,Green,
kpi_006,3.0,Calculated,Green,
kpi_006,3.333333333333333,Calculated,Green,
kpi_006,3.75,Calculated,Green,
kpi_006,,Insufficient Data,Unavailable,
kpi_006,3.0,Calculated,Green,
kpi_006,,Zero Denominator,Unavailable,
kpi_006,3.75,Calculated,Green,
kpi_006,4.0,Calculated,Green,
kpi_006,3.5,Calculated,Green,
kpi_006,3.5,Calculated,Green,
kpi_006,2.6666666666666665,Calculated,Amber,
kpi_006,3.5,Calculated,Green,
kpi_006,4.0,Calculated,Green,
kpi_006,,Insufficient Data,Unavailable,
kpi_006,5.0,Calculated,Green,
kpi_006,,Zero Denominator,Unavailable,
kpi_006,4.0,Calculated,Green,
kpi_006,,Insufficient Data,Unavailable,
kpi_006,4.0,Calculated,Green,
kpi_006,3.5,Calculated,Green,
kpi_006,4.0,Calculated,Green,
kpi_006,3.0,Calculated,Green,
kpi_006,,Insufficient Data,Unavailable,
kpi_006,4.0,Calculated,Green,
kpi_006,4.0,Calculated,Green,
kpi_006,3.0,Calculated,Green,
kpi_006,3.5,Calculated,Green,
kpi_006,4.0,Calculated,Green,
kpi_006,,Insufficient Data,Unavailable,
kpi_006,,Insufficient Data,Unavailable,
kpi_006,,Insufficient Data,Unavailable,
kpi_006,3.0,Calculated,Green,
kpi_006,3.5,Calculated,Green,
kpi_006,4.0,Calculated,Green,
kpi_006,3.6666666666666665,Calculated,Green,
kpi_006,4.5,Calculated,Green,
kpi_006,3.5,Calculated,Green,
kpi_006,3.5,Calculated,Green,
kpi_006,3.0,Calculated,Green,
kpi_006,,Insufficient Data,Unavailable,
kpi_006,3.0,Calculated,Green,
kpi_006,3.333333333333333,Calculated,Green,
kpi_006,4.0,Calculated,Green,
kpi_006,3.5,Calculated,Green,
kpi_006,3.0,Calculated,Green,
kpi_006,3.5,Calculated,Green,
kpi_006,3.6666666666666665,Calculated,Green,
kpi_006,3.5,Calculated,Green,
kpi_006,4.0,Calculated,Green,
kpi_006,3.0,Calculated,Green,
kpi_006,4.0,Calculated,Green,
kpi_006,3.0,Calculated,Green,
kpi_006,4.0,Calculated,Green,
kpi_006,4.0,Calculated,Green,
kpi_006,3.0,Calculated,Green,
kpi_006,3.0,Calculated,Green,
kpi_006,3.5,Calculated,Green,
kpi_006,3.0,Calculated,Green,
kpi_006,,Insufficient Data,Unavailable,
kpi_006,2.5,Calculated,Amber,
kpi_006,3.0,Calculated,Green,
kpi_006,3.333333333333333,Calculated,Green,
kpi_006,3.0,Calculated,Green,
kpi_006,,Insufficient Data,Unavailable,
kpi_006,3.0,Calculated,Green,
kpi_006,3.0,Calculated,Green,
kpi_006,3.25,Calculated,Green,
kpi_006,4.0,Calculated,Green,
kpi_006,3.0,Calculated,Green,
kpi_006,3.0,Calculated,Green,
kpi_006,3.25,Calculated,Green,
kpi_006,,Zero Denominator,Unavailable,
kpi_006,3.0,Calculated,Green,
kpi_006,2.0,Calculated,Red,
kpi_006,,Zero Denominator,Unavailable,
kpi_006,4.0,Calculated,Green,
kpi_006,,Insufficient Data,Unavailable,
kpi_006,4.0,Calculated,Green,
kpi_006,3.0,Calculated,Green,
kpi_006,,Zero Denominator,Unavailable,
kpi_006,4.0,Calculated,Green,
kpi_006,,Insufficient Data,Unavailable,
kpi_006,3.333333333333333,Calculated,Green,
kpi_006,2.0,Calculated,Red,
kpi_006,2.0,Calculated,Red,
kpi_006,4.0,Calculated,Green,
kpi_006,3.0,Calculated,Green,
kpi_006,,Zero Denominator,Unavailable,
kpi_006,3.2,Calculated,Green,
kpi_006,3.0,Calculated,Green,
kpi_006,3.0,Calculated,Green,
kpi_006,2.0,Calculated,Red,
kpi_006,3.6666666666666665,Calculated,Green,
kpi_006,3.0,Calculated,Green,
kpi_006,3.75,Calculated,Green,
kpi_006,1.0,Calculated,Red,
kpi_006,4.0,Calculated,Green,
kpi_006,,Insufficient Data,Unavailable,
kpi_006,3.0,Calculated,Green,
kpi_006,3.0,Calculated,Green,
kpi_006,4.0,Calculated,Green,
kpi_006,3.5,Calculated,Green,
kpi_006,4.0,Calculated,Green,
kpi_006,,Insufficient Data,Unavailable,
kpi_006,3.0,Calculated,Green,
kpi_006,3.333333333333333,Calculated,Green,
kpi_006,3.333333333333333,Calculated,Green,
kpi_006,2.5,Calculated,Amber,
kpi_006,3.0,Calculated,Green,
kpi_006,2.5,Calculated,Amber,
kpi_006,3.5,Calculated,Green,
kpi_006,2.5,Calculated,Amber,
kpi_006,3.0,Calculated,Green,
kpi_006,,Insufficient Data,Unavailable,
kpi_006,2.0,Calculated,Red,
kpi_006,3.0,Calculated,Green,
kpi_006,4.0,Calculated,Green,
kpi_006,,Zero Denominator,Unavailable,
kpi_006,2.5,Calculated,Amber,
kpi_006,4.0,Calculated,Green,
kpi_006,2.0,Calculated,Red,
kpi_006,,Zero Denominator,Unavailable,
kpi_006,,Insufficient Data,Unavailable,
kpi_006,2.0,Calculated,Red,
kpi_006,2.0,Calculated,Red,
kpi_006,2.0,Calculated,Red,
kpi_006,2.6666666666666665,Calculated,Amber,
kpi_006,3.0,Calculated,Green,
kpi_006,3.0,Calculated,Green,
kpi_006,2.333333333333333,Calculated,Red,
kpi_006,3.5,Calculated,Green,
kpi_006,4.0,Calculated,Green,
kpi_006,,Zero Denominator,Unavailable,
kpi_006,3.333333333333333,Calculated,Green,
kpi_006,3.6666666666666665,Calculated,Green,
kpi_006,3.0,Calculated,Green,
kpi_006,,Insufficient Data,Unavailable,
kpi_006,3.333333333333333,Calculated,Green,
kpi_006,3.0,Calculated,Green,
kpi_006,,Zero Denominator,Unavailable,
kpi_006,4.0,Calculated,Green,
kpi_006,2.0,Calculated,Red,
kpi_006,2.6666666666666665,Calculated,Amber,
kpi_006,2.5,Calculated,Amber,
kpi_006,4.0,Calculated,Green,
kpi_006,3.5,Calculated,Green,
kpi_006,3.6666666666666665,Calculated,Green,
kpi_006,3.0,Calculated,Green,
kpi_006,2.6666666666666665,Calculated,Amber,
kpi_006,2.0,Calculated,Red,
kpi_006,3.333333333333333,Calculated,Green,
kpi_006,3.0,Calculated,Green,
kpi_006,3.6,Calculated,Green,
kpi_006,3.25,Calculated,Green,
kpi_006,3.5,Calculated,Green,
kpi_006,4.0,Calculated,Green,
kpi_006,3.0,Calculated,Green,
kpi_006,2.6666666666666665,Calculated,Amber,
kpi_006,3.0,Calculated,Green,
kpi_006,,Insufficient Data,Unavailable,
kpi_006,4.0,Calculated,Green,
kpi_006,4.0,Calculated,Green,
kpi_006,3.0,Calculated,Green,
kpi_006,3.5,Calculated,Green,
kpi_006,2.0,Calculated,Red,
kpi_006,4.0,Calculated,Green,
kpi_006,3.0,Calculated,Green,
kpi_006,,Insufficient Data,Unavailable,
kpi_006,2.0,Calculated,Red,
kpi_006,2.0,Calculated,Red,
kpi_006,,Zero Denominator,Unavailable,
kpi_006,3.5,Calculated,Green,
kpi_006,2.0,Calculated,Red,
kpi_006,2.6666666666666665,Calculated,Amber,
kpi_006,3.5,Calculated,Green,
kpi_006,3.0,Calculated,Green,
kpi_006,,Zero Denominator,Unavailable,
kpi_006,,Zero Denominator,Unavailable,
kpi_006,3.333333333333333,Calculated,Green,
kpi_006,3.0,Calculated,Green,
kpi_006,3.0,Calculated,Green,
kpi_006,3.5,Calculated,Green,
kpi_006,2.0,Calculated,Red,
kpi_006,3.5,Calculated,Green,
kpi_006,3.0,Calculated,Green,
kpi_006,2.5,Calculated,Amber,
kpi_006,3.75,Calculated,Green,
kpi_006,3.0,Calculated,Green,
kpi_006,4.0,Calculated,Green,
kpi_006,3.0,Calculated,Green,
kpi_006,3.25,Calculated,Green,
kpi_006,3.6666666666666665,Calculated,Green,
kpi_006,,Insufficient Data,Unavailable,
kpi_006,3.5,Calculated,Green,
kpi_006,3.5,Calculated,Green,
kpi_006,3.5,Calculated,Green,
kpi_006,3.0,Calculated,Green,
kpi_006,,Insufficient Data,Unavailable,
kpi_006,2.0,Calculated,Red,
kpi_006,3.75,Calculated,Green,
kpi_006,3.75,Calculated,Green,
kpi_006,4.0,Calculated,Green,
kpi_006,4.0,Calculated,Green,
kpi_006,,Zero Denominator,Unavailable,
kpi_006,4.0,Calculated,Green,
kpi_006,3.0,Calculated,Green,
kpi_006,3.0,Calculated,Green,
kpi_006,3.5,Calculated,Green,
kpi_006,3.0,Calculated,Green,
kpi_006,3.0,Calculated,Green,
kpi_006,3.0,Calculated,Green,
kpi_006,3.5,Calculated,Green,
kpi_006,3.333333333333333,Calculated,Green,
kpi_006,,Insufficient Data,Unavailable,
kpi_006,3.0,Calculated,Green,
kpi_006,3.6666666666666665,Calculated,Green,
kpi_006,,Zero Denominator,Unavailable,
kpi_006,3.5,Calculated,Green,
kpi_006,,Zero Denominator,Unavailable,
kpi_006,,Insufficient Data,Unavailable,
kpi_006,,Zero Denominator,Unavailable,
kpi_006,3.333333333333333,Calculated,Green,
kpi_006,3.0,Calculated,Green,
kpi_006,3.0,Calculated,Green,
kpi_006,3.0,Calculated,Green,
kpi_006,4.0,Calculated,Green,
kpi_006,3.0,Calculated,Green,
kpi_006,4.0,Calculated,Green,
kpi_006,4.0,Calculated,Green,
kpi_006,3.5,Calculated,Green,
kpi_006,3.0,Calculated,Green,
kpi_006,3.0,Calculated,Green,
kpi_006,4.5,Calculated,Green,
kpi_006,,Insufficient Data,Unavailable,
kpi_006,3.0,Calculated,Green,
kpi_006,3.0,Calculated,Green,
kpi_006,3.0,Calculated,Green,
kpi_006,,Insufficient Data,Unavailable,
kpi_006,2.5,Calculated,Amber,
kpi_006,,Zero Denominator,Unavailable,
kpi_006,4.0,Calculated,Green,
kpi_006,4.0,Calculated,Green,
kpi_006,3.0,Calculated,Green,
kpi_006,3.25,Calculated,Green,
kpi_006,,Zero Denominator,Unavailable,
kpi_006,3.0,Calculated,Green,
kpi_006,3.5,Calculated,Green,
kpi_006,,Zero Denominator,Unavailable,
kpi_006,3.0,Calculated,Green,
kpi_006,3.333333333333333,Calculated,Green,
kpi_006,4.0,Calculated,Green,
kpi_006,3.0,Calculated,Green,
kpi_006,2.0,Calculated,Red,
kpi_006,4.5,Calculated,Green,
kpi_006,,Zero Denominator,Unavailable,
kpi_006,4.0,Calculated,Green,
kpi_006,3.0,Calculated,Green,
kpi_006,4.0,Calculated,Green,
kpi_006,4.0,Calculated,Green,
kpi_006,5.0,Calculated,Green,
kpi_006,5.0,Calculated,Green,
kpi_006,2.0,Calculated,Red,
kpi_006,,Insufficient Data,Unavailable,
kpi_006,2.0,Calculated,Red,
kpi_006,3.333333333333333,Calculated,Green,
kpi_006,3.25,Calculated,Green,
kpi_006,2.0,Calculated,Red,
kpi_006,3.0,Calculated,Green,
kpi_006,3.5,Calculated,Green,
kpi_006,,Insufficient Data,Unavailable,
kpi_006,,Insufficient Data,Unavailable,
kpi_006,3.0,Calculated,Green,
kpi_006,3.75,Calculated,Green,
kpi_006,4.0,Calculated,Green,
kpi_006,2.0,Calculated,Red,
kpi_006,4.0,Calculated,Green,
kpi_006,3.0,Calculated,Green,
kpi_006,,Insufficient Data,Unavailable,
kpi_006,4.0,Calculated,Green,
kpi_006,4.0,Calculated,Green,
kpi_006,2.5,Calculated,Amber,
kpi_006,,Zero Denominator,Unavailable,
kpi_006,3.0,Calculated,Green,
kpi_006,,Zero Denominator,Unavailable,
kpi_006,,Zero Denominator,Unavailable,
kpi_006,3.0,Calculated,Green,
kpi_006,3.0,Calculated,Green,
kpi_006,3.0,Calculated,Green,
kpi_006,,Insufficient Data,Unavailable,
kpi_006,2.0,Calculated,Red,
kpi_006,5.0,Calculated,Green,
kpi_006,4.0,Calculated,Green,
kpi_006,3.6666666666666665,Calculated,Green,
kpi_006,3.0,Calculated,Green,
kpi_006,3.0,Calculated,Green,
kpi_006,3.5,Calculated,Green,
kpi_006,3.0,Calculated,Green,
kpi_006,3.0,Calculated,Green,
kpi_006,3.6666666666666665,Calculated,Green,
kpi_006,4.0,Calculated,Green,
kpi_006,,Zero Denominator,Unavailable,
kpi_006,,Insufficient Data,Unavailable,
kpi_006,2.5,Calculated,Amber,
kpi_006,3.0,Calculated,Green,
kpi_006,3.0,Calculated,Green,
kpi_006,2.5,Calculated,Amber,
kpi_006,2.0,Calculated,Red,
kpi_006,4.0,Calculated,Green,
kpi_006,2.0,Calculated,Red,
kpi_006,4.0,Calculated,Green,
kpi_006,3.0,Calculated,Green,
kpi_006,,Zero Denominator,Unavailable,
kpi_006,3.5,Calculated,Green,
kpi_006,4.0,Calculated,Green,
kpi_006,3.5,Calculated,Green,
kpi_006,,Zero Denominator,Unavailable,
kpi_006,3.0,Calculated,Green,
kpi_006,2.0,Calculated,Red,
kpi_006,3.0,Calculated,Green,
kpi_006,3.0,Calculated,Green,
kpi_006,3.0,Calculated,Green,
kpi_006,2.5,Calculated,Amber,
kpi_006,3.5,Calculated,Green,
kpi_006,3.5,Calculated,Green,
kpi_006,,Zero Denominator,Unavailable,
kpi_006,3.0,Calculated,Green,
kpi_006,3.5,Calculated,Green,
kpi_006,3.2857142857142856,Calculated,Green,
kpi_006,,Insufficient Data,Unavailable,
kpi_006,3.25,Calculated,Green,
kpi_006,3.0,Calculated,Green,
kpi_006,3.0,Calculated,Green,
kpi_006,3.333333333333333,Calculated,Green,
kpi_006,4.0,Calculated,Green,
kpi_006,3.5,Calculated,Green,
kpi_006,3.333333333333333,Calculated,Green,
kpi_006,3.6666666666666665,Calculated,Green,
kpi_006,,Zero Denominator,Unavailable,
kpi_006,,Insufficient Data,Unavailable,
kpi_006,3.5,Calculated,Green,
kpi_006,3.5,Calculated,Green,
kpi_006,,Insufficient Data,Unavailable,
kpi_006,3.0,Calculated,Green,
kpi_006,4.0,Calculated,Green,
kpi_006,3.5,Calculated,Green,
kpi_006,4.0,Calculated,Green,
kpi_006,3.5,Calculated,Green,
kpi_006,3.0,Calculated,Green,
kpi_006,4.0,Calculated,Green,
kpi_006,3.0,Calculated,Green,
kpi_006,4.0,Calculated,Green,
kpi_006,4.0,Calculated,Green,
kpi_006,3.0,Calculated,Green,
kpi_006,4.0,Calculated,Green,
kpi_006,2.0,Calculated,Red,
kpi_006,,Insufficient Data,Unavailable,
kpi_006,3.5,Calculated,Green,
kpi_006,4.0,Calculated,Green,
kpi_006,3.0,Calculated,Green,
kpi_006,,Zero Denominator,Unavailable,
kpi_006,3.0,Calculated,Green,
kpi_006,4.0,Calculated,Green,
kpi_006,4.0,Calculated,Green,
kpi_006,3.5,Calculated,Green,
kpi_006,3.0,Calculated,Green,
kpi_006,4.0,Calculated,Green,
kpi_006,2.5,Calculated,Amber,
kpi_006,3.6666666666666665,Calculated,Green,
kpi_006,4.0,Calculated,Green,
kpi_006,,Insufficient Data,Unavailable,
kpi_006,4.0,Calculated,Green,
kpi_006,3.0,Calculated,Green,
kpi_006,4.0,Calculated,Green,
kpi_006,4.0,Calculated,Green,
kpi_006,,Insufficient Data,Unavailable,
kpi_006,3.5,Calculated,Green,
kpi_006,3.6666666666666665,Calculated,Green,
kpi_006,3.0,Calculated,Green,
kpi_006,3.6666666666666665,Calculated,Green,
kpi_006,2.0,Calculated,Red,
kpi_006,4.0,Calculated,Green,
kpi_006,4.0,Calculated,Green,
kpi_006,4.0,Calculated,Green,
kpi_006,3.0,Calculated,Green,
kpi_006,3.5,Calculated,Green,
kpi_006,4.0,Calculated,Green,
kpi_006,4.0,Calculated,Green,
kpi_006,3.5,Calculated,Green,
kpi_006,3.333333333333333,Calculated,Green,
kpi_006,4.0,Calculated,Green,
kpi_006,,Zero Denominator,Unavailable,
kpi_006,3.5,Calculated,Green,
kpi_006,4.0,Calculated,Green,
kpi_006,2.0,Calculated,Red,
kpi_006,3.0,Calculated,Green,
kpi_006,4.0,Calculated,Green,
kpi_006,3.5,Calculated,Green,
kpi_006,3.0,Calculated,Green,
kpi_006,2.5,Calculated,Amber,
kpi_006,3.5,Calculated,Green,
kpi_006,3.0,Calculated,Green,
kpi_006,3.0,Calculated,Green,
kpi_006,3.6666666666666665,Calculated,Green,
kpi_006,,Insufficient Data,Unavailable,
kpi_006,,Zero Denominator,Unavailable,
kpi_006,3.0,Calculated,Green,
kpi_006,2.0,Calculated,Red,
kpi_006,3.333333333333333,Calculated,Green,
kpi_006,2.5,Calculated,Amber,
kpi_006,3.0,Calculated,Green,
kpi_006,,Zero Denominator,Unavailable,
kpi_006,,Insufficient Data,Unavailable,
kpi_006,4.333333333333333,Calculated,Green,
kpi_006,2.0,Calculated,Red,
kpi_006,,Insufficient Data,Unavailable,
kpi_006,,Insufficient Data,Unavailable,
kpi_006,,Zero Denominator,Unavailable,
kpi_006,5.0,Calculated,Green,
kpi_006,4.0,Calculated,Green,
kpi_006,3.0,Calculated,Green,
kpi_006,4.0,Calculated,Green,
kpi_006,4.0,Calculated,Green,
kpi_006,3.6666666666666665,Calculated,Green,
kpi_006,4.5,Calculated,Green,
kpi_006,2.0,Calculated,Red,
kpi_006,,Zero Denominator,Unavailable,
kpi_006,2.0,Calculated,Red,
kpi_006,3.0,Calculated,Green,
kpi_006,3.5,Calculated,Green,
kpi_006,2.5,Calculated,Amber,
kpi_006,3.2,Calculated,Green,
kpi_006,,Insufficient Data,Unavailable,
kpi_006,3.0,Calculated,Green,
kpi_006,,Zero Denominator,Unavailable,
kpi_006,,Insufficient Data,Unavailable,
kpi_006,3.0,Calculated,Green,
kpi_006,3.75,Calculated,Green,
kpi_006,3.333333333333333,Calculated,Green,
kpi_006,,Insufficient Data,Unavailable,
kpi_006,3.333333333333333,Calculated,Green,
kpi_006,2.0,Calculated,Red,
kpi_006,3.0,Calculated,Green,
kpi_006,,Zero Denominator,Unavailable,
kpi_006,3.333333333333333,Calculated,Green,
kpi_006,3.5,Calculated,Green,
kpi_006,2.0,Calculated,Red,
kpi_006,3.25,Calculated,Green,
kpi_006,2.5,Calculated,Amber,
kpi_006,3.0,Calculated,Green,
kpi_006,4.0,Calculated,Green,
kpi_006,2.0,Calculated,Red,
kpi_006,,Insufficient Data,Unavailable,
kpi_006,4.0,Calculated,Green,
kpi_006,2.0,Calculated,Red,
kpi_006,3.5,Calculated,Green,
kpi_006,3.333333333333333,Calculated,Green,
kpi_006,,Zero Denominator,Unavailable,
kpi_006,2.0,Calculated,Red,
kpi_006,3.0,Calculated,Green,
kpi_006,2.5,Calculated,Amber,
kpi_006,4.0,Calculated,Green,
kpi_006,3.333333333333333,Calculated,Green,
kpi_006,4.0,Calculated,Green,
kpi_006,3.0,Calculated,Green,
kpi_006,4.0,Calculated,Green,
kpi_006,3.6666666666666665,Calculated,Green,
kpi_006,3.0,Calculated,Green,
kpi_006,,Zero Denominator,Unavailable,
kpi_006,3.0,Calculated,Green,
kpi_006,,Insufficient Data,Unavailable,
kpi_006,,Zero Denominator,Unavailable,
kpi_006,4.0,Calculated,Green,
kpi_006,2.5,Calculated,Amber,
kpi_006,3.333333333333333,Calculated,Green,
kpi_006,3.5,Calculated,Green,
kpi_006,2.0,Calculated,Red,
kpi_006,2.5,Calculated,Amber,
kpi_006,3.5,Calculated,Green,
kpi_006,,Insufficient Data,Unavailable,
kpi_006,2.75,Calculated,Amber,
kpi_006,3.5,Calculated,Green,
kpi_006,,Zero Denominator,Unavailable,
kpi_006,2.0,Calculated,Red,
kpi_006,3.4,Calculated,Green,
kpi_006,,Zero Denominator,Unavailable,
kpi_006,3.0,Calculated,Green,
kpi_006,3.0,Calculated,Green,
kpi_006,3.0,Calculated,Green,
kpi_006,2.0,Calculated,Red,
kpi_006,3.0,Calculated,Green,
kpi_006,3.0,Calculated,Green,
kpi_006,3.0,Calculated,Green,
kpi_006,3.0,Calculated,Green,
kpi_006,1.0,Calculated,Red,
kpi_006,2.0,Calculated,Red,
kpi_006,3.25,Calculated,Green,
kpi_006,3.0,Calculated,Green,
kpi_006,4.0,Calculated,Green,
kpi_006,3.0,Calculated,Green,
kpi_006,2.5,Calculated,Amber,
kpi_006,3.0,Calculated,Green,
kpi_006,2.75,Calculated,Amber,
kpi_006,,Insufficient Data,Unavailable,
kpi_006,3.0,Calculated,Green,
kpi_006,3.6666666666666665,Calculated,Green,
kpi_006,3.6666666666666665,Calculated,Green,
kpi_006,,Zero Denominator,Unavailable,
kpi_006,2.5,Calculated,Amber,
kpi_006,2.5,Calculated,Amber,
kpi_006,3.0,Calculated,Green,
kpi_006,3.0,Calculated,Green,
kpi_006,3.0,Calculated,Green,
kpi_006,3.0,Calculated,Green,
kpi_006,2.5,Calculated,Amber,
kpi_006,,Zero Denominator,Unavailable,
kpi_006,,Zero Denominator,Unavailable,
kpi_006,2.0,Calculated,Red,
kpi_006,2.0,Calculated,Red,
kpi_006,2.6666666666666665,Calculated,Amber,
kpi_006,,Zero Denominator,Unavailable,
kpi_006,,Zero Denominator,Unavailable,
kpi_006,3.333333333333333,Calculated,Green,
kpi_006,3.0,Calculated,Green,
kpi_006,,Insufficient Data,Unavailable,
kpi_006,3.0,Calculated,Green,
kpi_006,,Insufficient Data,Unavailable,
kpi_006,4.0,Calculated,Green,
kpi_006,3.333333333333333,Calculated,Green,
kpi_006,3.5,Calculated,Green,
kpi_006,3.0,Calculated,Green,
kpi_006,3.0,Calculated,Green,
kpi_006,3.5,Calculated,Green,
kpi_006,,Insufficient Data,Unavailable,
kpi_006,3.0,Calculated,Green,
kpi_006,3.0,Calculated,Green,
kpi_006,3.0,Calculated,Green,
kpi_006,4.0,Calculated,Green,
kpi_006,3.0,Calculated,Green,
kpi_006,3.0,Calculated,Green,
kpi_006,3.5,Calculated,Green,
kpi_006,2.5,Calculated,Amber,
kpi_006,2.75,Calculated,Amber,
kpi_006,3.6666666666666665,Calculated,Green,
kpi_006,2.0,Calculated,Red,
kpi_006,3.0,Calculated,Green,
kpi_006,3.0,Calculated,Green,
kpi_006,,Zero Denominator,Unavailable,
kpi_006,,Zero Denominator,Unavailable,
kpi_006,4.0,Calculated,Green,
kpi_006,3.0,Calculated,Green,
kpi_006,2.0,Calculated,Red,
kpi_006,1.0,Calculated,Red,
kpi_006,3.5,Calculated,Green,
kpi_006,3.5,Calculated,Green,
kpi_006,3.0,Calculated,Green,
kpi_006,,Insufficient Data,Unavailable,
kpi_006,2.5,Calculated,Amber,
kpi_006,,Zero Denominator,Unavailable,
kpi_006,3.333333333333333,Calculated,Green,
kpi_006,3.5,Calculated,Green,
kpi_006,4.0,Calculated,Green,
kpi_006,3.0,Calculated,Green,
kpi_006,3.0,Calculated,Green,
kpi_006,3.6666666666666665,Calculated,Green,
kpi_006,3.5,Calculated,Green,
kpi_006,3.5,Calculated,Green,
kpi_006,3.5,Calculated,Green,
kpi_006,4.0,Calculated,Green,
kpi_006,2.0,Calculated,Red,
kpi_006,2.0,Calculated,Red,
kpi_006,3.0,Calculated,Green,
kpi_006,4.2,Calculated,Green,
kpi_006,2.0,Calculated,Red,
kpi_006,,Insufficient Data,Unavailable,
kpi_006,,Insufficient Data,Unavailable,
kpi_006,4.0,Calculated,Green,
kpi_006,,Insufficient Data,Unavailable,
kpi_006,3.0,Calculated,Green,
kpi_006,3.0,Calculated,Green,
kpi_006,4.0,Calculated,Green,
kpi_006,3.0,Calculated,Green,
kpi_006,3.0,Calculated,Green,
kpi_006,,Insufficient Data,Unavailable,
kpi_006,3.6,Calculated,Green,
kpi_006,,Insufficient Data,Unavailable,
kpi_006,4.0,Calculated,Green,
kpi_006,3.0,Calculated,Green,
kpi_006,3.0,Calculated,Green,
kpi_006,3.0,Calculated,Green,
kpi_006,3.5,Calculated,Green,
kpi_006,3.5,Calculated,Green,
kpi_006,3.0,Calculated,Green,
kpi_006,4.0,Calculated,Green,
kpi_006,4.0,Calculated,Green,
kpi_006,3.0,Calculated,Green,
kpi_006,4.0,Calculated,Green,
kpi_006,3.0,Calculated,Green,
kpi_006,4.0,Calculated,Green,
kpi_006,4.0,Calculated,Green,
kpi_006,3.0,Calculated,Green,
kpi_006,3.5,Calculated,Green,
kpi_006,3.5,Calculated,Green,
kpi_006,3.0,Calculated,Green,
kpi_006,2.5,Calculated,Amber,
kpi_006,3.333333333333333,Calculated,Green,
kpi_006,3.25,Calculated,Green,
kpi_006,,Zero Denominator,Unavailable,
kpi_006,,Insufficient Data,Unavailable,
kpi_006,,Zero Denominator,Unavailable,
kpi_006,2.6666666666666665,Calculated,Amber,
kpi_006,,Zero Denominator,Unavailable,
kpi_006,3.6666666666666665,Calculated,Green,
kpi_006,4.0,Calculated,Green,
kpi_006,3.5,Calculated,Green,
kpi_006,,Zero Denominator,Unavailable,
kpi_006,3.6666666666666665,Calculated,Green,
kpi_006,3.5,Calculated,Green,
kpi_006,4.0,Calculated,Green,
kpi_006,3.75,Calculated,Green,
kpi_006,3.0,Calculated,Green,
kpi_006,,Zero Denominator,Unavailable,
kpi_006,3.0,Calculated,Green,
kpi_006,3.0,Calculated,Green,
kpi_006,3.5,Calculated,Green,
kpi_006,3.5,Calculated,Green,
kpi_006,3.0,Calculated,Green,
kpi_006,3.6,Calculated,Green,
kpi_006,,Insufficient Data,Unavailable,
kpi_006,,Zero Denominator,Unavailable,
kpi_006,4.5,Calculated,Green,
kpi_006,3.0,Calculated,Green,
kpi_006,3.5,Calculated,Green,
kpi_006,4.0,Calculated,Green,
kpi_006,,Zero Denominator,Unavailable,
kpi_006,2.0,Calculated,Red,
kpi_006,4.0,Calculated,Green,
kpi_006,,Insufficient Data,Unavailable,
kpi_006,,Zero Denominator,Unavailable,
kpi_006,,Insufficient Data,Unavailable,
kpi_006,3.25,Calculated,Green,
kpi_006,3.6666666666666665,Calculated,Green,
kpi_006,2.6666666666666665,Calculated,Amber,
kpi_006,2.5,Calculated,Amber,
kpi_006,3.0,Calculated,Green,
kpi_006,,Zero Denominator,Unavailable,
kpi_006,3.0,Calculated,Green,
kpi_006,3.0,Calculated,Green,
kpi_006,3.5,Calculated,Green,
kpi_006,3.0,Calculated,Green,
kpi_006,3.0,Calculated,Green,
kpi_006,3.4,Calculated,Green,
kpi_006,3.6666666666666665,Calculated,Green,
kpi_006,4.0,Calculated,Green,
kpi_006,3.0,Calculated,Green,
kpi_006,4.0,Calculated,Green,
kpi_006,3.25,Calculated,Green,
kpi_006,,Zero Denominator,Unavailable,
kpi_006,4.0,Calculated,Green,
kpi_006,3.0,Calculated,Green,
kpi_006,,Insufficient Data,Unavailable,
kpi_006,3.0,Calculated,Green,
kpi_006,4.0,Calculated,Green,
kpi_006,3.6666666666666665,Calculated,Green,
kpi_006,3.0,Calculated,Green,
kpi_006,3.0,Calculated,Green,
kpi_006,3.75,Calculated,Green,
kpi_006,3.0,Calculated,Green,
kpi_006,3.0,Calculated,Green,
kpi_006,3.5,Calculated,Green,
kpi_006,4.5,Calculated,Green,
kpi_006,3.0,Calculated,Green,
kpi_006,3.333333333333333,Calculated,Green,
kpi_006,,Zero Denominator,Unavailable,
kpi_006,,Insufficient Data,Unavailable,
kpi_006,,Insufficient Data,Unavailable,
kpi_006,2.75,Calculated,Amber,
kpi_006,3.0,Calculated,Green,
kpi_006,,Zero Denominator,Unavailable,
kpi_006,,Insufficient Data,Unavailable,
kpi_006,4.0,Calculated,Green,
kpi_006,4.0,Calculated,Green,
kpi_006,2.6666666666666665,Calculated,Amber,
kpi_006,2.6666666666666665,Calculated,Amber,
kpi_006,3.0,Calculated,Green,
kpi_006,4.0,Calculated,Green,
kpi_006,3.5,Calculated,Green,
kpi_006,4.0,Calculated,Green,
kpi_006,3.0,Calculated,Green,
kpi_006,3.4,Calculated,Green,
kpi_006,3.0,Calculated,Green,
kpi_006,3.0,Calculated,Green,
kpi_006,3.0,Calculated,Green,
kpi_006,3.0,Calculated,Green,
kpi_006,3.6666666666666665,Calculated,Green,
kpi_006,3.333333333333333,Calculated,Green,
kpi_006,4.0,Calculated,Green,
kpi_006,2.0,Calculated,Red,
kpi_006,,Zero Denominator,Unavailable,
kpi_006,2.5,Calculated,Amber,
kpi_006,4.0,Calculated,Green,
kpi_006,3.6666666666666665,Calculated,Green,
kpi_006,3.0,Calculated,Green,
kpi_006,2.5,Calculated,Amber,
kpi_006,4.0,Calculated,Green,
kpi_006,3.0,Calculated,Green,
kpi_006,3.5,Calculated,Green,
kpi_006,4.0,Calculated,Green,
kpi_006,4.333333333333333,Calculated,Green,
kpi_006,3.0,Calculated,Green,
kpi_006,,Zero Denominator,Unavailable,
kpi_006,4.0,Calculated,Green,
kpi_006,,Zero Denominator,Unavailable,
kpi_006,4.0,Calculated,Green,
kpi_006,,Zero Denominator,Unavailable,
kpi_006,,Insufficient Data,Unavailable,
kpi_006,3.6666666666666665,Calculated,Green,
kpi_006,5.0,Calculated,Green,
kpi_006,3.0,Calculated,Green,
kpi_006,3.0,Calculated,Green,
kpi_006,3.5,Calculated,Green,
kpi_006,4.0,Calculated,Green,
kpi_006,3.5,Calculated,Green,
kpi_006,3.0,Calculated,Green,
kpi_006,3.0,Calculated,Green,
kpi_006,3.0,Calculated,Green,
kpi_006,,Zero Denominator,Unavailable,
kpi_006,4.5,Calculated,Green,
kpi_006,3.6666666666666665,Calculated,Green,
kpi_006,3.0,Calculated,Green,
kpi_006,3.0,Calculated,Green,
kpi_006,3.0,Calculated,Green,
kpi_006,3.0,Calculated,Green,
kpi_006,3.0,Calculated,Green,
kpi_006,3.0,Calculated,Green,
kpi_006,3.5,Calculated,Green,
kpi_006,3.0,Calculated,Green,
kpi_006,4.0,Calculated,Green,
kpi_006,4.0,Calculated,Green,
kpi_006,4.0,Calculated,Green,
kpi_006,4.0,Calculated,Green,
kpi_006,4.0,Calculated,Green,
kpi_006,4.0,Calculated,Green,
kpi_006,3.5,Calculated,Green,
kpi_006,3.0,Calculated,Green,
kpi_006,,Insufficient Data,Unavailable,
kpi_006,,Insufficient Data,Unavailable,
kpi_006,2.0,Calculated,Red,
kpi_006,3.0,Calculated,Green,
kpi_006,4.0,Calculated,Green,
kpi_006,3.6,Calculated,Green,
kpi_006,3.0,Calculated,Green,
kpi_006,4.0,Calculated,Green,
kpi_006,2.0,Calculated,Red,
kpi_006,,Insufficient Data,Unavailable,
kpi_006,4.333333333333333,Calculated,Green,
kpi_006,4.5,Calculated,Green,
kpi_006,3.0,Calculated,Green,
kpi_006,4.0,Calculated,Green,
kpi_006,3.6666666666666665,Calculated,Green,
kpi_006,3.0,Calculated,Green,
kpi_006,3.0,Calculated,Green,
kpi_006,4.0,Calculated,Green,
kpi_006,3.0,Calculated,Green,
kpi_006,3.25,Calculated,Green,
kpi_006,3.0,Calculated,Green,
kpi_006,3.5,Calculated,Green,
kpi_006,3.0,Calculated,Green,
kpi_006,4.0,Calculated,Green,
kpi_006,3.6666666666666665,Calculated,Green,
kpi_006,3.0,Calculated,Green,
kpi_006,4.0,Calculated,Green,
kpi_006,3.0,Calculated,Green,
kpi_006,4.0,Calculated,Green,
kpi_006,4.0,Calculated,Green,
kpi_006,3.5,Calculated,Green,
kpi_006,3.0,Calculated,Green,
kpi_006,3.0,Calculated,Green,
kpi_006,,Insufficient Data,Unavailable,
kpi_006,2.5,Calculated,Amber,
kpi_006,3.0,Calculated,Green,
kpi_006,3.0,Calculated,Green,
kpi_006,3.6666666666666665,Calculated,Green,
kpi_006,,Insufficient Data,Unavailable,
kpi_006,,Insufficient Data,Unavailable,
kpi_006,3.5,Calculated,Green,
kpi_006,3.0,Calculated,Green,
kpi_006,3.6666666666666665,Calculated,Green,
kpi_006,3.0,Calculated,Green,
kpi_006,3.75,Calculated,Green,
kpi_006,3.5,Calculated,Green,
kpi_006,3.5,Calculated,Green,
kpi_006,3.5,Calculated,Green,
kpi_006,3.0,Calculated,Green,
kpi_006,3.333333333333333,Calculated,Green,
kpi_006,4.0,Calculated,Green,
kpi_006,3.0,Calculated,Green,
kpi_006,4.0,Calculated,Green,
kpi_006,,Insufficient Data,Unavailable,
kpi_006,4.0,Calculated,Green,
kpi_006,,Insufficient Data,Unavailable,
kpi_006,2.0,Calculated,Red,
kpi_006,3.5,Calculated,Green,
kpi_006,2.0,Calculated,Red,
kpi_006,3.333333333333333,Calculated,Green,
kpi_006,3.0,Calculated,Green,
kpi_006,,Insufficient Data,Unavailable,
kpi_006,3.5,Calculated,Green,
kpi_006,,Zero Denominator,Unavailable,
kpi_006,,Insufficient Data,Unavailable,
kpi_006,3.6666666666666665,Calculated,Green,
kpi_006,3.333333333333333,Calculated,Green,
kpi_006,4.0,Calculated,Green,
kpi_006,4.0,Calculated,Green,
kpi_006,3.0,Calculated,Green,
kpi_006,3.5,Calculated,Green,
kpi_006,,Zero Denominator,Unavailable,
kpi_006,2.333333333333333,Calculated,Red,
kpi_006,3.5,Calculated,Green,
kpi_006,1.0,Calculated,Red,
kpi_006,,Zero Denominator,Unavailable,
kpi_006,,Zero Denominator,Unavailable,
kpi_006,3.5,Calculated,Green,
kpi_006,4.0,Calculated,Green,
kpi_006,3.0,Calculated,Green,
kpi_006,3.5,Calculated,Green,
kpi_006,3.0,Calculated,Green,
kpi_006,,Zero Denominator,Unavailable,
kpi_006,,Zero Denominator,Unavailable,
kpi_006,,Zero Denominator,Unavailable,
kpi_006,,Zero Denominator,Unavailable,
kpi_006,4.0,Calculated,Green,
kpi_006,3.5,Calculated,Green,
kpi_006,3.0,Calculated,Green,
kpi_006,,Zero Denominator,Unavailable,
kpi_006,3.333333333333333,Calculated,Green,
kpi_006,3.75,Calculated,Green,
kpi_006,4.0,Calculated,Green,
kpi_006,,Zero Denominator,Unavailable,
kpi_006,4.0,Calculated,Green,
kpi_006,3.0,Calculated,Green,
kpi_006,4.0,Calculated,Green,
kpi_006,3.25,Calculated,Green,
kpi_006,3.5,Calculated,Green,
kpi_006,4.0,Calculated,Green,
kpi_006,3.0,Calculated,Green,
kpi_006,,Insufficient Data,Unavailable,
kpi_006,,Zero Denominator,Unavailable,
kpi_006,3.0,Calculated,Green,
kpi_006,4.0,Calculated,Green,
kpi_006,3.333333333333333,Calculated,Green,
kpi_006,,Zero Denominator,Unavailable,
kpi_006,2.0,Calculated,Red,
kpi_006,3.333333333333333,Calculated,Green,
kpi_006,3.333333333333333,Calculated,Green,
kpi_006,2.0,Calculated,Red,
kpi_006,3.0,Calculated,Green,
kpi_006,3.0,Calculated,Green,
kpi_006,3.0,Calculated,Green,
kpi_006,2.5,Calculated,Amber,
kpi_006,2.6666666666666665,Calculated,Amber,
kpi_006,2.5,Calculated,Amber,
kpi_006,3.5,Calculated,Green,
kpi_006,3.0,Calculated,Green,
kpi_006,3.0,Calculated,Green,
kpi_006,3.0,Calculated,Green,
kpi_006,2.0,Calculated,Red,
kpi_006,,Insufficient Data,Unavailable,
kpi_006,3.0,Calculated,Green,
kpi_006,3.0,Calculated,Green,
kpi_006,3.5,Calculated,Green,
kpi_006,,Zero Denominator,Unavailable,
kpi_006,3.333333333333333,Calculated,Green,
kpi_006,,Zero Denominator,Unavailable,
kpi_006,,Zero Denominator,Unavailable,
kpi_006,3.0,Calculated,Green,
kpi_006,3.0,Calculated,Green,
kpi_006,,Insufficient Data,Unavailable,
kpi_006,3.0,Calculated,Green,
kpi_006,2.0,Calculated,Red,
kpi_006,3.0,Calculated,Green,
kpi_006,2.6666666666666665,Calculated,Amber,
kpi_006,3.5,Calculated,Green,
kpi_006,3.0,Calculated,Green,
kpi_006,,Zero Denominator,Unavailable,
kpi_006,2.0,Calculated,Red,
kpi_006,2.6666666666666665,Calculated,Amber,
kpi_006,2.0,Calculated,Red,
kpi_006,3.5,Calculated,Green,
kpi_006,3.6666666666666665,Calculated,Green,
kpi_006,4.0,Calculated,Green,
kpi_006,3.5,Calculated,Green,
kpi_006,4.0,Calculated,Green,
kpi_006,2.5,Calculated,Amber,
kpi_006,3.0,Calculated,Green,
kpi_006,3.5,Calculated,Green,
kpi_006,2.0,Calculated,Red,
kpi_006,2.333333333333333,Calculated,Red,
kpi_006,,Zero Denominator,Unavailable,
kpi_006,2.6666666666666665,Calculated,Amber,
kpi_006,3.6666666666666665,Calculated,Green,
kpi_006,3.5,Calculated,Green,
kpi_006,3.0,Calculated,Green,
kpi_006,3.0,Calculated,Green,
kpi_006,3.0,Calculated,Green,
kpi_006,,Insufficient Data,Unavailable,
kpi_006,4.5,Calculated,Green,
kpi_006,2.0,Calculated,Red,
kpi_006,2.5,Calculated,Amber,
kpi_006,4.0,Calculated,Green,
kpi_006,3.0,Calculated,Green,
kpi_006,2.0,Calculated,Red,
kpi_006,3.5,Calculated,Green,
kpi_006,3.6666666666666665,Calculated,Green,
kpi_006,2.0,Calculated,Red,
kpi_006,,Zero Denominator,Unavailable,
kpi_006,3.5,Calculated,Green,
kpi_006,3.0,Calculated,Green,
kpi_006,3.0,Calculated,Green,
kpi_006,,Zero Denominator,Unavailable,
kpi_006,3.333333333333333,Calculated,Green,
kpi_006,3.0,Calculated,Green,
kpi_006,3.0,Calculated,Green,
kpi_006,4.0,Calculated,Green,
kpi_006,3.5,Calculated,Green,
kpi_006,1.0,Calculated,Red,
kpi_006,2.5,Calculated,Amber,
kpi_006,3.5,Calculated,Green,
kpi_006,3.6666666666666665,Calculated,Green,
kpi_006,,Insufficient Data,Unavailable,
kpi_006,3.0,Calculated,Green,
kpi_006,3.6666666666666665,Calculated,Green,
kpi_006,,Insufficient Data,Unavailable,
kpi_006,4.0,Calculated,Green,
kpi_006,,Insufficient Data,Unavailable,
kpi_006,,Zero Denominator,Unavailable,
kpi_006,3.0,Calculated,Green,
kpi_006,3.0,Calculated,Green,
kpi_006,3.0,Calculated,Green,
kpi_006,3.0,Calculated,Green,
kpi_006,3.0,Calculated,Green,
kpi_006,,Insufficient Data,Unavailable,
kpi_006,4.0,Calculated,Green,
kpi_006,4.0,Calculated,Green,
kpi_006,3.0,Calculated,Green,
kpi_006,4.0,Calculated,Green,
kpi_006,,Insufficient Data,Unavailable,
kpi_006,4.0,Calculated,Green,
kpi_006,2.0,Calculated,Red,
kpi_006,3.0,Calculated,Green,
kpi_006,3.0,Calculated,Green,
kpi_006,4.0,Calculated,Green,
kpi_006,4.0,Calculated,Green,
kpi_006,3.5,Calculated,Green,
kpi_006,4.0,Calculated,Green,
kpi_006,,Insufficient Data,Unavailable,
kpi_006,2.0,Calculated,Red,
kpi_006,3.6666666666666665,Calculated,Green,
kpi_006,3.5,Calculated,Green,
kpi_006,3.6,Calculated,Green,
kpi_006,4.0,Calculated,Green,
kpi_006,,Insufficient Data,Unavailable,
kpi_006,3.0,Calculated,Green,
kpi_006,3.0,Calculated,Green,
kpi_006,,Zero Denominator,Unavailable,
kpi_006,4.0,Calculated,Green,
kpi_006,,Insufficient Data,Unavailable,
kpi_006,3.6666666666666665,Calculated,Green,
kpi_006,3.0,Calculated,Green,
kpi_006,2.0,Calculated,Red,
kpi_006,3.0,Calculated,Green,
kpi_006,,Insufficient Data,Unavailable,
kpi_006,3.75,Calculated,Green,
kpi_006,4.0,Calculated,Green,
kpi_006,,Insufficient Data,Unavailable,
kpi_006,3.0,Calculated,Green,
kpi_006,,Insufficient Data,Unavailable,
kpi_006,2.0,Calculated,Red,
kpi_006,3.0,Calculated,Green,
kpi_006,2.0,Calculated,Red,
kpi_006,,Insufficient Data,Unavailable,
kpi_006,2.0,Calculated,Red,
kpi_006,2.0,Calculated,Red,
kpi_006,3.0,Calculated,Green,
kpi_006,3.0,Calculated,Green,
kpi_006,3.0,Calculated,Green,
kpi_006,3.6,Calculated,Green,
kpi_006,3.0,Calculated,Green,
kpi_006,4.0,Calculated,Green,
kpi_006,3.0,Calculated,Green,
kpi_006,,Insufficient Data,Unavailable,
kpi_006,3.6666666666666665,Calculated,Green,
kpi_006,4.0,Calculated,Green,
kpi_006,3.5,Calculated,Green,
kpi_006,3.0,Calculated,Green,
kpi_006,3.0,Calculated,Green,
kpi_006,3.5,Calculated,Green,
kpi_006,,Zero Denominator,Unavailable,
kpi_006,2.0,Calculated,Red,
kpi_006,3.333333333333333,Calculated,Green,
kpi_006,3.5,Calculated,Green,
kpi_006,3.0,Calculated,Green,
kpi_006,3.0,Calculated,Green,
kpi_006,,Insufficient Data,Unavailable,
kpi_006,,Zero Denominator,Unavailable,
kpi_006,3.5,Calculated,Green,
kpi_006,4.0,Calculated,Green,
kpi_006,4.0,Calculated,Green,
kpi_006,2.0,Calculated,Red,
kpi_006,4.0,Calculated,Green,
kpi_006,2.5,Calculated,Amber,
kpi_006,4.0,Calculated,Green,
kpi_006,3.6666666666666665,Calculated,Green,
kpi_006,,Insufficient Data,Unavailable,
kpi_006,,Insufficient Data,Unavailable,
kpi_006,,Insufficient Data,Unavailable,
kpi_006,3.75,Calculated,Green,
kpi_006,3.333333333333333,Calculated,Green,
kpi_006,3.0,Calculated,Green,
kpi_006,3.5,Calculated,Green,
kpi_006,2.0,Calculated,Red,
kpi_006,3.0,Calculated,Green,
kpi_006,3.0,Calculated,Green,
kpi_006,,Insufficient Data,Unavailable,
kpi_006,2.5,Calculated,Amber,
kpi_006,3.0,Calculated,Green,
kpi_006,4.0,Calculated,Green,
kpi_006,2.0,Calculated,Red,
kpi_006,3.0,Calculated,Green,
kpi_006,3.0,Calculated,Green,
kpi_006,3.0,Calculated,Green,
kpi_006,3.0,Calculated,Green,
kpi_006,3.0,Calculated,Green,
kpi_006,3.0,Calculated,Green,
kpi_006,,Zero Denominator,Unavailable,
kpi_006,2.0,Calculated,Red,
kpi_006,,Zero Denominator,Unavailable,
kpi_006,3.5,Calculated,Green,
kpi_006,3.0,Calculated,Green,
kpi_006,3.5,Calculated,Green,
kpi_006,3.5,Calculated,Green,
kpi_006,2.6666666666666665,Calculated,Amber,
kpi_006,,Zero Denominator,Unavailable,
kpi_006,,Insufficient Data,Unavailable,
kpi_006,3.5,Calculated,Green,
kpi_006,3.0,Calculated,Green,
kpi_006,3.0,Calculated,Green,
kpi_006,2.0,Calculated,Red,
kpi_006,3.0,Calculated,Green,
kpi_006,4.0,Calculated,Green,
kpi_006,3.0,Calculated,Green,
kpi_006,3.25,Calculated,Green,
kpi_006,3.0,Calculated,Green,
kpi_006,3.6666666666666665,Calculated,Green,
kpi_006,3.0,Calculated,Green,
kpi_006,,Zero Denominator,Unavailable,
kpi_006,3.0,Calculated,Green,
kpi_006,4.0,Calculated,Green,
kpi_006,3.0,Calculated,Green,
kpi_006,2.0,Calculated,Red,
kpi_006,,Insufficient Data,Unavailable,
kpi_006,2.5,Calculated,Amber,
kpi_006,,Zero Denominator,Unavailable,
kpi_006,4.0,Calculated,Green,
kpi_006,3.5,Calculated,Green,
