issue_id,severity,issue_type,kpi_id,hospital_id,department_id,reporting_date,message,source_dataset,source_record_id,calculation_run_id
ISS-kpi_005-1FA430B7,Warning,ZERO_DENOMINATOR,kpi_005,HOSP-001,DEPT-ADM,2026-01-01,Zero denominator for kpi_005,processed_operational_daily.csv,OPD-HOSP-001-DEPT-ADM-20260101,PEX-KPI-DCF120177644
ISS-kpi_005-7F237648,Warning,ZERO_DENOMINATOR,kpi_005,HOSP-001,DEPT-ADM,2026-01-02,Zero denominator for kpi_005,processed_operational_daily.csv,OPD-HOSP-001-DEPT-ADM-20260102,PEX-KPI-DCF120177644
ISS-kpi_005-C960BFCC,Warning,ZERO_DENOMINATOR,kpi_005,HOSP-001,DEPT-ADM,2026-01-03,Zero denominator for kpi_005,processed_operational_daily.csv,OPD-HOSP-001-DEPT-ADM-20260103,PEX-KPI-DCF120177644
ISS-kpi_005-4083BA20,Warning,ZERO_DENOMINATOR,kpi_005,HOSP-001,DEPT-ADM,2026-01-04,Zero denominator for kpi_005,processed_operational_daily.csv,OPD-HOSP-001-DEPT-ADM-20260104,PEX-KPI-DCF120177644
ISS-kpi_005-3D2E750C,Warning,ZERO_DENOMINATOR,kpi_005,HOSP-001,DEPT-ADM,2026-01-05,Zero denominator for kpi_005,processed_operational_daily.csv,OPD-HOSP-001-DEPT-ADM-20260105,PEX-KPI-DCF120177644
ISS-kpi_005-B3F3CD0F,Warning,ZERO_DENOMINATOR,kpi_005,HOSP-001,DEPT-ADM,2026-01-06,Zero denominator for kpi_005,processed_operational_daily.csv,OPD-HOSP-001-DEPT-ADM-20260106,PEX-KPI-DCF120177644
ISS-kpi_005-1A8C8116,Warning,INSUFFICIENT_DATA,kpi_005,HOSP-001,DEPT-ADM,2026-01-07,Insufficient data for kpi_005,processed_operational_daily.csv,OPD-HOSP-001-DEPT-ADM-20260107,PEX-KPI-DCF120177644
ISS-kpi_006-B3CD650C,Warning,INSUFFICIENT_DATA,kpi_006,HOSP-001,DEPT-ADM,2026-01-07,Insufficient data for kpi_006,processed_operational_daily.csv,OPD-HOSP-001-DEPT-ADM-20260107,PEX-KPI-DCF120177644
ISS-kpi_005-C5DC05B9,Warning,ZERO_DENOMINATOR,kpi_005,HOSP-001,DEPT-ADM,2026-01-08,Zero denominator for kpi_005,processed_operational_daily.csv,OPD-HOSP-001-DEPT-ADM-20260108,PEX-KPI-DCF120177644
ISS-kpi_005-123553A8,Warning,ZERO_DENOMINATOR,kpi_005,HOSP-001,DEPT-ADM,2026-01-09,Zero denominator for kpi_005,processed_operational_daily.csv,OPD-HOSP-001-DEPT-ADM-20260109,PEX-KPI-DCF120177644
ISS-kpi_005-EA7B787E,Warning,ZERO_DENOMINATOR,kpi_005,HOSP-001,DEPT-ADM,2026-01-10,Zero denominator for kpi_005,processed_operational_daily.csv,OPD-HOSP-001-DEPT-ADM-20260110,PEX-KPI-DCF120177644
ISS-kpi_005-3E33EC9C,Warning,INSUFFICIENT_DATA,kpi_005,HOSP-001,DEPT-ADM,2026-01-11,Insufficient data for kpi_005,processed_operational_daily.csv,OPD-HOSP-001-DEPT-ADM-20260111,PEX-KPI-DCF120177644
ISS-kpi_006-6752705C,Warning,INSUFFICIENT_DATA,kpi_006,HOSP-001,DEPT-ADM,2026-01-11,Insufficient data for kpi_006,processed_operational_daily.csv,OPD-HOSP-001-DEPT-ADM-20260111,PEX-KPI-DCF120177644
ISS-kpi_005-FF77DC6D,Warning,ZERO_DENOMINATOR,kpi_005,HOSP-001,DEPT-ADM,2026-01-12,Zero denominator for kpi_005,processed_operational_daily.csv,OPD-HOSP-001-DEPT-ADM-20260112,PEX-KPI-DCF120177644
ISS-kpi_005-177BF65E,Warning,ZERO_DENOMINATOR,kpi_005,HOSP-001,DEPT-ADM,2026-01-13,Zero denominator for kpi_005,processed_operational_daily.csv,OPD-HOSP-001-DEPT-ADM-20260113,PEX-KPI-DCF120177644
ISS-kpi_005-4F0C5FBC,Warning,ZERO_DENOMINATOR,kpi_005,HOSP-001,DEPT-ADM,2026-01-14,Zero denominator for kpi_005,processed_operational_daily.csv,OPD-HOSP-001-DEPT-ADM-20260114,PEX-KPI-DCF120177644
ISS-kpi_005-2AF96370,Warning,ZERO_DENOMINATOR,kpi_005,HOSP-001,DEPT-ADM,2026-01-15,Zero denominator for kpi_005,processed_operational_daily.csv,OPD-HOSP-001-DEPT-ADM-20260115,PEX-KPI-DCF120177644
ISS-kpi_005-DB7FAE46,Warning,ZERO_DENOMINATOR,kpi_005,HOSP-001,DEPT-ADM,2026-01-16,Zero denominator for kpi_005,processed_operational_daily.csv,OPD-HOSP-001-DEPT-ADM-20260116,PEX-KPI-DCF120177644
ISS-kpi_005-4857CD3D,Warning,ZERO_DENOMINATOR,kpi_005,HOSP-001,DEPT-ADM,2026-01-17,Zero denominator for kpi_005,processed_operational_daily.csv,OPD-HOSP-001-DEPT-ADM-20260117,PEX-KPI-DCF120177644
ISS-kpi_005-993D44B0,Warning,ZERO_DENOMINATOR,kpi_005,HOSP-001,DEPT-ADM,2026-01-18,Zero denominator for kpi_005,processed_operational_daily.csv,OPD-HOSP-001-DEPT-ADM-20260118,PEX-KPI-DCF120177644
ISS-kpi_006-6ECCA76E,Warning,ZERO_DENOMINATOR,kpi_006,HOSP-001,DEPT-ADM,2026-01-18,Zero denominator for kpi_006,processed_operational_daily.csv,OPD-HOSP-001-DEPT-ADM-20260118,PEX-KPI-DCF120177644
ISS-kpi_005-7F35D324,Warning,ZERO_DENOMINATOR,kpi_005,HOSP-001,DEPT-ADM,2026-01-19,Zero denominator for kpi_005,processed_operational_daily.csv,OPD-HOSP-001-DEPT-ADM-20260119,PEX-KPI-DCF120177644
ISS-kpi_006-2012CE56,Warning,ZERO_DENOMINATOR,kpi_006,HOSP-001,DEPT-ADM,2026-01-19,Zero denominator for kpi_006,processed_operational_daily.csv,OPD-HOSP-001-DEPT-ADM-20260119,PEX-KPI-DCF120177644
ISS-kpi_005-ED79774C,Warning,ZERO_DENOMINATOR,kpi_005,HOSP-001,DEPT-ADM,2026-01-20,Zero denominator for kpi_005,processed_operational_daily.csv,OPD-HOSP-001-DEPT-ADM-20260120,PEX-KPI-DCF120177644
ISS-kpi_005-0DB61E5A,Warning,ZERO_DENOMINATOR,kpi_005,HOSP-001,DEPT-ADM,2026-01-21,Zero denominator for kpi_005,processed_operational_daily.csv,OPD-HOSP-001-DEPT-ADM-20260121,PEX-KPI-DCF120177644
ISS-kpi_005-FD98A9F8,Warning,ZERO_DENOMINATOR,kpi_005,HOSP-001,DEPT-ADM,2026-01-22,Zero denominator for kpi_005,processed_operational_daily.csv,OPD-HOSP-001-DEPT-ADM-20260122,PEX-KPI-DCF120177644
ISS-kpi_005-AB733E04,Warning,INSUFFICIENT_DATA,kpi_005,HOSP-001,DEPT-ADM,2026-01-23,Insufficient data for kpi_005,processed_operational_daily.csv,OPD-HOSP-001-DEPT-ADM-20260123,PEX-KPI-DCF120177644
ISS-kpi_006-294A44BA,Warning,INSUFFICIENT_DATA,kpi_006,HOSP-001,DEPT-ADM,2026-01-23,Insufficient data for kpi_006,processed_operational_daily.csv,OPD-HOSP-001-DEPT-ADM-20260123,PEX-KPI-DCF120177644
ISS-kpi_005-2CF82F4B,Warning,INSUFFICIENT_DATA,kpi_005,HOSP-001,DEPT-ADM,2026-01-24,Insufficient data for kpi_005,processed_operational_daily.csv,OPD-HOSP-001-DEPT-ADM-20260124,PEX-KPI-DCF120177644
ISS-kpi_006-FBE44C0A,Warning,INSUFFICIENT_DATA,kpi_006,HOSP-001,DEPT-ADM,2026-01-24,Insufficient data for kpi_006,processed_operational_daily.csv,OPD-HOSP-001-DEPT-ADM-20260124,PEX-KPI-DCF120177644
ISS-kpi_005-1CAD88D4,Warning,ZERO_DENOMINATOR,kpi_005,HOSP-001,DEPT-ADM,2026-01-25,Zero denominator for kpi_005,processed_operational_daily.csv,OPD-HOSP-001-DEPT-ADM-20260125,PEX-KPI-DCF120177644
ISS-kpi_005-3F12E3B7,Warning,ZERO_DENOMINATOR,kpi_005,HOSP-001,DEPT-ADM,2026-01-26,Zero denominator for kpi_005,processed_operational_daily.csv,OPD-HOSP-001-DEPT-ADM-20260126,PEX-KPI-DCF120177644
ISS-kpi_005-4B609979,Warning,ZERO_DENOMINATOR,kpi_005,HOSP-001,DEPT-ADM,2026-01-27,Zero denominator for kpi_005,processed_operational_daily.csv,OPD-HOSP-001-DEPT-ADM-20260127,PEX-KPI-DCF120177644
ISS-kpi_005-7723EDB9,Warning,ZERO_DENOMINATOR,kpi_005,HOSP-001,DEPT-ADM,2026-01-28,Zero denominator for kpi_005,processed_operational_daily.csv,OPD-HOSP-001-DEPT-ADM-20260128,PEX-KPI-DCF120177644
ISS-kpi_006-A57F5E4A,Warning,ZERO_DENOMINATOR,kpi_006,HOSP-001,DEPT-ADM,2026-01-28,Zero denominator for kpi_006,processed_operational_daily.csv,OPD-HOSP-001-DEPT-ADM-20260128,PEX-KPI-DCF120177644
ISS-kpi_005-12DF5908,Warning,ZERO_DENOMINATOR,kpi_005,HOSP-001,DEPT-ADM,2026-01-29,Zero denominator for kpi_005,processed_operational_daily.csv,OPD-HOSP-001-DEPT-ADM-20260129,PEX-KPI-DCF120177644
ISS-kpi_005-A13E3D85,Warning,ZERO_DENOMINATOR,kpi_005,HOSP-001,DEPT-ADM,2026-01-30,Zero denominator for kpi_005,processed_operational_daily.csv,OPD-HOSP-001-DEPT-ADM-20260130,PEX-KPI-DCF120177644
ISS-kpi_005-7BF0C5A4,Warning,ZERO_DENOMINATOR,kpi_005,HOSP-001,DEPT-ADM,2026-01-31,Zero denominator for kpi_005,processed_operational_daily.csv,OPD-HOSP-001-DEPT-ADM-20260131,PEX-KPI-DCF120177644
ISS-kpi_005-0B36C43E,Warning,ZERO_DENOMINATOR,kpi_005,HOSP-001,DEPT-ADM,2026-02-01,Zero denominator for kpi_005,processed_operational_daily.csv,OPD-HOSP-001-DEPT-ADM-20260201,PEX-KPI-DCF120177644
ISS-kpi_005-D4B1CD95,Warning,ZERO_DENOMINATOR,kpi_005,HOSP-001,DEPT-ADM,2026-02-02,Zero denominator for kpi_005,processed_operational_daily.csv,OPD-HOSP-001-DEPT-ADM-20260202,PEX-KPI-DCF120177644
ISS-kpi_005-CAF213B9,Warning,INSUFFICIENT_DATA,kpi_005,HOSP-001,DEPT-ADM,2026-02-03,Insufficient data for kpi_005,processed_operational_daily.csv,OPD-HOSP-001-DEPT-ADM-20260203,PEX-KPI-DCF120177644
ISS-kpi_006-34AB985A,Warning,INSUFFICIENT_DATA,kpi_006,HOSP-001,DEPT-ADM,2026-02-03,Insufficient data for kpi_006,processed_operational_daily.csv,OPD-HOSP-001-DEPT-ADM-20260203,PEX-KPI-DCF120177644
ISS-kpi_005-EE811D09,Warning,ZERO_DENOMINATOR,kpi_005,HOSP-001,DEPT-ADM,2026-02-04,Zero denominator for kpi_005,processed_operational_daily.csv,OPD-HOSP-001-DEPT-ADM-20260204,PEX-KPI-DCF120177644
ISS-kpi_005-14E762AE,Warning,ZERO_DENOMINATOR,kpi_005,HOSP-001,DEPT-ADM,2026-02-05,Zero denominator for kpi_005,processed_operational_daily.csv,OPD-HOSP-001-DEPT-ADM-20260205,PEX-KPI-DCF120177644
ISS-kpi_005-C609E13E,Warning,ZERO_DENOMINATOR,kpi_005,HOSP-001,DEPT-ADM,2026-02-06,Zero denominator for kpi_005,processed_operational_daily.csv,OPD-HOSP-001-DEPT-ADM-20260206,PEX-KPI-DCF120177644
ISS-kpi_005-B6201B33,Warning,ZERO_DENOMINATOR,kpi_005,HOSP-001,DEPT-ADM,2026-02-07,Zero denominator for kpi_005,processed_operational_daily.csv,OPD-HOSP-001-DEPT-ADM-20260207,PEX-KPI-DCF120177644
ISS-kpi_005-D15782BB,Warning,ZERO_DENOMINATOR,kpi_005,HOSP-001,DEPT-ADM,2026-02-08,Zero denominator for kpi_005,processed_operational_daily.csv,OPD-HOSP-001-DEPT-ADM-20260208,PEX-KPI-DCF120177644
ISS-kpi_005-9B4DEDCB,Warning,ZERO_DENOMINATOR,kpi_005,HOSP-001,DEPT-ADM,2026-02-09,Zero denominator for kpi_005,processed_operational_daily.csv,OPD-HOSP-001-DEPT-ADM-20260209,PEX-KPI-DCF120177644
ISS-kpi_005-27A00722,Warning,ZERO_DENOMINATOR,kpi_005,HOSP-001,DEPT-ADM,2026-02-10,Zero denominator for kpi_005,processed_operational_daily.csv,OPD-HOSP-001-DEPT-ADM-20260210,PEX-KPI-DCF120177644
ISS-kpi_005-5464EE00,Warning,ZERO_DENOMINATOR,kpi_005,HOSP-001,DEPT-ADM,2026-02-11,Zero denominator for kpi_005,processed_operational_daily.csv,OPD-HOSP-001-DEPT-ADM-20260211,PEX-KPI-DCF120177644
ISS-kpi_005-09E6A70D,Warning,ZERO_DENOMINATOR,kpi_005,HOSP-001,DEPT-ADM,2026-02-12,Zero denominator for kpi_005,processed_operational_daily.csv,OPD-HOSP-001-DEPT-ADM-20260212,PEX-KPI-DCF120177644
ISS-kpi_005-38661CE1,Warning,ZERO_DENOMINATOR,kpi_005,HOSP-001,DEPT-ADM,2026-02-13,Zero denominator for kpi_005,processed_operational_daily.csv,OPD-HOSP-001-DEPT-ADM-20260213,PEX-KPI-DCF120177644
ISS-kpi_005-B8817948,Warning,ZERO_DENOMINATOR,kpi_005,HOSP-001,DEPT-ADM,2026-02-14,Zero denominator for kpi_005,processed_operational_daily.csv,OPD-HOSP-001-DEPT-ADM-20260214,PEX-KPI-DCF120177644
ISS-kpi_005-C329591F,Warning,ZERO_DENOMINATOR,kpi_005,HOSP-001,DEPT-ADM,2026-02-15,Zero denominator for kpi_005,processed_operational_daily.csv,OPD-HOSP-001-DEPT-ADM-20260215,PEX-KPI-DCF120177644
ISS-kpi_005-7C3AE084,Warning,ZERO_DENOMINATOR,kpi_005,HOSP-001,DEPT-ADM,2026-02-16,Zero denominator for kpi_005,processed_operational_daily.csv,OPD-HOSP-001-DEPT-ADM-20260216,PEX-KPI-DCF120177644
ISS-kpi_005-61CE1D21,Warning,INSUFFICIENT_DATA,kpi_005,HOSP-001,DEPT-ADM,2026-02-17,Insufficient data for kpi_005,processed_operational_daily.csv,OPD-HOSP-001-DEPT-ADM-20260217,PEX-KPI-DCF120177644
ISS-kpi_006-324DC62E,Warning,INSUFFICIENT_DATA,kpi_006,HOSP-001,DEPT-ADM,2026-02-17,Insufficient data for kpi_006,processed_operational_daily.csv,OPD-HOSP-001-DEPT-ADM-20260217,PEX-KPI-DCF120177644
ISS-kpi_005-CC781B54,Warning,ZERO_DENOMINATOR,kpi_005,HOSP-001,DEPT-ADM,2026-02-18,Zero denominator for kpi_005,processed_operational_daily.csv,OPD-HOSP-001-DEPT-ADM-20260218,PEX-KPI-DCF120177644
ISS-kpi_005-42BBD1A9,Warning,ZERO_DENOMINATOR,kpi_005,HOSP-001,DEPT-ADM,2026-02-19,Zero denominator for kpi_005,processed_operational_daily.csv,OPD-HOSP-001-DEPT-ADM-20260219,PEX-KPI-DCF120177644
ISS-kpi_005-AD8B3DAF,Warning,ZERO_DENOMINATOR,kpi_005,HOSP-001,DEPT-ADM,2026-02-20,Zero denominator for kpi_005,processed_operational_daily.csv,OPD-HOSP-001-DEPT-ADM-20260220,PEX-KPI-DCF120177644
ISS-kpi_005-3D26C383,Warning,INSUFFICIENT_DATA,kpi_005,HOSP-001,DEPT-ADM,2026-02-21,Insufficient data for kpi_005,processed_operational_daily.csv,OPD-HOSP-001-DEPT-ADM-20260221,PEX-KPI-DCF120177644
ISS-kpi_006-3B4093C9,Warning,INSUFFICIENT_DATA,kpi_006,HOSP-001,DEPT-ADM,2026-02-21,Insufficient data for kpi_006,processed_operational_daily.csv,OPD-HOSP-001-DEPT-ADM-20260221,PEX-KPI-DCF120177644
ISS-kpi_005-5C58BBD1,Warning,ZERO_DENOMINATOR,kpi_005,HOSP-001,DEPT-ADM,2026-02-22,Zero denominator for kpi_005,processed_operational_daily.csv,OPD-HOSP-001-DEPT-ADM-20260222,PEX-KPI-DCF120177644
ISS-kpi_005-4579A60F,Warning,ZERO_DENOMINATOR,kpi_005,HOSP-001,DEPT-ADM,2026-02-23,Zero denominator for kpi_005,processed_operational_daily.csv,OPD-HOSP-001-DEPT-ADM-20260223,PEX-KPI-DCF120177644
ISS-kpi_005-E748F661,Warning,ZERO_DENOMINATOR,kpi_005,HOSP-001,DEPT-ADM,2026-02-24,Zero denominator for kpi_005,processed_operational_daily.csv,OPD-HOSP-001-DEPT-ADM-20260224,PEX-KPI-DCF120177644
ISS-kpi_005-6D9AC290,Warning,ZERO_DENOMINATOR,kpi_005,HOSP-001,DEPT-ADM,2026-02-25,Zero denominator for kpi_005,processed_operational_daily.csv,OPD-HOSP-001-DEPT-ADM-20260225,PEX-KPI-DCF120177644
ISS-kpi_005-71C2E795,Warning,ZERO_DENOMINATOR,kpi_005,HOSP-001,DEPT-ADM,2026-02-26,Zero denominator for kpi_005,processed_operational_daily.csv,OPD-HOSP-001-DEPT-ADM-20260226,PEX-KPI-DCF120177644
ISS-kpi_006-C9924331,Warning,ZERO_DENOMINATOR,kpi_006,HOSP-001,DEPT-ADM,2026-02-26,Zero denominator for kpi_006,processed_operational_daily.csv,OPD-HOSP-001-DEPT-ADM-20260226,PEX-KPI-DCF120177644
ISS-kpi_005-91BC10D0,Warning,ZERO_DENOMINATOR,kpi_005,HOSP-001,DEPT-ADM,2026-02-27,Zero denominator for kpi_005,processed_operational_daily.csv,OPD-HOSP-001-DEPT-ADM-20260227,PEX-KPI-DCF120177644
ISS-kpi_005-8AFDBB9B,Warning,ZERO_DENOMINATOR,kpi_005,HOSP-001,DEPT-ADM,2026-02-28,Zero denominator for kpi_005,processed_operational_daily.csv,OPD-HOSP-001-DEPT-ADM-20260228,PEX-KPI-DCF120177644
ISS-kpi_005-161A174C,Warning,ZERO_DENOMINATOR,kpi_005,HOSP-001,DEPT-ADM,2026-03-01,Zero denominator for kpi_005,processed_operational_daily.csv,OPD-HOSP-001-DEPT-ADM-20260301,PEX-KPI-DCF120177644
ISS-kpi_005-76B8021D,Warning,ZERO_DENOMINATOR,kpi_005,HOSP-001,DEPT-ADM,2026-03-02,Zero denominator for kpi_005,processed_operational_daily.csv,OPD-HOSP-001-DEPT-ADM-20260302,PEX-KPI-DCF120177644
ISS-kpi_005-BF28F352,Warning,ZERO_DENOMINATOR,kpi_005,HOSP-001,DEPT-ADM,2026-03-03,Zero denominator for kpi_005,processed_operational_daily.csv,OPD-HOSP-001-DEPT-ADM-20260303,PEX-KPI-DCF120177644
ISS-kpi_005-66194AC3,Warning,ZERO_DENOMINATOR,kpi_005,HOSP-001,DEPT-ADM,2026-03-04,Zero denominator for kpi_005,processed_operational_daily.csv,OPD-HOSP-001-DEPT-ADM-20260304,PEX-KPI-DCF120177644
ISS-kpi_005-506321E9,Warning,ZERO_DENOMINATOR,kpi_005,HOSP-001,DEPT-ADM,2026-03-05,Zero denominator for kpi_005,processed_operational_daily.csv,OPD-HOSP-001-DEPT-ADM-20260305,PEX-KPI-DCF120177644
ISS-kpi_005-E62F6F93,Warning,INSUFFICIENT_DATA,kpi_005,HOSP-001,DEPT-ADM,2026-03-06,Insufficient data for kpi_005,processed_operational_daily.csv,OPD-HOSP-001-DEPT-ADM-20260306,PEX-KPI-DCF120177644
ISS-kpi_006-1BF22404,Warning,INSUFFICIENT_DATA,kpi_006,HOSP-001,DEPT-ADM,2026-03-06,Insufficient data for kpi_006,processed_operational_daily.csv,OPD-HOSP-001-DEPT-ADM-20260306,PEX-KPI-DCF120177644
ISS-kpi_005-DC18D219,Warning,ZERO_DENOMINATOR,kpi_005,HOSP-001,DEPT-ADM,2026-03-07,Zero denominator for kpi_005,processed_operational_daily.csv,OPD-HOSP-001-DEPT-ADM-20260307,PEX-KPI-DCF120177644
ISS-kpi_005-89A2039A,Warning,ZERO_DENOMINATOR,kpi_005,HOSP-001,DEPT-ADM,2026-03-08,Zero denominator for kpi_005,processed_operational_daily.csv,OPD-HOSP-001-DEPT-ADM-20260308,PEX-KPI-DCF120177644
ISS-kpi_006-9F925BAE,Warning,ZERO_DENOMINATOR,kpi_006,HOSP-001,DEPT-ADM,2026-03-08,Zero denominator for kpi_006,processed_operational_daily.csv,OPD-HOSP-001-DEPT-ADM-20260308,PEX-KPI-DCF120177644
ISS-kpi_005-90B4FABB,Warning,ZERO_DENOMINATOR,kpi_005,HOSP-001,DEPT-ADM,2026-03-09,Zero denominator for kpi_005,processed_operational_daily.csv,OPD-HOSP-001-DEPT-ADM-20260309,PEX-KPI-DCF120177644
ISS-kpi_005-74B74E22,Warning,ZERO_DENOMINATOR,kpi_005,HOSP-001,DEPT-ADM,2026-03-10,Zero denominator for kpi_005,processed_operational_daily.csv,OPD-HOSP-001-DEPT-ADM-20260310,PEX-KPI-DCF120177644
ISS-kpi_005-00B9BA59,Warning,ZERO_DENOMINATOR,kpi_005,HOSP-001,DEPT-ADM,2026-03-11,Zero denominator for kpi_005,processed_operational_daily.csv,OPD-HOSP-001-DEPT-ADM-20260311,PEX-KPI-DCF120177644
ISS-kpi_005-CA7015AA,Warning,ZERO_DENOMINATOR,kpi_005,HOSP-001,DEPT-ADM,2026-03-12,Zero denominator for kpi_005,processed_operational_daily.csv,OPD-HOSP-001-DEPT-ADM-20260312,PEX-KPI-DCF120177644
ISS-kpi_005-42F9BECE,Warning,ZERO_DENOMINATOR,kpi_005,HOSP-001,DEPT-ADM,2026-03-13,Zero denominator for kpi_005,processed_operational_daily.csv,OPD-HOSP-001-DEPT-ADM-20260313,PEX-KPI-DCF120177644
ISS-kpi_005-ABBA4BBD,Warning,ZERO_DENOMINATOR,kpi_005,HOSP-001,DEPT-ADM,2026-03-14,Zero denominator for kpi_005,processed_operational_daily.csv,OPD-HOSP-001-DEPT-ADM-20260314,PEX-KPI-DCF120177644
ISS-kpi_005-D267E916,Warning,INSUFFICIENT_DATA,kpi_005,HOSP-001,DEPT-ADM,2026-03-15,Insufficient data for kpi_005,processed_operational_daily.csv,OPD-HOSP-001-DEPT-ADM-20260315,PEX-KPI-DCF120177644
ISS-kpi_006-A035347C,Warning,INSUFFICIENT_DATA,kpi_006,HOSP-001,DEPT-ADM,2026-03-15,Insufficient data for kpi_006,processed_operational_daily.csv,OPD-HOSP-001-DEPT-ADM-20260315,PEX-KPI-DCF120177644
ISS-kpi_005-28C8EA85,Warning,INSUFFICIENT_DATA,kpi_005,HOSP-001,DEPT-ADM,2026-03-16,Insufficient data for kpi_005,processed_operational_daily.csv,OPD-HOSP-001-DEPT-ADM-20260316,PEX-KPI-DCF120177644
ISS-kpi_006-F3A5F777,Warning,INSUFFICIENT_DATA,kpi_006,HOSP-001,DEPT-ADM,2026-03-16,Insufficient data for kpi_006,processed_operational_daily.csv,OPD-HOSP-001-DEPT-ADM-20260316,PEX-KPI-DCF120177644
ISS-kpi_005-8EEE9BA4,Warning,ZERO_DENOMINATOR,kpi_005,HOSP-001,DEPT-ADM,2026-03-17,Zero denominator for kpi_005,processed_operational_daily.csv,OPD-HOSP-001-DEPT-ADM-20260317,PEX-KPI-DCF120177644
ISS-kpi_005-EB33FF2B,Warning,ZERO_DENOMINATOR,kpi_005,HOSP-001,DEPT-ADM,2026-03-18,Zero denominator for kpi_005,processed_operational_daily.csv,OPD-HOSP-001-DEPT-ADM-20260318,PEX-KPI-DCF120177644
ISS-kpi_005-37885DE8,Warning,ZERO_DENOMINATOR,kpi_005,HOSP-001,DEPT-ADM,2026-03-19,Zero denominator for kpi_005,processed_operational_daily.csv,OPD-HOSP-001-DEPT-ADM-20260319,PEX-KPI-DCF120177644
ISS-kpi_005-37F8542F,Warning,ZERO_DENOMINATOR,kpi_005,HOSP-001,DEPT-ADM,2026-03-20,Zero denominator for kpi_005,processed_operational_daily.csv,OPD-HOSP-001-DEPT-ADM-20260320,PEX-KPI-DCF120177644
ISS-kpi_005-50978434,Warning,ZERO_DENOMINATOR,kpi_005,HOSP-001,DEPT-ADM,2026-03-21,Zero denominator for kpi_005,processed_operational_daily.csv,OPD-HOSP-001-DEPT-ADM-20260321,PEX-KPI-DCF120177644
ISS-kpi_005-5214F741,Warning,ZERO_DENOMINATOR,kpi_005,HOSP-001,DEPT-ADM,2026-03-22,Zero denominator for kpi_005,processed_operational_daily.csv,OPD-HOSP-001-DEPT-ADM-20260322,PEX-KPI-DCF120177644
ISS-kpi_006-E0EE17CD,Warning,ZERO_DENOMINATOR,kpi_006,HOSP-001,DEPT-ADM,2026-03-22,Zero denominator for kpi_006,processed_operational_daily.csv,OPD-HOSP-001-DEPT-ADM-20260322,PEX-KPI-DCF120177644
ISS-kpi_005-4919C209,Warning,ZERO_DENOMINATOR,kpi_005,HOSP-001,DEPT-ADM,2026-03-23,Zero denominator for kpi_005,processed_operational_daily.csv,OPD-HOSP-001-DEPT-ADM-20260323,PEX-KPI-DCF120177644
ISS-kpi_005-AE8C0A02,Warning,ZERO_DENOMINATOR,kpi_005,HOSP-001,DEPT-ADM,2026-03-24,Zero denominator for kpi_005,processed_operational_daily.csv,OPD-HOSP-001-DEPT-ADM-20260324,PEX-KPI-DCF120177644
ISS-kpi_005-74D61979,Warning,ZERO_DENOMINATOR,kpi_005,HOSP-001,DEPT-ADM,2026-03-25,Zero denominator for kpi_005,processed_operational_daily.csv,OPD-HOSP-001-DEPT-ADM-20260325,PEX-KPI-DCF120177644
ISS-kpi_005-35A26683,Warning,INSUFFICIENT_DATA,kpi_005,HOSP-001,DEPT-ADM,2026-03-26,Insufficient data for kpi_005,processed_operational_daily.csv,OPD-HOSP-001-DEPT-ADM-20260326,PEX-KPI-DCF120177644
ISS-kpi_006-0AD752D4,Warning,INSUFFICIENT_DATA,kpi_006,HOSP-001,DEPT-ADM,2026-03-26,Insufficient data for kpi_006,processed_operational_daily.csv,OPD-HOSP-001-DEPT-ADM-20260326,PEX-KPI-DCF120177644
ISS-kpi_005-18D7D51A,Warning,ZERO_DENOMINATOR,kpi_005,HOSP-001,DEPT-ADM,2026-03-27,Zero denominator for kpi_005,processed_operational_daily.csv,OPD-HOSP-001-DEPT-ADM-20260327,PEX-KPI-DCF120177644
ISS-kpi_005-0E11CA99,Warning,ZERO_DENOMINATOR,kpi_005,HOSP-001,DEPT-ADM,2026-03-28,Zero denominator for kpi_005,processed_operational_daily.csv,OPD-HOSP-001-DEPT-ADM-20260328,PEX-KPI-DCF120177644
ISS-kpi_005-02B24F56,Warning,ZERO_DENOMINATOR,kpi_005,HOSP-001,DEPT-ADM,2026-03-29,Zero denominator for kpi_005,processed_operational_daily.csv,OPD-HOSP-001-DEPT-ADM-20260329,PEX-KPI-DCF120177644
ISS-kpi_005-AF0A0D04,Warning,ZERO_DENOMINATOR,kpi_005,HOSP-001,DEPT-ADM,2026-03-30,Zero denominator for kpi_005,processed_operational_daily.csv,OPD-HOSP-001-DEPT-ADM-20260330,PEX-KPI-DCF120177644
ISS-kpi_005-32430683,Warning,INSUFFICIENT_DATA,kpi_005,HOSP-001,DEPT-ADM,2026-03-31,Insufficient data for kpi_005,processed_operational_daily.csv,OPD-HOSP-001-DEPT-ADM-20260331,PEX-KPI-DCF120177644
ISS-kpi_006-121D134C,Warning,INSUFFICIENT_DATA,kpi_006,HOSP-001,DEPT-ADM,2026-03-31,Insufficient data for kpi_006,processed_operational_daily.csv,OPD-HOSP-001-DEPT-ADM-20260331,PEX-KPI-DCF120177644
ISS-kpi_005-31B3BD9F,Warning,ZERO_DENOMINATOR,kpi_005,HOSP-001,DEPT-ADM,2026-04-01,Zero denominator for kpi_005,processed_operational_daily.csv,OPD-HOSP-001-DEPT-ADM-20260401,PEX-KPI-DCF120177644
ISS-kpi_005-C297C3F1,Warning,ZERO_DENOMINATOR,kpi_005,HOSP-001,DEPT-ADM,2026-04-02,Zero denominator for kpi_005,processed_operational_daily.csv,OPD-HOSP-001-DEPT-ADM-20260402,PEX-KPI-DCF120177644
ISS-kpi_005-8A5F1603,Warning,ZERO_DENOMINATOR,kpi_005,HOSP-001,DEPT-ADM,2026-04-03,Zero denominator for kpi_005,processed_operational_daily.csv,OPD-HOSP-001-DEPT-ADM-20260403,PEX-KPI-DCF120177644
ISS-kpi_006-9F807AF3,Warning,ZERO_DENOMINATOR,kpi_006,HOSP-001,DEPT-ADM,2026-04-03,Zero denominator for kpi_006,processed_operational_daily.csv,OPD-HOSP-001-DEPT-ADM-20260403,PEX-KPI-DCF120177644
ISS-kpi_005-91C61FC8,Warning,ZERO_DENOMINATOR,kpi_005,HOSP-001,DEPT-ADM,2026-04-04,Zero denominator for kpi_005,processed_operational_daily.csv,OPD-HOSP-001-DEPT-ADM-20260404,PEX-KPI-DCF120177644
ISS-kpi_005-6EF87D6F,Warning,ZERO_DENOMINATOR,kpi_005,HOSP-001,DEPT-ADM,2026-04-05,Zero denominator for kpi_005,processed_operational_daily.csv,OPD-HOSP-001-DEPT-ADM-20260405,PEX-KPI-DCF120177644
ISS-kpi_005-9B7137F4,Warning,ZERO_DENOMINATOR,kpi_005,HOSP-001,DEPT-ADM,2026-04-06,Zero denominator for kpi_005,processed_operational_daily.csv,OPD-HOSP-001-DEPT-ADM-20260406,PEX-KPI-DCF120177644
ISS-kpi_006-CBC59E06,Warning,ZERO_DENOMINATOR,kpi_006,HOSP-001,DEPT-ADM,2026-04-06,Zero denominator for kpi_006,processed_operational_daily.csv,OPD-HOSP-001-DEPT-ADM-20260406,PEX-KPI-DCF120177644
ISS-kpi_005-687FE4D7,Warning,ZERO_DENOMINATOR,kpi_005,HOSP-001,DEPT-ADM,2026-04-07,Zero denominator for kpi_005,processed_operational_daily.csv,OPD-HOSP-001-DEPT-ADM-20260407,PEX-KPI-DCF120177644
ISS-kpi_006-24E33180,Warning,ZERO_DENOMINATOR,kpi_006,HOSP-001,DEPT-ADM,2026-04-07,Zero denominator for kpi_006,processed_operational_daily.csv,OPD-HOSP-001-DEPT-ADM-20260407,PEX-KPI-DCF120177644
ISS-kpi_005-8A1FCADC,Warning,ZERO_DENOMINATOR,kpi_005,HOSP-001,DEPT-ADM,2026-04-08,Zero denominator for kpi_005,processed_operational_daily.csv,OPD-HOSP-001-DEPT-ADM-20260408,PEX-KPI-DCF120177644
ISS-kpi_005-03751D63,Warning,ZERO_DENOMINATOR,kpi_005,HOSP-001,DEPT-ADM,2026-04-09,Zero denominator for kpi_005,processed_operational_daily.csv,OPD-HOSP-001-DEPT-ADM-20260409,PEX-KPI-DCF120177644
ISS-kpi_005-4873EBF0,Warning,ZERO_DENOMINATOR,kpi_005,HOSP-001,DEPT-ADM,2026-04-10,Zero denominator for kpi_005,processed_operational_daily.csv,OPD-HOSP-001-DEPT-ADM-20260410,PEX-KPI-DCF120177644
ISS-kpi_005-FA735C20,Warning,ZERO_DENOMINATOR,kpi_005,HOSP-001,DEPT-ADM,2026-04-11,Zero denominator for kpi_005,processed_operational_daily.csv,OPD-HOSP-001-DEPT-ADM-20260411,PEX-KPI-DCF120177644
ISS-kpi_005-92C8C6F8,Warning,ZERO_DENOMINATOR,kpi_005,HOSP-001,DEPT-ADM,2026-04-12,Zero denominator for kpi_005,processed_operational_daily.csv,OPD-HOSP-001-DEPT-ADM-20260412,PEX-KPI-DCF120177644
ISS-kpi_005-DD573A91,Warning,ZERO_DENOMINATOR,kpi_005,HOSP-001,DEPT-ADM,2026-04-13,Zero denominator for kpi_005,processed_operational_daily.csv,OPD-HOSP-001-DEPT-ADM-20260413,PEX-KPI-DCF120177644
ISS-kpi_005-DD9927C1,Warning,INSUFFICIENT_DATA,kpi_005,HOSP-001,DEPT-ADM,2026-04-14,Insufficient data for kpi_005,processed_operational_daily.csv,OPD-HOSP-001-DEPT-ADM-20260414,PEX-KPI-DCF120177644
ISS-kpi_006-7F92B86C,Warning,INSUFFICIENT_DATA,kpi_006,HOSP-001,DEPT-ADM,2026-04-14,Insufficient data for kpi_006,processed_operational_daily.csv,OPD-HOSP-001-DEPT-ADM-20260414,PEX-KPI-DCF120177644
ISS-kpi_005-2A39BCA9,Warning,ZERO_DENOMINATOR,kpi_005,HOSP-001,DEPT-ADM,2026-04-15,Zero denominator for kpi_005,processed_operational_daily.csv,OPD-HOSP-001-DEPT-ADM-20260415,PEX-KPI-DCF120177644
ISS-kpi_005-A10C0AC6,Warning,ZERO_DENOMINATOR,kpi_005,HOSP-001,DEPT-ADM,2026-04-16,Zero denominator for kpi_005,processed_operational_daily.csv,OPD-HOSP-001-DEPT-ADM-20260416,PEX-KPI-DCF120177644
ISS-kpi_005-3F4029AD,Warning,ZERO_DENOMINATOR,kpi_005,HOSP-001,DEPT-ADM,2026-04-17,Zero denominator for kpi_005,processed_operational_daily.csv,OPD-HOSP-001-DEPT-ADM-20260417,PEX-KPI-DCF120177644
ISS-kpi_005-C654D965,Warning,ZERO_DENOMINATOR,kpi_005,HOSP-001,DEPT-ADM,2026-04-18,Zero denominator for kpi_005,processed_operational_daily.csv,OPD-HOSP-001-DEPT-ADM-20260418,PEX-KPI-DCF120177644
ISS-kpi_005-C9993FB7,Warning,ZERO_DENOMINATOR,kpi_005,HOSP-001,DEPT-ADM,2026-04-19,Zero denominator for kpi_005,processed_operational_daily.csv,OPD-HOSP-001-DEPT-ADM-20260419,PEX-KPI-DCF120177644
ISS-kpi_005-A32524BC,Warning,ZERO_DENOMINATOR,kpi_005,HOSP-001,DEPT-ADM,2026-04-20,Zero denominator for kpi_005,processed_operational_daily.csv,OPD-HOSP-001-DEPT-ADM-20260420,PEX-KPI-DCF120177644
ISS-kpi_005-3831A992,Warning,ZERO_DENOMINATOR,kpi_005,HOSP-001,DEPT-ADM,2026-04-21,Zero denominator for kpi_005,processed_operational_daily.csv,OPD-HOSP-001-DEPT-ADM-20260421,PEX-KPI-DCF120177644
ISS-kpi_005-9F76F84C,Warning,ZERO_DENOMINATOR,kpi_005,HOSP-001,DEPT-ADM,2026-04-22,Zero denominator for kpi_005,processed_operational_daily.csv,OPD-HOSP-001-DEPT-ADM-20260422,PEX-KPI-DCF120177644
ISS-kpi_005-6B29C3F0,Warning,ZERO_DENOMINATOR,kpi_005,HOSP-001,DEPT-ADM,2026-04-23,Zero denominator for kpi_005,processed_operational_daily.csv,OPD-HOSP-001-DEPT-ADM-20260423,PEX-KPI-DCF120177644
ISS-kpi_005-98B25646,Warning,ZERO_DENOMINATOR,kpi_005,HOSP-001,DEPT-ADM,2026-04-24,Zero denominator for kpi_005,processed_operational_daily.csv,OPD-HOSP-001-DEPT-ADM-20260424,PEX-KPI-DCF120177644
ISS-kpi_005-5FFF32AD,Warning,ZERO_DENOMINATOR,kpi_005,HOSP-001,DEPT-ADM,2026-04-25,Zero denominator for kpi_005,processed_operational_daily.csv,OPD-HOSP-001-DEPT-ADM-20260425,PEX-KPI-DCF120177644
ISS-kpi_005-A40F7761,Warning,ZERO_DENOMINATOR,kpi_005,HOSP-001,DEPT-ADM,2026-04-26,Zero denominator for kpi_005,processed_operational_daily.csv,OPD-HOSP-001-DEPT-ADM-20260426,PEX-KPI-DCF120177644
ISS-kpi_005-FC9E81AE,Warning,ZERO_DENOMINATOR,kpi_005,HOSP-001,DEPT-ADM,2026-04-27,Zero denominator for kpi_005,processed_operational_daily.csv,OPD-HOSP-001-DEPT-ADM-20260427,PEX-KPI-DCF120177644
ISS-kpi_006-94BB37CE,Warning,ZERO_DENOMINATOR,kpi_006,HOSP-001,DEPT-ADM,2026-04-27,Zero denominator for kpi_006,processed_operational_daily.csv,OPD-HOSP-001-DEPT-ADM-20260427,PEX-KPI-DCF120177644
ISS-kpi_005-62D2E195,Warning,ZERO_DENOMINATOR,kpi_005,HOSP-001,DEPT-ADM,2026-04-28,Zero denominator for kpi_005,processed_operational_daily.csv,OPD-HOSP-001-DEPT-ADM-20260428,PEX-KPI-DCF120177644
ISS-kpi_005-AF50E3F6,Warning,ZERO_DENOMINATOR,kpi_005,HOSP-001,DEPT-ADM,2026-04-29,Zero denominator for kpi_005,processed_operational_daily.csv,OPD-HOSP-001-DEPT-ADM-20260429,PEX-KPI-DCF120177644
ISS-kpi_005-2B2CD77A,Warning,ZERO_DENOMINATOR,kpi_005,HOSP-001,DEPT-ADM,2026-04-30,Zero denominator for kpi_005,processed_operational_daily.csv,OPD-HOSP-001-DEPT-ADM-20260430,PEX-KPI-DCF120177644
ISS-kpi_005-22DDB7D2,Warning,ZERO_DENOMINATOR,kpi_005,HOSP-001,DEPT-ADM,2026-05-01,Zero denominator for kpi_005,processed_operational_daily.csv,OPD-HOSP-001-DEPT-ADM-20260501,PEX-KPI-DCF120177644
ISS-kpi_005-B7978CA5,Warning,ZERO_DENOMINATOR,kpi_005,HOSP-001,DEPT-ADM,2026-05-02,Zero denominator for kpi_005,processed_operational_daily.csv,OPD-HOSP-001-DEPT-ADM-20260502,PEX-KPI-DCF120177644
ISS-kpi_005-4EC5E544,Warning,ZERO_DENOMINATOR,kpi_005,HOSP-001,DEPT-ADM,2026-05-03,Zero denominator for kpi_005,processed_operational_daily.csv,OPD-HOSP-001-DEPT-ADM-20260503,PEX-KPI-DCF120177644
ISS-kpi_005-9EAAE3DD,Warning,ZERO_DENOMINATOR,kpi_005,HOSP-001,DEPT-ADM,2026-05-04,Zero denominator for kpi_005,processed_operational_daily.csv,OPD-HOSP-001-DEPT-ADM-20260504,PEX-KPI-DCF120177644
ISS-kpi_005-BF47D6F3,Warning,ZERO_DENOMINATOR,kpi_005,HOSP-001,DEPT-ADM,2026-05-05,Zero denominator for kpi_005,processed_operational_daily.csv,OPD-HOSP-001-DEPT-ADM-20260505,PEX-KPI-DCF120177644
ISS-kpi_005-FEE77103,Warning,ZERO_DENOMINATOR,kpi_005,HOSP-001,DEPT-ADM,2026-05-06,Zero denominator for kpi_005,processed_operational_daily.csv,OPD-HOSP-001-DEPT-ADM-20260506,PEX-KPI-DCF120177644
ISS-kpi_005-04561D51,Warning,ZERO_DENOMINATOR,kpi_005,HOSP-001,DEPT-ADM,2026-05-07,Zero denominator for kpi_005,processed_operational_daily.csv,OPD-HOSP-001-DEPT-ADM-20260507,PEX-KPI-DCF120177644
ISS-kpi_005-88DF2D9E,Warning,ZERO_DENOMINATOR,kpi_005,HOSP-001,DEPT-ADM,2026-05-08,Zero denominator for kpi_005,processed_operational_daily.csv,OPD-HOSP-001-DEPT-ADM-20260508,PEX-KPI-DCF120177644
ISS-kpi_005-511239A2,Warning,ZERO_DENOMINATOR,kpi_005,HOSP-001,DEPT-ADM,2026-05-09,Zero denominator for kpi_005,processed_operational_daily.csv,OPD-HOSP-001-DEPT-ADM-20260509,PEX-KPI-DCF120177644
ISS-kpi_005-7D9998E7,Warning,ZERO_DENOMINATOR,kpi_005,HOSP-001,DEPT-ADM,2026-05-10,Zero denominator for kpi_005,processed_operational_daily.csv,OPD-HOSP-001-DEPT-ADM-20260510,PEX-KPI-DCF120177644
ISS-kpi_005-9859B237,Warning,ZERO_DENOMINATOR,kpi_005,HOSP-001,DEPT-ADM,2026-05-11,Zero denominator for kpi_005,processed_operational_daily.csv,OPD-HOSP-001-DEPT-ADM-20260511,PEX-KPI-DCF120177644
ISS-kpi_005-0C4D248F,Warning,ZERO_DENOMINATOR,kpi_005,HOSP-001,DEPT-ADM,2026-05-12,Zero denominator for kpi_005,processed_operational_daily.csv,OPD-HOSP-001-DEPT-ADM-20260512,PEX-KPI-DCF120177644
ISS-kpi_005-B907A0A6,Warning,ZERO_DENOMINATOR,kpi_005,HOSP-001,DEPT-ADM,2026-05-13,Zero denominator for kpi_005,processed_operational_daily.csv,OPD-HOSP-001-DEPT-ADM-20260513,PEX-KPI-DCF120177644
ISS-kpi_005-29DC2BB6,Warning,ZERO_DENOMINATOR,kpi_005,HOSP-001,DEPT-ADM,2026-05-14,Zero denominator for kpi_005,processed_operational_daily.csv,OPD-HOSP-001-DEPT-ADM-20260514,PEX-KPI-DCF120177644
ISS-kpi_005-F02FF7F3,Warning,ZERO_DENOMINATOR,kpi_005,HOSP-001,DEPT-ADM,2026-05-15,Zero denominator for kpi_005,processed_operational_daily.csv,OPD-HOSP-001-DEPT-ADM-20260515,PEX-KPI-DCF120177644
ISS-kpi_006-3F9D998B,Warning,ZERO_DENOMINATOR,kpi_006,HOSP-001,DEPT-ADM,2026-05-15,Zero denominator for kpi_006,processed_operational_daily.csv,OPD-HOSP-001-DEPT-ADM-20260515,PEX-KPI-DCF120177644
ISS-kpi_005-83FBDC06,Warning,INSUFFICIENT_DATA,kpi_005,HOSP-001,DEPT-ADM,2026-05-16,Insufficient data for kpi_005,processed_operational_daily.csv,OPD-HOSP-001-DEPT-ADM-20260516,PEX-KPI-DCF120177644
ISS-kpi_006-D6C2A537,Warning,INSUFFICIENT_DATA,kpi_006,HOSP-001,DEPT-ADM,2026-05-16,Insufficient data for kpi_006,processed_operational_daily.csv,OPD-HOSP-001-DEPT-ADM-20260516,PEX-KPI-DCF120177644
ISS-kpi_005-0B5E6013,Warning,ZERO_DENOMINATOR,kpi_005,HOSP-001,DEPT-ADM,2026-05-17,Zero denominator for kpi_005,processed_operational_daily.csv,OPD-HOSP-001-DEPT-ADM-20260517,PEX-KPI-DCF120177644
ISS-kpi_005-FD65EE3F,Warning,ZERO_DENOMINATOR,kpi_005,HOSP-001,DEPT-ADM,2026-05-18,Zero denominator for kpi_005,processed_operational_daily.csv,OPD-HOSP-001-DEPT-ADM-20260518,PEX-KPI-DCF120177644
ISS-kpi_005-55BCC586,Warning,ZERO_DENOMINATOR,kpi_005,HOSP-001,DEPT-ADM,2026-05-19,Zero denominator for kpi_005,processed_operational_daily.csv,OPD-HOSP-001-DEPT-ADM-20260519,PEX-KPI-DCF120177644
ISS-kpi_005-A7A7081F,Warning,ZERO_DENOMINATOR,kpi_005,HOSP-001,DEPT-ADM,2026-05-20,Zero denominator for kpi_005,processed_operational_daily.csv,OPD-HOSP-001-DEPT-ADM-20260520,PEX-KPI-DCF120177644
ISS-kpi_005-E594449E,Warning,INSUFFICIENT_DATA,kpi_005,HOSP-001,DEPT-ADM,2026-05-21,Insufficient data for kpi_005,processed_operational_daily.csv,OPD-HOSP-001-DEPT-ADM-20260521,PEX-KPI-DCF120177644
ISS-kpi_006-649E2250,Warning,INSUFFICIENT_DATA,kpi_006,HOSP-001,DEPT-ADM,2026-05-21,Insufficient data for kpi_006,processed_operational_daily.csv,OPD-HOSP-001-DEPT-ADM-20260521,PEX-KPI-DCF120177644
ISS-kpi_005-2D43D3E3,Warning,ZERO_DENOMINATOR,kpi_005,HOSP-001,DEPT-ADM,2026-05-22,Zero denominator for kpi_005,processed_operational_daily.csv,OPD-HOSP-001-DEPT-ADM-20260522,PEX-KPI-DCF120177644
ISS-kpi_005-3D70B993,Warning,ZERO_DENOMINATOR,kpi_005,HOSP-001,DEPT-ADM,2026-05-23,Zero denominator for kpi_005,processed_operational_daily.csv,OPD-HOSP-001-DEPT-ADM-20260523,PEX-KPI-DCF120177644
ISS-kpi_005-E94EBEFF,Warning,ZERO_DENOMINATOR,kpi_005,HOSP-001,DEPT-ADM,2026-05-24,Zero denominator for kpi_005,processed_operational_daily.csv,OPD-HOSP-001-DEPT-ADM-20260524,PEX-KPI-DCF120177644
ISS-kpi_005-3E14AC07,Warning,ZERO_DENOMINATOR,kpi_005,HOSP-001,DEPT-ADM,2026-05-25,Zero denominator for kpi_005,processed_operational_daily.csv,OPD-HOSP-001-DEPT-ADM-20260525,PEX-KPI-DCF120177644
ISS-kpi_005-70A5A5D1,Warning,ZERO_DENOMINATOR,kpi_005,HOSP-001,DEPT-ADM,2026-05-26,Zero denominator for kpi_005,processed_operational_daily.csv,OPD-HOSP-001-DEPT-ADM-20260526,PEX-KPI-DCF120177644
ISS-kpi_005-612BA76C,Warning,ZERO_DENOMINATOR,kpi_005,HOSP-001,DEPT-ADM,2026-05-27,Zero denominator for kpi_005,processed_operational_daily.csv,OPD-HOSP-001-DEPT-ADM-20260527,PEX-KPI-DCF120177644
ISS-kpi_005-2185CE67,Warning,INSUFFICIENT_DATA,kpi_005,HOSP-001,DEPT-ADM,2026-05-28,Insufficient data for kpi_005,processed_operational_daily.csv,OPD-HOSP-001-DEPT-ADM-20260528,PEX-KPI-DCF120177644
ISS-kpi_006-09707B68,Warning,INSUFFICIENT_DATA,kpi_006,HOSP-001,DEPT-ADM,2026-05-28,Insufficient data for kpi_006,processed_operational_daily.csv,OPD-HOSP-001-DEPT-ADM-20260528,PEX-KPI-DCF120177644
ISS-kpi_005-E74F237E,Warning,ZERO_DENOMINATOR,kpi_005,HOSP-001,DEPT-ADM,2026-05-29,Zero denominator for kpi_005,processed_operational_daily.csv,OPD-HOSP-001-DEPT-ADM-20260529,PEX-KPI-DCF120177644
ISS-kpi_005-4BD74D7E,Warning,ZERO_DENOMINATOR,kpi_005,HOSP-001,DEPT-ADM,2026-05-30,Zero denominator for kpi_005,processed_operational_daily.csv,OPD-HOSP-001-DEPT-ADM-20260530,PEX-KPI-DCF120177644
ISS-kpi_005-DE5C9929,Warning,ZERO_DENOMINATOR,kpi_005,HOSP-001,DEPT-ADM,2026-05-31,Zero denominator for kpi_005,processed_operational_daily.csv,OPD-HOSP-001-DEPT-ADM-20260531,PEX-KPI-DCF120177644
ISS-kpi_005-B66275C0,Warning,ZERO_DENOMINATOR,kpi_005,HOSP-001,DEPT-ADM,2026-06-01,Zero denominator for kpi_005,processed_operational_daily.csv,OPD-HOSP-001-DEPT-ADM-20260601,PEX-KPI-DCF120177644
ISS-kpi_005-4648FC20,Warning,ZERO_DENOMINATOR,kpi_005,HOSP-001,DEPT-ADM,2026-06-02,Zero denominator for kpi_005,processed_operational_daily.csv,OPD-HOSP-001-DEPT-ADM-20260602,PEX-KPI-DCF120177644
ISS-kpi_005-C3952BEC,Warning,ZERO_DENOMINATOR,kpi_005,HOSP-001,DEPT-ADM,2026-06-03,Zero denominator for kpi_005,processed_operational_daily.csv,OPD-HOSP-001-DEPT-ADM-20260603,PEX-KPI-DCF120177644
ISS-kpi_005-70A46E13,Warning,ZERO_DENOMINATOR,kpi_005,HOSP-001,DEPT-ADM,2026-06-04,Zero denominator for kpi_005,processed_operational_daily.csv,OPD-HOSP-001-DEPT-ADM-20260604,PEX-KPI-DCF120177644
ISS-kpi_005-EE6DC1E9,Warning,ZERO_DENOMINATOR,kpi_005,HOSP-001,DEPT-ADM,2026-06-05,Zero denominator for kpi_005,processed_operational_daily.csv,OPD-HOSP-001-DEPT-ADM-20260605,PEX-KPI-DCF120177644
ISS-kpi_006-BA0FC234,Warning,ZERO_DENOMINATOR,kpi_006,HOSP-001,DEPT-ADM,2026-06-05,Zero denominator for kpi_006,processed_operational_daily.csv,OPD-HOSP-001-DEPT-ADM-20260605,PEX-KPI-DCF120177644
ISS-kpi_005-FB0616D1,Warning,ZERO_DENOMINATOR,kpi_005,HOSP-001,DEPT-ADM,2026-06-06,Zero denominator for kpi_005,processed_operational_daily.csv,OPD-HOSP-001-DEPT-ADM-20260606,PEX-KPI-DCF120177644
ISS-kpi_005-8B9BEEDA,Warning,ZERO_DENOMINATOR,kpi_005,HOSP-001,DEPT-ADM,2026-06-07,Zero denominator for kpi_005,processed_operational_daily.csv,OPD-HOSP-001-DEPT-ADM-20260607,PEX-KPI-DCF120177644
ISS-kpi_006-BB0599D0,Warning,ZERO_DENOMINATOR,kpi_006,HOSP-001,DEPT-ADM,2026-06-07,Zero denominator for kpi_006,processed_operational_daily.csv,OPD-HOSP-001-DEPT-ADM-20260607,PEX-KPI-DCF120177644
ISS-kpi_005-29BFAFB7,Warning,ZERO_DENOMINATOR,kpi_005,HOSP-001,DEPT-ADM,2026-06-08,Zero denominator for kpi_005,processed_operational_daily.csv,OPD-HOSP-001-DEPT-ADM-20260608,PEX-KPI-DCF120177644
ISS-kpi_005-B2B2AF6E,Warning,ZERO_DENOMINATOR,kpi_005,HOSP-001,DEPT-ADM,2026-06-09,Zero denominator for kpi_005,processed_operational_daily.csv,OPD-HOSP-001-DEPT-ADM-20260609,PEX-KPI-DCF120177644
ISS-kpi_005-EB3A243A,Warning,ZERO_DENOMINATOR,kpi_005,HOSP-001,DEPT-ADM,2026-06-10,Zero denominator for kpi_005,processed_operational_daily.csv,OPD-HOSP-001-DEPT-ADM-20260610,PEX-KPI-DCF120177644
ISS-kpi_005-56DEA077,Warning,ZERO_DENOMINATOR,kpi_005,HOSP-001,DEPT-ADM,2026-06-11,Zero denominator for kpi_005,processed_operational_daily.csv,OPD-HOSP-001-DEPT-ADM-20260611,PEX-KPI-DCF120177644
ISS-kpi_005-7B10B966,Warning,INSUFFICIENT_DATA,kpi_005,HOSP-001,DEPT-ADM,2026-06-12,Insufficient data for kpi_005,processed_operational_daily.csv,OPD-HOSP-001-DEPT-ADM-20260612,PEX-KPI-DCF120177644
ISS-kpi_006-CB8324DC,Warning,INSUFFICIENT_DATA,kpi_006,HOSP-001,DEPT-ADM,2026-06-12,Insufficient data for kpi_006,processed_operational_daily.csv,OPD-HOSP-001-DEPT-ADM-20260612,PEX-KPI-DCF120177644
ISS-kpi_005-CCB3846B,Warning,ZERO_DENOMINATOR,kpi_005,HOSP-001,DEPT-ADM,2026-06-13,Zero denominator for kpi_005,processed_operational_daily.csv,OPD-HOSP-001-DEPT-ADM-20260613,PEX-KPI-DCF120177644
ISS-kpi_006-895D322F,Warning,ZERO_DENOMINATOR,kpi_006,HOSP-001,DEPT-ADM,2026-06-13,Zero denominator for kpi_006,processed_operational_daily.csv,OPD-HOSP-001-DEPT-ADM-20260613,PEX-KPI-DCF120177644
ISS-kpi_005-B4344BD0,Warning,ZERO_DENOMINATOR,kpi_005,HOSP-001,DEPT-ADM,2026-06-14,Zero denominator for kpi_005,processed_operational_daily.csv,OPD-HOSP-001-DEPT-ADM-20260614,PEX-KPI-DCF120177644
ISS-kpi_005-2D17F746,Warning,ZERO_DENOMINATOR,kpi_005,HOSP-001,DEPT-ADM,2026-06-15,Zero denominator for kpi_005,processed_operational_daily.csv,OPD-HOSP-001-DEPT-ADM-20260615,PEX-KPI-DCF120177644
ISS-kpi_005-B73B3262,Warning,ZERO_DENOMINATOR,kpi_005,HOSP-001,DEPT-ADM,2026-06-16,Zero denominator for kpi_005,processed_operational_daily.csv,OPD-HOSP-001-DEPT-ADM-20260616,PEX-KPI-DCF120177644
ISS-kpi_005-61D0180B,Warning,ZERO_DENOMINATOR,kpi_005,HOSP-001,DEPT-ADM,2026-06-17,Zero denominator for kpi_005,processed_operational_daily.csv,OPD-HOSP-001-DEPT-ADM-20260617,PEX-KPI-DCF120177644
ISS-kpi_005-0A147210,Warning,ZERO_DENOMINATOR,kpi_005,HOSP-001,DEPT-ADM,2026-06-18,Zero denominator for kpi_005,processed_operational_daily.csv,OPD-HOSP-001-DEPT-ADM-20260618,PEX-KPI-DCF120177644
ISS-kpi_005-65509320,Warning,ZERO_DENOMINATOR,kpi_005,HOSP-001,DEPT-ADM,2026-06-19,Zero denominator for kpi_005,processed_operational_daily.csv,OPD-HOSP-001-DEPT-ADM-20260619,PEX-KPI-DCF120177644
ISS-kpi_005-6583029B,Warning,ZERO_DENOMINATOR,kpi_005,HOSP-001,DEPT-ADM,2026-06-20,Zero denominator for kpi_005,processed_operational_daily.csv,OPD-HOSP-001-DEPT-ADM-20260620,PEX-KPI-DCF120177644
ISS-kpi_005-DDB68CB6,Warning,ZERO_DENOMINATOR,kpi_005,HOSP-001,DEPT-ADM,2026-06-21,Zero denominator for kpi_005,processed_operational_daily.csv,OPD-HOSP-001-DEPT-ADM-20260621,PEX-KPI-DCF120177644
ISS-kpi_005-1A7B1E34,Warning,ZERO_DENOMINATOR,kpi_005,HOSP-001,DEPT-ADM,2026-06-22,Zero denominator for kpi_005,processed_operational_daily.csv,OPD-HOSP-001-DEPT-ADM-20260622,PEX-KPI-DCF120177644
ISS-kpi_005-2C8C275E,Warning,ZERO_DENOMINATOR,kpi_005,HOSP-001,DEPT-ADM,2026-06-23,Zero denominator for kpi_005,processed_operational_daily.csv,OPD-HOSP-001-DEPT-ADM-20260623,PEX-KPI-DCF120177644
ISS-kpi_005-53CABB6C,Warning,ZERO_DENOMINATOR,kpi_005,HOSP-001,DEPT-ADM,2026-06-24,Zero denominator for kpi_005,processed_operational_daily.csv,OPD-HOSP-001-DEPT-ADM-20260624,PEX-KPI-DCF120177644
ISS-kpi_005-10924D3B,Warning,ZERO_DENOMINATOR,kpi_005,HOSP-001,DEPT-ADM,2026-06-25,Zero denominator for kpi_005,processed_operational_daily.csv,OPD-HOSP-001-DEPT-ADM-20260625,PEX-KPI-DCF120177644
ISS-kpi_005-52122E12,Warning,ZERO_DENOMINATOR,kpi_005,HOSP-001,DEPT-ADM,2026-06-26,Zero denominator for kpi_005,processed_operational_daily.csv,OPD-HOSP-001-DEPT-ADM-20260626,PEX-KPI-DCF120177644
ISS-kpi_005-942E4188,Warning,ZERO_DENOMINATOR,kpi_005,HOSP-001,DEPT-ADM,2026-06-27,Zero denominator for kpi_005,processed_operational_daily.csv,OPD-HOSP-001-DEPT-ADM-20260627,PEX-KPI-DCF120177644
ISS-kpi_006-26D792AA,Warning,ZERO_DENOMINATOR,kpi_006,HOSP-001,DEPT-ADM,2026-06-27,Zero denominator for kpi_006,processed_operational_daily.csv,OPD-HOSP-001-DEPT-ADM-20260627,PEX-KPI-DCF120177644
ISS-kpi_005-BAB3A196,Warning,ZERO_DENOMINATOR,kpi_005,HOSP-001,DEPT-ADM,2026-06-28,Zero denominator for kpi_005,processed_operational_daily.csv,OPD-HOSP-001-DEPT-ADM-20260628,PEX-KPI-DCF120177644
ISS-kpi_005-4ACDED8E,Warning,ZERO_DENOMINATOR,kpi_005,HOSP-001,DEPT-ADM,2026-06-29,Zero denominator for kpi_005,processed_operational_daily.csv,OPD-HOSP-001-DEPT-ADM-20260629,PEX-KPI-DCF120177644
ISS-kpi_005-AF3A45E2,Warning,INSUFFICIENT_DATA,kpi_005,HOSP-001,DEPT-ADM,2026-06-30,Insufficient data for kpi_005,processed_operational_daily.csv,OPD-HOSP-001-DEPT-ADM-20260630,PEX-KPI-DCF120177644
ISS-kpi_006-B6EB9E1F,Warning,INSUFFICIENT_DATA,kpi_006,HOSP-001,DEPT-ADM,2026-06-30,Insufficient data for kpi_006,processed_operational_daily.csv,OPD-HOSP-001-DEPT-ADM-20260630,PEX-KPI-DCF120177644
ISS-kpi_005-813B2DC5,Warning,INSUFFICIENT_DATA,kpi_005,HOSP-001,DEPT-ADM,2026-07-01,Insufficient data for kpi_005,processed_operational_daily.csv,OPD-HOSP-001-DEPT-ADM-20260701,PEX-KPI-DCF120177644
ISS-kpi_006-DBA6201E,Warning,INSUFFICIENT_DATA,kpi_006,HOSP-001,DEPT-ADM,2026-07-01,Insufficient data for kpi_006,processed_operational_daily.csv,OPD-HOSP-001-DEPT-ADM-20260701,PEX-KPI-DCF120177644
ISS-kpi_005-B2BDCF61,Warning,INSUFFICIENT_DATA,kpi_005,HOSP-001,DEPT-ADM,2026-07-02,Insufficient data for kpi_005,processed_operational_daily.csv,OPD-HOSP-001-DEPT-ADM-20260702,PEX-KPI-DCF120177644
ISS-kpi_006-94A289A8,Warning,INSUFFICIENT_DATA,kpi_006,HOSP-001,DEPT-ADM,2026-07-02,Insufficient data for kpi_006,processed_operational_daily.csv,OPD-HOSP-001-DEPT-ADM-20260702,PEX-KPI-DCF120177644
ISS-kpi_005-3229F548,Warning,ZERO_DENOMINATOR,kpi_005,HOSP-001,DEPT-ADM,2026-07-03,Zero denominator for kpi_005,processed_operational_daily.csv,OPD-HOSP-001-DEPT-ADM-20260703,PEX-KPI-DCF120177644
ISS-kpi_005-E932EF09,Warning,ZERO_DENOMINATOR,kpi_005,HOSP-001,DEPT-ADM,2026-07-04,Zero denominator for kpi_005,processed_operational_daily.csv,OPD-HOSP-001-DEPT-ADM-20260704,PEX-KPI-DCF120177644
ISS-kpi_005-C58A2A86,Warning,ZERO_DENOMINATOR,kpi_005,HOSP-001,DEPT-ADM,2026-07-05,Zero denominator for kpi_005,processed_operational_daily.csv,OPD-HOSP-001-DEPT-ADM-20260705,PEX-KPI-DCF120177644
ISS-kpi_005-C673F8BD,Warning,ZERO_DENOMINATOR,kpi_005,HOSP-001,DEPT-ADM,2026-07-06,Zero denominator for kpi_005,processed_operational_daily.csv,OPD-HOSP-001-DEPT-ADM-20260706,PEX-KPI-DCF120177644
ISS-kpi_005-01B58B0D,Warning,ZERO_DENOMINATOR,kpi_005,HOSP-001,DEPT-ADM,2026-07-07,Zero denominator for kpi_005,processed_operational_daily.csv,OPD-HOSP-001-DEPT-ADM-20260707,PEX-KPI-DCF120177644
ISS-kpi_005-5A352026,Warning,ZERO_DENOMINATOR,kpi_005,HOSP-001,DEPT-ADM,2026-07-08,Zero denominator for kpi_005,processed_operational_daily.csv,OPD-HOSP-001-DEPT-ADM-20260708,PEX-KPI-DCF120177644
ISS-kpi_005-F137FA08,Warning,ZERO_DENOMINATOR,kpi_005,HOSP-001,DEPT-ADM,2026-07-09,Zero denominator for kpi_005,processed_operational_daily.csv,OPD-HOSP-001-DEPT-ADM-20260709,PEX-KPI-DCF120177644
ISS-kpi_005-2C98668C,Warning,ZERO_DENOMINATOR,kpi_005,HOSP-001,DEPT-ADM,2026-07-10,Zero denominator for kpi_005,processed_operational_daily.csv,OPD-HOSP-001-DEPT-ADM-20260710,PEX-KPI-DCF120177644
ISS-kpi_005-FD50121F,Warning,ZERO_DENOMINATOR,kpi_005,HOSP-001,DEPT-ADM,2026-07-11,Zero denominator for kpi_005,processed_operational_daily.csv,OPD-HOSP-001-DEPT-ADM-20260711,PEX-KPI-DCF120177644
ISS-kpi_005-71D481DC,Warning,ZERO_DENOMINATOR,kpi_005,HOSP-001,DEPT-ADM,2026-07-12,Zero denominator for kpi_005,processed_operational_daily.csv,OPD-HOSP-001-DEPT-ADM-20260712,PEX-KPI-DCF120177644
ISS-kpi_005-E975AC6E,Warning,ZERO_DENOMINATOR,kpi_005,HOSP-001,DEPT-ADM,2026-07-13,Zero denominator for kpi_005,processed_operational_daily.csv,OPD-HOSP-001-DEPT-ADM-20260713,PEX-KPI-DCF120177644
ISS-kpi_005-AFD73C29,Warning,ZERO_DENOMINATOR,kpi_005,HOSP-001,DEPT-ADM,2026-07-14,Zero denominator for kpi_005,processed_operational_daily.csv,OPD-HOSP-001-DEPT-ADM-20260714,PEX-KPI-DCF120177644
ISS-kpi_005-C5331D27,Warning,INSUFFICIENT_DATA,kpi_005,HOSP-001,DEPT-ADM,2026-07-15,Insufficient data for kpi_005,processed_operational_daily.csv,OPD-HOSP-001-DEPT-ADM-20260715,PEX-KPI-DCF120177644
ISS-kpi_006-0B3077DB,Warning,INSUFFICIENT_DATA,kpi_006,HOSP-001,DEPT-ADM,2026-07-15,Insufficient data for kpi_006,processed_operational_daily.csv,OPD-HOSP-001-DEPT-ADM-20260715,PEX-KPI-DCF120177644
ISS-kpi_005-5E0DF8C2,Warning,ZERO_DENOMINATOR,kpi_005,HOSP-001,DEPT-ADM,2026-07-16,Zero denominator for kpi_005,processed_operational_daily.csv,OPD-HOSP-001-DEPT-ADM-20260716,PEX-KPI-DCF120177644
ISS-kpi_005-10DBBD88,Warning,ZERO_DENOMINATOR,kpi_005,HOSP-001,DEPT-ADM,2026-07-17,Zero denominator for kpi_005,processed_operational_daily.csv,OPD-HOSP-001-DEPT-ADM-20260717,PEX-KPI-DCF120177644
ISS-kpi_006-6EE28A37,Warning,ZERO_DENOMINATOR,kpi_006,HOSP-001,DEPT-ADM,2026-07-17,Zero denominator for kpi_006,processed_operational_daily.csv,OPD-HOSP-001-DEPT-ADM-20260717,PEX-KPI-DCF120177644
ISS-kpi_005-2C9370ED,Warning,ZERO_DENOMINATOR,kpi_005,HOSP-001,DEPT-ADM,2026-07-18,Zero denominator for kpi_005,processed_operational_daily.csv,OPD-HOSP-001-DEPT-ADM-20260718,PEX-KPI-DCF120177644
ISS-kpi_005-52812F8A,Warning,ZERO_DENOMINATOR,kpi_005,HOSP-001,DEPT-ADM,2026-07-19,Zero denominator for kpi_005,processed_operational_daily.csv,OPD-HOSP-001-DEPT-ADM-20260719,PEX-KPI-DCF120177644
ISS-kpi_005-4559860D,Warning,INSUFFICIENT_DATA,kpi_005,HOSP-001,DEPT-ADM,2026-07-20,Insufficient data for kpi_005,processed_operational_daily.csv,OPD-HOSP-001-DEPT-ADM-20260720,PEX-KPI-DCF120177644
ISS-kpi_006-9AEBE057,Warning,INSUFFICIENT_DATA,kpi_006,HOSP-001,DEPT-ADM,2026-07-20,Insufficient data for kpi_006,processed_operational_daily.csv,OPD-HOSP-001-DEPT-ADM-20260720,PEX-KPI-DCF120177644
ISS-kpi_005-F0D8F37C,Warning,ZERO_DENOMINATOR,kpi_005,HOSP-001,DEPT-ADM,2026-07-21,Zero denominator for kpi_005,processed_operational_daily.csv,OPD-HOSP-001-DEPT-ADM-20260721,PEX-KPI-DCF120177644
ISS-kpi_005-BD809139,Warning,ZERO_DENOMINATOR,kpi_005,HOSP-001,DEPT-ADM,2026-07-22,Zero denominator for kpi_005,processed_operational_daily.csv,OPD-HOSP-001-DEPT-ADM-20260722,PEX-KPI-DCF120177644
ISS-kpi_005-558BA458,Warning,ZERO_DENOMINATOR,kpi_005,HOSP-001,DEPT-ADM,2026-07-23,Zero denominator for kpi_005,processed_operational_daily.csv,OPD-HOSP-001-DEPT-ADM-20260723,PEX-KPI-DCF120177644
ISS-kpi_005-7E0061C1,Warning,ZERO_DENOMINATOR,kpi_005,HOSP-001,DEPT-ADM,2026-07-24,Zero denominator for kpi_005,processed_operational_daily.csv,OPD-HOSP-001-DEPT-ADM-20260724,PEX-KPI-DCF120177644
ISS-kpi_006-9019B185,Warning,ZERO_DENOMINATOR,kpi_006,HOSP-001,DEPT-ADM,2026-07-24,Zero denominator for kpi_006,processed_operational_daily.csv,OPD-HOSP-001-DEPT-ADM-20260724,PEX-KPI-DCF120177644
ISS-kpi_005-DB299407,Warning,ZERO_DENOMINATOR,kpi_005,HOSP-001,DEPT-ADM,2026-07-25,Zero denominator for kpi_005,processed_operational_daily.csv,OPD-HOSP-001-DEPT-ADM-20260725,PEX-KPI-DCF120177644
ISS-kpi_005-D0D1DBC5,Warning,ZERO_DENOMINATOR,kpi_005,HOSP-001,DEPT-ADM,2026-07-26,Zero denominator for kpi_005,processed_operational_daily.csv,OPD-HOSP-001-DEPT-ADM-20260726,PEX-KPI-DCF120177644
ISS-kpi_005-8F4B37A0,Warning,ZERO_DENOMINATOR,kpi_005,HOSP-001,DEPT-ADM,2026-07-27,Zero denominator for kpi_005,processed_operational_daily.csv,OPD-HOSP-001-DEPT-ADM-20260727,PEX-KPI-DCF120177644
ISS-kpi_005-519A3689,Warning,INSUFFICIENT_DATA,kpi_005,HOSP-001,DEPT-ADM,2026-07-28,Insufficient data for kpi_005,processed_operational_daily.csv,OPD-HOSP-001-DEPT-ADM-20260728,PEX-KPI-DCF120177644
ISS-kpi_006-5CBC3723,Warning,INSUFFICIENT_DATA,kpi_006,HOSP-001,DEPT-ADM,2026-07-28,Insufficient data for kpi_006,processed_operational_daily.csv,OPD-HOSP-001-DEPT-ADM-20260728,PEX-KPI-DCF120177644
ISS-kpi_005-4E924499,Warning,ZERO_DENOMINATOR,kpi_005,HOSP-001,DEPT-ADM,2026-07-29,Zero denominator for kpi_005,processed_operational_daily.csv,OPD-HOSP-001-DEPT-ADM-20260729,PEX-KPI-DCF120177644
ISS-kpi_005-0516BD44,Warning,INSUFFICIENT_DATA,kpi_005,HOSP-001,DEPT-ADM,2026-07-30,Insufficient data for kpi_005,processed_operational_daily.csv,OPD-HOSP-001-DEPT-ADM-20260730,PEX-KPI-DCF120177644
ISS-kpi_006-BD185DDA,Warning,INSUFFICIENT_DATA,kpi_006,HOSP-001,DEPT-ADM,2026-07-30,Insufficient data for kpi_006,processed_operational_daily.csv,OPD-HOSP-001-DEPT-ADM-20260730,PEX-KPI-DCF120177644
ISS-kpi_005-C7699274,Warning,ZERO_DENOMINATOR,kpi_005,HOSP-001,DEPT-ADM,2026-07-31,Zero denominator for kpi_005,processed_operational_daily.csv,OPD-HOSP-001-DEPT-ADM-20260731,PEX-KPI-DCF120177644
ISS-kpi_005-F1C3B5A9,Warning,ZERO_DENOMINATOR,kpi_005,HOSP-001,DEPT-ADM,2026-08-01,Zero denominator for kpi_005,processed_operational_daily.csv,OPD-HOSP-001-DEPT-ADM-20260801,PEX-KPI-DCF120177644
ISS-kpi_005-F2347002,Warning,ZERO_DENOMINATOR,kpi_005,HOSP-001,DEPT-ADM,2026-08-02,Zero denominator for kpi_005,processed_operational_daily.csv,OPD-HOSP-001-DEPT-ADM-20260802,PEX-KPI-DCF120177644
ISS-kpi_005-325E8328,Warning,ZERO_DENOMINATOR,kpi_005,HOSP-001,DEPT-ADM,2026-08-03,Zero denominator for kpi_005,processed_operational_daily.csv,OPD-HOSP-001-DEPT-ADM-20260803,PEX-KPI-DCF120177644
ISS-kpi_005-04E2448A,Warning,ZERO_DENOMINATOR,kpi_005,HOSP-001,DEPT-ADM,2026-08-04,Zero denominator for kpi_005,processed_operational_daily.csv,OPD-HOSP-001-DEPT-ADM-20260804,PEX-KPI-DCF120177644
ISS-kpi_005-B66148E7,Warning,ZERO_DENOMINATOR,kpi_005,HOSP-001,DEPT-ADM,2026-08-05,Zero denominator for kpi_005,processed_operational_daily.csv,OPD-HOSP-001-DEPT-ADM-20260805,PEX-KPI-DCF120177644
ISS-kpi_005-D074E120,Warning,ZERO_DENOMINATOR,kpi_005,HOSP-001,DEPT-ADM,2026-08-06,Zero denominator for kpi_005,processed_operational_daily.csv,OPD-HOSP-001-DEPT-ADM-20260806,PEX-KPI-DCF120177644
ISS-kpi_005-11FDF85A,Warning,ZERO_DENOMINATOR,kpi_005,HOSP-001,DEPT-ADM,2026-08-07,Zero denominator for kpi_005,processed_operational_daily.csv,OPD-HOSP-001-DEPT-ADM-20260807,PEX-KPI-DCF120177644
ISS-kpi_005-2732AF2C,Warning,ZERO_DENOMINATOR,kpi_005,HOSP-001,DEPT-ADM,2026-08-08,Zero denominator for kpi_005,processed_operational_daily.csv,OPD-HOSP-001-DEPT-ADM-20260808,PEX-KPI-DCF120177644
ISS-kpi_005-E2956080,Warning,ZERO_DENOMINATOR,kpi_005,HOSP-001,DEPT-ADM,2026-08-09,Zero denominator for kpi_005,processed_operational_daily.csv,OPD-HOSP-001-DEPT-ADM-20260809,PEX-KPI-DCF120177644
ISS-kpi_005-55FA5F1A,Warning,ZERO_DENOMINATOR,kpi_005,HOSP-001,DEPT-ADM,2026-08-10,Zero denominator for kpi_005,processed_operational_daily.csv,OPD-HOSP-001-DEPT-ADM-20260810,PEX-KPI-DCF120177644
ISS-kpi_005-93AEB3F4,Warning,ZERO_DENOMINATOR,kpi_005,HOSP-001,DEPT-ADM,2026-08-11,Zero denominator for kpi_005,processed_operational_daily.csv,OPD-HOSP-001-DEPT-ADM-20260811,PEX-KPI-DCF120177644
ISS-kpi_005-D7138E04,Warning,ZERO_DENOMINATOR,kpi_005,HOSP-001,DEPT-ADM,2026-08-12,Zero denominator for kpi_005,processed_operational_daily.csv,OPD-HOSP-001-DEPT-ADM-20260812,PEX-KPI-DCF120177644
ISS-kpi_005-4109196B,Warning,ZERO_DENOMINATOR,kpi_005,HOSP-001,DEPT-ADM,2026-08-13,Zero denominator for kpi_005,processed_operational_daily.csv,OPD-HOSP-001-DEPT-ADM-20260813,PEX-KPI-DCF120177644
ISS-kpi_005-70929E32,Warning,ZERO_DENOMINATOR,kpi_005,HOSP-001,DEPT-ADM,2026-08-14,Zero denominator for kpi_005,processed_operational_daily.csv,OPD-HOSP-001-DEPT-ADM-20260814,PEX-KPI-DCF120177644
ISS-kpi_005-BFA8B160,Warning,ZERO_DENOMINATOR,kpi_005,HOSP-001,DEPT-ADM,2026-08-15,Zero denominator for kpi_005,processed_operational_daily.csv,OPD-HOSP-001-DEPT-ADM-20260815,PEX-KPI-DCF120177644
ISS-kpi_005-D387942A,Warning,ZERO_DENOMINATOR,kpi_005,HOSP-001,DEPT-ADM,2026-08-16,Zero denominator for kpi_005,processed_operational_daily.csv,OPD-HOSP-001-DEPT-ADM-20260816,PEX-KPI-DCF120177644
ISS-kpi_005-07E49DDF,Warning,ZERO_DENOMINATOR,kpi_005,HOSP-001,DEPT-ADM,2026-08-17,Zero denominator for kpi_005,processed_operational_daily.csv,OPD-HOSP-001-DEPT-ADM-20260817,PEX-KPI-DCF120177644
ISS-kpi_005-6F83E6D9,Warning,ZERO_DENOMINATOR,kpi_005,HOSP-001,DEPT-ADM,2026-08-18,Zero denominator for kpi_005,processed_operational_daily.csv,OPD-HOSP-001-DEPT-ADM-20260818,PEX-KPI-DCF120177644
ISS-kpi_005-1F86F4C1,Warning,ZERO_DENOMINATOR,kpi_005,HOSP-001,DEPT-ADM,2026-08-19,Zero denominator for kpi_005,processed_operational_daily.csv,OPD-HOSP-001-DEPT-ADM-20260819,PEX-KPI-DCF120177644
ISS-kpi_006-7CB841B4,Warning,ZERO_DENOMINATOR,kpi_006,HOSP-001,DEPT-ADM,2026-08-19,Zero denominator for kpi_006,processed_operational_daily.csv,OPD-HOSP-001-DEPT-ADM-20260819,PEX-KPI-DCF120177644
ISS-kpi_005-1BFED9FC,Warning,ZERO_DENOMINATOR,kpi_005,HOSP-001,DEPT-ADM,2026-08-20,Zero denominator for kpi_005,processed_operational_daily.csv,OPD-HOSP-001-DEPT-ADM-20260820,PEX-KPI-DCF120177644
ISS-kpi_005-D9907CF0,Warning,ZERO_DENOMINATOR,kpi_005,HOSP-001,DEPT-ADM,2026-08-21,Zero denominator for kpi_005,processed_operational_daily.csv,OPD-HOSP-001-DEPT-ADM-20260821,PEX-KPI-DCF120177644
ISS-kpi_005-2385507C,Warning,ZERO_DENOMINATOR,kpi_005,HOSP-001,DEPT-ADM,2026-08-22,Zero denominator for kpi_005,processed_operational_daily.csv,OPD-HOSP-001-DEPT-ADM-20260822,PEX-KPI-DCF120177644
ISS-kpi_005-A3D87927,Warning,ZERO_DENOMINATOR,kpi_005,HOSP-001,DEPT-ADM,2026-08-23,Zero denominator for kpi_005,processed_operational_daily.csv,OPD-HOSP-001-DEPT-ADM-20260823,PEX-KPI-DCF120177644
ISS-kpi_005-DEE8952C,Warning,ZERO_DENOMINATOR,kpi_005,HOSP-001,DEPT-ADM,2026-08-24,Zero denominator for kpi_005,processed_operational_daily.csv,OPD-HOSP-001-DEPT-ADM-20260824,PEX-KPI-DCF120177644
ISS-kpi_005-8DBAF5C7,Warning,ZERO_DENOMINATOR,kpi_005,HOSP-001,DEPT-ADM,2026-08-25,Zero denominator for kpi_005,processed_operational_daily.csv,OPD-HOSP-001-DEPT-ADM-20260825,PEX-KPI-DCF120177644
ISS-kpi_005-DAB596FC,Warning,ZERO_DENOMINATOR,kpi_005,HOSP-001,DEPT-ADM,2026-08-26,Zero denominator for kpi_005,processed_operational_daily.csv,OPD-HOSP-001-DEPT-ADM-20260826,PEX-KPI-DCF120177644
ISS-kpi_005-B95BF8A6,Warning,ZERO_DENOMINATOR,kpi_005,HOSP-001,DEPT-ADM,2026-08-27,Zero denominator for kpi_005,processed_operational_daily.csv,OPD-HOSP-001-DEPT-ADM-20260827,PEX-KPI-DCF120177644
ISS-kpi_005-456F656E,Warning,ZERO_DENOMINATOR,kpi_005,HOSP-001,DEPT-ADM,2026-08-28,Zero denominator for kpi_005,processed_operational_daily.csv,OPD-HOSP-001-DEPT-ADM-20260828,PEX-KPI-DCF120177644
ISS-kpi_005-77B34AAA,Warning,ZERO_DENOMINATOR,kpi_005,HOSP-001,DEPT-ADM,2026-08-29,Zero denominator for kpi_005,processed_operational_daily.csv,OPD-HOSP-001-DEPT-ADM-20260829,PEX-KPI-DCF120177644
ISS-kpi_005-12F335E0,Warning,ZERO_DENOMINATOR,kpi_005,HOSP-001,DEPT-ADM,2026-08-30,Zero denominator for kpi_005,processed_operational_daily.csv,OPD-HOSP-001-DEPT-ADM-20260830,PEX-KPI-DCF120177644
ISS-kpi_005-3C4C907D,Warning,ZERO_DENOMINATOR,kpi_005,HOSP-001,DEPT-ADM,2026-08-31,Zero denominator for kpi_005,processed_operational_daily.csv,OPD-HOSP-001-DEPT-ADM-20260831,PEX-KPI-DCF120177644
ISS-kpi_005-849E5CD9,Warning,ZERO_DENOMINATOR,kpi_005,HOSP-001,DEPT-ADM,2026-09-01,Zero denominator for kpi_005,processed_operational_daily.csv,OPD-HOSP-001-DEPT-ADM-20260901,PEX-KPI-DCF120177644
ISS-kpi_006-5866BCB7,Warning,ZERO_DENOMINATOR,kpi_006,HOSP-001,DEPT-ADM,2026-09-01,Zero denominator for kpi_006,processed_operational_daily.csv,OPD-HOSP-001-DEPT-ADM-20260901,PEX-KPI-DCF120177644
ISS-kpi_005-F29C2BDD,Warning,ZERO_DENOMINATOR,kpi_005,HOSP-001,DEPT-ADM,2026-09-02,Zero denominator for kpi_005,processed_operational_daily.csv,OPD-HOSP-001-DEPT-ADM-20260902,PEX-KPI-DCF120177644
ISS-kpi_005-36148A74,Warning,ZERO_DENOMINATOR,kpi_005,HOSP-001,DEPT-ADM,2026-09-03,Zero denominator for kpi_005,processed_operational_daily.csv,OPD-HOSP-001-DEPT-ADM-20260903,PEX-KPI-DCF120177644
ISS-kpi_005-26E072C8,Warning,ZERO_DENOMINATOR,kpi_005,HOSP-001,DEPT-ADM,2026-09-04,Zero denominator for kpi_005,processed_operational_daily.csv,OPD-HOSP-001-DEPT-ADM-20260904,PEX-KPI-DCF120177644
ISS-kpi_005-72A90B00,Warning,ZERO_DENOMINATOR,kpi_005,HOSP-001,DEPT-ADM,2026-09-05,Zero denominator for kpi_005,processed_operational_daily.csv,OPD-HOSP-001-DEPT-ADM-20260905,PEX-KPI-DCF120177644
ISS-kpi_005-1A5ACC4D,Warning,ZERO_DENOMINATOR,kpi_005,HOSP-001,DEPT-ADM,2026-09-06,Zero denominator for kpi_005,processed_operational_daily.csv,OPD-HOSP-001-DEPT-ADM-20260906,PEX-KPI-DCF120177644
ISS-kpi_005-B626C05E,Warning,ZERO_DENOMINATOR,kpi_005,HOSP-001,DEPT-ADM,2026-09-07,Zero denominator for kpi_005,processed_operational_daily.csv,OPD-HOSP-001-DEPT-ADM-20260907,PEX-KPI-DCF120177644
ISS-kpi_005-C5F7F3B1,Warning,INSUFFICIENT_DATA,kpi_005,HOSP-001,DEPT-ADM,2026-09-08,Insufficient data for kpi_005,processed_operational_daily.csv,OPD-HOSP-001-DEPT-ADM-20260908,PEX-KPI-DCF120177644
ISS-kpi_006-1F3BDA08,Warning,INSUFFICIENT_DATA,kpi_006,HOSP-001,DEPT-ADM,2026-09-08,Insufficient data for kpi_006,processed_operational_daily.csv,OPD-HOSP-001-DEPT-ADM-20260908,PEX-KPI-DCF120177644
ISS-kpi_005-1322C7C7,Warning,ZERO_DENOMINATOR,kpi_005,HOSP-001,DEPT-ADM,2026-09-09,Zero denominator for kpi_005,processed_operational_daily.csv,OPD-HOSP-001-DEPT-ADM-20260909,PEX-KPI-DCF120177644
ISS-kpi_005-EF5F4BFC,Warning,INSUFFICIENT_DATA,kpi_005,HOSP-001,DEPT-ADM,2026-09-10,Insufficient data for kpi_005,processed_operational_daily.csv,OPD-HOSP-001-DEPT-ADM-20260910,PEX-KPI-DCF120177644
ISS-kpi_006-07CBB3B2,Warning,INSUFFICIENT_DATA,kpi_006,HOSP-001,DEPT-ADM,2026-09-10,Insufficient data for kpi_006,processed_operational_daily.csv,OPD-HOSP-001-DEPT-ADM-20260910,PEX-KPI-DCF120177644
ISS-kpi_005-31D6B564,Warning,ZERO_DENOMINATOR,kpi_005,HOSP-001,DEPT-ADM,2026-09-11,Zero denominator for kpi_005,processed_operational_daily.csv,OPD-HOSP-001-DEPT-ADM-20260911,PEX-KPI-DCF120177644
ISS-kpi_005-81B33B85,Warning,ZERO_DENOMINATOR,kpi_005,HOSP-001,DEPT-ADM,2026-09-12,Zero denominator for kpi_005,processed_operational_daily.csv,OPD-HOSP-001-DEPT-ADM-20260912,PEX-KPI-DCF120177644
ISS-kpi_005-FEB223CB,Warning,ZERO_DENOMINATOR,kpi_005,HOSP-001,DEPT-ADM,2026-09-13,Zero denominator for kpi_005,processed_operational_daily.csv,OPD-HOSP-001-DEPT-ADM-20260913,PEX-KPI-DCF120177644
ISS-kpi_005-6F626428,Warning,ZERO_DENOMINATOR,kpi_005,HOSP-001,DEPT-ADM,2026-09-14,Zero denominator for kpi_005,processed_operational_daily.csv,OPD-HOSP-001-DEPT-ADM-20260914,PEX-KPI-DCF120177644
ISS-kpi_005-96AFA8A4,Warning,INSUFFICIENT_DATA,kpi_005,HOSP-001,DEPT-ADM,2026-09-15,Insufficient data for kpi_005,processed_operational_daily.csv,OPD-HOSP-001-DEPT-ADM-20260915,PEX-KPI-DCF120177644
ISS-kpi_006-53FA4D1F,Warning,INSUFFICIENT_DATA,kpi_006,HOSP-001,DEPT-ADM,2026-09-15,Insufficient data for kpi_006,processed_operational_daily.csv,OPD-HOSP-001-DEPT-ADM-20260915,PEX-KPI-DCF120177644
ISS-kpi_005-0D6E2C00,Warning,ZERO_DENOMINATOR,kpi_005,HOSP-001,DEPT-ADM,2026-09-16,Zero denominator for kpi_005,processed_operational_daily.csv,OPD-HOSP-001-DEPT-ADM-20260916,PEX-KPI-DCF120177644
ISS-kpi_005-AB145102,Warning,INSUFFICIENT_DATA,kpi_005,HOSP-001,DEPT-ADM,2026-09-17,Insufficient data for kpi_005,processed_operational_daily.csv,OPD-HOSP-001-DEPT-ADM-20260917,PEX-KPI-DCF120177644
ISS-kpi_006-44157A70,Warning,INSUFFICIENT_DATA,kpi_006,HOSP-001,DEPT-ADM,2026-09-17,Insufficient data for kpi_006,processed_operational_daily.csv,OPD-HOSP-001-DEPT-ADM-20260917,PEX-KPI-DCF120177644
ISS-kpi_005-4E8020E2,Warning,ZERO_DENOMINATOR,kpi_005,HOSP-001,DEPT-ADM,2026-09-18,Zero denominator for kpi_005,processed_operational_daily.csv,OPD-HOSP-001-DEPT-ADM-20260918,PEX-KPI-DCF120177644
ISS-kpi_005-814F3DE7,Warning,ZERO_DENOMINATOR,kpi_005,HOSP-001,DEPT-ADM,2026-09-19,Zero denominator for kpi_005,processed_operational_daily.csv,OPD-HOSP-001-DEPT-ADM-20260919,PEX-KPI-DCF120177644
ISS-kpi_005-B9963131,Warning,ZERO_DENOMINATOR,kpi_005,HOSP-001,DEPT-ADM,2026-09-20,Zero denominator for kpi_005,processed_operational_daily.csv,OPD-HOSP-001-DEPT-ADM-20260920,PEX-KPI-DCF120177644
ISS-kpi_005-9B090EF0,Warning,ZERO_DENOMINATOR,kpi_005,HOSP-001,DEPT-ADM,2026-09-21,Zero denominator for kpi_005,processed_operational_daily.csv,OPD-HOSP-001-DEPT-ADM-20260921,PEX-KPI-DCF120177644
ISS-kpi_005-4E850B71,Warning,ZERO_DENOMINATOR,kpi_005,HOSP-001,DEPT-ADM,2026-09-22,Zero denominator for kpi_005,processed_operational_daily.csv,OPD-HOSP-001-DEPT-ADM-20260922,PEX-KPI-DCF120177644
ISS-kpi_005-BFE8ABA9,Warning,ZERO_DENOMINATOR,kpi_005,HOSP-001,DEPT-ADM,2026-09-23,Zero denominator for kpi_005,processed_operational_daily.csv,OPD-HOSP-001-DEPT-ADM-20260923,PEX-KPI-DCF120177644
ISS-kpi_005-53AB1620,Warning,INSUFFICIENT_DATA,kpi_005,HOSP-001,DEPT-ADM,2026-09-24,Insufficient data for kpi_005,processed_operational_daily.csv,OPD-HOSP-001-DEPT-ADM-20260924,PEX-KPI-DCF120177644
ISS-kpi_006-CD3B3237,Warning,INSUFFICIENT_DATA,kpi_006,HOSP-001,DEPT-ADM,2026-09-24,Insufficient data for kpi_006,processed_operational_daily.csv,OPD-HOSP-001-DEPT-ADM-20260924,PEX-KPI-DCF120177644
ISS-kpi_005-DF3A5383,Warning,ZERO_DENOMINATOR,kpi_005,HOSP-001,DEPT-ADM,2026-09-25,Zero denominator for kpi_005,processed_operational_daily.csv,OPD-HOSP-001-DEPT-ADM-20260925,PEX-KPI-DCF120177644
ISS-kpi_005-BC9732A6,Warning,ZERO_DENOMINATOR,kpi_005,HOSP-001,DEPT-ADM,2026-09-26,Zero denominator for kpi_005,processed_operational_daily.csv,OPD-HOSP-001-DEPT-ADM-20260926,PEX-KPI-DCF120177644
ISS-kpi_005-332EF6D6,Warning,ZERO_DENOMINATOR,kpi_005,HOSP-001,DEPT-ADM,2026-09-27,Zero denominator for kpi_005,processed_operational_daily.csv,OPD-HOSP-001-DEPT-ADM-20260927,PEX-KPI-DCF120177644
ISS-kpi_005-FCC50BE2,Warning,ZERO_DENOMINATOR,kpi_005,HOSP-001,DEPT-ADM,2026-09-28,Zero denominator for kpi_005,processed_operational_daily.csv,OPD-HOSP-001-DEPT-ADM-20260928,PEX-KPI-DCF120177644
ISS-kpi_005-C35426D9,Warning,ZERO_DENOMINATOR,kpi_005,HOSP-001,DEPT-ADM,2026-09-29,Zero denominator for kpi_005,processed_operational_daily.csv,OPD-HOSP-001-DEPT-ADM-20260929,PEX-KPI-DCF120177644
ISS-kpi_005-3890CE69,Warning,ZERO_DENOMINATOR,kpi_005,HOSP-001,DEPT-ADM,2026-09-30,Zero denominator for kpi_005,processed_operational_daily.csv,OPD-HOSP-001-DEPT-ADM-20260930,PEX-KPI-DCF120177644
ISS-kpi_005-CD73BB54,Warning,INSUFFICIENT_DATA,kpi_005,HOSP-001,DEPT-ADM,2026-10-01,Insufficient data for kpi_005,processed_operational_daily.csv,OPD-HOSP-001-DEPT-ADM-20261001,PEX-KPI-DCF120177644
ISS-kpi_006-AA6A974B,Warning,INSUFFICIENT_DATA,kpi_006,HOSP-001,DEPT-ADM,2026-10-01,Insufficient data for kpi_006,processed_operational_daily.csv,OPD-HOSP-001-DEPT-ADM-20261001,PEX-KPI-DCF120177644
ISS-kpi_005-764CA590,Warning,ZERO_DENOMINATOR,kpi_005,HOSP-001,DEPT-ADM,2026-10-02,Zero denominator for kpi_005,processed_operational_daily.csv,OPD-HOSP-001-DEPT-ADM-20261002,PEX-KPI-DCF120177644
ISS-kpi_005-D77C6809,Warning,ZERO_DENOMINATOR,kpi_005,HOSP-001,DEPT-ADM,2026-10-03,Zero denominator for kpi_005,processed_operational_daily.csv,OPD-HOSP-001-DEPT-ADM-20261003,PEX-KPI-DCF120177644
ISS-kpi_005-96DCEE6A,Warning,INSUFFICIENT_DATA,kpi_005,HOSP-001,DEPT-ADM,2026-10-04,Insufficient data for kpi_005,processed_operational_daily.csv,OPD-HOSP-001-DEPT-ADM-20261004,PEX-KPI-DCF120177644
ISS-kpi_006-0977D979,Warning,INSUFFICIENT_DATA,kpi_006,HOSP-001,DEPT-ADM,2026-10-04,Insufficient data for kpi_006,processed_operational_daily.csv,OPD-HOSP-001-DEPT-ADM-20261004,PEX-KPI-DCF120177644
ISS-kpi_005-B18A8FFB,Warning,ZERO_DENOMINATOR,kpi_005,HOSP-001,DEPT-ADM,2026-10-05,Zero denominator for kpi_005,processed_operational_daily.csv,OPD-HOSP-001-DEPT-ADM-20261005,PEX-KPI-DCF120177644
ISS-kpi_005-0143A93C,Warning,ZERO_DENOMINATOR,kpi_005,HOSP-001,DEPT-ADM,2026-10-06,Zero denominator for kpi_005,processed_operational_daily.csv,OPD-HOSP-001-DEPT-ADM-20261006,PEX-KPI-DCF120177644
ISS-kpi_005-BEADDF98,Warning,ZERO_DENOMINATOR,kpi_005,HOSP-001,DEPT-ADM,2026-10-07,Zero denominator for kpi_005,processed_operational_daily.csv,OPD-HOSP-001-DEPT-ADM-20261007,PEX-KPI-DCF120177644
ISS-kpi_005-7D4694C4,Warning,ZERO_DENOMINATOR,kpi_005,HOSP-001,DEPT-ADM,2026-10-08,Zero denominator for kpi_005,processed_operational_daily.csv,OPD-HOSP-001-DEPT-ADM-20261008,PEX-KPI-DCF120177644
ISS-kpi_005-4A639912,Warning,ZERO_DENOMINATOR,kpi_005,HOSP-001,DEPT-ADM,2026-10-09,Zero denominator for kpi_005,processed_operational_daily.csv,OPD-HOSP-001-DEPT-ADM-20261009,PEX-KPI-DCF120177644
ISS-kpi_005-11BF2753,Warning,ZERO_DENOMINATOR,kpi_005,HOSP-001,DEPT-ADM,2026-10-10,Zero denominator for kpi_005,processed_operational_daily.csv,OPD-HOSP-001-DEPT-ADM-20261010,PEX-KPI-DCF120177644
ISS-kpi_005-B9A3584E,Warning,ZERO_DENOMINATOR,kpi_005,HOSP-001,DEPT-ADM,2026-10-11,Zero denominator for kpi_005,processed_operational_daily.csv,OPD-HOSP-001-DEPT-ADM-20261011,PEX-KPI-DCF120177644
ISS-kpi_005-E038D854,Warning,ZERO_DENOMINATOR,kpi_005,HOSP-001,DEPT-ADM,2026-10-12,Zero denominator for kpi_005,processed_operational_daily.csv,OPD-HOSP-001-DEPT-ADM-20261012,PEX-KPI-DCF120177644
ISS-kpi_005-012953B5,Warning,ZERO_DENOMINATOR,kpi_005,HOSP-001,DEPT-ADM,2026-10-13,Zero denominator for kpi_005,processed_operational_daily.csv,OPD-HOSP-001-DEPT-ADM-20261013,PEX-KPI-DCF120177644
ISS-kpi_005-C9CEEFBD,Warning,ZERO_DENOMINATOR,kpi_005,HOSP-001,DEPT-ADM,2026-10-14,Zero denominator for kpi_005,processed_operational_daily.csv,OPD-HOSP-001-DEPT-ADM-20261014,PEX-KPI-DCF120177644
ISS-kpi_005-34E52F55,Warning,ZERO_DENOMINATOR,kpi_005,HOSP-001,DEPT-ADM,2026-10-15,Zero denominator for kpi_005,processed_operational_daily.csv,OPD-HOSP-001-DEPT-ADM-20261015,PEX-KPI-DCF120177644
ISS-kpi_005-9DC4B170,Warning,ZERO_DENOMINATOR,kpi_005,HOSP-001,DEPT-ADM,2026-10-16,Zero denominator for kpi_005,processed_operational_daily.csv,OPD-HOSP-001-DEPT-ADM-20261016,PEX-KPI-DCF120177644
ISS-kpi_005-139ACCA8,Warning,ZERO_DENOMINATOR,kpi_005,HOSP-001,DEPT-ADM,2026-10-17,Zero denominator for kpi_005,processed_operational_daily.csv,OPD-HOSP-001-DEPT-ADM-20261017,PEX-KPI-DCF120177644
ISS-kpi_005-D16B15CC,Warning,ZERO_DENOMINATOR,kpi_005,HOSP-001,DEPT-ADM,2026-10-18,Zero denominator for kpi_005,processed_operational_daily.csv,OPD-HOSP-001-DEPT-ADM-20261018,PEX-KPI-DCF120177644
ISS-kpi_005-8B6488FD,Warning,ZERO_DENOMINATOR,kpi_005,HOSP-001,DEPT-ADM,2026-10-19,Zero denominator for kpi_005,processed_operational_daily.csv,OPD-HOSP-001-DEPT-ADM-20261019,PEX-KPI-DCF120177644
ISS-kpi_005-BBDF7D1F,Warning,ZERO_DENOMINATOR,kpi_005,HOSP-001,DEPT-ADM,2026-10-20,Zero denominator for kpi_005,processed_operational_daily.csv,OPD-HOSP-001-DEPT-ADM-20261020,PEX-KPI-DCF120177644
ISS-kpi_005-14E7223D,Warning,ZERO_DENOMINATOR,kpi_005,HOSP-001,DEPT-ADM,2026-10-21,Zero denominator for kpi_005,processed_operational_daily.csv,OPD-HOSP-001-DEPT-ADM-20261021,PEX-KPI-DCF120177644
ISS-kpi_005-4FC0865E,Warning,ZERO_DENOMINATOR,kpi_005,HOSP-001,DEPT-ADM,2026-10-22,Zero denominator for kpi_005,processed_operational_daily.csv,OPD-HOSP-001-DEPT-ADM-20261022,PEX-KPI-DCF120177644
ISS-kpi_005-B95E04FB,Warning,ZERO_DENOMINATOR,kpi_005,HOSP-001,DEPT-ADM,2026-10-23,Zero denominator for kpi_005,processed_operational_daily.csv,OPD-HOSP-001-DEPT-ADM-20261023,PEX-KPI-DCF120177644
ISS-kpi_005-35874677,Warning,ZERO_DENOMINATOR,kpi_005,HOSP-001,DEPT-ADM,2026-10-24,Zero denominator for kpi_005,processed_operational_daily.csv,OPD-HOSP-001-DEPT-ADM-20261024,PEX-KPI-DCF120177644
ISS-kpi_005-C52CD09B,Warning,ZERO_DENOMINATOR,kpi_005,HOSP-001,DEPT-ADM,2026-10-25,Zero denominator for kpi_005,processed_operational_daily.csv,OPD-HOSP-001-DEPT-ADM-20261025,PEX-KPI-DCF120177644
ISS-kpi_006-D5C76FCD,Warning,ZERO_DENOMINATOR,kpi_006,HOSP-001,DEPT-ADM,2026-10-25,Zero denominator for kpi_006,processed_operational_daily.csv,OPD-HOSP-001-DEPT-ADM-20261025,PEX-KPI-DCF120177644
ISS-kpi_005-99042D76,Warning,ZERO_DENOMINATOR,kpi_005,HOSP-001,DEPT-ADM,2026-10-26,Zero denominator for kpi_005,processed_operational_daily.csv,OPD-HOSP-001-DEPT-ADM-20261026,PEX-KPI-DCF120177644
ISS-kpi_005-01820E63,Warning,ZERO_DENOMINATOR,kpi_005,HOSP-001,DEPT-ADM,2026-10-27,Zero denominator for kpi_005,processed_operational_daily.csv,OPD-HOSP-001-DEPT-ADM-20261027,PEX-KPI-DCF120177644
ISS-kpi_005-9521DFB0,Warning,ZERO_DENOMINATOR,kpi_005,HOSP-001,DEPT-ADM,2026-10-28,Zero denominator for kpi_005,processed_operational_daily.csv,OPD-HOSP-001-DEPT-ADM-20261028,PEX-KPI-DCF120177644
ISS-kpi_005-3E7AC495,Warning,ZERO_DENOMINATOR,kpi_005,HOSP-001,DEPT-ADM,2026-10-29,Zero denominator for kpi_005,processed_operational_daily.csv,OPD-HOSP-001-DEPT-ADM-20261029,PEX-KPI-DCF120177644
ISS-kpi_005-F3E3C9A0,Warning,ZERO_DENOMINATOR,kpi_005,HOSP-001,DEPT-ADM,2026-10-30,Zero denominator for kpi_005,processed_operational_daily.csv,OPD-HOSP-001-DEPT-ADM-20261030,PEX-KPI-DCF120177644
ISS-kpi_005-9B875364,Warning,ZERO_DENOMINATOR,kpi_005,HOSP-001,DEPT-ADM,2026-10-31,Zero denominator for kpi_005,processed_operational_daily.csv,OPD-HOSP-001-DEPT-ADM-20261031,PEX-KPI-DCF120177644
ISS-kpi_005-1C5EEEB4,Warning,ZERO_DENOMINATOR,kpi_005,HOSP-001,DEPT-ADM,2026-11-01,Zero denominator for kpi_005,processed_operational_daily.csv,OPD-HOSP-001-DEPT-ADM-20261101,PEX-KPI-DCF120177644
ISS-kpi_005-906F9DF6,Warning,ZERO_DENOMINATOR,kpi_005,HOSP-001,DEPT-ADM,2026-11-02,Zero denominator for kpi_005,processed_operational_daily.csv,OPD-HOSP-001-DEPT-ADM-20261102,PEX-KPI-DCF120177644
ISS-kpi_005-A341D07A,Warning,ZERO_DENOMINATOR,kpi_005,HOSP-001,DEPT-ADM,2026-11-03,Zero denominator for kpi_005,processed_operational_daily.csv,OPD-HOSP-001-DEPT-ADM-20261103,PEX-KPI-DCF120177644
ISS-kpi_005-7C8258E3,Warning,ZERO_DENOMINATOR,kpi_005,HOSP-001,DEPT-ADM,2026-11-04,Zero denominator for kpi_005,processed_operational_daily.csv,OPD-HOSP-001-DEPT-ADM-20261104,PEX-KPI-DCF120177644
ISS-kpi_005-8C38AB42,Warning,ZERO_DENOMINATOR,kpi_005,HOSP-001,DEPT-ADM,2026-11-05,Zero denominator for kpi_005,processed_operational_daily.csv,OPD-HOSP-001-DEPT-ADM-20261105,PEX-KPI-DCF120177644
ISS-kpi_005-B40D1FD1,Warning,ZERO_DENOMINATOR,kpi_005,HOSP-001,DEPT-ADM,2026-11-06,Zero denominator for kpi_005,processed_operational_daily.csv,OPD-HOSP-001-DEPT-ADM-20261106,PEX-KPI-DCF120177644
ISS-kpi_005-D3A48579,Warning,ZERO_DENOMINATOR,kpi_005,HOSP-001,DEPT-ADM,2026-11-07,Zero denominator for kpi_005,processed_operational_daily.csv,OPD-HOSP-001-DEPT-ADM-20261107,PEX-KPI-DCF120177644
ISS-kpi_005-AD7CF67C,Warning,ZERO_DENOMINATOR,kpi_005,HOSP-001,DEPT-ADM,2026-11-08,Zero denominator for kpi_005,processed_operational_daily.csv,OPD-HOSP-001-DEPT-ADM-20261108,PEX-KPI-DCF120177644
ISS-kpi_005-3F4495EB,Warning,ZERO_DENOMINATOR,kpi_005,HOSP-001,DEPT-ADM,2026-11-09,Zero denominator for kpi_005,processed_operational_daily.csv,OPD-HOSP-001-DEPT-ADM-20261109,PEX-KPI-DCF120177644
ISS-kpi_005-E560D93D,Warning,ZERO_DENOMINATOR,kpi_005,HOSP-001,DEPT-ADM,2026-11-10,Zero denominator for kpi_005,processed_operational_daily.csv,OPD-HOSP-001-DEPT-ADM-20261110,PEX-KPI-DCF120177644
ISS-kpi_005-98B28B37,Warning,ZERO_DENOMINATOR,kpi_005,HOSP-001,DEPT-ADM,2026-11-11,Zero denominator for kpi_005,processed_operational_daily.csv,OPD-HOSP-001-DEPT-ADM-20261111,PEX-KPI-DCF120177644
ISS-kpi_006-9D0EA03B,Warning,ZERO_DENOMINATOR,kpi_006,HOSP-001,DEPT-ADM,2026-11-11,Zero denominator for kpi_006,processed_operational_daily.csv,OPD-HOSP-001-DEPT-ADM-20261111,PEX-KPI-DCF120177644
ISS-kpi_005-3F48F784,Warning,ZERO_DENOMINATOR,kpi_005,HOSP-001,DEPT-ADM,2026-11-12,Zero denominator for kpi_005,processed_operational_daily.csv,OPD-HOSP-001-DEPT-ADM-20261112,PEX-KPI-DCF120177644
ISS-kpi_005-9ED9CF5E,Warning,ZERO_DENOMINATOR,kpi_005,HOSP-001,DEPT-ADM,2026-11-13,Zero denominator for kpi_005,processed_operational_daily.csv,OPD-HOSP-001-DEPT-ADM-20261113,PEX-KPI-DCF120177644
ISS-kpi_005-9C67D69F,Warning,ZERO_DENOMINATOR,kpi_005,HOSP-001,DEPT-ADM,2026-11-14,Zero denominator for kpi_005,processed_operational_daily.csv,OPD-HOSP-001-DEPT-ADM-20261114,PEX-KPI-DCF120177644
ISS-kpi_005-0AAC74D2,Warning,ZERO_DENOMINATOR,kpi_005,HOSP-001,DEPT-ADM,2026-11-15,Zero denominator for kpi_005,processed_operational_daily.csv,OPD-HOSP-001-DEPT-ADM-20261115,PEX-KPI-DCF120177644
ISS-kpi_005-E563729C,Warning,INSUFFICIENT_DATA,kpi_005,HOSP-001,DEPT-ADM,2026-11-16,Insufficient data for kpi_005,processed_operational_daily.csv,OPD-HOSP-001-DEPT-ADM-20261116,PEX-KPI-DCF120177644
ISS-kpi_006-3A1551F1,Warning,INSUFFICIENT_DATA,kpi_006,HOSP-001,DEPT-ADM,2026-11-16,Insufficient data for kpi_006,processed_operational_daily.csv,OPD-HOSP-001-DEPT-ADM-20261116,PEX-KPI-DCF120177644
ISS-kpi_005-AB7623DD,Warning,ZERO_DENOMINATOR,kpi_005,HOSP-001,DEPT-ADM,2026-11-17,Zero denominator for kpi_005,processed_operational_daily.csv,OPD-HOSP-001-DEPT-ADM-20261117,PEX-KPI-DCF120177644
ISS-kpi_005-1977EDC4,Warning,ZERO_DENOMINATOR,kpi_005,HOSP-001,DEPT-ADM,2026-11-18,Zero denominator for kpi_005,processed_operational_daily.csv,OPD-HOSP-001-DEPT-ADM-20261118,PEX-KPI-DCF120177644
ISS-kpi_005-30CFF3E3,Warning,ZERO_DENOMINATOR,kpi_005,HOSP-001,DEPT-ADM,2026-11-19,Zero denominator for kpi_005,processed_operational_daily.csv,OPD-HOSP-001-DEPT-ADM-20261119,PEX-KPI-DCF120177644
ISS-kpi_005-9F6190F4,Warning,ZERO_DENOMINATOR,kpi_005,HOSP-001,DEPT-ADM,2026-11-20,Zero denominator for kpi_005,processed_operational_daily.csv,OPD-HOSP-001-DEPT-ADM-20261120,PEX-KPI-DCF120177644
ISS-kpi_005-9C7C2154,Warning,ZERO_DENOMINATOR,kpi_005,HOSP-001,DEPT-ADM,2026-11-21,Zero denominator for kpi_005,processed_operational_daily.csv,OPD-HOSP-001-DEPT-ADM-20261121,PEX-KPI-DCF120177644
ISS-kpi_005-63941E91,Warning,ZERO_DENOMINATOR,kpi_005,HOSP-001,DEPT-ADM,2026-11-22,Zero denominator for kpi_005,processed_operational_daily.csv,OPD-HOSP-001-DEPT-ADM-20261122,PEX-KPI-DCF120177644
ISS-kpi_005-842BD32B,Warning,ZERO_DENOMINATOR,kpi_005,HOSP-001,DEPT-ADM,2026-11-23,Zero denominator for kpi_005,processed_operational_daily.csv,OPD-HOSP-001-DEPT-ADM-20261123,PEX-KPI-DCF120177644
ISS-kpi_005-09D8177D,Warning,ZERO_DENOMINATOR,kpi_005,HOSP-001,DEPT-ADM,2026-11-24,Zero denominator for kpi_005,processed_operational_daily.csv,OPD-HOSP-001-DEPT-ADM-20261124,PEX-KPI-DCF120177644
ISS-kpi_005-217FD353,Warning,ZERO_DENOMINATOR,kpi_005,HOSP-001,DEPT-ADM,2026-11-25,Zero denominator for kpi_005,processed_operational_daily.csv,OPD-HOSP-001-DEPT-ADM-20261125,PEX-KPI-DCF120177644
ISS-kpi_006-8AB4E567,Warning,ZERO_DENOMINATOR,kpi_006,HOSP-001,DEPT-ADM,2026-11-25,Zero denominator for kpi_006,processed_operational_daily.csv,OPD-HOSP-001-DEPT-ADM-20261125,PEX-KPI-DCF120177644
ISS-kpi_005-FD7A6874,Warning,ZERO_DENOMINATOR,kpi_005,HOSP-001,DEPT-ADM,2026-11-26,Zero denominator for kpi_005,processed_operational_daily.csv,OPD-HOSP-001-DEPT-ADM-20261126,PEX-KPI-DCF120177644
ISS-kpi_005-1077A8DF,Warning,ZERO_DENOMINATOR,kpi_005,HOSP-001,DEPT-ADM,2026-11-27,Zero denominator for kpi_005,processed_operational_daily.csv,OPD-HOSP-001-DEPT-ADM-20261127,PEX-KPI-DCF120177644
ISS-kpi_005-B0E5F8A3,Warning,ZERO_DENOMINATOR,kpi_005,HOSP-001,DEPT-ADM,2026-11-28,Zero denominator for kpi_005,processed_operational_daily.csv,OPD-HOSP-001-DEPT-ADM-20261128,PEX-KPI-DCF120177644
ISS-kpi_005-6B7D3424,Warning,ZERO_DENOMINATOR,kpi_005,HOSP-001,DEPT-ADM,2026-11-29,Zero denominator for kpi_005,processed_operational_daily.csv,OPD-HOSP-001-DEPT-ADM-20261129,PEX-KPI-DCF120177644
ISS-kpi_005-4ABBA9B1,Warning,ZERO_DENOMINATOR,kpi_005,HOSP-001,DEPT-ADM,2026-11-30,Zero denominator for kpi_005,processed_operational_daily.csv,OPD-HOSP-001-DEPT-ADM-20261130,PEX-KPI-DCF120177644
ISS-kpi_005-80799C12,Warning,ZERO_DENOMINATOR,kpi_005,HOSP-001,DEPT-ADM,2026-12-01,Zero denominator for kpi_005,processed_operational_daily.csv,OPD-HOSP-001-DEPT-ADM-20261201,PEX-KPI-DCF120177644
ISS-kpi_005-381E873F,Warning,ZERO_DENOMINATOR,kpi_005,HOSP-001,DEPT-ADM,2026-12-02,Zero denominator for kpi_005,processed_operational_daily.csv,OPD-HOSP-001-DEPT-ADM-20261202,PEX-KPI-DCF120177644
ISS-kpi_005-54B3D2B3,Warning,ZERO_DENOMINATOR,kpi_005,HOSP-001,DEPT-ADM,2026-12-03,Zero denominator for kpi_005,processed_operational_daily.csv,OPD-HOSP-001-DEPT-ADM-20261203,PEX-KPI-DCF120177644
ISS-kpi_005-6F5AFB82,Warning,ZERO_DENOMINATOR,kpi_005,HOSP-001,DEPT-ADM,2026-12-04,Zero denominator for kpi_005,processed_operational_daily.csv,OPD-HOSP-001-DEPT-ADM-20261204,PEX-KPI-DCF120177644
ISS-kpi_005-4C520B8E,Warning,ZERO_DENOMINATOR,kpi_005,HOSP-001,DEPT-ADM,2026-12-05,Zero denominator for kpi_005,processed_operational_daily.csv,OPD-HOSP-001-DEPT-ADM-20261205,PEX-KPI-DCF120177644
ISS-kpi_005-6F42D3FB,Warning,ZERO_DENOMINATOR,kpi_005,HOSP-001,DEPT-ADM,2026-12-06,Zero denominator for kpi_005,processed_operational_daily.csv,OPD-HOSP-001-DEPT-ADM-20261206,PEX-KPI-DCF120177644
ISS-kpi_005-238CB48A,Warning,ZERO_DENOMINATOR,kpi_005,HOSP-001,DEPT-ADM,2026-12-07,Zero denominator for kpi_005,processed_operational_daily.csv,OPD-HOSP-001-DEPT-ADM-20261207,PEX-KPI-DCF120177644
ISS-kpi_005-E870EC85,Warning,INSUFFICIENT_DATA,kpi_005,HOSP-001,DEPT-ADM,2026-12-08,Insufficient data for kpi_005,processed_operational_daily.csv,OPD-HOSP-001-DEPT-ADM-20261208,PEX-KPI-DCF120177644
ISS-kpi_006-E1B603BD,Warning,INSUFFICIENT_DATA,kpi_006,HOSP-001,DEPT-ADM,2026-12-08,Insufficient data for kpi_006,processed_operational_daily.csv,OPD-HOSP-001-DEPT-ADM-20261208,PEX-KPI-DCF120177644
ISS-kpi_005-45751216,Warning,ZERO_DENOMINATOR,kpi_005,HOSP-001,DEPT-ADM,2026-12-09,Zero denominator for kpi_005,processed_operational_daily.csv,OPD-HOSP-001-DEPT-ADM-20261209,PEX-KPI-DCF120177644
ISS-kpi_005-684F7639,Warning,ZERO_DENOMINATOR,kpi_005,HOSP-001,DEPT-ADM,2026-12-10,Zero denominator for kpi_005,processed_operational_daily.csv,OPD-HOSP-001-DEPT-ADM-20261210,PEX-KPI-DCF120177644
ISS-kpi_005-C88D5E1E,Warning,INSUFFICIENT_DATA,kpi_005,HOSP-001,DEPT-ADM,2026-12-11,Insufficient data for kpi_005,processed_operational_daily.csv,OPD-HOSP-001-DEPT-ADM-20261211,PEX-KPI-DCF120177644
ISS-kpi_006-383CCF4C,Warning,INSUFFICIENT_DATA,kpi_006,HOSP-001,DEPT-ADM,2026-12-11,Insufficient data for kpi_006,processed_operational_daily.csv,OPD-HOSP-001-DEPT-ADM-20261211,PEX-KPI-DCF120177644
ISS-kpi_005-B7E8C055,Warning,ZERO_DENOMINATOR,kpi_005,HOSP-001,DEPT-ADM,2026-12-12,Zero denominator for kpi_005,processed_operational_daily.csv,OPD-HOSP-001-DEPT-ADM-20261212,PEX-KPI-DCF120177644
ISS-kpi_005-39DCE1BB,Warning,ZERO_DENOMINATOR,kpi_005,HOSP-001,DEPT-ADM,2026-12-13,Zero denominator for kpi_005,processed_operational_daily.csv,OPD-HOSP-001-DEPT-ADM-20261213,PEX-KPI-DCF120177644
ISS-kpi_005-BA285D26,Warning,ZERO_DENOMINATOR,kpi_005,HOSP-001,DEPT-ADM,2026-12-14,Zero denominator for kpi_005,processed_operational_daily.csv,OPD-HOSP-001-DEPT-ADM-20261214,PEX-KPI-DCF120177644
ISS-kpi_005-4C1A2BD1,Warning,ZERO_DENOMINATOR,kpi_005,HOSP-001,DEPT-ADM,2026-12-15,Zero denominator for kpi_005,processed_operational_daily.csv,OPD-HOSP-001-DEPT-ADM-20261215,PEX-KPI-DCF120177644
ISS-kpi_005-692B6FA4,Warning,ZERO_DENOMINATOR,kpi_005,HOSP-001,DEPT-ADM,2026-12-16,Zero denominator for kpi_005,processed_operational_daily.csv,OPD-HOSP-001-DEPT-ADM-20261216,PEX-KPI-DCF120177644
ISS-kpi_005-9E79498B,Warning,ZERO_DENOMINATOR,kpi_005,HOSP-001,DEPT-ADM,2026-12-17,Zero denominator for kpi_005,processed_operational_daily.csv,OPD-HOSP-001-DEPT-ADM-20261217,PEX-KPI-DCF120177644
ISS-kpi_006-07CFB8D6,Warning,ZERO_DENOMINATOR,kpi_006,HOSP-001,DEPT-ADM,2026-12-17,Zero denominator for kpi_006,processed_operational_daily.csv,OPD-HOSP-001-DEPT-ADM-20261217,PEX-KPI-DCF120177644
ISS-kpi_005-37C00A0C,Warning,ZERO_DENOMINATOR,kpi_005,HOSP-001,DEPT-ADM,2026-12-18,Zero denominator for kpi_005,processed_operational_daily.csv,OPD-HOSP-001-DEPT-ADM-20261218,PEX-KPI-DCF120177644
ISS-kpi_005-8A94B539,Warning,ZERO_DENOMINATOR,kpi_005,HOSP-001,DEPT-ADM,2026-12-19,Zero denominator for kpi_005,processed_operational_daily.csv,OPD-HOSP-001-DEPT-ADM-20261219,PEX-KPI-DCF120177644
ISS-kpi_005-9E6F7079,Warning,ZERO_DENOMINATOR,kpi_005,HOSP-001,DEPT-ADM,2026-12-20,Zero denominator for kpi_005,processed_operational_daily.csv,OPD-HOSP-001-DEPT-ADM-20261220,PEX-KPI-DCF120177644
ISS-kpi_005-346B8F08,Warning,ZERO_DENOMINATOR,kpi_005,HOSP-001,DEPT-ADM,2026-12-21,Zero denominator for kpi_005,processed_operational_daily.csv,OPD-HOSP-001-DEPT-ADM-20261221,PEX-KPI-DCF120177644
ISS-kpi_005-7023B54B,Warning,ZERO_DENOMINATOR,kpi_005,HOSP-001,DEPT-ADM,2026-12-22,Zero denominator for kpi_005,processed_operational_daily.csv,OPD-HOSP-001-DEPT-ADM-20261222,PEX-KPI-DCF120177644
ISS-kpi_005-C3849CBC,Warning,ZERO_DENOMINATOR,kpi_005,HOSP-001,DEPT-ADM,2026-12-23,Zero denominator for kpi_005,processed_operational_daily.csv,OPD-HOSP-001-DEPT-ADM-20261223,PEX-KPI-DCF120177644
ISS-kpi_005-8CAD4CBB,Warning,ZERO_DENOMINATOR,kpi_005,HOSP-001,DEPT-ADM,2026-12-24,Zero denominator for kpi_005,processed_operational_daily.csv,OPD-HOSP-001-DEPT-ADM-20261224,PEX-KPI-DCF120177644
ISS-kpi_005-1808B2FA,Warning,ZERO_DENOMINATOR,kpi_005,HOSP-001,DEPT-ADM,2026-12-25,Zero denominator for kpi_005,processed_operational_daily.csv,OPD-HOSP-001-DEPT-ADM-20261225,PEX-KPI-DCF120177644
ISS-kpi_005-5F41BCE3,Warning,ZERO_DENOMINATOR,kpi_005,HOSP-001,DEPT-ADM,2026-12-26,Zero denominator for kpi_005,processed_operational_daily.csv,OPD-HOSP-001-DEPT-ADM-20261226,PEX-KPI-DCF120177644
ISS-kpi_005-410B8AA4,Warning,ZERO_DENOMINATOR,kpi_005,HOSP-001,DEPT-ADM,2026-12-27,Zero denominator for kpi_005,processed_operational_daily.csv,OPD-HOSP-001-DEPT-ADM-20261227,PEX-KPI-DCF120177644
ISS-kpi_005-2BC341DD,Warning,ZERO_DENOMINATOR,kpi_005,HOSP-001,DEPT-ADM,2026-12-28,Zero denominator for kpi_005,processed_operational_daily.csv,OPD-HOSP-001-DEPT-ADM-20261228,PEX-KPI-DCF120177644
ISS-kpi_006-93581D1E,Warning,ZERO_DENOMINATOR,kpi_006,HOSP-001,DEPT-ADM,2026-12-28,Zero denominator for kpi_006,processed_operational_daily.csv,OPD-HOSP-001-DEPT-ADM-20261228,PEX-KPI-DCF120177644
ISS-kpi_005-F3454928,Warning,ZERO_DENOMINATOR,kpi_005,HOSP-001,DEPT-ADM,2026-12-29,Zero denominator for kpi_005,processed_operational_daily.csv,OPD-HOSP-001-DEPT-ADM-20261229,PEX-KPI-DCF120177644
ISS-kpi_005-E55595EE,Warning,ZERO_DENOMINATOR,kpi_005,HOSP-001,DEPT-ADM,2026-12-30,Zero denominator for kpi_005,processed_operational_daily.csv,OPD-HOSP-001-DEPT-ADM-20261230,PEX-KPI-DCF120177644
ISS-kpi_005-A6002391,Warning,ZERO_DENOMINATOR,kpi_005,HOSP-001,DEPT-ADM,2026-12-31,Zero denominator for kpi_005,processed_operational_daily.csv,OPD-HOSP-001-DEPT-ADM-20261231,PEX-KPI-DCF120177644
ISS-kpi_005-F653161D,Info,PROVISIONAL_DENOMINATOR,kpi_005,HOSP-001,DEPT-DIAG,2026-01-01,Complaint rate denominator is provisional and pending stakeholder approval,processed_operational_daily.csv,OPD-HOSP-001-DEPT-DIAG-20260101,PEX-KPI-DCF120177644
ISS-kpi_005-798CF59F,Warning,INSUFFICIENT_DATA,kpi_005,HOSP-001,DEPT-DIAG,2026-01-02,Insufficient data for kpi_005,processed_operational_daily.csv,OPD-HOSP-001-DEPT-DIAG-20260102,PEX-KPI-DCF120177644
ISS-kpi_006-3A2E65D5,Warning,INSUFFICIENT_DATA,kpi_006,HOSP-001,DEPT-DIAG,2026-01-02,Insufficient data for kpi_006,processed_operational_daily.csv,OPD-HOSP-001-DEPT-DIAG-20260102,PEX-KPI-DCF120177644
ISS-kpi_005-97661DD4,Info,PROVISIONAL_DENOMINATOR,kpi_005,HOSP-001,DEPT-DIAG,2026-01-03,Complaint rate denominator is provisional and pending stakeholder approval,processed_operational_daily.csv,OPD-HOSP-001-DEPT-DIAG-20260103,PEX-KPI-DCF120177644
ISS-kpi_005-77D4DDEB,Info,PROVISIONAL_DENOMINATOR,kpi_005,HOSP-001,DEPT-DIAG,2026-01-04,Complaint rate denominator is provisional and pending stakeholder approval,processed_operational_daily.csv,OPD-HOSP-001-DEPT-DIAG-20260104,PEX-KPI-DCF120177644
ISS-kpi_005-814FD61A,Info,PROVISIONAL_DENOMINATOR,kpi_005,HOSP-001,DEPT-DIAG,2026-01-05,Complaint rate denominator is provisional and pending stakeholder approval,processed_operational_daily.csv,OPD-HOSP-001-DEPT-DIAG-20260105,PEX-KPI-DCF120177644
ISS-kpi_005-CDE2D653,Info,PROVISIONAL_DENOMINATOR,kpi_005,HOSP-001,DEPT-DIAG,2026-01-06,Complaint rate denominator is provisional and pending stakeholder approval,processed_operational_daily.csv,OPD-HOSP-001-DEPT-DIAG-20260106,PEX-KPI-DCF120177644
ISS-kpi_005-CD928669,Info,PROVISIONAL_DENOMINATOR,kpi_005,HOSP-001,DEPT-DIAG,2026-01-07,Complaint rate denominator is provisional and pending stakeholder approval,processed_operational_daily.csv,OPD-HOSP-001-DEPT-DIAG-20260107,PEX-KPI-DCF120177644
ISS-kpi_005-D447D2B3,Info,PROVISIONAL_DENOMINATOR,kpi_005,HOSP-001,DEPT-DIAG,2026-01-08,Complaint rate denominator is provisional and pending stakeholder approval,processed_operational_daily.csv,OPD-HOSP-001-DEPT-DIAG-20260108,PEX-KPI-DCF120177644
ISS-kpi_005-A3396BAE,Info,PROVISIONAL_DENOMINATOR,kpi_005,HOSP-001,DEPT-DIAG,2026-01-09,Complaint rate denominator is provisional and pending stakeholder approval,processed_operational_daily.csv,OPD-HOSP-001-DEPT-DIAG-20260109,PEX-KPI-DCF120177644
ISS-kpi_005-96882CB1,Info,PROVISIONAL_DENOMINATOR,kpi_005,HOSP-001,DEPT-DIAG,2026-01-10,Complaint rate denominator is provisional and pending stakeholder approval,processed_operational_daily.csv,OPD-HOSP-001-DEPT-DIAG-20260110,PEX-KPI-DCF120177644
ISS-kpi_005-326CDED5,Info,PROVISIONAL_DENOMINATOR,kpi_005,HOSP-001,DEPT-DIAG,2026-01-11,Complaint rate denominator is provisional and pending stakeholder approval,processed_operational_daily.csv,OPD-HOSP-001-DEPT-DIAG-20260111,PEX-KPI-DCF120177644
ISS-kpi_005-2B708FDB,Info,PROVISIONAL_DENOMINATOR,kpi_005,HOSP-001,DEPT-DIAG,2026-01-12,Complaint rate denominator is provisional and pending stakeholder approval,processed_operational_daily.csv,OPD-HOSP-001-DEPT-DIAG-20260112,PEX-KPI-DCF120177644
ISS-kpi_006-05EF2BA6,Warning,ZERO_DENOMINATOR,kpi_006,HOSP-001,DEPT-DIAG,2026-01-12,Zero denominator for kpi_006,processed_operational_daily.csv,OPD-HOSP-001-DEPT-DIAG-20260112,PEX-KPI-DCF120177644
ISS-kpi_005-2434DAE6,Info,PROVISIONAL_DENOMINATOR,kpi_005,HOSP-001,DEPT-DIAG,2026-01-13,Complaint rate denominator is provisional and pending stakeholder approval,processed_operational_daily.csv,OPD-HOSP-001-DEPT-DIAG-20260113,PEX-KPI-DCF120177644
ISS-kpi_005-E542F61E,Info,PROVISIONAL_DENOMINATOR,kpi_005,HOSP-001,DEPT-DIAG,2026-01-14,Complaint rate denominator is provisional and pending stakeholder approval,processed_operational_daily.csv,OPD-HOSP-001-DEPT-DIAG-20260114,PEX-KPI-DCF120177644
ISS-kpi_005-34631C61,Info,PROVISIONAL_DENOMINATOR,kpi_005,HOSP-001,DEPT-DIAG,2026-01-15,Complaint rate denominator is provisional and pending stakeholder approval,processed_operational_daily.csv,OPD-HOSP-001-DEPT-DIAG-20260115,PEX-KPI-DCF120177644
ISS-kpi_006-044AE44C,Warning,ZERO_DENOMINATOR,kpi_006,HOSP-001,DEPT-DIAG,2026-01-15,Zero denominator for kpi_006,processed_operational_daily.csv,OPD-HOSP-001-DEPT-DIAG-20260115,PEX-KPI-DCF120177644
ISS-kpi_005-09BCAEC5,Info,PROVISIONAL_DENOMINATOR,kpi_005,HOSP-001,DEPT-DIAG,2026-01-16,Complaint rate denominator is provisional and pending stakeholder approval,processed_operational_daily.csv,OPD-HOSP-001-DEPT-DIAG-20260116,PEX-KPI-DCF120177644
ISS-kpi_005-E2CE0F4B,Info,PROVISIONAL_DENOMINATOR,kpi_005,HOSP-001,DEPT-DIAG,2026-01-17,Complaint rate denominator is provisional and pending stakeholder approval,processed_operational_daily.csv,OPD-HOSP-001-DEPT-DIAG-20260117,PEX-KPI-DCF120177644
ISS-kpi_005-BDF3B8B8,Info,PROVISIONAL_DENOMINATOR,kpi_005,HOSP-001,DEPT-DIAG,2026-01-18,Complaint rate denominator is provisional and pending stakeholder approval,processed_operational_daily.csv,OPD-HOSP-001-DEPT-DIAG-20260118,PEX-KPI-DCF120177644
ISS-kpi_005-768C36D0,Info,PROVISIONAL_DENOMINATOR,kpi_005,HOSP-001,DEPT-DIAG,2026-01-19,Complaint rate denominator is provisional and pending stakeholder approval,processed_operational_daily.csv,OPD-HOSP-001-DEPT-DIAG-20260119,PEX-KPI-DCF120177644
ISS-kpi_005-3458E10E,Info,PROVISIONAL_DENOMINATOR,kpi_005,HOSP-001,DEPT-DIAG,2026-01-20,Complaint rate denominator is provisional and pending stakeholder approval,processed_operational_daily.csv,OPD-HOSP-001-DEPT-DIAG-20260120,PEX-KPI-DCF120177644
ISS-kpi_005-1F0FAA42,Warning,INSUFFICIENT_DATA,kpi_005,HOSP-001,DEPT-DIAG,2026-01-21,Insufficient data for kpi_005,processed_operational_daily.csv,OPD-HOSP-001-DEPT-DIAG-20260121,PEX-KPI-DCF120177644
ISS-kpi_006-286A2E32,Warning,INSUFFICIENT_DATA,kpi_006,HOSP-001,DEPT-DIAG,2026-01-21,Insufficient data for kpi_006,processed_operational_daily.csv,OPD-HOSP-001-DEPT-DIAG-20260121,PEX-KPI-DCF120177644
ISS-kpi_005-E74247F2,Info,PROVISIONAL_DENOMINATOR,kpi_005,HOSP-001,DEPT-DIAG,2026-01-22,Complaint rate denominator is provisional and pending stakeholder approval,processed_operational_daily.csv,OPD-HOSP-001-DEPT-DIAG-20260122,PEX-KPI-DCF120177644
ISS-kpi_005-3ECE2A0C,Info,PROVISIONAL_DENOMINATOR,kpi_005,HOSP-001,DEPT-DIAG,2026-01-23,Complaint rate denominator is provisional and pending stakeholder approval,processed_operational_daily.csv,OPD-HOSP-001-DEPT-DIAG-20260123,PEX-KPI-DCF120177644
ISS-kpi_005-9D543C58,Info,PROVISIONAL_DENOMINATOR,kpi_005,HOSP-001,DEPT-DIAG,2026-01-24,Complaint rate denominator is provisional and pending stakeholder approval,processed_operational_daily.csv,OPD-HOSP-001-DEPT-DIAG-20260124,PEX-KPI-DCF120177644
ISS-kpi_005-0354CBC2,Warning,INSUFFICIENT_DATA,kpi_005,HOSP-001,DEPT-DIAG,2026-01-25,Insufficient data for kpi_005,processed_operational_daily.csv,OPD-HOSP-001-DEPT-DIAG-20260125,PEX-KPI-DCF120177644
ISS-kpi_006-354EE412,Warning,INSUFFICIENT_DATA,kpi_006,HOSP-001,DEPT-DIAG,2026-01-25,Insufficient data for kpi_006,processed_operational_daily.csv,OPD-HOSP-001-DEPT-DIAG-20260125,PEX-KPI-DCF120177644
ISS-kpi_005-B46D837E,Info,PROVISIONAL_DENOMINATOR,kpi_005,HOSP-001,DEPT-DIAG,2026-01-26,Complaint rate denominator is provisional and pending stakeholder approval,processed_operational_daily.csv,OPD-HOSP-001-DEPT-DIAG-20260126,PEX-KPI-DCF120177644
ISS-kpi_005-983E3DD8,Info,PROVISIONAL_DENOMINATOR,kpi_005,HOSP-001,DEPT-DIAG,2026-01-27,Complaint rate denominator is provisional and pending stakeholder approval,processed_operational_daily.csv,OPD-HOSP-001-DEPT-DIAG-20260127,PEX-KPI-DCF120177644
ISS-kpi_005-C4945457,Warning,INSUFFICIENT_DATA,kpi_005,HOSP-001,DEPT-DIAG,2026-01-28,Insufficient data for kpi_005,processed_operational_daily.csv,OPD-HOSP-001-DEPT-DIAG-20260128,PEX-KPI-DCF120177644
ISS-kpi_006-D3E7961D,Warning,INSUFFICIENT_DATA,kpi_006,HOSP-001,DEPT-DIAG,2026-01-28,Insufficient data for kpi_006,processed_operational_daily.csv,OPD-HOSP-001-DEPT-DIAG-20260128,PEX-KPI-DCF120177644
ISS-kpi_005-1770D575,Warning,INSUFFICIENT_DATA,kpi_005,HOSP-001,DEPT-DIAG,2026-01-29,Insufficient data for kpi_005,processed_operational_daily.csv,OPD-HOSP-001-DEPT-DIAG-20260129,PEX-KPI-DCF120177644
ISS-kpi_006-CFC40396,Warning,INSUFFICIENT_DATA,kpi_006,HOSP-001,DEPT-DIAG,2026-01-29,Insufficient data for kpi_006,processed_operational_daily.csv,OPD-HOSP-001-DEPT-DIAG-20260129,PEX-KPI-DCF120177644
ISS-kpi_005-12FFC775,Info,PROVISIONAL_DENOMINATOR,kpi_005,HOSP-001,DEPT-DIAG,2026-01-30,Complaint rate denominator is provisional and pending stakeholder approval,processed_operational_daily.csv,OPD-HOSP-001-DEPT-DIAG-20260130,PEX-KPI-DCF120177644
ISS-kpi_005-662900E8,Info,PROVISIONAL_DENOMINATOR,kpi_005,HOSP-001,DEPT-DIAG,2026-01-31,Complaint rate denominator is provisional and pending stakeholder approval,processed_operational_daily.csv,OPD-HOSP-001-DEPT-DIAG-20260131,PEX-KPI-DCF120177644
ISS-kpi_005-03924F77,Info,PROVISIONAL_DENOMINATOR,kpi_005,HOSP-001,DEPT-DIAG,2026-02-01,Complaint rate denominator is provisional and pending stakeholder approval,processed_operational_daily.csv,OPD-HOSP-001-DEPT-DIAG-20260201,PEX-KPI-DCF120177644
ISS-kpi_005-DAA4EC54,Info,PROVISIONAL_DENOMINATOR,kpi_005,HOSP-001,DEPT-DIAG,2026-02-02,Complaint rate denominator is provisional and pending stakeholder approval,processed_operational_daily.csv,OPD-HOSP-001-DEPT-DIAG-20260202,PEX-KPI-DCF120177644
ISS-kpi_006-A6989B6B,Warning,ZERO_DENOMINATOR,kpi_006,HOSP-001,DEPT-DIAG,2026-02-02,Zero denominator for kpi_006,processed_operational_daily.csv,OPD-HOSP-001-DEPT-DIAG-20260202,PEX-KPI-DCF120177644
ISS-kpi_005-4B2A658F,Info,PROVISIONAL_DENOMINATOR,kpi_005,HOSP-001,DEPT-DIAG,2026-02-03,Complaint rate denominator is provisional and pending stakeholder approval,processed_operational_daily.csv,OPD-HOSP-001-DEPT-DIAG-20260203,PEX-KPI-DCF120177644
ISS-kpi_005-BAD0DD67,Info,PROVISIONAL_DENOMINATOR,kpi_005,HOSP-001,DEPT-DIAG,2026-02-04,Complaint rate denominator is provisional and pending stakeholder approval,processed_operational_daily.csv,OPD-HOSP-001-DEPT-DIAG-20260204,PEX-KPI-DCF120177644
ISS-kpi_005-A9F29793,Info,PROVISIONAL_DENOMINATOR,kpi_005,HOSP-001,DEPT-DIAG,2026-02-05,Complaint rate denominator is provisional and pending stakeholder approval,processed_operational_daily.csv,OPD-HOSP-001-DEPT-DIAG-20260205,PEX-KPI-DCF120177644
ISS-kpi_005-10957749,Info,PROVISIONAL_DENOMINATOR,kpi_005,HOSP-001,DEPT-DIAG,2026-02-06,Complaint rate denominator is provisional and pending stakeholder approval,processed_operational_daily.csv,OPD-HOSP-001-DEPT-DIAG-20260206,PEX-KPI-DCF120177644
ISS-kpi_005-8024D7FB,Info,PROVISIONAL_DENOMINATOR,kpi_005,HOSP-001,DEPT-DIAG,2026-02-07,Complaint rate denominator is provisional and pending stakeholder approval,processed_operational_daily.csv,OPD-HOSP-001-DEPT-DIAG-20260207,PEX-KPI-DCF120177644
ISS-kpi_005-320836E8,Info,PROVISIONAL_DENOMINATOR,kpi_005,HOSP-001,DEPT-DIAG,2026-02-08,Complaint rate denominator is provisional and pending stakeholder approval,processed_operational_daily.csv,OPD-HOSP-001-DEPT-DIAG-20260208,PEX-KPI-DCF120177644
ISS-kpi_005-40783CAC,Info,PROVISIONAL_DENOMINATOR,kpi_005,HOSP-001,DEPT-DIAG,2026-02-09,Complaint rate denominator is provisional and pending stakeholder approval,processed_operational_daily.csv,OPD-HOSP-001-DEPT-DIAG-20260209,PEX-KPI-DCF120177644
ISS-kpi_005-1E5E1A6D,Info,PROVISIONAL_DENOMINATOR,kpi_005,HOSP-001,DEPT-DIAG,2026-02-10,Complaint rate denominator is provisional and pending stakeholder approval,processed_operational_daily.csv,OPD-HOSP-001-DEPT-DIAG-20260210,PEX-KPI-DCF120177644
ISS-kpi_005-68717BD3,Info,PROVISIONAL_DENOMINATOR,kpi_005,HOSP-001,DEPT-DIAG,2026-02-11,Complaint rate denominator is provisional and pending stakeholder approval,processed_operational_daily.csv,OPD-HOSP-001-DEPT-DIAG-20260211,PEX-KPI-DCF120177644
ISS-kpi_005-215A4413,Info,PROVISIONAL_DENOMINATOR,kpi_005,HOSP-001,DEPT-DIAG,2026-02-12,Complaint rate denominator is provisional and pending stakeholder approval,processed_operational_daily.csv,OPD-HOSP-001-DEPT-DIAG-20260212,PEX-KPI-DCF120177644
ISS-kpi_005-817EE52F,Info,PROVISIONAL_DENOMINATOR,kpi_005,HOSP-001,DEPT-DIAG,2026-02-13,Complaint rate denominator is provisional and pending stakeholder approval,processed_operational_daily.csv,OPD-HOSP-001-DEPT-DIAG-20260213,PEX-KPI-DCF120177644
ISS-kpi_006-4DF44737,Warning,ZERO_DENOMINATOR,kpi_006,HOSP-001,DEPT-DIAG,2026-02-13,Zero denominator for kpi_006,processed_operational_daily.csv,OPD-HOSP-001-DEPT-DIAG-20260213,PEX-KPI-DCF120177644
ISS-kpi_005-A5B646EA,Info,PROVISIONAL_DENOMINATOR,kpi_005,HOSP-001,DEPT-DIAG,2026-02-14,Complaint rate denominator is provisional and pending stakeholder approval,processed_operational_daily.csv,OPD-HOSP-001-DEPT-DIAG-20260214,PEX-KPI-DCF120177644
ISS-kpi_005-B8934FC3,Info,PROVISIONAL_DENOMINATOR,kpi_005,HOSP-001,DEPT-DIAG,2026-02-15,Complaint rate denominator is provisional and pending stakeholder approval,processed_operational_daily.csv,OPD-HOSP-001-DEPT-DIAG-20260215,PEX-KPI-DCF120177644
ISS-kpi_005-FB9BB3CB,Info,PROVISIONAL_DENOMINATOR,kpi_005,HOSP-001,DEPT-DIAG,2026-02-16,Complaint rate denominator is provisional and pending stakeholder approval,processed_operational_daily.csv,OPD-HOSP-001-DEPT-DIAG-20260216,PEX-KPI-DCF120177644
ISS-kpi_005-3019D100,Info,PROVISIONAL_DENOMINATOR,kpi_005,HOSP-001,DEPT-DIAG,2026-02-17,Complaint rate denominator is provisional and pending stakeholder approval,processed_operational_daily.csv,OPD-HOSP-001-DEPT-DIAG-20260217,PEX-KPI-DCF120177644
ISS-kpi_005-C5910EEB,Info,PROVISIONAL_DENOMINATOR,kpi_005,HOSP-001,DEPT-DIAG,2026-02-18,Complaint rate denominator is provisional and pending stakeholder approval,processed_operational_daily.csv,OPD-HOSP-001-DEPT-DIAG-20260218,PEX-KPI-DCF120177644
ISS-kpi_005-D9FBA88E,Info,PROVISIONAL_DENOMINATOR,kpi_005,HOSP-001,DEPT-DIAG,2026-02-19,Complaint rate denominator is provisional and pending stakeholder approval,processed_operational_daily.csv,OPD-HOSP-001-DEPT-DIAG-20260219,PEX-KPI-DCF120177644
ISS-kpi_005-E3600FCE,Info,PROVISIONAL_DENOMINATOR,kpi_005,HOSP-001,DEPT-DIAG,2026-02-20,Complaint rate denominator is provisional and pending stakeholder approval,processed_operational_daily.csv,OPD-HOSP-001-DEPT-DIAG-20260220,PEX-KPI-DCF120177644
ISS-kpi_005-2750EB7D,Info,PROVISIONAL_DENOMINATOR,kpi_005,HOSP-001,DEPT-DIAG,2026-02-21,Complaint rate denominator is provisional and pending stakeholder approval,processed_operational_daily.csv,OPD-HOSP-001-DEPT-DIAG-20260221,PEX-KPI-DCF120177644
ISS-kpi_005-D2FEF6FE,Warning,INSUFFICIENT_DATA,kpi_005,HOSP-001,DEPT-DIAG,2026-02-22,Insufficient data for kpi_005,processed_operational_daily.csv,OPD-HOSP-001-DEPT-DIAG-20260222,PEX-KPI-DCF120177644
ISS-kpi_006-7AA53DE0,Warning,INSUFFICIENT_DATA,kpi_006,HOSP-001,DEPT-DIAG,2026-02-22,Insufficient data for kpi_006,processed_operational_daily.csv,OPD-HOSP-001-DEPT-DIAG-20260222,PEX-KPI-DCF120177644
ISS-kpi_005-9B9DB370,Info,PROVISIONAL_DENOMINATOR,kpi_005,HOSP-001,DEPT-DIAG,2026-02-23,Complaint rate denominator is provisional and pending stakeholder approval,processed_operational_daily.csv,OPD-HOSP-001-DEPT-DIAG-20260223,PEX-KPI-DCF120177644
ISS-kpi_005-F00ADC62,Info,PROVISIONAL_DENOMINATOR,kpi_005,HOSP-001,DEPT-DIAG,2026-02-24,Complaint rate denominator is provisional and pending stakeholder approval,processed_operational_daily.csv,OPD-HOSP-001-DEPT-DIAG-20260224,PEX-KPI-DCF120177644
ISS-kpi_005-E3ACD4B2,Info,PROVISIONAL_DENOMINATOR,kpi_005,HOSP-001,DEPT-DIAG,2026-02-25,Complaint rate denominator is provisional and pending stakeholder approval,processed_operational_daily.csv,OPD-HOSP-001-DEPT-DIAG-20260225,PEX-KPI-DCF120177644
ISS-kpi_005-5444568E,Info,PROVISIONAL_DENOMINATOR,kpi_005,HOSP-001,DEPT-DIAG,2026-02-26,Complaint rate denominator is provisional and pending stakeholder approval,processed_operational_daily.csv,OPD-HOSP-001-DEPT-DIAG-20260226,PEX-KPI-DCF120177644
ISS-kpi_005-A0C83B0E,Warning,INSUFFICIENT_DATA,kpi_005,HOSP-001,DEPT-DIAG,2026-02-27,Insufficient data for kpi_005,processed_operational_daily.csv,OPD-HOSP-001-DEPT-DIAG-20260227,PEX-KPI-DCF120177644
ISS-kpi_006-6E061D91,Warning,INSUFFICIENT_DATA,kpi_006,HOSP-001,DEPT-DIAG,2026-02-27,Insufficient data for kpi_006,processed_operational_daily.csv,OPD-HOSP-001-DEPT-DIAG-20260227,PEX-KPI-DCF120177644
ISS-kpi_005-836F0A36,Info,PROVISIONAL_DENOMINATOR,kpi_005,HOSP-001,DEPT-DIAG,2026-02-28,Complaint rate denominator is provisional and pending stakeholder approval,processed_operational_daily.csv,OPD-HOSP-001-DEPT-DIAG-20260228,PEX-KPI-DCF120177644
ISS-kpi_005-C553186E,Warning,INSUFFICIENT_DATA,kpi_005,HOSP-001,DEPT-DIAG,2026-03-01,Insufficient data for kpi_005,processed_operational_daily.csv,OPD-HOSP-001-DEPT-DIAG-20260301,PEX-KPI-DCF120177644
ISS-kpi_006-CD37386A,Warning,INSUFFICIENT_DATA,kpi_006,HOSP-001,DEPT-DIAG,2026-03-01,Insufficient data for kpi_006,processed_operational_daily.csv,OPD-HOSP-001-DEPT-DIAG-20260301,PEX-KPI-DCF120177644
ISS-kpi_005-800650EE,Info,PROVISIONAL_DENOMINATOR,kpi_005,HOSP-001,DEPT-DIAG,2026-03-02,Complaint rate denominator is provisional and pending stakeholder approval,processed_operational_daily.csv,OPD-HOSP-001-DEPT-DIAG-20260302,PEX-KPI-DCF120177644
ISS-kpi_005-79CA56A5,Info,PROVISIONAL_DENOMINATOR,kpi_005,HOSP-001,DEPT-DIAG,2026-03-03,Complaint rate denominator is provisional and pending stakeholder approval,processed_operational_daily.csv,OPD-HOSP-001-DEPT-DIAG-20260303,PEX-KPI-DCF120177644
ISS-kpi_005-CE0FF5CD,Info,PROVISIONAL_DENOMINATOR,kpi_005,HOSP-001,DEPT-DIAG,2026-03-04,Complaint rate denominator is provisional and pending stakeholder approval,processed_operational_daily.csv,OPD-HOSP-001-DEPT-DIAG-20260304,PEX-KPI-DCF120177644
ISS-kpi_005-36F8BB05,Info,PROVISIONAL_DENOMINATOR,kpi_005,HOSP-001,DEPT-DIAG,2026-03-05,Complaint rate denominator is provisional and pending stakeholder approval,processed_operational_daily.csv,OPD-HOSP-001-DEPT-DIAG-20260305,PEX-KPI-DCF120177644
ISS-kpi_005-CE1EE9F4,Info,PROVISIONAL_DENOMINATOR,kpi_005,HOSP-001,DEPT-DIAG,2026-03-06,Complaint rate denominator is provisional and pending stakeholder approval,processed_operational_daily.csv,OPD-HOSP-001-DEPT-DIAG-20260306,PEX-KPI-DCF120177644
ISS-kpi_005-E06B1548,Info,PROVISIONAL_DENOMINATOR,kpi_005,HOSP-001,DEPT-DIAG,2026-03-07,Complaint rate denominator is provisional and pending stakeholder approval,processed_operational_daily.csv,OPD-HOSP-001-DEPT-DIAG-20260307,PEX-KPI-DCF120177644
ISS-kpi_006-2DF4D50B,Warning,ZERO_DENOMINATOR,kpi_006,HOSP-001,DEPT-DIAG,2026-03-07,Zero denominator for kpi_006,processed_operational_daily.csv,OPD-HOSP-001-DEPT-DIAG-20260307,PEX-KPI-DCF120177644
ISS-kpi_005-7BAAFDA0,Info,PROVISIONAL_DENOMINATOR,kpi_005,HOSP-001,DEPT-DIAG,2026-03-08,Complaint rate denominator is provisional and pending stakeholder approval,processed_operational_daily.csv,OPD-HOSP-001-DEPT-DIAG-20260308,PEX-KPI-DCF120177644
ISS-kpi_005-7D45B197,Info,PROVISIONAL_DENOMINATOR,kpi_005,HOSP-001,DEPT-DIAG,2026-03-09,Complaint rate denominator is provisional and pending stakeholder approval,processed_operational_daily.csv,OPD-HOSP-001-DEPT-DIAG-20260309,PEX-KPI-DCF120177644
ISS-kpi_005-9E9452AD,Info,PROVISIONAL_DENOMINATOR,kpi_005,HOSP-001,DEPT-DIAG,2026-03-10,Complaint rate denominator is provisional and pending stakeholder approval,processed_operational_daily.csv,OPD-HOSP-001-DEPT-DIAG-20260310,PEX-KPI-DCF120177644
ISS-kpi_005-9A451C31,Info,PROVISIONAL_DENOMINATOR,kpi_005,HOSP-001,DEPT-DIAG,2026-03-11,Complaint rate denominator is provisional and pending stakeholder approval,processed_operational_daily.csv,OPD-HOSP-001-DEPT-DIAG-20260311,PEX-KPI-DCF120177644
ISS-kpi_005-5AE35171,Info,PROVISIONAL_DENOMINATOR,kpi_005,HOSP-001,DEPT-DIAG,2026-03-12,Complaint rate denominator is provisional and pending stakeholder approval,processed_operational_daily.csv,OPD-HOSP-001-DEPT-DIAG-20260312,PEX-KPI-DCF120177644
ISS-kpi_005-5697D2A2,Warning,INSUFFICIENT_DATA,kpi_005,HOSP-001,DEPT-DIAG,2026-03-13,Insufficient data for kpi_005,processed_operational_daily.csv,OPD-HOSP-001-DEPT-DIAG-20260313,PEX-KPI-DCF120177644
ISS-kpi_006-7B372649,Warning,INSUFFICIENT_DATA,kpi_006,HOSP-001,DEPT-DIAG,2026-03-13,Insufficient data for kpi_006,processed_operational_daily.csv,OPD-HOSP-001-DEPT-DIAG-20260313,PEX-KPI-DCF120177644
ISS-kpi_005-07B9736D,Info,PROVISIONAL_DENOMINATOR,kpi_005,HOSP-001,DEPT-DIAG,2026-03-14,Complaint rate denominator is provisional and pending stakeholder approval,processed_operational_daily.csv,OPD-HOSP-001-DEPT-DIAG-20260314,PEX-KPI-DCF120177644
ISS-kpi_005-D2F113FA,Info,PROVISIONAL_DENOMINATOR,kpi_005,HOSP-001,DEPT-DIAG,2026-03-15,Complaint rate denominator is provisional and pending stakeholder approval,processed_operational_daily.csv,OPD-HOSP-001-DEPT-DIAG-20260315,PEX-KPI-DCF120177644
ISS-kpi_005-F88FE7B6,Info,PROVISIONAL_DENOMINATOR,kpi_005,HOSP-001,DEPT-DIAG,2026-03-16,Complaint rate denominator is provisional and pending stakeholder approval,processed_operational_daily.csv,OPD-HOSP-001-DEPT-DIAG-20260316,PEX-KPI-DCF120177644
ISS-kpi_005-C4F98EB6,Info,PROVISIONAL_DENOMINATOR,kpi_005,HOSP-001,DEPT-DIAG,2026-03-17,Complaint rate denominator is provisional and pending stakeholder approval,processed_operational_daily.csv,OPD-HOSP-001-DEPT-DIAG-20260317,PEX-KPI-DCF120177644
ISS-kpi_005-D30DAC77,Info,PROVISIONAL_DENOMINATOR,kpi_005,HOSP-001,DEPT-DIAG,2026-03-18,Complaint rate denominator is provisional and pending stakeholder approval,processed_operational_daily.csv,OPD-HOSP-001-DEPT-DIAG-20260318,PEX-KPI-DCF120177644
ISS-kpi_005-16302D19,Info,PROVISIONAL_DENOMINATOR,kpi_005,HOSP-001,DEPT-DIAG,2026-03-19,Complaint rate denominator is provisional and pending stakeholder approval,processed_operational_daily.csv,OPD-HOSP-001-DEPT-DIAG-20260319,PEX-KPI-DCF120177644
ISS-kpi_005-A1492E00,Info,PROVISIONAL_DENOMINATOR,kpi_005,HOSP-001,DEPT-DIAG,2026-03-20,Complaint rate denominator is provisional and pending stakeholder approval,processed_operational_daily.csv,OPD-HOSP-001-DEPT-DIAG-20260320,PEX-KPI-DCF120177644
ISS-kpi_005-89B72B34,Info,PROVISIONAL_DENOMINATOR,kpi_005,HOSP-001,DEPT-DIAG,2026-03-21,Complaint rate denominator is provisional and pending stakeholder approval,processed_operational_daily.csv,OPD-HOSP-001-DEPT-DIAG-20260321,PEX-KPI-DCF120177644
ISS-kpi_005-82C5A69E,Info,PROVISIONAL_DENOMINATOR,kpi_005,HOSP-001,DEPT-DIAG,2026-03-22,Complaint rate denominator is provisional and pending stakeholder approval,processed_operational_daily.csv,OPD-HOSP-001-DEPT-DIAG-20260322,PEX-KPI-DCF120177644
ISS-kpi_005-41A5FE8C,Info,PROVISIONAL_DENOMINATOR,kpi_005,HOSP-001,DEPT-DIAG,2026-03-23,Complaint rate denominator is provisional and pending stakeholder approval,processed_operational_daily.csv,OPD-HOSP-001-DEPT-DIAG-20260323,PEX-KPI-DCF120177644
ISS-kpi_005-AC705381,Info,PROVISIONAL_DENOMINATOR,kpi_005,HOSP-001,DEPT-DIAG,2026-03-24,Complaint rate denominator is provisional and pending stakeholder approval,processed_operational_daily.csv,OPD-HOSP-001-DEPT-DIAG-20260324,PEX-KPI-DCF120177644
ISS-kpi_006-B2CED8E2,Warning,ZERO_DENOMINATOR,kpi_006,HOSP-001,DEPT-DIAG,2026-03-24,Zero denominator for kpi_006,processed_operational_daily.csv,OPD-HOSP-001-DEPT-DIAG-20260324,PEX-KPI-DCF120177644
ISS-kpi_005-90486133,Info,PROVISIONAL_DENOMINATOR,kpi_005,HOSP-001,DEPT-DIAG,2026-03-25,Complaint rate denominator is provisional and pending stakeholder approval,processed_operational_daily.csv,OPD-HOSP-001-DEPT-DIAG-20260325,PEX-KPI-DCF120177644
ISS-kpi_005-26EA4C29,Info,PROVISIONAL_DENOMINATOR,kpi_005,HOSP-001,DEPT-DIAG,2026-03-26,Complaint rate denominator is provisional and pending stakeholder approval,processed_operational_daily.csv,OPD-HOSP-001-DEPT-DIAG-20260326,PEX-KPI-DCF120177644
ISS-kpi_005-1262BDA3,Info,PROVISIONAL_DENOMINATOR,kpi_005,HOSP-001,DEPT-DIAG,2026-03-27,Complaint rate denominator is provisional and pending stakeholder approval,processed_operational_daily.csv,OPD-HOSP-001-DEPT-DIAG-20260327,PEX-KPI-DCF120177644
ISS-kpi_005-9DE81B2C,Info,PROVISIONAL_DENOMINATOR,kpi_005,HOSP-001,DEPT-DIAG,2026-03-28,Complaint rate denominator is provisional and pending stakeholder approval,processed_operational_daily.csv,OPD-HOSP-001-DEPT-DIAG-20260328,PEX-KPI-DCF120177644
ISS-kpi_005-E2817FFC,Info,PROVISIONAL_DENOMINATOR,kpi_005,HOSP-001,DEPT-DIAG,2026-03-29,Complaint rate denominator is provisional and pending stakeholder approval,processed_operational_daily.csv,OPD-HOSP-001-DEPT-DIAG-20260329,PEX-KPI-DCF120177644
ISS-kpi_005-11E2F546,Info,PROVISIONAL_DENOMINATOR,kpi_005,HOSP-001,DEPT-DIAG,2026-03-30,Complaint rate denominator is provisional and pending stakeholder approval,processed_operational_daily.csv,OPD-HOSP-001-DEPT-DIAG-20260330,PEX-KPI-DCF120177644
ISS-kpi_005-204BF9AD,Info,PROVISIONAL_DENOMINATOR,kpi_005,HOSP-001,DEPT-DIAG,2026-03-31,Complaint rate denominator is provisional and pending stakeholder approval,processed_operational_daily.csv,OPD-HOSP-001-DEPT-DIAG-20260331,PEX-KPI-DCF120177644
ISS-kpi_005-97D7C4D4,Info,PROVISIONAL_DENOMINATOR,kpi_005,HOSP-001,DEPT-DIAG,2026-04-01,Complaint rate denominator is provisional and pending stakeholder approval,processed_operational_daily.csv,OPD-HOSP-001-DEPT-DIAG-20260401,PEX-KPI-DCF120177644
ISS-kpi_005-251F89CD,Warning,INSUFFICIENT_DATA,kpi_005,HOSP-001,DEPT-DIAG,2026-04-02,Insufficient data for kpi_005,processed_operational_daily.csv,OPD-HOSP-001-DEPT-DIAG-20260402,PEX-KPI-DCF120177644
ISS-kpi_006-CD9C51E4,Warning,INSUFFICIENT_DATA,kpi_006,HOSP-001,DEPT-DIAG,2026-04-02,Insufficient data for kpi_006,processed_operational_daily.csv,OPD-HOSP-001-DEPT-DIAG-20260402,PEX-KPI-DCF120177644
ISS-kpi_005-38710E23,Info,PROVISIONAL_DENOMINATOR,kpi_005,HOSP-001,DEPT-DIAG,2026-04-03,Complaint rate denominator is provisional and pending stakeholder approval,processed_operational_daily.csv,OPD-HOSP-001-DEPT-DIAG-20260403,PEX-KPI-DCF120177644
ISS-kpi_005-904DB5D4,Info,PROVISIONAL_DENOMINATOR,kpi_005,HOSP-001,DEPT-DIAG,2026-04-04,Complaint rate denominator is provisional and pending stakeholder approval,processed_operational_daily.csv,OPD-HOSP-001-DEPT-DIAG-20260404,PEX-KPI-DCF120177644
ISS-kpi_005-CE87AA42,Info,PROVISIONAL_DENOMINATOR,kpi_005,HOSP-001,DEPT-DIAG,2026-04-05,Complaint rate denominator is provisional and pending stakeholder approval,processed_operational_daily.csv,OPD-HOSP-001-DEPT-DIAG-20260405,PEX-KPI-DCF120177644
ISS-kpi_006-68643BE6,Warning,ZERO_DENOMINATOR,kpi_006,HOSP-001,DEPT-DIAG,2026-04-05,Zero denominator for kpi_006,processed_operational_daily.csv,OPD-HOSP-001-DEPT-DIAG-20260405,PEX-KPI-DCF120177644
ISS-kpi_005-E6B86AC2,Info,PROVISIONAL_DENOMINATOR,kpi_005,HOSP-001,DEPT-DIAG,2026-04-06,Complaint rate denominator is provisional and pending stakeholder approval,processed_operational_daily.csv,OPD-HOSP-001-DEPT-DIAG-20260406,PEX-KPI-DCF120177644
ISS-kpi_005-FBD9A434,Info,PROVISIONAL_DENOMINATOR,kpi_005,HOSP-001,DEPT-DIAG,2026-04-07,Complaint rate denominator is provisional and pending stakeholder approval,processed_operational_daily.csv,OPD-HOSP-001-DEPT-DIAG-20260407,PEX-KPI-DCF120177644
ISS-kpi_006-A2776408,Warning,ZERO_DENOMINATOR,kpi_006,HOSP-001,DEPT-DIAG,2026-04-07,Zero denominator for kpi_006,processed_operational_daily.csv,OPD-HOSP-001-DEPT-DIAG-20260407,PEX-KPI-DCF120177644
ISS-kpi_005-2EF1334C,Info,PROVISIONAL_DENOMINATOR,kpi_005,HOSP-001,DEPT-DIAG,2026-04-08,Complaint rate denominator is provisional and pending stakeholder approval,processed_operational_daily.csv,OPD-HOSP-001-DEPT-DIAG-20260408,PEX-KPI-DCF120177644
ISS-kpi_005-5DB12345,Info,PROVISIONAL_DENOMINATOR,kpi_005,HOSP-001,DEPT-DIAG,2026-04-09,Complaint rate denominator is provisional and pending stakeholder approval,processed_operational_daily.csv,OPD-HOSP-001-DEPT-DIAG-20260409,PEX-KPI-DCF120177644
ISS-kpi_005-82B47E26,Info,PROVISIONAL_DENOMINATOR,kpi_005,HOSP-001,DEPT-DIAG,2026-04-10,Complaint rate denominator is provisional and pending stakeholder approval,processed_operational_daily.csv,OPD-HOSP-001-DEPT-DIAG-20260410,PEX-KPI-DCF120177644
ISS-kpi_005-50828D72,Info,PROVISIONAL_DENOMINATOR,kpi_005,HOSP-001,DEPT-DIAG,2026-04-11,Complaint rate denominator is provisional and pending stakeholder approval,processed_operational_daily.csv,OPD-HOSP-001-DEPT-DIAG-20260411,PEX-KPI-DCF120177644
ISS-kpi_005-42A261E4,Info,PROVISIONAL_DENOMINATOR,kpi_005,HOSP-001,DEPT-DIAG,2026-04-12,Complaint rate denominator is provisional and pending stakeholder approval,processed_operational_daily.csv,OPD-HOSP-001-DEPT-DIAG-20260412,PEX-KPI-DCF120177644
ISS-kpi_005-B7CF0F1A,Info,PROVISIONAL_DENOMINATOR,kpi_005,HOSP-001,DEPT-DIAG,2026-04-13,Complaint rate denominator is provisional and pending stakeholder approval,processed_operational_daily.csv,OPD-HOSP-001-DEPT-DIAG-20260413,PEX-KPI-DCF120177644
ISS-kpi_005-28416EC8,Info,PROVISIONAL_DENOMINATOR,kpi_005,HOSP-001,DEPT-DIAG,2026-04-14,Complaint rate denominator is provisional and pending stakeholder approval,processed_operational_daily.csv,OPD-HOSP-001-DEPT-DIAG-20260414,PEX-KPI-DCF120177644
ISS-kpi_005-17191D4F,Info,PROVISIONAL_DENOMINATOR,kpi_005,HOSP-001,DEPT-DIAG,2026-04-15,Complaint rate denominator is provisional and pending stakeholder approval,processed_operational_daily.csv,OPD-HOSP-001-DEPT-DIAG-20260415,PEX-KPI-DCF120177644
ISS-kpi_005-AE8048F6,Info,PROVISIONAL_DENOMINATOR,kpi_005,HOSP-001,DEPT-DIAG,2026-04-16,Complaint rate denominator is provisional and pending stakeholder approval,processed_operational_daily.csv,OPD-HOSP-001-DEPT-DIAG-20260416,PEX-KPI-DCF120177644
ISS-kpi_005-7A053DD7,Info,PROVISIONAL_DENOMINATOR,kpi_005,HOSP-001,DEPT-DIAG,2026-04-17,Complaint rate denominator is provisional and pending stakeholder approval,processed_operational_daily.csv,OPD-HOSP-001-DEPT-DIAG-20260417,PEX-KPI-DCF120177644
ISS-kpi_005-2DC35A72,Warning,INSUFFICIENT_DATA,kpi_005,HOSP-001,DEPT-DIAG,2026-04-18,Insufficient data for kpi_005,processed_operational_daily.csv,OPD-HOSP-001-DEPT-DIAG-20260418,PEX-KPI-DCF120177644
ISS-kpi_006-03D149D9,Warning,INSUFFICIENT_DATA,kpi_006,HOSP-001,DEPT-DIAG,2026-04-18,Insufficient data for kpi_006,processed_operational_daily.csv,OPD-HOSP-001-DEPT-DIAG-20260418,PEX-KPI-DCF120177644
ISS-kpi_005-1577C0A2,Info,PROVISIONAL_DENOMINATOR,kpi_005,HOSP-001,DEPT-DIAG,2026-04-19,Complaint rate denominator is provisional and pending stakeholder approval,processed_operational_daily.csv,OPD-HOSP-001-DEPT-DIAG-20260419,PEX-KPI-DCF120177644
ISS-kpi_005-0B61A084,Info,PROVISIONAL_DENOMINATOR,kpi_005,HOSP-001,DEPT-DIAG,2026-04-20,Complaint rate denominator is provisional and pending stakeholder approval,processed_operational_daily.csv,OPD-HOSP-001-DEPT-DIAG-20260420,PEX-KPI-DCF120177644
ISS-kpi_005-39173A09,Info,PROVISIONAL_DENOMINATOR,kpi_005,HOSP-001,DEPT-DIAG,2026-04-21,Complaint rate denominator is provisional and pending stakeholder approval,processed_operational_daily.csv,OPD-HOSP-001-DEPT-DIAG-20260421,PEX-KPI-DCF120177644
ISS-kpi_006-02DEEA88,Warning,ZERO_DENOMINATOR,kpi_006,HOSP-001,DEPT-DIAG,2026-04-21,Zero denominator for kpi_006,processed_operational_daily.csv,OPD-HOSP-001-DEPT-DIAG-20260421,PEX-KPI-DCF120177644
ISS-kpi_005-94117CD9,Info,PROVISIONAL_DENOMINATOR,kpi_005,HOSP-001,DEPT-DIAG,2026-04-22,Complaint rate denominator is provisional and pending stakeholder approval,processed_operational_daily.csv,OPD-HOSP-001-DEPT-DIAG-20260422,PEX-KPI-DCF120177644
ISS-kpi_005-C83AF0E1,Info,PROVISIONAL_DENOMINATOR,kpi_005,HOSP-001,DEPT-DIAG,2026-04-23,Complaint rate denominator is provisional and pending stakeholder approval,processed_operational_daily.csv,OPD-HOSP-001-DEPT-DIAG-20260423,PEX-KPI-DCF120177644
ISS-kpi_005-59E33561,Warning,INSUFFICIENT_DATA,kpi_005,HOSP-001,DEPT-DIAG,2026-04-24,Insufficient data for kpi_005,processed_operational_daily.csv,OPD-HOSP-001-DEPT-DIAG-20260424,PEX-KPI-DCF120177644
ISS-kpi_006-379C4FB4,Warning,INSUFFICIENT_DATA,kpi_006,HOSP-001,DEPT-DIAG,2026-04-24,Insufficient data for kpi_006,processed_operational_daily.csv,OPD-HOSP-001-DEPT-DIAG-20260424,PEX-KPI-DCF120177644
ISS-kpi_005-19926D3C,Info,PROVISIONAL_DENOMINATOR,kpi_005,HOSP-001,DEPT-DIAG,2026-04-25,Complaint rate denominator is provisional and pending stakeholder approval,processed_operational_daily.csv,OPD-HOSP-001-DEPT-DIAG-20260425,PEX-KPI-DCF120177644
ISS-kpi_005-1820FBAD,Info,PROVISIONAL_DENOMINATOR,kpi_005,HOSP-001,DEPT-DIAG,2026-04-26,Complaint rate denominator is provisional and pending stakeholder approval,processed_operational_daily.csv,OPD-HOSP-001-DEPT-DIAG-20260426,PEX-KPI-DCF120177644
ISS-kpi_005-F6E3769F,Info,PROVISIONAL_DENOMINATOR,kpi_005,HOSP-001,DEPT-DIAG,2026-04-27,Complaint rate denominator is provisional and pending stakeholder approval,processed_operational_daily.csv,OPD-HOSP-001-DEPT-DIAG-20260427,PEX-KPI-DCF120177644
ISS-kpi_005-E83405DB,Info,PROVISIONAL_DENOMINATOR,kpi_005,HOSP-001,DEPT-DIAG,2026-04-28,Complaint rate denominator is provisional and pending stakeholder approval,processed_operational_daily.csv,OPD-HOSP-001-DEPT-DIAG-20260428,PEX-KPI-DCF120177644
ISS-kpi_005-5B495C97,Info,PROVISIONAL_DENOMINATOR,kpi_005,HOSP-001,DEPT-DIAG,2026-04-29,Complaint rate denominator is provisional and pending stakeholder approval,processed_operational_daily.csv,OPD-HOSP-001-DEPT-DIAG-20260429,PEX-KPI-DCF120177644
ISS-kpi_006-63432B88,Warning,ZERO_DENOMINATOR,kpi_006,HOSP-001,DEPT-DIAG,2026-04-29,Zero denominator for kpi_006,processed_operational_daily.csv,OPD-HOSP-001-DEPT-DIAG-20260429,PEX-KPI-DCF120177644
ISS-kpi_005-16912058,Info,PROVISIONAL_DENOMINATOR,kpi_005,HOSP-001,DEPT-DIAG,2026-04-30,Complaint rate denominator is provisional and pending stakeholder approval,processed_operational_daily.csv,OPD-HOSP-001-DEPT-DIAG-20260430,PEX-KPI-DCF120177644
ISS-kpi_005-D1975ADE,Info,PROVISIONAL_DENOMINATOR,kpi_005,HOSP-001,DEPT-DIAG,2026-05-01,Complaint rate denominator is provisional and pending stakeholder approval,processed_operational_daily.csv,OPD-HOSP-001-DEPT-DIAG-20260501,PEX-KPI-DCF120177644
ISS-kpi_005-AA543961,Warning,INSUFFICIENT_DATA,kpi_005,HOSP-001,DEPT-DIAG,2026-05-02,Insufficient data for kpi_005,processed_operational_daily.csv,OPD-HOSP-001-DEPT-DIAG-20260502,PEX-KPI-DCF120177644
ISS-kpi_006-1B49891E,Warning,INSUFFICIENT_DATA,kpi_006,HOSP-001,DEPT-DIAG,2026-05-02,Insufficient data for kpi_006,processed_operational_daily.csv,OPD-HOSP-001-DEPT-DIAG-20260502,PEX-KPI-DCF120177644
ISS-kpi_005-78FE233E,Info,PROVISIONAL_DENOMINATOR,kpi_005,HOSP-001,DEPT-DIAG,2026-05-03,Complaint rate denominator is provisional and pending stakeholder approval,processed_operational_daily.csv,OPD-HOSP-001-DEPT-DIAG-20260503,PEX-KPI-DCF120177644
ISS-kpi_005-94956B85,Info,PROVISIONAL_DENOMINATOR,kpi_005,HOSP-001,DEPT-DIAG,2026-05-04,Complaint rate denominator is provisional and pending stakeholder approval,processed_operational_daily.csv,OPD-HOSP-001-DEPT-DIAG-20260504,PEX-KPI-DCF120177644
ISS-kpi_005-111C236C,Info,PROVISIONAL_DENOMINATOR,kpi_005,HOSP-001,DEPT-DIAG,2026-05-05,Complaint rate denominator is provisional and pending stakeholder approval,processed_operational_daily.csv,OPD-HOSP-001-DEPT-DIAG-20260505,PEX-KPI-DCF120177644
ISS-kpi_005-C8F3C4F0,Info,PROVISIONAL_DENOMINATOR,kpi_005,HOSP-001,DEPT-DIAG,2026-05-06,Complaint rate denominator is provisional and pending stakeholder approval,processed_operational_daily.csv,OPD-HOSP-001-DEPT-DIAG-20260506,PEX-KPI-DCF120177644
ISS-kpi_005-535178C4,Info,PROVISIONAL_DENOMINATOR,kpi_005,HOSP-001,DEPT-DIAG,2026-05-07,Complaint rate denominator is provisional and pending stakeholder approval,processed_operational_daily.csv,OPD-HOSP-001-DEPT-DIAG-20260507,PEX-KPI-DCF120177644
ISS-kpi_006-16B7ADA3,Warning,ZERO_DENOMINATOR,kpi_006,HOSP-001,DEPT-DIAG,2026-05-07,Zero denominator for kpi_006,processed_operational_daily.csv,OPD-HOSP-001-DEPT-DIAG-20260507,PEX-KPI-DCF120177644
ISS-kpi_005-68ABDBEF,Info,PROVISIONAL_DENOMINATOR,kpi_005,HOSP-001,DEPT-DIAG,2026-05-08,Complaint rate denominator is provisional and pending stakeholder approval,processed_operational_daily.csv,OPD-HOSP-001-DEPT-DIAG-20260508,PEX-KPI-DCF120177644
ISS-kpi_005-1D17D154,Info,PROVISIONAL_DENOMINATOR,kpi_005,HOSP-001,DEPT-DIAG,2026-05-09,Complaint rate denominator is provisional and pending stakeholder approval,processed_operational_daily.csv,OPD-HOSP-001-DEPT-DIAG-20260509,PEX-KPI-DCF120177644
ISS-kpi_005-7F461E3E,Warning,INSUFFICIENT_DATA,kpi_005,HOSP-001,DEPT-DIAG,2026-05-10,Insufficient data for kpi_005,processed_operational_daily.csv,OPD-HOSP-001-DEPT-DIAG-20260510,PEX-KPI-DCF120177644
ISS-kpi_006-D4D8594E,Warning,INSUFFICIENT_DATA,kpi_006,HOSP-001,DEPT-DIAG,2026-05-10,Insufficient data for kpi_006,processed_operational_daily.csv,OPD-HOSP-001-DEPT-DIAG-20260510,PEX-KPI-DCF120177644
ISS-kpi_005-4E91B2C4,Info,PROVISIONAL_DENOMINATOR,kpi_005,HOSP-001,DEPT-DIAG,2026-05-11,Complaint rate denominator is provisional and pending stakeholder approval,processed_operational_daily.csv,OPD-HOSP-001-DEPT-DIAG-20260511,PEX-KPI-DCF120177644
ISS-kpi_005-D6BF79FB,Info,PROVISIONAL_DENOMINATOR,kpi_005,HOSP-001,DEPT-DIAG,2026-05-12,Complaint rate denominator is provisional and pending stakeholder approval,processed_operational_daily.csv,OPD-HOSP-001-DEPT-DIAG-20260512,PEX-KPI-DCF120177644
ISS-kpi_005-FFD7B627,Info,PROVISIONAL_DENOMINATOR,kpi_005,HOSP-001,DEPT-DIAG,2026-05-13,Complaint rate denominator is provisional and pending stakeholder approval,processed_operational_daily.csv,OPD-HOSP-001-DEPT-DIAG-20260513,PEX-KPI-DCF120177644
ISS-kpi_005-422B75C7,Info,PROVISIONAL_DENOMINATOR,kpi_005,HOSP-001,DEPT-DIAG,2026-05-14,Complaint rate denominator is provisional and pending stakeholder approval,processed_operational_daily.csv,OPD-HOSP-001-DEPT-DIAG-20260514,PEX-KPI-DCF120177644
ISS-kpi_005-05D4FCF8,Warning,INSUFFICIENT_DATA,kpi_005,HOSP-001,DEPT-DIAG,2026-05-15,Insufficient data for kpi_005,processed_operational_daily.csv,OPD-HOSP-001-DEPT-DIAG-20260515,PEX-KPI-DCF120177644
ISS-kpi_006-85B25955,Warning,INSUFFICIENT_DATA,kpi_006,HOSP-001,DEPT-DIAG,2026-05-15,Insufficient data for kpi_006,processed_operational_daily.csv,OPD-HOSP-001-DEPT-DIAG-20260515,PEX-KPI-DCF120177644
ISS-kpi_005-8C37EB79,Info,PROVISIONAL_DENOMINATOR,kpi_005,HOSP-001,DEPT-DIAG,2026-05-16,Complaint rate denominator is provisional and pending stakeholder approval,processed_operational_daily.csv,OPD-HOSP-001-DEPT-DIAG-20260516,PEX-KPI-DCF120177644
ISS-kpi_005-A15D7D90,Info,PROVISIONAL_DENOMINATOR,kpi_005,HOSP-001,DEPT-DIAG,2026-05-17,Complaint rate denominator is provisional and pending stakeholder approval,processed_operational_daily.csv,OPD-HOSP-001-DEPT-DIAG-20260517,PEX-KPI-DCF120177644
ISS-kpi_005-4BD513CB,Info,PROVISIONAL_DENOMINATOR,kpi_005,HOSP-001,DEPT-DIAG,2026-05-18,Complaint rate denominator is provisional and pending stakeholder approval,processed_operational_daily.csv,OPD-HOSP-001-DEPT-DIAG-20260518,PEX-KPI-DCF120177644
ISS-kpi_005-977AD423,Warning,INSUFFICIENT_DATA,kpi_005,HOSP-001,DEPT-DIAG,2026-05-19,Insufficient data for kpi_005,processed_operational_daily.csv,OPD-HOSP-001-DEPT-DIAG-20260519,PEX-KPI-DCF120177644
ISS-kpi_006-45B150F9,Warning,INSUFFICIENT_DATA,kpi_006,HOSP-001,DEPT-DIAG,2026-05-19,Insufficient data for kpi_006,processed_operational_daily.csv,OPD-HOSP-001-DEPT-DIAG-20260519,PEX-KPI-DCF120177644
ISS-kpi_005-0C4C9BB7,Info,PROVISIONAL_DENOMINATOR,kpi_005,HOSP-001,DEPT-DIAG,2026-05-20,Complaint rate denominator is provisional and pending stakeholder approval,processed_operational_daily.csv,OPD-HOSP-001-DEPT-DIAG-20260520,PEX-KPI-DCF120177644
ISS-kpi_005-09BD1DD8,Info,PROVISIONAL_DENOMINATOR,kpi_005,HOSP-001,DEPT-DIAG,2026-05-21,Complaint rate denominator is provisional and pending stakeholder approval,processed_operational_daily.csv,OPD-HOSP-001-DEPT-DIAG-20260521,PEX-KPI-DCF120177644
ISS-kpi_005-DFAD04D7,Info,PROVISIONAL_DENOMINATOR,kpi_005,HOSP-001,DEPT-DIAG,2026-05-22,Complaint rate denominator is provisional and pending stakeholder approval,processed_operational_daily.csv,OPD-HOSP-001-DEPT-DIAG-20260522,PEX-KPI-DCF120177644
ISS-kpi_005-1138CBBF,Info,PROVISIONAL_DENOMINATOR,kpi_005,HOSP-001,DEPT-DIAG,2026-05-23,Complaint rate denominator is provisional and pending stakeholder approval,processed_operational_daily.csv,OPD-HOSP-001-DEPT-DIAG-20260523,PEX-KPI-DCF120177644
ISS-kpi_005-2FD538EC,Info,PROVISIONAL_DENOMINATOR,kpi_005,HOSP-001,DEPT-DIAG,2026-05-24,Complaint rate denominator is provisional and pending stakeholder approval,processed_operational_daily.csv,OPD-HOSP-001-DEPT-DIAG-20260524,PEX-KPI-DCF120177644
ISS-kpi_005-AC649BBF,Info,PROVISIONAL_DENOMINATOR,kpi_005,HOSP-001,DEPT-DIAG,2026-05-25,Complaint rate denominator is provisional and pending stakeholder approval,processed_operational_daily.csv,OPD-HOSP-001-DEPT-DIAG-20260525,PEX-KPI-DCF120177644
ISS-kpi_005-B9491019,Info,PROVISIONAL_DENOMINATOR,kpi_005,HOSP-001,DEPT-DIAG,2026-05-26,Complaint rate denominator is provisional and pending stakeholder approval,processed_operational_daily.csv,OPD-HOSP-001-DEPT-DIAG-20260526,PEX-KPI-DCF120177644
ISS-kpi_005-DD68EB30,Info,PROVISIONAL_DENOMINATOR,kpi_005,HOSP-001,DEPT-DIAG,2026-05-27,Complaint rate denominator is provisional and pending stakeholder approval,processed_operational_daily.csv,OPD-HOSP-001-DEPT-DIAG-20260527,PEX-KPI-DCF120177644
ISS-kpi_005-72955DB6,Info,PROVISIONAL_DENOMINATOR,kpi_005,HOSP-001,DEPT-DIAG,2026-05-28,Complaint rate denominator is provisional and pending stakeholder approval,processed_operational_daily.csv,OPD-HOSP-001-DEPT-DIAG-20260528,PEX-KPI-DCF120177644
ISS-kpi_005-7967284D,Info,PROVISIONAL_DENOMINATOR,kpi_005,HOSP-001,DEPT-DIAG,2026-05-29,Complaint rate denominator is provisional and pending stakeholder approval,processed_operational_daily.csv,OPD-HOSP-001-DEPT-DIAG-20260529,PEX-KPI-DCF120177644
ISS-kpi_005-34BA1A5E,Warning,INSUFFICIENT_DATA,kpi_005,HOSP-001,DEPT-DIAG,2026-05-30,Insufficient data for kpi_005,processed_operational_daily.csv,OPD-HOSP-001-DEPT-DIAG-20260530,PEX-KPI-DCF120177644
ISS-kpi_006-3575E598,Warning,INSUFFICIENT_DATA,kpi_006,HOSP-001,DEPT-DIAG,2026-05-30,Insufficient data for kpi_006,processed_operational_daily.csv,OPD-HOSP-001-DEPT-DIAG-20260530,PEX-KPI-DCF120177644
ISS-kpi_005-3323A1EE,Info,PROVISIONAL_DENOMINATOR,kpi_005,HOSP-001,DEPT-DIAG,2026-05-31,Complaint rate denominator is provisional and pending stakeholder approval,processed_operational_daily.csv,OPD-HOSP-001-DEPT-DIAG-20260531,PEX-KPI-DCF120177644
ISS-kpi_005-6B61C489,Info,PROVISIONAL_DENOMINATOR,kpi_005,HOSP-001,DEPT-DIAG,2026-06-01,Complaint rate denominator is provisional and pending stakeholder approval,processed_operational_daily.csv,OPD-HOSP-001-DEPT-DIAG-20260601,PEX-KPI-DCF120177644
ISS-kpi_005-DA62578A,Warning,INSUFFICIENT_DATA,kpi_005,HOSP-001,DEPT-DIAG,2026-06-02,Insufficient data for kpi_005,processed_operational_daily.csv,OPD-HOSP-001-DEPT-DIAG-20260602,PEX-KPI-DCF120177644
ISS-kpi_006-E49429C0,Warning,INSUFFICIENT_DATA,kpi_006,HOSP-001,DEPT-DIAG,2026-06-02,Insufficient data for kpi_006,processed_operational_daily.csv,OPD-HOSP-001-DEPT-DIAG-20260602,PEX-KPI-DCF120177644
ISS-kpi_005-C0F8D045,Info,PROVISIONAL_DENOMINATOR,kpi_005,HOSP-001,DEPT-DIAG,2026-06-03,Complaint rate denominator is provisional and pending stakeholder approval,processed_operational_daily.csv,OPD-HOSP-001-DEPT-DIAG-20260603,PEX-KPI-DCF120177644
ISS-kpi_005-D4182123,Info,PROVISIONAL_DENOMINATOR,kpi_005,HOSP-001,DEPT-DIAG,2026-06-04,Complaint rate denominator is provisional and pending stakeholder approval,processed_operational_daily.csv,OPD-HOSP-001-DEPT-DIAG-20260604,PEX-KPI-DCF120177644
ISS-kpi_005-ABF359E6,Info,PROVISIONAL_DENOMINATOR,kpi_005,HOSP-001,DEPT-DIAG,2026-06-05,Complaint rate denominator is provisional and pending stakeholder approval,processed_operational_daily.csv,OPD-HOSP-001-DEPT-DIAG-20260605,PEX-KPI-DCF120177644
ISS-kpi_005-674E6013,Info,PROVISIONAL_DENOMINATOR,kpi_005,HOSP-001,DEPT-DIAG,2026-06-06,Complaint rate denominator is provisional and pending stakeholder approval,processed_operational_daily.csv,OPD-HOSP-001-DEPT-DIAG-20260606,PEX-KPI-DCF120177644
ISS-kpi_005-4AC82427,Warning,INSUFFICIENT_DATA,kpi_005,HOSP-001,DEPT-DIAG,2026-06-07,Insufficient data for kpi_005,processed_operational_daily.csv,OPD-HOSP-001-DEPT-DIAG-20260607,PEX-KPI-DCF120177644
ISS-kpi_006-4EE56D1D,Warning,INSUFFICIENT_DATA,kpi_006,HOSP-001,DEPT-DIAG,2026-06-07,Insufficient data for kpi_006,processed_operational_daily.csv,OPD-HOSP-001-DEPT-DIAG-20260607,PEX-KPI-DCF120177644
ISS-kpi_005-DABD643D,Info,PROVISIONAL_DENOMINATOR,kpi_005,HOSP-001,DEPT-DIAG,2026-06-08,Complaint rate denominator is provisional and pending stakeholder approval,processed_operational_daily.csv,OPD-HOSP-001-DEPT-DIAG-20260608,PEX-KPI-DCF120177644
ISS-kpi_005-4134C57E,Info,PROVISIONAL_DENOMINATOR,kpi_005,HOSP-001,DEPT-DIAG,2026-06-09,Complaint rate denominator is provisional and pending stakeholder approval,processed_operational_daily.csv,OPD-HOSP-001-DEPT-DIAG-20260609,PEX-KPI-DCF120177644
ISS-kpi_005-2467522E,Info,PROVISIONAL_DENOMINATOR,kpi_005,HOSP-001,DEPT-DIAG,2026-06-10,Complaint rate denominator is provisional and pending stakeholder approval,processed_operational_daily.csv,OPD-HOSP-001-DEPT-DIAG-20260610,PEX-KPI-DCF120177644
ISS-kpi_005-C1734178,Info,PROVISIONAL_DENOMINATOR,kpi_005,HOSP-001,DEPT-DIAG,2026-06-11,Complaint rate denominator is provisional and pending stakeholder approval,processed_operational_daily.csv,OPD-HOSP-001-DEPT-DIAG-20260611,PEX-KPI-DCF120177644
ISS-kpi_005-F658ECA0,Info,PROVISIONAL_DENOMINATOR,kpi_005,HOSP-001,DEPT-DIAG,2026-06-12,Complaint rate denominator is provisional and pending stakeholder approval,processed_operational_daily.csv,OPD-HOSP-001-DEPT-DIAG-20260612,PEX-KPI-DCF120177644
ISS-kpi_005-5A3238BC,Info,PROVISIONAL_DENOMINATOR,kpi_005,HOSP-001,DEPT-DIAG,2026-06-13,Complaint rate denominator is provisional and pending stakeholder approval,processed_operational_daily.csv,OPD-HOSP-001-DEPT-DIAG-20260613,PEX-KPI-DCF120177644
ISS-kpi_005-7C7E4A10,Info,PROVISIONAL_DENOMINATOR,kpi_005,HOSP-001,DEPT-DIAG,2026-06-14,Complaint rate denominator is provisional and pending stakeholder approval,processed_operational_daily.csv,OPD-HOSP-001-DEPT-DIAG-20260614,PEX-KPI-DCF120177644
ISS-kpi_006-F81F7F30,Warning,ZERO_DENOMINATOR,kpi_006,HOSP-001,DEPT-DIAG,2026-06-14,Zero denominator for kpi_006,processed_operational_daily.csv,OPD-HOSP-001-DEPT-DIAG-20260614,PEX-KPI-DCF120177644
ISS-kpi_005-58324A8A,Info,PROVISIONAL_DENOMINATOR,kpi_005,HOSP-001,DEPT-DIAG,2026-06-15,Complaint rate denominator is provisional and pending stakeholder approval,processed_operational_daily.csv,OPD-HOSP-001-DEPT-DIAG-20260615,PEX-KPI-DCF120177644
ISS-kpi_005-6A12378D,Info,PROVISIONAL_DENOMINATOR,kpi_005,HOSP-001,DEPT-DIAG,2026-06-16,Complaint rate denominator is provisional and pending stakeholder approval,processed_operational_daily.csv,OPD-HOSP-001-DEPT-DIAG-20260616,PEX-KPI-DCF120177644
ISS-kpi_005-144F1128,Info,PROVISIONAL_DENOMINATOR,kpi_005,HOSP-001,DEPT-DIAG,2026-06-17,Complaint rate denominator is provisional and pending stakeholder approval,processed_operational_daily.csv,OPD-HOSP-001-DEPT-DIAG-20260617,PEX-KPI-DCF120177644
ISS-kpi_005-D1D10BDD,Info,PROVISIONAL_DENOMINATOR,kpi_005,HOSP-001,DEPT-DIAG,2026-06-18,Complaint rate denominator is provisional and pending stakeholder approval,processed_operational_daily.csv,OPD-HOSP-001-DEPT-DIAG-20260618,PEX-KPI-DCF120177644
ISS-kpi_005-5CBC35BC,Info,PROVISIONAL_DENOMINATOR,kpi_005,HOSP-001,DEPT-DIAG,2026-06-19,Complaint rate denominator is provisional and pending stakeholder approval,processed_operational_daily.csv,OPD-HOSP-001-DEPT-DIAG-20260619,PEX-KPI-DCF120177644
ISS-kpi_005-8DC530F4,Warning,INSUFFICIENT_DATA,kpi_005,HOSP-001,DEPT-DIAG,2026-06-20,Insufficient data for kpi_005,processed_operational_daily.csv,OPD-HOSP-001-DEPT-DIAG-20260620,PEX-KPI-DCF120177644
ISS-kpi_006-2F2B267E,Warning,INSUFFICIENT_DATA,kpi_006,HOSP-001,DEPT-DIAG,2026-06-20,Insufficient data for kpi_006,processed_operational_daily.csv,OPD-HOSP-001-DEPT-DIAG-20260620,PEX-KPI-DCF120177644
ISS-kpi_005-4550D45D,Warning,INSUFFICIENT_DATA,kpi_005,HOSP-001,DEPT-DIAG,2026-06-21,Insufficient data for kpi_005,processed_operational_daily.csv,OPD-HOSP-001-DEPT-DIAG-20260621,PEX-KPI-DCF120177644
ISS-kpi_006-82385F92,Warning,INSUFFICIENT_DATA,kpi_006,HOSP-001,DEPT-DIAG,2026-06-21,Insufficient data for kpi_006,processed_operational_daily.csv,OPD-HOSP-001-DEPT-DIAG-20260621,PEX-KPI-DCF120177644
ISS-kpi_005-94D63168,Info,PROVISIONAL_DENOMINATOR,kpi_005,HOSP-001,DEPT-DIAG,2026-06-22,Complaint rate denominator is provisional and pending stakeholder approval,processed_operational_daily.csv,OPD-HOSP-001-DEPT-DIAG-20260622,PEX-KPI-DCF120177644
ISS-kpi_005-30A899B3,Info,PROVISIONAL_DENOMINATOR,kpi_005,HOSP-001,DEPT-DIAG,2026-06-23,Complaint rate denominator is provisional and pending stakeholder approval,processed_operational_daily.csv,OPD-HOSP-001-DEPT-DIAG-20260623,PEX-KPI-DCF120177644
ISS-kpi_005-D4B23C8C,Info,PROVISIONAL_DENOMINATOR,kpi_005,HOSP-001,DEPT-DIAG,2026-06-24,Complaint rate denominator is provisional and pending stakeholder approval,processed_operational_daily.csv,OPD-HOSP-001-DEPT-DIAG-20260624,PEX-KPI-DCF120177644
ISS-kpi_005-3C7BBE7C,Info,PROVISIONAL_DENOMINATOR,kpi_005,HOSP-001,DEPT-DIAG,2026-06-25,Complaint rate denominator is provisional and pending stakeholder approval,processed_operational_daily.csv,OPD-HOSP-001-DEPT-DIAG-20260625,PEX-KPI-DCF120177644
ISS-kpi_006-67930802,Warning,ZERO_DENOMINATOR,kpi_006,HOSP-001,DEPT-DIAG,2026-06-25,Zero denominator for kpi_006,processed_operational_daily.csv,OPD-HOSP-001-DEPT-DIAG-20260625,PEX-KPI-DCF120177644
ISS-kpi_005-291E5E68,Info,PROVISIONAL_DENOMINATOR,kpi_005,HOSP-001,DEPT-DIAG,2026-06-26,Complaint rate denominator is provisional and pending stakeholder approval,processed_operational_daily.csv,OPD-HOSP-001-DEPT-DIAG-20260626,PEX-KPI-DCF120177644
ISS-kpi_005-7ECCE234,Info,PROVISIONAL_DENOMINATOR,kpi_005,HOSP-001,DEPT-DIAG,2026-06-27,Complaint rate denominator is provisional and pending stakeholder approval,processed_operational_daily.csv,OPD-HOSP-001-DEPT-DIAG-20260627,PEX-KPI-DCF120177644
ISS-kpi_005-309CD585,Info,PROVISIONAL_DENOMINATOR,kpi_005,HOSP-001,DEPT-DIAG,2026-06-28,Complaint rate denominator is provisional and pending stakeholder approval,processed_operational_daily.csv,OPD-HOSP-001-DEPT-DIAG-20260628,PEX-KPI-DCF120177644
ISS-kpi_005-AC6718BB,Info,PROVISIONAL_DENOMINATOR,kpi_005,HOSP-001,DEPT-DIAG,2026-06-29,Complaint rate denominator is provisional and pending stakeholder approval,processed_operational_daily.csv,OPD-HOSP-001-DEPT-DIAG-20260629,PEX-KPI-DCF120177644
ISS-kpi_006-8FC5BAAD,Warning,ZERO_DENOMINATOR,kpi_006,HOSP-001,DEPT-DIAG,2026-06-29,Zero denominator for kpi_006,processed_operational_daily.csv,OPD-HOSP-001-DEPT-DIAG-20260629,PEX-KPI-DCF120177644
ISS-kpi_005-8EF10663,Info,PROVISIONAL_DENOMINATOR,kpi_005,HOSP-001,DEPT-DIAG,2026-06-30,Complaint rate denominator is provisional and pending stakeholder approval,processed_operational_daily.csv,OPD-HOSP-001-DEPT-DIAG-20260630,PEX-KPI-DCF120177644
ISS-kpi_006-4222F524,Warning,ZERO_DENOMINATOR,kpi_006,HOSP-001,DEPT-DIAG,2026-06-30,Zero denominator for kpi_006,processed_operational_daily.csv,OPD-HOSP-001-DEPT-DIAG-20260630,PEX-KPI-DCF120177644
ISS-kpi_005-CCFF0C8B,Info,PROVISIONAL_DENOMINATOR,kpi_005,HOSP-001,DEPT-DIAG,2026-07-01,Complaint rate denominator is provisional and pending stakeholder approval,processed_operational_daily.csv,OPD-HOSP-001-DEPT-DIAG-20260701,PEX-KPI-DCF120177644
ISS-kpi_005-127B0988,Info,PROVISIONAL_DENOMINATOR,kpi_005,HOSP-001,DEPT-DIAG,2026-07-02,Complaint rate denominator is provisional and pending stakeholder approval,processed_operational_daily.csv,OPD-HOSP-001-DEPT-DIAG-20260702,PEX-KPI-DCF120177644
ISS-kpi_005-A23C75D0,Info,PROVISIONAL_DENOMINATOR,kpi_005,HOSP-001,DEPT-DIAG,2026-07-03,Complaint rate denominator is provisional and pending stakeholder approval,processed_operational_daily.csv,OPD-HOSP-001-DEPT-DIAG-20260703,PEX-KPI-DCF120177644
ISS-kpi_005-5CD56D08,Info,PROVISIONAL_DENOMINATOR,kpi_005,HOSP-001,DEPT-DIAG,2026-07-04,Complaint rate denominator is provisional and pending stakeholder approval,processed_operational_daily.csv,OPD-HOSP-001-DEPT-DIAG-20260704,PEX-KPI-DCF120177644
ISS-kpi_005-79BC3089,Info,PROVISIONAL_DENOMINATOR,kpi_005,HOSP-001,DEPT-DIAG,2026-07-05,Complaint rate denominator is provisional and pending stakeholder approval,processed_operational_daily.csv,OPD-HOSP-001-DEPT-DIAG-20260705,PEX-KPI-DCF120177644
ISS-kpi_005-E9C568D9,Info,PROVISIONAL_DENOMINATOR,kpi_005,HOSP-001,DEPT-DIAG,2026-07-06,Complaint rate denominator is provisional and pending stakeholder approval,processed_operational_daily.csv,OPD-HOSP-001-DEPT-DIAG-20260706,PEX-KPI-DCF120177644
ISS-kpi_005-3F4ACD6B,Info,PROVISIONAL_DENOMINATOR,kpi_005,HOSP-001,DEPT-DIAG,2026-07-07,Complaint rate denominator is provisional and pending stakeholder approval,processed_operational_daily.csv,OPD-HOSP-001-DEPT-DIAG-20260707,PEX-KPI-DCF120177644
ISS-kpi_005-DA3A9916,Info,PROVISIONAL_DENOMINATOR,kpi_005,HOSP-001,DEPT-DIAG,2026-07-08,Complaint rate denominator is provisional and pending stakeholder approval,processed_operational_daily.csv,OPD-HOSP-001-DEPT-DIAG-20260708,PEX-KPI-DCF120177644
ISS-kpi_005-05F708BD,Warning,INSUFFICIENT_DATA,kpi_005,HOSP-001,DEPT-DIAG,2026-07-09,Insufficient data for kpi_005,processed_operational_daily.csv,OPD-HOSP-001-DEPT-DIAG-20260709,PEX-KPI-DCF120177644
ISS-kpi_006-B05EE8DD,Warning,INSUFFICIENT_DATA,kpi_006,HOSP-001,DEPT-DIAG,2026-07-09,Insufficient data for kpi_006,processed_operational_daily.csv,OPD-HOSP-001-DEPT-DIAG-20260709,PEX-KPI-DCF120177644
ISS-kpi_005-2F43E5E0,Info,PROVISIONAL_DENOMINATOR,kpi_005,HOSP-001,DEPT-DIAG,2026-07-10,Complaint rate denominator is provisional and pending stakeholder approval,processed_operational_daily.csv,OPD-HOSP-001-DEPT-DIAG-20260710,PEX-KPI-DCF120177644
ISS-kpi_005-53C7D49D,Info,PROVISIONAL_DENOMINATOR,kpi_005,HOSP-001,DEPT-DIAG,2026-07-11,Complaint rate denominator is provisional and pending stakeholder approval,processed_operational_daily.csv,OPD-HOSP-001-DEPT-DIAG-20260711,PEX-KPI-DCF120177644
ISS-kpi_005-278DD225,Info,PROVISIONAL_DENOMINATOR,kpi_005,HOSP-001,DEPT-DIAG,2026-07-12,Complaint rate denominator is provisional and pending stakeholder approval,processed_operational_daily.csv,OPD-HOSP-001-DEPT-DIAG-20260712,PEX-KPI-DCF120177644
ISS-kpi_005-7E0E438B,Info,PROVISIONAL_DENOMINATOR,kpi_005,HOSP-001,DEPT-DIAG,2026-07-13,Complaint rate denominator is provisional and pending stakeholder approval,processed_operational_daily.csv,OPD-HOSP-001-DEPT-DIAG-20260713,PEX-KPI-DCF120177644
ISS-kpi_005-26FAD26C,Info,PROVISIONAL_DENOMINATOR,kpi_005,HOSP-001,DEPT-DIAG,2026-07-14,Complaint rate denominator is provisional and pending stakeholder approval,processed_operational_daily.csv,OPD-HOSP-001-DEPT-DIAG-20260714,PEX-KPI-DCF120177644
ISS-kpi_005-C6ADCFEA,Warning,INSUFFICIENT_DATA,kpi_005,HOSP-001,DEPT-DIAG,2026-07-15,Insufficient data for kpi_005,processed_operational_daily.csv,OPD-HOSP-001-DEPT-DIAG-20260715,PEX-KPI-DCF120177644
ISS-kpi_006-8736CCA7,Warning,INSUFFICIENT_DATA,kpi_006,HOSP-001,DEPT-DIAG,2026-07-15,Insufficient data for kpi_006,processed_operational_daily.csv,OPD-HOSP-001-DEPT-DIAG-20260715,PEX-KPI-DCF120177644
ISS-kpi_005-95AB800F,Info,PROVISIONAL_DENOMINATOR,kpi_005,HOSP-001,DEPT-DIAG,2026-07-16,Complaint rate denominator is provisional and pending stakeholder approval,processed_operational_daily.csv,OPD-HOSP-001-DEPT-DIAG-20260716,PEX-KPI-DCF120177644
ISS-kpi_005-CB184D7E,Info,PROVISIONAL_DENOMINATOR,kpi_005,HOSP-001,DEPT-DIAG,2026-07-17,Complaint rate denominator is provisional and pending stakeholder approval,processed_operational_daily.csv,OPD-HOSP-001-DEPT-DIAG-20260717,PEX-KPI-DCF120177644
ISS-kpi_005-602A1C48,Info,PROVISIONAL_DENOMINATOR,kpi_005,HOSP-001,DEPT-DIAG,2026-07-18,Complaint rate denominator is provisional and pending stakeholder approval,processed_operational_daily.csv,OPD-HOSP-001-DEPT-DIAG-20260718,PEX-KPI-DCF120177644
ISS-kpi_005-21AA9A31,Info,PROVISIONAL_DENOMINATOR,kpi_005,HOSP-001,DEPT-DIAG,2026-07-19,Complaint rate denominator is provisional and pending stakeholder approval,processed_operational_daily.csv,OPD-HOSP-001-DEPT-DIAG-20260719,PEX-KPI-DCF120177644
ISS-kpi_005-AA2043A3,Info,PROVISIONAL_DENOMINATOR,kpi_005,HOSP-001,DEPT-DIAG,2026-07-20,Complaint rate denominator is provisional and pending stakeholder approval,processed_operational_daily.csv,OPD-HOSP-001-DEPT-DIAG-20260720,PEX-KPI-DCF120177644
ISS-kpi_005-427DD0B1,Info,PROVISIONAL_DENOMINATOR,kpi_005,HOSP-001,DEPT-DIAG,2026-07-21,Complaint rate denominator is provisional and pending stakeholder approval,processed_operational_daily.csv,OPD-HOSP-001-DEPT-DIAG-20260721,PEX-KPI-DCF120177644
ISS-kpi_005-7F8F6132,Info,PROVISIONAL_DENOMINATOR,kpi_005,HOSP-001,DEPT-DIAG,2026-07-22,Complaint rate denominator is provisional and pending stakeholder approval,processed_operational_daily.csv,OPD-HOSP-001-DEPT-DIAG-20260722,PEX-KPI-DCF120177644
ISS-kpi_005-80177655,Info,PROVISIONAL_DENOMINATOR,kpi_005,HOSP-001,DEPT-DIAG,2026-07-23,Complaint rate denominator is provisional and pending stakeholder approval,processed_operational_daily.csv,OPD-HOSP-001-DEPT-DIAG-20260723,PEX-KPI-DCF120177644
ISS-kpi_005-18EE3E52,Info,PROVISIONAL_DENOMINATOR,kpi_005,HOSP-001,DEPT-DIAG,2026-07-24,Complaint rate denominator is provisional and pending stakeholder approval,processed_operational_daily.csv,OPD-HOSP-001-DEPT-DIAG-20260724,PEX-KPI-DCF120177644
ISS-kpi_006-404B728D,Warning,ZERO_DENOMINATOR,kpi_006,HOSP-001,DEPT-DIAG,2026-07-24,Zero denominator for kpi_006,processed_operational_daily.csv,OPD-HOSP-001-DEPT-DIAG-20260724,PEX-KPI-DCF120177644
ISS-kpi_005-43D6794E,Warning,INSUFFICIENT_DATA,kpi_005,HOSP-001,DEPT-DIAG,2026-07-25,Insufficient data for kpi_005,processed_operational_daily.csv,OPD-HOSP-001-DEPT-DIAG-20260725,PEX-KPI-DCF120177644
ISS-kpi_006-6C738A65,Warning,INSUFFICIENT_DATA,kpi_006,HOSP-001,DEPT-DIAG,2026-07-25,Insufficient data for kpi_006,processed_operational_daily.csv,OPD-HOSP-001-DEPT-DIAG-20260725,PEX-KPI-DCF120177644
ISS-kpi_005-54DFFA24,Info,PROVISIONAL_DENOMINATOR,kpi_005,HOSP-001,DEPT-DIAG,2026-07-26,Complaint rate denominator is provisional and pending stakeholder approval,processed_operational_daily.csv,OPD-HOSP-001-DEPT-DIAG-20260726,PEX-KPI-DCF120177644
ISS-kpi_005-41AC090B,Info,PROVISIONAL_DENOMINATOR,kpi_005,HOSP-001,DEPT-DIAG,2026-07-27,Complaint rate denominator is provisional and pending stakeholder approval,processed_operational_daily.csv,OPD-HOSP-001-DEPT-DIAG-20260727,PEX-KPI-DCF120177644
ISS-kpi_005-5D969A95,Info,PROVISIONAL_DENOMINATOR,kpi_005,HOSP-001,DEPT-DIAG,2026-07-28,Complaint rate denominator is provisional and pending stakeholder approval,processed_operational_daily.csv,OPD-HOSP-001-DEPT-DIAG-20260728,PEX-KPI-DCF120177644
ISS-kpi_005-CC603DC4,Info,PROVISIONAL_DENOMINATOR,kpi_005,HOSP-001,DEPT-DIAG,2026-07-29,Complaint rate denominator is provisional and pending stakeholder approval,processed_operational_daily.csv,OPD-HOSP-001-DEPT-DIAG-20260729,PEX-KPI-DCF120177644
ISS-kpi_005-C8948409,Info,PROVISIONAL_DENOMINATOR,kpi_005,HOSP-001,DEPT-DIAG,2026-07-30,Complaint rate denominator is provisional and pending stakeholder approval,processed_operational_daily.csv,OPD-HOSP-001-DEPT-DIAG-20260730,PEX-KPI-DCF120177644
ISS-kpi_006-D4333905,Warning,ZERO_DENOMINATOR,kpi_006,HOSP-001,DEPT-DIAG,2026-07-30,Zero denominator for kpi_006,processed_operational_daily.csv,OPD-HOSP-001-DEPT-DIAG-20260730,PEX-KPI-DCF120177644
ISS-kpi_005-385C0938,Info,PROVISIONAL_DENOMINATOR,kpi_005,HOSP-001,DEPT-DIAG,2026-07-31,Complaint rate denominator is provisional and pending stakeholder approval,processed_operational_daily.csv,OPD-HOSP-001-DEPT-DIAG-20260731,PEX-KPI-DCF120177644
ISS-kpi_005-886CE327,Info,PROVISIONAL_DENOMINATOR,kpi_005,HOSP-001,DEPT-DIAG,2026-08-01,Complaint rate denominator is provisional and pending stakeholder approval,processed_operational_daily.csv,OPD-HOSP-001-DEPT-DIAG-20260801,PEX-KPI-DCF120177644
ISS-kpi_005-81DAE787,Info,PROVISIONAL_DENOMINATOR,kpi_005,HOSP-001,DEPT-DIAG,2026-08-02,Complaint rate denominator is provisional and pending stakeholder approval,processed_operational_daily.csv,OPD-HOSP-001-DEPT-DIAG-20260802,PEX-KPI-DCF120177644
ISS-kpi_005-F3F8B44D,Info,PROVISIONAL_DENOMINATOR,kpi_005,HOSP-001,DEPT-DIAG,2026-08-03,Complaint rate denominator is provisional and pending stakeholder approval,processed_operational_daily.csv,OPD-HOSP-001-DEPT-DIAG-20260803,PEX-KPI-DCF120177644
ISS-kpi_005-608C9D4F,Info,PROVISIONAL_DENOMINATOR,kpi_005,HOSP-001,DEPT-DIAG,2026-08-04,Complaint rate denominator is provisional and pending stakeholder approval,processed_operational_daily.csv,OPD-HOSP-001-DEPT-DIAG-20260804,PEX-KPI-DCF120177644
ISS-kpi_005-3CBF6555,Info,PROVISIONAL_DENOMINATOR,kpi_005,HOSP-001,DEPT-DIAG,2026-08-05,Complaint rate denominator is provisional and pending stakeholder approval,processed_operational_daily.csv,OPD-HOSP-001-DEPT-DIAG-20260805,PEX-KPI-DCF120177644
ISS-kpi_005-A119577E,Info,PROVISIONAL_DENOMINATOR,kpi_005,HOSP-001,DEPT-DIAG,2026-08-06,Complaint rate denominator is provisional and pending stakeholder approval,processed_operational_daily.csv,OPD-HOSP-001-DEPT-DIAG-20260806,PEX-KPI-DCF120177644
ISS-kpi_005-8228F1D3,Warning,INSUFFICIENT_DATA,kpi_005,HOSP-001,DEPT-DIAG,2026-08-07,Insufficient data for kpi_005,processed_operational_daily.csv,OPD-HOSP-001-DEPT-DIAG-20260807,PEX-KPI-DCF120177644
ISS-kpi_006-37FE5F25,Warning,INSUFFICIENT_DATA,kpi_006,HOSP-001,DEPT-DIAG,2026-08-07,Insufficient data for kpi_006,processed_operational_daily.csv,OPD-HOSP-001-DEPT-DIAG-20260807,PEX-KPI-DCF120177644
ISS-kpi_005-704C9C30,Info,PROVISIONAL_DENOMINATOR,kpi_005,HOSP-001,DEPT-DIAG,2026-08-08,Complaint rate denominator is provisional and pending stakeholder approval,processed_operational_daily.csv,OPD-HOSP-001-DEPT-DIAG-20260808,PEX-KPI-DCF120177644
ISS-kpi_005-1B898840,Info,PROVISIONAL_DENOMINATOR,kpi_005,HOSP-001,DEPT-DIAG,2026-08-09,Complaint rate denominator is provisional and pending stakeholder approval,processed_operational_daily.csv,OPD-HOSP-001-DEPT-DIAG-20260809,PEX-KPI-DCF120177644
ISS-kpi_005-9A67489C,Info,PROVISIONAL_DENOMINATOR,kpi_005,HOSP-001,DEPT-DIAG,2026-08-10,Complaint rate denominator is provisional and pending stakeholder approval,processed_operational_daily.csv,OPD-HOSP-001-DEPT-DIAG-20260810,PEX-KPI-DCF120177644
ISS-kpi_006-904E2889,Warning,ZERO_DENOMINATOR,kpi_006,HOSP-001,DEPT-DIAG,2026-08-10,Zero denominator for kpi_006,processed_operational_daily.csv,OPD-HOSP-001-DEPT-DIAG-20260810,PEX-KPI-DCF120177644
ISS-kpi_005-C0448365,Info,PROVISIONAL_DENOMINATOR,kpi_005,HOSP-001,DEPT-DIAG,2026-08-11,Complaint rate denominator is provisional and pending stakeholder approval,processed_operational_daily.csv,OPD-HOSP-001-DEPT-DIAG-20260811,PEX-KPI-DCF120177644
ISS-kpi_005-75EA50AA,Info,PROVISIONAL_DENOMINATOR,kpi_005,HOSP-001,DEPT-DIAG,2026-08-12,Complaint rate denominator is provisional and pending stakeholder approval,processed_operational_daily.csv,OPD-HOSP-001-DEPT-DIAG-20260812,PEX-KPI-DCF120177644
ISS-kpi_005-5AFC3729,Info,PROVISIONAL_DENOMINATOR,kpi_005,HOSP-001,DEPT-DIAG,2026-08-13,Complaint rate denominator is provisional and pending stakeholder approval,processed_operational_daily.csv,OPD-HOSP-001-DEPT-DIAG-20260813,PEX-KPI-DCF120177644
ISS-kpi_005-5C16F816,Info,PROVISIONAL_DENOMINATOR,kpi_005,HOSP-001,DEPT-DIAG,2026-08-14,Complaint rate denominator is provisional and pending stakeholder approval,processed_operational_daily.csv,OPD-HOSP-001-DEPT-DIAG-20260814,PEX-KPI-DCF120177644
ISS-kpi_006-3B8668CA,Warning,ZERO_DENOMINATOR,kpi_006,HOSP-001,DEPT-DIAG,2026-08-14,Zero denominator for kpi_006,processed_operational_daily.csv,OPD-HOSP-001-DEPT-DIAG-20260814,PEX-KPI-DCF120177644
ISS-kpi_005-6C19B049,Info,PROVISIONAL_DENOMINATOR,kpi_005,HOSP-001,DEPT-DIAG,2026-08-15,Complaint rate denominator is provisional and pending stakeholder approval,processed_operational_daily.csv,OPD-HOSP-001-DEPT-DIAG-20260815,PEX-KPI-DCF120177644
ISS-kpi_005-603E6075,Info,PROVISIONAL_DENOMINATOR,kpi_005,HOSP-001,DEPT-DIAG,2026-08-16,Complaint rate denominator is provisional and pending stakeholder approval,processed_operational_daily.csv,OPD-HOSP-001-DEPT-DIAG-20260816,PEX-KPI-DCF120177644
ISS-kpi_005-C258F557,Info,PROVISIONAL_DENOMINATOR,kpi_005,HOSP-001,DEPT-DIAG,2026-08-17,Complaint rate denominator is provisional and pending stakeholder approval,processed_operational_daily.csv,OPD-HOSP-001-DEPT-DIAG-20260817,PEX-KPI-DCF120177644
ISS-kpi_005-4522DBCF,Info,PROVISIONAL_DENOMINATOR,kpi_005,HOSP-001,DEPT-DIAG,2026-08-18,Complaint rate denominator is provisional and pending stakeholder approval,processed_operational_daily.csv,OPD-HOSP-001-DEPT-DIAG-20260818,PEX-KPI-DCF120177644
ISS-kpi_005-306B3A81,Warning,INSUFFICIENT_DATA,kpi_005,HOSP-001,DEPT-DIAG,2026-08-19,Insufficient data for kpi_005,processed_operational_daily.csv,OPD-HOSP-001-DEPT-DIAG-20260819,PEX-KPI-DCF120177644
ISS-kpi_006-3BD01B36,Warning,INSUFFICIENT_DATA,kpi_006,HOSP-001,DEPT-DIAG,2026-08-19,Insufficient data for kpi_006,processed_operational_daily.csv,OPD-HOSP-001-DEPT-DIAG-20260819,PEX-KPI-DCF120177644
ISS-kpi_005-22A5D728,Info,PROVISIONAL_DENOMINATOR,kpi_005,HOSP-001,DEPT-DIAG,2026-08-20,Complaint rate denominator is provisional and pending stakeholder approval,processed_operational_daily.csv,OPD-HOSP-001-DEPT-DIAG-20260820,PEX-KPI-DCF120177644
ISS-kpi_005-609B1753,Warning,INSUFFICIENT_DATA,kpi_005,HOSP-001,DEPT-DIAG,2026-08-21,Insufficient data for kpi_005,processed_operational_daily.csv,OPD-HOSP-001-DEPT-DIAG-20260821,PEX-KPI-DCF120177644
ISS-kpi_006-FE0AA57E,Warning,INSUFFICIENT_DATA,kpi_006,HOSP-001,DEPT-DIAG,2026-08-21,Insufficient data for kpi_006,processed_operational_daily.csv,OPD-HOSP-001-DEPT-DIAG-20260821,PEX-KPI-DCF120177644
ISS-kpi_005-8D3CFA2F,Info,PROVISIONAL_DENOMINATOR,kpi_005,HOSP-001,DEPT-DIAG,2026-08-22,Complaint rate denominator is provisional and pending stakeholder approval,processed_operational_daily.csv,OPD-HOSP-001-DEPT-DIAG-20260822,PEX-KPI-DCF120177644
ISS-kpi_005-5E6EF4CA,Info,PROVISIONAL_DENOMINATOR,kpi_005,HOSP-001,DEPT-DIAG,2026-08-23,Complaint rate denominator is provisional and pending stakeholder approval,processed_operational_daily.csv,OPD-HOSP-001-DEPT-DIAG-20260823,PEX-KPI-DCF120177644
ISS-kpi_005-E84BE7F8,Info,PROVISIONAL_DENOMINATOR,kpi_005,HOSP-001,DEPT-DIAG,2026-08-24,Complaint rate denominator is provisional and pending stakeholder approval,processed_operational_daily.csv,OPD-HOSP-001-DEPT-DIAG-20260824,PEX-KPI-DCF120177644
ISS-kpi_005-8E42AFE2,Info,PROVISIONAL_DENOMINATOR,kpi_005,HOSP-001,DEPT-DIAG,2026-08-25,Complaint rate denominator is provisional and pending stakeholder approval,processed_operational_daily.csv,OPD-HOSP-001-DEPT-DIAG-20260825,PEX-KPI-DCF120177644
ISS-kpi_005-C5E87301,Info,PROVISIONAL_DENOMINATOR,kpi_005,HOSP-001,DEPT-DIAG,2026-08-26,Complaint rate denominator is provisional and pending stakeholder approval,processed_operational_daily.csv,OPD-HOSP-001-DEPT-DIAG-20260826,PEX-KPI-DCF120177644
ISS-kpi_005-B87E5942,Info,PROVISIONAL_DENOMINATOR,kpi_005,HOSP-001,DEPT-DIAG,2026-08-27,Complaint rate denominator is provisional and pending stakeholder approval,processed_operational_daily.csv,OPD-HOSP-001-DEPT-DIAG-20260827,PEX-KPI-DCF120177644
ISS-kpi_005-643591A5,Info,PROVISIONAL_DENOMINATOR,kpi_005,HOSP-001,DEPT-DIAG,2026-08-28,Complaint rate denominator is provisional and pending stakeholder approval,processed_operational_daily.csv,OPD-HOSP-001-DEPT-DIAG-20260828,PEX-KPI-DCF120177644
ISS-kpi_005-D84A1C73,Info,PROVISIONAL_DENOMINATOR,kpi_005,HOSP-001,DEPT-DIAG,2026-08-29,Complaint rate denominator is provisional and pending stakeholder approval,processed_operational_daily.csv,OPD-HOSP-001-DEPT-DIAG-20260829,PEX-KPI-DCF120177644
ISS-kpi_005-CE36DD4C,Info,PROVISIONAL_DENOMINATOR,kpi_005,HOSP-001,DEPT-DIAG,2026-08-30,Complaint rate denominator is provisional and pending stakeholder approval,processed_operational_daily.csv,OPD-HOSP-001-DEPT-DIAG-20260830,PEX-KPI-DCF120177644
ISS-kpi_005-9F4C38CA,Info,PROVISIONAL_DENOMINATOR,kpi_005,HOSP-001,DEPT-DIAG,2026-08-31,Complaint rate denominator is provisional and pending stakeholder approval,processed_operational_daily.csv,OPD-HOSP-001-DEPT-DIAG-20260831,PEX-KPI-DCF120177644
ISS-kpi_005-30BD7687,Info,PROVISIONAL_DENOMINATOR,kpi_005,HOSP-001,DEPT-DIAG,2026-09-01,Complaint rate denominator is provisional and pending stakeholder approval,processed_operational_daily.csv,OPD-HOSP-001-DEPT-DIAG-20260901,PEX-KPI-DCF120177644
ISS-kpi_006-01E7E824,Warning,ZERO_DENOMINATOR,kpi_006,HOSP-001,DEPT-DIAG,2026-09-01,Zero denominator for kpi_006,processed_operational_daily.csv,OPD-HOSP-001-DEPT-DIAG-20260901,PEX-KPI-DCF120177644
ISS-kpi_005-032E9B33,Info,PROVISIONAL_DENOMINATOR,kpi_005,HOSP-001,DEPT-DIAG,2026-09-02,Complaint rate denominator is provisional and pending stakeholder approval,processed_operational_daily.csv,OPD-HOSP-001-DEPT-DIAG-20260902,PEX-KPI-DCF120177644
ISS-kpi_005-9FF0915C,Info,PROVISIONAL_DENOMINATOR,kpi_005,HOSP-001,DEPT-DIAG,2026-09-03,Complaint rate denominator is provisional and pending stakeholder approval,processed_operational_daily.csv,OPD-HOSP-001-DEPT-DIAG-20260903,PEX-KPI-DCF120177644
ISS-kpi_005-E76DB233,Info,PROVISIONAL_DENOMINATOR,kpi_005,HOSP-001,DEPT-DIAG,2026-09-04,Complaint rate denominator is provisional and pending stakeholder approval,processed_operational_daily.csv,OPD-HOSP-001-DEPT-DIAG-20260904,PEX-KPI-DCF120177644
ISS-kpi_005-0AAEE1CC,Info,PROVISIONAL_DENOMINATOR,kpi_005,HOSP-001,DEPT-DIAG,2026-09-05,Complaint rate denominator is provisional and pending stakeholder approval,processed_operational_daily.csv,OPD-HOSP-001-DEPT-DIAG-20260905,PEX-KPI-DCF120177644
ISS-kpi_005-47FDE8E1,Info,PROVISIONAL_DENOMINATOR,kpi_005,HOSP-001,DEPT-DIAG,2026-09-06,Complaint rate denominator is provisional and pending stakeholder approval,processed_operational_daily.csv,OPD-HOSP-001-DEPT-DIAG-20260906,PEX-KPI-DCF120177644
ISS-kpi_005-B611865B,Info,PROVISIONAL_DENOMINATOR,kpi_005,HOSP-001,DEPT-DIAG,2026-09-07,Complaint rate denominator is provisional and pending stakeholder approval,processed_operational_daily.csv,OPD-HOSP-001-DEPT-DIAG-20260907,PEX-KPI-DCF120177644
ISS-kpi_005-49C1B693,Info,PROVISIONAL_DENOMINATOR,kpi_005,HOSP-001,DEPT-DIAG,2026-09-08,Complaint rate denominator is provisional and pending stakeholder approval,processed_operational_daily.csv,OPD-HOSP-001-DEPT-DIAG-20260908,PEX-KPI-DCF120177644
ISS-kpi_005-F850554D,Info,PROVISIONAL_DENOMINATOR,kpi_005,HOSP-001,DEPT-DIAG,2026-09-09,Complaint rate denominator is provisional and pending stakeholder approval,processed_operational_daily.csv,OPD-HOSP-001-DEPT-DIAG-20260909,PEX-KPI-DCF120177644
ISS-kpi_005-7C50CD7F,Info,PROVISIONAL_DENOMINATOR,kpi_005,HOSP-001,DEPT-DIAG,2026-09-10,Complaint rate denominator is provisional and pending stakeholder approval,processed_operational_daily.csv,OPD-HOSP-001-DEPT-DIAG-20260910,PEX-KPI-DCF120177644
ISS-kpi_005-F2223F3F,Info,PROVISIONAL_DENOMINATOR,kpi_005,HOSP-001,DEPT-DIAG,2026-09-11,Complaint rate denominator is provisional and pending stakeholder approval,processed_operational_daily.csv,OPD-HOSP-001-DEPT-DIAG-20260911,PEX-KPI-DCF120177644
ISS-kpi_005-5391C165,Info,PROVISIONAL_DENOMINATOR,kpi_005,HOSP-001,DEPT-DIAG,2026-09-12,Complaint rate denominator is provisional and pending stakeholder approval,processed_operational_daily.csv,OPD-HOSP-001-DEPT-DIAG-20260912,PEX-KPI-DCF120177644
ISS-kpi_006-3D3D53BC,Warning,ZERO_DENOMINATOR,kpi_006,HOSP-001,DEPT-DIAG,2026-09-12,Zero denominator for kpi_006,processed_operational_daily.csv,OPD-HOSP-001-DEPT-DIAG-20260912,PEX-KPI-DCF120177644
ISS-kpi_005-5D2D3290,Info,PROVISIONAL_DENOMINATOR,kpi_005,HOSP-001,DEPT-DIAG,2026-09-13,Complaint rate denominator is provisional and pending stakeholder approval,processed_operational_daily.csv,OPD-HOSP-001-DEPT-DIAG-20260913,PEX-KPI-DCF120177644
ISS-kpi_005-5EF923C5,Info,PROVISIONAL_DENOMINATOR,kpi_005,HOSP-001,DEPT-DIAG,2026-09-14,Complaint rate denominator is provisional and pending stakeholder approval,processed_operational_daily.csv,OPD-HOSP-001-DEPT-DIAG-20260914,PEX-KPI-DCF120177644
ISS-kpi_005-1DB1C3C8,Info,PROVISIONAL_DENOMINATOR,kpi_005,HOSP-001,DEPT-DIAG,2026-09-15,Complaint rate denominator is provisional and pending stakeholder approval,processed_operational_daily.csv,OPD-HOSP-001-DEPT-DIAG-20260915,PEX-KPI-DCF120177644
ISS-kpi_005-A31562E5,Info,PROVISIONAL_DENOMINATOR,kpi_005,HOSP-001,DEPT-DIAG,2026-09-16,Complaint rate denominator is provisional and pending stakeholder approval,processed_operational_daily.csv,OPD-HOSP-001-DEPT-DIAG-20260916,PEX-KPI-DCF120177644
ISS-kpi_005-4016C663,Info,PROVISIONAL_DENOMINATOR,kpi_005,HOSP-001,DEPT-DIAG,2026-09-17,Complaint rate denominator is provisional and pending stakeholder approval,processed_operational_daily.csv,OPD-HOSP-001-DEPT-DIAG-20260917,PEX-KPI-DCF120177644
ISS-kpi_005-59ABCDE8,Info,PROVISIONAL_DENOMINATOR,kpi_005,HOSP-001,DEPT-DIAG,2026-09-18,Complaint rate denominator is provisional and pending stakeholder approval,processed_operational_daily.csv,OPD-HOSP-001-DEPT-DIAG-20260918,PEX-KPI-DCF120177644
ISS-kpi_005-47BA9549,Info,PROVISIONAL_DENOMINATOR,kpi_005,HOSP-001,DEPT-DIAG,2026-09-19,Complaint rate denominator is provisional and pending stakeholder approval,processed_operational_daily.csv,OPD-HOSP-001-DEPT-DIAG-20260919,PEX-KPI-DCF120177644
ISS-kpi_005-8BDACCF8,Info,PROVISIONAL_DENOMINATOR,kpi_005,HOSP-001,DEPT-DIAG,2026-09-20,Complaint rate denominator is provisional and pending stakeholder approval,processed_operational_daily.csv,OPD-HOSP-001-DEPT-DIAG-20260920,PEX-KPI-DCF120177644
ISS-kpi_005-B4B6A702,Info,PROVISIONAL_DENOMINATOR,kpi_005,HOSP-001,DEPT-DIAG,2026-09-21,Complaint rate denominator is provisional and pending stakeholder approval,processed_operational_daily.csv,OPD-HOSP-001-DEPT-DIAG-20260921,PEX-KPI-DCF120177644
ISS-kpi_005-563E3277,Info,PROVISIONAL_DENOMINATOR,kpi_005,HOSP-001,DEPT-DIAG,2026-09-22,Complaint rate denominator is provisional and pending stakeholder approval,processed_operational_daily.csv,OPD-HOSP-001-DEPT-DIAG-20260922,PEX-KPI-DCF120177644
ISS-kpi_006-8551ECDB,Warning,ZERO_DENOMINATOR,kpi_006,HOSP-001,DEPT-DIAG,2026-09-22,Zero denominator for kpi_006,processed_operational_daily.csv,OPD-HOSP-001-DEPT-DIAG-20260922,PEX-KPI-DCF120177644
ISS-kpi_005-8DD57428,Info,PROVISIONAL_DENOMINATOR,kpi_005,HOSP-001,DEPT-DIAG,2026-09-23,Complaint rate denominator is provisional and pending stakeholder approval,processed_operational_daily.csv,OPD-HOSP-001-DEPT-DIAG-20260923,PEX-KPI-DCF120177644
ISS-kpi_005-A059C0EA,Warning,INSUFFICIENT_DATA,kpi_005,HOSP-001,DEPT-DIAG,2026-09-24,Insufficient data for kpi_005,processed_operational_daily.csv,OPD-HOSP-001-DEPT-DIAG-20260924,PEX-KPI-DCF120177644
ISS-kpi_006-116ACA38,Warning,INSUFFICIENT_DATA,kpi_006,HOSP-001,DEPT-DIAG,2026-09-24,Insufficient data for kpi_006,processed_operational_daily.csv,OPD-HOSP-001-DEPT-DIAG-20260924,PEX-KPI-DCF120177644
ISS-kpi_005-CCFC1D6E,Info,PROVISIONAL_DENOMINATOR,kpi_005,HOSP-001,DEPT-DIAG,2026-09-25,Complaint rate denominator is provisional and pending stakeholder approval,processed_operational_daily.csv,OPD-HOSP-001-DEPT-DIAG-20260925,PEX-KPI-DCF120177644
ISS-kpi_005-AFFEC52B,Info,PROVISIONAL_DENOMINATOR,kpi_005,HOSP-001,DEPT-DIAG,2026-09-26,Complaint rate denominator is provisional and pending stakeholder approval,processed_operational_daily.csv,OPD-HOSP-001-DEPT-DIAG-20260926,PEX-KPI-DCF120177644
ISS-kpi_006-80648310,Warning,ZERO_DENOMINATOR,kpi_006,HOSP-001,DEPT-DIAG,2026-09-26,Zero denominator for kpi_006,processed_operational_daily.csv,OPD-HOSP-001-DEPT-DIAG-20260926,PEX-KPI-DCF120177644
ISS-kpi_005-76B6EC5B,Info,PROVISIONAL_DENOMINATOR,kpi_005,HOSP-001,DEPT-DIAG,2026-09-27,Complaint rate denominator is provisional and pending stakeholder approval,processed_operational_daily.csv,OPD-HOSP-001-DEPT-DIAG-20260927,PEX-KPI-DCF120177644
ISS-kpi_006-A4C0D5EC,Warning,ZERO_DENOMINATOR,kpi_006,HOSP-001,DEPT-DIAG,2026-09-27,Zero denominator for kpi_006,processed_operational_daily.csv,OPD-HOSP-001-DEPT-DIAG-20260927,PEX-KPI-DCF120177644
ISS-kpi_005-3744C684,Info,PROVISIONAL_DENOMINATOR,kpi_005,HOSP-001,DEPT-DIAG,2026-09-28,Complaint rate denominator is provisional and pending stakeholder approval,processed_operational_daily.csv,OPD-HOSP-001-DEPT-DIAG-20260928,PEX-KPI-DCF120177644
ISS-kpi_005-EA2CCFEB,Info,PROVISIONAL_DENOMINATOR,kpi_005,HOSP-001,DEPT-DIAG,2026-09-29,Complaint rate denominator is provisional and pending stakeholder approval,processed_operational_daily.csv,OPD-HOSP-001-DEPT-DIAG-20260929,PEX-KPI-DCF120177644
ISS-kpi_005-F6D45891,Info,PROVISIONAL_DENOMINATOR,kpi_005,HOSP-001,DEPT-DIAG,2026-09-30,Complaint rate denominator is provisional and pending stakeholder approval,processed_operational_daily.csv,OPD-HOSP-001-DEPT-DIAG-20260930,PEX-KPI-DCF120177644
ISS-kpi_005-47DF2D7B,Info,PROVISIONAL_DENOMINATOR,kpi_005,HOSP-001,DEPT-DIAG,2026-10-01,Complaint rate denominator is provisional and pending stakeholder approval,processed_operational_daily.csv,OPD-HOSP-001-DEPT-DIAG-20261001,PEX-KPI-DCF120177644
ISS-kpi_005-AAC1C3B5,Info,PROVISIONAL_DENOMINATOR,kpi_005,HOSP-001,DEPT-DIAG,2026-10-02,Complaint rate denominator is provisional and pending stakeholder approval,processed_operational_daily.csv,OPD-HOSP-001-DEPT-DIAG-20261002,PEX-KPI-DCF120177644
ISS-kpi_005-16B7843B,Info,PROVISIONAL_DENOMINATOR,kpi_005,HOSP-001,DEPT-DIAG,2026-10-03,Complaint rate denominator is provisional and pending stakeholder approval,processed_operational_daily.csv,OPD-HOSP-001-DEPT-DIAG-20261003,PEX-KPI-DCF120177644
ISS-kpi_005-9386CC05,Info,PROVISIONAL_DENOMINATOR,kpi_005,HOSP-001,DEPT-DIAG,2026-10-04,Complaint rate denominator is provisional and pending stakeholder approval,processed_operational_daily.csv,OPD-HOSP-001-DEPT-DIAG-20261004,PEX-KPI-DCF120177644
ISS-kpi_005-C0FFCE50,Info,PROVISIONAL_DENOMINATOR,kpi_005,HOSP-001,DEPT-DIAG,2026-10-05,Complaint rate denominator is provisional and pending stakeholder approval,processed_operational_daily.csv,OPD-HOSP-001-DEPT-DIAG-20261005,PEX-KPI-DCF120177644
ISS-kpi_005-96FB4AA4,Info,PROVISIONAL_DENOMINATOR,kpi_005,HOSP-001,DEPT-DIAG,2026-10-06,Complaint rate denominator is provisional and pending stakeholder approval,processed_operational_daily.csv,OPD-HOSP-001-DEPT-DIAG-20261006,PEX-KPI-DCF120177644
ISS-kpi_005-66774F99,Info,PROVISIONAL_DENOMINATOR,kpi_005,HOSP-001,DEPT-DIAG,2026-10-07,Complaint rate denominator is provisional and pending stakeholder approval,processed_operational_daily.csv,OPD-HOSP-001-DEPT-DIAG-20261007,PEX-KPI-DCF120177644
ISS-kpi_005-806F4E0C,Info,PROVISIONAL_DENOMINATOR,kpi_005,HOSP-001,DEPT-DIAG,2026-10-08,Complaint rate denominator is provisional and pending stakeholder approval,processed_operational_daily.csv,OPD-HOSP-001-DEPT-DIAG-20261008,PEX-KPI-DCF120177644
ISS-kpi_005-7B150338,Info,PROVISIONAL_DENOMINATOR,kpi_005,HOSP-001,DEPT-DIAG,2026-10-09,Complaint rate denominator is provisional and pending stakeholder approval,processed_operational_daily.csv,OPD-HOSP-001-DEPT-DIAG-20261009,PEX-KPI-DCF120177644
ISS-kpi_006-FBAF7A5F,Warning,ZERO_DENOMINATOR,kpi_006,HOSP-001,DEPT-DIAG,2026-10-09,Zero denominator for kpi_006,processed_operational_daily.csv,OPD-HOSP-001-DEPT-DIAG-20261009,PEX-KPI-DCF120177644
ISS-kpi_005-9F21F95D,Warning,INSUFFICIENT_DATA,kpi_005,HOSP-001,DEPT-DIAG,2026-10-10,Insufficient data for kpi_005,processed_operational_daily.csv,OPD-HOSP-001-DEPT-DIAG-20261010,PEX-KPI-DCF120177644
ISS-kpi_006-AF50317B,Warning,INSUFFICIENT_DATA,kpi_006,HOSP-001,DEPT-DIAG,2026-10-10,Insufficient data for kpi_006,processed_operational_daily.csv,OPD-HOSP-001-DEPT-DIAG-20261010,PEX-KPI-DCF120177644
ISS-kpi_005-583A7376,Info,PROVISIONAL_DENOMINATOR,kpi_005,HOSP-001,DEPT-DIAG,2026-10-11,Complaint rate denominator is provisional and pending stakeholder approval,processed_operational_daily.csv,OPD-HOSP-001-DEPT-DIAG-20261011,PEX-KPI-DCF120177644
ISS-kpi_005-F01230E4,Warning,INSUFFICIENT_DATA,kpi_005,HOSP-001,DEPT-DIAG,2026-10-12,Insufficient data for kpi_005,processed_operational_daily.csv,OPD-HOSP-001-DEPT-DIAG-20261012,PEX-KPI-DCF120177644
ISS-kpi_006-51960EFF,Warning,INSUFFICIENT_DATA,kpi_006,HOSP-001,DEPT-DIAG,2026-10-12,Insufficient data for kpi_006,processed_operational_daily.csv,OPD-HOSP-001-DEPT-DIAG-20261012,PEX-KPI-DCF120177644
ISS-kpi_005-CF592B1C,Info,PROVISIONAL_DENOMINATOR,kpi_005,HOSP-001,DEPT-DIAG,2026-10-13,Complaint rate denominator is provisional and pending stakeholder approval,processed_operational_daily.csv,OPD-HOSP-001-DEPT-DIAG-20261013,PEX-KPI-DCF120177644
ISS-kpi_005-E8776F85,Info,PROVISIONAL_DENOMINATOR,kpi_005,HOSP-001,DEPT-DIAG,2026-10-14,Complaint rate denominator is provisional and pending stakeholder approval,processed_operational_daily.csv,OPD-HOSP-001-DEPT-DIAG-20261014,PEX-KPI-DCF120177644
ISS-kpi_005-76998ABB,Info,PROVISIONAL_DENOMINATOR,kpi_005,HOSP-001,DEPT-DIAG,2026-10-15,Complaint rate denominator is provisional and pending stakeholder approval,processed_operational_daily.csv,OPD-HOSP-001-DEPT-DIAG-20261015,PEX-KPI-DCF120177644
ISS-kpi_005-0F751632,Info,PROVISIONAL_DENOMINATOR,kpi_005,HOSP-001,DEPT-DIAG,2026-10-16,Complaint rate denominator is provisional and pending stakeholder approval,processed_operational_daily.csv,OPD-HOSP-001-DEPT-DIAG-20261016,PEX-KPI-DCF120177644
ISS-kpi_005-FC5F626C,Info,PROVISIONAL_DENOMINATOR,kpi_005,HOSP-001,DEPT-DIAG,2026-10-17,Complaint rate denominator is provisional and pending stakeholder approval,processed_operational_daily.csv,OPD-HOSP-001-DEPT-DIAG-20261017,PEX-KPI-DCF120177644
ISS-kpi_005-CCAFFB01,Info,PROVISIONAL_DENOMINATOR,kpi_005,HOSP-001,DEPT-DIAG,2026-10-18,Complaint rate denominator is provisional and pending stakeholder approval,processed_operational_daily.csv,OPD-HOSP-001-DEPT-DIAG-20261018,PEX-KPI-DCF120177644
ISS-kpi_005-71EB52FA,Info,PROVISIONAL_DENOMINATOR,kpi_005,HOSP-001,DEPT-DIAG,2026-10-19,Complaint rate denominator is provisional and pending stakeholder approval,processed_operational_daily.csv,OPD-HOSP-001-DEPT-DIAG-20261019,PEX-KPI-DCF120177644
ISS-kpi_005-4A48ECE7,Info,PROVISIONAL_DENOMINATOR,kpi_005,HOSP-001,DEPT-DIAG,2026-10-20,Complaint rate denominator is provisional and pending stakeholder approval,processed_operational_daily.csv,OPD-HOSP-001-DEPT-DIAG-20261020,PEX-KPI-DCF120177644
ISS-kpi_005-A77521CE,Info,PROVISIONAL_DENOMINATOR,kpi_005,HOSP-001,DEPT-DIAG,2026-10-21,Complaint rate denominator is provisional and pending stakeholder approval,processed_operational_daily.csv,OPD-HOSP-001-DEPT-DIAG-20261021,PEX-KPI-DCF120177644
ISS-kpi_005-8A1A1BAA,Info,PROVISIONAL_DENOMINATOR,kpi_005,HOSP-001,DEPT-DIAG,2026-10-22,Complaint rate denominator is provisional and pending stakeholder approval,processed_operational_daily.csv,OPD-HOSP-001-DEPT-DIAG-20261022,PEX-KPI-DCF120177644
ISS-kpi_005-4349DFF5,Info,PROVISIONAL_DENOMINATOR,kpi_005,HOSP-001,DEPT-DIAG,2026-10-23,Complaint rate denominator is provisional and pending stakeholder approval,processed_operational_daily.csv,OPD-HOSP-001-DEPT-DIAG-20261023,PEX-KPI-DCF120177644
ISS-kpi_005-B69666BD,Info,PROVISIONAL_DENOMINATOR,kpi_005,HOSP-001,DEPT-DIAG,2026-10-24,Complaint rate denominator is provisional and pending stakeholder approval,processed_operational_daily.csv,OPD-HOSP-001-DEPT-DIAG-20261024,PEX-KPI-DCF120177644
ISS-kpi_005-0B4A5CA4,Info,PROVISIONAL_DENOMINATOR,kpi_005,HOSP-001,DEPT-DIAG,2026-10-25,Complaint rate denominator is provisional and pending stakeholder approval,processed_operational_daily.csv,OPD-HOSP-001-DEPT-DIAG-20261025,PEX-KPI-DCF120177644
ISS-kpi_005-93D29E88,Info,PROVISIONAL_DENOMINATOR,kpi_005,HOSP-001,DEPT-DIAG,2026-10-26,Complaint rate denominator is provisional and pending stakeholder approval,processed_operational_daily.csv,OPD-HOSP-001-DEPT-DIAG-20261026,PEX-KPI-DCF120177644
ISS-kpi_006-99B51527,Warning,ZERO_DENOMINATOR,kpi_006,HOSP-001,DEPT-DIAG,2026-10-26,Zero denominator for kpi_006,processed_operational_daily.csv,OPD-HOSP-001-DEPT-DIAG-20261026,PEX-KPI-DCF120177644
ISS-kpi_005-993F2027,Info,PROVISIONAL_DENOMINATOR,kpi_005,HOSP-001,DEPT-DIAG,2026-10-27,Complaint rate denominator is provisional and pending stakeholder approval,processed_operational_daily.csv,OPD-HOSP-001-DEPT-DIAG-20261027,PEX-KPI-DCF120177644
ISS-kpi_005-04006EE5,Info,PROVISIONAL_DENOMINATOR,kpi_005,HOSP-001,DEPT-DIAG,2026-10-28,Complaint rate denominator is provisional and pending stakeholder approval,processed_operational_daily.csv,OPD-HOSP-001-DEPT-DIAG-20261028,PEX-KPI-DCF120177644
ISS-kpi_005-281D81C7,Info,PROVISIONAL_DENOMINATOR,kpi_005,HOSP-001,DEPT-DIAG,2026-10-29,Complaint rate denominator is provisional and pending stakeholder approval,processed_operational_daily.csv,OPD-HOSP-001-DEPT-DIAG-20261029,PEX-KPI-DCF120177644
ISS-kpi_005-CC0F9B09,Info,PROVISIONAL_DENOMINATOR,kpi_005,HOSP-001,DEPT-DIAG,2026-10-30,Complaint rate denominator is provisional and pending stakeholder approval,processed_operational_daily.csv,OPD-HOSP-001-DEPT-DIAG-20261030,PEX-KPI-DCF120177644
ISS-kpi_005-9B49D1AC,Warning,INSUFFICIENT_DATA,kpi_005,HOSP-001,DEPT-DIAG,2026-10-31,Insufficient data for kpi_005,processed_operational_daily.csv,OPD-HOSP-001-DEPT-DIAG-20261031,PEX-KPI-DCF120177644
ISS-kpi_006-DC8194AF,Warning,INSUFFICIENT_DATA,kpi_006,HOSP-001,DEPT-DIAG,2026-10-31,Insufficient data for kpi_006,processed_operational_daily.csv,OPD-HOSP-001-DEPT-DIAG-20261031,PEX-KPI-DCF120177644
ISS-kpi_005-E41CE501,Info,PROVISIONAL_DENOMINATOR,kpi_005,HOSP-001,DEPT-DIAG,2026-11-01,Complaint rate denominator is provisional and pending stakeholder approval,processed_operational_daily.csv,OPD-HOSP-001-DEPT-DIAG-20261101,PEX-KPI-DCF120177644
ISS-kpi_005-D5F7BF29,Info,PROVISIONAL_DENOMINATOR,kpi_005,HOSP-001,DEPT-DIAG,2026-11-02,Complaint rate denominator is provisional and pending stakeholder approval,processed_operational_daily.csv,OPD-HOSP-001-DEPT-DIAG-20261102,PEX-KPI-DCF120177644
ISS-kpi_005-88FBC7BA,Info,PROVISIONAL_DENOMINATOR,kpi_005,HOSP-001,DEPT-DIAG,2026-11-03,Complaint rate denominator is provisional and pending stakeholder approval,processed_operational_daily.csv,OPD-HOSP-001-DEPT-DIAG-20261103,PEX-KPI-DCF120177644
ISS-kpi_005-6C952857,Info,PROVISIONAL_DENOMINATOR,kpi_005,HOSP-001,DEPT-DIAG,2026-11-04,Complaint rate denominator is provisional and pending stakeholder approval,processed_operational_daily.csv,OPD-HOSP-001-DEPT-DIAG-20261104,PEX-KPI-DCF120177644
ISS-kpi_005-FE3A7B64,Info,PROVISIONAL_DENOMINATOR,kpi_005,HOSP-001,DEPT-DIAG,2026-11-05,Complaint rate denominator is provisional and pending stakeholder approval,processed_operational_daily.csv,OPD-HOSP-001-DEPT-DIAG-20261105,PEX-KPI-DCF120177644
ISS-kpi_005-95F6323C,Info,PROVISIONAL_DENOMINATOR,kpi_005,HOSP-001,DEPT-DIAG,2026-11-06,Complaint rate denominator is provisional and pending stakeholder approval,processed_operational_daily.csv,OPD-HOSP-001-DEPT-DIAG-20261106,PEX-KPI-DCF120177644
ISS-kpi_005-4E8DF9FB,Warning,INSUFFICIENT_DATA,kpi_005,HOSP-001,DEPT-DIAG,2026-11-07,Insufficient data for kpi_005,processed_operational_daily.csv,OPD-HOSP-001-DEPT-DIAG-20261107,PEX-KPI-DCF120177644
ISS-kpi_006-1B7594FF,Warning,INSUFFICIENT_DATA,kpi_006,HOSP-001,DEPT-DIAG,2026-11-07,Insufficient data for kpi_006,processed_operational_daily.csv,OPD-HOSP-001-DEPT-DIAG-20261107,PEX-KPI-DCF120177644
ISS-kpi_005-FD867313,Info,PROVISIONAL_DENOMINATOR,kpi_005,HOSP-001,DEPT-DIAG,2026-11-08,Complaint rate denominator is provisional and pending stakeholder approval,processed_operational_daily.csv,OPD-HOSP-001-DEPT-DIAG-20261108,PEX-KPI-DCF120177644
ISS-kpi_005-A8B06D4E,Info,PROVISIONAL_DENOMINATOR,kpi_005,HOSP-001,DEPT-DIAG,2026-11-09,Complaint rate denominator is provisional and pending stakeholder approval,processed_operational_daily.csv,OPD-HOSP-001-DEPT-DIAG-20261109,PEX-KPI-DCF120177644
ISS-kpi_005-A15B121F,Info,PROVISIONAL_DENOMINATOR,kpi_005,HOSP-001,DEPT-DIAG,2026-11-10,Complaint rate denominator is provisional and pending stakeholder approval,processed_operational_daily.csv,OPD-HOSP-001-DEPT-DIAG-20261110,PEX-KPI-DCF120177644
ISS-kpi_005-63237E03,Info,PROVISIONAL_DENOMINATOR,kpi_005,HOSP-001,DEPT-DIAG,2026-11-11,Complaint rate denominator is provisional and pending stakeholder approval,processed_operational_daily.csv,OPD-HOSP-001-DEPT-DIAG-20261111,PEX-KPI-DCF120177644
ISS-kpi_005-26D3AF01,Info,PROVISIONAL_DENOMINATOR,kpi_005,HOSP-001,DEPT-DIAG,2026-11-12,Complaint rate denominator is provisional and pending stakeholder approval,processed_operational_daily.csv,OPD-HOSP-001-DEPT-DIAG-20261112,PEX-KPI-DCF120177644
ISS-kpi_005-55AB853C,Info,PROVISIONAL_DENOMINATOR,kpi_005,HOSP-001,DEPT-DIAG,2026-11-13,Complaint rate denominator is provisional and pending stakeholder approval,processed_operational_daily.csv,OPD-HOSP-001-DEPT-DIAG-20261113,PEX-KPI-DCF120177644
ISS-kpi_005-79FB5A21,Info,PROVISIONAL_DENOMINATOR,kpi_005,HOSP-001,DEPT-DIAG,2026-11-14,Complaint rate denominator is provisional and pending stakeholder approval,processed_operational_daily.csv,OPD-HOSP-001-DEPT-DIAG-20261114,PEX-KPI-DCF120177644
ISS-kpi_005-441A396C,Info,PROVISIONAL_DENOMINATOR,kpi_005,HOSP-001,DEPT-DIAG,2026-11-15,Complaint rate denominator is provisional and pending stakeholder approval,processed_operational_daily.csv,OPD-HOSP-001-DEPT-DIAG-20261115,PEX-KPI-DCF120177644
ISS-kpi_005-CCAE4AF3,Info,PROVISIONAL_DENOMINATOR,kpi_005,HOSP-001,DEPT-DIAG,2026-11-16,Complaint rate denominator is provisional and pending stakeholder approval,processed_operational_daily.csv,OPD-HOSP-001-DEPT-DIAG-20261116,PEX-KPI-DCF120177644
ISS-kpi_005-324D5E57,Warning,INSUFFICIENT_DATA,kpi_005,HOSP-001,DEPT-DIAG,2026-11-17,Insufficient data for kpi_005,processed_operational_daily.csv,OPD-HOSP-001-DEPT-DIAG-20261117,PEX-KPI-DCF120177644
ISS-kpi_006-543A4F1D,Warning,INSUFFICIENT_DATA,kpi_006,HOSP-001,DEPT-DIAG,2026-11-17,Insufficient data for kpi_006,processed_operational_daily.csv,OPD-HOSP-001-DEPT-DIAG-20261117,PEX-KPI-DCF120177644
ISS-kpi_005-8440706A,Info,PROVISIONAL_DENOMINATOR,kpi_005,HOSP-001,DEPT-DIAG,2026-11-18,Complaint rate denominator is provisional and pending stakeholder approval,processed_operational_daily.csv,OPD-HOSP-001-DEPT-DIAG-20261118,PEX-KPI-DCF120177644
ISS-kpi_005-F5AD121D,Info,PROVISIONAL_DENOMINATOR,kpi_005,HOSP-001,DEPT-DIAG,2026-11-19,Complaint rate denominator is provisional and pending stakeholder approval,processed_operational_daily.csv,OPD-HOSP-001-DEPT-DIAG-20261119,PEX-KPI-DCF120177644
ISS-kpi_005-E26884B9,Info,PROVISIONAL_DENOMINATOR,kpi_005,HOSP-001,DEPT-DIAG,2026-11-20,Complaint rate denominator is provisional and pending stakeholder approval,processed_operational_daily.csv,OPD-HOSP-001-DEPT-DIAG-20261120,PEX-KPI-DCF120177644
ISS-kpi_005-19B8D8F0,Info,PROVISIONAL_DENOMINATOR,kpi_005,HOSP-001,DEPT-DIAG,2026-11-21,Complaint rate denominator is provisional and pending stakeholder approval,processed_operational_daily.csv,OPD-HOSP-001-DEPT-DIAG-20261121,PEX-KPI-DCF120177644
ISS-kpi_005-52258809,Info,PROVISIONAL_DENOMINATOR,kpi_005,HOSP-001,DEPT-DIAG,2026-11-22,Complaint rate denominator is provisional and pending stakeholder approval,processed_operational_daily.csv,OPD-HOSP-001-DEPT-DIAG-20261122,PEX-KPI-DCF120177644
ISS-kpi_005-32053841,Info,PROVISIONAL_DENOMINATOR,kpi_005,HOSP-001,DEPT-DIAG,2026-11-23,Complaint rate denominator is provisional and pending stakeholder approval,processed_operational_daily.csv,OPD-HOSP-001-DEPT-DIAG-20261123,PEX-KPI-DCF120177644
ISS-kpi_005-E64AA123,Info,PROVISIONAL_DENOMINATOR,kpi_005,HOSP-001,DEPT-DIAG,2026-11-24,Complaint rate denominator is provisional and pending stakeholder approval,processed_operational_daily.csv,OPD-HOSP-001-DEPT-DIAG-20261124,PEX-KPI-DCF120177644
ISS-kpi_006-EEBAC369,Warning,ZERO_DENOMINATOR,kpi_006,HOSP-001,DEPT-DIAG,2026-11-24,Zero denominator for kpi_006,processed_operational_daily.csv,OPD-HOSP-001-DEPT-DIAG-20261124,PEX-KPI-DCF120177644
ISS-kpi_005-92F2AA68,Info,PROVISIONAL_DENOMINATOR,kpi_005,HOSP-001,DEPT-DIAG,2026-11-25,Complaint rate denominator is provisional and pending stakeholder approval,processed_operational_daily.csv,OPD-HOSP-001-DEPT-DIAG-20261125,PEX-KPI-DCF120177644
ISS-kpi_005-B9C0B6CE,Info,PROVISIONAL_DENOMINATOR,kpi_005,HOSP-001,DEPT-DIAG,2026-11-26,Complaint rate denominator is provisional and pending stakeholder approval,processed_operational_daily.csv,OPD-HOSP-001-DEPT-DIAG-20261126,PEX-KPI-DCF120177644
ISS-kpi_006-446CC65B,Warning,ZERO_DENOMINATOR,kpi_006,HOSP-001,DEPT-DIAG,2026-11-26,Zero denominator for kpi_006,processed_operational_daily.csv,OPD-HOSP-001-DEPT-DIAG-20261126,PEX-KPI-DCF120177644
ISS-kpi_005-85BC71DB,Info,PROVISIONAL_DENOMINATOR,kpi_005,HOSP-001,DEPT-DIAG,2026-11-27,Complaint rate denominator is provisional and pending stakeholder approval,processed_operational_daily.csv,OPD-HOSP-001-DEPT-DIAG-20261127,PEX-KPI-DCF120177644
ISS-kpi_005-6CE3AF11,Info,PROVISIONAL_DENOMINATOR,kpi_005,HOSP-001,DEPT-DIAG,2026-11-28,Complaint rate denominator is provisional and pending stakeholder approval,processed_operational_daily.csv,OPD-HOSP-001-DEPT-DIAG-20261128,PEX-KPI-DCF120177644
ISS-kpi_005-388E86E3,Warning,INSUFFICIENT_DATA,kpi_005,HOSP-001,DEPT-DIAG,2026-11-29,Insufficient data for kpi_005,processed_operational_daily.csv,OPD-HOSP-001-DEPT-DIAG-20261129,PEX-KPI-DCF120177644
ISS-kpi_006-4FBFB3E2,Warning,INSUFFICIENT_DATA,kpi_006,HOSP-001,DEPT-DIAG,2026-11-29,Insufficient data for kpi_006,processed_operational_daily.csv,OPD-HOSP-001-DEPT-DIAG-20261129,PEX-KPI-DCF120177644
ISS-kpi_005-753E6EA7,Info,PROVISIONAL_DENOMINATOR,kpi_005,HOSP-001,DEPT-DIAG,2026-11-30,Complaint rate denominator is provisional and pending stakeholder approval,processed_operational_daily.csv,OPD-HOSP-001-DEPT-DIAG-20261130,PEX-KPI-DCF120177644
ISS-kpi_005-32ECAAA3,Info,PROVISIONAL_DENOMINATOR,kpi_005,HOSP-001,DEPT-DIAG,2026-12-01,Complaint rate denominator is provisional and pending stakeholder approval,processed_operational_daily.csv,OPD-HOSP-001-DEPT-DIAG-20261201,PEX-KPI-DCF120177644
ISS-kpi_005-38499218,Info,PROVISIONAL_DENOMINATOR,kpi_005,HOSP-001,DEPT-DIAG,2026-12-02,Complaint rate denominator is provisional and pending stakeholder approval,processed_operational_daily.csv,OPD-HOSP-001-DEPT-DIAG-20261202,PEX-KPI-DCF120177644
ISS-kpi_005-F0F67239,Warning,INSUFFICIENT_DATA,kpi_005,HOSP-001,DEPT-DIAG,2026-12-03,Insufficient data for kpi_005,processed_operational_daily.csv,OPD-HOSP-001-DEPT-DIAG-20261203,PEX-KPI-DCF120177644
ISS-kpi_006-A690FC72,Warning,INSUFFICIENT_DATA,kpi_006,HOSP-001,DEPT-DIAG,2026-12-03,Insufficient data for kpi_006,processed_operational_daily.csv,OPD-HOSP-001-DEPT-DIAG-20261203,PEX-KPI-DCF120177644
ISS-kpi_005-03CBF7BF,Warning,INSUFFICIENT_DATA,kpi_005,HOSP-001,DEPT-DIAG,2026-12-04,Insufficient data for kpi_005,processed_operational_daily.csv,OPD-HOSP-001-DEPT-DIAG-20261204,PEX-KPI-DCF120177644
ISS-kpi_006-4911ABB3,Warning,INSUFFICIENT_DATA,kpi_006,HOSP-001,DEPT-DIAG,2026-12-04,Insufficient data for kpi_006,processed_operational_daily.csv,OPD-HOSP-001-DEPT-DIAG-20261204,PEX-KPI-DCF120177644
ISS-kpi_005-4E89A229,Info,PROVISIONAL_DENOMINATOR,kpi_005,HOSP-001,DEPT-DIAG,2026-12-05,Complaint rate denominator is provisional and pending stakeholder approval,processed_operational_daily.csv,OPD-HOSP-001-DEPT-DIAG-20261205,PEX-KPI-DCF120177644
ISS-kpi_005-56A35C56,Info,PROVISIONAL_DENOMINATOR,kpi_005,HOSP-001,DEPT-DIAG,2026-12-06,Complaint rate denominator is provisional and pending stakeholder approval,processed_operational_daily.csv,OPD-HOSP-001-DEPT-DIAG-20261206,PEX-KPI-DCF120177644
ISS-kpi_005-B2AB6A53,Info,PROVISIONAL_DENOMINATOR,kpi_005,HOSP-001,DEPT-DIAG,2026-12-07,Complaint rate denominator is provisional and pending stakeholder approval,processed_operational_daily.csv,OPD-HOSP-001-DEPT-DIAG-20261207,PEX-KPI-DCF120177644
ISS-kpi_005-D6E322AD,Info,PROVISIONAL_DENOMINATOR,kpi_005,HOSP-001,DEPT-DIAG,2026-12-08,Complaint rate denominator is provisional and pending stakeholder approval,processed_operational_daily.csv,OPD-HOSP-001-DEPT-DIAG-20261208,PEX-KPI-DCF120177644
ISS-kpi_006-C96EFDD3,Warning,ZERO_DENOMINATOR,kpi_006,HOSP-001,DEPT-DIAG,2026-12-08,Zero denominator for kpi_006,processed_operational_daily.csv,OPD-HOSP-001-DEPT-DIAG-20261208,PEX-KPI-DCF120177644
ISS-kpi_005-0EDF593B,Info,PROVISIONAL_DENOMINATOR,kpi_005,HOSP-001,DEPT-DIAG,2026-12-09,Complaint rate denominator is provisional and pending stakeholder approval,processed_operational_daily.csv,OPD-HOSP-001-DEPT-DIAG-20261209,PEX-KPI-DCF120177644
ISS-kpi_005-F5C2FA00,Info,PROVISIONAL_DENOMINATOR,kpi_005,HOSP-001,DEPT-DIAG,2026-12-10,Complaint rate denominator is provisional and pending stakeholder approval,processed_operational_daily.csv,OPD-HOSP-001-DEPT-DIAG-20261210,PEX-KPI-DCF120177644
ISS-kpi_005-8F3064AF,Warning,INSUFFICIENT_DATA,kpi_005,HOSP-001,DEPT-DIAG,2026-12-11,Insufficient data for kpi_005,processed_operational_daily.csv,OPD-HOSP-001-DEPT-DIAG-20261211,PEX-KPI-DCF120177644
ISS-kpi_006-0259505B,Warning,INSUFFICIENT_DATA,kpi_006,HOSP-001,DEPT-DIAG,2026-12-11,Insufficient data for kpi_006,processed_operational_daily.csv,OPD-HOSP-001-DEPT-DIAG-20261211,PEX-KPI-DCF120177644
ISS-kpi_005-184DBD01,Info,PROVISIONAL_DENOMINATOR,kpi_005,HOSP-001,DEPT-DIAG,2026-12-12,Complaint rate denominator is provisional and pending stakeholder approval,processed_operational_daily.csv,OPD-HOSP-001-DEPT-DIAG-20261212,PEX-KPI-DCF120177644
ISS-kpi_005-3E4AF3D7,Info,PROVISIONAL_DENOMINATOR,kpi_005,HOSP-001,DEPT-DIAG,2026-12-13,Complaint rate denominator is provisional and pending stakeholder approval,processed_operational_daily.csv,OPD-HOSP-001-DEPT-DIAG-20261213,PEX-KPI-DCF120177644
ISS-kpi_005-13D851FE,Info,PROVISIONAL_DENOMINATOR,kpi_005,HOSP-001,DEPT-DIAG,2026-12-14,Complaint rate denominator is provisional and pending stakeholder approval,processed_operational_daily.csv,OPD-HOSP-001-DEPT-DIAG-20261214,PEX-KPI-DCF120177644
ISS-kpi_005-019D3487,Info,PROVISIONAL_DENOMINATOR,kpi_005,HOSP-001,DEPT-DIAG,2026-12-15,Complaint rate denominator is provisional and pending stakeholder approval,processed_operational_daily.csv,OPD-HOSP-001-DEPT-DIAG-20261215,PEX-KPI-DCF120177644
ISS-kpi_005-6283629A,Warning,INSUFFICIENT_DATA,kpi_005,HOSP-001,DEPT-DIAG,2026-12-16,Insufficient data for kpi_005,processed_operational_daily.csv,OPD-HOSP-001-DEPT-DIAG-20261216,PEX-KPI-DCF120177644
ISS-kpi_006-1117EE26,Warning,INSUFFICIENT_DATA,kpi_006,HOSP-001,DEPT-DIAG,2026-12-16,Insufficient data for kpi_006,processed_operational_daily.csv,OPD-HOSP-001-DEPT-DIAG-20261216,PEX-KPI-DCF120177644
ISS-kpi_005-4131783B,Info,PROVISIONAL_DENOMINATOR,kpi_005,HOSP-001,DEPT-DIAG,2026-12-17,Complaint rate denominator is provisional and pending stakeholder approval,processed_operational_daily.csv,OPD-HOSP-001-DEPT-DIAG-20261217,PEX-KPI-DCF120177644
ISS-kpi_005-7CE21667,Info,PROVISIONAL_DENOMINATOR,kpi_005,HOSP-001,DEPT-DIAG,2026-12-18,Complaint rate denominator is provisional and pending stakeholder approval,processed_operational_daily.csv,OPD-HOSP-001-DEPT-DIAG-20261218,PEX-KPI-DCF120177644
ISS-kpi_005-A9E3DBB7,Info,PROVISIONAL_DENOMINATOR,kpi_005,HOSP-001,DEPT-DIAG,2026-12-19,Complaint rate denominator is provisional and pending stakeholder approval,processed_operational_daily.csv,OPD-HOSP-001-DEPT-DIAG-20261219,PEX-KPI-DCF120177644
ISS-kpi_005-3B499FB2,Info,PROVISIONAL_DENOMINATOR,kpi_005,HOSP-001,DEPT-DIAG,2026-12-20,Complaint rate denominator is provisional and pending stakeholder approval,processed_operational_daily.csv,OPD-HOSP-001-DEPT-DIAG-20261220,PEX-KPI-DCF120177644
ISS-kpi_005-BF9D6727,Info,PROVISIONAL_DENOMINATOR,kpi_005,HOSP-001,DEPT-DIAG,2026-12-21,Complaint rate denominator is provisional and pending stakeholder approval,processed_operational_daily.csv,OPD-HOSP-001-DEPT-DIAG-20261221,PEX-KPI-DCF120177644
ISS-kpi_005-713E5C88,Info,PROVISIONAL_DENOMINATOR,kpi_005,HOSP-001,DEPT-DIAG,2026-12-22,Complaint rate denominator is provisional and pending stakeholder approval,processed_operational_daily.csv,OPD-HOSP-001-DEPT-DIAG-20261222,PEX-KPI-DCF120177644
ISS-kpi_005-4AB88A19,Info,PROVISIONAL_DENOMINATOR,kpi_005,HOSP-001,DEPT-DIAG,2026-12-23,Complaint rate denominator is provisional and pending stakeholder approval,processed_operational_daily.csv,OPD-HOSP-001-DEPT-DIAG-20261223,PEX-KPI-DCF120177644
ISS-kpi_005-661C9890,Info,PROVISIONAL_DENOMINATOR,kpi_005,HOSP-001,DEPT-DIAG,2026-12-24,Complaint rate denominator is provisional and pending stakeholder approval,processed_operational_daily.csv,OPD-HOSP-001-DEPT-DIAG-20261224,PEX-KPI-DCF120177644
ISS-kpi_005-783BA17D,Info,PROVISIONAL_DENOMINATOR,kpi_005,HOSP-001,DEPT-DIAG,2026-12-25,Complaint rate denominator is provisional and pending stakeholder approval,processed_operational_daily.csv,OPD-HOSP-001-DEPT-DIAG-20261225,PEX-KPI-DCF120177644
ISS-kpi_005-365C7AB3,Info,PROVISIONAL_DENOMINATOR,kpi_005,HOSP-001,DEPT-DIAG,2026-12-26,Complaint rate denominator is provisional and pending stakeholder approval,processed_operational_daily.csv,OPD-HOSP-001-DEPT-DIAG-20261226,PEX-KPI-DCF120177644
ISS-kpi_005-BB7A0F9E,Info,PROVISIONAL_DENOMINATOR,kpi_005,HOSP-001,DEPT-DIAG,2026-12-27,Complaint rate denominator is provisional and pending stakeholder approval,processed_operational_daily.csv,OPD-HOSP-001-DEPT-DIAG-20261227,PEX-KPI-DCF120177644
ISS-kpi_005-B0368D7C,Info,PROVISIONAL_DENOMINATOR,kpi_005,HOSP-001,DEPT-DIAG,2026-12-28,Complaint rate denominator is provisional and pending stakeholder approval,processed_operational_daily.csv,OPD-HOSP-001-DEPT-DIAG-20261228,PEX-KPI-DCF120177644
ISS-kpi_005-A977D9A2,Info,PROVISIONAL_DENOMINATOR,kpi_005,HOSP-001,DEPT-DIAG,2026-12-29,Complaint rate denominator is provisional and pending stakeholder approval,processed_operational_daily.csv,OPD-HOSP-001-DEPT-DIAG-20261229,PEX-KPI-DCF120177644
ISS-kpi_005-0104046D,Info,PROVISIONAL_DENOMINATOR,kpi_005,HOSP-001,DEPT-DIAG,2026-12-30,Complaint rate denominator is provisional and pending stakeholder approval,processed_operational_daily.csv,OPD-HOSP-001-DEPT-DIAG-20261230,PEX-KPI-DCF120177644
ISS-kpi_005-688228C7,Info,PROVISIONAL_DENOMINATOR,kpi_005,HOSP-001,DEPT-DIAG,2026-12-31,Complaint rate denominator is provisional and pending stakeholder approval,processed_operational_daily.csv,OPD-HOSP-001-DEPT-DIAG-20261231,PEX-KPI-DCF120177644
ISS-kpi_006-90B28E5F,Warning,ZERO_DENOMINATOR,kpi_006,HOSP-001,DEPT-DIAG,2026-12-31,Zero denominator for kpi_006,processed_operational_daily.csv,OPD-HOSP-001-DEPT-DIAG-20261231,PEX-KPI-DCF120177644
ISS-kpi_005-CB2D679D,Info,PROVISIONAL_DENOMINATOR,kpi_005,HOSP-001,DEPT-ED,2026-01-01,Complaint rate denominator is provisional and pending stakeholder approval,processed_operational_daily.csv,OPD-HOSP-001-DEPT-ED-20260101,PEX-KPI-DCF120177644
ISS-kpi_005-3F753E44,Info,PROVISIONAL_DENOMINATOR,kpi_005,HOSP-001,DEPT-ED,2026-01-02,Complaint rate denominator is provisional and pending stakeholder approval,processed_operational_daily.csv,OPD-HOSP-001-DEPT-ED-20260102,PEX-KPI-DCF120177644
ISS-kpi_005-AE891F64,Info,PROVISIONAL_DENOMINATOR,kpi_005,HOSP-001,DEPT-ED,2026-01-03,Complaint rate denominator is provisional and pending stakeholder approval,processed_operational_daily.csv,OPD-HOSP-001-DEPT-ED-20260103,PEX-KPI-DCF120177644
ISS-kpi_005-034B5034,Info,PROVISIONAL_DENOMINATOR,kpi_005,HOSP-001,DEPT-ED,2026-01-04,Complaint rate denominator is provisional and pending stakeholder approval,processed_operational_daily.csv,OPD-HOSP-001-DEPT-ED-20260104,PEX-KPI-DCF120177644
ISS-kpi_005-BBBCD88D,Info,PROVISIONAL_DENOMINATOR,kpi_005,HOSP-001,DEPT-ED,2026-01-05,Complaint rate denominator is provisional and pending stakeholder approval,processed_operational_daily.csv,OPD-HOSP-001-DEPT-ED-20260105,PEX-KPI-DCF120177644
ISS-kpi_005-EC5F113F,Info,PROVISIONAL_DENOMINATOR,kpi_005,HOSP-001,DEPT-ED,2026-01-06,Complaint rate denominator is provisional and pending stakeholder approval,processed_operational_daily.csv,OPD-HOSP-001-DEPT-ED-20260106,PEX-KPI-DCF120177644
ISS-kpi_005-72DE9E7F,Warning,INSUFFICIENT_DATA,kpi_005,HOSP-001,DEPT-ED,2026-01-07,Insufficient data for kpi_005,processed_operational_daily.csv,OPD-HOSP-001-DEPT-ED-20260107,PEX-KPI-DCF120177644
ISS-kpi_006-148E75CE,Warning,INSUFFICIENT_DATA,kpi_006,HOSP-001,DEPT-ED,2026-01-07,Insufficient data for kpi_006,processed_operational_daily.csv,OPD-HOSP-001-DEPT-ED-20260107,PEX-KPI-DCF120177644
ISS-kpi_005-DC56F0B2,Info,PROVISIONAL_DENOMINATOR,kpi_005,HOSP-001,DEPT-ED,2026-01-08,Complaint rate denominator is provisional and pending stakeholder approval,processed_operational_daily.csv,OPD-HOSP-001-DEPT-ED-20260108,PEX-KPI-DCF120177644
ISS-kpi_005-B3E37594,Info,PROVISIONAL_DENOMINATOR,kpi_005,HOSP-001,DEPT-ED,2026-01-09,Complaint rate denominator is provisional and pending stakeholder approval,processed_operational_daily.csv,OPD-HOSP-001-DEPT-ED-20260109,PEX-KPI-DCF120177644
ISS-kpi_005-81910CF9,Info,PROVISIONAL_DENOMINATOR,kpi_005,HOSP-001,DEPT-ED,2026-01-10,Complaint rate denominator is provisional and pending stakeholder approval,processed_operational_daily.csv,OPD-HOSP-001-DEPT-ED-20260110,PEX-KPI-DCF120177644
ISS-kpi_005-8DBBAC84,Warning,INSUFFICIENT_DATA,kpi_005,HOSP-001,DEPT-ED,2026-01-11,Insufficient data for kpi_005,processed_operational_daily.csv,OPD-HOSP-001-DEPT-ED-20260111,PEX-KPI-DCF120177644
ISS-kpi_006-28CD33FF,Warning,INSUFFICIENT_DATA,kpi_006,HOSP-001,DEPT-ED,2026-01-11,Insufficient data for kpi_006,processed_operational_daily.csv,OPD-HOSP-001-DEPT-ED-20260111,PEX-KPI-DCF120177644
ISS-kpi_005-3B2734BA,Info,PROVISIONAL_DENOMINATOR,kpi_005,HOSP-001,DEPT-ED,2026-01-12,Complaint rate denominator is provisional and pending stakeholder approval,processed_operational_daily.csv,OPD-HOSP-001-DEPT-ED-20260112,PEX-KPI-DCF120177644
ISS-kpi_005-8A49A00C,Info,PROVISIONAL_DENOMINATOR,kpi_005,HOSP-001,DEPT-ED,2026-01-13,Complaint rate denominator is provisional and pending stakeholder approval,processed_operational_daily.csv,OPD-HOSP-001-DEPT-ED-20260113,PEX-KPI-DCF120177644
ISS-kpi_006-086C9D0C,Warning,ZERO_DENOMINATOR,kpi_006,HOSP-001,DEPT-ED,2026-01-13,Zero denominator for kpi_006,processed_operational_daily.csv,OPD-HOSP-001-DEPT-ED-20260113,PEX-KPI-DCF120177644
ISS-kpi_005-4DDE0183,Info,PROVISIONAL_DENOMINATOR,kpi_005,HOSP-001,DEPT-ED,2026-01-14,Complaint rate denominator is provisional and pending stakeholder approval,processed_operational_daily.csv,OPD-HOSP-001-DEPT-ED-20260114,PEX-KPI-DCF120177644
ISS-kpi_005-65309567,Info,PROVISIONAL_DENOMINATOR,kpi_005,HOSP-001,DEPT-ED,2026-01-15,Complaint rate denominator is provisional and pending stakeholder approval,processed_operational_daily.csv,OPD-HOSP-001-DEPT-ED-20260115,PEX-KPI-DCF120177644
ISS-kpi_005-5186AE11,Info,PROVISIONAL_DENOMINATOR,kpi_005,HOSP-001,DEPT-ED,2026-01-16,Complaint rate denominator is provisional and pending stakeholder approval,processed_operational_daily.csv,OPD-HOSP-001-DEPT-ED-20260116,PEX-KPI-DCF120177644
ISS-kpi_005-64553904,Info,PROVISIONAL_DENOMINATOR,kpi_005,HOSP-001,DEPT-ED,2026-01-17,Complaint rate denominator is provisional and pending stakeholder approval,processed_operational_daily.csv,OPD-HOSP-001-DEPT-ED-20260117,PEX-KPI-DCF120177644
ISS-kpi_005-1F84B7A9,Info,PROVISIONAL_DENOMINATOR,kpi_005,HOSP-001,DEPT-ED,2026-01-18,Complaint rate denominator is provisional and pending stakeholder approval,processed_operational_daily.csv,OPD-HOSP-001-DEPT-ED-20260118,PEX-KPI-DCF120177644
ISS-kpi_005-09B5FB79,Warning,INSUFFICIENT_DATA,kpi_005,HOSP-001,DEPT-ED,2026-01-19,Insufficient data for kpi_005,processed_operational_daily.csv,OPD-HOSP-001-DEPT-ED-20260119,PEX-KPI-DCF120177644
ISS-kpi_006-B5CBC2F2,Warning,INSUFFICIENT_DATA,kpi_006,HOSP-001,DEPT-ED,2026-01-19,Insufficient data for kpi_006,processed_operational_daily.csv,OPD-HOSP-001-DEPT-ED-20260119,PEX-KPI-DCF120177644
ISS-kpi_005-BD096B84,Info,PROVISIONAL_DENOMINATOR,kpi_005,HOSP-001,DEPT-ED,2026-01-20,Complaint rate denominator is provisional and pending stakeholder approval,processed_operational_daily.csv,OPD-HOSP-001-DEPT-ED-20260120,PEX-KPI-DCF120177644
ISS-kpi_005-532B74AB,Info,PROVISIONAL_DENOMINATOR,kpi_005,HOSP-001,DEPT-ED,2026-01-21,Complaint rate denominator is provisional and pending stakeholder approval,processed_operational_daily.csv,OPD-HOSP-001-DEPT-ED-20260121,PEX-KPI-DCF120177644
ISS-kpi_005-34DD8BB6,Info,PROVISIONAL_DENOMINATOR,kpi_005,HOSP-001,DEPT-ED,2026-01-22,Complaint rate denominator is provisional and pending stakeholder approval,processed_operational_daily.csv,OPD-HOSP-001-DEPT-ED-20260122,PEX-KPI-DCF120177644
ISS-kpi_005-F681FFBA,Info,PROVISIONAL_DENOMINATOR,kpi_005,HOSP-001,DEPT-ED,2026-01-23,Complaint rate denominator is provisional and pending stakeholder approval,processed_operational_daily.csv,OPD-HOSP-001-DEPT-ED-20260123,PEX-KPI-DCF120177644
ISS-kpi_005-9A8DC44B,Info,PROVISIONAL_DENOMINATOR,kpi_005,HOSP-001,DEPT-ED,2026-01-24,Complaint rate denominator is provisional and pending stakeholder approval,processed_operational_daily.csv,OPD-HOSP-001-DEPT-ED-20260124,PEX-KPI-DCF120177644
ISS-kpi_006-5866DCF0,Warning,ZERO_DENOMINATOR,kpi_006,HOSP-001,DEPT-ED,2026-01-24,Zero denominator for kpi_006,processed_operational_daily.csv,OPD-HOSP-001-DEPT-ED-20260124,PEX-KPI-DCF120177644
ISS-kpi_005-BBC58487,Info,PROVISIONAL_DENOMINATOR,kpi_005,HOSP-001,DEPT-ED,2026-01-25,Complaint rate denominator is provisional and pending stakeholder approval,processed_operational_daily.csv,OPD-HOSP-001-DEPT-ED-20260125,PEX-KPI-DCF120177644
ISS-kpi_005-DE71F969,Info,PROVISIONAL_DENOMINATOR,kpi_005,HOSP-001,DEPT-ED,2026-01-26,Complaint rate denominator is provisional and pending stakeholder approval,processed_operational_daily.csv,OPD-HOSP-001-DEPT-ED-20260126,PEX-KPI-DCF120177644
ISS-kpi_005-3F88BB63,Info,PROVISIONAL_DENOMINATOR,kpi_005,HOSP-001,DEPT-ED,2026-01-27,Complaint rate denominator is provisional and pending stakeholder approval,processed_operational_daily.csv,OPD-HOSP-001-DEPT-ED-20260127,PEX-KPI-DCF120177644
ISS-kpi_005-22BCAB07,Info,PROVISIONAL_DENOMINATOR,kpi_005,HOSP-001,DEPT-ED,2026-01-28,Complaint rate denominator is provisional and pending stakeholder approval,processed_operational_daily.csv,OPD-HOSP-001-DEPT-ED-20260128,PEX-KPI-DCF120177644
ISS-kpi_005-0BF9E478,Info,PROVISIONAL_DENOMINATOR,kpi_005,HOSP-001,DEPT-ED,2026-01-29,Complaint rate denominator is provisional and pending stakeholder approval,processed_operational_daily.csv,OPD-HOSP-001-DEPT-ED-20260129,PEX-KPI-DCF120177644
ISS-kpi_005-B58C2478,Info,PROVISIONAL_DENOMINATOR,kpi_005,HOSP-001,DEPT-ED,2026-01-30,Complaint rate denominator is provisional and pending stakeholder approval,processed_operational_daily.csv,OPD-HOSP-001-DEPT-ED-20260130,PEX-KPI-DCF120177644
ISS-kpi_005-23A5C2D4,Info,PROVISIONAL_DENOMINATOR,kpi_005,HOSP-001,DEPT-ED,2026-01-31,Complaint rate denominator is provisional and pending stakeholder approval,processed_operational_daily.csv,OPD-HOSP-001-DEPT-ED-20260131,PEX-KPI-DCF120177644
ISS-kpi_005-85F60108,Info,PROVISIONAL_DENOMINATOR,kpi_005,HOSP-001,DEPT-ED,2026-02-01,Complaint rate denominator is provisional and pending stakeholder approval,processed_operational_daily.csv,OPD-HOSP-001-DEPT-ED-20260201,PEX-KPI-DCF120177644
ISS-kpi_005-F428F4AD,Info,PROVISIONAL_DENOMINATOR,kpi_005,HOSP-001,DEPT-ED,2026-02-02,Complaint rate denominator is provisional and pending stakeholder approval,processed_operational_daily.csv,OPD-HOSP-001-DEPT-ED-20260202,PEX-KPI-DCF120177644
ISS-kpi_005-47452135,Info,PROVISIONAL_DENOMINATOR,kpi_005,HOSP-001,DEPT-ED,2026-02-03,Complaint rate denominator is provisional and pending stakeholder approval,processed_operational_daily.csv,OPD-HOSP-001-DEPT-ED-20260203,PEX-KPI-DCF120177644
ISS-kpi_005-4BF7284A,Info,PROVISIONAL_DENOMINATOR,kpi_005,HOSP-001,DEPT-ED,2026-02-04,Complaint rate denominator is provisional and pending stakeholder approval,processed_operational_daily.csv,OPD-HOSP-001-DEPT-ED-20260204,PEX-KPI-DCF120177644
ISS-kpi_005-47D5644A,Warning,INSUFFICIENT_DATA,kpi_005,HOSP-001,DEPT-ED,2026-02-05,Insufficient data for kpi_005,processed_operational_daily.csv,OPD-HOSP-001-DEPT-ED-20260205,PEX-KPI-DCF120177644
ISS-kpi_006-6D47DDEA,Warning,INSUFFICIENT_DATA,kpi_006,HOSP-001,DEPT-ED,2026-02-05,Insufficient data for kpi_006,processed_operational_daily.csv,OPD-HOSP-001-DEPT-ED-20260205,PEX-KPI-DCF120177644
ISS-kpi_005-87B08974,Info,PROVISIONAL_DENOMINATOR,kpi_005,HOSP-001,DEPT-ED,2026-02-06,Complaint rate denominator is provisional and pending stakeholder approval,processed_operational_daily.csv,OPD-HOSP-001-DEPT-ED-20260206,PEX-KPI-DCF120177644
ISS-kpi_005-0DCB3A42,Warning,INSUFFICIENT_DATA,kpi_005,HOSP-001,DEPT-ED,2026-02-07,Insufficient data for kpi_005,processed_operational_daily.csv,OPD-HOSP-001-DEPT-ED-20260207,PEX-KPI-DCF120177644
ISS-kpi_006-AE5D7B9C,Warning,INSUFFICIENT_DATA,kpi_006,HOSP-001,DEPT-ED,2026-02-07,Insufficient data for kpi_006,processed_operational_daily.csv,OPD-HOSP-001-DEPT-ED-20260207,PEX-KPI-DCF120177644
ISS-kpi_005-1A8B0D94,Info,PROVISIONAL_DENOMINATOR,kpi_005,HOSP-001,DEPT-ED,2026-02-08,Complaint rate denominator is provisional and pending stakeholder approval,processed_operational_daily.csv,OPD-HOSP-001-DEPT-ED-20260208,PEX-KPI-DCF120177644
ISS-kpi_005-B9D4A3A3,Info,PROVISIONAL_DENOMINATOR,kpi_005,HOSP-001,DEPT-ED,2026-02-09,Complaint rate denominator is provisional and pending stakeholder approval,processed_operational_daily.csv,OPD-HOSP-001-DEPT-ED-20260209,PEX-KPI-DCF120177644
ISS-kpi_006-FE5E449B,Warning,ZERO_DENOMINATOR,kpi_006,HOSP-001,DEPT-ED,2026-02-09,Zero denominator for kpi_006,processed_operational_daily.csv,OPD-HOSP-001-DEPT-ED-20260209,PEX-KPI-DCF120177644
ISS-kpi_005-E58D3B46,Info,PROVISIONAL_DENOMINATOR,kpi_005,HOSP-001,DEPT-ED,2026-02-10,Complaint rate denominator is provisional and pending stakeholder approval,processed_operational_daily.csv,OPD-HOSP-001-DEPT-ED-20260210,PEX-KPI-DCF120177644
ISS-kpi_005-90E70DD6,Info,PROVISIONAL_DENOMINATOR,kpi_005,HOSP-001,DEPT-ED,2026-02-11,Complaint rate denominator is provisional and pending stakeholder approval,processed_operational_daily.csv,OPD-HOSP-001-DEPT-ED-20260211,PEX-KPI-DCF120177644
ISS-kpi_005-F3217847,Info,PROVISIONAL_DENOMINATOR,kpi_005,HOSP-001,DEPT-ED,2026-02-12,Complaint rate denominator is provisional and pending stakeholder approval,processed_operational_daily.csv,OPD-HOSP-001-DEPT-ED-20260212,PEX-KPI-DCF120177644
ISS-kpi_005-B751B4E3,Warning,INSUFFICIENT_DATA,kpi_005,HOSP-001,DEPT-ED,2026-02-13,Insufficient data for kpi_005,processed_operational_daily.csv,OPD-HOSP-001-DEPT-ED-20260213,PEX-KPI-DCF120177644
ISS-kpi_006-9A53255A,Warning,INSUFFICIENT_DATA,kpi_006,HOSP-001,DEPT-ED,2026-02-13,Insufficient data for kpi_006,processed_operational_daily.csv,OPD-HOSP-001-DEPT-ED-20260213,PEX-KPI-DCF120177644
ISS-kpi_005-635A75B9,Warning,INSUFFICIENT_DATA,kpi_005,HOSP-001,DEPT-ED,2026-02-14,Insufficient data for kpi_005,processed_operational_daily.csv,OPD-HOSP-001-DEPT-ED-20260214,PEX-KPI-DCF120177644
ISS-kpi_006-182C2BEF,Warning,INSUFFICIENT_DATA,kpi_006,HOSP-001,DEPT-ED,2026-02-14,Insufficient data for kpi_006,processed_operational_daily.csv,OPD-HOSP-001-DEPT-ED-20260214,PEX-KPI-DCF120177644
ISS-kpi_005-4235965D,Info,PROVISIONAL_DENOMINATOR,kpi_005,HOSP-001,DEPT-ED,2026-02-15,Complaint rate denominator is provisional and pending stakeholder approval,processed_operational_daily.csv,OPD-HOSP-001-DEPT-ED-20260215,PEX-KPI-DCF120177644
ISS-kpi_005-D66E6558,Info,PROVISIONAL_DENOMINATOR,kpi_005,HOSP-001,DEPT-ED,2026-02-16,Complaint rate denominator is provisional and pending stakeholder approval,processed_operational_daily.csv,OPD-HOSP-001-DEPT-ED-20260216,PEX-KPI-DCF120177644
ISS-kpi_006-3FD03380,Warning,ZERO_DENOMINATOR,kpi_006,HOSP-001,DEPT-ED,2026-02-16,Zero denominator for kpi_006,processed_operational_daily.csv,OPD-HOSP-001-DEPT-ED-20260216,PEX-KPI-DCF120177644
ISS-kpi_005-08D5DAD6,Info,PROVISIONAL_DENOMINATOR,kpi_005,HOSP-001,DEPT-ED,2026-02-17,Complaint rate denominator is provisional and pending stakeholder approval,processed_operational_daily.csv,OPD-HOSP-001-DEPT-ED-20260217,PEX-KPI-DCF120177644
ISS-kpi_005-8FD6302C,Info,PROVISIONAL_DENOMINATOR,kpi_005,HOSP-001,DEPT-ED,2026-02-18,Complaint rate denominator is provisional and pending stakeholder approval,processed_operational_daily.csv,OPD-HOSP-001-DEPT-ED-20260218,PEX-KPI-DCF120177644
ISS-kpi_005-D8A41C8E,Info,PROVISIONAL_DENOMINATOR,kpi_005,HOSP-001,DEPT-ED,2026-02-19,Complaint rate denominator is provisional and pending stakeholder approval,processed_operational_daily.csv,OPD-HOSP-001-DEPT-ED-20260219,PEX-KPI-DCF120177644
ISS-kpi_005-69E5C061,Warning,INSUFFICIENT_DATA,kpi_005,HOSP-001,DEPT-ED,2026-02-20,Insufficient data for kpi_005,processed_operational_daily.csv,OPD-HOSP-001-DEPT-ED-20260220,PEX-KPI-DCF120177644
ISS-kpi_006-E0041A2D,Warning,INSUFFICIENT_DATA,kpi_006,HOSP-001,DEPT-ED,2026-02-20,Insufficient data for kpi_006,processed_operational_daily.csv,OPD-HOSP-001-DEPT-ED-20260220,PEX-KPI-DCF120177644
ISS-kpi_005-CE627EF6,Info,PROVISIONAL_DENOMINATOR,kpi_005,HOSP-001,DEPT-ED,2026-02-21,Complaint rate denominator is provisional and pending stakeholder approval,processed_operational_daily.csv,OPD-HOSP-001-DEPT-ED-20260221,PEX-KPI-DCF120177644
ISS-kpi_005-2011F89F,Warning,INSUFFICIENT_DATA,kpi_005,HOSP-001,DEPT-ED,2026-02-22,Insufficient data for kpi_005,processed_operational_daily.csv,OPD-HOSP-001-DEPT-ED-20260222,PEX-KPI-DCF120177644
ISS-kpi_006-BA90A254,Warning,INSUFFICIENT_DATA,kpi_006,HOSP-001,DEPT-ED,2026-02-22,Insufficient data for kpi_006,processed_operational_daily.csv,OPD-HOSP-001-DEPT-ED-20260222,PEX-KPI-DCF120177644
ISS-kpi_005-7092E6BC,Info,PROVISIONAL_DENOMINATOR,kpi_005,HOSP-001,DEPT-ED,2026-02-23,Complaint rate denominator is provisional and pending stakeholder approval,processed_operational_daily.csv,OPD-HOSP-001-DEPT-ED-20260223,PEX-KPI-DCF120177644
ISS-kpi_005-A0137447,Info,PROVISIONAL_DENOMINATOR,kpi_005,HOSP-001,DEPT-ED,2026-02-24,Complaint rate denominator is provisional and pending stakeholder approval,processed_operational_daily.csv,OPD-HOSP-001-DEPT-ED-20260224,PEX-KPI-DCF120177644
ISS-kpi_005-5463A52C,Info,PROVISIONAL_DENOMINATOR,kpi_005,HOSP-001,DEPT-ED,2026-02-25,Complaint rate denominator is provisional and pending stakeholder approval,processed_operational_daily.csv,OPD-HOSP-001-DEPT-ED-20260225,PEX-KPI-DCF120177644
ISS-kpi_005-DDBE98D9,Info,PROVISIONAL_DENOMINATOR,kpi_005,HOSP-001,DEPT-ED,2026-02-26,Complaint rate denominator is provisional and pending stakeholder approval,processed_operational_daily.csv,OPD-HOSP-001-DEPT-ED-20260226,PEX-KPI-DCF120177644
ISS-kpi_006-2FAA24E0,Warning,ZERO_DENOMINATOR,kpi_006,HOSP-001,DEPT-ED,2026-02-26,Zero denominator for kpi_006,processed_operational_daily.csv,OPD-HOSP-001-DEPT-ED-20260226,PEX-KPI-DCF120177644
ISS-kpi_005-86BC9BE1,Info,PROVISIONAL_DENOMINATOR,kpi_005,HOSP-001,DEPT-ED,2026-02-27,Complaint rate denominator is provisional and pending stakeholder approval,processed_operational_daily.csv,OPD-HOSP-001-DEPT-ED-20260227,PEX-KPI-DCF120177644
ISS-kpi_005-37BB080A,Info,PROVISIONAL_DENOMINATOR,kpi_005,HOSP-001,DEPT-ED,2026-02-28,Complaint rate denominator is provisional and pending stakeholder approval,processed_operational_daily.csv,OPD-HOSP-001-DEPT-ED-20260228,PEX-KPI-DCF120177644
ISS-kpi_005-A108319B,Info,PROVISIONAL_DENOMINATOR,kpi_005,HOSP-001,DEPT-ED,2026-03-01,Complaint rate denominator is provisional and pending stakeholder approval,processed_operational_daily.csv,OPD-HOSP-001-DEPT-ED-20260301,PEX-KPI-DCF120177644
ISS-kpi_005-18259AF9,Info,PROVISIONAL_DENOMINATOR,kpi_005,HOSP-001,DEPT-ED,2026-03-02,Complaint rate denominator is provisional and pending stakeholder approval,processed_operational_daily.csv,OPD-HOSP-001-DEPT-ED-20260302,PEX-KPI-DCF120177644
ISS-kpi_005-732C0B77,Info,PROVISIONAL_DENOMINATOR,kpi_005,HOSP-001,DEPT-ED,2026-03-03,Complaint rate denominator is provisional and pending stakeholder approval,processed_operational_daily.csv,OPD-HOSP-001-DEPT-ED-20260303,PEX-KPI-DCF120177644
ISS-kpi_005-803B8D5B,Warning,INSUFFICIENT_DATA,kpi_005,HOSP-001,DEPT-ED,2026-03-04,Insufficient data for kpi_005,processed_operational_daily.csv,OPD-HOSP-001-DEPT-ED-20260304,PEX-KPI-DCF120177644
ISS-kpi_006-42C3750F,Warning,INSUFFICIENT_DATA,kpi_006,HOSP-001,DEPT-ED,2026-03-04,Insufficient data for kpi_006,processed_operational_daily.csv,OPD-HOSP-001-DEPT-ED-20260304,PEX-KPI-DCF120177644
ISS-kpi_005-1122AA20,Info,PROVISIONAL_DENOMINATOR,kpi_005,HOSP-001,DEPT-ED,2026-03-05,Complaint rate denominator is provisional and pending stakeholder approval,processed_operational_daily.csv,OPD-HOSP-001-DEPT-ED-20260305,PEX-KPI-DCF120177644
ISS-kpi_005-A426EB62,Info,PROVISIONAL_DENOMINATOR,kpi_005,HOSP-001,DEPT-ED,2026-03-06,Complaint rate denominator is provisional and pending stakeholder approval,processed_operational_daily.csv,OPD-HOSP-001-DEPT-ED-20260306,PEX-KPI-DCF120177644
ISS-kpi_005-9C4D4F05,Info,PROVISIONAL_DENOMINATOR,kpi_005,HOSP-001,DEPT-ED,2026-03-07,Complaint rate denominator is provisional and pending stakeholder approval,processed_operational_daily.csv,OPD-HOSP-001-DEPT-ED-20260307,PEX-KPI-DCF120177644
ISS-kpi_005-A04113A5,Info,PROVISIONAL_DENOMINATOR,kpi_005,HOSP-001,DEPT-ED,2026-03-08,Complaint rate denominator is provisional and pending stakeholder approval,processed_operational_daily.csv,OPD-HOSP-001-DEPT-ED-20260308,PEX-KPI-DCF120177644
ISS-kpi_005-9D815A4F,Info,PROVISIONAL_DENOMINATOR,kpi_005,HOSP-001,DEPT-ED,2026-03-09,Complaint rate denominator is provisional and pending stakeholder approval,processed_operational_daily.csv,OPD-HOSP-001-DEPT-ED-20260309,PEX-KPI-DCF120177644
ISS-kpi_005-AEEFC203,Info,PROVISIONAL_DENOMINATOR,kpi_005,HOSP-001,DEPT-ED,2026-03-10,Complaint rate denominator is provisional and pending stakeholder approval,processed_operational_daily.csv,OPD-HOSP-001-DEPT-ED-20260310,PEX-KPI-DCF120177644
ISS-kpi_005-DC169D91,Info,PROVISIONAL_DENOMINATOR,kpi_005,HOSP-001,DEPT-ED,2026-03-11,Complaint rate denominator is provisional and pending stakeholder approval,processed_operational_daily.csv,OPD-HOSP-001-DEPT-ED-20260311,PEX-KPI-DCF120177644
ISS-kpi_006-2F59F74C,Warning,ZERO_DENOMINATOR,kpi_006,HOSP-001,DEPT-ED,2026-03-11,Zero denominator for kpi_006,processed_operational_daily.csv,OPD-HOSP-001-DEPT-ED-20260311,PEX-KPI-DCF120177644
ISS-kpi_005-BA2E515E,Info,PROVISIONAL_DENOMINATOR,kpi_005,HOSP-001,DEPT-ED,2026-03-12,Complaint rate denominator is provisional and pending stakeholder approval,processed_operational_daily.csv,OPD-HOSP-001-DEPT-ED-20260312,PEX-KPI-DCF120177644
ISS-kpi_005-F279CFDB,Info,PROVISIONAL_DENOMINATOR,kpi_005,HOSP-001,DEPT-ED,2026-03-13,Complaint rate denominator is provisional and pending stakeholder approval,processed_operational_daily.csv,OPD-HOSP-001-DEPT-ED-20260313,PEX-KPI-DCF120177644
ISS-kpi_005-DFAC96E5,Info,PROVISIONAL_DENOMINATOR,kpi_005,HOSP-001,DEPT-ED,2026-03-14,Complaint rate denominator is provisional and pending stakeholder approval,processed_operational_daily.csv,OPD-HOSP-001-DEPT-ED-20260314,PEX-KPI-DCF120177644
ISS-kpi_005-9569B360,Info,PROVISIONAL_DENOMINATOR,kpi_005,HOSP-001,DEPT-ED,2026-03-15,Complaint rate denominator is provisional and pending stakeholder approval,processed_operational_daily.csv,OPD-HOSP-001-DEPT-ED-20260315,PEX-KPI-DCF120177644
ISS-kpi_005-EDF1C333,Info,PROVISIONAL_DENOMINATOR,kpi_005,HOSP-001,DEPT-ED,2026-03-16,Complaint rate denominator is provisional and pending stakeholder approval,processed_operational_daily.csv,OPD-HOSP-001-DEPT-ED-20260316,PEX-KPI-DCF120177644
ISS-kpi_005-1F689C27,Warning,INSUFFICIENT_DATA,kpi_005,HOSP-001,DEPT-ED,2026-03-17,Insufficient data for kpi_005,processed_operational_daily.csv,OPD-HOSP-001-DEPT-ED-20260317,PEX-KPI-DCF120177644
ISS-kpi_006-79CF476F,Warning,INSUFFICIENT_DATA,kpi_006,HOSP-001,DEPT-ED,2026-03-17,Insufficient data for kpi_006,processed_operational_daily.csv,OPD-HOSP-001-DEPT-ED-20260317,PEX-KPI-DCF120177644
ISS-kpi_005-DA467825,Info,PROVISIONAL_DENOMINATOR,kpi_005,HOSP-001,DEPT-ED,2026-03-18,Complaint rate denominator is provisional and pending stakeholder approval,processed_operational_daily.csv,OPD-HOSP-001-DEPT-ED-20260318,PEX-KPI-DCF120177644
ISS-kpi_005-9689AA8E,Info,PROVISIONAL_DENOMINATOR,kpi_005,HOSP-001,DEPT-ED,2026-03-19,Complaint rate denominator is provisional and pending stakeholder approval,processed_operational_daily.csv,OPD-HOSP-001-DEPT-ED-20260319,PEX-KPI-DCF120177644
ISS-kpi_005-8EAE8029,Warning,INSUFFICIENT_DATA,kpi_005,HOSP-001,DEPT-ED,2026-03-20,Insufficient data for kpi_005,processed_operational_daily.csv,OPD-HOSP-001-DEPT-ED-20260320,PEX-KPI-DCF120177644
ISS-kpi_006-EB57B641,Warning,INSUFFICIENT_DATA,kpi_006,HOSP-001,DEPT-ED,2026-03-20,Insufficient data for kpi_006,processed_operational_daily.csv,OPD-HOSP-001-DEPT-ED-20260320,PEX-KPI-DCF120177644
ISS-kpi_005-77C2C27C,Info,PROVISIONAL_DENOMINATOR,kpi_005,HOSP-001,DEPT-ED,2026-03-21,Complaint rate denominator is provisional and pending stakeholder approval,processed_operational_daily.csv,OPD-HOSP-001-DEPT-ED-20260321,PEX-KPI-DCF120177644
ISS-kpi_005-623D9065,Info,PROVISIONAL_DENOMINATOR,kpi_005,HOSP-001,DEPT-ED,2026-03-22,Complaint rate denominator is provisional and pending stakeholder approval,processed_operational_daily.csv,OPD-HOSP-001-DEPT-ED-20260322,PEX-KPI-DCF120177644
ISS-kpi_005-E912688E,Info,PROVISIONAL_DENOMINATOR,kpi_005,HOSP-001,DEPT-ED,2026-03-23,Complaint rate denominator is provisional and pending stakeholder approval,processed_operational_daily.csv,OPD-HOSP-001-DEPT-ED-20260323,PEX-KPI-DCF120177644
ISS-kpi_005-1A1BD314,Info,PROVISIONAL_DENOMINATOR,kpi_005,HOSP-001,DEPT-ED,2026-03-24,Complaint rate denominator is provisional and pending stakeholder approval,processed_operational_daily.csv,OPD-HOSP-001-DEPT-ED-20260324,PEX-KPI-DCF120177644
ISS-kpi_005-20705FF5,Info,PROVISIONAL_DENOMINATOR,kpi_005,HOSP-001,DEPT-ED,2026-03-25,Complaint rate denominator is provisional and pending stakeholder approval,processed_operational_daily.csv,OPD-HOSP-001-DEPT-ED-20260325,PEX-KPI-DCF120177644
ISS-kpi_005-04FCF962,Info,PROVISIONAL_DENOMINATOR,kpi_005,HOSP-001,DEPT-ED,2026-03-26,Complaint rate denominator is provisional and pending stakeholder approval,processed_operational_daily.csv,OPD-HOSP-001-DEPT-ED-20260326,PEX-KPI-DCF120177644
ISS-kpi_005-A02A6E6D,Info,PROVISIONAL_DENOMINATOR,kpi_005,HOSP-001,DEPT-ED,2026-03-27,Complaint rate denominator is provisional and pending stakeholder approval,processed_operational_daily.csv,OPD-HOSP-001-DEPT-ED-20260327,PEX-KPI-DCF120177644
ISS-kpi_005-5E662DF8,Info,PROVISIONAL_DENOMINATOR,kpi_005,HOSP-001,DEPT-ED,2026-03-28,Complaint rate denominator is provisional and pending stakeholder approval,processed_operational_daily.csv,OPD-HOSP-001-DEPT-ED-20260328,PEX-KPI-DCF120177644
ISS-kpi_005-78B26992,Info,PROVISIONAL_DENOMINATOR,kpi_005,HOSP-001,DEPT-ED,2026-03-29,Complaint rate denominator is provisional and pending stakeholder approval,processed_operational_daily.csv,OPD-HOSP-001-DEPT-ED-20260329,PEX-KPI-DCF120177644
ISS-kpi_005-F0AD31F3,Info,PROVISIONAL_DENOMINATOR,kpi_005,HOSP-001,DEPT-ED,2026-03-30,Complaint rate denominator is provisional and pending stakeholder approval,processed_operational_daily.csv,OPD-HOSP-001-DEPT-ED-20260330,PEX-KPI-DCF120177644
ISS-kpi_005-9F5CC646,Info,PROVISIONAL_DENOMINATOR,kpi_005,HOSP-001,DEPT-ED,2026-03-31,Complaint rate denominator is provisional and pending stakeholder approval,processed_operational_daily.csv,OPD-HOSP-001-DEPT-ED-20260331,PEX-KPI-DCF120177644
ISS-kpi_005-2C242811,Info,PROVISIONAL_DENOMINATOR,kpi_005,HOSP-001,DEPT-ED,2026-04-01,Complaint rate denominator is provisional and pending stakeholder approval,processed_operational_daily.csv,OPD-HOSP-001-DEPT-ED-20260401,PEX-KPI-DCF120177644
ISS-kpi_005-8F0C67B2,Info,PROVISIONAL_DENOMINATOR,kpi_005,HOSP-001,DEPT-ED,2026-04-02,Complaint rate denominator is provisional and pending stakeholder approval,processed_operational_daily.csv,OPD-HOSP-001-DEPT-ED-20260402,PEX-KPI-DCF120177644
ISS-kpi_005-6810C1EA,Info,PROVISIONAL_DENOMINATOR,kpi_005,HOSP-001,DEPT-ED,2026-04-03,Complaint rate denominator is provisional and pending stakeholder approval,processed_operational_daily.csv,OPD-HOSP-001-DEPT-ED-20260403,PEX-KPI-DCF120177644
ISS-kpi_005-67762041,Info,PROVISIONAL_DENOMINATOR,kpi_005,HOSP-001,DEPT-ED,2026-04-04,Complaint rate denominator is provisional and pending stakeholder approval,processed_operational_daily.csv,OPD-HOSP-001-DEPT-ED-20260404,PEX-KPI-DCF120177644
ISS-kpi_005-AEBFF463,Info,PROVISIONAL_DENOMINATOR,kpi_005,HOSP-001,DEPT-ED,2026-04-05,Complaint rate denominator is provisional and pending stakeholder approval,processed_operational_daily.csv,OPD-HOSP-001-DEPT-ED-20260405,PEX-KPI-DCF120177644
ISS-kpi_005-B57C96C6,Info,PROVISIONAL_DENOMINATOR,kpi_005,HOSP-001,DEPT-ED,2026-04-06,Complaint rate denominator is provisional and pending stakeholder approval,processed_operational_daily.csv,OPD-HOSP-001-DEPT-ED-20260406,PEX-KPI-DCF120177644
ISS-kpi_005-7C7A0D7C,Info,PROVISIONAL_DENOMINATOR,kpi_005,HOSP-001,DEPT-ED,2026-04-07,Complaint rate denominator is provisional and pending stakeholder approval,processed_operational_daily.csv,OPD-HOSP-001-DEPT-ED-20260407,PEX-KPI-DCF120177644
ISS-kpi_005-BDFA9591,Info,PROVISIONAL_DENOMINATOR,kpi_005,HOSP-001,DEPT-ED,2026-04-08,Complaint rate denominator is provisional and pending stakeholder approval,processed_operational_daily.csv,OPD-HOSP-001-DEPT-ED-20260408,PEX-KPI-DCF120177644
ISS-kpi_005-EA66DE89,Info,PROVISIONAL_DENOMINATOR,kpi_005,HOSP-001,DEPT-ED,2026-04-09,Complaint rate denominator is provisional and pending stakeholder approval,processed_operational_daily.csv,OPD-HOSP-001-DEPT-ED-20260409,PEX-KPI-DCF120177644
ISS-kpi_005-E525AF22,Info,PROVISIONAL_DENOMINATOR,kpi_005,HOSP-001,DEPT-ED,2026-04-10,Complaint rate denominator is provisional and pending stakeholder approval,processed_operational_daily.csv,OPD-HOSP-001-DEPT-ED-20260410,PEX-KPI-DCF120177644
ISS-kpi_005-B754EB0D,Info,PROVISIONAL_DENOMINATOR,kpi_005,HOSP-001,DEPT-ED,2026-04-11,Complaint rate denominator is provisional and pending stakeholder approval,processed_operational_daily.csv,OPD-HOSP-001-DEPT-ED-20260411,PEX-KPI-DCF120177644
ISS-kpi_005-DF8BA4AD,Info,PROVISIONAL_DENOMINATOR,kpi_005,HOSP-001,DEPT-ED,2026-04-12,Complaint rate denominator is provisional and pending stakeholder approval,processed_operational_daily.csv,OPD-HOSP-001-DEPT-ED-20260412,PEX-KPI-DCF120177644
ISS-kpi_005-A7EE3087,Info,PROVISIONAL_DENOMINATOR,kpi_005,HOSP-001,DEPT-ED,2026-04-13,Complaint rate denominator is provisional and pending stakeholder approval,processed_operational_daily.csv,OPD-HOSP-001-DEPT-ED-20260413,PEX-KPI-DCF120177644
ISS-kpi_005-AF84C04D,Info,PROVISIONAL_DENOMINATOR,kpi_005,HOSP-001,DEPT-ED,2026-04-14,Complaint rate denominator is provisional and pending stakeholder approval,processed_operational_daily.csv,OPD-HOSP-001-DEPT-ED-20260414,PEX-KPI-DCF120177644
ISS-kpi_005-E3B8CE85,Info,PROVISIONAL_DENOMINATOR,kpi_005,HOSP-001,DEPT-ED,2026-04-15,Complaint rate denominator is provisional and pending stakeholder approval,processed_operational_daily.csv,OPD-HOSP-001-DEPT-ED-20260415,PEX-KPI-DCF120177644
ISS-kpi_005-44179488,Info,PROVISIONAL_DENOMINATOR,kpi_005,HOSP-001,DEPT-ED,2026-04-16,Complaint rate denominator is provisional and pending stakeholder approval,processed_operational_daily.csv,OPD-HOSP-001-DEPT-ED-20260416,PEX-KPI-DCF120177644
ISS-kpi_005-E67335D4,Info,PROVISIONAL_DENOMINATOR,kpi_005,HOSP-001,DEPT-ED,2026-04-17,Complaint rate denominator is provisional and pending stakeholder approval,processed_operational_daily.csv,OPD-HOSP-001-DEPT-ED-20260417,PEX-KPI-DCF120177644
ISS-kpi_005-CD3EAB19,Info,PROVISIONAL_DENOMINATOR,kpi_005,HOSP-001,DEPT-ED,2026-04-18,Complaint rate denominator is provisional and pending stakeholder approval,processed_operational_daily.csv,OPD-HOSP-001-DEPT-ED-20260418,PEX-KPI-DCF120177644
ISS-kpi_005-307CFA16,Info,PROVISIONAL_DENOMINATOR,kpi_005,HOSP-001,DEPT-ED,2026-04-19,Complaint rate denominator is provisional and pending stakeholder approval,processed_operational_daily.csv,OPD-HOSP-001-DEPT-ED-20260419,PEX-KPI-DCF120177644
ISS-kpi_005-C1B22EE1,Info,PROVISIONAL_DENOMINATOR,kpi_005,HOSP-001,DEPT-ED,2026-04-20,Complaint rate denominator is provisional and pending stakeholder approval,processed_operational_daily.csv,OPD-HOSP-001-DEPT-ED-20260420,PEX-KPI-DCF120177644
ISS-kpi_005-A81AC969,Info,PROVISIONAL_DENOMINATOR,kpi_005,HOSP-001,DEPT-ED,2026-04-21,Complaint rate denominator is provisional and pending stakeholder approval,processed_operational_daily.csv,OPD-HOSP-001-DEPT-ED-20260421,PEX-KPI-DCF120177644
ISS-kpi_005-291997B4,Info,PROVISIONAL_DENOMINATOR,kpi_005,HOSP-001,DEPT-ED,2026-04-22,Complaint rate denominator is provisional and pending stakeholder approval,processed_operational_daily.csv,OPD-HOSP-001-DEPT-ED-20260422,PEX-KPI-DCF120177644
ISS-kpi_005-77F9AE5E,Info,PROVISIONAL_DENOMINATOR,kpi_005,HOSP-001,DEPT-ED,2026-04-23,Complaint rate denominator is provisional and pending stakeholder approval,processed_operational_daily.csv,OPD-HOSP-001-DEPT-ED-20260423,PEX-KPI-DCF120177644
ISS-kpi_005-46F473BB,Info,PROVISIONAL_DENOMINATOR,kpi_005,HOSP-001,DEPT-ED,2026-04-24,Complaint rate denominator is provisional and pending stakeholder approval,processed_operational_daily.csv,OPD-HOSP-001-DEPT-ED-20260424,PEX-KPI-DCF120177644
ISS-kpi_005-E1B781CD,Info,PROVISIONAL_DENOMINATOR,kpi_005,HOSP-001,DEPT-ED,2026-04-25,Complaint rate denominator is provisional and pending stakeholder approval,processed_operational_daily.csv,OPD-HOSP-001-DEPT-ED-20260425,PEX-KPI-DCF120177644
ISS-kpi_005-185F0AB3,Info,PROVISIONAL_DENOMINATOR,kpi_005,HOSP-001,DEPT-ED,2026-04-26,Complaint rate denominator is provisional and pending stakeholder approval,processed_operational_daily.csv,OPD-HOSP-001-DEPT-ED-20260426,PEX-KPI-DCF120177644
ISS-kpi_005-33FCC159,Info,PROVISIONAL_DENOMINATOR,kpi_005,HOSP-001,DEPT-ED,2026-04-27,Complaint rate denominator is provisional and pending stakeholder approval,processed_operational_daily.csv,OPD-HOSP-001-DEPT-ED-20260427,PEX-KPI-DCF120177644
ISS-kpi_005-DD03CCCD,Info,PROVISIONAL_DENOMINATOR,kpi_005,HOSP-001,DEPT-ED,2026-04-28,Complaint rate denominator is provisional and pending stakeholder approval,processed_operational_daily.csv,OPD-HOSP-001-DEPT-ED-20260428,PEX-KPI-DCF120177644
ISS-kpi_005-C5654316,Info,PROVISIONAL_DENOMINATOR,kpi_005,HOSP-001,DEPT-ED,2026-04-29,Complaint rate denominator is provisional and pending stakeholder approval,processed_operational_daily.csv,OPD-HOSP-001-DEPT-ED-20260429,PEX-KPI-DCF120177644
ISS-kpi_005-F8710688,Info,PROVISIONAL_DENOMINATOR,kpi_005,HOSP-001,DEPT-ED,2026-04-30,Complaint rate denominator is provisional and pending stakeholder approval,processed_operational_daily.csv,OPD-HOSP-001-DEPT-ED-20260430,PEX-KPI-DCF120177644
ISS-kpi_005-CA46ED25,Info,PROVISIONAL_DENOMINATOR,kpi_005,HOSP-001,DEPT-ED,2026-05-01,Complaint rate denominator is provisional and pending stakeholder approval,processed_operational_daily.csv,OPD-HOSP-001-DEPT-ED-20260501,PEX-KPI-DCF120177644
ISS-kpi_005-70925478,Info,PROVISIONAL_DENOMINATOR,kpi_005,HOSP-001,DEPT-ED,2026-05-02,Complaint rate denominator is provisional and pending stakeholder approval,processed_operational_daily.csv,OPD-HOSP-001-DEPT-ED-20260502,PEX-KPI-DCF120177644
ISS-kpi_005-3A0CDDBA,Info,PROVISIONAL_DENOMINATOR,kpi_005,HOSP-001,DEPT-ED,2026-05-03,Complaint rate denominator is provisional and pending stakeholder approval,processed_operational_daily.csv,OPD-HOSP-001-DEPT-ED-20260503,PEX-KPI-DCF120177644
ISS-kpi_005-EBF2FC1E,Info,PROVISIONAL_DENOMINATOR,kpi_005,HOSP-001,DEPT-ED,2026-05-04,Complaint rate denominator is provisional and pending stakeholder approval,processed_operational_daily.csv,OPD-HOSP-001-DEPT-ED-20260504,PEX-KPI-DCF120177644
ISS-kpi_005-8D1DA9BA,Info,PROVISIONAL_DENOMINATOR,kpi_005,HOSP-001,DEPT-ED,2026-05-05,Complaint rate denominator is provisional and pending stakeholder approval,processed_operational_daily.csv,OPD-HOSP-001-DEPT-ED-20260505,PEX-KPI-DCF120177644
ISS-kpi_005-EEB790FA,Info,PROVISIONAL_DENOMINATOR,kpi_005,HOSP-001,DEPT-ED,2026-05-06,Complaint rate denominator is provisional and pending stakeholder approval,processed_operational_daily.csv,OPD-HOSP-001-DEPT-ED-20260506,PEX-KPI-DCF120177644
ISS-kpi_005-8B6358B9,Info,PROVISIONAL_DENOMINATOR,kpi_005,HOSP-001,DEPT-ED,2026-05-07,Complaint rate denominator is provisional and pending stakeholder approval,processed_operational_daily.csv,OPD-HOSP-001-DEPT-ED-20260507,PEX-KPI-DCF120177644
ISS-kpi_005-99B21FDF,Info,PROVISIONAL_DENOMINATOR,kpi_005,HOSP-001,DEPT-ED,2026-05-08,Complaint rate denominator is provisional and pending stakeholder approval,processed_operational_daily.csv,OPD-HOSP-001-DEPT-ED-20260508,PEX-KPI-DCF120177644
ISS-kpi_005-D6350A1B,Info,PROVISIONAL_DENOMINATOR,kpi_005,HOSP-001,DEPT-ED,2026-05-09,Complaint rate denominator is provisional and pending stakeholder approval,processed_operational_daily.csv,OPD-HOSP-001-DEPT-ED-20260509,PEX-KPI-DCF120177644
ISS-kpi_005-DB4BD2F0,Info,PROVISIONAL_DENOMINATOR,kpi_005,HOSP-001,DEPT-ED,2026-05-10,Complaint rate denominator is provisional and pending stakeholder approval,processed_operational_daily.csv,OPD-HOSP-001-DEPT-ED-20260510,PEX-KPI-DCF120177644
ISS-kpi_005-CAF3DC4E,Info,PROVISIONAL_DENOMINATOR,kpi_005,HOSP-001,DEPT-ED,2026-05-11,Complaint rate denominator is provisional and pending stakeholder approval,processed_operational_daily.csv,OPD-HOSP-001-DEPT-ED-20260511,PEX-KPI-DCF120177644
ISS-kpi_005-4D152B9C,Warning,INSUFFICIENT_DATA,kpi_005,HOSP-001,DEPT-ED,2026-05-12,Insufficient data for kpi_005,processed_operational_daily.csv,OPD-HOSP-001-DEPT-ED-20260512,PEX-KPI-DCF120177644
ISS-kpi_006-F4243B38,Warning,INSUFFICIENT_DATA,kpi_006,HOSP-001,DEPT-ED,2026-05-12,Insufficient data for kpi_006,processed_operational_daily.csv,OPD-HOSP-001-DEPT-ED-20260512,PEX-KPI-DCF120177644
ISS-kpi_005-8FE1444B,Info,PROVISIONAL_DENOMINATOR,kpi_005,HOSP-001,DEPT-ED,2026-05-13,Complaint rate denominator is provisional and pending stakeholder approval,processed_operational_daily.csv,OPD-HOSP-001-DEPT-ED-20260513,PEX-KPI-DCF120177644
ISS-kpi_005-66A7CE3B,Info,PROVISIONAL_DENOMINATOR,kpi_005,HOSP-001,DEPT-ED,2026-05-14,Complaint rate denominator is provisional and pending stakeholder approval,processed_operational_daily.csv,OPD-HOSP-001-DEPT-ED-20260514,PEX-KPI-DCF120177644
ISS-kpi_005-A180B4C7,Info,PROVISIONAL_DENOMINATOR,kpi_005,HOSP-001,DEPT-ED,2026-05-15,Complaint rate denominator is provisional and pending stakeholder approval,processed_operational_daily.csv,OPD-HOSP-001-DEPT-ED-20260515,PEX-KPI-DCF120177644
ISS-kpi_005-FA692030,Info,PROVISIONAL_DENOMINATOR,kpi_005,HOSP-001,DEPT-ED,2026-05-16,Complaint rate denominator is provisional and pending stakeholder approval,processed_operational_daily.csv,OPD-HOSP-001-DEPT-ED-20260516,PEX-KPI-DCF120177644
ISS-kpi_005-25FC3EEF,Info,PROVISIONAL_DENOMINATOR,kpi_005,HOSP-001,DEPT-ED,2026-05-17,Complaint rate denominator is provisional and pending stakeholder approval,processed_operational_daily.csv,OPD-HOSP-001-DEPT-ED-20260517,PEX-KPI-DCF120177644
ISS-kpi_005-2F081598,Info,PROVISIONAL_DENOMINATOR,kpi_005,HOSP-001,DEPT-ED,2026-05-18,Complaint rate denominator is provisional and pending stakeholder approval,processed_operational_daily.csv,OPD-HOSP-001-DEPT-ED-20260518,PEX-KPI-DCF120177644
ISS-kpi_005-695D768A,Info,PROVISIONAL_DENOMINATOR,kpi_005,HOSP-001,DEPT-ED,2026-05-19,Complaint rate denominator is provisional and pending stakeholder approval,processed_operational_daily.csv,OPD-HOSP-001-DEPT-ED-20260519,PEX-KPI-DCF120177644
ISS-kpi_005-805AB47D,Info,PROVISIONAL_DENOMINATOR,kpi_005,HOSP-001,DEPT-ED,2026-05-20,Complaint rate denominator is provisional and pending stakeholder approval,processed_operational_daily.csv,OPD-HOSP-001-DEPT-ED-20260520,PEX-KPI-DCF120177644
ISS-kpi_005-A585E51F,Info,PROVISIONAL_DENOMINATOR,kpi_005,HOSP-001,DEPT-ED,2026-05-21,Complaint rate denominator is provisional and pending stakeholder approval,processed_operational_daily.csv,OPD-HOSP-001-DEPT-ED-20260521,PEX-KPI-DCF120177644
ISS-kpi_005-7E8AE7E2,Info,PROVISIONAL_DENOMINATOR,kpi_005,HOSP-001,DEPT-ED,2026-05-22,Complaint rate denominator is provisional and pending stakeholder approval,processed_operational_daily.csv,OPD-HOSP-001-DEPT-ED-20260522,PEX-KPI-DCF120177644
ISS-kpi_005-2E489BE4,Info,PROVISIONAL_DENOMINATOR,kpi_005,HOSP-001,DEPT-ED,2026-05-23,Complaint rate denominator is provisional and pending stakeholder approval,processed_operational_daily.csv,OPD-HOSP-001-DEPT-ED-20260523,PEX-KPI-DCF120177644
ISS-kpi_005-F0808C3E,Info,PROVISIONAL_DENOMINATOR,kpi_005,HOSP-001,DEPT-ED,2026-05-24,Complaint rate denominator is provisional and pending stakeholder approval,processed_operational_daily.csv,OPD-HOSP-001-DEPT-ED-20260524,PEX-KPI-DCF120177644
ISS-kpi_005-10906457,Info,PROVISIONAL_DENOMINATOR,kpi_005,HOSP-001,DEPT-ED,2026-05-25,Complaint rate denominator is provisional and pending stakeholder approval,processed_operational_daily.csv,OPD-HOSP-001-DEPT-ED-20260525,PEX-KPI-DCF120177644
ISS-kpi_005-9E20B702,Warning,INSUFFICIENT_DATA,kpi_005,HOSP-001,DEPT-ED,2026-05-26,Insufficient data for kpi_005,processed_operational_daily.csv,OPD-HOSP-001-DEPT-ED-20260526,PEX-KPI-DCF120177644
ISS-kpi_006-73F55541,Warning,INSUFFICIENT_DATA,kpi_006,HOSP-001,DEPT-ED,2026-05-26,Insufficient data for kpi_006,processed_operational_daily.csv,OPD-HOSP-001-DEPT-ED-20260526,PEX-KPI-DCF120177644
ISS-kpi_005-45E71FDF,Info,PROVISIONAL_DENOMINATOR,kpi_005,HOSP-001,DEPT-ED,2026-05-27,Complaint rate denominator is provisional and pending stakeholder approval,processed_operational_daily.csv,OPD-HOSP-001-DEPT-ED-20260527,PEX-KPI-DCF120177644
ISS-kpi_006-9C1D2219,Warning,ZERO_DENOMINATOR,kpi_006,HOSP-001,DEPT-ED,2026-05-27,Zero denominator for kpi_006,processed_operational_daily.csv,OPD-HOSP-001-DEPT-ED-20260527,PEX-KPI-DCF120177644
ISS-kpi_005-856BD098,Info,PROVISIONAL_DENOMINATOR,kpi_005,HOSP-001,DEPT-ED,2026-05-28,Complaint rate denominator is provisional and pending stakeholder approval,processed_operational_daily.csv,OPD-HOSP-001-DEPT-ED-20260528,PEX-KPI-DCF120177644
ISS-kpi_005-18C3F6BA,Info,PROVISIONAL_DENOMINATOR,kpi_005,HOSP-001,DEPT-ED,2026-05-29,Complaint rate denominator is provisional and pending stakeholder approval,processed_operational_daily.csv,OPD-HOSP-001-DEPT-ED-20260529,PEX-KPI-DCF120177644
ISS-kpi_005-74BDE3EA,Info,PROVISIONAL_DENOMINATOR,kpi_005,HOSP-001,DEPT-ED,2026-05-30,Complaint rate denominator is provisional and pending stakeholder approval,processed_operational_daily.csv,OPD-HOSP-001-DEPT-ED-20260530,PEX-KPI-DCF120177644
ISS-kpi_005-C9504C4B,Info,PROVISIONAL_DENOMINATOR,kpi_005,HOSP-001,DEPT-ED,2026-05-31,Complaint rate denominator is provisional and pending stakeholder approval,processed_operational_daily.csv,OPD-HOSP-001-DEPT-ED-20260531,PEX-KPI-DCF120177644
ISS-kpi_005-854A337C,Info,PROVISIONAL_DENOMINATOR,kpi_005,HOSP-001,DEPT-ED,2026-06-01,Complaint rate denominator is provisional and pending stakeholder approval,processed_operational_daily.csv,OPD-HOSP-001-DEPT-ED-20260601,PEX-KPI-DCF120177644
ISS-kpi_005-0D012C9E,Info,PROVISIONAL_DENOMINATOR,kpi_005,HOSP-001,DEPT-ED,2026-06-02,Complaint rate denominator is provisional and pending stakeholder approval,processed_operational_daily.csv,OPD-HOSP-001-DEPT-ED-20260602,PEX-KPI-DCF120177644
ISS-kpi_005-4A109FCB,Info,PROVISIONAL_DENOMINATOR,kpi_005,HOSP-001,DEPT-ED,2026-06-03,Complaint rate denominator is provisional and pending stakeholder approval,processed_operational_daily.csv,OPD-HOSP-001-DEPT-ED-20260603,PEX-KPI-DCF120177644
ISS-kpi_006-7D64CBA6,Warning,ZERO_DENOMINATOR,kpi_006,HOSP-001,DEPT-ED,2026-06-03,Zero denominator for kpi_006,processed_operational_daily.csv,OPD-HOSP-001-DEPT-ED-20260603,PEX-KPI-DCF120177644
ISS-kpi_005-5E89B713,Info,PROVISIONAL_DENOMINATOR,kpi_005,HOSP-001,DEPT-ED,2026-06-04,Complaint rate denominator is provisional and pending stakeholder approval,processed_operational_daily.csv,OPD-HOSP-001-DEPT-ED-20260604,PEX-KPI-DCF120177644
ISS-kpi_006-51CDC85D,Warning,ZERO_DENOMINATOR,kpi_006,HOSP-001,DEPT-ED,2026-06-04,Zero denominator for kpi_006,processed_operational_daily.csv,OPD-HOSP-001-DEPT-ED-20260604,PEX-KPI-DCF120177644
ISS-kpi_005-D83483C4,Info,PROVISIONAL_DENOMINATOR,kpi_005,HOSP-001,DEPT-ED,2026-06-05,Complaint rate denominator is provisional and pending stakeholder approval,processed_operational_daily.csv,OPD-HOSP-001-DEPT-ED-20260605,PEX-KPI-DCF120177644
ISS-kpi_005-B590A986,Info,PROVISIONAL_DENOMINATOR,kpi_005,HOSP-001,DEPT-ED,2026-06-06,Complaint rate denominator is provisional and pending stakeholder approval,processed_operational_daily.csv,OPD-HOSP-001-DEPT-ED-20260606,PEX-KPI-DCF120177644
ISS-kpi_005-B6EF0FC9,Info,PROVISIONAL_DENOMINATOR,kpi_005,HOSP-001,DEPT-ED,2026-06-07,Complaint rate denominator is provisional and pending stakeholder approval,processed_operational_daily.csv,OPD-HOSP-001-DEPT-ED-20260607,PEX-KPI-DCF120177644
ISS-kpi_005-A7F30C09,Info,PROVISIONAL_DENOMINATOR,kpi_005,HOSP-001,DEPT-ED,2026-06-08,Complaint rate denominator is provisional and pending stakeholder approval,processed_operational_daily.csv,OPD-HOSP-001-DEPT-ED-20260608,PEX-KPI-DCF120177644
ISS-kpi_005-5F3AFE19,Info,PROVISIONAL_DENOMINATOR,kpi_005,HOSP-001,DEPT-ED,2026-06-09,Complaint rate denominator is provisional and pending stakeholder approval,processed_operational_daily.csv,OPD-HOSP-001-DEPT-ED-20260609,PEX-KPI-DCF120177644
ISS-kpi_005-8A41A19F,Info,PROVISIONAL_DENOMINATOR,kpi_005,HOSP-001,DEPT-ED,2026-06-10,Complaint rate denominator is provisional and pending stakeholder approval,processed_operational_daily.csv,OPD-HOSP-001-DEPT-ED-20260610,PEX-KPI-DCF120177644
ISS-kpi_005-4C4706D0,Info,PROVISIONAL_DENOMINATOR,kpi_005,HOSP-001,DEPT-ED,2026-06-11,Complaint rate denominator is provisional and pending stakeholder approval,processed_operational_daily.csv,OPD-HOSP-001-DEPT-ED-20260611,PEX-KPI-DCF120177644
ISS-kpi_005-47B68627,Info,PROVISIONAL_DENOMINATOR,kpi_005,HOSP-001,DEPT-ED,2026-06-12,Complaint rate denominator is provisional and pending stakeholder approval,processed_operational_daily.csv,OPD-HOSP-001-DEPT-ED-20260612,PEX-KPI-DCF120177644
ISS-kpi_005-C4E7E17F,Info,PROVISIONAL_DENOMINATOR,kpi_005,HOSP-001,DEPT-ED,2026-06-13,Complaint rate denominator is provisional and pending stakeholder approval,processed_operational_daily.csv,OPD-HOSP-001-DEPT-ED-20260613,PEX-KPI-DCF120177644
ISS-kpi_005-F14B523D,Info,PROVISIONAL_DENOMINATOR,kpi_005,HOSP-001,DEPT-ED,2026-06-14,Complaint rate denominator is provisional and pending stakeholder approval,processed_operational_daily.csv,OPD-HOSP-001-DEPT-ED-20260614,PEX-KPI-DCF120177644
ISS-kpi_006-2A9A2A5F,Warning,ZERO_DENOMINATOR,kpi_006,HOSP-001,DEPT-ED,2026-06-14,Zero denominator for kpi_006,processed_operational_daily.csv,OPD-HOSP-001-DEPT-ED-20260614,PEX-KPI-DCF120177644
ISS-kpi_005-82877A8F,Info,PROVISIONAL_DENOMINATOR,kpi_005,HOSP-001,DEPT-ED,2026-06-15,Complaint rate denominator is provisional and pending stakeholder approval,processed_operational_daily.csv,OPD-HOSP-001-DEPT-ED-20260615,PEX-KPI-DCF120177644
ISS-kpi_005-0C3B945D,Info,PROVISIONAL_DENOMINATOR,kpi_005,HOSP-001,DEPT-ED,2026-06-16,Complaint rate denominator is provisional and pending stakeholder approval,processed_operational_daily.csv,OPD-HOSP-001-DEPT-ED-20260616,PEX-KPI-DCF120177644
ISS-kpi_005-E93960F6,Info,PROVISIONAL_DENOMINATOR,kpi_005,HOSP-001,DEPT-ED,2026-06-17,Complaint rate denominator is provisional and pending stakeholder approval,processed_operational_daily.csv,OPD-HOSP-001-DEPT-ED-20260617,PEX-KPI-DCF120177644
ISS-kpi_005-80770C9F,Warning,INSUFFICIENT_DATA,kpi_005,HOSP-001,DEPT-ED,2026-06-18,Insufficient data for kpi_005,processed_operational_daily.csv,OPD-HOSP-001-DEPT-ED-20260618,PEX-KPI-DCF120177644
ISS-kpi_006-E65C3F53,Warning,INSUFFICIENT_DATA,kpi_006,HOSP-001,DEPT-ED,2026-06-18,Insufficient data for kpi_006,processed_operational_daily.csv,OPD-HOSP-001-DEPT-ED-20260618,PEX-KPI-DCF120177644
ISS-kpi_005-5BA9BE01,Info,PROVISIONAL_DENOMINATOR,kpi_005,HOSP-001,DEPT-ED,2026-06-19,Complaint rate denominator is provisional and pending stakeholder approval,processed_operational_daily.csv,OPD-HOSP-001-DEPT-ED-20260619,PEX-KPI-DCF120177644
ISS-kpi_005-26490FC3,Info,PROVISIONAL_DENOMINATOR,kpi_005,HOSP-001,DEPT-ED,2026-06-20,Complaint rate denominator is provisional and pending stakeholder approval,processed_operational_daily.csv,OPD-HOSP-001-DEPT-ED-20260620,PEX-KPI-DCF120177644
ISS-kpi_005-93BF4D38,Info,PROVISIONAL_DENOMINATOR,kpi_005,HOSP-001,DEPT-ED,2026-06-21,Complaint rate denominator is provisional and pending stakeholder approval,processed_operational_daily.csv,OPD-HOSP-001-DEPT-ED-20260621,PEX-KPI-DCF120177644
ISS-kpi_005-6D535547,Info,PROVISIONAL_DENOMINATOR,kpi_005,HOSP-001,DEPT-ED,2026-06-22,Complaint rate denominator is provisional and pending stakeholder approval,processed_operational_daily.csv,OPD-HOSP-001-DEPT-ED-20260622,PEX-KPI-DCF120177644
ISS-kpi_005-E84108D6,Warning,INSUFFICIENT_DATA,kpi_005,HOSP-001,DEPT-ED,2026-06-23,Insufficient data for kpi_005,processed_operational_daily.csv,OPD-HOSP-001-DEPT-ED-20260623,PEX-KPI-DCF120177644
ISS-kpi_006-CF398B91,Warning,INSUFFICIENT_DATA,kpi_006,HOSP-001,DEPT-ED,2026-06-23,Insufficient data for kpi_006,processed_operational_daily.csv,OPD-HOSP-001-DEPT-ED-20260623,PEX-KPI-DCF120177644
ISS-kpi_005-02155325,Info,PROVISIONAL_DENOMINATOR,kpi_005,HOSP-001,DEPT-ED,2026-06-24,Complaint rate denominator is provisional and pending stakeholder approval,processed_operational_daily.csv,OPD-HOSP-001-DEPT-ED-20260624,PEX-KPI-DCF120177644
ISS-kpi_005-4D561862,Info,PROVISIONAL_DENOMINATOR,kpi_005,HOSP-001,DEPT-ED,2026-06-25,Complaint rate denominator is provisional and pending stakeholder approval,processed_operational_daily.csv,OPD-HOSP-001-DEPT-ED-20260625,PEX-KPI-DCF120177644
ISS-kpi_005-9188178F,Warning,INSUFFICIENT_DATA,kpi_005,HOSP-001,DEPT-ED,2026-06-26,Insufficient data for kpi_005,processed_operational_daily.csv,OPD-HOSP-001-DEPT-ED-20260626,PEX-KPI-DCF120177644
ISS-kpi_006-577CF492,Warning,INSUFFICIENT_DATA,kpi_006,HOSP-001,DEPT-ED,2026-06-26,Insufficient data for kpi_006,processed_operational_daily.csv,OPD-HOSP-001-DEPT-ED-20260626,PEX-KPI-DCF120177644
ISS-kpi_005-369C9066,Info,PROVISIONAL_DENOMINATOR,kpi_005,HOSP-001,DEPT-ED,2026-06-27,Complaint rate denominator is provisional and pending stakeholder approval,processed_operational_daily.csv,OPD-HOSP-001-DEPT-ED-20260627,PEX-KPI-DCF120177644
ISS-kpi_005-42A5745D,Info,PROVISIONAL_DENOMINATOR,kpi_005,HOSP-001,DEPT-ED,2026-06-28,Complaint rate denominator is provisional and pending stakeholder approval,processed_operational_daily.csv,OPD-HOSP-001-DEPT-ED-20260628,PEX-KPI-DCF120177644
ISS-kpi_005-43A09FF2,Info,PROVISIONAL_DENOMINATOR,kpi_005,HOSP-001,DEPT-ED,2026-06-29,Complaint rate denominator is provisional and pending stakeholder approval,processed_operational_daily.csv,OPD-HOSP-001-DEPT-ED-20260629,PEX-KPI-DCF120177644
ISS-kpi_005-6403136C,Info,PROVISIONAL_DENOMINATOR,kpi_005,HOSP-001,DEPT-ED,2026-06-30,Complaint rate denominator is provisional and pending stakeholder approval,processed_operational_daily.csv,OPD-HOSP-001-DEPT-ED-20260630,PEX-KPI-DCF120177644
ISS-kpi_005-4D418E95,Info,PROVISIONAL_DENOMINATOR,kpi_005,HOSP-001,DEPT-ED,2026-07-01,Complaint rate denominator is provisional and pending stakeholder approval,processed_operational_daily.csv,OPD-HOSP-001-DEPT-ED-20260701,PEX-KPI-DCF120177644
ISS-kpi_005-02AAAAE1,Info,PROVISIONAL_DENOMINATOR,kpi_005,HOSP-001,DEPT-ED,2026-07-02,Complaint rate denominator is provisional and pending stakeholder approval,processed_operational_daily.csv,OPD-HOSP-001-DEPT-ED-20260702,PEX-KPI-DCF120177644
ISS-kpi_005-4AC47415,Info,PROVISIONAL_DENOMINATOR,kpi_005,HOSP-001,DEPT-ED,2026-07-03,Complaint rate denominator is provisional and pending stakeholder approval,processed_operational_daily.csv,OPD-HOSP-001-DEPT-ED-20260703,PEX-KPI-DCF120177644
ISS-kpi_005-2CFDA4EB,Info,PROVISIONAL_DENOMINATOR,kpi_005,HOSP-001,DEPT-ED,2026-07-04,Complaint rate denominator is provisional and pending stakeholder approval,processed_operational_daily.csv,OPD-HOSP-001-DEPT-ED-20260704,PEX-KPI-DCF120177644
ISS-kpi_006-FAB037EF,Warning,ZERO_DENOMINATOR,kpi_006,HOSP-001,DEPT-ED,2026-07-04,Zero denominator for kpi_006,processed_operational_daily.csv,OPD-HOSP-001-DEPT-ED-20260704,PEX-KPI-DCF120177644
ISS-kpi_005-4A1C2565,Info,PROVISIONAL_DENOMINATOR,kpi_005,HOSP-001,DEPT-ED,2026-07-05,Complaint rate denominator is provisional and pending stakeholder approval,processed_operational_daily.csv,OPD-HOSP-001-DEPT-ED-20260705,PEX-KPI-DCF120177644
ISS-kpi_005-DE13DCA4,Info,PROVISIONAL_DENOMINATOR,kpi_005,HOSP-001,DEPT-ED,2026-07-06,Complaint rate denominator is provisional and pending stakeholder approval,processed_operational_daily.csv,OPD-HOSP-001-DEPT-ED-20260706,PEX-KPI-DCF120177644
ISS-kpi_005-DE482536,Info,PROVISIONAL_DENOMINATOR,kpi_005,HOSP-001,DEPT-ED,2026-07-07,Complaint rate denominator is provisional and pending stakeholder approval,processed_operational_daily.csv,OPD-HOSP-001-DEPT-ED-20260707,PEX-KPI-DCF120177644
ISS-kpi_005-B01C8E81,Info,PROVISIONAL_DENOMINATOR,kpi_005,HOSP-001,DEPT-ED,2026-07-08,Complaint rate denominator is provisional and pending stakeholder approval,processed_operational_daily.csv,OPD-HOSP-001-DEPT-ED-20260708,PEX-KPI-DCF120177644
ISS-kpi_005-A29F6444,Info,PROVISIONAL_DENOMINATOR,kpi_005,HOSP-001,DEPT-ED,2026-07-09,Complaint rate denominator is provisional and pending stakeholder approval,processed_operational_daily.csv,OPD-HOSP-001-DEPT-ED-20260709,PEX-KPI-DCF120177644
ISS-kpi_006-6215EC51,Warning,ZERO_DENOMINATOR,kpi_006,HOSP-001,DEPT-ED,2026-07-09,Zero denominator for kpi_006,processed_operational_daily.csv,OPD-HOSP-001-DEPT-ED-20260709,PEX-KPI-DCF120177644
ISS-kpi_005-B6D66462,Info,PROVISIONAL_DENOMINATOR,kpi_005,HOSP-001,DEPT-ED,2026-07-10,Complaint rate denominator is provisional and pending stakeholder approval,processed_operational_daily.csv,OPD-HOSP-001-DEPT-ED-20260710,PEX-KPI-DCF120177644
ISS-kpi_005-E9C5E375,Info,PROVISIONAL_DENOMINATOR,kpi_005,HOSP-001,DEPT-ED,2026-07-11,Complaint rate denominator is provisional and pending stakeholder approval,processed_operational_daily.csv,OPD-HOSP-001-DEPT-ED-20260711,PEX-KPI-DCF120177644
ISS-kpi_005-1FA2ADF2,Info,PROVISIONAL_DENOMINATOR,kpi_005,HOSP-001,DEPT-ED,2026-07-12,Complaint rate denominator is provisional and pending stakeholder approval,processed_operational_daily.csv,OPD-HOSP-001-DEPT-ED-20260712,PEX-KPI-DCF120177644
ISS-kpi_005-A8A6EF05,Info,PROVISIONAL_DENOMINATOR,kpi_005,HOSP-001,DEPT-ED,2026-07-13,Complaint rate denominator is provisional and pending stakeholder approval,processed_operational_daily.csv,OPD-HOSP-001-DEPT-ED-20260713,PEX-KPI-DCF120177644
ISS-kpi_005-36D1B11C,Info,PROVISIONAL_DENOMINATOR,kpi_005,HOSP-001,DEPT-ED,2026-07-14,Complaint rate denominator is provisional and pending stakeholder approval,processed_operational_daily.csv,OPD-HOSP-001-DEPT-ED-20260714,PEX-KPI-DCF120177644
ISS-kpi_005-28E581E6,Info,PROVISIONAL_DENOMINATOR,kpi_005,HOSP-001,DEPT-ED,2026-07-15,Complaint rate denominator is provisional and pending stakeholder approval,processed_operational_daily.csv,OPD-HOSP-001-DEPT-ED-20260715,PEX-KPI-DCF120177644
ISS-kpi_005-0A4D6FD0,Info,PROVISIONAL_DENOMINATOR,kpi_005,HOSP-001,DEPT-ED,2026-07-16,Complaint rate denominator is provisional and pending stakeholder approval,processed_operational_daily.csv,OPD-HOSP-001-DEPT-ED-20260716,PEX-KPI-DCF120177644
ISS-kpi_006-66AEFE74,Warning,ZERO_DENOMINATOR,kpi_006,HOSP-001,DEPT-ED,2026-07-16,Zero denominator for kpi_006,processed_operational_daily.csv,OPD-HOSP-001-DEPT-ED-20260716,PEX-KPI-DCF120177644
ISS-kpi_005-BB316E76,Info,PROVISIONAL_DENOMINATOR,kpi_005,HOSP-001,DEPT-ED,2026-07-17,Complaint rate denominator is provisional and pending stakeholder approval,processed_operational_daily.csv,OPD-HOSP-001-DEPT-ED-20260717,PEX-KPI-DCF120177644
ISS-kpi_005-BB6C7AA6,Info,PROVISIONAL_DENOMINATOR,kpi_005,HOSP-001,DEPT-ED,2026-07-18,Complaint rate denominator is provisional and pending stakeholder approval,processed_operational_daily.csv,OPD-HOSP-001-DEPT-ED-20260718,PEX-KPI-DCF120177644
ISS-kpi_005-76DA5241,Info,PROVISIONAL_DENOMINATOR,kpi_005,HOSP-001,DEPT-ED,2026-07-19,Complaint rate denominator is provisional and pending stakeholder approval,processed_operational_daily.csv,OPD-HOSP-001-DEPT-ED-20260719,PEX-KPI-DCF120177644
ISS-kpi_005-9A863545,Info,PROVISIONAL_DENOMINATOR,kpi_005,HOSP-001,DEPT-ED,2026-07-20,Complaint rate denominator is provisional and pending stakeholder approval,processed_operational_daily.csv,OPD-HOSP-001-DEPT-ED-20260720,PEX-KPI-DCF120177644
ISS-kpi_005-796AF27A,Info,PROVISIONAL_DENOMINATOR,kpi_005,HOSP-001,DEPT-ED,2026-07-21,Complaint rate denominator is provisional and pending stakeholder approval,processed_operational_daily.csv,OPD-HOSP-001-DEPT-ED-20260721,PEX-KPI-DCF120177644
ISS-kpi_005-956CF857,Info,PROVISIONAL_DENOMINATOR,kpi_005,HOSP-001,DEPT-ED,2026-07-22,Complaint rate denominator is provisional and pending stakeholder approval,processed_operational_daily.csv,OPD-HOSP-001-DEPT-ED-20260722,PEX-KPI-DCF120177644
ISS-kpi_005-B0E4413C,Info,PROVISIONAL_DENOMINATOR,kpi_005,HOSP-001,DEPT-ED,2026-07-23,Complaint rate denominator is provisional and pending stakeholder approval,processed_operational_daily.csv,OPD-HOSP-001-DEPT-ED-20260723,PEX-KPI-DCF120177644
ISS-kpi_005-66C5384A,Info,PROVISIONAL_DENOMINATOR,kpi_005,HOSP-001,DEPT-ED,2026-07-24,Complaint rate denominator is provisional and pending stakeholder approval,processed_operational_daily.csv,OPD-HOSP-001-DEPT-ED-20260724,PEX-KPI-DCF120177644
ISS-kpi_005-8FB4FF44,Info,PROVISIONAL_DENOMINATOR,kpi_005,HOSP-001,DEPT-ED,2026-07-25,Complaint rate denominator is provisional and pending stakeholder approval,processed_operational_daily.csv,OPD-HOSP-001-DEPT-ED-20260725,PEX-KPI-DCF120177644
ISS-kpi_005-E6CBC991,Info,PROVISIONAL_DENOMINATOR,kpi_005,HOSP-001,DEPT-ED,2026-07-26,Complaint rate denominator is provisional and pending stakeholder approval,processed_operational_daily.csv,OPD-HOSP-001-DEPT-ED-20260726,PEX-KPI-DCF120177644
ISS-kpi_005-7D36CA55,Info,PROVISIONAL_DENOMINATOR,kpi_005,HOSP-001,DEPT-ED,2026-07-27,Complaint rate denominator is provisional and pending stakeholder approval,processed_operational_daily.csv,OPD-HOSP-001-DEPT-ED-20260727,PEX-KPI-DCF120177644
ISS-kpi_005-25D49F06,Warning,INSUFFICIENT_DATA,kpi_005,HOSP-001,DEPT-ED,2026-07-28,Insufficient data for kpi_005,processed_operational_daily.csv,OPD-HOSP-001-DEPT-ED-20260728,PEX-KPI-DCF120177644
ISS-kpi_006-3544EBAB,Warning,INSUFFICIENT_DATA,kpi_006,HOSP-001,DEPT-ED,2026-07-28,Insufficient data for kpi_006,processed_operational_daily.csv,OPD-HOSP-001-DEPT-ED-20260728,PEX-KPI-DCF120177644
ISS-kpi_005-0F2B1A4F,Info,PROVISIONAL_DENOMINATOR,kpi_005,HOSP-001,DEPT-ED,2026-07-29,Complaint rate denominator is provisional and pending stakeholder approval,processed_operational_daily.csv,OPD-HOSP-001-DEPT-ED-20260729,PEX-KPI-DCF120177644
ISS-kpi_005-379EEDF6,Info,PROVISIONAL_DENOMINATOR,kpi_005,HOSP-001,DEPT-ED,2026-07-30,Complaint rate denominator is provisional and pending stakeholder approval,processed_operational_daily.csv,OPD-HOSP-001-DEPT-ED-20260730,PEX-KPI-DCF120177644
ISS-kpi_005-505B38B7,Info,PROVISIONAL_DENOMINATOR,kpi_005,HOSP-001,DEPT-ED,2026-07-31,Complaint rate denominator is provisional and pending stakeholder approval,processed_operational_daily.csv,OPD-HOSP-001-DEPT-ED-20260731,PEX-KPI-DCF120177644
ISS-kpi_005-3A47D36F,Info,PROVISIONAL_DENOMINATOR,kpi_005,HOSP-001,DEPT-ED,2026-08-01,Complaint rate denominator is provisional and pending stakeholder approval,processed_operational_daily.csv,OPD-HOSP-001-DEPT-ED-20260801,PEX-KPI-DCF120177644
ISS-kpi_005-EF5AB089,Info,PROVISIONAL_DENOMINATOR,kpi_005,HOSP-001,DEPT-ED,2026-08-02,Complaint rate denominator is provisional and pending stakeholder approval,processed_operational_daily.csv,OPD-HOSP-001-DEPT-ED-20260802,PEX-KPI-DCF120177644
ISS-kpi_005-56FDB8CE,Info,PROVISIONAL_DENOMINATOR,kpi_005,HOSP-001,DEPT-ED,2026-08-03,Complaint rate denominator is provisional and pending stakeholder approval,processed_operational_daily.csv,OPD-HOSP-001-DEPT-ED-20260803,PEX-KPI-DCF120177644
ISS-kpi_005-1BEE929F,Warning,INSUFFICIENT_DATA,kpi_005,HOSP-001,DEPT-ED,2026-08-04,Insufficient data for kpi_005,processed_operational_daily.csv,OPD-HOSP-001-DEPT-ED-20260804,PEX-KPI-DCF120177644
ISS-kpi_006-C3B8FAA5,Warning,INSUFFICIENT_DATA,kpi_006,HOSP-001,DEPT-ED,2026-08-04,Insufficient data for kpi_006,processed_operational_daily.csv,OPD-HOSP-001-DEPT-ED-20260804,PEX-KPI-DCF120177644
ISS-kpi_005-C0DFADBD,Info,PROVISIONAL_DENOMINATOR,kpi_005,HOSP-001,DEPT-ED,2026-08-05,Complaint rate denominator is provisional and pending stakeholder approval,processed_operational_daily.csv,OPD-HOSP-001-DEPT-ED-20260805,PEX-KPI-DCF120177644
ISS-kpi_005-09980ECE,Info,PROVISIONAL_DENOMINATOR,kpi_005,HOSP-001,DEPT-ED,2026-08-06,Complaint rate denominator is provisional and pending stakeholder approval,processed_operational_daily.csv,OPD-HOSP-001-DEPT-ED-20260806,PEX-KPI-DCF120177644
ISS-kpi_005-C3D54BBB,Info,PROVISIONAL_DENOMINATOR,kpi_005,HOSP-001,DEPT-ED,2026-08-07,Complaint rate denominator is provisional and pending stakeholder approval,processed_operational_daily.csv,OPD-HOSP-001-DEPT-ED-20260807,PEX-KPI-DCF120177644
ISS-kpi_005-303BD682,Info,PROVISIONAL_DENOMINATOR,kpi_005,HOSP-001,DEPT-ED,2026-08-08,Complaint rate denominator is provisional and pending stakeholder approval,processed_operational_daily.csv,OPD-HOSP-001-DEPT-ED-20260808,PEX-KPI-DCF120177644
ISS-kpi_005-ADAA6E37,Info,PROVISIONAL_DENOMINATOR,kpi_005,HOSP-001,DEPT-ED,2026-08-09,Complaint rate denominator is provisional and pending stakeholder approval,processed_operational_daily.csv,OPD-HOSP-001-DEPT-ED-20260809,PEX-KPI-DCF120177644
ISS-kpi_005-9542D6A9,Info,PROVISIONAL_DENOMINATOR,kpi_005,HOSP-001,DEPT-ED,2026-08-10,Complaint rate denominator is provisional and pending stakeholder approval,processed_operational_daily.csv,OPD-HOSP-001-DEPT-ED-20260810,PEX-KPI-DCF120177644
ISS-kpi_005-2977483D,Info,PROVISIONAL_DENOMINATOR,kpi_005,HOSP-001,DEPT-ED,2026-08-11,Complaint rate denominator is provisional and pending stakeholder approval,processed_operational_daily.csv,OPD-HOSP-001-DEPT-ED-20260811,PEX-KPI-DCF120177644
ISS-kpi_005-AD60CA88,Info,PROVISIONAL_DENOMINATOR,kpi_005,HOSP-001,DEPT-ED,2026-08-12,Complaint rate denominator is provisional and pending stakeholder approval,processed_operational_daily.csv,OPD-HOSP-001-DEPT-ED-20260812,PEX-KPI-DCF120177644
ISS-kpi_005-3FAFE22A,Info,PROVISIONAL_DENOMINATOR,kpi_005,HOSP-001,DEPT-ED,2026-08-13,Complaint rate denominator is provisional and pending stakeholder approval,processed_operational_daily.csv,OPD-HOSP-001-DEPT-ED-20260813,PEX-KPI-DCF120177644
ISS-kpi_006-264C0BF6,Warning,ZERO_DENOMINATOR,kpi_006,HOSP-001,DEPT-ED,2026-08-13,Zero denominator for kpi_006,processed_operational_daily.csv,OPD-HOSP-001-DEPT-ED-20260813,PEX-KPI-DCF120177644
ISS-kpi_005-CA8E1C1C,Info,PROVISIONAL_DENOMINATOR,kpi_005,HOSP-001,DEPT-ED,2026-08-14,Complaint rate denominator is provisional and pending stakeholder approval,processed_operational_daily.csv,OPD-HOSP-001-DEPT-ED-20260814,PEX-KPI-DCF120177644
ISS-kpi_005-FEC6FB43,Info,PROVISIONAL_DENOMINATOR,kpi_005,HOSP-001,DEPT-ED,2026-08-15,Complaint rate denominator is provisional and pending stakeholder approval,processed_operational_daily.csv,OPD-HOSP-001-DEPT-ED-20260815,PEX-KPI-DCF120177644
ISS-kpi_005-EF5950C5,Warning,INSUFFICIENT_DATA,kpi_005,HOSP-001,DEPT-ED,2026-08-16,Insufficient data for kpi_005,processed_operational_daily.csv,OPD-HOSP-001-DEPT-ED-20260816,PEX-KPI-DCF120177644
ISS-kpi_006-47EEE13F,Warning,INSUFFICIENT_DATA,kpi_006,HOSP-001,DEPT-ED,2026-08-16,Insufficient data for kpi_006,processed_operational_daily.csv,OPD-HOSP-001-DEPT-ED-20260816,PEX-KPI-DCF120177644
ISS-kpi_005-387ADB8C,Warning,INSUFFICIENT_DATA,kpi_005,HOSP-001,DEPT-ED,2026-08-17,Insufficient data for kpi_005,processed_operational_daily.csv,OPD-HOSP-001-DEPT-ED-20260817,PEX-KPI-DCF120177644
ISS-kpi_006-2E5850F6,Warning,INSUFFICIENT_DATA,kpi_006,HOSP-001,DEPT-ED,2026-08-17,Insufficient data for kpi_006,processed_operational_daily.csv,OPD-HOSP-001-DEPT-ED-20260817,PEX-KPI-DCF120177644
ISS-kpi_005-62F1A536,Info,PROVISIONAL_DENOMINATOR,kpi_005,HOSP-001,DEPT-ED,2026-08-18,Complaint rate denominator is provisional and pending stakeholder approval,processed_operational_daily.csv,OPD-HOSP-001-DEPT-ED-20260818,PEX-KPI-DCF120177644
ISS-kpi_005-5AD144BD,Info,PROVISIONAL_DENOMINATOR,kpi_005,HOSP-001,DEPT-ED,2026-08-19,Complaint rate denominator is provisional and pending stakeholder approval,processed_operational_daily.csv,OPD-HOSP-001-DEPT-ED-20260819,PEX-KPI-DCF120177644
ISS-kpi_005-6E0ABAD8,Info,PROVISIONAL_DENOMINATOR,kpi_005,HOSP-001,DEPT-ED,2026-08-20,Complaint rate denominator is provisional and pending stakeholder approval,processed_operational_daily.csv,OPD-HOSP-001-DEPT-ED-20260820,PEX-KPI-DCF120177644
ISS-kpi_005-F709B5B5,Info,PROVISIONAL_DENOMINATOR,kpi_005,HOSP-001,DEPT-ED,2026-08-21,Complaint rate denominator is provisional and pending stakeholder approval,processed_operational_daily.csv,OPD-HOSP-001-DEPT-ED-20260821,PEX-KPI-DCF120177644
ISS-kpi_005-7810CC8C,Warning,INSUFFICIENT_DATA,kpi_005,HOSP-001,DEPT-ED,2026-08-22,Insufficient data for kpi_005,processed_operational_daily.csv,OPD-HOSP-001-DEPT-ED-20260822,PEX-KPI-DCF120177644
ISS-kpi_006-92E357D3,Warning,INSUFFICIENT_DATA,kpi_006,HOSP-001,DEPT-ED,2026-08-22,Insufficient data for kpi_006,processed_operational_daily.csv,OPD-HOSP-001-DEPT-ED-20260822,PEX-KPI-DCF120177644
ISS-kpi_005-C6C93ACF,Info,PROVISIONAL_DENOMINATOR,kpi_005,HOSP-001,DEPT-ED,2026-08-23,Complaint rate denominator is provisional and pending stakeholder approval,processed_operational_daily.csv,OPD-HOSP-001-DEPT-ED-20260823,PEX-KPI-DCF120177644
ISS-kpi_006-C2BA907D,Warning,ZERO_DENOMINATOR,kpi_006,HOSP-001,DEPT-ED,2026-08-23,Zero denominator for kpi_006,processed_operational_daily.csv,OPD-HOSP-001-DEPT-ED-20260823,PEX-KPI-DCF120177644
ISS-kpi_005-E4BEBF5C,Info,PROVISIONAL_DENOMINATOR,kpi_005,HOSP-001,DEPT-ED,2026-08-24,Complaint rate denominator is provisional and pending stakeholder approval,processed_operational_daily.csv,OPD-HOSP-001-DEPT-ED-20260824,PEX-KPI-DCF120177644
ISS-kpi_005-CD5CE12D,Info,PROVISIONAL_DENOMINATOR,kpi_005,HOSP-001,DEPT-ED,2026-08-25,Complaint rate denominator is provisional and pending stakeholder approval,processed_operational_daily.csv,OPD-HOSP-001-DEPT-ED-20260825,PEX-KPI-DCF120177644
ISS-kpi_005-AACA607B,Info,PROVISIONAL_DENOMINATOR,kpi_005,HOSP-001,DEPT-ED,2026-08-26,Complaint rate denominator is provisional and pending stakeholder approval,processed_operational_daily.csv,OPD-HOSP-001-DEPT-ED-20260826,PEX-KPI-DCF120177644
ISS-kpi_006-73E07E0C,Warning,ZERO_DENOMINATOR,kpi_006,HOSP-001,DEPT-ED,2026-08-26,Zero denominator for kpi_006,processed_operational_daily.csv,OPD-HOSP-001-DEPT-ED-20260826,PEX-KPI-DCF120177644
ISS-kpi_005-D86C3D80,Info,PROVISIONAL_DENOMINATOR,kpi_005,HOSP-001,DEPT-ED,2026-08-27,Complaint rate denominator is provisional and pending stakeholder approval,processed_operational_daily.csv,OPD-HOSP-001-DEPT-ED-20260827,PEX-KPI-DCF120177644
ISS-kpi_005-E71FE234,Info,PROVISIONAL_DENOMINATOR,kpi_005,HOSP-001,DEPT-ED,2026-08-28,Complaint rate denominator is provisional and pending stakeholder approval,processed_operational_daily.csv,OPD-HOSP-001-DEPT-ED-20260828,PEX-KPI-DCF120177644
ISS-kpi_005-88FB70E7,Info,PROVISIONAL_DENOMINATOR,kpi_005,HOSP-001,DEPT-ED,2026-08-29,Complaint rate denominator is provisional and pending stakeholder approval,processed_operational_daily.csv,OPD-HOSP-001-DEPT-ED-20260829,PEX-KPI-DCF120177644
ISS-kpi_005-88A33252,Info,PROVISIONAL_DENOMINATOR,kpi_005,HOSP-001,DEPT-ED,2026-08-30,Complaint rate denominator is provisional and pending stakeholder approval,processed_operational_daily.csv,OPD-HOSP-001-DEPT-ED-20260830,PEX-KPI-DCF120177644
ISS-kpi_005-6370F5F8,Info,PROVISIONAL_DENOMINATOR,kpi_005,HOSP-001,DEPT-ED,2026-08-31,Complaint rate denominator is provisional and pending stakeholder approval,processed_operational_daily.csv,OPD-HOSP-001-DEPT-ED-20260831,PEX-KPI-DCF120177644
ISS-kpi_005-E167D611,Warning,INSUFFICIENT_DATA,kpi_005,HOSP-001,DEPT-ED,2026-09-01,Insufficient data for kpi_005,processed_operational_daily.csv,OPD-HOSP-001-DEPT-ED-20260901,PEX-KPI-DCF120177644
ISS-kpi_006-FA122358,Warning,INSUFFICIENT_DATA,kpi_006,HOSP-001,DEPT-ED,2026-09-01,Insufficient data for kpi_006,processed_operational_daily.csv,OPD-HOSP-001-DEPT-ED-20260901,PEX-KPI-DCF120177644
ISS-kpi_005-E5C6C8CC,Info,PROVISIONAL_DENOMINATOR,kpi_005,HOSP-001,DEPT-ED,2026-09-02,Complaint rate denominator is provisional and pending stakeholder approval,processed_operational_daily.csv,OPD-HOSP-001-DEPT-ED-20260902,PEX-KPI-DCF120177644
ISS-kpi_005-3C6EF298,Info,PROVISIONAL_DENOMINATOR,kpi_005,HOSP-001,DEPT-ED,2026-09-03,Complaint rate denominator is provisional and pending stakeholder approval,processed_operational_daily.csv,OPD-HOSP-001-DEPT-ED-20260903,PEX-KPI-DCF120177644
ISS-kpi_006-9344D5E7,Warning,ZERO_DENOMINATOR,kpi_006,HOSP-001,DEPT-ED,2026-09-03,Zero denominator for kpi_006,processed_operational_daily.csv,OPD-HOSP-001-DEPT-ED-20260903,PEX-KPI-DCF120177644
ISS-kpi_005-84AFA1E2,Info,PROVISIONAL_DENOMINATOR,kpi_005,HOSP-001,DEPT-ED,2026-09-04,Complaint rate denominator is provisional and pending stakeholder approval,processed_operational_daily.csv,OPD-HOSP-001-DEPT-ED-20260904,PEX-KPI-DCF120177644
ISS-kpi_006-6FB2498A,Warning,ZERO_DENOMINATOR,kpi_006,HOSP-001,DEPT-ED,2026-09-04,Zero denominator for kpi_006,processed_operational_daily.csv,OPD-HOSP-001-DEPT-ED-20260904,PEX-KPI-DCF120177644
ISS-kpi_005-13FDD51B,Info,PROVISIONAL_DENOMINATOR,kpi_005,HOSP-001,DEPT-ED,2026-09-05,Complaint rate denominator is provisional and pending stakeholder approval,processed_operational_daily.csv,OPD-HOSP-001-DEPT-ED-20260905,PEX-KPI-DCF120177644
ISS-kpi_005-7E934C3B,Info,PROVISIONAL_DENOMINATOR,kpi_005,HOSP-001,DEPT-ED,2026-09-06,Complaint rate denominator is provisional and pending stakeholder approval,processed_operational_daily.csv,OPD-HOSP-001-DEPT-ED-20260906,PEX-KPI-DCF120177644
ISS-kpi_005-4B1786D9,Warning,INSUFFICIENT_DATA,kpi_005,HOSP-001,DEPT-ED,2026-09-07,Insufficient data for kpi_005,processed_operational_daily.csv,OPD-HOSP-001-DEPT-ED-20260907,PEX-KPI-DCF120177644
ISS-kpi_006-70706EA6,Warning,INSUFFICIENT_DATA,kpi_006,HOSP-001,DEPT-ED,2026-09-07,Insufficient data for kpi_006,processed_operational_daily.csv,OPD-HOSP-001-DEPT-ED-20260907,PEX-KPI-DCF120177644
ISS-kpi_005-14B74A72,Info,PROVISIONAL_DENOMINATOR,kpi_005,HOSP-001,DEPT-ED,2026-09-08,Complaint rate denominator is provisional and pending stakeholder approval,processed_operational_daily.csv,OPD-HOSP-001-DEPT-ED-20260908,PEX-KPI-DCF120177644
ISS-kpi_005-31E456C9,Info,PROVISIONAL_DENOMINATOR,kpi_005,HOSP-001,DEPT-ED,2026-09-09,Complaint rate denominator is provisional and pending stakeholder approval,processed_operational_daily.csv,OPD-HOSP-001-DEPT-ED-20260909,PEX-KPI-DCF120177644
ISS-kpi_005-19462266,Info,PROVISIONAL_DENOMINATOR,kpi_005,HOSP-001,DEPT-ED,2026-09-10,Complaint rate denominator is provisional and pending stakeholder approval,processed_operational_daily.csv,OPD-HOSP-001-DEPT-ED-20260910,PEX-KPI-DCF120177644
ISS-kpi_005-F0F63D07,Info,PROVISIONAL_DENOMINATOR,kpi_005,HOSP-001,DEPT-ED,2026-09-11,Complaint rate denominator is provisional and pending stakeholder approval,processed_operational_daily.csv,OPD-HOSP-001-DEPT-ED-20260911,PEX-KPI-DCF120177644
ISS-kpi_005-40ADB065,Info,PROVISIONAL_DENOMINATOR,kpi_005,HOSP-001,DEPT-ED,2026-09-12,Complaint rate denominator is provisional and pending stakeholder approval,processed_operational_daily.csv,OPD-HOSP-001-DEPT-ED-20260912,PEX-KPI-DCF120177644
ISS-kpi_005-83DA592F,Info,PROVISIONAL_DENOMINATOR,kpi_005,HOSP-001,DEPT-ED,2026-09-13,Complaint rate denominator is provisional and pending stakeholder approval,processed_operational_daily.csv,OPD-HOSP-001-DEPT-ED-20260913,PEX-KPI-DCF120177644
ISS-kpi_005-814F387C,Info,PROVISIONAL_DENOMINATOR,kpi_005,HOSP-001,DEPT-ED,2026-09-14,Complaint rate denominator is provisional and pending stakeholder approval,processed_operational_daily.csv,OPD-HOSP-001-DEPT-ED-20260914,PEX-KPI-DCF120177644
ISS-kpi_005-AC776AC8,Info,PROVISIONAL_DENOMINATOR,kpi_005,HOSP-001,DEPT-ED,2026-09-15,Complaint rate denominator is provisional and pending stakeholder approval,processed_operational_daily.csv,OPD-HOSP-001-DEPT-ED-20260915,PEX-KPI-DCF120177644
ISS-kpi_005-7ACE4CDC,Info,PROVISIONAL_DENOMINATOR,kpi_005,HOSP-001,DEPT-ED,2026-09-16,Complaint rate denominator is provisional and pending stakeholder approval,processed_operational_daily.csv,OPD-HOSP-001-DEPT-ED-20260916,PEX-KPI-DCF120177644
ISS-kpi_005-056D5FCB,Info,PROVISIONAL_DENOMINATOR,kpi_005,HOSP-001,DEPT-ED,2026-09-17,Complaint rate denominator is provisional and pending stakeholder approval,processed_operational_daily.csv,OPD-HOSP-001-DEPT-ED-20260917,PEX-KPI-DCF120177644
ISS-kpi_006-9C9FD957,Warning,ZERO_DENOMINATOR,kpi_006,HOSP-001,DEPT-ED,2026-09-17,Zero denominator for kpi_006,processed_operational_daily.csv,OPD-HOSP-001-DEPT-ED-20260917,PEX-KPI-DCF120177644
ISS-kpi_005-F47B90FA,Info,PROVISIONAL_DENOMINATOR,kpi_005,HOSP-001,DEPT-ED,2026-09-18,Complaint rate denominator is provisional and pending stakeholder approval,processed_operational_daily.csv,OPD-HOSP-001-DEPT-ED-20260918,PEX-KPI-DCF120177644
ISS-kpi_005-1A0A1602,Warning,INSUFFICIENT_DATA,kpi_005,HOSP-001,DEPT-ED,2026-09-19,Insufficient data for kpi_005,processed_operational_daily.csv,OPD-HOSP-001-DEPT-ED-20260919,PEX-KPI-DCF120177644
ISS-kpi_006-3CE6CD7A,Warning,INSUFFICIENT_DATA,kpi_006,HOSP-001,DEPT-ED,2026-09-19,Insufficient data for kpi_006,processed_operational_daily.csv,OPD-HOSP-001-DEPT-ED-20260919,PEX-KPI-DCF120177644
ISS-kpi_005-1936C3FA,Warning,INSUFFICIENT_DATA,kpi_005,HOSP-001,DEPT-ED,2026-09-20,Insufficient data for kpi_005,processed_operational_daily.csv,OPD-HOSP-001-DEPT-ED-20260920,PEX-KPI-DCF120177644
ISS-kpi_006-6FAD62DA,Warning,INSUFFICIENT_DATA,kpi_006,HOSP-001,DEPT-ED,2026-09-20,Insufficient data for kpi_006,processed_operational_daily.csv,OPD-HOSP-001-DEPT-ED-20260920,PEX-KPI-DCF120177644
ISS-kpi_005-9E4CF693,Info,PROVISIONAL_DENOMINATOR,kpi_005,HOSP-001,DEPT-ED,2026-09-21,Complaint rate denominator is provisional and pending stakeholder approval,processed_operational_daily.csv,OPD-HOSP-001-DEPT-ED-20260921,PEX-KPI-DCF120177644
ISS-kpi_005-CE15ED45,Info,PROVISIONAL_DENOMINATOR,kpi_005,HOSP-001,DEPT-ED,2026-09-22,Complaint rate denominator is provisional and pending stakeholder approval,processed_operational_daily.csv,OPD-HOSP-001-DEPT-ED-20260922,PEX-KPI-DCF120177644
ISS-kpi_005-24703356,Info,PROVISIONAL_DENOMINATOR,kpi_005,HOSP-001,DEPT-ED,2026-09-23,Complaint rate denominator is provisional and pending stakeholder approval,processed_operational_daily.csv,OPD-HOSP-001-DEPT-ED-20260923,PEX-KPI-DCF120177644
ISS-kpi_005-A4A4BA08,Info,PROVISIONAL_DENOMINATOR,kpi_005,HOSP-001,DEPT-ED,2026-09-24,Complaint rate denominator is provisional and pending stakeholder approval,processed_operational_daily.csv,OPD-HOSP-001-DEPT-ED-20260924,PEX-KPI-DCF120177644
ISS-kpi_005-95EDB029,Warning,INSUFFICIENT_DATA,kpi_005,HOSP-001,DEPT-ED,2026-09-25,Insufficient data for kpi_005,processed_operational_daily.csv,OPD-HOSP-001-DEPT-ED-20260925,PEX-KPI-DCF120177644
ISS-kpi_006-EA77B6EC,Warning,INSUFFICIENT_DATA,kpi_006,HOSP-001,DEPT-ED,2026-09-25,Insufficient data for kpi_006,processed_operational_daily.csv,OPD-HOSP-001-DEPT-ED-20260925,PEX-KPI-DCF120177644
ISS-kpi_005-FAC2F3FC,Info,PROVISIONAL_DENOMINATOR,kpi_005,HOSP-001,DEPT-ED,2026-09-26,Complaint rate denominator is provisional and pending stakeholder approval,processed_operational_daily.csv,OPD-HOSP-001-DEPT-ED-20260926,PEX-KPI-DCF120177644
ISS-kpi_005-7C6436FD,Info,PROVISIONAL_DENOMINATOR,kpi_005,HOSP-001,DEPT-ED,2026-09-27,Complaint rate denominator is provisional and pending stakeholder approval,processed_operational_daily.csv,OPD-HOSP-001-DEPT-ED-20260927,PEX-KPI-DCF120177644
ISS-kpi_005-CBD68C49,Info,PROVISIONAL_DENOMINATOR,kpi_005,HOSP-001,DEPT-ED,2026-09-28,Complaint rate denominator is provisional and pending stakeholder approval,processed_operational_daily.csv,OPD-HOSP-001-DEPT-ED-20260928,PEX-KPI-DCF120177644
ISS-kpi_005-A96D60CF,Info,PROVISIONAL_DENOMINATOR,kpi_005,HOSP-001,DEPT-ED,2026-09-29,Complaint rate denominator is provisional and pending stakeholder approval,processed_operational_daily.csv,OPD-HOSP-001-DEPT-ED-20260929,PEX-KPI-DCF120177644
ISS-kpi_005-5307BD6C,Info,PROVISIONAL_DENOMINATOR,kpi_005,HOSP-001,DEPT-ED,2026-09-30,Complaint rate denominator is provisional and pending stakeholder approval,processed_operational_daily.csv,OPD-HOSP-001-DEPT-ED-20260930,PEX-KPI-DCF120177644
ISS-kpi_005-71081463,Info,PROVISIONAL_DENOMINATOR,kpi_005,HOSP-001,DEPT-ED,2026-10-01,Complaint rate denominator is provisional and pending stakeholder approval,processed_operational_daily.csv,OPD-HOSP-001-DEPT-ED-20261001,PEX-KPI-DCF120177644
ISS-kpi_005-B9160E3D,Info,PROVISIONAL_DENOMINATOR,kpi_005,HOSP-001,DEPT-ED,2026-10-02,Complaint rate denominator is provisional and pending stakeholder approval,processed_operational_daily.csv,OPD-HOSP-001-DEPT-ED-20261002,PEX-KPI-DCF120177644
ISS-kpi_005-6905BB53,Info,PROVISIONAL_DENOMINATOR,kpi_005,HOSP-001,DEPT-ED,2026-10-03,Complaint rate denominator is provisional and pending stakeholder approval,processed_operational_daily.csv,OPD-HOSP-001-DEPT-ED-20261003,PEX-KPI-DCF120177644
ISS-kpi_005-F87E11BE,Info,PROVISIONAL_DENOMINATOR,kpi_005,HOSP-001,DEPT-ED,2026-10-04,Complaint rate denominator is provisional and pending stakeholder approval,processed_operational_daily.csv,OPD-HOSP-001-DEPT-ED-20261004,PEX-KPI-DCF120177644
ISS-kpi_005-92F01C9C,Warning,INSUFFICIENT_DATA,kpi_005,HOSP-001,DEPT-ED,2026-10-05,Insufficient data for kpi_005,processed_operational_daily.csv,OPD-HOSP-001-DEPT-ED-20261005,PEX-KPI-DCF120177644
ISS-kpi_006-F78E7D47,Warning,INSUFFICIENT_DATA,kpi_006,HOSP-001,DEPT-ED,2026-10-05,Insufficient data for kpi_006,processed_operational_daily.csv,OPD-HOSP-001-DEPT-ED-20261005,PEX-KPI-DCF120177644
ISS-kpi_005-08737FD8,Info,PROVISIONAL_DENOMINATOR,kpi_005,HOSP-001,DEPT-ED,2026-10-06,Complaint rate denominator is provisional and pending stakeholder approval,processed_operational_daily.csv,OPD-HOSP-001-DEPT-ED-20261006,PEX-KPI-DCF120177644
ISS-kpi_005-BC6EC607,Info,PROVISIONAL_DENOMINATOR,kpi_005,HOSP-001,DEPT-ED,2026-10-07,Complaint rate denominator is provisional and pending stakeholder approval,processed_operational_daily.csv,OPD-HOSP-001-DEPT-ED-20261007,PEX-KPI-DCF120177644
ISS-kpi_005-B2A6E668,Info,PROVISIONAL_DENOMINATOR,kpi_005,HOSP-001,DEPT-ED,2026-10-08,Complaint rate denominator is provisional and pending stakeholder approval,processed_operational_daily.csv,OPD-HOSP-001-DEPT-ED-20261008,PEX-KPI-DCF120177644
ISS-kpi_005-4784DA40,Info,PROVISIONAL_DENOMINATOR,kpi_005,HOSP-001,DEPT-ED,2026-10-09,Complaint rate denominator is provisional and pending stakeholder approval,processed_operational_daily.csv,OPD-HOSP-001-DEPT-ED-20261009,PEX-KPI-DCF120177644
ISS-kpi_005-380F20E2,Info,PROVISIONAL_DENOMINATOR,kpi_005,HOSP-001,DEPT-ED,2026-10-10,Complaint rate denominator is provisional and pending stakeholder approval,processed_operational_daily.csv,OPD-HOSP-001-DEPT-ED-20261010,PEX-KPI-DCF120177644
ISS-kpi_005-40FD1D29,Info,PROVISIONAL_DENOMINATOR,kpi_005,HOSP-001,DEPT-ED,2026-10-11,Complaint rate denominator is provisional and pending stakeholder approval,processed_operational_daily.csv,OPD-HOSP-001-DEPT-ED-20261011,PEX-KPI-DCF120177644
ISS-kpi_005-581FE109,Info,PROVISIONAL_DENOMINATOR,kpi_005,HOSP-001,DEPT-ED,2026-10-12,Complaint rate denominator is provisional and pending stakeholder approval,processed_operational_daily.csv,OPD-HOSP-001-DEPT-ED-20261012,PEX-KPI-DCF120177644
ISS-kpi_005-F44EF43C,Info,PROVISIONAL_DENOMINATOR,kpi_005,HOSP-001,DEPT-ED,2026-10-13,Complaint rate denominator is provisional and pending stakeholder approval,processed_operational_daily.csv,OPD-HOSP-001-DEPT-ED-20261013,PEX-KPI-DCF120177644
ISS-kpi_005-E0397EFA,Info,PROVISIONAL_DENOMINATOR,kpi_005,HOSP-001,DEPT-ED,2026-10-14,Complaint rate denominator is provisional and pending stakeholder approval,processed_operational_daily.csv,OPD-HOSP-001-DEPT-ED-20261014,PEX-KPI-DCF120177644
ISS-kpi_005-B5020556,Info,PROVISIONAL_DENOMINATOR,kpi_005,HOSP-001,DEPT-ED,2026-10-15,Complaint rate denominator is provisional and pending stakeholder approval,processed_operational_daily.csv,OPD-HOSP-001-DEPT-ED-20261015,PEX-KPI-DCF120177644
ISS-kpi_005-6B0B48F8,Info,PROVISIONAL_DENOMINATOR,kpi_005,HOSP-001,DEPT-ED,2026-10-16,Complaint rate denominator is provisional and pending stakeholder approval,processed_operational_daily.csv,OPD-HOSP-001-DEPT-ED-20261016,PEX-KPI-DCF120177644
ISS-kpi_005-A678840E,Warning,INSUFFICIENT_DATA,kpi_005,HOSP-001,DEPT-ED,2026-10-17,Insufficient data for kpi_005,processed_operational_daily.csv,OPD-HOSP-001-DEPT-ED-20261017,PEX-KPI-DCF120177644
ISS-kpi_006-E3AEB9E9,Warning,INSUFFICIENT_DATA,kpi_006,HOSP-001,DEPT-ED,2026-10-17,Insufficient data for kpi_006,processed_operational_daily.csv,OPD-HOSP-001-DEPT-ED-20261017,PEX-KPI-DCF120177644
ISS-kpi_005-C82C212C,Info,PROVISIONAL_DENOMINATOR,kpi_005,HOSP-001,DEPT-ED,2026-10-18,Complaint rate denominator is provisional and pending stakeholder approval,processed_operational_daily.csv,OPD-HOSP-001-DEPT-ED-20261018,PEX-KPI-DCF120177644
ISS-kpi_005-2984DCA7,Info,PROVISIONAL_DENOMINATOR,kpi_005,HOSP-001,DEPT-ED,2026-10-19,Complaint rate denominator is provisional and pending stakeholder approval,processed_operational_daily.csv,OPD-HOSP-001-DEPT-ED-20261019,PEX-KPI-DCF120177644
ISS-kpi_005-938C6E5E,Info,PROVISIONAL_DENOMINATOR,kpi_005,HOSP-001,DEPT-ED,2026-10-20,Complaint rate denominator is provisional and pending stakeholder approval,processed_operational_daily.csv,OPD-HOSP-001-DEPT-ED-20261020,PEX-KPI-DCF120177644
ISS-kpi_005-4C4F0C3C,Info,PROVISIONAL_DENOMINATOR,kpi_005,HOSP-001,DEPT-ED,2026-10-21,Complaint rate denominator is provisional and pending stakeholder approval,processed_operational_daily.csv,OPD-HOSP-001-DEPT-ED-20261021,PEX-KPI-DCF120177644
ISS-kpi_005-807B4EF2,Info,PROVISIONAL_DENOMINATOR,kpi_005,HOSP-001,DEPT-ED,2026-10-22,Complaint rate denominator is provisional and pending stakeholder approval,processed_operational_daily.csv,OPD-HOSP-001-DEPT-ED-20261022,PEX-KPI-DCF120177644
ISS-kpi_005-46FB3D60,Info,PROVISIONAL_DENOMINATOR,kpi_005,HOSP-001,DEPT-ED,2026-10-23,Complaint rate denominator is provisional and pending stakeholder approval,processed_operational_daily.csv,OPD-HOSP-001-DEPT-ED-20261023,PEX-KPI-DCF120177644
ISS-kpi_005-E1A001DD,Info,PROVISIONAL_DENOMINATOR,kpi_005,HOSP-001,DEPT-ED,2026-10-24,Complaint rate denominator is provisional and pending stakeholder approval,processed_operational_daily.csv,OPD-HOSP-001-DEPT-ED-20261024,PEX-KPI-DCF120177644
ISS-kpi_005-1B29CB8B,Info,PROVISIONAL_DENOMINATOR,kpi_005,HOSP-001,DEPT-ED,2026-10-25,Complaint rate denominator is provisional and pending stakeholder approval,processed_operational_daily.csv,OPD-HOSP-001-DEPT-ED-20261025,PEX-KPI-DCF120177644
ISS-kpi_005-4178C168,Warning,INSUFFICIENT_DATA,kpi_005,HOSP-001,DEPT-ED,2026-10-26,Insufficient data for kpi_005,processed_operational_daily.csv,OPD-HOSP-001-DEPT-ED-20261026,PEX-KPI-DCF120177644
ISS-kpi_006-E031F4AB,Warning,INSUFFICIENT_DATA,kpi_006,HOSP-001,DEPT-ED,2026-10-26,Insufficient data for kpi_006,processed_operational_daily.csv,OPD-HOSP-001-DEPT-ED-20261026,PEX-KPI-DCF120177644
ISS-kpi_005-39CA2EA1,Warning,INSUFFICIENT_DATA,kpi_005,HOSP-001,DEPT-ED,2026-10-27,Insufficient data for kpi_005,processed_operational_daily.csv,OPD-HOSP-001-DEPT-ED-20261027,PEX-KPI-DCF120177644
ISS-kpi_006-19BC8C58,Warning,INSUFFICIENT_DATA,kpi_006,HOSP-001,DEPT-ED,2026-10-27,Insufficient data for kpi_006,processed_operational_daily.csv,OPD-HOSP-001-DEPT-ED-20261027,PEX-KPI-DCF120177644
ISS-kpi_005-1011EBFC,Info,PROVISIONAL_DENOMINATOR,kpi_005,HOSP-001,DEPT-ED,2026-10-28,Complaint rate denominator is provisional and pending stakeholder approval,processed_operational_daily.csv,OPD-HOSP-001-DEPT-ED-20261028,PEX-KPI-DCF120177644
ISS-kpi_005-543A663B,Info,PROVISIONAL_DENOMINATOR,kpi_005,HOSP-001,DEPT-ED,2026-10-29,Complaint rate denominator is provisional and pending stakeholder approval,processed_operational_daily.csv,OPD-HOSP-001-DEPT-ED-20261029,PEX-KPI-DCF120177644
ISS-kpi_005-876E5033,Info,PROVISIONAL_DENOMINATOR,kpi_005,HOSP-001,DEPT-ED,2026-10-30,Complaint rate denominator is provisional and pending stakeholder approval,processed_operational_daily.csv,OPD-HOSP-001-DEPT-ED-20261030,PEX-KPI-DCF120177644
ISS-kpi_005-AC54D2D5,Info,PROVISIONAL_DENOMINATOR,kpi_005,HOSP-001,DEPT-ED,2026-10-31,Complaint rate denominator is provisional and pending stakeholder approval,processed_operational_daily.csv,OPD-HOSP-001-DEPT-ED-20261031,PEX-KPI-DCF120177644
ISS-kpi_005-F5D1B46C,Info,PROVISIONAL_DENOMINATOR,kpi_005,HOSP-001,DEPT-ED,2026-11-01,Complaint rate denominator is provisional and pending stakeholder approval,processed_operational_daily.csv,OPD-HOSP-001-DEPT-ED-20261101,PEX-KPI-DCF120177644
ISS-kpi_005-A93225E6,Info,PROVISIONAL_DENOMINATOR,kpi_005,HOSP-001,DEPT-ED,2026-11-02,Complaint rate denominator is provisional and pending stakeholder approval,processed_operational_daily.csv,OPD-HOSP-001-DEPT-ED-20261102,PEX-KPI-DCF120177644
ISS-kpi_005-B5A525BD,Info,PROVISIONAL_DENOMINATOR,kpi_005,HOSP-001,DEPT-ED,2026-11-03,Complaint rate denominator is provisional and pending stakeholder approval,processed_operational_daily.csv,OPD-HOSP-001-DEPT-ED-20261103,PEX-KPI-DCF120177644
ISS-kpi_005-7A5039AA,Info,PROVISIONAL_DENOMINATOR,kpi_005,HOSP-001,DEPT-ED,2026-11-04,Complaint rate denominator is provisional and pending stakeholder approval,processed_operational_daily.csv,OPD-HOSP-001-DEPT-ED-20261104,PEX-KPI-DCF120177644
ISS-kpi_005-6D8C4857,Warning,INSUFFICIENT_DATA,kpi_005,HOSP-001,DEPT-ED,2026-11-05,Insufficient data for kpi_005,processed_operational_daily.csv,OPD-HOSP-001-DEPT-ED-20261105,PEX-KPI-DCF120177644
ISS-kpi_006-BA7A5FCD,Warning,INSUFFICIENT_DATA,kpi_006,HOSP-001,DEPT-ED,2026-11-05,Insufficient data for kpi_006,processed_operational_daily.csv,OPD-HOSP-001-DEPT-ED-20261105,PEX-KPI-DCF120177644
ISS-kpi_005-03E668EA,Info,PROVISIONAL_DENOMINATOR,kpi_005,HOSP-001,DEPT-ED,2026-11-06,Complaint rate denominator is provisional and pending stakeholder approval,processed_operational_daily.csv,OPD-HOSP-001-DEPT-ED-20261106,PEX-KPI-DCF120177644
ISS-kpi_005-DD811FF7,Info,PROVISIONAL_DENOMINATOR,kpi_005,HOSP-001,DEPT-ED,2026-11-07,Complaint rate denominator is provisional and pending stakeholder approval,processed_operational_daily.csv,OPD-HOSP-001-DEPT-ED-20261107,PEX-KPI-DCF120177644
ISS-kpi_005-C9897D52,Info,PROVISIONAL_DENOMINATOR,kpi_005,HOSP-001,DEPT-ED,2026-11-08,Complaint rate denominator is provisional and pending stakeholder approval,processed_operational_daily.csv,OPD-HOSP-001-DEPT-ED-20261108,PEX-KPI-DCF120177644
ISS-kpi_005-3BEB632E,Info,PROVISIONAL_DENOMINATOR,kpi_005,HOSP-001,DEPT-ED,2026-11-09,Complaint rate denominator is provisional and pending stakeholder approval,processed_operational_daily.csv,OPD-HOSP-001-DEPT-ED-20261109,PEX-KPI-DCF120177644
ISS-kpi_005-E9A3FED2,Warning,INSUFFICIENT_DATA,kpi_005,HOSP-001,DEPT-ED,2026-11-10,Insufficient data for kpi_005,processed_operational_daily.csv,OPD-HOSP-001-DEPT-ED-20261110,PEX-KPI-DCF120177644
ISS-kpi_006-07FC9938,Warning,INSUFFICIENT_DATA,kpi_006,HOSP-001,DEPT-ED,2026-11-10,Insufficient data for kpi_006,processed_operational_daily.csv,OPD-HOSP-001-DEPT-ED-20261110,PEX-KPI-DCF120177644
ISS-kpi_005-8F2E69CB,Info,PROVISIONAL_DENOMINATOR,kpi_005,HOSP-001,DEPT-ED,2026-11-11,Complaint rate denominator is provisional and pending stakeholder approval,processed_operational_daily.csv,OPD-HOSP-001-DEPT-ED-20261111,PEX-KPI-DCF120177644
ISS-kpi_005-FAE32D9E,Info,PROVISIONAL_DENOMINATOR,kpi_005,HOSP-001,DEPT-ED,2026-11-12,Complaint rate denominator is provisional and pending stakeholder approval,processed_operational_daily.csv,OPD-HOSP-001-DEPT-ED-20261112,PEX-KPI-DCF120177644
ISS-kpi_005-622E6DCF,Warning,INSUFFICIENT_DATA,kpi_005,HOSP-001,DEPT-ED,2026-11-13,Insufficient data for kpi_005,processed_operational_daily.csv,OPD-HOSP-001-DEPT-ED-20261113,PEX-KPI-DCF120177644
ISS-kpi_006-9AD10F7B,Warning,INSUFFICIENT_DATA,kpi_006,HOSP-001,DEPT-ED,2026-11-13,Insufficient data for kpi_006,processed_operational_daily.csv,OPD-HOSP-001-DEPT-ED-20261113,PEX-KPI-DCF120177644
ISS-kpi_005-FBD9C742,Info,PROVISIONAL_DENOMINATOR,kpi_005,HOSP-001,DEPT-ED,2026-11-14,Complaint rate denominator is provisional and pending stakeholder approval,processed_operational_daily.csv,OPD-HOSP-001-DEPT-ED-20261114,PEX-KPI-DCF120177644
ISS-kpi_005-4E6DDEF0,Info,PROVISIONAL_DENOMINATOR,kpi_005,HOSP-001,DEPT-ED,2026-11-15,Complaint rate denominator is provisional and pending stakeholder approval,processed_operational_daily.csv,OPD-HOSP-001-DEPT-ED-20261115,PEX-KPI-DCF120177644
ISS-kpi_005-1C4DA660,Info,PROVISIONAL_DENOMINATOR,kpi_005,HOSP-001,DEPT-ED,2026-11-16,Complaint rate denominator is provisional and pending stakeholder approval,processed_operational_daily.csv,OPD-HOSP-001-DEPT-ED-20261116,PEX-KPI-DCF120177644
ISS-kpi_005-12DDBC97,Info,PROVISIONAL_DENOMINATOR,kpi_005,HOSP-001,DEPT-ED,2026-11-17,Complaint rate denominator is provisional and pending stakeholder approval,processed_operational_daily.csv,OPD-HOSP-001-DEPT-ED-20261117,PEX-KPI-DCF120177644
ISS-kpi_005-79C76759,Info,PROVISIONAL_DENOMINATOR,kpi_005,HOSP-001,DEPT-ED,2026-11-18,Complaint rate denominator is provisional and pending stakeholder approval,processed_operational_daily.csv,OPD-HOSP-001-DEPT-ED-20261118,PEX-KPI-DCF120177644
ISS-kpi_005-5C01AF76,Info,PROVISIONAL_DENOMINATOR,kpi_005,HOSP-001,DEPT-ED,2026-11-19,Complaint rate denominator is provisional and pending stakeholder approval,processed_operational_daily.csv,OPD-HOSP-001-DEPT-ED-20261119,PEX-KPI-DCF120177644
ISS-kpi_005-5255FE93,Info,PROVISIONAL_DENOMINATOR,kpi_005,HOSP-001,DEPT-ED,2026-11-20,Complaint rate denominator is provisional and pending stakeholder approval,processed_operational_daily.csv,OPD-HOSP-001-DEPT-ED-20261120,PEX-KPI-DCF120177644
ISS-kpi_005-A03E6F30,Info,PROVISIONAL_DENOMINATOR,kpi_005,HOSP-001,DEPT-ED,2026-11-21,Complaint rate denominator is provisional and pending stakeholder approval,processed_operational_daily.csv,OPD-HOSP-001-DEPT-ED-20261121,PEX-KPI-DCF120177644
ISS-kpi_005-E87ADE2E,Info,PROVISIONAL_DENOMINATOR,kpi_005,HOSP-001,DEPT-ED,2026-11-22,Complaint rate denominator is provisional and pending stakeholder approval,processed_operational_daily.csv,OPD-HOSP-001-DEPT-ED-20261122,PEX-KPI-DCF120177644
ISS-kpi_005-D315E0B8,Warning,INSUFFICIENT_DATA,kpi_005,HOSP-001,DEPT-ED,2026-11-23,Insufficient data for kpi_005,processed_operational_daily.csv,OPD-HOSP-001-DEPT-ED-20261123,PEX-KPI-DCF120177644
ISS-kpi_006-D1F44ECC,Warning,INSUFFICIENT_DATA,kpi_006,HOSP-001,DEPT-ED,2026-11-23,Insufficient data for kpi_006,processed_operational_daily.csv,OPD-HOSP-001-DEPT-ED-20261123,PEX-KPI-DCF120177644
ISS-kpi_005-EBD03900,Info,PROVISIONAL_DENOMINATOR,kpi_005,HOSP-001,DEPT-ED,2026-11-24,Complaint rate denominator is provisional and pending stakeholder approval,processed_operational_daily.csv,OPD-HOSP-001-DEPT-ED-20261124,PEX-KPI-DCF120177644
ISS-kpi_005-2E6A8607,Warning,INSUFFICIENT_DATA,kpi_005,HOSP-001,DEPT-ED,2026-11-25,Insufficient data for kpi_005,processed_operational_daily.csv,OPD-HOSP-001-DEPT-ED-20261125,PEX-KPI-DCF120177644
ISS-kpi_006-E5C60C42,Warning,INSUFFICIENT_DATA,kpi_006,HOSP-001,DEPT-ED,2026-11-25,Insufficient data for kpi_006,processed_operational_daily.csv,OPD-HOSP-001-DEPT-ED-20261125,PEX-KPI-DCF120177644
ISS-kpi_005-C13BC487,Info,PROVISIONAL_DENOMINATOR,kpi_005,HOSP-001,DEPT-ED,2026-11-26,Complaint rate denominator is provisional and pending stakeholder approval,processed_operational_daily.csv,OPD-HOSP-001-DEPT-ED-20261126,PEX-KPI-DCF120177644
ISS-kpi_005-DA97BA3E,Info,PROVISIONAL_DENOMINATOR,kpi_005,HOSP-001,DEPT-ED,2026-11-27,Complaint rate denominator is provisional and pending stakeholder approval,processed_operational_daily.csv,OPD-HOSP-001-DEPT-ED-20261127,PEX-KPI-DCF120177644
ISS-kpi_005-6B5E5D64,Info,PROVISIONAL_DENOMINATOR,kpi_005,HOSP-001,DEPT-ED,2026-11-28,Complaint rate denominator is provisional and pending stakeholder approval,processed_operational_daily.csv,OPD-HOSP-001-DEPT-ED-20261128,PEX-KPI-DCF120177644
ISS-kpi_005-D1453953,Info,PROVISIONAL_DENOMINATOR,kpi_005,HOSP-001,DEPT-ED,2026-11-29,Complaint rate denominator is provisional and pending stakeholder approval,processed_operational_daily.csv,OPD-HOSP-001-DEPT-ED-20261129,PEX-KPI-DCF120177644
ISS-kpi_005-2BF7C846,Info,PROVISIONAL_DENOMINATOR,kpi_005,HOSP-001,DEPT-ED,2026-11-30,Complaint rate denominator is provisional and pending stakeholder approval,processed_operational_daily.csv,OPD-HOSP-001-DEPT-ED-20261130,PEX-KPI-DCF120177644
ISS-kpi_005-25F337B2,Warning,INSUFFICIENT_DATA,kpi_005,HOSP-001,DEPT-ED,2026-12-01,Insufficient data for kpi_005,processed_operational_daily.csv,OPD-HOSP-001-DEPT-ED-20261201,PEX-KPI-DCF120177644
ISS-kpi_006-B1E90D60,Warning,INSUFFICIENT_DATA,kpi_006,HOSP-001,DEPT-ED,2026-12-01,Insufficient data for kpi_006,processed_operational_daily.csv,OPD-HOSP-001-DEPT-ED-20261201,PEX-KPI-DCF120177644
ISS-kpi_005-C96E703E,Info,PROVISIONAL_DENOMINATOR,kpi_005,HOSP-001,DEPT-ED,2026-12-02,Complaint rate denominator is provisional and pending stakeholder approval,processed_operational_daily.csv,OPD-HOSP-001-DEPT-ED-20261202,PEX-KPI-DCF120177644
ISS-kpi_005-1D3A8851,Info,PROVISIONAL_DENOMINATOR,kpi_005,HOSP-001,DEPT-ED,2026-12-03,Complaint rate denominator is provisional and pending stakeholder approval,processed_operational_daily.csv,OPD-HOSP-001-DEPT-ED-20261203,PEX-KPI-DCF120177644
ISS-kpi_005-3FACA47D,Info,PROVISIONAL_DENOMINATOR,kpi_005,HOSP-001,DEPT-ED,2026-12-04,Complaint rate denominator is provisional and pending stakeholder approval,processed_operational_daily.csv,OPD-HOSP-001-DEPT-ED-20261204,PEX-KPI-DCF120177644
ISS-kpi_005-74BD1285,Info,PROVISIONAL_DENOMINATOR,kpi_005,HOSP-001,DEPT-ED,2026-12-05,Complaint rate denominator is provisional and pending stakeholder approval,processed_operational_daily.csv,OPD-HOSP-001-DEPT-ED-20261205,PEX-KPI-DCF120177644
ISS-kpi_005-51ED0DC5,Info,PROVISIONAL_DENOMINATOR,kpi_005,HOSP-001,DEPT-ED,2026-12-06,Complaint rate denominator is provisional and pending stakeholder approval,processed_operational_daily.csv,OPD-HOSP-001-DEPT-ED-20261206,PEX-KPI-DCF120177644
ISS-kpi_005-C6EE6877,Info,PROVISIONAL_DENOMINATOR,kpi_005,HOSP-001,DEPT-ED,2026-12-07,Complaint rate denominator is provisional and pending stakeholder approval,processed_operational_daily.csv,OPD-HOSP-001-DEPT-ED-20261207,PEX-KPI-DCF120177644
ISS-kpi_005-35A86356,Info,PROVISIONAL_DENOMINATOR,kpi_005,HOSP-001,DEPT-ED,2026-12-08,Complaint rate denominator is provisional and pending stakeholder approval,processed_operational_daily.csv,OPD-HOSP-001-DEPT-ED-20261208,PEX-KPI-DCF120177644
ISS-kpi_005-A83CF386,Info,PROVISIONAL_DENOMINATOR,kpi_005,HOSP-001,DEPT-ED,2026-12-09,Complaint rate denominator is provisional and pending stakeholder approval,processed_operational_daily.csv,OPD-HOSP-001-DEPT-ED-20261209,PEX-KPI-DCF120177644
ISS-kpi_005-FE8F7FCE,Info,PROVISIONAL_DENOMINATOR,kpi_005,HOSP-001,DEPT-ED,2026-12-10,Complaint rate denominator is provisional and pending stakeholder approval,processed_operational_daily.csv,OPD-HOSP-001-DEPT-ED-20261210,PEX-KPI-DCF120177644
ISS-kpi_005-5888E26D,Info,PROVISIONAL_DENOMINATOR,kpi_005,HOSP-001,DEPT-ED,2026-12-11,Complaint rate denominator is provisional and pending stakeholder approval,processed_operational_daily.csv,OPD-HOSP-001-DEPT-ED-20261211,PEX-KPI-DCF120177644
ISS-kpi_005-2260D50E,Info,PROVISIONAL_DENOMINATOR,kpi_005,HOSP-001,DEPT-ED,2026-12-12,Complaint rate denominator is provisional and pending stakeholder approval,processed_operational_daily.csv,OPD-HOSP-001-DEPT-ED-20261212,PEX-KPI-DCF120177644
ISS-kpi_005-55CB0801,Info,PROVISIONAL_DENOMINATOR,kpi_005,HOSP-001,DEPT-ED,2026-12-13,Complaint rate denominator is provisional and pending stakeholder approval,processed_operational_daily.csv,OPD-HOSP-001-DEPT-ED-20261213,PEX-KPI-DCF120177644
ISS-kpi_005-A07FF3EC,Warning,INSUFFICIENT_DATA,kpi_005,HOSP-001,DEPT-ED,2026-12-14,Insufficient data for kpi_005,processed_operational_daily.csv,OPD-HOSP-001-DEPT-ED-20261214,PEX-KPI-DCF120177644
ISS-kpi_006-FE165233,Warning,INSUFFICIENT_DATA,kpi_006,HOSP-001,DEPT-ED,2026-12-14,Insufficient data for kpi_006,processed_operational_daily.csv,OPD-HOSP-001-DEPT-ED-20261214,PEX-KPI-DCF120177644
ISS-kpi_005-1E3F7FBC,Info,PROVISIONAL_DENOMINATOR,kpi_005,HOSP-001,DEPT-ED,2026-12-15,Complaint rate denominator is provisional and pending stakeholder approval,processed_operational_daily.csv,OPD-HOSP-001-DEPT-ED-20261215,PEX-KPI-DCF120177644
ISS-kpi_005-65A1D866,Info,PROVISIONAL_DENOMINATOR,kpi_005,HOSP-001,DEPT-ED,2026-12-16,Complaint rate denominator is provisional and pending stakeholder approval,processed_operational_daily.csv,OPD-HOSP-001-DEPT-ED-20261216,PEX-KPI-DCF120177644
ISS-kpi_005-69344B9E,Info,PROVISIONAL_DENOMINATOR,kpi_005,HOSP-001,DEPT-ED,2026-12-17,Complaint rate denominator is provisional and pending stakeholder approval,processed_operational_daily.csv,OPD-HOSP-001-DEPT-ED-20261217,PEX-KPI-DCF120177644
ISS-kpi_005-80256C02,Warning,INSUFFICIENT_DATA,kpi_005,HOSP-001,DEPT-ED,2026-12-18,Insufficient data for kpi_005,processed_operational_daily.csv,OPD-HOSP-001-DEPT-ED-20261218,PEX-KPI-DCF120177644
ISS-kpi_006-227D1E53,Warning,INSUFFICIENT_DATA,kpi_006,HOSP-001,DEPT-ED,2026-12-18,Insufficient data for kpi_006,processed_operational_daily.csv,OPD-HOSP-001-DEPT-ED-20261218,PEX-KPI-DCF120177644
ISS-kpi_005-52528E3E,Info,PROVISIONAL_DENOMINATOR,kpi_005,HOSP-001,DEPT-ED,2026-12-19,Complaint rate denominator is provisional and pending stakeholder approval,processed_operational_daily.csv,OPD-HOSP-001-DEPT-ED-20261219,PEX-KPI-DCF120177644
ISS-kpi_005-0D31E4A5,Info,PROVISIONAL_DENOMINATOR,kpi_005,HOSP-001,DEPT-ED,2026-12-20,Complaint rate denominator is provisional and pending stakeholder approval,processed_operational_daily.csv,OPD-HOSP-001-DEPT-ED-20261220,PEX-KPI-DCF120177644
ISS-kpi_005-6C8A3A98,Warning,INSUFFICIENT_DATA,kpi_005,HOSP-001,DEPT-ED,2026-12-21,Insufficient data for kpi_005,processed_operational_daily.csv,OPD-HOSP-001-DEPT-ED-20261221,PEX-KPI-DCF120177644
ISS-kpi_006-3D2FFE84,Warning,INSUFFICIENT_DATA,kpi_006,HOSP-001,DEPT-ED,2026-12-21,Insufficient data for kpi_006,processed_operational_daily.csv,OPD-HOSP-001-DEPT-ED-20261221,PEX-KPI-DCF120177644
ISS-kpi_005-D84B0294,Info,PROVISIONAL_DENOMINATOR,kpi_005,HOSP-001,DEPT-ED,2026-12-22,Complaint rate denominator is provisional and pending stakeholder approval,processed_operational_daily.csv,OPD-HOSP-001-DEPT-ED-20261222,PEX-KPI-DCF120177644
ISS-kpi_005-95541F37,Info,PROVISIONAL_DENOMINATOR,kpi_005,HOSP-001,DEPT-ED,2026-12-23,Complaint rate denominator is provisional and pending stakeholder approval,processed_operational_daily.csv,OPD-HOSP-001-DEPT-ED-20261223,PEX-KPI-DCF120177644
ISS-kpi_005-EF6CE03B,Info,PROVISIONAL_DENOMINATOR,kpi_005,HOSP-001,DEPT-ED,2026-12-24,Complaint rate denominator is provisional and pending stakeholder approval,processed_operational_daily.csv,OPD-HOSP-001-DEPT-ED-20261224,PEX-KPI-DCF120177644
ISS-kpi_005-04F441FC,Warning,INSUFFICIENT_DATA,kpi_005,HOSP-001,DEPT-ED,2026-12-25,Insufficient data for kpi_005,processed_operational_daily.csv,OPD-HOSP-001-DEPT-ED-20261225,PEX-KPI-DCF120177644
ISS-kpi_006-982B600D,Warning,INSUFFICIENT_DATA,kpi_006,HOSP-001,DEPT-ED,2026-12-25,Insufficient data for kpi_006,processed_operational_daily.csv,OPD-HOSP-001-DEPT-ED-20261225,PEX-KPI-DCF120177644
ISS-kpi_005-170CB70A,Info,PROVISIONAL_DENOMINATOR,kpi_005,HOSP-001,DEPT-ED,2026-12-26,Complaint rate denominator is provisional and pending stakeholder approval,processed_operational_daily.csv,OPD-HOSP-001-DEPT-ED-20261226,PEX-KPI-DCF120177644
ISS-kpi_005-E9AABAC2,Info,PROVISIONAL_DENOMINATOR,kpi_005,HOSP-001,DEPT-ED,2026-12-27,Complaint rate denominator is provisional and pending stakeholder approval,processed_operational_daily.csv,OPD-HOSP-001-DEPT-ED-20261227,PEX-KPI-DCF120177644
ISS-kpi_005-91A5A44C,Info,PROVISIONAL_DENOMINATOR,kpi_005,HOSP-001,DEPT-ED,2026-12-28,Complaint rate denominator is provisional and pending stakeholder approval,processed_operational_daily.csv,OPD-HOSP-001-DEPT-ED-20261228,PEX-KPI-DCF120177644
ISS-kpi_005-942E307C,Info,PROVISIONAL_DENOMINATOR,kpi_005,HOSP-001,DEPT-ED,2026-12-29,Complaint rate denominator is provisional and pending stakeholder approval,processed_operational_daily.csv,OPD-HOSP-001-DEPT-ED-20261229,PEX-KPI-DCF120177644
ISS-kpi_005-9642C0B6,Info,PROVISIONAL_DENOMINATOR,kpi_005,HOSP-001,DEPT-ED,2026-12-30,Complaint rate denominator is provisional and pending stakeholder approval,processed_operational_daily.csv,OPD-HOSP-001-DEPT-ED-20261230,PEX-KPI-DCF120177644
ISS-kpi_005-65DB2A6E,Info,PROVISIONAL_DENOMINATOR,kpi_005,HOSP-001,DEPT-ED,2026-12-31,Complaint rate denominator is provisional and pending stakeholder approval,processed_operational_daily.csv,OPD-HOSP-001-DEPT-ED-20261231,PEX-KPI-DCF120177644
ISS-kpi_005-B0168722,Warning,ZERO_DENOMINATOR,kpi_005,HOSP-001,DEPT-ICU,2026-01-01,Zero denominator for kpi_005,processed_operational_daily.csv,OPD-HOSP-001-DEPT-ICU-20260101,PEX-KPI-DCF120177644
ISS-kpi_005-33E70899,Warning,ZERO_DENOMINATOR,kpi_005,HOSP-001,DEPT-ICU,2026-01-02,Zero denominator for kpi_005,processed_operational_daily.csv,OPD-HOSP-001-DEPT-ICU-20260102,PEX-KPI-DCF120177644
ISS-kpi_005-563F614A,Warning,ZERO_DENOMINATOR,kpi_005,HOSP-001,DEPT-ICU,2026-01-03,Zero denominator for kpi_005,processed_operational_daily.csv,OPD-HOSP-001-DEPT-ICU-20260103,PEX-KPI-DCF120177644
ISS-kpi_005-61341ED3,Warning,ZERO_DENOMINATOR,kpi_005,HOSP-001,DEPT-ICU,2026-01-04,Zero denominator for kpi_005,processed_operational_daily.csv,OPD-HOSP-001-DEPT-ICU-20260104,PEX-KPI-DCF120177644
ISS-kpi_005-43EF161F,Warning,ZERO_DENOMINATOR,kpi_005,HOSP-001,DEPT-ICU,2026-01-05,Zero denominator for kpi_005,processed_operational_daily.csv,OPD-HOSP-001-DEPT-ICU-20260105,PEX-KPI-DCF120177644
ISS-kpi_005-C006BD9F,Warning,ZERO_DENOMINATOR,kpi_005,HOSP-001,DEPT-ICU,2026-01-06,Zero denominator for kpi_005,processed_operational_daily.csv,OPD-HOSP-001-DEPT-ICU-20260106,PEX-KPI-DCF120177644
ISS-kpi_006-84A390B3,Warning,ZERO_DENOMINATOR,kpi_006,HOSP-001,DEPT-ICU,2026-01-06,Zero denominator for kpi_006,processed_operational_daily.csv,OPD-HOSP-001-DEPT-ICU-20260106,PEX-KPI-DCF120177644
ISS-kpi_005-024DB37E,Warning,INSUFFICIENT_DATA,kpi_005,HOSP-001,DEPT-ICU,2026-01-07,Insufficient data for kpi_005,processed_operational_daily.csv,OPD-HOSP-001-DEPT-ICU-20260107,PEX-KPI-DCF120177644
ISS-kpi_006-41FF5A85,Warning,INSUFFICIENT_DATA,kpi_006,HOSP-001,DEPT-ICU,2026-01-07,Insufficient data for kpi_006,processed_operational_daily.csv,OPD-HOSP-001-DEPT-ICU-20260107,PEX-KPI-DCF120177644
ISS-kpi_005-F99AABDB,Warning,ZERO_DENOMINATOR,kpi_005,HOSP-001,DEPT-ICU,2026-01-08,Zero denominator for kpi_005,processed_operational_daily.csv,OPD-HOSP-001-DEPT-ICU-20260108,PEX-KPI-DCF120177644
ISS-kpi_005-803C842E,Warning,ZERO_DENOMINATOR,kpi_005,HOSP-001,DEPT-ICU,2026-01-09,Zero denominator for kpi_005,processed_operational_daily.csv,OPD-HOSP-001-DEPT-ICU-20260109,PEX-KPI-DCF120177644
ISS-kpi_005-2AC068DE,Warning,ZERO_DENOMINATOR,kpi_005,HOSP-001,DEPT-ICU,2026-01-10,Zero denominator for kpi_005,processed_operational_daily.csv,OPD-HOSP-001-DEPT-ICU-20260110,PEX-KPI-DCF120177644
ISS-kpi_005-856E3F3C,Warning,ZERO_DENOMINATOR,kpi_005,HOSP-001,DEPT-ICU,2026-01-11,Zero denominator for kpi_005,processed_operational_daily.csv,OPD-HOSP-001-DEPT-ICU-20260111,PEX-KPI-DCF120177644
ISS-kpi_005-8137FEB4,Warning,INSUFFICIENT_DATA,kpi_005,HOSP-001,DEPT-ICU,2026-01-12,Insufficient data for kpi_005,processed_operational_daily.csv,OPD-HOSP-001-DEPT-ICU-20260112,PEX-KPI-DCF120177644
ISS-kpi_006-41615499,Warning,INSUFFICIENT_DATA,kpi_006,HOSP-001,DEPT-ICU,2026-01-12,Insufficient data for kpi_006,processed_operational_daily.csv,OPD-HOSP-001-DEPT-ICU-20260112,PEX-KPI-DCF120177644
ISS-kpi_005-0EA15F6D,Warning,ZERO_DENOMINATOR,kpi_005,HOSP-001,DEPT-ICU,2026-01-13,Zero denominator for kpi_005,processed_operational_daily.csv,OPD-HOSP-001-DEPT-ICU-20260113,PEX-KPI-DCF120177644
ISS-kpi_005-49754ACF,Warning,INSUFFICIENT_DATA,kpi_005,HOSP-001,DEPT-ICU,2026-01-14,Insufficient data for kpi_005,processed_operational_daily.csv,OPD-HOSP-001-DEPT-ICU-20260114,PEX-KPI-DCF120177644
ISS-kpi_006-EB51B379,Warning,INSUFFICIENT_DATA,kpi_006,HOSP-001,DEPT-ICU,2026-01-14,Insufficient data for kpi_006,processed_operational_daily.csv,OPD-HOSP-001-DEPT-ICU-20260114,PEX-KPI-DCF120177644
ISS-kpi_005-E2DE7090,Warning,ZERO_DENOMINATOR,kpi_005,HOSP-001,DEPT-ICU,2026-01-15,Zero denominator for kpi_005,processed_operational_daily.csv,OPD-HOSP-001-DEPT-ICU-20260115,PEX-KPI-DCF120177644
ISS-kpi_005-329E9CCE,Warning,ZERO_DENOMINATOR,kpi_005,HOSP-001,DEPT-ICU,2026-01-16,Zero denominator for kpi_005,processed_operational_daily.csv,OPD-HOSP-001-DEPT-ICU-20260116,PEX-KPI-DCF120177644
ISS-kpi_005-AA4CFFA7,Warning,ZERO_DENOMINATOR,kpi_005,HOSP-001,DEPT-ICU,2026-01-17,Zero denominator for kpi_005,processed_operational_daily.csv,OPD-HOSP-001-DEPT-ICU-20260117,PEX-KPI-DCF120177644
ISS-kpi_005-840D655B,Warning,INSUFFICIENT_DATA,kpi_005,HOSP-001,DEPT-ICU,2026-01-18,Insufficient data for kpi_005,processed_operational_daily.csv,OPD-HOSP-001-DEPT-ICU-20260118,PEX-KPI-DCF120177644
ISS-kpi_006-B109B2C6,Warning,INSUFFICIENT_DATA,kpi_006,HOSP-001,DEPT-ICU,2026-01-18,Insufficient data for kpi_006,processed_operational_daily.csv,OPD-HOSP-001-DEPT-ICU-20260118,PEX-KPI-DCF120177644
ISS-kpi_005-73EC1FED,Warning,ZERO_DENOMINATOR,kpi_005,HOSP-001,DEPT-ICU,2026-01-19,Zero denominator for kpi_005,processed_operational_daily.csv,OPD-HOSP-001-DEPT-ICU-20260119,PEX-KPI-DCF120177644
ISS-kpi_005-1FF5B852,Warning,ZERO_DENOMINATOR,kpi_005,HOSP-001,DEPT-ICU,2026-01-20,Zero denominator for kpi_005,processed_operational_daily.csv,OPD-HOSP-001-DEPT-ICU-20260120,PEX-KPI-DCF120177644
ISS-kpi_005-BD16AC2B,Warning,ZERO_DENOMINATOR,kpi_005,HOSP-001,DEPT-ICU,2026-01-21,Zero denominator for kpi_005,processed_operational_daily.csv,OPD-HOSP-001-DEPT-ICU-20260121,PEX-KPI-DCF120177644
ISS-kpi_005-8C8BE29B,Warning,ZERO_DENOMINATOR,kpi_005,HOSP-001,DEPT-ICU,2026-01-22,Zero denominator for kpi_005,processed_operational_daily.csv,OPD-HOSP-001-DEPT-ICU-20260122,PEX-KPI-DCF120177644
ISS-kpi_005-1B2FA815,Warning,INSUFFICIENT_DATA,kpi_005,HOSP-001,DEPT-ICU,2026-01-23,Insufficient data for kpi_005,processed_operational_daily.csv,OPD-HOSP-001-DEPT-ICU-20260123,PEX-KPI-DCF120177644
ISS-kpi_006-F19814DC,Warning,INSUFFICIENT_DATA,kpi_006,HOSP-001,DEPT-ICU,2026-01-23,Insufficient data for kpi_006,processed_operational_daily.csv,OPD-HOSP-001-DEPT-ICU-20260123,PEX-KPI-DCF120177644
ISS-kpi_005-93FFEAD2,Warning,ZERO_DENOMINATOR,kpi_005,HOSP-001,DEPT-ICU,2026-01-24,Zero denominator for kpi_005,processed_operational_daily.csv,OPD-HOSP-001-DEPT-ICU-20260124,PEX-KPI-DCF120177644
ISS-kpi_005-4E241687,Warning,INSUFFICIENT_DATA,kpi_005,HOSP-001,DEPT-ICU,2026-01-25,Insufficient data for kpi_005,processed_operational_daily.csv,OPD-HOSP-001-DEPT-ICU-20260125,PEX-KPI-DCF120177644
ISS-kpi_006-D1B04032,Warning,INSUFFICIENT_DATA,kpi_006,HOSP-001,DEPT-ICU,2026-01-25,Insufficient data for kpi_006,processed_operational_daily.csv,OPD-HOSP-001-DEPT-ICU-20260125,PEX-KPI-DCF120177644
ISS-kpi_005-1D17F8FC,Warning,INSUFFICIENT_DATA,kpi_005,HOSP-001,DEPT-ICU,2026-01-26,Insufficient data for kpi_005,processed_operational_daily.csv,OPD-HOSP-001-DEPT-ICU-20260126,PEX-KPI-DCF120177644
ISS-kpi_006-6B2EF238,Warning,INSUFFICIENT_DATA,kpi_006,HOSP-001,DEPT-ICU,2026-01-26,Insufficient data for kpi_006,processed_operational_daily.csv,OPD-HOSP-001-DEPT-ICU-20260126,PEX-KPI-DCF120177644
ISS-kpi_005-253C09DE,Warning,ZERO_DENOMINATOR,kpi_005,HOSP-001,DEPT-ICU,2026-01-27,Zero denominator for kpi_005,processed_operational_daily.csv,OPD-HOSP-001-DEPT-ICU-20260127,PEX-KPI-DCF120177644
ISS-kpi_005-D7509FD1,Warning,ZERO_DENOMINATOR,kpi_005,HOSP-001,DEPT-ICU,2026-01-28,Zero denominator for kpi_005,processed_operational_daily.csv,OPD-HOSP-001-DEPT-ICU-20260128,PEX-KPI-DCF120177644
ISS-kpi_005-608B4428,Warning,ZERO_DENOMINATOR,kpi_005,HOSP-001,DEPT-ICU,2026-01-29,Zero denominator for kpi_005,processed_operational_daily.csv,OPD-HOSP-001-DEPT-ICU-20260129,PEX-KPI-DCF120177644
ISS-kpi_005-B84DC5C1,Warning,ZERO_DENOMINATOR,kpi_005,HOSP-001,DEPT-ICU,2026-01-30,Zero denominator for kpi_005,processed_operational_daily.csv,OPD-HOSP-001-DEPT-ICU-20260130,PEX-KPI-DCF120177644
ISS-kpi_005-9F3A7EC9,Warning,ZERO_DENOMINATOR,kpi_005,HOSP-001,DEPT-ICU,2026-01-31,Zero denominator for kpi_005,processed_operational_daily.csv,OPD-HOSP-001-DEPT-ICU-20260131,PEX-KPI-DCF120177644
ISS-kpi_005-A195FD9D,Warning,ZERO_DENOMINATOR,kpi_005,HOSP-001,DEPT-ICU,2026-02-01,Zero denominator for kpi_005,processed_operational_daily.csv,OPD-HOSP-001-DEPT-ICU-20260201,PEX-KPI-DCF120177644
ISS-kpi_005-66BEA48F,Warning,ZERO_DENOMINATOR,kpi_005,HOSP-001,DEPT-ICU,2026-02-02,Zero denominator for kpi_005,processed_operational_daily.csv,OPD-HOSP-001-DEPT-ICU-20260202,PEX-KPI-DCF120177644
ISS-kpi_005-059E3A46,Warning,ZERO_DENOMINATOR,kpi_005,HOSP-001,DEPT-ICU,2026-02-03,Zero denominator for kpi_005,processed_operational_daily.csv,OPD-HOSP-001-DEPT-ICU-20260203,PEX-KPI-DCF120177644
ISS-kpi_005-C0D424B6,Warning,INSUFFICIENT_DATA,kpi_005,HOSP-001,DEPT-ICU,2026-02-04,Insufficient data for kpi_005,processed_operational_daily.csv,OPD-HOSP-001-DEPT-ICU-20260204,PEX-KPI-DCF120177644
ISS-kpi_006-38EC9426,Warning,INSUFFICIENT_DATA,kpi_006,HOSP-001,DEPT-ICU,2026-02-04,Insufficient data for kpi_006,processed_operational_daily.csv,OPD-HOSP-001-DEPT-ICU-20260204,PEX-KPI-DCF120177644
ISS-kpi_005-78C22EA8,Warning,ZERO_DENOMINATOR,kpi_005,HOSP-001,DEPT-ICU,2026-02-05,Zero denominator for kpi_005,processed_operational_daily.csv,OPD-HOSP-001-DEPT-ICU-20260205,PEX-KPI-DCF120177644
ISS-kpi_005-0F650DA1,Warning,ZERO_DENOMINATOR,kpi_005,HOSP-001,DEPT-ICU,2026-02-06,Zero denominator for kpi_005,processed_operational_daily.csv,OPD-HOSP-001-DEPT-ICU-20260206,PEX-KPI-DCF120177644
ISS-kpi_005-C8161B76,Warning,ZERO_DENOMINATOR,kpi_005,HOSP-001,DEPT-ICU,2026-02-07,Zero denominator for kpi_005,processed_operational_daily.csv,OPD-HOSP-001-DEPT-ICU-20260207,PEX-KPI-DCF120177644
ISS-kpi_005-3D183E11,Warning,INSUFFICIENT_DATA,kpi_005,HOSP-001,DEPT-ICU,2026-02-08,Insufficient data for kpi_005,processed_operational_daily.csv,OPD-HOSP-001-DEPT-ICU-20260208,PEX-KPI-DCF120177644
ISS-kpi_006-F4A81624,Warning,INSUFFICIENT_DATA,kpi_006,HOSP-001,DEPT-ICU,2026-02-08,Insufficient data for kpi_006,processed_operational_daily.csv,OPD-HOSP-001-DEPT-ICU-20260208,PEX-KPI-DCF120177644
ISS-kpi_005-34A195CB,Warning,ZERO_DENOMINATOR,kpi_005,HOSP-001,DEPT-ICU,2026-02-09,Zero denominator for kpi_005,processed_operational_daily.csv,OPD-HOSP-001-DEPT-ICU-20260209,PEX-KPI-DCF120177644
ISS-kpi_005-D5A315C1,Warning,ZERO_DENOMINATOR,kpi_005,HOSP-001,DEPT-ICU,2026-02-10,Zero denominator for kpi_005,processed_operational_daily.csv,OPD-HOSP-001-DEPT-ICU-20260210,PEX-KPI-DCF120177644
ISS-kpi_005-55594C33,Warning,ZERO_DENOMINATOR,kpi_005,HOSP-001,DEPT-ICU,2026-02-11,Zero denominator for kpi_005,processed_operational_daily.csv,OPD-HOSP-001-DEPT-ICU-20260211,PEX-KPI-DCF120177644
ISS-kpi_006-29A1468A,Warning,ZERO_DENOMINATOR,kpi_006,HOSP-001,DEPT-ICU,2026-02-11,Zero denominator for kpi_006,processed_operational_daily.csv,OPD-HOSP-001-DEPT-ICU-20260211,PEX-KPI-DCF120177644
ISS-kpi_005-19BC8AEA,Warning,INSUFFICIENT_DATA,kpi_005,HOSP-001,DEPT-ICU,2026-02-12,Insufficient data for kpi_005,processed_operational_daily.csv,OPD-HOSP-001-DEPT-ICU-20260212,PEX-KPI-DCF120177644
ISS-kpi_006-41C6275A,Warning,INSUFFICIENT_DATA,kpi_006,HOSP-001,DEPT-ICU,2026-02-12,Insufficient data for kpi_006,processed_operational_daily.csv,OPD-HOSP-001-DEPT-ICU-20260212,PEX-KPI-DCF120177644
ISS-kpi_005-E5FA9EA2,Warning,ZERO_DENOMINATOR,kpi_005,HOSP-001,DEPT-ICU,2026-02-13,Zero denominator for kpi_005,processed_operational_daily.csv,OPD-HOSP-001-DEPT-ICU-20260213,PEX-KPI-DCF120177644
ISS-kpi_005-311846E3,Warning,INSUFFICIENT_DATA,kpi_005,HOSP-001,DEPT-ICU,2026-02-14,Insufficient data for kpi_005,processed_operational_daily.csv,OPD-HOSP-001-DEPT-ICU-20260214,PEX-KPI-DCF120177644
ISS-kpi_006-FC769364,Warning,INSUFFICIENT_DATA,kpi_006,HOSP-001,DEPT-ICU,2026-02-14,Insufficient data for kpi_006,processed_operational_daily.csv,OPD-HOSP-001-DEPT-ICU-20260214,PEX-KPI-DCF120177644
ISS-kpi_005-CE8AB00E,Warning,ZERO_DENOMINATOR,kpi_005,HOSP-001,DEPT-ICU,2026-02-15,Zero denominator for kpi_005,processed_operational_daily.csv,OPD-HOSP-001-DEPT-ICU-20260215,PEX-KPI-DCF120177644
ISS-kpi_005-14F36A36,Warning,INSUFFICIENT_DATA,kpi_005,HOSP-001,DEPT-ICU,2026-02-16,Insufficient data for kpi_005,processed_operational_daily.csv,OPD-HOSP-001-DEPT-ICU-20260216,PEX-KPI-DCF120177644
ISS-kpi_006-2BFD11BA,Warning,INSUFFICIENT_DATA,kpi_006,HOSP-001,DEPT-ICU,2026-02-16,Insufficient data for kpi_006,processed_operational_daily.csv,OPD-HOSP-001-DEPT-ICU-20260216,PEX-KPI-DCF120177644
ISS-kpi_005-A3E999B2,Warning,INSUFFICIENT_DATA,kpi_005,HOSP-001,DEPT-ICU,2026-02-17,Insufficient data for kpi_005,processed_operational_daily.csv,OPD-HOSP-001-DEPT-ICU-20260217,PEX-KPI-DCF120177644
ISS-kpi_006-EC69999D,Warning,INSUFFICIENT_DATA,kpi_006,HOSP-001,DEPT-ICU,2026-02-17,Insufficient data for kpi_006,processed_operational_daily.csv,OPD-HOSP-001-DEPT-ICU-20260217,PEX-KPI-DCF120177644
ISS-kpi_005-543EA87C,Warning,ZERO_DENOMINATOR,kpi_005,HOSP-001,DEPT-ICU,2026-02-18,Zero denominator for kpi_005,processed_operational_daily.csv,OPD-HOSP-001-DEPT-ICU-20260218,PEX-KPI-DCF120177644
ISS-kpi_006-1A713057,Warning,ZERO_DENOMINATOR,kpi_006,HOSP-001,DEPT-ICU,2026-02-18,Zero denominator for kpi_006,processed_operational_daily.csv,OPD-HOSP-001-DEPT-ICU-20260218,PEX-KPI-DCF120177644
ISS-kpi_005-5324050C,Warning,INSUFFICIENT_DATA,kpi_005,HOSP-001,DEPT-ICU,2026-02-19,Insufficient data for kpi_005,processed_operational_daily.csv,OPD-HOSP-001-DEPT-ICU-20260219,PEX-KPI-DCF120177644
ISS-kpi_006-83C336BD,Warning,INSUFFICIENT_DATA,kpi_006,HOSP-001,DEPT-ICU,2026-02-19,Insufficient data for kpi_006,processed_operational_daily.csv,OPD-HOSP-001-DEPT-ICU-20260219,PEX-KPI-DCF120177644
ISS-kpi_005-53D77741,Warning,INSUFFICIENT_DATA,kpi_005,HOSP-001,DEPT-ICU,2026-02-20,Insufficient data for kpi_005,processed_operational_daily.csv,OPD-HOSP-001-DEPT-ICU-20260220,PEX-KPI-DCF120177644
ISS-kpi_006-CA0D7831,Warning,INSUFFICIENT_DATA,kpi_006,HOSP-001,DEPT-ICU,2026-02-20,Insufficient data for kpi_006,processed_operational_daily.csv,OPD-HOSP-001-DEPT-ICU-20260220,PEX-KPI-DCF120177644
ISS-kpi_005-F677D8B1,Warning,ZERO_DENOMINATOR,kpi_005,HOSP-001,DEPT-ICU,2026-02-21,Zero denominator for kpi_005,processed_operational_daily.csv,OPD-HOSP-001-DEPT-ICU-20260221,PEX-KPI-DCF120177644
ISS-kpi_005-48E929A0,Warning,ZERO_DENOMINATOR,kpi_005,HOSP-001,DEPT-ICU,2026-02-22,Zero denominator for kpi_005,processed_operational_daily.csv,OPD-HOSP-001-DEPT-ICU-20260222,PEX-KPI-DCF120177644
ISS-kpi_006-1B12D775,Warning,ZERO_DENOMINATOR,kpi_006,HOSP-001,DEPT-ICU,2026-02-22,Zero denominator for kpi_006,processed_operational_daily.csv,OPD-HOSP-001-DEPT-ICU-20260222,PEX-KPI-DCF120177644
ISS-kpi_005-99E66144,Warning,ZERO_DENOMINATOR,kpi_005,HOSP-001,DEPT-ICU,2026-02-23,Zero denominator for kpi_005,processed_operational_daily.csv,OPD-HOSP-001-DEPT-ICU-20260223,PEX-KPI-DCF120177644
ISS-kpi_005-DC2365C8,Warning,ZERO_DENOMINATOR,kpi_005,HOSP-001,DEPT-ICU,2026-02-24,Zero denominator for kpi_005,processed_operational_daily.csv,OPD-HOSP-001-DEPT-ICU-20260224,PEX-KPI-DCF120177644
ISS-kpi_006-2FB2011F,Warning,ZERO_DENOMINATOR,kpi_006,HOSP-001,DEPT-ICU,2026-02-24,Zero denominator for kpi_006,processed_operational_daily.csv,OPD-HOSP-001-DEPT-ICU-20260224,PEX-KPI-DCF120177644
ISS-kpi_005-57C07873,Warning,ZERO_DENOMINATOR,kpi_005,HOSP-001,DEPT-ICU,2026-02-25,Zero denominator for kpi_005,processed_operational_daily.csv,OPD-HOSP-001-DEPT-ICU-20260225,PEX-KPI-DCF120177644
ISS-kpi_005-07483B03,Warning,ZERO_DENOMINATOR,kpi_005,HOSP-001,DEPT-ICU,2026-02-26,Zero denominator for kpi_005,processed_operational_daily.csv,OPD-HOSP-001-DEPT-ICU-20260226,PEX-KPI-DCF120177644
ISS-kpi_005-04790B08,Warning,ZERO_DENOMINATOR,kpi_005,HOSP-001,DEPT-ICU,2026-02-27,Zero denominator for kpi_005,processed_operational_daily.csv,OPD-HOSP-001-DEPT-ICU-20260227,PEX-KPI-DCF120177644
ISS-kpi_005-FDEFB21A,Warning,ZERO_DENOMINATOR,kpi_005,HOSP-001,DEPT-ICU,2026-02-28,Zero denominator for kpi_005,processed_operational_daily.csv,OPD-HOSP-001-DEPT-ICU-20260228,PEX-KPI-DCF120177644
ISS-kpi_005-85E0157E,Warning,ZERO_DENOMINATOR,kpi_005,HOSP-001,DEPT-ICU,2026-03-01,Zero denominator for kpi_005,processed_operational_daily.csv,OPD-HOSP-001-DEPT-ICU-20260301,PEX-KPI-DCF120177644
ISS-kpi_005-70B5020A,Warning,ZERO_DENOMINATOR,kpi_005,HOSP-001,DEPT-ICU,2026-03-02,Zero denominator for kpi_005,processed_operational_daily.csv,OPD-HOSP-001-DEPT-ICU-20260302,PEX-KPI-DCF120177644
ISS-kpi_005-37F4ED38,Warning,ZERO_DENOMINATOR,kpi_005,HOSP-001,DEPT-ICU,2026-03-03,Zero denominator for kpi_005,processed_operational_daily.csv,OPD-HOSP-001-DEPT-ICU-20260303,PEX-KPI-DCF120177644
ISS-kpi_005-83FE7E0B,Warning,ZERO_DENOMINATOR,kpi_005,HOSP-001,DEPT-ICU,2026-03-04,Zero denominator for kpi_005,processed_operational_daily.csv,OPD-HOSP-001-DEPT-ICU-20260304,PEX-KPI-DCF120177644
ISS-kpi_005-380AECEE,Warning,ZERO_DENOMINATOR,kpi_005,HOSP-001,DEPT-ICU,2026-03-05,Zero denominator for kpi_005,processed_operational_daily.csv,OPD-HOSP-001-DEPT-ICU-20260305,PEX-KPI-DCF120177644
ISS-kpi_005-68AB9089,Warning,ZERO_DENOMINATOR,kpi_005,HOSP-001,DEPT-ICU,2026-03-06,Zero denominator for kpi_005,processed_operational_daily.csv,OPD-HOSP-001-DEPT-ICU-20260306,PEX-KPI-DCF120177644
ISS-kpi_005-034CBEEE,Warning,ZERO_DENOMINATOR,kpi_005,HOSP-001,DEPT-ICU,2026-03-07,Zero denominator for kpi_005,processed_operational_daily.csv,OPD-HOSP-001-DEPT-ICU-20260307,PEX-KPI-DCF120177644
ISS-kpi_005-A64DC255,Warning,INSUFFICIENT_DATA,kpi_005,HOSP-001,DEPT-ICU,2026-03-08,Insufficient data for kpi_005,processed_operational_daily.csv,OPD-HOSP-001-DEPT-ICU-20260308,PEX-KPI-DCF120177644
ISS-kpi_006-80AE5946,Warning,INSUFFICIENT_DATA,kpi_006,HOSP-001,DEPT-ICU,2026-03-08,Insufficient data for kpi_006,processed_operational_daily.csv,OPD-HOSP-001-DEPT-ICU-20260308,PEX-KPI-DCF120177644
ISS-kpi_005-83836E2F,Warning,INSUFFICIENT_DATA,kpi_005,HOSP-001,DEPT-ICU,2026-03-09,Insufficient data for kpi_005,processed_operational_daily.csv,OPD-HOSP-001-DEPT-ICU-20260309,PEX-KPI-DCF120177644
ISS-kpi_006-55F19EBF,Warning,INSUFFICIENT_DATA,kpi_006,HOSP-001,DEPT-ICU,2026-03-09,Insufficient data for kpi_006,processed_operational_daily.csv,OPD-HOSP-001-DEPT-ICU-20260309,PEX-KPI-DCF120177644
ISS-kpi_005-ABE4DCC6,Warning,ZERO_DENOMINATOR,kpi_005,HOSP-001,DEPT-ICU,2026-03-10,Zero denominator for kpi_005,processed_operational_daily.csv,OPD-HOSP-001-DEPT-ICU-20260310,PEX-KPI-DCF120177644
ISS-kpi_005-6BC94D8B,Warning,ZERO_DENOMINATOR,kpi_005,HOSP-001,DEPT-ICU,2026-03-11,Zero denominator for kpi_005,processed_operational_daily.csv,OPD-HOSP-001-DEPT-ICU-20260311,PEX-KPI-DCF120177644
ISS-kpi_005-B9B8D1C9,Warning,ZERO_DENOMINATOR,kpi_005,HOSP-001,DEPT-ICU,2026-03-12,Zero denominator for kpi_005,processed_operational_daily.csv,OPD-HOSP-001-DEPT-ICU-20260312,PEX-KPI-DCF120177644
ISS-kpi_005-F5208772,Warning,ZERO_DENOMINATOR,kpi_005,HOSP-001,DEPT-ICU,2026-03-13,Zero denominator for kpi_005,processed_operational_daily.csv,OPD-HOSP-001-DEPT-ICU-20260313,PEX-KPI-DCF120177644
ISS-kpi_005-7265FE3B,Warning,ZERO_DENOMINATOR,kpi_005,HOSP-001,DEPT-ICU,2026-03-14,Zero denominator for kpi_005,processed_operational_daily.csv,OPD-HOSP-001-DEPT-ICU-20260314,PEX-KPI-DCF120177644
ISS-kpi_005-A86CE243,Warning,ZERO_DENOMINATOR,kpi_005,HOSP-001,DEPT-ICU,2026-03-15,Zero denominator for kpi_005,processed_operational_daily.csv,OPD-HOSP-001-DEPT-ICU-20260315,PEX-KPI-DCF120177644
ISS-kpi_005-68256043,Warning,ZERO_DENOMINATOR,kpi_005,HOSP-001,DEPT-ICU,2026-03-16,Zero denominator for kpi_005,processed_operational_daily.csv,OPD-HOSP-001-DEPT-ICU-20260316,PEX-KPI-DCF120177644
ISS-kpi_005-2A1F0F05,Warning,ZERO_DENOMINATOR,kpi_005,HOSP-001,DEPT-ICU,2026-03-17,Zero denominator for kpi_005,processed_operational_daily.csv,OPD-HOSP-001-DEPT-ICU-20260317,PEX-KPI-DCF120177644
ISS-kpi_005-5EB54A34,Warning,ZERO_DENOMINATOR,kpi_005,HOSP-001,DEPT-ICU,2026-03-18,Zero denominator for kpi_005,processed_operational_daily.csv,OPD-HOSP-001-DEPT-ICU-20260318,PEX-KPI-DCF120177644
ISS-kpi_006-AA0F6F77,Warning,ZERO_DENOMINATOR,kpi_006,HOSP-001,DEPT-ICU,2026-03-18,Zero denominator for kpi_006,processed_operational_daily.csv,OPD-HOSP-001-DEPT-ICU-20260318,PEX-KPI-DCF120177644
ISS-kpi_005-39D111F5,Warning,ZERO_DENOMINATOR,kpi_005,HOSP-001,DEPT-ICU,2026-03-19,Zero denominator for kpi_005,processed_operational_daily.csv,OPD-HOSP-001-DEPT-ICU-20260319,PEX-KPI-DCF120177644
ISS-kpi_006-9E64839E,Warning,ZERO_DENOMINATOR,kpi_006,HOSP-001,DEPT-ICU,2026-03-19,Zero denominator for kpi_006,processed_operational_daily.csv,OPD-HOSP-001-DEPT-ICU-20260319,PEX-KPI-DCF120177644
ISS-kpi_005-DF8A2F01,Warning,ZERO_DENOMINATOR,kpi_005,HOSP-001,DEPT-ICU,2026-03-20,Zero denominator for kpi_005,processed_operational_daily.csv,OPD-HOSP-001-DEPT-ICU-20260320,PEX-KPI-DCF120177644
ISS-kpi_005-72CF13F7,Warning,ZERO_DENOMINATOR,kpi_005,HOSP-001,DEPT-ICU,2026-03-21,Zero denominator for kpi_005,processed_operational_daily.csv,OPD-HOSP-001-DEPT-ICU-20260321,PEX-KPI-DCF120177644
ISS-kpi_005-4A61898F,Warning,ZERO_DENOMINATOR,kpi_005,HOSP-001,DEPT-ICU,2026-03-22,Zero denominator for kpi_005,processed_operational_daily.csv,OPD-HOSP-001-DEPT-ICU-20260322,PEX-KPI-DCF120177644
ISS-kpi_005-B334A52A,Warning,ZERO_DENOMINATOR,kpi_005,HOSP-001,DEPT-ICU,2026-03-23,Zero denominator for kpi_005,processed_operational_daily.csv,OPD-HOSP-001-DEPT-ICU-20260323,PEX-KPI-DCF120177644
ISS-kpi_006-74A08331,Warning,ZERO_DENOMINATOR,kpi_006,HOSP-001,DEPT-ICU,2026-03-23,Zero denominator for kpi_006,processed_operational_daily.csv,OPD-HOSP-001-DEPT-ICU-20260323,PEX-KPI-DCF120177644
ISS-kpi_005-5E34B1C0,Warning,ZERO_DENOMINATOR,kpi_005,HOSP-001,DEPT-ICU,2026-03-24,Zero denominator for kpi_005,processed_operational_daily.csv,OPD-HOSP-001-DEPT-ICU-20260324,PEX-KPI-DCF120177644
ISS-kpi_005-007CB328,Warning,ZERO_DENOMINATOR,kpi_005,HOSP-001,DEPT-ICU,2026-03-25,Zero denominator for kpi_005,processed_operational_daily.csv,OPD-HOSP-001-DEPT-ICU-20260325,PEX-KPI-DCF120177644
ISS-kpi_005-F4E4B01D,Warning,ZERO_DENOMINATOR,kpi_005,HOSP-001,DEPT-ICU,2026-03-26,Zero denominator for kpi_005,processed_operational_daily.csv,OPD-HOSP-001-DEPT-ICU-20260326,PEX-KPI-DCF120177644
ISS-kpi_006-4809F74C,Warning,ZERO_DENOMINATOR,kpi_006,HOSP-001,DEPT-ICU,2026-03-26,Zero denominator for kpi_006,processed_operational_daily.csv,OPD-HOSP-001-DEPT-ICU-20260326,PEX-KPI-DCF120177644
ISS-kpi_005-BC922AC2,Warning,ZERO_DENOMINATOR,kpi_005,HOSP-001,DEPT-ICU,2026-03-27,Zero denominator for kpi_005,processed_operational_daily.csv,OPD-HOSP-001-DEPT-ICU-20260327,PEX-KPI-DCF120177644
ISS-kpi_006-A729955E,Warning,ZERO_DENOMINATOR,kpi_006,HOSP-001,DEPT-ICU,2026-03-27,Zero denominator for kpi_006,processed_operational_daily.csv,OPD-HOSP-001-DEPT-ICU-20260327,PEX-KPI-DCF120177644
ISS-kpi_005-D1686861,Warning,ZERO_DENOMINATOR,kpi_005,HOSP-001,DEPT-ICU,2026-03-28,Zero denominator for kpi_005,processed_operational_daily.csv,OPD-HOSP-001-DEPT-ICU-20260328,PEX-KPI-DCF120177644
ISS-kpi_005-921D573F,Warning,INSUFFICIENT_DATA,kpi_005,HOSP-001,DEPT-ICU,2026-03-29,Insufficient data for kpi_005,processed_operational_daily.csv,OPD-HOSP-001-DEPT-ICU-20260329,PEX-KPI-DCF120177644
ISS-kpi_006-DD9BA649,Warning,INSUFFICIENT_DATA,kpi_006,HOSP-001,DEPT-ICU,2026-03-29,Insufficient data for kpi_006,processed_operational_daily.csv,OPD-HOSP-001-DEPT-ICU-20260329,PEX-KPI-DCF120177644
ISS-kpi_005-1AF2BC71,Warning,INSUFFICIENT_DATA,kpi_005,HOSP-001,DEPT-ICU,2026-03-30,Insufficient data for kpi_005,processed_operational_daily.csv,OPD-HOSP-001-DEPT-ICU-20260330,PEX-KPI-DCF120177644
ISS-kpi_006-58BB9DE8,Warning,INSUFFICIENT_DATA,kpi_006,HOSP-001,DEPT-ICU,2026-03-30,Insufficient data for kpi_006,processed_operational_daily.csv,OPD-HOSP-001-DEPT-ICU-20260330,PEX-KPI-DCF120177644
ISS-kpi_005-D575A909,Warning,ZERO_DENOMINATOR,kpi_005,HOSP-001,DEPT-ICU,2026-03-31,Zero denominator for kpi_005,processed_operational_daily.csv,OPD-HOSP-001-DEPT-ICU-20260331,PEX-KPI-DCF120177644
ISS-kpi_005-8AEE413E,Warning,INSUFFICIENT_DATA,kpi_005,HOSP-001,DEPT-ICU,2026-04-01,Insufficient data for kpi_005,processed_operational_daily.csv,OPD-HOSP-001-DEPT-ICU-20260401,PEX-KPI-DCF120177644
ISS-kpi_006-53C9F58F,Warning,INSUFFICIENT_DATA,kpi_006,HOSP-001,DEPT-ICU,2026-04-01,Insufficient data for kpi_006,processed_operational_daily.csv,OPD-HOSP-001-DEPT-ICU-20260401,PEX-KPI-DCF120177644
ISS-kpi_005-D2D2B7FC,Warning,ZERO_DENOMINATOR,kpi_005,HOSP-001,DEPT-ICU,2026-04-02,Zero denominator for kpi_005,processed_operational_daily.csv,OPD-HOSP-001-DEPT-ICU-20260402,PEX-KPI-DCF120177644
ISS-kpi_005-DCFFD74B,Warning,ZERO_DENOMINATOR,kpi_005,HOSP-001,DEPT-ICU,2026-04-03,Zero denominator for kpi_005,processed_operational_daily.csv,OPD-HOSP-001-DEPT-ICU-20260403,PEX-KPI-DCF120177644
ISS-kpi_005-238CA807,Warning,ZERO_DENOMINATOR,kpi_005,HOSP-001,DEPT-ICU,2026-04-04,Zero denominator for kpi_005,processed_operational_daily.csv,OPD-HOSP-001-DEPT-ICU-20260404,PEX-KPI-DCF120177644
ISS-kpi_005-857AEDF0,Warning,ZERO_DENOMINATOR,kpi_005,HOSP-001,DEPT-ICU,2026-04-05,Zero denominator for kpi_005,processed_operational_daily.csv,OPD-HOSP-001-DEPT-ICU-20260405,PEX-KPI-DCF120177644
ISS-kpi_005-D1A850C2,Warning,ZERO_DENOMINATOR,kpi_005,HOSP-001,DEPT-ICU,2026-04-06,Zero denominator for kpi_005,processed_operational_daily.csv,OPD-HOSP-001-DEPT-ICU-20260406,PEX-KPI-DCF120177644
ISS-kpi_005-DC7EAFBF,Warning,ZERO_DENOMINATOR,kpi_005,HOSP-001,DEPT-ICU,2026-04-07,Zero denominator for kpi_005,processed_operational_daily.csv,OPD-HOSP-001-DEPT-ICU-20260407,PEX-KPI-DCF120177644
ISS-kpi_005-5D346DB6,Warning,ZERO_DENOMINATOR,kpi_005,HOSP-001,DEPT-ICU,2026-04-08,Zero denominator for kpi_005,processed_operational_daily.csv,OPD-HOSP-001-DEPT-ICU-20260408,PEX-KPI-DCF120177644
ISS-kpi_005-A123BC31,Warning,ZERO_DENOMINATOR,kpi_005,HOSP-001,DEPT-ICU,2026-04-09,Zero denominator for kpi_005,processed_operational_daily.csv,OPD-HOSP-001-DEPT-ICU-20260409,PEX-KPI-DCF120177644
ISS-kpi_005-B8811975,Warning,ZERO_DENOMINATOR,kpi_005,HOSP-001,DEPT-ICU,2026-04-10,Zero denominator for kpi_005,processed_operational_daily.csv,OPD-HOSP-001-DEPT-ICU-20260410,PEX-KPI-DCF120177644
ISS-kpi_006-E27D1519,Warning,ZERO_DENOMINATOR,kpi_006,HOSP-001,DEPT-ICU,2026-04-10,Zero denominator for kpi_006,processed_operational_daily.csv,OPD-HOSP-001-DEPT-ICU-20260410,PEX-KPI-DCF120177644
ISS-kpi_005-59E7879A,Warning,ZERO_DENOMINATOR,kpi_005,HOSP-001,DEPT-ICU,2026-04-11,Zero denominator for kpi_005,processed_operational_daily.csv,OPD-HOSP-001-DEPT-ICU-20260411,PEX-KPI-DCF120177644
ISS-kpi_005-28FAF066,Warning,ZERO_DENOMINATOR,kpi_005,HOSP-001,DEPT-ICU,2026-04-12,Zero denominator for kpi_005,processed_operational_daily.csv,OPD-HOSP-001-DEPT-ICU-20260412,PEX-KPI-DCF120177644
ISS-kpi_005-E37B742D,Warning,ZERO_DENOMINATOR,kpi_005,HOSP-001,DEPT-ICU,2026-04-13,Zero denominator for kpi_005,processed_operational_daily.csv,OPD-HOSP-001-DEPT-ICU-20260413,PEX-KPI-DCF120177644
ISS-kpi_005-2EF1C64A,Warning,ZERO_DENOMINATOR,kpi_005,HOSP-001,DEPT-ICU,2026-04-14,Zero denominator for kpi_005,processed_operational_daily.csv,OPD-HOSP-001-DEPT-ICU-20260414,PEX-KPI-DCF120177644
ISS-kpi_005-9FDBFFD5,Warning,INSUFFICIENT_DATA,kpi_005,HOSP-001,DEPT-ICU,2026-04-15,Insufficient data for kpi_005,processed_operational_daily.csv,OPD-HOSP-001-DEPT-ICU-20260415,PEX-KPI-DCF120177644
ISS-kpi_006-B86378C9,Warning,INSUFFICIENT_DATA,kpi_006,HOSP-001,DEPT-ICU,2026-04-15,Insufficient data for kpi_006,processed_operational_daily.csv,OPD-HOSP-001-DEPT-ICU-20260415,PEX-KPI-DCF120177644
ISS-kpi_005-017A676D,Warning,ZERO_DENOMINATOR,kpi_005,HOSP-001,DEPT-ICU,2026-04-16,Zero denominator for kpi_005,processed_operational_daily.csv,OPD-HOSP-001-DEPT-ICU-20260416,PEX-KPI-DCF120177644
ISS-kpi_005-C2E3066B,Warning,ZERO_DENOMINATOR,kpi_005,HOSP-001,DEPT-ICU,2026-04-17,Zero denominator for kpi_005,processed_operational_daily.csv,OPD-HOSP-001-DEPT-ICU-20260417,PEX-KPI-DCF120177644
ISS-kpi_006-5A6B50EF,Warning,ZERO_DENOMINATOR,kpi_006,HOSP-001,DEPT-ICU,2026-04-17,Zero denominator for kpi_006,processed_operational_daily.csv,OPD-HOSP-001-DEPT-ICU-20260417,PEX-KPI-DCF120177644
ISS-kpi_005-51828E61,Warning,ZERO_DENOMINATOR,kpi_005,HOSP-001,DEPT-ICU,2026-04-18,Zero denominator for kpi_005,processed_operational_daily.csv,OPD-HOSP-001-DEPT-ICU-20260418,PEX-KPI-DCF120177644
ISS-kpi_005-A5D808C5,Warning,INSUFFICIENT_DATA,kpi_005,HOSP-001,DEPT-ICU,2026-04-19,Insufficient data for kpi_005,processed_operational_daily.csv,OPD-HOSP-001-DEPT-ICU-20260419,PEX-KPI-DCF120177644
ISS-kpi_006-C47277C0,Warning,INSUFFICIENT_DATA,kpi_006,HOSP-001,DEPT-ICU,2026-04-19,Insufficient data for kpi_006,processed_operational_daily.csv,OPD-HOSP-001-DEPT-ICU-20260419,PEX-KPI-DCF120177644
ISS-kpi_005-D1C2F6A8,Warning,ZERO_DENOMINATOR,kpi_005,HOSP-001,DEPT-ICU,2026-04-20,Zero denominator for kpi_005,processed_operational_daily.csv,OPD-HOSP-001-DEPT-ICU-20260420,PEX-KPI-DCF120177644
ISS-kpi_005-136BE3FF,Warning,ZERO_DENOMINATOR,kpi_005,HOSP-001,DEPT-ICU,2026-04-21,Zero denominator for kpi_005,processed_operational_daily.csv,OPD-HOSP-001-DEPT-ICU-20260421,PEX-KPI-DCF120177644
ISS-kpi_005-BA8BEE72,Warning,ZERO_DENOMINATOR,kpi_005,HOSP-001,DEPT-ICU,2026-04-22,Zero denominator for kpi_005,processed_operational_daily.csv,OPD-HOSP-001-DEPT-ICU-20260422,PEX-KPI-DCF120177644
ISS-kpi_005-52F031AB,Warning,ZERO_DENOMINATOR,kpi_005,HOSP-001,DEPT-ICU,2026-04-23,Zero denominator for kpi_005,processed_operational_daily.csv,OPD-HOSP-001-DEPT-ICU-20260423,PEX-KPI-DCF120177644
ISS-kpi_005-EB9D602D,Warning,INSUFFICIENT_DATA,kpi_005,HOSP-001,DEPT-ICU,2026-04-24,Insufficient data for kpi_005,processed_operational_daily.csv,OPD-HOSP-001-DEPT-ICU-20260424,PEX-KPI-DCF120177644
ISS-kpi_006-FEC7F850,Warning,INSUFFICIENT_DATA,kpi_006,HOSP-001,DEPT-ICU,2026-04-24,Insufficient data for kpi_006,processed_operational_daily.csv,OPD-HOSP-001-DEPT-ICU-20260424,PEX-KPI-DCF120177644
ISS-kpi_005-FF1ADAE3,Warning,ZERO_DENOMINATOR,kpi_005,HOSP-001,DEPT-ICU,2026-04-25,Zero denominator for kpi_005,processed_operational_daily.csv,OPD-HOSP-001-DEPT-ICU-20260425,PEX-KPI-DCF120177644
ISS-kpi_005-6C3C0531,Warning,INSUFFICIENT_DATA,kpi_005,HOSP-001,DEPT-ICU,2026-04-26,Insufficient data for kpi_005,processed_operational_daily.csv,OPD-HOSP-001-DEPT-ICU-20260426,PEX-KPI-DCF120177644
ISS-kpi_006-C0DAB437,Warning,INSUFFICIENT_DATA,kpi_006,HOSP-001,DEPT-ICU,2026-04-26,Insufficient data for kpi_006,processed_operational_daily.csv,OPD-HOSP-001-DEPT-ICU-20260426,PEX-KPI-DCF120177644
ISS-kpi_005-0FF7C03B,Warning,ZERO_DENOMINATOR,kpi_005,HOSP-001,DEPT-ICU,2026-04-27,Zero denominator for kpi_005,processed_operational_daily.csv,OPD-HOSP-001-DEPT-ICU-20260427,PEX-KPI-DCF120177644
ISS-kpi_005-2B1A83E7,Warning,ZERO_DENOMINATOR,kpi_005,HOSP-001,DEPT-ICU,2026-04-28,Zero denominator for kpi_005,processed_operational_daily.csv,OPD-HOSP-001-DEPT-ICU-20260428,PEX-KPI-DCF120177644
ISS-kpi_005-97691D7A,Warning,ZERO_DENOMINATOR,kpi_005,HOSP-001,DEPT-ICU,2026-04-29,Zero denominator for kpi_005,processed_operational_daily.csv,OPD-HOSP-001-DEPT-ICU-20260429,PEX-KPI-DCF120177644
ISS-kpi_005-01A54A39,Warning,ZERO_DENOMINATOR,kpi_005,HOSP-001,DEPT-ICU,2026-04-30,Zero denominator for kpi_005,processed_operational_daily.csv,OPD-HOSP-001-DEPT-ICU-20260430,PEX-KPI-DCF120177644
ISS-kpi_005-5210AE95,Warning,INSUFFICIENT_DATA,kpi_005,HOSP-001,DEPT-ICU,2026-05-01,Insufficient data for kpi_005,processed_operational_daily.csv,OPD-HOSP-001-DEPT-ICU-20260501,PEX-KPI-DCF120177644
ISS-kpi_006-6E80973E,Warning,INSUFFICIENT_DATA,kpi_006,HOSP-001,DEPT-ICU,2026-05-01,Insufficient data for kpi_006,processed_operational_daily.csv,OPD-HOSP-001-DEPT-ICU-20260501,PEX-KPI-DCF120177644
ISS-kpi_005-E8B97B86,Warning,ZERO_DENOMINATOR,kpi_005,HOSP-001,DEPT-ICU,2026-05-02,Zero denominator for kpi_005,processed_operational_daily.csv,OPD-HOSP-001-DEPT-ICU-20260502,PEX-KPI-DCF120177644
ISS-kpi_005-6367D7BC,Warning,ZERO_DENOMINATOR,kpi_005,HOSP-001,DEPT-ICU,2026-05-03,Zero denominator for kpi_005,processed_operational_daily.csv,OPD-HOSP-001-DEPT-ICU-20260503,PEX-KPI-DCF120177644
ISS-kpi_005-808A8947,Warning,ZERO_DENOMINATOR,kpi_005,HOSP-001,DEPT-ICU,2026-05-04,Zero denominator for kpi_005,processed_operational_daily.csv,OPD-HOSP-001-DEPT-ICU-20260504,PEX-KPI-DCF120177644
ISS-kpi_005-F4433C92,Warning,ZERO_DENOMINATOR,kpi_005,HOSP-001,DEPT-ICU,2026-05-05,Zero denominator for kpi_005,processed_operational_daily.csv,OPD-HOSP-001-DEPT-ICU-20260505,PEX-KPI-DCF120177644
ISS-kpi_005-3E30779D,Warning,INSUFFICIENT_DATA,kpi_005,HOSP-001,DEPT-ICU,2026-05-06,Insufficient data for kpi_005,processed_operational_daily.csv,OPD-HOSP-001-DEPT-ICU-20260506,PEX-KPI-DCF120177644
ISS-kpi_006-086B0498,Warning,INSUFFICIENT_DATA,kpi_006,HOSP-001,DEPT-ICU,2026-05-06,Insufficient data for kpi_006,processed_operational_daily.csv,OPD-HOSP-001-DEPT-ICU-20260506,PEX-KPI-DCF120177644
ISS-kpi_005-6535F300,Warning,ZERO_DENOMINATOR,kpi_005,HOSP-001,DEPT-ICU,2026-05-07,Zero denominator for kpi_005,processed_operational_daily.csv,OPD-HOSP-001-DEPT-ICU-20260507,PEX-KPI-DCF120177644
ISS-kpi_006-999A094C,Warning,ZERO_DENOMINATOR,kpi_006,HOSP-001,DEPT-ICU,2026-05-07,Zero denominator for kpi_006,processed_operational_daily.csv,OPD-HOSP-001-DEPT-ICU-20260507,PEX-KPI-DCF120177644
ISS-kpi_005-15E30AAB,Warning,ZERO_DENOMINATOR,kpi_005,HOSP-001,DEPT-ICU,2026-05-08,Zero denominator for kpi_005,processed_operational_daily.csv,OPD-HOSP-001-DEPT-ICU-20260508,PEX-KPI-DCF120177644
ISS-kpi_005-7C55FAD9,Warning,ZERO_DENOMINATOR,kpi_005,HOSP-001,DEPT-ICU,2026-05-09,Zero denominator for kpi_005,processed_operational_daily.csv,OPD-HOSP-001-DEPT-ICU-20260509,PEX-KPI-DCF120177644
ISS-kpi_005-24669D68,Warning,ZERO_DENOMINATOR,kpi_005,HOSP-001,DEPT-ICU,2026-05-10,Zero denominator for kpi_005,processed_operational_daily.csv,OPD-HOSP-001-DEPT-ICU-20260510,PEX-KPI-DCF120177644
ISS-kpi_005-3A7A31EE,Warning,ZERO_DENOMINATOR,kpi_005,HOSP-001,DEPT-ICU,2026-05-11,Zero denominator for kpi_005,processed_operational_daily.csv,OPD-HOSP-001-DEPT-ICU-20260511,PEX-KPI-DCF120177644
ISS-kpi_005-AAED6A1C,Warning,ZERO_DENOMINATOR,kpi_005,HOSP-001,DEPT-ICU,2026-05-12,Zero denominator for kpi_005,processed_operational_daily.csv,OPD-HOSP-001-DEPT-ICU-20260512,PEX-KPI-DCF120177644
ISS-kpi_005-92861D17,Warning,ZERO_DENOMINATOR,kpi_005,HOSP-001,DEPT-ICU,2026-05-13,Zero denominator for kpi_005,processed_operational_daily.csv,OPD-HOSP-001-DEPT-ICU-20260513,PEX-KPI-DCF120177644
ISS-kpi_005-BC609B6B,Warning,ZERO_DENOMINATOR,kpi_005,HOSP-001,DEPT-ICU,2026-05-14,Zero denominator for kpi_005,processed_operational_daily.csv,OPD-HOSP-001-DEPT-ICU-20260514,PEX-KPI-DCF120177644
ISS-kpi_005-0D125CDE,Warning,ZERO_DENOMINATOR,kpi_005,HOSP-001,DEPT-ICU,2026-05-15,Zero denominator for kpi_005,processed_operational_daily.csv,OPD-HOSP-001-DEPT-ICU-20260515,PEX-KPI-DCF120177644
ISS-kpi_005-B06972E3,Warning,ZERO_DENOMINATOR,kpi_005,HOSP-001,DEPT-ICU,2026-05-16,Zero denominator for kpi_005,processed_operational_daily.csv,OPD-HOSP-001-DEPT-ICU-20260516,PEX-KPI-DCF120177644
ISS-kpi_005-6CA54578,Warning,ZERO_DENOMINATOR,kpi_005,HOSP-001,DEPT-ICU,2026-05-17,Zero denominator for kpi_005,processed_operational_daily.csv,OPD-HOSP-001-DEPT-ICU-20260517,PEX-KPI-DCF120177644
ISS-kpi_005-421A6520,Warning,ZERO_DENOMINATOR,kpi_005,HOSP-001,DEPT-ICU,2026-05-18,Zero denominator for kpi_005,processed_operational_daily.csv,OPD-HOSP-001-DEPT-ICU-20260518,PEX-KPI-DCF120177644
ISS-kpi_006-FF84279C,Warning,ZERO_DENOMINATOR,kpi_006,HOSP-001,DEPT-ICU,2026-05-18,Zero denominator for kpi_006,processed_operational_daily.csv,OPD-HOSP-001-DEPT-ICU-20260518,PEX-KPI-DCF120177644
ISS-kpi_005-2FF063E5,Warning,ZERO_DENOMINATOR,kpi_005,HOSP-001,DEPT-ICU,2026-05-19,Zero denominator for kpi_005,processed_operational_daily.csv,OPD-HOSP-001-DEPT-ICU-20260519,PEX-KPI-DCF120177644
ISS-kpi_005-387FFF98,Warning,ZERO_DENOMINATOR,kpi_005,HOSP-001,DEPT-ICU,2026-05-20,Zero denominator for kpi_005,processed_operational_daily.csv,OPD-HOSP-001-DEPT-ICU-20260520,PEX-KPI-DCF120177644
ISS-kpi_005-C4F015CF,Warning,ZERO_DENOMINATOR,kpi_005,HOSP-001,DEPT-ICU,2026-05-21,Zero denominator for kpi_005,processed_operational_daily.csv,OPD-HOSP-001-DEPT-ICU-20260521,PEX-KPI-DCF120177644
ISS-kpi_005-158CE37B,Warning,ZERO_DENOMINATOR,kpi_005,HOSP-001,DEPT-ICU,2026-05-22,Zero denominator for kpi_005,processed_operational_daily.csv,OPD-HOSP-001-DEPT-ICU-20260522,PEX-KPI-DCF120177644
ISS-kpi_005-DA8D3CC9,Warning,ZERO_DENOMINATOR,kpi_005,HOSP-001,DEPT-ICU,2026-05-23,Zero denominator for kpi_005,processed_operational_daily.csv,OPD-HOSP-001-DEPT-ICU-20260523,PEX-KPI-DCF120177644
ISS-kpi_005-DF84F8F2,Warning,ZERO_DENOMINATOR,kpi_005,HOSP-001,DEPT-ICU,2026-05-24,Zero denominator for kpi_005,processed_operational_daily.csv,OPD-HOSP-001-DEPT-ICU-20260524,PEX-KPI-DCF120177644
ISS-kpi_005-569E2980,Warning,ZERO_DENOMINATOR,kpi_005,HOSP-001,DEPT-ICU,2026-05-25,Zero denominator for kpi_005,processed_operational_daily.csv,OPD-HOSP-001-DEPT-ICU-20260525,PEX-KPI-DCF120177644
ISS-kpi_005-5791ABB7,Warning,ZERO_DENOMINATOR,kpi_005,HOSP-001,DEPT-ICU,2026-05-26,Zero denominator for kpi_005,processed_operational_daily.csv,OPD-HOSP-001-DEPT-ICU-20260526,PEX-KPI-DCF120177644
ISS-kpi_005-2820AF0E,Warning,ZERO_DENOMINATOR,kpi_005,HOSP-001,DEPT-ICU,2026-05-27,Zero denominator for kpi_005,processed_operational_daily.csv,OPD-HOSP-001-DEPT-ICU-20260527,PEX-KPI-DCF120177644
ISS-kpi_005-6C522C53,Warning,ZERO_DENOMINATOR,kpi_005,HOSP-001,DEPT-ICU,2026-05-28,Zero denominator for kpi_005,processed_operational_daily.csv,OPD-HOSP-001-DEPT-ICU-20260528,PEX-KPI-DCF120177644
ISS-kpi_005-E007407E,Warning,ZERO_DENOMINATOR,kpi_005,HOSP-001,DEPT-ICU,2026-05-29,Zero denominator for kpi_005,processed_operational_daily.csv,OPD-HOSP-001-DEPT-ICU-20260529,PEX-KPI-DCF120177644
ISS-kpi_005-707A55A7,Warning,ZERO_DENOMINATOR,kpi_005,HOSP-001,DEPT-ICU,2026-05-30,Zero denominator for kpi_005,processed_operational_daily.csv,OPD-HOSP-001-DEPT-ICU-20260530,PEX-KPI-DCF120177644
ISS-kpi_005-723A1DED,Warning,ZERO_DENOMINATOR,kpi_005,HOSP-001,DEPT-ICU,2026-05-31,Zero denominator for kpi_005,processed_operational_daily.csv,OPD-HOSP-001-DEPT-ICU-20260531,PEX-KPI-DCF120177644
ISS-kpi_005-900BAA62,Warning,ZERO_DENOMINATOR,kpi_005,HOSP-001,DEPT-ICU,2026-06-01,Zero denominator for kpi_005,processed_operational_daily.csv,OPD-HOSP-001-DEPT-ICU-20260601,PEX-KPI-DCF120177644
ISS-kpi_005-BA4E0F6A,Warning,ZERO_DENOMINATOR,kpi_005,HOSP-001,DEPT-ICU,2026-06-02,Zero denominator for kpi_005,processed_operational_daily.csv,OPD-HOSP-001-DEPT-ICU-20260602,PEX-KPI-DCF120177644
ISS-kpi_006-E86A06F5,Warning,ZERO_DENOMINATOR,kpi_006,HOSP-001,DEPT-ICU,2026-06-02,Zero denominator for kpi_006,processed_operational_daily.csv,OPD-HOSP-001-DEPT-ICU-20260602,PEX-KPI-DCF120177644
ISS-kpi_005-B53F31D2,Warning,ZERO_DENOMINATOR,kpi_005,HOSP-001,DEPT-ICU,2026-06-03,Zero denominator for kpi_005,processed_operational_daily.csv,OPD-HOSP-001-DEPT-ICU-20260603,PEX-KPI-DCF120177644
ISS-kpi_005-45A3021D,Warning,ZERO_DENOMINATOR,kpi_005,HOSP-001,DEPT-ICU,2026-06-04,Zero denominator for kpi_005,processed_operational_daily.csv,OPD-HOSP-001-DEPT-ICU-20260604,PEX-KPI-DCF120177644
ISS-kpi_005-52DE2045,Warning,ZERO_DENOMINATOR,kpi_005,HOSP-001,DEPT-ICU,2026-06-05,Zero denominator for kpi_005,processed_operational_daily.csv,OPD-HOSP-001-DEPT-ICU-20260605,PEX-KPI-DCF120177644
ISS-kpi_005-51E0174D,Warning,ZERO_DENOMINATOR,kpi_005,HOSP-001,DEPT-ICU,2026-06-06,Zero denominator for kpi_005,processed_operational_daily.csv,OPD-HOSP-001-DEPT-ICU-20260606,PEX-KPI-DCF120177644
ISS-kpi_005-813628E8,Warning,INSUFFICIENT_DATA,kpi_005,HOSP-001,DEPT-ICU,2026-06-07,Insufficient data for kpi_005,processed_operational_daily.csv,OPD-HOSP-001-DEPT-ICU-20260607,PEX-KPI-DCF120177644
ISS-kpi_006-00A9C58F,Warning,INSUFFICIENT_DATA,kpi_006,HOSP-001,DEPT-ICU,2026-06-07,Insufficient data for kpi_006,processed_operational_daily.csv,OPD-HOSP-001-DEPT-ICU-20260607,PEX-KPI-DCF120177644
ISS-kpi_005-C256E816,Warning,ZERO_DENOMINATOR,kpi_005,HOSP-001,DEPT-ICU,2026-06-08,Zero denominator for kpi_005,processed_operational_daily.csv,OPD-HOSP-001-DEPT-ICU-20260608,PEX-KPI-DCF120177644
ISS-kpi_005-704240AC,Warning,INSUFFICIENT_DATA,kpi_005,HOSP-001,DEPT-ICU,2026-06-09,Insufficient data for kpi_005,processed_operational_daily.csv,OPD-HOSP-001-DEPT-ICU-20260609,PEX-KPI-DCF120177644
ISS-kpi_006-1218C7D7,Warning,INSUFFICIENT_DATA,kpi_006,HOSP-001,DEPT-ICU,2026-06-09,Insufficient data for kpi_006,processed_operational_daily.csv,OPD-HOSP-001-DEPT-ICU-20260609,PEX-KPI-DCF120177644
ISS-kpi_005-852A0A27,Warning,ZERO_DENOMINATOR,kpi_005,HOSP-001,DEPT-ICU,2026-06-10,Zero denominator for kpi_005,processed_operational_daily.csv,OPD-HOSP-001-DEPT-ICU-20260610,PEX-KPI-DCF120177644
ISS-kpi_005-187AC0D1,Warning,ZERO_DENOMINATOR,kpi_005,HOSP-001,DEPT-ICU,2026-06-11,Zero denominator for kpi_005,processed_operational_daily.csv,OPD-HOSP-001-DEPT-ICU-20260611,PEX-KPI-DCF120177644
ISS-kpi_006-18FC9EF1,Warning,ZERO_DENOMINATOR,kpi_006,HOSP-001,DEPT-ICU,2026-06-11,Zero denominator for kpi_006,processed_operational_daily.csv,OPD-HOSP-001-DEPT-ICU-20260611,PEX-KPI-DCF120177644
ISS-kpi_005-64E74E1D,Warning,ZERO_DENOMINATOR,kpi_005,HOSP-001,DEPT-ICU,2026-06-12,Zero denominator for kpi_005,processed_operational_daily.csv,OPD-HOSP-001-DEPT-ICU-20260612,PEX-KPI-DCF120177644
ISS-kpi_005-7AF7BE8F,Warning,ZERO_DENOMINATOR,kpi_005,HOSP-001,DEPT-ICU,2026-06-13,Zero denominator for kpi_005,processed_operational_daily.csv,OPD-HOSP-001-DEPT-ICU-20260613,PEX-KPI-DCF120177644
ISS-kpi_005-74731A2C,Warning,ZERO_DENOMINATOR,kpi_005,HOSP-001,DEPT-ICU,2026-06-14,Zero denominator for kpi_005,processed_operational_daily.csv,OPD-HOSP-001-DEPT-ICU-20260614,PEX-KPI-DCF120177644
ISS-kpi_005-72E0EA2F,Warning,ZERO_DENOMINATOR,kpi_005,HOSP-001,DEPT-ICU,2026-06-15,Zero denominator for kpi_005,processed_operational_daily.csv,OPD-HOSP-001-DEPT-ICU-20260615,PEX-KPI-DCF120177644
ISS-kpi_005-A22469DD,Warning,ZERO_DENOMINATOR,kpi_005,HOSP-001,DEPT-ICU,2026-06-16,Zero denominator for kpi_005,processed_operational_daily.csv,OPD-HOSP-001-DEPT-ICU-20260616,PEX-KPI-DCF120177644
ISS-kpi_005-C32D9D0B,Warning,ZERO_DENOMINATOR,kpi_005,HOSP-001,DEPT-ICU,2026-06-17,Zero denominator for kpi_005,processed_operational_daily.csv,OPD-HOSP-001-DEPT-ICU-20260617,PEX-KPI-DCF120177644
ISS-kpi_005-B8F51CBA,Warning,ZERO_DENOMINATOR,kpi_005,HOSP-001,DEPT-ICU,2026-06-18,Zero denominator for kpi_005,processed_operational_daily.csv,OPD-HOSP-001-DEPT-ICU-20260618,PEX-KPI-DCF120177644
ISS-kpi_005-A8571518,Warning,ZERO_DENOMINATOR,kpi_005,HOSP-001,DEPT-ICU,2026-06-19,Zero denominator for kpi_005,processed_operational_daily.csv,OPD-HOSP-001-DEPT-ICU-20260619,PEX-KPI-DCF120177644
ISS-kpi_005-33F2CA65,Warning,ZERO_DENOMINATOR,kpi_005,HOSP-001,DEPT-ICU,2026-06-20,Zero denominator for kpi_005,processed_operational_daily.csv,OPD-HOSP-001-DEPT-ICU-20260620,PEX-KPI-DCF120177644
ISS-kpi_005-3A9FE032,Warning,ZERO_DENOMINATOR,kpi_005,HOSP-001,DEPT-ICU,2026-06-21,Zero denominator for kpi_005,processed_operational_daily.csv,OPD-HOSP-001-DEPT-ICU-20260621,PEX-KPI-DCF120177644
ISS-kpi_005-83723591,Warning,INSUFFICIENT_DATA,kpi_005,HOSP-001,DEPT-ICU,2026-06-22,Insufficient data for kpi_005,processed_operational_daily.csv,OPD-HOSP-001-DEPT-ICU-20260622,PEX-KPI-DCF120177644
ISS-kpi_006-76859D64,Warning,INSUFFICIENT_DATA,kpi_006,HOSP-001,DEPT-ICU,2026-06-22,Insufficient data for kpi_006,processed_operational_daily.csv,OPD-HOSP-001-DEPT-ICU-20260622,PEX-KPI-DCF120177644
ISS-kpi_005-33EFF43E,Warning,ZERO_DENOMINATOR,kpi_005,HOSP-001,DEPT-ICU,2026-06-23,Zero denominator for kpi_005,processed_operational_daily.csv,OPD-HOSP-001-DEPT-ICU-20260623,PEX-KPI-DCF120177644
ISS-kpi_005-07E580F9,Warning,ZERO_DENOMINATOR,kpi_005,HOSP-001,DEPT-ICU,2026-06-24,Zero denominator for kpi_005,processed_operational_daily.csv,OPD-HOSP-001-DEPT-ICU-20260624,PEX-KPI-DCF120177644
ISS-kpi_005-DA0CAE9A,Warning,ZERO_DENOMINATOR,kpi_005,HOSP-001,DEPT-ICU,2026-06-25,Zero denominator for kpi_005,processed_operational_daily.csv,OPD-HOSP-001-DEPT-ICU-20260625,PEX-KPI-DCF120177644
ISS-kpi_005-DF28E073,Warning,ZERO_DENOMINATOR,kpi_005,HOSP-001,DEPT-ICU,2026-06-26,Zero denominator for kpi_005,processed_operational_daily.csv,OPD-HOSP-001-DEPT-ICU-20260626,PEX-KPI-DCF120177644
ISS-kpi_005-AA3DE290,Warning,ZERO_DENOMINATOR,kpi_005,HOSP-001,DEPT-ICU,2026-06-27,Zero denominator for kpi_005,processed_operational_daily.csv,OPD-HOSP-001-DEPT-ICU-20260627,PEX-KPI-DCF120177644
ISS-kpi_005-08490C01,Warning,ZERO_DENOMINATOR,kpi_005,HOSP-001,DEPT-ICU,2026-06-28,Zero denominator for kpi_005,processed_operational_daily.csv,OPD-HOSP-001-DEPT-ICU-20260628,PEX-KPI-DCF120177644
ISS-kpi_005-851017A1,Warning,ZERO_DENOMINATOR,kpi_005,HOSP-001,DEPT-ICU,2026-06-29,Zero denominator for kpi_005,processed_operational_daily.csv,OPD-HOSP-001-DEPT-ICU-20260629,PEX-KPI-DCF120177644
ISS-kpi_006-815FEE6E,Warning,ZERO_DENOMINATOR,kpi_006,HOSP-001,DEPT-ICU,2026-06-29,Zero denominator for kpi_006,processed_operational_daily.csv,OPD-HOSP-001-DEPT-ICU-20260629,PEX-KPI-DCF120177644
ISS-kpi_005-7BAF89EF,Warning,ZERO_DENOMINATOR,kpi_005,HOSP-001,DEPT-ICU,2026-06-30,Zero denominator for kpi_005,processed_operational_daily.csv,OPD-HOSP-001-DEPT-ICU-20260630,PEX-KPI-DCF120177644
ISS-kpi_005-EFA57953,Warning,ZERO_DENOMINATOR,kpi_005,HOSP-001,DEPT-ICU,2026-07-01,Zero denominator for kpi_005,processed_operational_daily.csv,OPD-HOSP-001-DEPT-ICU-20260701,PEX-KPI-DCF120177644
ISS-kpi_005-B81886B2,Warning,ZERO_DENOMINATOR,kpi_005,HOSP-001,DEPT-ICU,2026-07-02,Zero denominator for kpi_005,processed_operational_daily.csv,OPD-HOSP-001-DEPT-ICU-20260702,PEX-KPI-DCF120177644
ISS-kpi_005-2FC8A3DF,Warning,ZERO_DENOMINATOR,kpi_005,HOSP-001,DEPT-ICU,2026-07-03,Zero denominator for kpi_005,processed_operational_daily.csv,OPD-HOSP-001-DEPT-ICU-20260703,PEX-KPI-DCF120177644
ISS-kpi_005-379A04AD,Warning,ZERO_DENOMINATOR,kpi_005,HOSP-001,DEPT-ICU,2026-07-04,Zero denominator for kpi_005,processed_operational_daily.csv,OPD-HOSP-001-DEPT-ICU-20260704,PEX-KPI-DCF120177644
ISS-kpi_005-9713E38E,Warning,ZERO_DENOMINATOR,kpi_005,HOSP-001,DEPT-ICU,2026-07-05,Zero denominator for kpi_005,processed_operational_daily.csv,OPD-HOSP-001-DEPT-ICU-20260705,PEX-KPI-DCF120177644
ISS-kpi_005-A757A686,Warning,INSUFFICIENT_DATA,kpi_005,HOSP-001,DEPT-ICU,2026-07-06,Insufficient data for kpi_005,processed_operational_daily.csv,OPD-HOSP-001-DEPT-ICU-20260706,PEX-KPI-DCF120177644
ISS-kpi_006-E6E0C9F0,Warning,INSUFFICIENT_DATA,kpi_006,HOSP-001,DEPT-ICU,2026-07-06,Insufficient data for kpi_006,processed_operational_daily.csv,OPD-HOSP-001-DEPT-ICU-20260706,PEX-KPI-DCF120177644
ISS-kpi_005-47C1711E,Warning,ZERO_DENOMINATOR,kpi_005,HOSP-001,DEPT-ICU,2026-07-07,Zero denominator for kpi_005,processed_operational_daily.csv,OPD-HOSP-001-DEPT-ICU-20260707,PEX-KPI-DCF120177644
ISS-kpi_006-ED05486E,Warning,ZERO_DENOMINATOR,kpi_006,HOSP-001,DEPT-ICU,2026-07-07,Zero denominator for kpi_006,processed_operational_daily.csv,OPD-HOSP-001-DEPT-ICU-20260707,PEX-KPI-DCF120177644
ISS-kpi_005-B16AC5E8,Warning,ZERO_DENOMINATOR,kpi_005,HOSP-001,DEPT-ICU,2026-07-08,Zero denominator for kpi_005,processed_operational_daily.csv,OPD-HOSP-001-DEPT-ICU-20260708,PEX-KPI-DCF120177644
ISS-kpi_005-B911D7E6,Warning,ZERO_DENOMINATOR,kpi_005,HOSP-001,DEPT-ICU,2026-07-09,Zero denominator for kpi_005,processed_operational_daily.csv,OPD-HOSP-001-DEPT-ICU-20260709,PEX-KPI-DCF120177644
ISS-kpi_005-8DD1D5F0,Warning,ZERO_DENOMINATOR,kpi_005,HOSP-001,DEPT-ICU,2026-07-10,Zero denominator for kpi_005,processed_operational_daily.csv,OPD-HOSP-001-DEPT-ICU-20260710,PEX-KPI-DCF120177644
ISS-kpi_005-84B1BDE7,Warning,ZERO_DENOMINATOR,kpi_005,HOSP-001,DEPT-ICU,2026-07-11,Zero denominator for kpi_005,processed_operational_daily.csv,OPD-HOSP-001-DEPT-ICU-20260711,PEX-KPI-DCF120177644
ISS-kpi_005-3439FDFE,Warning,ZERO_DENOMINATOR,kpi_005,HOSP-001,DEPT-ICU,2026-07-12,Zero denominator for kpi_005,processed_operational_daily.csv,OPD-HOSP-001-DEPT-ICU-20260712,PEX-KPI-DCF120177644
ISS-kpi_005-91B7DAFB,Warning,ZERO_DENOMINATOR,kpi_005,HOSP-001,DEPT-ICU,2026-07-13,Zero denominator for kpi_005,processed_operational_daily.csv,OPD-HOSP-001-DEPT-ICU-20260713,PEX-KPI-DCF120177644
ISS-kpi_006-F76AE8FD,Warning,ZERO_DENOMINATOR,kpi_006,HOSP-001,DEPT-ICU,2026-07-13,Zero denominator for kpi_006,processed_operational_daily.csv,OPD-HOSP-001-DEPT-ICU-20260713,PEX-KPI-DCF120177644
ISS-kpi_005-2386D6D1,Warning,INSUFFICIENT_DATA,kpi_005,HOSP-001,DEPT-ICU,2026-07-14,Insufficient data for kpi_005,processed_operational_daily.csv,OPD-HOSP-001-DEPT-ICU-20260714,PEX-KPI-DCF120177644
ISS-kpi_006-532F540B,Warning,INSUFFICIENT_DATA,kpi_006,HOSP-001,DEPT-ICU,2026-07-14,Insufficient data for kpi_006,processed_operational_daily.csv,OPD-HOSP-001-DEPT-ICU-20260714,PEX-KPI-DCF120177644
ISS-kpi_005-40B91AA0,Warning,ZERO_DENOMINATOR,kpi_005,HOSP-001,DEPT-ICU,2026-07-15,Zero denominator for kpi_005,processed_operational_daily.csv,OPD-HOSP-001-DEPT-ICU-20260715,PEX-KPI-DCF120177644
ISS-kpi_005-0068513F,Warning,ZERO_DENOMINATOR,kpi_005,HOSP-001,DEPT-ICU,2026-07-16,Zero denominator for kpi_005,processed_operational_daily.csv,OPD-HOSP-001-DEPT-ICU-20260716,PEX-KPI-DCF120177644
ISS-kpi_005-FD089001,Warning,INSUFFICIENT_DATA,kpi_005,HOSP-001,DEPT-ICU,2026-07-17,Insufficient data for kpi_005,processed_operational_daily.csv,OPD-HOSP-001-DEPT-ICU-20260717,PEX-KPI-DCF120177644
ISS-kpi_006-AE93B30D,Warning,INSUFFICIENT_DATA,kpi_006,HOSP-001,DEPT-ICU,2026-07-17,Insufficient data for kpi_006,processed_operational_daily.csv,OPD-HOSP-001-DEPT-ICU-20260717,PEX-KPI-DCF120177644
ISS-kpi_005-2E48699C,Warning,ZERO_DENOMINATOR,kpi_005,HOSP-001,DEPT-ICU,2026-07-18,Zero denominator for kpi_005,processed_operational_daily.csv,OPD-HOSP-001-DEPT-ICU-20260718,PEX-KPI-DCF120177644
ISS-kpi_005-EEB56AA2,Warning,ZERO_DENOMINATOR,kpi_005,HOSP-001,DEPT-ICU,2026-07-19,Zero denominator for kpi_005,processed_operational_daily.csv,OPD-HOSP-001-DEPT-ICU-20260719,PEX-KPI-DCF120177644
ISS-kpi_005-EFA84E67,Warning,ZERO_DENOMINATOR,kpi_005,HOSP-001,DEPT-ICU,2026-07-20,Zero denominator for kpi_005,processed_operational_daily.csv,OPD-HOSP-001-DEPT-ICU-20260720,PEX-KPI-DCF120177644
ISS-kpi_006-304D6BDD,Warning,ZERO_DENOMINATOR,kpi_006,HOSP-001,DEPT-ICU,2026-07-20,Zero denominator for kpi_006,processed_operational_daily.csv,OPD-HOSP-001-DEPT-ICU-20260720,PEX-KPI-DCF120177644
ISS-kpi_005-9D8C62A8,Warning,ZERO_DENOMINATOR,kpi_005,HOSP-001,DEPT-ICU,2026-07-21,Zero denominator for kpi_005,processed_operational_daily.csv,OPD-HOSP-001-DEPT-ICU-20260721,PEX-KPI-DCF120177644
ISS-kpi_005-2800F132,Warning,ZERO_DENOMINATOR,kpi_005,HOSP-001,DEPT-ICU,2026-07-22,Zero denominator for kpi_005,processed_operational_daily.csv,OPD-HOSP-001-DEPT-ICU-20260722,PEX-KPI-DCF120177644
ISS-kpi_005-45019F2E,Warning,ZERO_DENOMINATOR,kpi_005,HOSP-001,DEPT-ICU,2026-07-23,Zero denominator for kpi_005,processed_operational_daily.csv,OPD-HOSP-001-DEPT-ICU-20260723,PEX-KPI-DCF120177644
ISS-kpi_005-CC8368DA,Warning,ZERO_DENOMINATOR,kpi_005,HOSP-001,DEPT-ICU,2026-07-24,Zero denominator for kpi_005,processed_operational_daily.csv,OPD-HOSP-001-DEPT-ICU-20260724,PEX-KPI-DCF120177644
ISS-kpi_005-672992A7,Warning,ZERO_DENOMINATOR,kpi_005,HOSP-001,DEPT-ICU,2026-07-25,Zero denominator for kpi_005,processed_operational_daily.csv,OPD-HOSP-001-DEPT-ICU-20260725,PEX-KPI-DCF120177644
ISS-kpi_005-B0561BC4,Warning,INSUFFICIENT_DATA,kpi_005,HOSP-001,DEPT-ICU,2026-07-26,Insufficient data for kpi_005,processed_operational_daily.csv,OPD-HOSP-001-DEPT-ICU-20260726,PEX-KPI-DCF120177644
ISS-kpi_006-2CE97DC2,Warning,INSUFFICIENT_DATA,kpi_006,HOSP-001,DEPT-ICU,2026-07-26,Insufficient data for kpi_006,processed_operational_daily.csv,OPD-HOSP-001-DEPT-ICU-20260726,PEX-KPI-DCF120177644
ISS-kpi_005-01A6AB39,Warning,ZERO_DENOMINATOR,kpi_005,HOSP-001,DEPT-ICU,2026-07-27,Zero denominator for kpi_005,processed_operational_daily.csv,OPD-HOSP-001-DEPT-ICU-20260727,PEX-KPI-DCF120177644
ISS-kpi_005-3A546AF7,Warning,ZERO_DENOMINATOR,kpi_005,HOSP-001,DEPT-ICU,2026-07-28,Zero denominator for kpi_005,processed_operational_daily.csv,OPD-HOSP-001-DEPT-ICU-20260728,PEX-KPI-DCF120177644
ISS-kpi_005-FFF0FD82,Warning,ZERO_DENOMINATOR,kpi_005,HOSP-001,DEPT-ICU,2026-07-29,Zero denominator for kpi_005,processed_operational_daily.csv,OPD-HOSP-001-DEPT-ICU-20260729,PEX-KPI-DCF120177644
ISS-kpi_005-22078264,Warning,ZERO_DENOMINATOR,kpi_005,HOSP-001,DEPT-ICU,2026-07-30,Zero denominator for kpi_005,processed_operational_daily.csv,OPD-HOSP-001-DEPT-ICU-20260730,PEX-KPI-DCF120177644
ISS-kpi_005-0B084865,Warning,ZERO_DENOMINATOR,kpi_005,HOSP-001,DEPT-ICU,2026-07-31,Zero denominator for kpi_005,processed_operational_daily.csv,OPD-HOSP-001-DEPT-ICU-20260731,PEX-KPI-DCF120177644
ISS-kpi_005-E9E90130,Warning,ZERO_DENOMINATOR,kpi_005,HOSP-001,DEPT-ICU,2026-08-01,Zero denominator for kpi_005,processed_operational_daily.csv,OPD-HOSP-001-DEPT-ICU-20260801,PEX-KPI-DCF120177644
ISS-kpi_005-74651CA6,Warning,ZERO_DENOMINATOR,kpi_005,HOSP-001,DEPT-ICU,2026-08-02,Zero denominator for kpi_005,processed_operational_daily.csv,OPD-HOSP-001-DEPT-ICU-20260802,PEX-KPI-DCF120177644
ISS-kpi_005-89D1AB69,Warning,INSUFFICIENT_DATA,kpi_005,HOSP-001,DEPT-ICU,2026-08-03,Insufficient data for kpi_005,processed_operational_daily.csv,OPD-HOSP-001-DEPT-ICU-20260803,PEX-KPI-DCF120177644
ISS-kpi_006-DFB2C232,Warning,INSUFFICIENT_DATA,kpi_006,HOSP-001,DEPT-ICU,2026-08-03,Insufficient data for kpi_006,processed_operational_daily.csv,OPD-HOSP-001-DEPT-ICU-20260803,PEX-KPI-DCF120177644
ISS-kpi_005-120937CD,Warning,ZERO_DENOMINATOR,kpi_005,HOSP-001,DEPT-ICU,2026-08-04,Zero denominator for kpi_005,processed_operational_daily.csv,OPD-HOSP-001-DEPT-ICU-20260804,PEX-KPI-DCF120177644
ISS-kpi_005-529A7F8A,Warning,ZERO_DENOMINATOR,kpi_005,HOSP-001,DEPT-ICU,2026-08-05,Zero denominator for kpi_005,processed_operational_daily.csv,OPD-HOSP-001-DEPT-ICU-20260805,PEX-KPI-DCF120177644
ISS-kpi_006-0A7E1BCF,Warning,ZERO_DENOMINATOR,kpi_006,HOSP-001,DEPT-ICU,2026-08-05,Zero denominator for kpi_006,processed_operational_daily.csv,OPD-HOSP-001-DEPT-ICU-20260805,PEX-KPI-DCF120177644
ISS-kpi_005-C5BFDE94,Warning,ZERO_DENOMINATOR,kpi_005,HOSP-001,DEPT-ICU,2026-08-06,Zero denominator for kpi_005,processed_operational_daily.csv,OPD-HOSP-001-DEPT-ICU-20260806,PEX-KPI-DCF120177644
ISS-kpi_005-3E79E452,Warning,ZERO_DENOMINATOR,kpi_005,HOSP-001,DEPT-ICU,2026-08-07,Zero denominator for kpi_005,processed_operational_daily.csv,OPD-HOSP-001-DEPT-ICU-20260807,PEX-KPI-DCF120177644
ISS-kpi_005-3A7220F4,Warning,ZERO_DENOMINATOR,kpi_005,HOSP-001,DEPT-ICU,2026-08-08,Zero denominator for kpi_005,processed_operational_daily.csv,OPD-HOSP-001-DEPT-ICU-20260808,PEX-KPI-DCF120177644
ISS-kpi_005-6A75B90F,Warning,ZERO_DENOMINATOR,kpi_005,HOSP-001,DEPT-ICU,2026-08-09,Zero denominator for kpi_005,processed_operational_daily.csv,OPD-HOSP-001-DEPT-ICU-20260809,PEX-KPI-DCF120177644
ISS-kpi_005-D736F28F,Warning,ZERO_DENOMINATOR,kpi_005,HOSP-001,DEPT-ICU,2026-08-10,Zero denominator for kpi_005,processed_operational_daily.csv,OPD-HOSP-001-DEPT-ICU-20260810,PEX-KPI-DCF120177644
ISS-kpi_005-BE9E4000,Warning,ZERO_DENOMINATOR,kpi_005,HOSP-001,DEPT-ICU,2026-08-11,Zero denominator for kpi_005,processed_operational_daily.csv,OPD-HOSP-001-DEPT-ICU-20260811,PEX-KPI-DCF120177644
ISS-kpi_005-1B22BB65,Warning,ZERO_DENOMINATOR,kpi_005,HOSP-001,DEPT-ICU,2026-08-12,Zero denominator for kpi_005,processed_operational_daily.csv,OPD-HOSP-001-DEPT-ICU-20260812,PEX-KPI-DCF120177644
ISS-kpi_005-392FD154,Warning,ZERO_DENOMINATOR,kpi_005,HOSP-001,DEPT-ICU,2026-08-13,Zero denominator for kpi_005,processed_operational_daily.csv,OPD-HOSP-001-DEPT-ICU-20260813,PEX-KPI-DCF120177644
ISS-kpi_005-B4743AF1,Warning,ZERO_DENOMINATOR,kpi_005,HOSP-001,DEPT-ICU,2026-08-14,Zero denominator for kpi_005,processed_operational_daily.csv,OPD-HOSP-001-DEPT-ICU-20260814,PEX-KPI-DCF120177644
ISS-kpi_005-4FAC5D14,Warning,ZERO_DENOMINATOR,kpi_005,HOSP-001,DEPT-ICU,2026-08-15,Zero denominator for kpi_005,processed_operational_daily.csv,OPD-HOSP-001-DEPT-ICU-20260815,PEX-KPI-DCF120177644
ISS-kpi_005-2F1E35DB,Warning,ZERO_DENOMINATOR,kpi_005,HOSP-001,DEPT-ICU,2026-08-16,Zero denominator for kpi_005,processed_operational_daily.csv,OPD-HOSP-001-DEPT-ICU-20260816,PEX-KPI-DCF120177644
ISS-kpi_006-00E8E8D2,Warning,ZERO_DENOMINATOR,kpi_006,HOSP-001,DEPT-ICU,2026-08-16,Zero denominator for kpi_006,processed_operational_daily.csv,OPD-HOSP-001-DEPT-ICU-20260816,PEX-KPI-DCF120177644
ISS-kpi_005-9E1DC932,Warning,INSUFFICIENT_DATA,kpi_005,HOSP-001,DEPT-ICU,2026-08-17,Insufficient data for kpi_005,processed_operational_daily.csv,OPD-HOSP-001-DEPT-ICU-20260817,PEX-KPI-DCF120177644
ISS-kpi_006-7A79CD3F,Warning,INSUFFICIENT_DATA,kpi_006,HOSP-001,DEPT-ICU,2026-08-17,Insufficient data for kpi_006,processed_operational_daily.csv,OPD-HOSP-001-DEPT-ICU-20260817,PEX-KPI-DCF120177644
ISS-kpi_005-88EFAF96,Warning,ZERO_DENOMINATOR,kpi_005,HOSP-001,DEPT-ICU,2026-08-18,Zero denominator for kpi_005,processed_operational_daily.csv,OPD-HOSP-001-DEPT-ICU-20260818,PEX-KPI-DCF120177644
ISS-kpi_005-2FC1F6BC,Warning,ZERO_DENOMINATOR,kpi_005,HOSP-001,DEPT-ICU,2026-08-19,Zero denominator for kpi_005,processed_operational_daily.csv,OPD-HOSP-001-DEPT-ICU-20260819,PEX-KPI-DCF120177644
ISS-kpi_005-8887535E,Warning,ZERO_DENOMINATOR,kpi_005,HOSP-001,DEPT-ICU,2026-08-20,Zero denominator for kpi_005,processed_operational_daily.csv,OPD-HOSP-001-DEPT-ICU-20260820,PEX-KPI-DCF120177644
ISS-kpi_005-4EB17295,Warning,ZERO_DENOMINATOR,kpi_005,HOSP-001,DEPT-ICU,2026-08-21,Zero denominator for kpi_005,processed_operational_daily.csv,OPD-HOSP-001-DEPT-ICU-20260821,PEX-KPI-DCF120177644
ISS-kpi_006-C37E9291,Warning,ZERO_DENOMINATOR,kpi_006,HOSP-001,DEPT-ICU,2026-08-21,Zero denominator for kpi_006,processed_operational_daily.csv,OPD-HOSP-001-DEPT-ICU-20260821,PEX-KPI-DCF120177644
ISS-kpi_005-6F2EC450,Warning,ZERO_DENOMINATOR,kpi_005,HOSP-001,DEPT-ICU,2026-08-22,Zero denominator for kpi_005,processed_operational_daily.csv,OPD-HOSP-001-DEPT-ICU-20260822,PEX-KPI-DCF120177644
ISS-kpi_005-0EDCA105,Warning,ZERO_DENOMINATOR,kpi_005,HOSP-001,DEPT-ICU,2026-08-23,Zero denominator for kpi_005,processed_operational_daily.csv,OPD-HOSP-001-DEPT-ICU-20260823,PEX-KPI-DCF120177644
ISS-kpi_005-27D808DD,Warning,ZERO_DENOMINATOR,kpi_005,HOSP-001,DEPT-ICU,2026-08-24,Zero denominator for kpi_005,processed_operational_daily.csv,OPD-HOSP-001-DEPT-ICU-20260824,PEX-KPI-DCF120177644
ISS-kpi_005-1018191D,Warning,ZERO_DENOMINATOR,kpi_005,HOSP-001,DEPT-ICU,2026-08-25,Zero denominator for kpi_005,processed_operational_daily.csv,OPD-HOSP-001-DEPT-ICU-20260825,PEX-KPI-DCF120177644
ISS-kpi_005-53F53721,Warning,ZERO_DENOMINATOR,kpi_005,HOSP-001,DEPT-ICU,2026-08-26,Zero denominator for kpi_005,processed_operational_daily.csv,OPD-HOSP-001-DEPT-ICU-20260826,PEX-KPI-DCF120177644
ISS-kpi_005-EAA72CE7,Warning,INSUFFICIENT_DATA,kpi_005,HOSP-001,DEPT-ICU,2026-08-27,Insufficient data for kpi_005,processed_operational_daily.csv,OPD-HOSP-001-DEPT-ICU-20260827,PEX-KPI-DCF120177644
ISS-kpi_006-E4461EE7,Warning,INSUFFICIENT_DATA,kpi_006,HOSP-001,DEPT-ICU,2026-08-27,Insufficient data for kpi_006,processed_operational_daily.csv,OPD-HOSP-001-DEPT-ICU-20260827,PEX-KPI-DCF120177644
ISS-kpi_005-A3A6D764,Warning,ZERO_DENOMINATOR,kpi_005,HOSP-001,DEPT-ICU,2026-08-28,Zero denominator for kpi_005,processed_operational_daily.csv,OPD-HOSP-001-DEPT-ICU-20260828,PEX-KPI-DCF120177644
ISS-kpi_006-38D17187,Warning,ZERO_DENOMINATOR,kpi_006,HOSP-001,DEPT-ICU,2026-08-28,Zero denominator for kpi_006,processed_operational_daily.csv,OPD-HOSP-001-DEPT-ICU-20260828,PEX-KPI-DCF120177644
ISS-kpi_005-B5758B2F,Warning,ZERO_DENOMINATOR,kpi_005,HOSP-001,DEPT-ICU,2026-08-29,Zero denominator for kpi_005,processed_operational_daily.csv,OPD-HOSP-001-DEPT-ICU-20260829,PEX-KPI-DCF120177644
ISS-kpi_005-8360F73A,Warning,ZERO_DENOMINATOR,kpi_005,HOSP-001,DEPT-ICU,2026-08-30,Zero denominator for kpi_005,processed_operational_daily.csv,OPD-HOSP-001-DEPT-ICU-20260830,PEX-KPI-DCF120177644
ISS-kpi_006-9D5EE15D,Warning,ZERO_DENOMINATOR,kpi_006,HOSP-001,DEPT-ICU,2026-08-30,Zero denominator for kpi_006,processed_operational_daily.csv,OPD-HOSP-001-DEPT-ICU-20260830,PEX-KPI-DCF120177644
ISS-kpi_005-C2876ED1,Warning,INSUFFICIENT_DATA,kpi_005,HOSP-001,DEPT-ICU,2026-08-31,Insufficient data for kpi_005,processed_operational_daily.csv,OPD-HOSP-001-DEPT-ICU-20260831,PEX-KPI-DCF120177644
ISS-kpi_006-3A055B8B,Warning,INSUFFICIENT_DATA,kpi_006,HOSP-001,DEPT-ICU,2026-08-31,Insufficient data for kpi_006,processed_operational_daily.csv,OPD-HOSP-001-DEPT-ICU-20260831,PEX-KPI-DCF120177644
ISS-kpi_005-AE8098B3,Warning,ZERO_DENOMINATOR,kpi_005,HOSP-001,DEPT-ICU,2026-09-01,Zero denominator for kpi_005,processed_operational_daily.csv,OPD-HOSP-001-DEPT-ICU-20260901,PEX-KPI-DCF120177644
ISS-kpi_005-CAA0827C,Warning,ZERO_DENOMINATOR,kpi_005,HOSP-001,DEPT-ICU,2026-09-02,Zero denominator for kpi_005,processed_operational_daily.csv,OPD-HOSP-001-DEPT-ICU-20260902,PEX-KPI-DCF120177644
ISS-kpi_005-2EED36A8,Warning,ZERO_DENOMINATOR,kpi_005,HOSP-001,DEPT-ICU,2026-09-03,Zero denominator for kpi_005,processed_operational_daily.csv,OPD-HOSP-001-DEPT-ICU-20260903,PEX-KPI-DCF120177644
ISS-kpi_005-CD30D375,Warning,ZERO_DENOMINATOR,kpi_005,HOSP-001,DEPT-ICU,2026-09-04,Zero denominator for kpi_005,processed_operational_daily.csv,OPD-HOSP-001-DEPT-ICU-20260904,PEX-KPI-DCF120177644
ISS-kpi_005-E62D96EB,Warning,ZERO_DENOMINATOR,kpi_005,HOSP-001,DEPT-ICU,2026-09-05,Zero denominator for kpi_005,processed_operational_daily.csv,OPD-HOSP-001-DEPT-ICU-20260905,PEX-KPI-DCF120177644
ISS-kpi_005-7E729ECB,Warning,ZERO_DENOMINATOR,kpi_005,HOSP-001,DEPT-ICU,2026-09-06,Zero denominator for kpi_005,processed_operational_daily.csv,OPD-HOSP-001-DEPT-ICU-20260906,PEX-KPI-DCF120177644
ISS-kpi_005-1E7FB8AE,Warning,ZERO_DENOMINATOR,kpi_005,HOSP-001,DEPT-ICU,2026-09-07,Zero denominator for kpi_005,processed_operational_daily.csv,OPD-HOSP-001-DEPT-ICU-20260907,PEX-KPI-DCF120177644
ISS-kpi_005-9F2BC810,Warning,INSUFFICIENT_DATA,kpi_005,HOSP-001,DEPT-ICU,2026-09-08,Insufficient data for kpi_005,processed_operational_daily.csv,OPD-HOSP-001-DEPT-ICU-20260908,PEX-KPI-DCF120177644
ISS-kpi_006-6A895882,Warning,INSUFFICIENT_DATA,kpi_006,HOSP-001,DEPT-ICU,2026-09-08,Insufficient data for kpi_006,processed_operational_daily.csv,OPD-HOSP-001-DEPT-ICU-20260908,PEX-KPI-DCF120177644
ISS-kpi_005-61588E30,Warning,ZERO_DENOMINATOR,kpi_005,HOSP-001,DEPT-ICU,2026-09-09,Zero denominator for kpi_005,processed_operational_daily.csv,OPD-HOSP-001-DEPT-ICU-20260909,PEX-KPI-DCF120177644
ISS-kpi_005-9084FF9F,Warning,ZERO_DENOMINATOR,kpi_005,HOSP-001,DEPT-ICU,2026-09-10,Zero denominator for kpi_005,processed_operational_daily.csv,OPD-HOSP-001-DEPT-ICU-20260910,PEX-KPI-DCF120177644
ISS-kpi_005-AA5A6684,Warning,ZERO_DENOMINATOR,kpi_005,HOSP-001,DEPT-ICU,2026-09-11,Zero denominator for kpi_005,processed_operational_daily.csv,OPD-HOSP-001-DEPT-ICU-20260911,PEX-KPI-DCF120177644
ISS-kpi_005-4BD62D9C,Warning,ZERO_DENOMINATOR,kpi_005,HOSP-001,DEPT-ICU,2026-09-12,Zero denominator for kpi_005,processed_operational_daily.csv,OPD-HOSP-001-DEPT-ICU-20260912,PEX-KPI-DCF120177644
ISS-kpi_005-E3BE1494,Warning,ZERO_DENOMINATOR,kpi_005,HOSP-001,DEPT-ICU,2026-09-13,Zero denominator for kpi_005,processed_operational_daily.csv,OPD-HOSP-001-DEPT-ICU-20260913,PEX-KPI-DCF120177644
ISS-kpi_005-678A0C32,Warning,ZERO_DENOMINATOR,kpi_005,HOSP-001,DEPT-ICU,2026-09-14,Zero denominator for kpi_005,processed_operational_daily.csv,OPD-HOSP-001-DEPT-ICU-20260914,PEX-KPI-DCF120177644
ISS-kpi_005-8931A6BD,Warning,INSUFFICIENT_DATA,kpi_005,HOSP-001,DEPT-ICU,2026-09-15,Insufficient data for kpi_005,processed_operational_daily.csv,OPD-HOSP-001-DEPT-ICU-20260915,PEX-KPI-DCF120177644
ISS-kpi_006-D0F62B4D,Warning,INSUFFICIENT_DATA,kpi_006,HOSP-001,DEPT-ICU,2026-09-15,Insufficient data for kpi_006,processed_operational_daily.csv,OPD-HOSP-001-DEPT-ICU-20260915,PEX-KPI-DCF120177644
ISS-kpi_005-FCE3BCA5,Warning,ZERO_DENOMINATOR,kpi_005,HOSP-001,DEPT-ICU,2026-09-16,Zero denominator for kpi_005,processed_operational_daily.csv,OPD-HOSP-001-DEPT-ICU-20260916,PEX-KPI-DCF120177644
ISS-kpi_006-87641B0B,Warning,ZERO_DENOMINATOR,kpi_006,HOSP-001,DEPT-ICU,2026-09-16,Zero denominator for kpi_006,processed_operational_daily.csv,OPD-HOSP-001-DEPT-ICU-20260916,PEX-KPI-DCF120177644
ISS-kpi_005-CFEA0571,Warning,ZERO_DENOMINATOR,kpi_005,HOSP-001,DEPT-ICU,2026-09-17,Zero denominator for kpi_005,processed_operational_daily.csv,OPD-HOSP-001-DEPT-ICU-20260917,PEX-KPI-DCF120177644
ISS-kpi_005-9F8955C6,Warning,ZERO_DENOMINATOR,kpi_005,HOSP-001,DEPT-ICU,2026-09-18,Zero denominator for kpi_005,processed_operational_daily.csv,OPD-HOSP-001-DEPT-ICU-20260918,PEX-KPI-DCF120177644
ISS-kpi_005-4B85561C,Warning,ZERO_DENOMINATOR,kpi_005,HOSP-001,DEPT-ICU,2026-09-19,Zero denominator for kpi_005,processed_operational_daily.csv,OPD-HOSP-001-DEPT-ICU-20260919,PEX-KPI-DCF120177644
ISS-kpi_005-EEC55D47,Warning,ZERO_DENOMINATOR,kpi_005,HOSP-001,DEPT-ICU,2026-09-20,Zero denominator for kpi_005,processed_operational_daily.csv,OPD-HOSP-001-DEPT-ICU-20260920,PEX-KPI-DCF120177644
ISS-kpi_005-C8B83E8D,Warning,ZERO_DENOMINATOR,kpi_005,HOSP-001,DEPT-ICU,2026-09-21,Zero denominator for kpi_005,processed_operational_daily.csv,OPD-HOSP-001-DEPT-ICU-20260921,PEX-KPI-DCF120177644
ISS-kpi_005-9B1F388E,Warning,ZERO_DENOMINATOR,kpi_005,HOSP-001,DEPT-ICU,2026-09-22,Zero denominator for kpi_005,processed_operational_daily.csv,OPD-HOSP-001-DEPT-ICU-20260922,PEX-KPI-DCF120177644
ISS-kpi_005-7368BD04,Warning,ZERO_DENOMINATOR,kpi_005,HOSP-001,DEPT-ICU,2026-09-23,Zero denominator for kpi_005,processed_operational_daily.csv,OPD-HOSP-001-DEPT-ICU-20260923,PEX-KPI-DCF120177644
ISS-kpi_005-2C7D7CCF,Warning,ZERO_DENOMINATOR,kpi_005,HOSP-001,DEPT-ICU,2026-09-24,Zero denominator for kpi_005,processed_operational_daily.csv,OPD-HOSP-001-DEPT-ICU-20260924,PEX-KPI-DCF120177644
ISS-kpi_005-1D3DAAC5,Warning,ZERO_DENOMINATOR,kpi_005,HOSP-001,DEPT-ICU,2026-09-25,Zero denominator for kpi_005,processed_operational_daily.csv,OPD-HOSP-001-DEPT-ICU-20260925,PEX-KPI-DCF120177644
ISS-kpi_005-67AE3F3E,Warning,ZERO_DENOMINATOR,kpi_005,HOSP-001,DEPT-ICU,2026-09-26,Zero denominator for kpi_005,processed_operational_daily.csv,OPD-HOSP-001-DEPT-ICU-20260926,PEX-KPI-DCF120177644
ISS-kpi_005-A5BDD804,Warning,INSUFFICIENT_DATA,kpi_005,HOSP-001,DEPT-ICU,2026-09-27,Insufficient data for kpi_005,processed_operational_daily.csv,OPD-HOSP-001-DEPT-ICU-20260927,PEX-KPI-DCF120177644
ISS-kpi_006-43541015,Warning,INSUFFICIENT_DATA,kpi_006,HOSP-001,DEPT-ICU,2026-09-27,Insufficient data for kpi_006,processed_operational_daily.csv,OPD-HOSP-001-DEPT-ICU-20260927,PEX-KPI-DCF120177644
ISS-kpi_005-A9239F5A,Warning,ZERO_DENOMINATOR,kpi_005,HOSP-001,DEPT-ICU,2026-09-28,Zero denominator for kpi_005,processed_operational_daily.csv,OPD-HOSP-001-DEPT-ICU-20260928,PEX-KPI-DCF120177644
ISS-kpi_005-6D67398B,Warning,ZERO_DENOMINATOR,kpi_005,HOSP-001,DEPT-ICU,2026-09-29,Zero denominator for kpi_005,processed_operational_daily.csv,OPD-HOSP-001-DEPT-ICU-20260929,PEX-KPI-DCF120177644
ISS-kpi_005-8A30220E,Warning,ZERO_DENOMINATOR,kpi_005,HOSP-001,DEPT-ICU,2026-09-30,Zero denominator for kpi_005,processed_operational_daily.csv,OPD-HOSP-001-DEPT-ICU-20260930,PEX-KPI-DCF120177644
ISS-kpi_005-C29471E7,Warning,ZERO_DENOMINATOR,kpi_005,HOSP-001,DEPT-ICU,2026-10-01,Zero denominator for kpi_005,processed_operational_daily.csv,OPD-HOSP-001-DEPT-ICU-20261001,PEX-KPI-DCF120177644
ISS-kpi_006-1BC7516E,Warning,ZERO_DENOMINATOR,kpi_006,HOSP-001,DEPT-ICU,2026-10-01,Zero denominator for kpi_006,processed_operational_daily.csv,OPD-HOSP-001-DEPT-ICU-20261001,PEX-KPI-DCF120177644
ISS-kpi_005-97A5638E,Warning,ZERO_DENOMINATOR,kpi_005,HOSP-001,DEPT-ICU,2026-10-02,Zero denominator for kpi_005,processed_operational_daily.csv,OPD-HOSP-001-DEPT-ICU-20261002,PEX-KPI-DCF120177644
ISS-kpi_005-9B40431F,Warning,ZERO_DENOMINATOR,kpi_005,HOSP-001,DEPT-ICU,2026-10-03,Zero denominator for kpi_005,processed_operational_daily.csv,OPD-HOSP-001-DEPT-ICU-20261003,PEX-KPI-DCF120177644
ISS-kpi_005-3BF4015F,Warning,ZERO_DENOMINATOR,kpi_005,HOSP-001,DEPT-ICU,2026-10-04,Zero denominator for kpi_005,processed_operational_daily.csv,OPD-HOSP-001-DEPT-ICU-20261004,PEX-KPI-DCF120177644
ISS-kpi_005-DDDD8B73,Warning,ZERO_DENOMINATOR,kpi_005,HOSP-001,DEPT-ICU,2026-10-05,Zero denominator for kpi_005,processed_operational_daily.csv,OPD-HOSP-001-DEPT-ICU-20261005,PEX-KPI-DCF120177644
ISS-kpi_006-F8E5F901,Warning,ZERO_DENOMINATOR,kpi_006,HOSP-001,DEPT-ICU,2026-10-05,Zero denominator for kpi_006,processed_operational_daily.csv,OPD-HOSP-001-DEPT-ICU-20261005,PEX-KPI-DCF120177644
ISS-kpi_005-B3E45873,Warning,ZERO_DENOMINATOR,kpi_005,HOSP-001,DEPT-ICU,2026-10-06,Zero denominator for kpi_005,processed_operational_daily.csv,OPD-HOSP-001-DEPT-ICU-20261006,PEX-KPI-DCF120177644
ISS-kpi_005-4E99DC61,Warning,ZERO_DENOMINATOR,kpi_005,HOSP-001,DEPT-ICU,2026-10-07,Zero denominator for kpi_005,processed_operational_daily.csv,OPD-HOSP-001-DEPT-ICU-20261007,PEX-KPI-DCF120177644
ISS-kpi_006-3C205A8C,Warning,ZERO_DENOMINATOR,kpi_006,HOSP-001,DEPT-ICU,2026-10-07,Zero denominator for kpi_006,processed_operational_daily.csv,OPD-HOSP-001-DEPT-ICU-20261007,PEX-KPI-DCF120177644
ISS-kpi_005-771251DE,Warning,ZERO_DENOMINATOR,kpi_005,HOSP-001,DEPT-ICU,2026-10-08,Zero denominator for kpi_005,processed_operational_daily.csv,OPD-HOSP-001-DEPT-ICU-20261008,PEX-KPI-DCF120177644
ISS-kpi_005-72A148F4,Warning,ZERO_DENOMINATOR,kpi_005,HOSP-001,DEPT-ICU,2026-10-09,Zero denominator for kpi_005,processed_operational_daily.csv,OPD-HOSP-001-DEPT-ICU-20261009,PEX-KPI-DCF120177644
ISS-kpi_005-BC265BD6,Warning,ZERO_DENOMINATOR,kpi_005,HOSP-001,DEPT-ICU,2026-10-10,Zero denominator for kpi_005,processed_operational_daily.csv,OPD-HOSP-001-DEPT-ICU-20261010,PEX-KPI-DCF120177644
ISS-kpi_006-1B386FC1,Warning,ZERO_DENOMINATOR,kpi_006,HOSP-001,DEPT-ICU,2026-10-10,Zero denominator for kpi_006,processed_operational_daily.csv,OPD-HOSP-001-DEPT-ICU-20261010,PEX-KPI-DCF120177644
ISS-kpi_005-277110E3,Warning,ZERO_DENOMINATOR,kpi_005,HOSP-001,DEPT-ICU,2026-10-11,Zero denominator for kpi_005,processed_operational_daily.csv,OPD-HOSP-001-DEPT-ICU-20261011,PEX-KPI-DCF120177644
ISS-kpi_005-7DA5751F,Warning,ZERO_DENOMINATOR,kpi_005,HOSP-001,DEPT-ICU,2026-10-12,Zero denominator for kpi_005,processed_operational_daily.csv,OPD-HOSP-001-DEPT-ICU-20261012,PEX-KPI-DCF120177644
ISS-kpi_005-87A1F8EF,Warning,ZERO_DENOMINATOR,kpi_005,HOSP-001,DEPT-ICU,2026-10-13,Zero denominator for kpi_005,processed_operational_daily.csv,OPD-HOSP-001-DEPT-ICU-20261013,PEX-KPI-DCF120177644
ISS-kpi_006-43327EB8,Warning,ZERO_DENOMINATOR,kpi_006,HOSP-001,DEPT-ICU,2026-10-13,Zero denominator for kpi_006,processed_operational_daily.csv,OPD-HOSP-001-DEPT-ICU-20261013,PEX-KPI-DCF120177644
ISS-kpi_005-2C1324FD,Warning,ZERO_DENOMINATOR,kpi_005,HOSP-001,DEPT-ICU,2026-10-14,Zero denominator for kpi_005,processed_operational_daily.csv,OPD-HOSP-001-DEPT-ICU-20261014,PEX-KPI-DCF120177644
ISS-kpi_006-DD4C4F21,Warning,ZERO_DENOMINATOR,kpi_006,HOSP-001,DEPT-ICU,2026-10-14,Zero denominator for kpi_006,processed_operational_daily.csv,OPD-HOSP-001-DEPT-ICU-20261014,PEX-KPI-DCF120177644
ISS-kpi_005-1FD34C0C,Warning,ZERO_DENOMINATOR,kpi_005,HOSP-001,DEPT-ICU,2026-10-15,Zero denominator for kpi_005,processed_operational_daily.csv,OPD-HOSP-001-DEPT-ICU-20261015,PEX-KPI-DCF120177644
ISS-kpi_005-9D22509E,Warning,ZERO_DENOMINATOR,kpi_005,HOSP-001,DEPT-ICU,2026-10-16,Zero denominator for kpi_005,processed_operational_daily.csv,OPD-HOSP-001-DEPT-ICU-20261016,PEX-KPI-DCF120177644
ISS-kpi_005-A3404F0D,Warning,ZERO_DENOMINATOR,kpi_005,HOSP-001,DEPT-ICU,2026-10-17,Zero denominator for kpi_005,processed_operational_daily.csv,OPD-HOSP-001-DEPT-ICU-20261017,PEX-KPI-DCF120177644
ISS-kpi_005-4BCB20C4,Warning,ZERO_DENOMINATOR,kpi_005,HOSP-001,DEPT-ICU,2026-10-18,Zero denominator for kpi_005,processed_operational_daily.csv,OPD-HOSP-001-DEPT-ICU-20261018,PEX-KPI-DCF120177644
ISS-kpi_005-01CAA818,Warning,ZERO_DENOMINATOR,kpi_005,HOSP-001,DEPT-ICU,2026-10-19,Zero denominator for kpi_005,processed_operational_daily.csv,OPD-HOSP-001-DEPT-ICU-20261019,PEX-KPI-DCF120177644
ISS-kpi_005-6D878980,Warning,ZERO_DENOMINATOR,kpi_005,HOSP-001,DEPT-ICU,2026-10-20,Zero denominator for kpi_005,processed_operational_daily.csv,OPD-HOSP-001-DEPT-ICU-20261020,PEX-KPI-DCF120177644
ISS-kpi_005-6ED50257,Warning,ZERO_DENOMINATOR,kpi_005,HOSP-001,DEPT-ICU,2026-10-21,Zero denominator for kpi_005,processed_operational_daily.csv,OPD-HOSP-001-DEPT-ICU-20261021,PEX-KPI-DCF120177644
ISS-kpi_005-0B3DA299,Warning,ZERO_DENOMINATOR,kpi_005,HOSP-001,DEPT-ICU,2026-10-22,Zero denominator for kpi_005,processed_operational_daily.csv,OPD-HOSP-001-DEPT-ICU-20261022,PEX-KPI-DCF120177644
ISS-kpi_005-25F42FFD,Warning,ZERO_DENOMINATOR,kpi_005,HOSP-001,DEPT-ICU,2026-10-23,Zero denominator for kpi_005,processed_operational_daily.csv,OPD-HOSP-001-DEPT-ICU-20261023,PEX-KPI-DCF120177644
ISS-kpi_005-4E5150B4,Warning,ZERO_DENOMINATOR,kpi_005,HOSP-001,DEPT-ICU,2026-10-24,Zero denominator for kpi_005,processed_operational_daily.csv,OPD-HOSP-001-DEPT-ICU-20261024,PEX-KPI-DCF120177644
ISS-kpi_005-AE6DE45B,Warning,ZERO_DENOMINATOR,kpi_005,HOSP-001,DEPT-ICU,2026-10-25,Zero denominator for kpi_005,processed_operational_daily.csv,OPD-HOSP-001-DEPT-ICU-20261025,PEX-KPI-DCF120177644
ISS-kpi_005-156F4DF7,Warning,ZERO_DENOMINATOR,kpi_005,HOSP-001,DEPT-ICU,2026-10-26,Zero denominator for kpi_005,processed_operational_daily.csv,OPD-HOSP-001-DEPT-ICU-20261026,PEX-KPI-DCF120177644
ISS-kpi_005-FF056F56,Warning,ZERO_DENOMINATOR,kpi_005,HOSP-001,DEPT-ICU,2026-10-27,Zero denominator for kpi_005,processed_operational_daily.csv,OPD-HOSP-001-DEPT-ICU-20261027,PEX-KPI-DCF120177644
ISS-kpi_005-256AC93C,Warning,ZERO_DENOMINATOR,kpi_005,HOSP-001,DEPT-ICU,2026-10-28,Zero denominator for kpi_005,processed_operational_daily.csv,OPD-HOSP-001-DEPT-ICU-20261028,PEX-KPI-DCF120177644
ISS-kpi_005-87D3D75B,Warning,ZERO_DENOMINATOR,kpi_005,HOSP-001,DEPT-ICU,2026-10-29,Zero denominator for kpi_005,processed_operational_daily.csv,OPD-HOSP-001-DEPT-ICU-20261029,PEX-KPI-DCF120177644
ISS-kpi_005-A3AC58E9,Warning,ZERO_DENOMINATOR,kpi_005,HOSP-001,DEPT-ICU,2026-10-30,Zero denominator for kpi_005,processed_operational_daily.csv,OPD-HOSP-001-DEPT-ICU-20261030,PEX-KPI-DCF120177644
ISS-kpi_005-823D989B,Warning,ZERO_DENOMINATOR,kpi_005,HOSP-001,DEPT-ICU,2026-10-31,Zero denominator for kpi_005,processed_operational_daily.csv,OPD-HOSP-001-DEPT-ICU-20261031,PEX-KPI-DCF120177644
ISS-kpi_005-32D4ADCB,Warning,ZERO_DENOMINATOR,kpi_005,HOSP-001,DEPT-ICU,2026-11-01,Zero denominator for kpi_005,processed_operational_daily.csv,OPD-HOSP-001-DEPT-ICU-20261101,PEX-KPI-DCF120177644
ISS-kpi_006-4DA2E47C,Warning,ZERO_DENOMINATOR,kpi_006,HOSP-001,DEPT-ICU,2026-11-01,Zero denominator for kpi_006,processed_operational_daily.csv,OPD-HOSP-001-DEPT-ICU-20261101,PEX-KPI-DCF120177644
ISS-kpi_005-6231EA7F,Warning,ZERO_DENOMINATOR,kpi_005,HOSP-001,DEPT-ICU,2026-11-02,Zero denominator for kpi_005,processed_operational_daily.csv,OPD-HOSP-001-DEPT-ICU-20261102,PEX-KPI-DCF120177644
ISS-kpi_006-B527BCF0,Warning,ZERO_DENOMINATOR,kpi_006,HOSP-001,DEPT-ICU,2026-11-02,Zero denominator for kpi_006,processed_operational_daily.csv,OPD-HOSP-001-DEPT-ICU-20261102,PEX-KPI-DCF120177644
ISS-kpi_005-26D0E668,Warning,ZERO_DENOMINATOR,kpi_005,HOSP-001,DEPT-ICU,2026-11-03,Zero denominator for kpi_005,processed_operational_daily.csv,OPD-HOSP-001-DEPT-ICU-20261103,PEX-KPI-DCF120177644
ISS-kpi_005-203EF6A5,Warning,ZERO_DENOMINATOR,kpi_005,HOSP-001,DEPT-ICU,2026-11-04,Zero denominator for kpi_005,processed_operational_daily.csv,OPD-HOSP-001-DEPT-ICU-20261104,PEX-KPI-DCF120177644
ISS-kpi_006-3E02E967,Warning,ZERO_DENOMINATOR,kpi_006,HOSP-001,DEPT-ICU,2026-11-04,Zero denominator for kpi_006,processed_operational_daily.csv,OPD-HOSP-001-DEPT-ICU-20261104,PEX-KPI-DCF120177644
ISS-kpi_005-ADBFB4E6,Warning,ZERO_DENOMINATOR,kpi_005,HOSP-001,DEPT-ICU,2026-11-05,Zero denominator for kpi_005,processed_operational_daily.csv,OPD-HOSP-001-DEPT-ICU-20261105,PEX-KPI-DCF120177644
ISS-kpi_005-23353DBD,Warning,ZERO_DENOMINATOR,kpi_005,HOSP-001,DEPT-ICU,2026-11-06,Zero denominator for kpi_005,processed_operational_daily.csv,OPD-HOSP-001-DEPT-ICU-20261106,PEX-KPI-DCF120177644
ISS-kpi_005-0B6E7DA5,Warning,INSUFFICIENT_DATA,kpi_005,HOSP-001,DEPT-ICU,2026-11-07,Insufficient data for kpi_005,processed_operational_daily.csv,OPD-HOSP-001-DEPT-ICU-20261107,PEX-KPI-DCF120177644
ISS-kpi_006-3D588581,Warning,INSUFFICIENT_DATA,kpi_006,HOSP-001,DEPT-ICU,2026-11-07,Insufficient data for kpi_006,processed_operational_daily.csv,OPD-HOSP-001-DEPT-ICU-20261107,PEX-KPI-DCF120177644
ISS-kpi_005-16F76C1D,Warning,ZERO_DENOMINATOR,kpi_005,HOSP-001,DEPT-ICU,2026-11-08,Zero denominator for kpi_005,processed_operational_daily.csv,OPD-HOSP-001-DEPT-ICU-20261108,PEX-KPI-DCF120177644
ISS-kpi_005-701C194D,Warning,ZERO_DENOMINATOR,kpi_005,HOSP-001,DEPT-ICU,2026-11-09,Zero denominator for kpi_005,processed_operational_daily.csv,OPD-HOSP-001-DEPT-ICU-20261109,PEX-KPI-DCF120177644
ISS-kpi_005-280B47A7,Warning,ZERO_DENOMINATOR,kpi_005,HOSP-001,DEPT-ICU,2026-11-10,Zero denominator for kpi_005,processed_operational_daily.csv,OPD-HOSP-001-DEPT-ICU-20261110,PEX-KPI-DCF120177644
ISS-kpi_005-09572CCD,Warning,ZERO_DENOMINATOR,kpi_005,HOSP-001,DEPT-ICU,2026-11-11,Zero denominator for kpi_005,processed_operational_daily.csv,OPD-HOSP-001-DEPT-ICU-20261111,PEX-KPI-DCF120177644
ISS-kpi_005-3FDC9A92,Warning,ZERO_DENOMINATOR,kpi_005,HOSP-001,DEPT-ICU,2026-11-12,Zero denominator for kpi_005,processed_operational_daily.csv,OPD-HOSP-001-DEPT-ICU-20261112,PEX-KPI-DCF120177644
ISS-kpi_005-1A7D8A08,Warning,ZERO_DENOMINATOR,kpi_005,HOSP-001,DEPT-ICU,2026-11-13,Zero denominator for kpi_005,processed_operational_daily.csv,OPD-HOSP-001-DEPT-ICU-20261113,PEX-KPI-DCF120177644
ISS-kpi_006-C5F01331,Warning,ZERO_DENOMINATOR,kpi_006,HOSP-001,DEPT-ICU,2026-11-13,Zero denominator for kpi_006,processed_operational_daily.csv,OPD-HOSP-001-DEPT-ICU-20261113,PEX-KPI-DCF120177644
ISS-kpi_005-3BF85C7D,Warning,ZERO_DENOMINATOR,kpi_005,HOSP-001,DEPT-ICU,2026-11-14,Zero denominator for kpi_005,processed_operational_daily.csv,OPD-HOSP-001-DEPT-ICU-20261114,PEX-KPI-DCF120177644
ISS-kpi_005-6B392578,Warning,ZERO_DENOMINATOR,kpi_005,HOSP-001,DEPT-ICU,2026-11-15,Zero denominator for kpi_005,processed_operational_daily.csv,OPD-HOSP-001-DEPT-ICU-20261115,PEX-KPI-DCF120177644
ISS-kpi_005-089FCA9E,Warning,ZERO_DENOMINATOR,kpi_005,HOSP-001,DEPT-ICU,2026-11-16,Zero denominator for kpi_005,processed_operational_daily.csv,OPD-HOSP-001-DEPT-ICU-20261116,PEX-KPI-DCF120177644
ISS-kpi_005-1337BE7F,Warning,ZERO_DENOMINATOR,kpi_005,HOSP-001,DEPT-ICU,2026-11-17,Zero denominator for kpi_005,processed_operational_daily.csv,OPD-HOSP-001-DEPT-ICU-20261117,PEX-KPI-DCF120177644
ISS-kpi_005-E66B19CE,Warning,ZERO_DENOMINATOR,kpi_005,HOSP-001,DEPT-ICU,2026-11-18,Zero denominator for kpi_005,processed_operational_daily.csv,OPD-HOSP-001-DEPT-ICU-20261118,PEX-KPI-DCF120177644
ISS-kpi_006-83AA206E,Warning,ZERO_DENOMINATOR,kpi_006,HOSP-001,DEPT-ICU,2026-11-18,Zero denominator for kpi_006,processed_operational_daily.csv,OPD-HOSP-001-DEPT-ICU-20261118,PEX-KPI-DCF120177644
ISS-kpi_005-D222512F,Warning,ZERO_DENOMINATOR,kpi_005,HOSP-001,DEPT-ICU,2026-11-19,Zero denominator for kpi_005,processed_operational_daily.csv,OPD-HOSP-001-DEPT-ICU-20261119,PEX-KPI-DCF120177644
ISS-kpi_005-C36A031E,Warning,ZERO_DENOMINATOR,kpi_005,HOSP-001,DEPT-ICU,2026-11-20,Zero denominator for kpi_005,processed_operational_daily.csv,OPD-HOSP-001-DEPT-ICU-20261120,PEX-KPI-DCF120177644
ISS-kpi_005-C6ABD7DC,Warning,ZERO_DENOMINATOR,kpi_005,HOSP-001,DEPT-ICU,2026-11-21,Zero denominator for kpi_005,processed_operational_daily.csv,OPD-HOSP-001-DEPT-ICU-20261121,PEX-KPI-DCF120177644
ISS-kpi_005-2ED4B5E3,Warning,ZERO_DENOMINATOR,kpi_005,HOSP-001,DEPT-ICU,2026-11-22,Zero denominator for kpi_005,processed_operational_daily.csv,OPD-HOSP-001-DEPT-ICU-20261122,PEX-KPI-DCF120177644
ISS-kpi_005-B1C9E751,Warning,ZERO_DENOMINATOR,kpi_005,HOSP-001,DEPT-ICU,2026-11-23,Zero denominator for kpi_005,processed_operational_daily.csv,OPD-HOSP-001-DEPT-ICU-20261123,PEX-KPI-DCF120177644
ISS-kpi_005-95FEC0DE,Warning,ZERO_DENOMINATOR,kpi_005,HOSP-001,DEPT-ICU,2026-11-24,Zero denominator for kpi_005,processed_operational_daily.csv,OPD-HOSP-001-DEPT-ICU-20261124,PEX-KPI-DCF120177644
ISS-kpi_005-6A357EA1,Warning,INSUFFICIENT_DATA,kpi_005,HOSP-001,DEPT-ICU,2026-11-25,Insufficient data for kpi_005,processed_operational_daily.csv,OPD-HOSP-001-DEPT-ICU-20261125,PEX-KPI-DCF120177644
ISS-kpi_006-6FFADBD5,Warning,INSUFFICIENT_DATA,kpi_006,HOSP-001,DEPT-ICU,2026-11-25,Insufficient data for kpi_006,processed_operational_daily.csv,OPD-HOSP-001-DEPT-ICU-20261125,PEX-KPI-DCF120177644
ISS-kpi_005-A4404A03,Warning,ZERO_DENOMINATOR,kpi_005,HOSP-001,DEPT-ICU,2026-11-26,Zero denominator for kpi_005,processed_operational_daily.csv,OPD-HOSP-001-DEPT-ICU-20261126,PEX-KPI-DCF120177644
ISS-kpi_005-7A67237A,Warning,ZERO_DENOMINATOR,kpi_005,HOSP-001,DEPT-ICU,2026-11-27,Zero denominator for kpi_005,processed_operational_daily.csv,OPD-HOSP-001-DEPT-ICU-20261127,PEX-KPI-DCF120177644
ISS-kpi_005-8BD50250,Warning,ZERO_DENOMINATOR,kpi_005,HOSP-001,DEPT-ICU,2026-11-28,Zero denominator for kpi_005,processed_operational_daily.csv,OPD-HOSP-001-DEPT-ICU-20261128,PEX-KPI-DCF120177644
ISS-kpi_005-B93D733F,Warning,ZERO_DENOMINATOR,kpi_005,HOSP-001,DEPT-ICU,2026-11-29,Zero denominator for kpi_005,processed_operational_daily.csv,OPD-HOSP-001-DEPT-ICU-20261129,PEX-KPI-DCF120177644
ISS-kpi_005-582BAD63,Warning,ZERO_DENOMINATOR,kpi_005,HOSP-001,DEPT-ICU,2026-11-30,Zero denominator for kpi_005,processed_operational_daily.csv,OPD-HOSP-001-DEPT-ICU-20261130,PEX-KPI-DCF120177644
ISS-kpi_005-02B46959,Warning,ZERO_DENOMINATOR,kpi_005,HOSP-001,DEPT-ICU,2026-12-01,Zero denominator for kpi_005,processed_operational_daily.csv,OPD-HOSP-001-DEPT-ICU-20261201,PEX-KPI-DCF120177644
ISS-kpi_005-9172F350,Warning,INSUFFICIENT_DATA,kpi_005,HOSP-001,DEPT-ICU,2026-12-02,Insufficient data for kpi_005,processed_operational_daily.csv,OPD-HOSP-001-DEPT-ICU-20261202,PEX-KPI-DCF120177644
ISS-kpi_006-A3BD416D,Warning,INSUFFICIENT_DATA,kpi_006,HOSP-001,DEPT-ICU,2026-12-02,Insufficient data for kpi_006,processed_operational_daily.csv,OPD-HOSP-001-DEPT-ICU-20261202,PEX-KPI-DCF120177644
ISS-kpi_005-0DE67EE7,Warning,ZERO_DENOMINATOR,kpi_005,HOSP-001,DEPT-ICU,2026-12-03,Zero denominator for kpi_005,processed_operational_daily.csv,OPD-HOSP-001-DEPT-ICU-20261203,PEX-KPI-DCF120177644
ISS-kpi_005-217F1F47,Warning,ZERO_DENOMINATOR,kpi_005,HOSP-001,DEPT-ICU,2026-12-04,Zero denominator for kpi_005,processed_operational_daily.csv,OPD-HOSP-001-DEPT-ICU-20261204,PEX-KPI-DCF120177644
ISS-kpi_005-91222310,Warning,ZERO_DENOMINATOR,kpi_005,HOSP-001,DEPT-ICU,2026-12-05,Zero denominator for kpi_005,processed_operational_daily.csv,OPD-HOSP-001-DEPT-ICU-20261205,PEX-KPI-DCF120177644
ISS-kpi_005-7EFCDC15,Warning,ZERO_DENOMINATOR,kpi_005,HOSP-001,DEPT-ICU,2026-12-06,Zero denominator for kpi_005,processed_operational_daily.csv,OPD-HOSP-001-DEPT-ICU-20261206,PEX-KPI-DCF120177644
ISS-kpi_005-A980D867,Warning,ZERO_DENOMINATOR,kpi_005,HOSP-001,DEPT-ICU,2026-12-07,Zero denominator for kpi_005,processed_operational_daily.csv,OPD-HOSP-001-DEPT-ICU-20261207,PEX-KPI-DCF120177644
ISS-kpi_005-8A2117A0,Warning,ZERO_DENOMINATOR,kpi_005,HOSP-001,DEPT-ICU,2026-12-08,Zero denominator for kpi_005,processed_operational_daily.csv,OPD-HOSP-001-DEPT-ICU-20261208,PEX-KPI-DCF120177644
ISS-kpi_005-038FCD69,Warning,ZERO_DENOMINATOR,kpi_005,HOSP-001,DEPT-ICU,2026-12-09,Zero denominator for kpi_005,processed_operational_daily.csv,OPD-HOSP-001-DEPT-ICU-20261209,PEX-KPI-DCF120177644
ISS-kpi_005-CA2AD1BD,Warning,ZERO_DENOMINATOR,kpi_005,HOSP-001,DEPT-ICU,2026-12-10,Zero denominator for kpi_005,processed_operational_daily.csv,OPD-HOSP-001-DEPT-ICU-20261210,PEX-KPI-DCF120177644
ISS-kpi_005-8B539315,Warning,ZERO_DENOMINATOR,kpi_005,HOSP-001,DEPT-ICU,2026-12-11,Zero denominator for kpi_005,processed_operational_daily.csv,OPD-HOSP-001-DEPT-ICU-20261211,PEX-KPI-DCF120177644
ISS-kpi_005-DDEC61A3,Warning,ZERO_DENOMINATOR,kpi_005,HOSP-001,DEPT-ICU,2026-12-12,Zero denominator for kpi_005,processed_operational_daily.csv,OPD-HOSP-001-DEPT-ICU-20261212,PEX-KPI-DCF120177644
ISS-kpi_005-E9E768AE,Warning,INSUFFICIENT_DATA,kpi_005,HOSP-001,DEPT-ICU,2026-12-13,Insufficient data for kpi_005,processed_operational_daily.csv,OPD-HOSP-001-DEPT-ICU-20261213,PEX-KPI-DCF120177644
ISS-kpi_006-CE62BBA7,Warning,INSUFFICIENT_DATA,kpi_006,HOSP-001,DEPT-ICU,2026-12-13,Insufficient data for kpi_006,processed_operational_daily.csv,OPD-HOSP-001-DEPT-ICU-20261213,PEX-KPI-DCF120177644
ISS-kpi_005-E875E106,Warning,ZERO_DENOMINATOR,kpi_005,HOSP-001,DEPT-ICU,2026-12-14,Zero denominator for kpi_005,processed_operational_daily.csv,OPD-HOSP-001-DEPT-ICU-20261214,PEX-KPI-DCF120177644
ISS-kpi_005-0B6EAC85,Warning,INSUFFICIENT_DATA,kpi_005,HOSP-001,DEPT-ICU,2026-12-15,Insufficient data for kpi_005,processed_operational_daily.csv,OPD-HOSP-001-DEPT-ICU-20261215,PEX-KPI-DCF120177644
ISS-kpi_006-DA08E6B9,Warning,INSUFFICIENT_DATA,kpi_006,HOSP-001,DEPT-ICU,2026-12-15,Insufficient data for kpi_006,processed_operational_daily.csv,OPD-HOSP-001-DEPT-ICU-20261215,PEX-KPI-DCF120177644
ISS-kpi_005-37A9D1C9,Warning,ZERO_DENOMINATOR,kpi_005,HOSP-001,DEPT-ICU,2026-12-16,Zero denominator for kpi_005,processed_operational_daily.csv,OPD-HOSP-001-DEPT-ICU-20261216,PEX-KPI-DCF120177644
ISS-kpi_005-6141F94A,Warning,ZERO_DENOMINATOR,kpi_005,HOSP-001,DEPT-ICU,2026-12-17,Zero denominator for kpi_005,processed_operational_daily.csv,OPD-HOSP-001-DEPT-ICU-20261217,PEX-KPI-DCF120177644
ISS-kpi_005-4C6FC4C1,Warning,ZERO_DENOMINATOR,kpi_005,HOSP-001,DEPT-ICU,2026-12-18,Zero denominator for kpi_005,processed_operational_daily.csv,OPD-HOSP-001-DEPT-ICU-20261218,PEX-KPI-DCF120177644
ISS-kpi_005-A3B3A78A,Warning,ZERO_DENOMINATOR,kpi_005,HOSP-001,DEPT-ICU,2026-12-19,Zero denominator for kpi_005,processed_operational_daily.csv,OPD-HOSP-001-DEPT-ICU-20261219,PEX-KPI-DCF120177644
ISS-kpi_006-470244A9,Warning,ZERO_DENOMINATOR,kpi_006,HOSP-001,DEPT-ICU,2026-12-19,Zero denominator for kpi_006,processed_operational_daily.csv,OPD-HOSP-001-DEPT-ICU-20261219,PEX-KPI-DCF120177644
ISS-kpi_005-A3EC4DD0,Warning,ZERO_DENOMINATOR,kpi_005,HOSP-001,DEPT-ICU,2026-12-20,Zero denominator for kpi_005,processed_operational_daily.csv,OPD-HOSP-001-DEPT-ICU-20261220,PEX-KPI-DCF120177644
ISS-kpi_005-053C621A,Warning,ZERO_DENOMINATOR,kpi_005,HOSP-001,DEPT-ICU,2026-12-21,Zero denominator for kpi_005,processed_operational_daily.csv,OPD-HOSP-001-DEPT-ICU-20261221,PEX-KPI-DCF120177644
ISS-kpi_005-FC18C957,Warning,ZERO_DENOMINATOR,kpi_005,HOSP-001,DEPT-ICU,2026-12-22,Zero denominator for kpi_005,processed_operational_daily.csv,OPD-HOSP-001-DEPT-ICU-20261222,PEX-KPI-DCF120177644
ISS-kpi_005-5E96632C,Warning,INSUFFICIENT_DATA,kpi_005,HOSP-001,DEPT-ICU,2026-12-23,Insufficient data for kpi_005,processed_operational_daily.csv,OPD-HOSP-001-DEPT-ICU-20261223,PEX-KPI-DCF120177644
ISS-kpi_006-4B60F300,Warning,INSUFFICIENT_DATA,kpi_006,HOSP-001,DEPT-ICU,2026-12-23,Insufficient data for kpi_006,processed_operational_daily.csv,OPD-HOSP-001-DEPT-ICU-20261223,PEX-KPI-DCF120177644
ISS-kpi_005-F0AAE1AE,Warning,ZERO_DENOMINATOR,kpi_005,HOSP-001,DEPT-ICU,2026-12-24,Zero denominator for kpi_005,processed_operational_daily.csv,OPD-HOSP-001-DEPT-ICU-20261224,PEX-KPI-DCF120177644
ISS-kpi_005-5FD8FD3D,Warning,ZERO_DENOMINATOR,kpi_005,HOSP-001,DEPT-ICU,2026-12-25,Zero denominator for kpi_005,processed_operational_daily.csv,OPD-HOSP-001-DEPT-ICU-20261225,PEX-KPI-DCF120177644
ISS-kpi_005-B4A1F905,Warning,ZERO_DENOMINATOR,kpi_005,HOSP-001,DEPT-ICU,2026-12-26,Zero denominator for kpi_005,processed_operational_daily.csv,OPD-HOSP-001-DEPT-ICU-20261226,PEX-KPI-DCF120177644
ISS-kpi_005-43B0216C,Warning,ZERO_DENOMINATOR,kpi_005,HOSP-001,DEPT-ICU,2026-12-27,Zero denominator for kpi_005,processed_operational_daily.csv,OPD-HOSP-001-DEPT-ICU-20261227,PEX-KPI-DCF120177644
ISS-kpi_006-03F41A52,Warning,ZERO_DENOMINATOR,kpi_006,HOSP-001,DEPT-ICU,2026-12-27,Zero denominator for kpi_006,processed_operational_daily.csv,OPD-HOSP-001-DEPT-ICU-20261227,PEX-KPI-DCF120177644
ISS-kpi_005-F0748BDD,Warning,ZERO_DENOMINATOR,kpi_005,HOSP-001,DEPT-ICU,2026-12-28,Zero denominator for kpi_005,processed_operational_daily.csv,OPD-HOSP-001-DEPT-ICU-20261228,PEX-KPI-DCF120177644
ISS-kpi_005-5E8B4B0E,Warning,ZERO_DENOMINATOR,kpi_005,HOSP-001,DEPT-ICU,2026-12-29,Zero denominator for kpi_005,processed_operational_daily.csv,OPD-HOSP-001-DEPT-ICU-20261229,PEX-KPI-DCF120177644
ISS-kpi_005-28E3A4EF,Warning,ZERO_DENOMINATOR,kpi_005,HOSP-001,DEPT-ICU,2026-12-30,Zero denominator for kpi_005,processed_operational_daily.csv,OPD-HOSP-001-DEPT-ICU-20261230,PEX-KPI-DCF120177644
ISS-kpi_005-103BD5BB,Warning,ZERO_DENOMINATOR,kpi_005,HOSP-001,DEPT-ICU,2026-12-31,Zero denominator for kpi_005,processed_operational_daily.csv,OPD-HOSP-001-DEPT-ICU-20261231,PEX-KPI-DCF120177644
ISS-kpi_005-F174CFE7,Warning,ZERO_DENOMINATOR,kpi_005,HOSP-001,DEPT-MED,2026-01-01,Zero denominator for kpi_005,processed_operational_daily.csv,OPD-HOSP-001-DEPT-MED-20260101,PEX-KPI-DCF120177644
ISS-kpi_005-5095BD85,Warning,ZERO_DENOMINATOR,kpi_005,HOSP-001,DEPT-MED,2026-01-02,Zero denominator for kpi_005,processed_operational_daily.csv,OPD-HOSP-001-DEPT-MED-20260102,PEX-KPI-DCF120177644
ISS-kpi_005-3701A64C,Warning,ZERO_DENOMINATOR,kpi_005,HOSP-001,DEPT-MED,2026-01-03,Zero denominator for kpi_005,processed_operational_daily.csv,OPD-HOSP-001-DEPT-MED-20260103,PEX-KPI-DCF120177644
ISS-kpi_005-EF085741,Warning,ZERO_DENOMINATOR,kpi_005,HOSP-001,DEPT-MED,2026-01-04,Zero denominator for kpi_005,processed_operational_daily.csv,OPD-HOSP-001-DEPT-MED-20260104,PEX-KPI-DCF120177644
ISS-kpi_006-D46EE22A,Warning,ZERO_DENOMINATOR,kpi_006,HOSP-001,DEPT-MED,2026-01-04,Zero denominator for kpi_006,processed_operational_daily.csv,OPD-HOSP-001-DEPT-MED-20260104,PEX-KPI-DCF120177644
ISS-kpi_005-C3E7EB6C,Warning,ZERO_DENOMINATOR,kpi_005,HOSP-001,DEPT-MED,2026-01-05,Zero denominator for kpi_005,processed_operational_daily.csv,OPD-HOSP-001-DEPT-MED-20260105,PEX-KPI-DCF120177644
ISS-kpi_005-6B545AF2,Warning,INSUFFICIENT_DATA,kpi_005,HOSP-001,DEPT-MED,2026-01-06,Insufficient data for kpi_005,processed_operational_daily.csv,OPD-HOSP-001-DEPT-MED-20260106,PEX-KPI-DCF120177644
ISS-kpi_006-71D2821B,Warning,INSUFFICIENT_DATA,kpi_006,HOSP-001,DEPT-MED,2026-01-06,Insufficient data for kpi_006,processed_operational_daily.csv,OPD-HOSP-001-DEPT-MED-20260106,PEX-KPI-DCF120177644
ISS-kpi_005-36DDA0B1,Warning,ZERO_DENOMINATOR,kpi_005,HOSP-001,DEPT-MED,2026-01-07,Zero denominator for kpi_005,processed_operational_daily.csv,OPD-HOSP-001-DEPT-MED-20260107,PEX-KPI-DCF120177644
ISS-kpi_005-C322CA07,Warning,ZERO_DENOMINATOR,kpi_005,HOSP-001,DEPT-MED,2026-01-08,Zero denominator for kpi_005,processed_operational_daily.csv,OPD-HOSP-001-DEPT-MED-20260108,PEX-KPI-DCF120177644
ISS-kpi_005-52915907,Warning,ZERO_DENOMINATOR,kpi_005,HOSP-001,DEPT-MED,2026-01-09,Zero denominator for kpi_005,processed_operational_daily.csv,OPD-HOSP-001-DEPT-MED-20260109,PEX-KPI-DCF120177644
ISS-kpi_005-DD2A62B1,Warning,ZERO_DENOMINATOR,kpi_005,HOSP-001,DEPT-MED,2026-01-10,Zero denominator for kpi_005,processed_operational_daily.csv,OPD-HOSP-001-DEPT-MED-20260110,PEX-KPI-DCF120177644
ISS-kpi_005-C7F68732,Warning,ZERO_DENOMINATOR,kpi_005,HOSP-001,DEPT-MED,2026-01-11,Zero denominator for kpi_005,processed_operational_daily.csv,OPD-HOSP-001-DEPT-MED-20260111,PEX-KPI-DCF120177644
ISS-kpi_005-0745F425,Warning,ZERO_DENOMINATOR,kpi_005,HOSP-001,DEPT-MED,2026-01-12,Zero denominator for kpi_005,processed_operational_daily.csv,OPD-HOSP-001-DEPT-MED-20260112,PEX-KPI-DCF120177644
ISS-kpi_005-487B8695,Warning,ZERO_DENOMINATOR,kpi_005,HOSP-001,DEPT-MED,2026-01-13,Zero denominator for kpi_005,processed_operational_daily.csv,OPD-HOSP-001-DEPT-MED-20260113,PEX-KPI-DCF120177644
ISS-kpi_005-0616D5A2,Warning,ZERO_DENOMINATOR,kpi_005,HOSP-001,DEPT-MED,2026-01-14,Zero denominator for kpi_005,processed_operational_daily.csv,OPD-HOSP-001-DEPT-MED-20260114,PEX-KPI-DCF120177644
ISS-kpi_005-DC0A9A2F,Warning,INSUFFICIENT_DATA,kpi_005,HOSP-001,DEPT-MED,2026-01-15,Insufficient data for kpi_005,processed_operational_daily.csv,OPD-HOSP-001-DEPT-MED-20260115,PEX-KPI-DCF120177644
ISS-kpi_006-4E0B6718,Warning,INSUFFICIENT_DATA,kpi_006,HOSP-001,DEPT-MED,2026-01-15,Insufficient data for kpi_006,processed_operational_daily.csv,OPD-HOSP-001-DEPT-MED-20260115,PEX-KPI-DCF120177644
ISS-kpi_005-86E031B2,Warning,INSUFFICIENT_DATA,kpi_005,HOSP-001,DEPT-MED,2026-01-16,Insufficient data for kpi_005,processed_operational_daily.csv,OPD-HOSP-001-DEPT-MED-20260116,PEX-KPI-DCF120177644
ISS-kpi_006-11E0062C,Warning,INSUFFICIENT_DATA,kpi_006,HOSP-001,DEPT-MED,2026-01-16,Insufficient data for kpi_006,processed_operational_daily.csv,OPD-HOSP-001-DEPT-MED-20260116,PEX-KPI-DCF120177644
ISS-kpi_005-60D15855,Warning,ZERO_DENOMINATOR,kpi_005,HOSP-001,DEPT-MED,2026-01-17,Zero denominator for kpi_005,processed_operational_daily.csv,OPD-HOSP-001-DEPT-MED-20260117,PEX-KPI-DCF120177644
ISS-kpi_005-6E12D878,Warning,ZERO_DENOMINATOR,kpi_005,HOSP-001,DEPT-MED,2026-01-18,Zero denominator for kpi_005,processed_operational_daily.csv,OPD-HOSP-001-DEPT-MED-20260118,PEX-KPI-DCF120177644
ISS-kpi_005-120D3C57,Warning,ZERO_DENOMINATOR,kpi_005,HOSP-001,DEPT-MED,2026-01-19,Zero denominator for kpi_005,processed_operational_daily.csv,OPD-HOSP-001-DEPT-MED-20260119,PEX-KPI-DCF120177644
ISS-kpi_006-8A833717,Warning,ZERO_DENOMINATOR,kpi_006,HOSP-001,DEPT-MED,2026-01-19,Zero denominator for kpi_006,processed_operational_daily.csv,OPD-HOSP-001-DEPT-MED-20260119,PEX-KPI-DCF120177644
ISS-kpi_005-6A5087BB,Warning,ZERO_DENOMINATOR,kpi_005,HOSP-001,DEPT-MED,2026-01-20,Zero denominator for kpi_005,processed_operational_daily.csv,OPD-HOSP-001-DEPT-MED-20260120,PEX-KPI-DCF120177644
ISS-kpi_005-F3EEC909,Warning,ZERO_DENOMINATOR,kpi_005,HOSP-001,DEPT-MED,2026-01-21,Zero denominator for kpi_005,processed_operational_daily.csv,OPD-HOSP-001-DEPT-MED-20260121,PEX-KPI-DCF120177644
ISS-kpi_006-ECA3ED05,Warning,ZERO_DENOMINATOR,kpi_006,HOSP-001,DEPT-MED,2026-01-21,Zero denominator for kpi_006,processed_operational_daily.csv,OPD-HOSP-001-DEPT-MED-20260121,PEX-KPI-DCF120177644
ISS-kpi_005-42F31640,Warning,ZERO_DENOMINATOR,kpi_005,HOSP-001,DEPT-MED,2026-01-22,Zero denominator for kpi_005,processed_operational_daily.csv,OPD-HOSP-001-DEPT-MED-20260122,PEX-KPI-DCF120177644
ISS-kpi_005-7E9424C6,Warning,ZERO_DENOMINATOR,kpi_005,HOSP-001,DEPT-MED,2026-01-23,Zero denominator for kpi_005,processed_operational_daily.csv,OPD-HOSP-001-DEPT-MED-20260123,PEX-KPI-DCF120177644
ISS-kpi_005-4F4E7063,Warning,ZERO_DENOMINATOR,kpi_005,HOSP-001,DEPT-MED,2026-01-24,Zero denominator for kpi_005,processed_operational_daily.csv,OPD-HOSP-001-DEPT-MED-20260124,PEX-KPI-DCF120177644
ISS-kpi_005-B9796D4C,Warning,ZERO_DENOMINATOR,kpi_005,HOSP-001,DEPT-MED,2026-01-25,Zero denominator for kpi_005,processed_operational_daily.csv,OPD-HOSP-001-DEPT-MED-20260125,PEX-KPI-DCF120177644
ISS-kpi_005-99E1AC8A,Warning,INSUFFICIENT_DATA,kpi_005,HOSP-001,DEPT-MED,2026-01-26,Insufficient data for kpi_005,processed_operational_daily.csv,OPD-HOSP-001-DEPT-MED-20260126,PEX-KPI-DCF120177644
ISS-kpi_006-0A5596DA,Warning,INSUFFICIENT_DATA,kpi_006,HOSP-001,DEPT-MED,2026-01-26,Insufficient data for kpi_006,processed_operational_daily.csv,OPD-HOSP-001-DEPT-MED-20260126,PEX-KPI-DCF120177644
ISS-kpi_005-68C1D3E4,Warning,ZERO_DENOMINATOR,kpi_005,HOSP-001,DEPT-MED,2026-01-27,Zero denominator for kpi_005,processed_operational_daily.csv,OPD-HOSP-001-DEPT-MED-20260127,PEX-KPI-DCF120177644
ISS-kpi_005-86B86E77,Warning,ZERO_DENOMINATOR,kpi_005,HOSP-001,DEPT-MED,2026-01-28,Zero denominator for kpi_005,processed_operational_daily.csv,OPD-HOSP-001-DEPT-MED-20260128,PEX-KPI-DCF120177644
ISS-kpi_005-216AECE3,Warning,INSUFFICIENT_DATA,kpi_005,HOSP-001,DEPT-MED,2026-01-29,Insufficient data for kpi_005,processed_operational_daily.csv,OPD-HOSP-001-DEPT-MED-20260129,PEX-KPI-DCF120177644
ISS-kpi_006-0899EA64,Warning,INSUFFICIENT_DATA,kpi_006,HOSP-001,DEPT-MED,2026-01-29,Insufficient data for kpi_006,processed_operational_daily.csv,OPD-HOSP-001-DEPT-MED-20260129,PEX-KPI-DCF120177644
ISS-kpi_005-5007BD4C,Warning,ZERO_DENOMINATOR,kpi_005,HOSP-001,DEPT-MED,2026-01-30,Zero denominator for kpi_005,processed_operational_daily.csv,OPD-HOSP-001-DEPT-MED-20260130,PEX-KPI-DCF120177644
ISS-kpi_005-E9AB84D7,Warning,ZERO_DENOMINATOR,kpi_005,HOSP-001,DEPT-MED,2026-01-31,Zero denominator for kpi_005,processed_operational_daily.csv,OPD-HOSP-001-DEPT-MED-20260131,PEX-KPI-DCF120177644
ISS-kpi_005-CB524EF7,Warning,ZERO_DENOMINATOR,kpi_005,HOSP-001,DEPT-MED,2026-02-01,Zero denominator for kpi_005,processed_operational_daily.csv,OPD-HOSP-001-DEPT-MED-20260201,PEX-KPI-DCF120177644
ISS-kpi_005-DEF50E19,Warning,ZERO_DENOMINATOR,kpi_005,HOSP-001,DEPT-MED,2026-02-02,Zero denominator for kpi_005,processed_operational_daily.csv,OPD-HOSP-001-DEPT-MED-20260202,PEX-KPI-DCF120177644
ISS-kpi_005-459D963C,Warning,ZERO_DENOMINATOR,kpi_005,HOSP-001,DEPT-MED,2026-02-03,Zero denominator for kpi_005,processed_operational_daily.csv,OPD-HOSP-001-DEPT-MED-20260203,PEX-KPI-DCF120177644
ISS-kpi_005-4C051695,Warning,ZERO_DENOMINATOR,kpi_005,HOSP-001,DEPT-MED,2026-02-04,Zero denominator for kpi_005,processed_operational_daily.csv,OPD-HOSP-001-DEPT-MED-20260204,PEX-KPI-DCF120177644
ISS-kpi_005-71C1BBC3,Warning,ZERO_DENOMINATOR,kpi_005,HOSP-001,DEPT-MED,2026-02-05,Zero denominator for kpi_005,processed_operational_daily.csv,OPD-HOSP-001-DEPT-MED-20260205,PEX-KPI-DCF120177644
ISS-kpi_005-C350DBB9,Warning,ZERO_DENOMINATOR,kpi_005,HOSP-001,DEPT-MED,2026-02-06,Zero denominator for kpi_005,processed_operational_daily.csv,OPD-HOSP-001-DEPT-MED-20260206,PEX-KPI-DCF120177644
ISS-kpi_005-AD8F7634,Warning,ZERO_DENOMINATOR,kpi_005,HOSP-001,DEPT-MED,2026-02-07,Zero denominator for kpi_005,processed_operational_daily.csv,OPD-HOSP-001-DEPT-MED-20260207,PEX-KPI-DCF120177644
ISS-kpi_006-6EEA7C3D,Warning,ZERO_DENOMINATOR,kpi_006,HOSP-001,DEPT-MED,2026-02-07,Zero denominator for kpi_006,processed_operational_daily.csv,OPD-HOSP-001-DEPT-MED-20260207,PEX-KPI-DCF120177644
ISS-kpi_005-F2BB9EDA,Warning,INSUFFICIENT_DATA,kpi_005,HOSP-001,DEPT-MED,2026-02-08,Insufficient data for kpi_005,processed_operational_daily.csv,OPD-HOSP-001-DEPT-MED-20260208,PEX-KPI-DCF120177644
ISS-kpi_006-67CB1F1C,Warning,INSUFFICIENT_DATA,kpi_006,HOSP-001,DEPT-MED,2026-02-08,Insufficient data for kpi_006,processed_operational_daily.csv,OPD-HOSP-001-DEPT-MED-20260208,PEX-KPI-DCF120177644
ISS-kpi_005-F4A454B0,Warning,INSUFFICIENT_DATA,kpi_005,HOSP-001,DEPT-MED,2026-02-09,Insufficient data for kpi_005,processed_operational_daily.csv,OPD-HOSP-001-DEPT-MED-20260209,PEX-KPI-DCF120177644
ISS-kpi_006-A21C4A71,Warning,INSUFFICIENT_DATA,kpi_006,HOSP-001,DEPT-MED,2026-02-09,Insufficient data for kpi_006,processed_operational_daily.csv,OPD-HOSP-001-DEPT-MED-20260209,PEX-KPI-DCF120177644
ISS-kpi_005-EAF8E083,Warning,ZERO_DENOMINATOR,kpi_005,HOSP-001,DEPT-MED,2026-02-10,Zero denominator for kpi_005,processed_operational_daily.csv,OPD-HOSP-001-DEPT-MED-20260210,PEX-KPI-DCF120177644
ISS-kpi_005-88CC030E,Warning,ZERO_DENOMINATOR,kpi_005,HOSP-001,DEPT-MED,2026-02-11,Zero denominator for kpi_005,processed_operational_daily.csv,OPD-HOSP-001-DEPT-MED-20260211,PEX-KPI-DCF120177644
ISS-kpi_005-2CE70FDF,Warning,INSUFFICIENT_DATA,kpi_005,HOSP-001,DEPT-MED,2026-02-12,Insufficient data for kpi_005,processed_operational_daily.csv,OPD-HOSP-001-DEPT-MED-20260212,PEX-KPI-DCF120177644
ISS-kpi_006-0FB2C9B9,Warning,INSUFFICIENT_DATA,kpi_006,HOSP-001,DEPT-MED,2026-02-12,Insufficient data for kpi_006,processed_operational_daily.csv,OPD-HOSP-001-DEPT-MED-20260212,PEX-KPI-DCF120177644
ISS-kpi_005-DC3F1CB8,Warning,ZERO_DENOMINATOR,kpi_005,HOSP-001,DEPT-MED,2026-02-13,Zero denominator for kpi_005,processed_operational_daily.csv,OPD-HOSP-001-DEPT-MED-20260213,PEX-KPI-DCF120177644
ISS-kpi_005-BD918E68,Warning,ZERO_DENOMINATOR,kpi_005,HOSP-001,DEPT-MED,2026-02-14,Zero denominator for kpi_005,processed_operational_daily.csv,OPD-HOSP-001-DEPT-MED-20260214,PEX-KPI-DCF120177644
ISS-kpi_005-92243D74,Warning,ZERO_DENOMINATOR,kpi_005,HOSP-001,DEPT-MED,2026-02-15,Zero denominator for kpi_005,processed_operational_daily.csv,OPD-HOSP-001-DEPT-MED-20260215,PEX-KPI-DCF120177644
ISS-kpi_005-76160353,Warning,ZERO_DENOMINATOR,kpi_005,HOSP-001,DEPT-MED,2026-02-16,Zero denominator for kpi_005,processed_operational_daily.csv,OPD-HOSP-001-DEPT-MED-20260216,PEX-KPI-DCF120177644
ISS-kpi_005-A2ADB266,Warning,INSUFFICIENT_DATA,kpi_005,HOSP-001,DEPT-MED,2026-02-17,Insufficient data for kpi_005,processed_operational_daily.csv,OPD-HOSP-001-DEPT-MED-20260217,PEX-KPI-DCF120177644
ISS-kpi_006-65B7D9D5,Warning,INSUFFICIENT_DATA,kpi_006,HOSP-001,DEPT-MED,2026-02-17,Insufficient data for kpi_006,processed_operational_daily.csv,OPD-HOSP-001-DEPT-MED-20260217,PEX-KPI-DCF120177644
ISS-kpi_005-1CD838B8,Warning,ZERO_DENOMINATOR,kpi_005,HOSP-001,DEPT-MED,2026-02-18,Zero denominator for kpi_005,processed_operational_daily.csv,OPD-HOSP-001-DEPT-MED-20260218,PEX-KPI-DCF120177644
ISS-kpi_005-F115D22D,Warning,ZERO_DENOMINATOR,kpi_005,HOSP-001,DEPT-MED,2026-02-19,Zero denominator for kpi_005,processed_operational_daily.csv,OPD-HOSP-001-DEPT-MED-20260219,PEX-KPI-DCF120177644
ISS-kpi_005-05BEA187,Warning,ZERO_DENOMINATOR,kpi_005,HOSP-001,DEPT-MED,2026-02-20,Zero denominator for kpi_005,processed_operational_daily.csv,OPD-HOSP-001-DEPT-MED-20260220,PEX-KPI-DCF120177644
ISS-kpi_005-F504320B,Warning,ZERO_DENOMINATOR,kpi_005,HOSP-001,DEPT-MED,2026-02-21,Zero denominator for kpi_005,processed_operational_daily.csv,OPD-HOSP-001-DEPT-MED-20260221,PEX-KPI-DCF120177644
ISS-kpi_005-5FCBE340,Warning,ZERO_DENOMINATOR,kpi_005,HOSP-001,DEPT-MED,2026-02-22,Zero denominator for kpi_005,processed_operational_daily.csv,OPD-HOSP-001-DEPT-MED-20260222,PEX-KPI-DCF120177644
ISS-kpi_005-7831F6AC,Warning,ZERO_DENOMINATOR,kpi_005,HOSP-001,DEPT-MED,2026-02-23,Zero denominator for kpi_005,processed_operational_daily.csv,OPD-HOSP-001-DEPT-MED-20260223,PEX-KPI-DCF120177644
ISS-kpi_005-F8B9D0E4,Warning,ZERO_DENOMINATOR,kpi_005,HOSP-001,DEPT-MED,2026-02-24,Zero denominator for kpi_005,processed_operational_daily.csv,OPD-HOSP-001-DEPT-MED-20260224,PEX-KPI-DCF120177644
ISS-kpi_005-3E56BE37,Warning,ZERO_DENOMINATOR,kpi_005,HOSP-001,DEPT-MED,2026-02-25,Zero denominator for kpi_005,processed_operational_daily.csv,OPD-HOSP-001-DEPT-MED-20260225,PEX-KPI-DCF120177644
ISS-kpi_005-C122839E,Warning,ZERO_DENOMINATOR,kpi_005,HOSP-001,DEPT-MED,2026-02-26,Zero denominator for kpi_005,processed_operational_daily.csv,OPD-HOSP-001-DEPT-MED-20260226,PEX-KPI-DCF120177644
ISS-kpi_005-CB7763F4,Warning,ZERO_DENOMINATOR,kpi_005,HOSP-001,DEPT-MED,2026-02-27,Zero denominator for kpi_005,processed_operational_daily.csv,OPD-HOSP-001-DEPT-MED-20260227,PEX-KPI-DCF120177644
ISS-kpi_005-0CF3EB82,Warning,ZERO_DENOMINATOR,kpi_005,HOSP-001,DEPT-MED,2026-02-28,Zero denominator for kpi_005,processed_operational_daily.csv,OPD-HOSP-001-DEPT-MED-20260228,PEX-KPI-DCF120177644
ISS-kpi_005-09CD503B,Warning,ZERO_DENOMINATOR,kpi_005,HOSP-001,DEPT-MED,2026-03-01,Zero denominator for kpi_005,processed_operational_daily.csv,OPD-HOSP-001-DEPT-MED-20260301,PEX-KPI-DCF120177644
ISS-kpi_005-27856662,Warning,ZERO_DENOMINATOR,kpi_005,HOSP-001,DEPT-MED,2026-03-02,Zero denominator for kpi_005,processed_operational_daily.csv,OPD-HOSP-001-DEPT-MED-20260302,PEX-KPI-DCF120177644
ISS-kpi_005-3D6FE498,Warning,INSUFFICIENT_DATA,kpi_005,HOSP-001,DEPT-MED,2026-03-03,Insufficient data for kpi_005,processed_operational_daily.csv,OPD-HOSP-001-DEPT-MED-20260303,PEX-KPI-DCF120177644
ISS-kpi_006-7982D79C,Warning,INSUFFICIENT_DATA,kpi_006,HOSP-001,DEPT-MED,2026-03-03,Insufficient data for kpi_006,processed_operational_daily.csv,OPD-HOSP-001-DEPT-MED-20260303,PEX-KPI-DCF120177644
ISS-kpi_005-BC897582,Warning,ZERO_DENOMINATOR,kpi_005,HOSP-001,DEPT-MED,2026-03-04,Zero denominator for kpi_005,processed_operational_daily.csv,OPD-HOSP-001-DEPT-MED-20260304,PEX-KPI-DCF120177644
ISS-kpi_005-78889EEC,Warning,ZERO_DENOMINATOR,kpi_005,HOSP-001,DEPT-MED,2026-03-05,Zero denominator for kpi_005,processed_operational_daily.csv,OPD-HOSP-001-DEPT-MED-20260305,PEX-KPI-DCF120177644
ISS-kpi_005-FD61EDA6,Warning,INSUFFICIENT_DATA,kpi_005,HOSP-001,DEPT-MED,2026-03-06,Insufficient data for kpi_005,processed_operational_daily.csv,OPD-HOSP-001-DEPT-MED-20260306,PEX-KPI-DCF120177644
ISS-kpi_006-56D67FC6,Warning,INSUFFICIENT_DATA,kpi_006,HOSP-001,DEPT-MED,2026-03-06,Insufficient data for kpi_006,processed_operational_daily.csv,OPD-HOSP-001-DEPT-MED-20260306,PEX-KPI-DCF120177644
ISS-kpi_005-DFA67407,Warning,ZERO_DENOMINATOR,kpi_005,HOSP-001,DEPT-MED,2026-03-07,Zero denominator for kpi_005,processed_operational_daily.csv,OPD-HOSP-001-DEPT-MED-20260307,PEX-KPI-DCF120177644
ISS-kpi_006-732601AA,Warning,ZERO_DENOMINATOR,kpi_006,HOSP-001,DEPT-MED,2026-03-07,Zero denominator for kpi_006,processed_operational_daily.csv,OPD-HOSP-001-DEPT-MED-20260307,PEX-KPI-DCF120177644
ISS-kpi_005-B94530D2,Warning,ZERO_DENOMINATOR,kpi_005,HOSP-001,DEPT-MED,2026-03-08,Zero denominator for kpi_005,processed_operational_daily.csv,OPD-HOSP-001-DEPT-MED-20260308,PEX-KPI-DCF120177644
ISS-kpi_005-C15BCC7D,Warning,ZERO_DENOMINATOR,kpi_005,HOSP-001,DEPT-MED,2026-03-09,Zero denominator for kpi_005,processed_operational_daily.csv,OPD-HOSP-001-DEPT-MED-20260309,PEX-KPI-DCF120177644
ISS-kpi_005-57C5D770,Warning,ZERO_DENOMINATOR,kpi_005,HOSP-001,DEPT-MED,2026-03-10,Zero denominator for kpi_005,processed_operational_daily.csv,OPD-HOSP-001-DEPT-MED-20260310,PEX-KPI-DCF120177644
ISS-kpi_005-D53D5946,Warning,ZERO_DENOMINATOR,kpi_005,HOSP-001,DEPT-MED,2026-03-11,Zero denominator for kpi_005,processed_operational_daily.csv,OPD-HOSP-001-DEPT-MED-20260311,PEX-KPI-DCF120177644
ISS-kpi_005-2DD25A3A,Warning,ZERO_DENOMINATOR,kpi_005,HOSP-001,DEPT-MED,2026-03-12,Zero denominator for kpi_005,processed_operational_daily.csv,OPD-HOSP-001-DEPT-MED-20260312,PEX-KPI-DCF120177644
ISS-kpi_005-46949B1B,Warning,ZERO_DENOMINATOR,kpi_005,HOSP-001,DEPT-MED,2026-03-13,Zero denominator for kpi_005,processed_operational_daily.csv,OPD-HOSP-001-DEPT-MED-20260313,PEX-KPI-DCF120177644
ISS-kpi_005-40F75448,Warning,ZERO_DENOMINATOR,kpi_005,HOSP-001,DEPT-MED,2026-03-14,Zero denominator for kpi_005,processed_operational_daily.csv,OPD-HOSP-001-DEPT-MED-20260314,PEX-KPI-DCF120177644
ISS-kpi_005-C2F7B68F,Warning,ZERO_DENOMINATOR,kpi_005,HOSP-001,DEPT-MED,2026-03-15,Zero denominator for kpi_005,processed_operational_daily.csv,OPD-HOSP-001-DEPT-MED-20260315,PEX-KPI-DCF120177644
ISS-kpi_005-4796D126,Warning,ZERO_DENOMINATOR,kpi_005,HOSP-001,DEPT-MED,2026-03-16,Zero denominator for kpi_005,processed_operational_daily.csv,OPD-HOSP-001-DEPT-MED-20260316,PEX-KPI-DCF120177644
ISS-kpi_005-F4E5E318,Warning,ZERO_DENOMINATOR,kpi_005,HOSP-001,DEPT-MED,2026-03-17,Zero denominator for kpi_005,processed_operational_daily.csv,OPD-HOSP-001-DEPT-MED-20260317,PEX-KPI-DCF120177644
ISS-kpi_005-7B18FF46,Warning,ZERO_DENOMINATOR,kpi_005,HOSP-001,DEPT-MED,2026-03-18,Zero denominator for kpi_005,processed_operational_daily.csv,OPD-HOSP-001-DEPT-MED-20260318,PEX-KPI-DCF120177644
ISS-kpi_006-BCA7ECE3,Warning,ZERO_DENOMINATOR,kpi_006,HOSP-001,DEPT-MED,2026-03-18,Zero denominator for kpi_006,processed_operational_daily.csv,OPD-HOSP-001-DEPT-MED-20260318,PEX-KPI-DCF120177644
ISS-kpi_005-DB0CE4F2,Warning,ZERO_DENOMINATOR,kpi_005,HOSP-001,DEPT-MED,2026-03-19,Zero denominator for kpi_005,processed_operational_daily.csv,OPD-HOSP-001-DEPT-MED-20260319,PEX-KPI-DCF120177644
ISS-kpi_005-6A79B31B,Warning,ZERO_DENOMINATOR,kpi_005,HOSP-001,DEPT-MED,2026-03-20,Zero denominator for kpi_005,processed_operational_daily.csv,OPD-HOSP-001-DEPT-MED-20260320,PEX-KPI-DCF120177644
ISS-kpi_006-A1B0F61C,Warning,ZERO_DENOMINATOR,kpi_006,HOSP-001,DEPT-MED,2026-03-20,Zero denominator for kpi_006,processed_operational_daily.csv,OPD-HOSP-001-DEPT-MED-20260320,PEX-KPI-DCF120177644
ISS-kpi_005-BC5F89BC,Warning,ZERO_DENOMINATOR,kpi_005,HOSP-001,DEPT-MED,2026-03-21,Zero denominator for kpi_005,processed_operational_daily.csv,OPD-HOSP-001-DEPT-MED-20260321,PEX-KPI-DCF120177644
ISS-kpi_005-1C900A4B,Warning,ZERO_DENOMINATOR,kpi_005,HOSP-001,DEPT-MED,2026-03-22,Zero denominator for kpi_005,processed_operational_daily.csv,OPD-HOSP-001-DEPT-MED-20260322,PEX-KPI-DCF120177644
ISS-kpi_005-456435E3,Warning,INSUFFICIENT_DATA,kpi_005,HOSP-001,DEPT-MED,2026-03-23,Insufficient data for kpi_005,processed_operational_daily.csv,OPD-HOSP-001-DEPT-MED-20260323,PEX-KPI-DCF120177644
ISS-kpi_006-F94A48C7,Warning,INSUFFICIENT_DATA,kpi_006,HOSP-001,DEPT-MED,2026-03-23,Insufficient data for kpi_006,processed_operational_daily.csv,OPD-HOSP-001-DEPT-MED-20260323,PEX-KPI-DCF120177644
ISS-kpi_005-78E33CFD,Warning,ZERO_DENOMINATOR,kpi_005,HOSP-001,DEPT-MED,2026-03-24,Zero denominator for kpi_005,processed_operational_daily.csv,OPD-HOSP-001-DEPT-MED-20260324,PEX-KPI-DCF120177644
ISS-kpi_005-7BD67639,Warning,ZERO_DENOMINATOR,kpi_005,HOSP-001,DEPT-MED,2026-03-25,Zero denominator for kpi_005,processed_operational_daily.csv,OPD-HOSP-001-DEPT-MED-20260325,PEX-KPI-DCF120177644
ISS-kpi_005-368B7B02,Warning,INSUFFICIENT_DATA,kpi_005,HOSP-001,DEPT-MED,2026-03-26,Insufficient data for kpi_005,processed_operational_daily.csv,OPD-HOSP-001-DEPT-MED-20260326,PEX-KPI-DCF120177644
ISS-kpi_006-715BC030,Warning,INSUFFICIENT_DATA,kpi_006,HOSP-001,DEPT-MED,2026-03-26,Insufficient data for kpi_006,processed_operational_daily.csv,OPD-HOSP-001-DEPT-MED-20260326,PEX-KPI-DCF120177644
ISS-kpi_005-CA8F11A6,Warning,ZERO_DENOMINATOR,kpi_005,HOSP-001,DEPT-MED,2026-03-27,Zero denominator for kpi_005,processed_operational_daily.csv,OPD-HOSP-001-DEPT-MED-20260327,PEX-KPI-DCF120177644
ISS-kpi_005-5C0CCF41,Warning,ZERO_DENOMINATOR,kpi_005,HOSP-001,DEPT-MED,2026-03-28,Zero denominator for kpi_005,processed_operational_daily.csv,OPD-HOSP-001-DEPT-MED-20260328,PEX-KPI-DCF120177644
ISS-kpi_005-692BFB5D,Warning,INSUFFICIENT_DATA,kpi_005,HOSP-001,DEPT-MED,2026-03-29,Insufficient data for kpi_005,processed_operational_daily.csv,OPD-HOSP-001-DEPT-MED-20260329,PEX-KPI-DCF120177644
ISS-kpi_006-BE56A824,Warning,INSUFFICIENT_DATA,kpi_006,HOSP-001,DEPT-MED,2026-03-29,Insufficient data for kpi_006,processed_operational_daily.csv,OPD-HOSP-001-DEPT-MED-20260329,PEX-KPI-DCF120177644
ISS-kpi_005-21CA51C3,Warning,ZERO_DENOMINATOR,kpi_005,HOSP-001,DEPT-MED,2026-03-30,Zero denominator for kpi_005,processed_operational_daily.csv,OPD-HOSP-001-DEPT-MED-20260330,PEX-KPI-DCF120177644
ISS-kpi_005-38E5CE56,Warning,ZERO_DENOMINATOR,kpi_005,HOSP-001,DEPT-MED,2026-03-31,Zero denominator for kpi_005,processed_operational_daily.csv,OPD-HOSP-001-DEPT-MED-20260331,PEX-KPI-DCF120177644
ISS-kpi_005-C8D60882,Warning,ZERO_DENOMINATOR,kpi_005,HOSP-001,DEPT-MED,2026-04-01,Zero denominator for kpi_005,processed_operational_daily.csv,OPD-HOSP-001-DEPT-MED-20260401,PEX-KPI-DCF120177644
ISS-kpi_005-02615174,Warning,ZERO_DENOMINATOR,kpi_005,HOSP-001,DEPT-MED,2026-04-02,Zero denominator for kpi_005,processed_operational_daily.csv,OPD-HOSP-001-DEPT-MED-20260402,PEX-KPI-DCF120177644
ISS-kpi_006-12A3B2DC,Warning,ZERO_DENOMINATOR,kpi_006,HOSP-001,DEPT-MED,2026-04-02,Zero denominator for kpi_006,processed_operational_daily.csv,OPD-HOSP-001-DEPT-MED-20260402,PEX-KPI-DCF120177644
ISS-kpi_005-CF134560,Warning,ZERO_DENOMINATOR,kpi_005,HOSP-001,DEPT-MED,2026-04-03,Zero denominator for kpi_005,processed_operational_daily.csv,OPD-HOSP-001-DEPT-MED-20260403,PEX-KPI-DCF120177644
ISS-kpi_006-052C3558,Warning,ZERO_DENOMINATOR,kpi_006,HOSP-001,DEPT-MED,2026-04-03,Zero denominator for kpi_006,processed_operational_daily.csv,OPD-HOSP-001-DEPT-MED-20260403,PEX-KPI-DCF120177644
ISS-kpi_005-5500EEB2,Warning,ZERO_DENOMINATOR,kpi_005,HOSP-001,DEPT-MED,2026-04-04,Zero denominator for kpi_005,processed_operational_daily.csv,OPD-HOSP-001-DEPT-MED-20260404,PEX-KPI-DCF120177644
ISS-kpi_005-882C3841,Warning,ZERO_DENOMINATOR,kpi_005,HOSP-001,DEPT-MED,2026-04-05,Zero denominator for kpi_005,processed_operational_daily.csv,OPD-HOSP-001-DEPT-MED-20260405,PEX-KPI-DCF120177644
ISS-kpi_005-44248122,Warning,ZERO_DENOMINATOR,kpi_005,HOSP-001,DEPT-MED,2026-04-06,Zero denominator for kpi_005,processed_operational_daily.csv,OPD-HOSP-001-DEPT-MED-20260406,PEX-KPI-DCF120177644
ISS-kpi_005-096DC898,Warning,ZERO_DENOMINATOR,kpi_005,HOSP-001,DEPT-MED,2026-04-07,Zero denominator for kpi_005,processed_operational_daily.csv,OPD-HOSP-001-DEPT-MED-20260407,PEX-KPI-DCF120177644
ISS-kpi_005-B8282109,Warning,ZERO_DENOMINATOR,kpi_005,HOSP-001,DEPT-MED,2026-04-08,Zero denominator for kpi_005,processed_operational_daily.csv,OPD-HOSP-001-DEPT-MED-20260408,PEX-KPI-DCF120177644
ISS-kpi_005-62B7AA25,Warning,ZERO_DENOMINATOR,kpi_005,HOSP-001,DEPT-MED,2026-04-09,Zero denominator for kpi_005,processed_operational_daily.csv,OPD-HOSP-001-DEPT-MED-20260409,PEX-KPI-DCF120177644
ISS-kpi_005-47C9C873,Warning,ZERO_DENOMINATOR,kpi_005,HOSP-001,DEPT-MED,2026-04-10,Zero denominator for kpi_005,processed_operational_daily.csv,OPD-HOSP-001-DEPT-MED-20260410,PEX-KPI-DCF120177644
ISS-kpi_005-506C9A1B,Warning,ZERO_DENOMINATOR,kpi_005,HOSP-001,DEPT-MED,2026-04-11,Zero denominator for kpi_005,processed_operational_daily.csv,OPD-HOSP-001-DEPT-MED-20260411,PEX-KPI-DCF120177644
ISS-kpi_005-0459725D,Warning,ZERO_DENOMINATOR,kpi_005,HOSP-001,DEPT-MED,2026-04-12,Zero denominator for kpi_005,processed_operational_daily.csv,OPD-HOSP-001-DEPT-MED-20260412,PEX-KPI-DCF120177644
ISS-kpi_005-0E91435E,Warning,ZERO_DENOMINATOR,kpi_005,HOSP-001,DEPT-MED,2026-04-13,Zero denominator for kpi_005,processed_operational_daily.csv,OPD-HOSP-001-DEPT-MED-20260413,PEX-KPI-DCF120177644
ISS-kpi_005-72844022,Warning,ZERO_DENOMINATOR,kpi_005,HOSP-001,DEPT-MED,2026-04-14,Zero denominator for kpi_005,processed_operational_daily.csv,OPD-HOSP-001-DEPT-MED-20260414,PEX-KPI-DCF120177644
ISS-kpi_005-F66589AD,Warning,ZERO_DENOMINATOR,kpi_005,HOSP-001,DEPT-MED,2026-04-15,Zero denominator for kpi_005,processed_operational_daily.csv,OPD-HOSP-001-DEPT-MED-20260415,PEX-KPI-DCF120177644
ISS-kpi_005-2E21C8E9,Warning,ZERO_DENOMINATOR,kpi_005,HOSP-001,DEPT-MED,2026-04-16,Zero denominator for kpi_005,processed_operational_daily.csv,OPD-HOSP-001-DEPT-MED-20260416,PEX-KPI-DCF120177644
ISS-kpi_005-148CCDC2,Warning,INSUFFICIENT_DATA,kpi_005,HOSP-001,DEPT-MED,2026-04-17,Insufficient data for kpi_005,processed_operational_daily.csv,OPD-HOSP-001-DEPT-MED-20260417,PEX-KPI-DCF120177644
ISS-kpi_006-4297AC70,Warning,INSUFFICIENT_DATA,kpi_006,HOSP-001,DEPT-MED,2026-04-17,Insufficient data for kpi_006,processed_operational_daily.csv,OPD-HOSP-001-DEPT-MED-20260417,PEX-KPI-DCF120177644
ISS-kpi_005-76800AF0,Warning,ZERO_DENOMINATOR,kpi_005,HOSP-001,DEPT-MED,2026-04-18,Zero denominator for kpi_005,processed_operational_daily.csv,OPD-HOSP-001-DEPT-MED-20260418,PEX-KPI-DCF120177644
ISS-kpi_005-6024E78D,Warning,ZERO_DENOMINATOR,kpi_005,HOSP-001,DEPT-MED,2026-04-19,Zero denominator for kpi_005,processed_operational_daily.csv,OPD-HOSP-001-DEPT-MED-20260419,PEX-KPI-DCF120177644
ISS-kpi_005-05103FE7,Warning,ZERO_DENOMINATOR,kpi_005,HOSP-001,DEPT-MED,2026-04-20,Zero denominator for kpi_005,processed_operational_daily.csv,OPD-HOSP-001-DEPT-MED-20260420,PEX-KPI-DCF120177644
ISS-kpi_005-09FDB125,Warning,ZERO_DENOMINATOR,kpi_005,HOSP-001,DEPT-MED,2026-04-21,Zero denominator for kpi_005,processed_operational_daily.csv,OPD-HOSP-001-DEPT-MED-20260421,PEX-KPI-DCF120177644
ISS-kpi_005-424E1425,Warning,ZERO_DENOMINATOR,kpi_005,HOSP-001,DEPT-MED,2026-04-22,Zero denominator for kpi_005,processed_operational_daily.csv,OPD-HOSP-001-DEPT-MED-20260422,PEX-KPI-DCF120177644
ISS-kpi_005-6212613C,Warning,ZERO_DENOMINATOR,kpi_005,HOSP-001,DEPT-MED,2026-04-23,Zero denominator for kpi_005,processed_operational_daily.csv,OPD-HOSP-001-DEPT-MED-20260423,PEX-KPI-DCF120177644
ISS-kpi_005-44A8F09E,Warning,ZERO_DENOMINATOR,kpi_005,HOSP-001,DEPT-MED,2026-04-24,Zero denominator for kpi_005,processed_operational_daily.csv,OPD-HOSP-001-DEPT-MED-20260424,PEX-KPI-DCF120177644
ISS-kpi_005-2E65ED68,Warning,ZERO_DENOMINATOR,kpi_005,HOSP-001,DEPT-MED,2026-04-25,Zero denominator for kpi_005,processed_operational_daily.csv,OPD-HOSP-001-DEPT-MED-20260425,PEX-KPI-DCF120177644
ISS-kpi_005-FD8D0136,Warning,ZERO_DENOMINATOR,kpi_005,HOSP-001,DEPT-MED,2026-04-26,Zero denominator for kpi_005,processed_operational_daily.csv,OPD-HOSP-001-DEPT-MED-20260426,PEX-KPI-DCF120177644
ISS-kpi_005-B650BA4F,Warning,ZERO_DENOMINATOR,kpi_005,HOSP-001,DEPT-MED,2026-04-27,Zero denominator for kpi_005,processed_operational_daily.csv,OPD-HOSP-001-DEPT-MED-20260427,PEX-KPI-DCF120177644
ISS-kpi_005-4B12F981,Warning,ZERO_DENOMINATOR,kpi_005,HOSP-001,DEPT-MED,2026-04-28,Zero denominator for kpi_005,processed_operational_daily.csv,OPD-HOSP-001-DEPT-MED-20260428,PEX-KPI-DCF120177644
ISS-kpi_005-ACC06E2A,Warning,ZERO_DENOMINATOR,kpi_005,HOSP-001,DEPT-MED,2026-04-29,Zero denominator for kpi_005,processed_operational_daily.csv,OPD-HOSP-001-DEPT-MED-20260429,PEX-KPI-DCF120177644
ISS-kpi_005-B0461910,Warning,ZERO_DENOMINATOR,kpi_005,HOSP-001,DEPT-MED,2026-04-30,Zero denominator for kpi_005,processed_operational_daily.csv,OPD-HOSP-001-DEPT-MED-20260430,PEX-KPI-DCF120177644
ISS-kpi_005-16E922F6,Warning,ZERO_DENOMINATOR,kpi_005,HOSP-001,DEPT-MED,2026-05-01,Zero denominator for kpi_005,processed_operational_daily.csv,OPD-HOSP-001-DEPT-MED-20260501,PEX-KPI-DCF120177644
ISS-kpi_005-63894E6F,Warning,INSUFFICIENT_DATA,kpi_005,HOSP-001,DEPT-MED,2026-05-02,Insufficient data for kpi_005,processed_operational_daily.csv,OPD-HOSP-001-DEPT-MED-20260502,PEX-KPI-DCF120177644
ISS-kpi_006-19A082D5,Warning,INSUFFICIENT_DATA,kpi_006,HOSP-001,DEPT-MED,2026-05-02,Insufficient data for kpi_006,processed_operational_daily.csv,OPD-HOSP-001-DEPT-MED-20260502,PEX-KPI-DCF120177644
ISS-kpi_005-86489BB5,Warning,ZERO_DENOMINATOR,kpi_005,HOSP-001,DEPT-MED,2026-05-03,Zero denominator for kpi_005,processed_operational_daily.csv,OPD-HOSP-001-DEPT-MED-20260503,PEX-KPI-DCF120177644
ISS-kpi_005-1133E306,Warning,ZERO_DENOMINATOR,kpi_005,HOSP-001,DEPT-MED,2026-05-04,Zero denominator for kpi_005,processed_operational_daily.csv,OPD-HOSP-001-DEPT-MED-20260504,PEX-KPI-DCF120177644
ISS-kpi_006-37D2009D,Warning,ZERO_DENOMINATOR,kpi_006,HOSP-001,DEPT-MED,2026-05-04,Zero denominator for kpi_006,processed_operational_daily.csv,OPD-HOSP-001-DEPT-MED-20260504,PEX-KPI-DCF120177644
ISS-kpi_005-1E2D610F,Warning,ZERO_DENOMINATOR,kpi_005,HOSP-001,DEPT-MED,2026-05-05,Zero denominator for kpi_005,processed_operational_daily.csv,OPD-HOSP-001-DEPT-MED-20260505,PEX-KPI-DCF120177644
ISS-kpi_005-3C94B3CB,Warning,ZERO_DENOMINATOR,kpi_005,HOSP-001,DEPT-MED,2026-05-06,Zero denominator for kpi_005,processed_operational_daily.csv,OPD-HOSP-001-DEPT-MED-20260506,PEX-KPI-DCF120177644
ISS-kpi_005-796FFE64,Warning,ZERO_DENOMINATOR,kpi_005,HOSP-001,DEPT-MED,2026-05-07,Zero denominator for kpi_005,processed_operational_daily.csv,OPD-HOSP-001-DEPT-MED-20260507,PEX-KPI-DCF120177644
ISS-kpi_005-8A70CA98,Warning,ZERO_DENOMINATOR,kpi_005,HOSP-001,DEPT-MED,2026-05-08,Zero denominator for kpi_005,processed_operational_daily.csv,OPD-HOSP-001-DEPT-MED-20260508,PEX-KPI-DCF120177644
ISS-kpi_005-22F87EE1,Warning,ZERO_DENOMINATOR,kpi_005,HOSP-001,DEPT-MED,2026-05-09,Zero denominator for kpi_005,processed_operational_daily.csv,OPD-HOSP-001-DEPT-MED-20260509,PEX-KPI-DCF120177644
ISS-kpi_005-1F16C0BD,Warning,ZERO_DENOMINATOR,kpi_005,HOSP-001,DEPT-MED,2026-05-10,Zero denominator for kpi_005,processed_operational_daily.csv,OPD-HOSP-001-DEPT-MED-20260510,PEX-KPI-DCF120177644
ISS-kpi_005-8B783505,Warning,ZERO_DENOMINATOR,kpi_005,HOSP-001,DEPT-MED,2026-05-11,Zero denominator for kpi_005,processed_operational_daily.csv,OPD-HOSP-001-DEPT-MED-20260511,PEX-KPI-DCF120177644
ISS-kpi_005-1C627AB3,Warning,ZERO_DENOMINATOR,kpi_005,HOSP-001,DEPT-MED,2026-05-12,Zero denominator for kpi_005,processed_operational_daily.csv,OPD-HOSP-001-DEPT-MED-20260512,PEX-KPI-DCF120177644
ISS-kpi_005-ADFE5FA0,Warning,INSUFFICIENT_DATA,kpi_005,HOSP-001,DEPT-MED,2026-05-13,Insufficient data for kpi_005,processed_operational_daily.csv,OPD-HOSP-001-DEPT-MED-20260513,PEX-KPI-DCF120177644
ISS-kpi_006-B1CAE731,Warning,INSUFFICIENT_DATA,kpi_006,HOSP-001,DEPT-MED,2026-05-13,Insufficient data for kpi_006,processed_operational_daily.csv,OPD-HOSP-001-DEPT-MED-20260513,PEX-KPI-DCF120177644
ISS-kpi_005-80460C2C,Warning,ZERO_DENOMINATOR,kpi_005,HOSP-001,DEPT-MED,2026-05-14,Zero denominator for kpi_005,processed_operational_daily.csv,OPD-HOSP-001-DEPT-MED-20260514,PEX-KPI-DCF120177644
ISS-kpi_005-A71ED29D,Warning,ZERO_DENOMINATOR,kpi_005,HOSP-001,DEPT-MED,2026-05-15,Zero denominator for kpi_005,processed_operational_daily.csv,OPD-HOSP-001-DEPT-MED-20260515,PEX-KPI-DCF120177644
ISS-kpi_005-33C340B3,Warning,ZERO_DENOMINATOR,kpi_005,HOSP-001,DEPT-MED,2026-05-16,Zero denominator for kpi_005,processed_operational_daily.csv,OPD-HOSP-001-DEPT-MED-20260516,PEX-KPI-DCF120177644
ISS-kpi_005-BB4B9496,Warning,ZERO_DENOMINATOR,kpi_005,HOSP-001,DEPT-MED,2026-05-17,Zero denominator for kpi_005,processed_operational_daily.csv,OPD-HOSP-001-DEPT-MED-20260517,PEX-KPI-DCF120177644
ISS-kpi_005-8EAA3682,Warning,ZERO_DENOMINATOR,kpi_005,HOSP-001,DEPT-MED,2026-05-18,Zero denominator for kpi_005,processed_operational_daily.csv,OPD-HOSP-001-DEPT-MED-20260518,PEX-KPI-DCF120177644
ISS-kpi_005-7160F5EC,Warning,INSUFFICIENT_DATA,kpi_005,HOSP-001,DEPT-MED,2026-05-19,Insufficient data for kpi_005,processed_operational_daily.csv,OPD-HOSP-001-DEPT-MED-20260519,PEX-KPI-DCF120177644
ISS-kpi_006-DDEBC74A,Warning,INSUFFICIENT_DATA,kpi_006,HOSP-001,DEPT-MED,2026-05-19,Insufficient data for kpi_006,processed_operational_daily.csv,OPD-HOSP-001-DEPT-MED-20260519,PEX-KPI-DCF120177644
ISS-kpi_005-E28213CB,Warning,ZERO_DENOMINATOR,kpi_005,HOSP-001,DEPT-MED,2026-05-20,Zero denominator for kpi_005,processed_operational_daily.csv,OPD-HOSP-001-DEPT-MED-20260520,PEX-KPI-DCF120177644
ISS-kpi_005-639BB639,Warning,ZERO_DENOMINATOR,kpi_005,HOSP-001,DEPT-MED,2026-05-21,Zero denominator for kpi_005,processed_operational_daily.csv,OPD-HOSP-001-DEPT-MED-20260521,PEX-KPI-DCF120177644
ISS-kpi_005-43F3BBBD,Warning,ZERO_DENOMINATOR,kpi_005,HOSP-001,DEPT-MED,2026-05-22,Zero denominator for kpi_005,processed_operational_daily.csv,OPD-HOSP-001-DEPT-MED-20260522,PEX-KPI-DCF120177644
ISS-kpi_005-3FC75C6D,Warning,ZERO_DENOMINATOR,kpi_005,HOSP-001,DEPT-MED,2026-05-23,Zero denominator for kpi_005,processed_operational_daily.csv,OPD-HOSP-001-DEPT-MED-20260523,PEX-KPI-DCF120177644
ISS-kpi_005-7BEB5E3B,Warning,ZERO_DENOMINATOR,kpi_005,HOSP-001,DEPT-MED,2026-05-24,Zero denominator for kpi_005,processed_operational_daily.csv,OPD-HOSP-001-DEPT-MED-20260524,PEX-KPI-DCF120177644
ISS-kpi_006-ACB56129,Warning,ZERO_DENOMINATOR,kpi_006,HOSP-001,DEPT-MED,2026-05-24,Zero denominator for kpi_006,processed_operational_daily.csv,OPD-HOSP-001-DEPT-MED-20260524,PEX-KPI-DCF120177644
ISS-kpi_005-CD9CCA1B,Warning,ZERO_DENOMINATOR,kpi_005,HOSP-001,DEPT-MED,2026-05-25,Zero denominator for kpi_005,processed_operational_daily.csv,OPD-HOSP-001-DEPT-MED-20260525,PEX-KPI-DCF120177644
ISS-kpi_005-CC7666E0,Warning,ZERO_DENOMINATOR,kpi_005,HOSP-001,DEPT-MED,2026-05-26,Zero denominator for kpi_005,processed_operational_daily.csv,OPD-HOSP-001-DEPT-MED-20260526,PEX-KPI-DCF120177644
ISS-kpi_005-DC6CA85C,Warning,ZERO_DENOMINATOR,kpi_005,HOSP-001,DEPT-MED,2026-05-27,Zero denominator for kpi_005,processed_operational_daily.csv,OPD-HOSP-001-DEPT-MED-20260527,PEX-KPI-DCF120177644
ISS-kpi_005-385ADBFC,Warning,ZERO_DENOMINATOR,kpi_005,HOSP-001,DEPT-MED,2026-05-28,Zero denominator for kpi_005,processed_operational_daily.csv,OPD-HOSP-001-DEPT-MED-20260528,PEX-KPI-DCF120177644
ISS-kpi_005-98AF687D,Warning,ZERO_DENOMINATOR,kpi_005,HOSP-001,DEPT-MED,2026-05-29,Zero denominator for kpi_005,processed_operational_daily.csv,OPD-HOSP-001-DEPT-MED-20260529,PEX-KPI-DCF120177644
ISS-kpi_005-E4155723,Warning,INSUFFICIENT_DATA,kpi_005,HOSP-001,DEPT-MED,2026-05-30,Insufficient data for kpi_005,processed_operational_daily.csv,OPD-HOSP-001-DEPT-MED-20260530,PEX-KPI-DCF120177644
ISS-kpi_006-537D1657,Warning,INSUFFICIENT_DATA,kpi_006,HOSP-001,DEPT-MED,2026-05-30,Insufficient data for kpi_006,processed_operational_daily.csv,OPD-HOSP-001-DEPT-MED-20260530,PEX-KPI-DCF120177644
ISS-kpi_005-23873D3F,Warning,ZERO_DENOMINATOR,kpi_005,HOSP-001,DEPT-MED,2026-05-31,Zero denominator for kpi_005,processed_operational_daily.csv,OPD-HOSP-001-DEPT-MED-20260531,PEX-KPI-DCF120177644
ISS-kpi_005-320C013E,Warning,ZERO_DENOMINATOR,kpi_005,HOSP-001,DEPT-MED,2026-06-01,Zero denominator for kpi_005,processed_operational_daily.csv,OPD-HOSP-001-DEPT-MED-20260601,PEX-KPI-DCF120177644
ISS-kpi_005-329CC911,Warning,ZERO_DENOMINATOR,kpi_005,HOSP-001,DEPT-MED,2026-06-02,Zero denominator for kpi_005,processed_operational_daily.csv,OPD-HOSP-001-DEPT-MED-20260602,PEX-KPI-DCF120177644
ISS-kpi_005-E37236FC,Warning,ZERO_DENOMINATOR,kpi_005,HOSP-001,DEPT-MED,2026-06-03,Zero denominator for kpi_005,processed_operational_daily.csv,OPD-HOSP-001-DEPT-MED-20260603,PEX-KPI-DCF120177644
ISS-kpi_005-15A7E3A3,Warning,ZERO_DENOMINATOR,kpi_005,HOSP-001,DEPT-MED,2026-06-04,Zero denominator for kpi_005,processed_operational_daily.csv,OPD-HOSP-001-DEPT-MED-20260604,PEX-KPI-DCF120177644
ISS-kpi_005-E4A9EC22,Warning,ZERO_DENOMINATOR,kpi_005,HOSP-001,DEPT-MED,2026-06-05,Zero denominator for kpi_005,processed_operational_daily.csv,OPD-HOSP-001-DEPT-MED-20260605,PEX-KPI-DCF120177644
ISS-kpi_005-A4A6A6BA,Warning,ZERO_DENOMINATOR,kpi_005,HOSP-001,DEPT-MED,2026-06-06,Zero denominator for kpi_005,processed_operational_daily.csv,OPD-HOSP-001-DEPT-MED-20260606,PEX-KPI-DCF120177644
ISS-kpi_005-841205DA,Warning,ZERO_DENOMINATOR,kpi_005,HOSP-001,DEPT-MED,2026-06-07,Zero denominator for kpi_005,processed_operational_daily.csv,OPD-HOSP-001-DEPT-MED-20260607,PEX-KPI-DCF120177644
ISS-kpi_005-DF87561F,Warning,ZERO_DENOMINATOR,kpi_005,HOSP-001,DEPT-MED,2026-06-08,Zero denominator for kpi_005,processed_operational_daily.csv,OPD-HOSP-001-DEPT-MED-20260608,PEX-KPI-DCF120177644
ISS-kpi_005-A352120A,Warning,INSUFFICIENT_DATA,kpi_005,HOSP-001,DEPT-MED,2026-06-09,Insufficient data for kpi_005,processed_operational_daily.csv,OPD-HOSP-001-DEPT-MED-20260609,PEX-KPI-DCF120177644
ISS-kpi_006-988BE13A,Warning,INSUFFICIENT_DATA,kpi_006,HOSP-001,DEPT-MED,2026-06-09,Insufficient data for kpi_006,processed_operational_daily.csv,OPD-HOSP-001-DEPT-MED-20260609,PEX-KPI-DCF120177644
ISS-kpi_005-D1C9643B,Warning,INSUFFICIENT_DATA,kpi_005,HOSP-001,DEPT-MED,2026-06-10,Insufficient data for kpi_005,processed_operational_daily.csv,OPD-HOSP-001-DEPT-MED-20260610,PEX-KPI-DCF120177644
ISS-kpi_006-4A2BEF9B,Warning,INSUFFICIENT_DATA,kpi_006,HOSP-001,DEPT-MED,2026-06-10,Insufficient data for kpi_006,processed_operational_daily.csv,OPD-HOSP-001-DEPT-MED-20260610,PEX-KPI-DCF120177644
ISS-kpi_005-D17BB21D,Warning,ZERO_DENOMINATOR,kpi_005,HOSP-001,DEPT-MED,2026-06-11,Zero denominator for kpi_005,processed_operational_daily.csv,OPD-HOSP-001-DEPT-MED-20260611,PEX-KPI-DCF120177644
ISS-kpi_005-78AE5402,Warning,INSUFFICIENT_DATA,kpi_005,HOSP-001,DEPT-MED,2026-06-12,Insufficient data for kpi_005,processed_operational_daily.csv,OPD-HOSP-001-DEPT-MED-20260612,PEX-KPI-DCF120177644
ISS-kpi_006-7443CDFE,Warning,INSUFFICIENT_DATA,kpi_006,HOSP-001,DEPT-MED,2026-06-12,Insufficient data for kpi_006,processed_operational_daily.csv,OPD-HOSP-001-DEPT-MED-20260612,PEX-KPI-DCF120177644
ISS-kpi_005-3B4976CF,Warning,ZERO_DENOMINATOR,kpi_005,HOSP-001,DEPT-MED,2026-06-13,Zero denominator for kpi_005,processed_operational_daily.csv,OPD-HOSP-001-DEPT-MED-20260613,PEX-KPI-DCF120177644
ISS-kpi_005-2805FE27,Warning,ZERO_DENOMINATOR,kpi_005,HOSP-001,DEPT-MED,2026-06-14,Zero denominator for kpi_005,processed_operational_daily.csv,OPD-HOSP-001-DEPT-MED-20260614,PEX-KPI-DCF120177644
ISS-kpi_005-1CBF4314,Warning,ZERO_DENOMINATOR,kpi_005,HOSP-001,DEPT-MED,2026-06-15,Zero denominator for kpi_005,processed_operational_daily.csv,OPD-HOSP-001-DEPT-MED-20260615,PEX-KPI-DCF120177644
ISS-kpi_005-F4AA27E3,Warning,INSUFFICIENT_DATA,kpi_005,HOSP-001,DEPT-MED,2026-06-16,Insufficient data for kpi_005,processed_operational_daily.csv,OPD-HOSP-001-DEPT-MED-20260616,PEX-KPI-DCF120177644
ISS-kpi_006-8E825268,Warning,INSUFFICIENT_DATA,kpi_006,HOSP-001,DEPT-MED,2026-06-16,Insufficient data for kpi_006,processed_operational_daily.csv,OPD-HOSP-001-DEPT-MED-20260616,PEX-KPI-DCF120177644
ISS-kpi_005-652A914B,Warning,ZERO_DENOMINATOR,kpi_005,HOSP-001,DEPT-MED,2026-06-17,Zero denominator for kpi_005,processed_operational_daily.csv,OPD-HOSP-001-DEPT-MED-20260617,PEX-KPI-DCF120177644
ISS-kpi_005-56321A8F,Warning,ZERO_DENOMINATOR,kpi_005,HOSP-001,DEPT-MED,2026-06-18,Zero denominator for kpi_005,processed_operational_daily.csv,OPD-HOSP-001-DEPT-MED-20260618,PEX-KPI-DCF120177644
ISS-kpi_005-57F9D813,Warning,ZERO_DENOMINATOR,kpi_005,HOSP-001,DEPT-MED,2026-06-19,Zero denominator for kpi_005,processed_operational_daily.csv,OPD-HOSP-001-DEPT-MED-20260619,PEX-KPI-DCF120177644
ISS-kpi_005-73B846AB,Warning,ZERO_DENOMINATOR,kpi_005,HOSP-001,DEPT-MED,2026-06-20,Zero denominator for kpi_005,processed_operational_daily.csv,OPD-HOSP-001-DEPT-MED-20260620,PEX-KPI-DCF120177644
ISS-kpi_006-14482A5A,Warning,ZERO_DENOMINATOR,kpi_006,HOSP-001,DEPT-MED,2026-06-20,Zero denominator for kpi_006,processed_operational_daily.csv,OPD-HOSP-001-DEPT-MED-20260620,PEX-KPI-DCF120177644
ISS-kpi_005-711A3DF0,Warning,ZERO_DENOMINATOR,kpi_005,HOSP-001,DEPT-MED,2026-06-21,Zero denominator for kpi_005,processed_operational_daily.csv,OPD-HOSP-001-DEPT-MED-20260621,PEX-KPI-DCF120177644
ISS-kpi_006-AD0A2F16,Warning,ZERO_DENOMINATOR,kpi_006,HOSP-001,DEPT-MED,2026-06-21,Zero denominator for kpi_006,processed_operational_daily.csv,OPD-HOSP-001-DEPT-MED-20260621,PEX-KPI-DCF120177644
ISS-kpi_005-C9F08964,Warning,ZERO_DENOMINATOR,kpi_005,HOSP-001,DEPT-MED,2026-06-22,Zero denominator for kpi_005,processed_operational_daily.csv,OPD-HOSP-001-DEPT-MED-20260622,PEX-KPI-DCF120177644
ISS-kpi_005-135E88C4,Warning,ZERO_DENOMINATOR,kpi_005,HOSP-001,DEPT-MED,2026-06-23,Zero denominator for kpi_005,processed_operational_daily.csv,OPD-HOSP-001-DEPT-MED-20260623,PEX-KPI-DCF120177644
ISS-kpi_005-B029F48B,Warning,ZERO_DENOMINATOR,kpi_005,HOSP-001,DEPT-MED,2026-06-24,Zero denominator for kpi_005,processed_operational_daily.csv,OPD-HOSP-001-DEPT-MED-20260624,PEX-KPI-DCF120177644
ISS-kpi_005-1AD4639B,Warning,ZERO_DENOMINATOR,kpi_005,HOSP-001,DEPT-MED,2026-06-25,Zero denominator for kpi_005,processed_operational_daily.csv,OPD-HOSP-001-DEPT-MED-20260625,PEX-KPI-DCF120177644
ISS-kpi_005-FC8D27CE,Warning,ZERO_DENOMINATOR,kpi_005,HOSP-001,DEPT-MED,2026-06-26,Zero denominator for kpi_005,processed_operational_daily.csv,OPD-HOSP-001-DEPT-MED-20260626,PEX-KPI-DCF120177644
ISS-kpi_005-F99A217D,Warning,ZERO_DENOMINATOR,kpi_005,HOSP-001,DEPT-MED,2026-06-27,Zero denominator for kpi_005,processed_operational_daily.csv,OPD-HOSP-001-DEPT-MED-20260627,PEX-KPI-DCF120177644
ISS-kpi_005-97D2BA87,Warning,ZERO_DENOMINATOR,kpi_005,HOSP-001,DEPT-MED,2026-06-28,Zero denominator for kpi_005,processed_operational_daily.csv,OPD-HOSP-001-DEPT-MED-20260628,PEX-KPI-DCF120177644
ISS-kpi_005-736D0B9D,Warning,ZERO_DENOMINATOR,kpi_005,HOSP-001,DEPT-MED,2026-06-29,Zero denominator for kpi_005,processed_operational_daily.csv,OPD-HOSP-001-DEPT-MED-20260629,PEX-KPI-DCF120177644
ISS-kpi_005-C9122434,Warning,ZERO_DENOMINATOR,kpi_005,HOSP-001,DEPT-MED,2026-06-30,Zero denominator for kpi_005,processed_operational_daily.csv,OPD-HOSP-001-DEPT-MED-20260630,PEX-KPI-DCF120177644
ISS-kpi_005-FE09DEEC,Warning,ZERO_DENOMINATOR,kpi_005,HOSP-001,DEPT-MED,2026-07-01,Zero denominator for kpi_005,processed_operational_daily.csv,OPD-HOSP-001-DEPT-MED-20260701,PEX-KPI-DCF120177644
ISS-kpi_005-7206CAEC,Warning,ZERO_DENOMINATOR,kpi_005,HOSP-001,DEPT-MED,2026-07-02,Zero denominator for kpi_005,processed_operational_daily.csv,OPD-HOSP-001-DEPT-MED-20260702,PEX-KPI-DCF120177644
ISS-kpi_005-02052705,Warning,ZERO_DENOMINATOR,kpi_005,HOSP-001,DEPT-MED,2026-07-03,Zero denominator for kpi_005,processed_operational_daily.csv,OPD-HOSP-001-DEPT-MED-20260703,PEX-KPI-DCF120177644
ISS-kpi_005-DB27BB8F,Warning,ZERO_DENOMINATOR,kpi_005,HOSP-001,DEPT-MED,2026-07-04,Zero denominator for kpi_005,processed_operational_daily.csv,OPD-HOSP-001-DEPT-MED-20260704,PEX-KPI-DCF120177644
ISS-kpi_006-1848AD0D,Warning,ZERO_DENOMINATOR,kpi_006,HOSP-001,DEPT-MED,2026-07-04,Zero denominator for kpi_006,processed_operational_daily.csv,OPD-HOSP-001-DEPT-MED-20260704,PEX-KPI-DCF120177644
ISS-kpi_005-006D713C,Warning,ZERO_DENOMINATOR,kpi_005,HOSP-001,DEPT-MED,2026-07-05,Zero denominator for kpi_005,processed_operational_daily.csv,OPD-HOSP-001-DEPT-MED-20260705,PEX-KPI-DCF120177644
ISS-kpi_005-61E3E398,Warning,ZERO_DENOMINATOR,kpi_005,HOSP-001,DEPT-MED,2026-07-06,Zero denominator for kpi_005,processed_operational_daily.csv,OPD-HOSP-001-DEPT-MED-20260706,PEX-KPI-DCF120177644
ISS-kpi_005-302DDA49,Warning,ZERO_DENOMINATOR,kpi_005,HOSP-001,DEPT-MED,2026-07-07,Zero denominator for kpi_005,processed_operational_daily.csv,OPD-HOSP-001-DEPT-MED-20260707,PEX-KPI-DCF120177644
ISS-kpi_005-4657B2A8,Warning,ZERO_DENOMINATOR,kpi_005,HOSP-001,DEPT-MED,2026-07-08,Zero denominator for kpi_005,processed_operational_daily.csv,OPD-HOSP-001-DEPT-MED-20260708,PEX-KPI-DCF120177644
ISS-kpi_005-F2362AF7,Warning,INSUFFICIENT_DATA,kpi_005,HOSP-001,DEPT-MED,2026-07-09,Insufficient data for kpi_005,processed_operational_daily.csv,OPD-HOSP-001-DEPT-MED-20260709,PEX-KPI-DCF120177644
ISS-kpi_006-DB43D8BD,Warning,INSUFFICIENT_DATA,kpi_006,HOSP-001,DEPT-MED,2026-07-09,Insufficient data for kpi_006,processed_operational_daily.csv,OPD-HOSP-001-DEPT-MED-20260709,PEX-KPI-DCF120177644
ISS-kpi_005-B64B2124,Warning,ZERO_DENOMINATOR,kpi_005,HOSP-001,DEPT-MED,2026-07-10,Zero denominator for kpi_005,processed_operational_daily.csv,OPD-HOSP-001-DEPT-MED-20260710,PEX-KPI-DCF120177644
ISS-kpi_005-01E454F0,Warning,ZERO_DENOMINATOR,kpi_005,HOSP-001,DEPT-MED,2026-07-11,Zero denominator for kpi_005,processed_operational_daily.csv,OPD-HOSP-001-DEPT-MED-20260711,PEX-KPI-DCF120177644
ISS-kpi_005-1D5434E9,Warning,ZERO_DENOMINATOR,kpi_005,HOSP-001,DEPT-MED,2026-07-12,Zero denominator for kpi_005,processed_operational_daily.csv,OPD-HOSP-001-DEPT-MED-20260712,PEX-KPI-DCF120177644
ISS-kpi_005-A83506BD,Warning,ZERO_DENOMINATOR,kpi_005,HOSP-001,DEPT-MED,2026-07-13,Zero denominator for kpi_005,processed_operational_daily.csv,OPD-HOSP-001-DEPT-MED-20260713,PEX-KPI-DCF120177644
ISS-kpi_005-2D07ED40,Warning,ZERO_DENOMINATOR,kpi_005,HOSP-001,DEPT-MED,2026-07-14,Zero denominator for kpi_005,processed_operational_daily.csv,OPD-HOSP-001-DEPT-MED-20260714,PEX-KPI-DCF120177644
ISS-kpi_005-D9AF7F15,Warning,ZERO_DENOMINATOR,kpi_005,HOSP-001,DEPT-MED,2026-07-15,Zero denominator for kpi_005,processed_operational_daily.csv,OPD-HOSP-001-DEPT-MED-20260715,PEX-KPI-DCF120177644
ISS-kpi_005-3A685685,Warning,ZERO_DENOMINATOR,kpi_005,HOSP-001,DEPT-MED,2026-07-16,Zero denominator for kpi_005,processed_operational_daily.csv,OPD-HOSP-001-DEPT-MED-20260716,PEX-KPI-DCF120177644
ISS-kpi_005-1CE43FCE,Warning,ZERO_DENOMINATOR,kpi_005,HOSP-001,DEPT-MED,2026-07-17,Zero denominator for kpi_005,processed_operational_daily.csv,OPD-HOSP-001-DEPT-MED-20260717,PEX-KPI-DCF120177644
ISS-kpi_005-427035D5,Warning,ZERO_DENOMINATOR,kpi_005,HOSP-001,DEPT-MED,2026-07-18,Zero denominator for kpi_005,processed_operational_daily.csv,OPD-HOSP-001-DEPT-MED-20260718,PEX-KPI-DCF120177644
ISS-kpi_005-D3E6E12B,Warning,ZERO_DENOMINATOR,kpi_005,HOSP-001,DEPT-MED,2026-07-19,Zero denominator for kpi_005,processed_operational_daily.csv,OPD-HOSP-001-DEPT-MED-20260719,PEX-KPI-DCF120177644
ISS-kpi_005-1A7BB107,Warning,ZERO_DENOMINATOR,kpi_005,HOSP-001,DEPT-MED,2026-07-20,Zero denominator for kpi_005,processed_operational_daily.csv,OPD-HOSP-001-DEPT-MED-20260720,PEX-KPI-DCF120177644
ISS-kpi_005-B4DBD51D,Warning,ZERO_DENOMINATOR,kpi_005,HOSP-001,DEPT-MED,2026-07-21,Zero denominator for kpi_005,processed_operational_daily.csv,OPD-HOSP-001-DEPT-MED-20260721,PEX-KPI-DCF120177644
ISS-kpi_005-09CE2A3B,Warning,ZERO_DENOMINATOR,kpi_005,HOSP-001,DEPT-MED,2026-07-22,Zero denominator for kpi_005,processed_operational_daily.csv,OPD-HOSP-001-DEPT-MED-20260722,PEX-KPI-DCF120177644
ISS-kpi_006-6F491D73,Warning,ZERO_DENOMINATOR,kpi_006,HOSP-001,DEPT-MED,2026-07-22,Zero denominator for kpi_006,processed_operational_daily.csv,OPD-HOSP-001-DEPT-MED-20260722,PEX-KPI-DCF120177644
ISS-kpi_005-7F7AC4FF,Warning,ZERO_DENOMINATOR,kpi_005,HOSP-001,DEPT-MED,2026-07-23,Zero denominator for kpi_005,processed_operational_daily.csv,OPD-HOSP-001-DEPT-MED-20260723,PEX-KPI-DCF120177644
ISS-kpi_005-3D4D7D16,Warning,ZERO_DENOMINATOR,kpi_005,HOSP-001,DEPT-MED,2026-07-24,Zero denominator for kpi_005,processed_operational_daily.csv,OPD-HOSP-001-DEPT-MED-20260724,PEX-KPI-DCF120177644
ISS-kpi_005-FC1099EF,Warning,ZERO_DENOMINATOR,kpi_005,HOSP-001,DEPT-MED,2026-07-25,Zero denominator for kpi_005,processed_operational_daily.csv,OPD-HOSP-001-DEPT-MED-20260725,PEX-KPI-DCF120177644
ISS-kpi_005-747F3CDA,Warning,ZERO_DENOMINATOR,kpi_005,HOSP-001,DEPT-MED,2026-07-26,Zero denominator for kpi_005,processed_operational_daily.csv,OPD-HOSP-001-DEPT-MED-20260726,PEX-KPI-DCF120177644
ISS-kpi_005-1C58843E,Warning,ZERO_DENOMINATOR,kpi_005,HOSP-001,DEPT-MED,2026-07-27,Zero denominator for kpi_005,processed_operational_daily.csv,OPD-HOSP-001-DEPT-MED-20260727,PEX-KPI-DCF120177644
ISS-kpi_005-C6CFEE87,Warning,ZERO_DENOMINATOR,kpi_005,HOSP-001,DEPT-MED,2026-07-28,Zero denominator for kpi_005,processed_operational_daily.csv,OPD-HOSP-001-DEPT-MED-20260728,PEX-KPI-DCF120177644
ISS-kpi_005-8B8245EF,Warning,ZERO_DENOMINATOR,kpi_005,HOSP-001,DEPT-MED,2026-07-29,Zero denominator for kpi_005,processed_operational_daily.csv,OPD-HOSP-001-DEPT-MED-20260729,PEX-KPI-DCF120177644
ISS-kpi_005-4049FEEB,Warning,ZERO_DENOMINATOR,kpi_005,HOSP-001,DEPT-MED,2026-07-30,Zero denominator for kpi_005,processed_operational_daily.csv,OPD-HOSP-001-DEPT-MED-20260730,PEX-KPI-DCF120177644
ISS-kpi_005-5645B3CA,Warning,ZERO_DENOMINATOR,kpi_005,HOSP-001,DEPT-MED,2026-07-31,Zero denominator for kpi_005,processed_operational_daily.csv,OPD-HOSP-001-DEPT-MED-20260731,PEX-KPI-DCF120177644
ISS-kpi_005-90011D4F,Warning,INSUFFICIENT_DATA,kpi_005,HOSP-001,DEPT-MED,2026-08-01,Insufficient data for kpi_005,processed_operational_daily.csv,OPD-HOSP-001-DEPT-MED-20260801,PEX-KPI-DCF120177644
ISS-kpi_006-B0CD4E29,Warning,INSUFFICIENT_DATA,kpi_006,HOSP-001,DEPT-MED,2026-08-01,Insufficient data for kpi_006,processed_operational_daily.csv,OPD-HOSP-001-DEPT-MED-20260801,PEX-KPI-DCF120177644
ISS-kpi_005-037399AA,Warning,ZERO_DENOMINATOR,kpi_005,HOSP-001,DEPT-MED,2026-08-02,Zero denominator for kpi_005,processed_operational_daily.csv,OPD-HOSP-001-DEPT-MED-20260802,PEX-KPI-DCF120177644
ISS-kpi_005-180DA545,Warning,ZERO_DENOMINATOR,kpi_005,HOSP-001,DEPT-MED,2026-08-03,Zero denominator for kpi_005,processed_operational_daily.csv,OPD-HOSP-001-DEPT-MED-20260803,PEX-KPI-DCF120177644
ISS-kpi_005-DECBA4DE,Warning,ZERO_DENOMINATOR,kpi_005,HOSP-001,DEPT-MED,2026-08-04,Zero denominator for kpi_005,processed_operational_daily.csv,OPD-HOSP-001-DEPT-MED-20260804,PEX-KPI-DCF120177644
ISS-kpi_005-19637153,Warning,ZERO_DENOMINATOR,kpi_005,HOSP-001,DEPT-MED,2026-08-05,Zero denominator for kpi_005,processed_operational_daily.csv,OPD-HOSP-001-DEPT-MED-20260805,PEX-KPI-DCF120177644
ISS-kpi_005-D41C0F6D,Warning,ZERO_DENOMINATOR,kpi_005,HOSP-001,DEPT-MED,2026-08-06,Zero denominator for kpi_005,processed_operational_daily.csv,OPD-HOSP-001-DEPT-MED-20260806,PEX-KPI-DCF120177644
ISS-kpi_005-13F598DE,Warning,ZERO_DENOMINATOR,kpi_005,HOSP-001,DEPT-MED,2026-08-07,Zero denominator for kpi_005,processed_operational_daily.csv,OPD-HOSP-001-DEPT-MED-20260807,PEX-KPI-DCF120177644
ISS-kpi_006-BE6B769F,Warning,ZERO_DENOMINATOR,kpi_006,HOSP-001,DEPT-MED,2026-08-07,Zero denominator for kpi_006,processed_operational_daily.csv,OPD-HOSP-001-DEPT-MED-20260807,PEX-KPI-DCF120177644
ISS-kpi_005-909131BB,Warning,ZERO_DENOMINATOR,kpi_005,HOSP-001,DEPT-MED,2026-08-08,Zero denominator for kpi_005,processed_operational_daily.csv,OPD-HOSP-001-DEPT-MED-20260808,PEX-KPI-DCF120177644
ISS-kpi_005-D1545706,Warning,ZERO_DENOMINATOR,kpi_005,HOSP-001,DEPT-MED,2026-08-09,Zero denominator for kpi_005,processed_operational_daily.csv,OPD-HOSP-001-DEPT-MED-20260809,PEX-KPI-DCF120177644
ISS-kpi_005-4E26770E,Warning,ZERO_DENOMINATOR,kpi_005,HOSP-001,DEPT-MED,2026-08-10,Zero denominator for kpi_005,processed_operational_daily.csv,OPD-HOSP-001-DEPT-MED-20260810,PEX-KPI-DCF120177644
ISS-kpi_005-F4F63C07,Warning,ZERO_DENOMINATOR,kpi_005,HOSP-001,DEPT-MED,2026-08-11,Zero denominator for kpi_005,processed_operational_daily.csv,OPD-HOSP-001-DEPT-MED-20260811,PEX-KPI-DCF120177644
ISS-kpi_005-769DC8A0,Warning,ZERO_DENOMINATOR,kpi_005,HOSP-001,DEPT-MED,2026-08-12,Zero denominator for kpi_005,processed_operational_daily.csv,OPD-HOSP-001-DEPT-MED-20260812,PEX-KPI-DCF120177644
ISS-kpi_005-E3A8A07D,Warning,ZERO_DENOMINATOR,kpi_005,HOSP-001,DEPT-MED,2026-08-13,Zero denominator for kpi_005,processed_operational_daily.csv,OPD-HOSP-001-DEPT-MED-20260813,PEX-KPI-DCF120177644
ISS-kpi_005-43890FD9,Warning,ZERO_DENOMINATOR,kpi_005,HOSP-001,DEPT-MED,2026-08-14,Zero denominator for kpi_005,processed_operational_daily.csv,OPD-HOSP-001-DEPT-MED-20260814,PEX-KPI-DCF120177644
ISS-kpi_005-B6843D97,Warning,ZERO_DENOMINATOR,kpi_005,HOSP-001,DEPT-MED,2026-08-15,Zero denominator for kpi_005,processed_operational_daily.csv,OPD-HOSP-001-DEPT-MED-20260815,PEX-KPI-DCF120177644
ISS-kpi_005-BDADB5F5,Warning,ZERO_DENOMINATOR,kpi_005,HOSP-001,DEPT-MED,2026-08-16,Zero denominator for kpi_005,processed_operational_daily.csv,OPD-HOSP-001-DEPT-MED-20260816,PEX-KPI-DCF120177644
ISS-kpi_005-94A3CF27,Warning,ZERO_DENOMINATOR,kpi_005,HOSP-001,DEPT-MED,2026-08-17,Zero denominator for kpi_005,processed_operational_daily.csv,OPD-HOSP-001-DEPT-MED-20260817,PEX-KPI-DCF120177644
ISS-kpi_005-BE19AF75,Warning,ZERO_DENOMINATOR,kpi_005,HOSP-001,DEPT-MED,2026-08-18,Zero denominator for kpi_005,processed_operational_daily.csv,OPD-HOSP-001-DEPT-MED-20260818,PEX-KPI-DCF120177644
ISS-kpi_005-06D7E539,Warning,ZERO_DENOMINATOR,kpi_005,HOSP-001,DEPT-MED,2026-08-19,Zero denominator for kpi_005,processed_operational_daily.csv,OPD-HOSP-001-DEPT-MED-20260819,PEX-KPI-DCF120177644
ISS-kpi_005-50DA7736,Warning,ZERO_DENOMINATOR,kpi_005,HOSP-001,DEPT-MED,2026-08-20,Zero denominator for kpi_005,processed_operational_daily.csv,OPD-HOSP-001-DEPT-MED-20260820,PEX-KPI-DCF120177644
ISS-kpi_005-BCE19E94,Warning,ZERO_DENOMINATOR,kpi_005,HOSP-001,DEPT-MED,2026-08-21,Zero denominator for kpi_005,processed_operational_daily.csv,OPD-HOSP-001-DEPT-MED-20260821,PEX-KPI-DCF120177644
ISS-kpi_005-F0DF21DF,Warning,ZERO_DENOMINATOR,kpi_005,HOSP-001,DEPT-MED,2026-08-22,Zero denominator for kpi_005,processed_operational_daily.csv,OPD-HOSP-001-DEPT-MED-20260822,PEX-KPI-DCF120177644
ISS-kpi_006-F3520AD6,Warning,ZERO_DENOMINATOR,kpi_006,HOSP-001,DEPT-MED,2026-08-22,Zero denominator for kpi_006,processed_operational_daily.csv,OPD-HOSP-001-DEPT-MED-20260822,PEX-KPI-DCF120177644
ISS-kpi_005-EAFE87E5,Warning,ZERO_DENOMINATOR,kpi_005,HOSP-001,DEPT-MED,2026-08-23,Zero denominator for kpi_005,processed_operational_daily.csv,OPD-HOSP-001-DEPT-MED-20260823,PEX-KPI-DCF120177644
ISS-kpi_005-A0439427,Warning,ZERO_DENOMINATOR,kpi_005,HOSP-001,DEPT-MED,2026-08-24,Zero denominator for kpi_005,processed_operational_daily.csv,OPD-HOSP-001-DEPT-MED-20260824,PEX-KPI-DCF120177644
ISS-kpi_005-353B26F0,Warning,ZERO_DENOMINATOR,kpi_005,HOSP-001,DEPT-MED,2026-08-25,Zero denominator for kpi_005,processed_operational_daily.csv,OPD-HOSP-001-DEPT-MED-20260825,PEX-KPI-DCF120177644
ISS-kpi_005-E5E609F2,Warning,INSUFFICIENT_DATA,kpi_005,HOSP-001,DEPT-MED,2026-08-26,Insufficient data for kpi_005,processed_operational_daily.csv,OPD-HOSP-001-DEPT-MED-20260826,PEX-KPI-DCF120177644
ISS-kpi_006-39E56647,Warning,INSUFFICIENT_DATA,kpi_006,HOSP-001,DEPT-MED,2026-08-26,Insufficient data for kpi_006,processed_operational_daily.csv,OPD-HOSP-001-DEPT-MED-20260826,PEX-KPI-DCF120177644
ISS-kpi_005-82175F29,Warning,ZERO_DENOMINATOR,kpi_005,HOSP-001,DEPT-MED,2026-08-27,Zero denominator for kpi_005,processed_operational_daily.csv,OPD-HOSP-001-DEPT-MED-20260827,PEX-KPI-DCF120177644
ISS-kpi_005-51EF09F6,Warning,ZERO_DENOMINATOR,kpi_005,HOSP-001,DEPT-MED,2026-08-28,Zero denominator for kpi_005,processed_operational_daily.csv,OPD-HOSP-001-DEPT-MED-20260828,PEX-KPI-DCF120177644
ISS-kpi_005-B945B4BC,Warning,ZERO_DENOMINATOR,kpi_005,HOSP-001,DEPT-MED,2026-08-29,Zero denominator for kpi_005,processed_operational_daily.csv,OPD-HOSP-001-DEPT-MED-20260829,PEX-KPI-DCF120177644
ISS-kpi_005-D2B3B03D,Warning,ZERO_DENOMINATOR,kpi_005,HOSP-001,DEPT-MED,2026-08-30,Zero denominator for kpi_005,processed_operational_daily.csv,OPD-HOSP-001-DEPT-MED-20260830,PEX-KPI-DCF120177644
ISS-kpi_005-12DFCFB2,Warning,ZERO_DENOMINATOR,kpi_005,HOSP-001,DEPT-MED,2026-08-31,Zero denominator for kpi_005,processed_operational_daily.csv,OPD-HOSP-001-DEPT-MED-20260831,PEX-KPI-DCF120177644
ISS-kpi_005-E52B24F2,Warning,ZERO_DENOMINATOR,kpi_005,HOSP-001,DEPT-MED,2026-09-01,Zero denominator for kpi_005,processed_operational_daily.csv,OPD-HOSP-001-DEPT-MED-20260901,PEX-KPI-DCF120177644
ISS-kpi_005-657FBC5E,Warning,ZERO_DENOMINATOR,kpi_005,HOSP-001,DEPT-MED,2026-09-02,Zero denominator for kpi_005,processed_operational_daily.csv,OPD-HOSP-001-DEPT-MED-20260902,PEX-KPI-DCF120177644
ISS-kpi_006-5827ED95,Warning,ZERO_DENOMINATOR,kpi_006,HOSP-001,DEPT-MED,2026-09-02,Zero denominator for kpi_006,processed_operational_daily.csv,OPD-HOSP-001-DEPT-MED-20260902,PEX-KPI-DCF120177644
ISS-kpi_005-BDD22DB9,Warning,ZERO_DENOMINATOR,kpi_005,HOSP-001,DEPT-MED,2026-09-03,Zero denominator for kpi_005,processed_operational_daily.csv,OPD-HOSP-001-DEPT-MED-20260903,PEX-KPI-DCF120177644
ISS-kpi_005-367138DF,Warning,ZERO_DENOMINATOR,kpi_005,HOSP-001,DEPT-MED,2026-09-04,Zero denominator for kpi_005,processed_operational_daily.csv,OPD-HOSP-001-DEPT-MED-20260904,PEX-KPI-DCF120177644
ISS-kpi_005-7C0543BB,Warning,ZERO_DENOMINATOR,kpi_005,HOSP-001,DEPT-MED,2026-09-05,Zero denominator for kpi_005,processed_operational_daily.csv,OPD-HOSP-001-DEPT-MED-20260905,PEX-KPI-DCF120177644
ISS-kpi_006-6ABC2FE3,Warning,ZERO_DENOMINATOR,kpi_006,HOSP-001,DEPT-MED,2026-09-05,Zero denominator for kpi_006,processed_operational_daily.csv,OPD-HOSP-001-DEPT-MED-20260905,PEX-KPI-DCF120177644
ISS-kpi_005-705492A3,Warning,ZERO_DENOMINATOR,kpi_005,HOSP-001,DEPT-MED,2026-09-06,Zero denominator for kpi_005,processed_operational_daily.csv,OPD-HOSP-001-DEPT-MED-20260906,PEX-KPI-DCF120177644
ISS-kpi_005-B64C12B9,Warning,ZERO_DENOMINATOR,kpi_005,HOSP-001,DEPT-MED,2026-09-07,Zero denominator for kpi_005,processed_operational_daily.csv,OPD-HOSP-001-DEPT-MED-20260907,PEX-KPI-DCF120177644
ISS-kpi_005-FA9B9A1A,Warning,ZERO_DENOMINATOR,kpi_005,HOSP-001,DEPT-MED,2026-09-08,Zero denominator for kpi_005,processed_operational_daily.csv,OPD-HOSP-001-DEPT-MED-20260908,PEX-KPI-DCF120177644
ISS-kpi_005-CBC6F01D,Warning,INSUFFICIENT_DATA,kpi_005,HOSP-001,DEPT-MED,2026-09-09,Insufficient data for kpi_005,processed_operational_daily.csv,OPD-HOSP-001-DEPT-MED-20260909,PEX-KPI-DCF120177644
ISS-kpi_006-928B3D93,Warning,INSUFFICIENT_DATA,kpi_006,HOSP-001,DEPT-MED,2026-09-09,Insufficient data for kpi_006,processed_operational_daily.csv,OPD-HOSP-001-DEPT-MED-20260909,PEX-KPI-DCF120177644
ISS-kpi_005-CFDE9D08,Warning,ZERO_DENOMINATOR,kpi_005,HOSP-001,DEPT-MED,2026-09-10,Zero denominator for kpi_005,processed_operational_daily.csv,OPD-HOSP-001-DEPT-MED-20260910,PEX-KPI-DCF120177644
ISS-kpi_005-DA416315,Warning,ZERO_DENOMINATOR,kpi_005,HOSP-001,DEPT-MED,2026-09-11,Zero denominator for kpi_005,processed_operational_daily.csv,OPD-HOSP-001-DEPT-MED-20260911,PEX-KPI-DCF120177644
ISS-kpi_006-60D4AAB3,Warning,ZERO_DENOMINATOR,kpi_006,HOSP-001,DEPT-MED,2026-09-11,Zero denominator for kpi_006,processed_operational_daily.csv,OPD-HOSP-001-DEPT-MED-20260911,PEX-KPI-DCF120177644
ISS-kpi_005-7EADDEB6,Warning,ZERO_DENOMINATOR,kpi_005,HOSP-001,DEPT-MED,2026-09-12,Zero denominator for kpi_005,processed_operational_daily.csv,OPD-HOSP-001-DEPT-MED-20260912,PEX-KPI-DCF120177644
ISS-kpi_005-030C47E1,Warning,ZERO_DENOMINATOR,kpi_005,HOSP-001,DEPT-MED,2026-09-13,Zero denominator for kpi_005,processed_operational_daily.csv,OPD-HOSP-001-DEPT-MED-20260913,PEX-KPI-DCF120177644
ISS-kpi_005-E961B7AB,Warning,ZERO_DENOMINATOR,kpi_005,HOSP-001,DEPT-MED,2026-09-14,Zero denominator for kpi_005,processed_operational_daily.csv,OPD-HOSP-001-DEPT-MED-20260914,PEX-KPI-DCF120177644
ISS-kpi_005-182B0462,Warning,ZERO_DENOMINATOR,kpi_005,HOSP-001,DEPT-MED,2026-09-15,Zero denominator for kpi_005,processed_operational_daily.csv,OPD-HOSP-001-DEPT-MED-20260915,PEX-KPI-DCF120177644
ISS-kpi_005-E96C2091,Warning,ZERO_DENOMINATOR,kpi_005,HOSP-001,DEPT-MED,2026-09-16,Zero denominator for kpi_005,processed_operational_daily.csv,OPD-HOSP-001-DEPT-MED-20260916,PEX-KPI-DCF120177644
ISS-kpi_005-760CBEBF,Warning,INSUFFICIENT_DATA,kpi_005,HOSP-001,DEPT-MED,2026-09-17,Insufficient data for kpi_005,processed_operational_daily.csv,OPD-HOSP-001-DEPT-MED-20260917,PEX-KPI-DCF120177644
ISS-kpi_006-C305A0CA,Warning,INSUFFICIENT_DATA,kpi_006,HOSP-001,DEPT-MED,2026-09-17,Insufficient data for kpi_006,processed_operational_daily.csv,OPD-HOSP-001-DEPT-MED-20260917,PEX-KPI-DCF120177644
ISS-kpi_005-15499B66,Warning,ZERO_DENOMINATOR,kpi_005,HOSP-001,DEPT-MED,2026-09-18,Zero denominator for kpi_005,processed_operational_daily.csv,OPD-HOSP-001-DEPT-MED-20260918,PEX-KPI-DCF120177644
ISS-kpi_005-2C161BAA,Warning,ZERO_DENOMINATOR,kpi_005,HOSP-001,DEPT-MED,2026-09-19,Zero denominator for kpi_005,processed_operational_daily.csv,OPD-HOSP-001-DEPT-MED-20260919,PEX-KPI-DCF120177644
ISS-kpi_005-5565D628,Warning,ZERO_DENOMINATOR,kpi_005,HOSP-001,DEPT-MED,2026-09-20,Zero denominator for kpi_005,processed_operational_daily.csv,OPD-HOSP-001-DEPT-MED-20260920,PEX-KPI-DCF120177644
ISS-kpi_005-1D038539,Warning,INSUFFICIENT_DATA,kpi_005,HOSP-001,DEPT-MED,2026-09-21,Insufficient data for kpi_005,processed_operational_daily.csv,OPD-HOSP-001-DEPT-MED-20260921,PEX-KPI-DCF120177644
ISS-kpi_006-511228BD,Warning,INSUFFICIENT_DATA,kpi_006,HOSP-001,DEPT-MED,2026-09-21,Insufficient data for kpi_006,processed_operational_daily.csv,OPD-HOSP-001-DEPT-MED-20260921,PEX-KPI-DCF120177644
ISS-kpi_005-B54A294A,Warning,ZERO_DENOMINATOR,kpi_005,HOSP-001,DEPT-MED,2026-09-22,Zero denominator for kpi_005,processed_operational_daily.csv,OPD-HOSP-001-DEPT-MED-20260922,PEX-KPI-DCF120177644
ISS-kpi_005-C37DFEE8,Warning,ZERO_DENOMINATOR,kpi_005,HOSP-001,DEPT-MED,2026-09-23,Zero denominator for kpi_005,processed_operational_daily.csv,OPD-HOSP-001-DEPT-MED-20260923,PEX-KPI-DCF120177644
ISS-kpi_005-FBF24F02,Warning,ZERO_DENOMINATOR,kpi_005,HOSP-001,DEPT-MED,2026-09-24,Zero denominator for kpi_005,processed_operational_daily.csv,OPD-HOSP-001-DEPT-MED-20260924,PEX-KPI-DCF120177644
ISS-kpi_005-C8A36ABC,Warning,ZERO_DENOMINATOR,kpi_005,HOSP-001,DEPT-MED,2026-09-25,Zero denominator for kpi_005,processed_operational_daily.csv,OPD-HOSP-001-DEPT-MED-20260925,PEX-KPI-DCF120177644
ISS-kpi_005-28DE29C5,Warning,INSUFFICIENT_DATA,kpi_005,HOSP-001,DEPT-MED,2026-09-26,Insufficient data for kpi_005,processed_operational_daily.csv,OPD-HOSP-001-DEPT-MED-20260926,PEX-KPI-DCF120177644
ISS-kpi_006-7FB29F7A,Warning,INSUFFICIENT_DATA,kpi_006,HOSP-001,DEPT-MED,2026-09-26,Insufficient data for kpi_006,processed_operational_daily.csv,OPD-HOSP-001-DEPT-MED-20260926,PEX-KPI-DCF120177644
ISS-kpi_005-AD35CB64,Warning,ZERO_DENOMINATOR,kpi_005,HOSP-001,DEPT-MED,2026-09-27,Zero denominator for kpi_005,processed_operational_daily.csv,OPD-HOSP-001-DEPT-MED-20260927,PEX-KPI-DCF120177644
ISS-kpi_005-3EF8E259,Warning,ZERO_DENOMINATOR,kpi_005,HOSP-001,DEPT-MED,2026-09-28,Zero denominator for kpi_005,processed_operational_daily.csv,OPD-HOSP-001-DEPT-MED-20260928,PEX-KPI-DCF120177644
ISS-kpi_005-308E85B5,Warning,ZERO_DENOMINATOR,kpi_005,HOSP-001,DEPT-MED,2026-09-29,Zero denominator for kpi_005,processed_operational_daily.csv,OPD-HOSP-001-DEPT-MED-20260929,PEX-KPI-DCF120177644
ISS-kpi_005-555BF138,Warning,ZERO_DENOMINATOR,kpi_005,HOSP-001,DEPT-MED,2026-09-30,Zero denominator for kpi_005,processed_operational_daily.csv,OPD-HOSP-001-DEPT-MED-20260930,PEX-KPI-DCF120177644
ISS-kpi_005-2091375F,Warning,ZERO_DENOMINATOR,kpi_005,HOSP-001,DEPT-MED,2026-10-01,Zero denominator for kpi_005,processed_operational_daily.csv,OPD-HOSP-001-DEPT-MED-20261001,PEX-KPI-DCF120177644
ISS-kpi_005-9E4C00A2,Warning,ZERO_DENOMINATOR,kpi_005,HOSP-001,DEPT-MED,2026-10-02,Zero denominator for kpi_005,processed_operational_daily.csv,OPD-HOSP-001-DEPT-MED-20261002,PEX-KPI-DCF120177644
ISS-kpi_005-04596A45,Warning,ZERO_DENOMINATOR,kpi_005,HOSP-001,DEPT-MED,2026-10-03,Zero denominator for kpi_005,processed_operational_daily.csv,OPD-HOSP-001-DEPT-MED-20261003,PEX-KPI-DCF120177644
ISS-kpi_005-CDAD26D9,Warning,ZERO_DENOMINATOR,kpi_005,HOSP-001,DEPT-MED,2026-10-04,Zero denominator for kpi_005,processed_operational_daily.csv,OPD-HOSP-001-DEPT-MED-20261004,PEX-KPI-DCF120177644
ISS-kpi_005-E0D120AC,Warning,ZERO_DENOMINATOR,kpi_005,HOSP-001,DEPT-MED,2026-10-05,Zero denominator for kpi_005,processed_operational_daily.csv,OPD-HOSP-001-DEPT-MED-20261005,PEX-KPI-DCF120177644
ISS-kpi_005-EC071032,Warning,ZERO_DENOMINATOR,kpi_005,HOSP-001,DEPT-MED,2026-10-06,Zero denominator for kpi_005,processed_operational_daily.csv,OPD-HOSP-001-DEPT-MED-20261006,PEX-KPI-DCF120177644
ISS-kpi_005-64DFC68F,Warning,ZERO_DENOMINATOR,kpi_005,HOSP-001,DEPT-MED,2026-10-07,Zero denominator for kpi_005,processed_operational_daily.csv,OPD-HOSP-001-DEPT-MED-20261007,PEX-KPI-DCF120177644
ISS-kpi_005-3F55D2B9,Warning,INSUFFICIENT_DATA,kpi_005,HOSP-001,DEPT-MED,2026-10-08,Insufficient data for kpi_005,processed_operational_daily.csv,OPD-HOSP-001-DEPT-MED-20261008,PEX-KPI-DCF120177644
ISS-kpi_006-981547B0,Warning,INSUFFICIENT_DATA,kpi_006,HOSP-001,DEPT-MED,2026-10-08,Insufficient data for kpi_006,processed_operational_daily.csv,OPD-HOSP-001-DEPT-MED-20261008,PEX-KPI-DCF120177644
ISS-kpi_005-B9C80485,Warning,ZERO_DENOMINATOR,kpi_005,HOSP-001,DEPT-MED,2026-10-09,Zero denominator for kpi_005,processed_operational_daily.csv,OPD-HOSP-001-DEPT-MED-20261009,PEX-KPI-DCF120177644
ISS-kpi_006-EA3DC7C7,Warning,ZERO_DENOMINATOR,kpi_006,HOSP-001,DEPT-MED,2026-10-09,Zero denominator for kpi_006,processed_operational_daily.csv,OPD-HOSP-001-DEPT-MED-20261009,PEX-KPI-DCF120177644
ISS-kpi_005-0D3E2914,Warning,ZERO_DENOMINATOR,kpi_005,HOSP-001,DEPT-MED,2026-10-10,Zero denominator for kpi_005,processed_operational_daily.csv,OPD-HOSP-001-DEPT-MED-20261010,PEX-KPI-DCF120177644
ISS-kpi_005-E0179D7F,Warning,ZERO_DENOMINATOR,kpi_005,HOSP-001,DEPT-MED,2026-10-11,Zero denominator for kpi_005,processed_operational_daily.csv,OPD-HOSP-001-DEPT-MED-20261011,PEX-KPI-DCF120177644
ISS-kpi_006-7E7D7FAD,Warning,ZERO_DENOMINATOR,kpi_006,HOSP-001,DEPT-MED,2026-10-11,Zero denominator for kpi_006,processed_operational_daily.csv,OPD-HOSP-001-DEPT-MED-20261011,PEX-KPI-DCF120177644
ISS-kpi_005-C5FD2360,Warning,ZERO_DENOMINATOR,kpi_005,HOSP-001,DEPT-MED,2026-10-12,Zero denominator for kpi_005,processed_operational_daily.csv,OPD-HOSP-001-DEPT-MED-20261012,PEX-KPI-DCF120177644
ISS-kpi_005-194BBECF,Warning,ZERO_DENOMINATOR,kpi_005,HOSP-001,DEPT-MED,2026-10-13,Zero denominator for kpi_005,processed_operational_daily.csv,OPD-HOSP-001-DEPT-MED-20261013,PEX-KPI-DCF120177644
ISS-kpi_005-8DFFF442,Warning,INSUFFICIENT_DATA,kpi_005,HOSP-001,DEPT-MED,2026-10-14,Insufficient data for kpi_005,processed_operational_daily.csv,OPD-HOSP-001-DEPT-MED-20261014,PEX-KPI-DCF120177644
ISS-kpi_006-2101949E,Warning,INSUFFICIENT_DATA,kpi_006,HOSP-001,DEPT-MED,2026-10-14,Insufficient data for kpi_006,processed_operational_daily.csv,OPD-HOSP-001-DEPT-MED-20261014,PEX-KPI-DCF120177644
ISS-kpi_005-0F71C8C9,Warning,INSUFFICIENT_DATA,kpi_005,HOSP-001,DEPT-MED,2026-10-15,Insufficient data for kpi_005,processed_operational_daily.csv,OPD-HOSP-001-DEPT-MED-20261015,PEX-KPI-DCF120177644
ISS-kpi_006-46A557ED,Warning,INSUFFICIENT_DATA,kpi_006,HOSP-001,DEPT-MED,2026-10-15,Insufficient data for kpi_006,processed_operational_daily.csv,OPD-HOSP-001-DEPT-MED-20261015,PEX-KPI-DCF120177644
ISS-kpi_005-0ED735B3,Warning,ZERO_DENOMINATOR,kpi_005,HOSP-001,DEPT-MED,2026-10-16,Zero denominator for kpi_005,processed_operational_daily.csv,OPD-HOSP-001-DEPT-MED-20261016,PEX-KPI-DCF120177644
ISS-kpi_005-CF95B5A3,Warning,ZERO_DENOMINATOR,kpi_005,HOSP-001,DEPT-MED,2026-10-17,Zero denominator for kpi_005,processed_operational_daily.csv,OPD-HOSP-001-DEPT-MED-20261017,PEX-KPI-DCF120177644
ISS-kpi_005-6601AF92,Warning,ZERO_DENOMINATOR,kpi_005,HOSP-001,DEPT-MED,2026-10-18,Zero denominator for kpi_005,processed_operational_daily.csv,OPD-HOSP-001-DEPT-MED-20261018,PEX-KPI-DCF120177644
ISS-kpi_005-83D240D0,Warning,ZERO_DENOMINATOR,kpi_005,HOSP-001,DEPT-MED,2026-10-19,Zero denominator for kpi_005,processed_operational_daily.csv,OPD-HOSP-001-DEPT-MED-20261019,PEX-KPI-DCF120177644
ISS-kpi_005-4D947AB8,Warning,INSUFFICIENT_DATA,kpi_005,HOSP-001,DEPT-MED,2026-10-20,Insufficient data for kpi_005,processed_operational_daily.csv,OPD-HOSP-001-DEPT-MED-20261020,PEX-KPI-DCF120177644
ISS-kpi_006-978E988F,Warning,INSUFFICIENT_DATA,kpi_006,HOSP-001,DEPT-MED,2026-10-20,Insufficient data for kpi_006,processed_operational_daily.csv,OPD-HOSP-001-DEPT-MED-20261020,PEX-KPI-DCF120177644
ISS-kpi_005-BB0E2F7C,Warning,ZERO_DENOMINATOR,kpi_005,HOSP-001,DEPT-MED,2026-10-21,Zero denominator for kpi_005,processed_operational_daily.csv,OPD-HOSP-001-DEPT-MED-20261021,PEX-KPI-DCF120177644
ISS-kpi_005-DA398E43,Warning,ZERO_DENOMINATOR,kpi_005,HOSP-001,DEPT-MED,2026-10-22,Zero denominator for kpi_005,processed_operational_daily.csv,OPD-HOSP-001-DEPT-MED-20261022,PEX-KPI-DCF120177644
ISS-kpi_005-8FCD534E,Warning,ZERO_DENOMINATOR,kpi_005,HOSP-001,DEPT-MED,2026-10-23,Zero denominator for kpi_005,processed_operational_daily.csv,OPD-HOSP-001-DEPT-MED-20261023,PEX-KPI-DCF120177644
ISS-kpi_005-7B5B96C6,Warning,ZERO_DENOMINATOR,kpi_005,HOSP-001,DEPT-MED,2026-10-24,Zero denominator for kpi_005,processed_operational_daily.csv,OPD-HOSP-001-DEPT-MED-20261024,PEX-KPI-DCF120177644
ISS-kpi_005-46D26742,Warning,ZERO_DENOMINATOR,kpi_005,HOSP-001,DEPT-MED,2026-10-25,Zero denominator for kpi_005,processed_operational_daily.csv,OPD-HOSP-001-DEPT-MED-20261025,PEX-KPI-DCF120177644
ISS-kpi_005-F8AE0780,Warning,ZERO_DENOMINATOR,kpi_005,HOSP-001,DEPT-MED,2026-10-26,Zero denominator for kpi_005,processed_operational_daily.csv,OPD-HOSP-001-DEPT-MED-20261026,PEX-KPI-DCF120177644
ISS-kpi_006-67D1D2E4,Warning,ZERO_DENOMINATOR,kpi_006,HOSP-001,DEPT-MED,2026-10-26,Zero denominator for kpi_006,processed_operational_daily.csv,OPD-HOSP-001-DEPT-MED-20261026,PEX-KPI-DCF120177644
ISS-kpi_005-D1CE1AD8,Warning,ZERO_DENOMINATOR,kpi_005,HOSP-001,DEPT-MED,2026-10-27,Zero denominator for kpi_005,processed_operational_daily.csv,OPD-HOSP-001-DEPT-MED-20261027,PEX-KPI-DCF120177644
ISS-kpi_005-1E4B3FD1,Warning,ZERO_DENOMINATOR,kpi_005,HOSP-001,DEPT-MED,2026-10-28,Zero denominator for kpi_005,processed_operational_daily.csv,OPD-HOSP-001-DEPT-MED-20261028,PEX-KPI-DCF120177644
ISS-kpi_005-2DE8CE79,Warning,ZERO_DENOMINATOR,kpi_005,HOSP-001,DEPT-MED,2026-10-29,Zero denominator for kpi_005,processed_operational_daily.csv,OPD-HOSP-001-DEPT-MED-20261029,PEX-KPI-DCF120177644
ISS-kpi_005-1E235EFD,Warning,ZERO_DENOMINATOR,kpi_005,HOSP-001,DEPT-MED,2026-10-30,Zero denominator for kpi_005,processed_operational_daily.csv,OPD-HOSP-001-DEPT-MED-20261030,PEX-KPI-DCF120177644
ISS-kpi_005-ACD16E2D,Warning,ZERO_DENOMINATOR,kpi_005,HOSP-001,DEPT-MED,2026-10-31,Zero denominator for kpi_005,processed_operational_daily.csv,OPD-HOSP-001-DEPT-MED-20261031,PEX-KPI-DCF120177644
ISS-kpi_005-5182469A,Warning,ZERO_DENOMINATOR,kpi_005,HOSP-001,DEPT-MED,2026-11-01,Zero denominator for kpi_005,processed_operational_daily.csv,OPD-HOSP-001-DEPT-MED-20261101,PEX-KPI-DCF120177644
ISS-kpi_005-55D2C9C6,Warning,ZERO_DENOMINATOR,kpi_005,HOSP-001,DEPT-MED,2026-11-02,Zero denominator for kpi_005,processed_operational_daily.csv,OPD-HOSP-001-DEPT-MED-20261102,PEX-KPI-DCF120177644
ISS-kpi_005-F842126A,Warning,ZERO_DENOMINATOR,kpi_005,HOSP-001,DEPT-MED,2026-11-03,Zero denominator for kpi_005,processed_operational_daily.csv,OPD-HOSP-001-DEPT-MED-20261103,PEX-KPI-DCF120177644
ISS-kpi_005-7D17D611,Warning,ZERO_DENOMINATOR,kpi_005,HOSP-001,DEPT-MED,2026-11-04,Zero denominator for kpi_005,processed_operational_daily.csv,OPD-HOSP-001-DEPT-MED-20261104,PEX-KPI-DCF120177644
ISS-kpi_005-3742AA73,Warning,ZERO_DENOMINATOR,kpi_005,HOSP-001,DEPT-MED,2026-11-05,Zero denominator for kpi_005,processed_operational_daily.csv,OPD-HOSP-001-DEPT-MED-20261105,PEX-KPI-DCF120177644
ISS-kpi_005-CE20E399,Warning,INSUFFICIENT_DATA,kpi_005,HOSP-001,DEPT-MED,2026-11-06,Insufficient data for kpi_005,processed_operational_daily.csv,OPD-HOSP-001-DEPT-MED-20261106,PEX-KPI-DCF120177644
ISS-kpi_006-A27BE215,Warning,INSUFFICIENT_DATA,kpi_006,HOSP-001,DEPT-MED,2026-11-06,Insufficient data for kpi_006,processed_operational_daily.csv,OPD-HOSP-001-DEPT-MED-20261106,PEX-KPI-DCF120177644
ISS-kpi_005-A3AC8932,Warning,ZERO_DENOMINATOR,kpi_005,HOSP-001,DEPT-MED,2026-11-07,Zero denominator for kpi_005,processed_operational_daily.csv,OPD-HOSP-001-DEPT-MED-20261107,PEX-KPI-DCF120177644
ISS-kpi_005-3B5EA730,Warning,ZERO_DENOMINATOR,kpi_005,HOSP-001,DEPT-MED,2026-11-08,Zero denominator for kpi_005,processed_operational_daily.csv,OPD-HOSP-001-DEPT-MED-20261108,PEX-KPI-DCF120177644
ISS-kpi_005-3D4BE839,Warning,ZERO_DENOMINATOR,kpi_005,HOSP-001,DEPT-MED,2026-11-09,Zero denominator for kpi_005,processed_operational_daily.csv,OPD-HOSP-001-DEPT-MED-20261109,PEX-KPI-DCF120177644
ISS-kpi_005-F4866957,Warning,ZERO_DENOMINATOR,kpi_005,HOSP-001,DEPT-MED,2026-11-10,Zero denominator for kpi_005,processed_operational_daily.csv,OPD-HOSP-001-DEPT-MED-20261110,PEX-KPI-DCF120177644
ISS-kpi_005-F9348ABF,Warning,ZERO_DENOMINATOR,kpi_005,HOSP-001,DEPT-MED,2026-11-11,Zero denominator for kpi_005,processed_operational_daily.csv,OPD-HOSP-001-DEPT-MED-20261111,PEX-KPI-DCF120177644
ISS-kpi_005-E8F5D9E0,Warning,ZERO_DENOMINATOR,kpi_005,HOSP-001,DEPT-MED,2026-11-12,Zero denominator for kpi_005,processed_operational_daily.csv,OPD-HOSP-001-DEPT-MED-20261112,PEX-KPI-DCF120177644
ISS-kpi_005-9AE61CB6,Warning,ZERO_DENOMINATOR,kpi_005,HOSP-001,DEPT-MED,2026-11-13,Zero denominator for kpi_005,processed_operational_daily.csv,OPD-HOSP-001-DEPT-MED-20261113,PEX-KPI-DCF120177644
ISS-kpi_005-8642DBE1,Warning,ZERO_DENOMINATOR,kpi_005,HOSP-001,DEPT-MED,2026-11-14,Zero denominator for kpi_005,processed_operational_daily.csv,OPD-HOSP-001-DEPT-MED-20261114,PEX-KPI-DCF120177644
ISS-kpi_005-33F847D2,Warning,ZERO_DENOMINATOR,kpi_005,HOSP-001,DEPT-MED,2026-11-15,Zero denominator for kpi_005,processed_operational_daily.csv,OPD-HOSP-001-DEPT-MED-20261115,PEX-KPI-DCF120177644
ISS-kpi_005-2457342E,Warning,ZERO_DENOMINATOR,kpi_005,HOSP-001,DEPT-MED,2026-11-16,Zero denominator for kpi_005,processed_operational_daily.csv,OPD-HOSP-001-DEPT-MED-20261116,PEX-KPI-DCF120177644
ISS-kpi_006-0D3C18C8,Warning,ZERO_DENOMINATOR,kpi_006,HOSP-001,DEPT-MED,2026-11-16,Zero denominator for kpi_006,processed_operational_daily.csv,OPD-HOSP-001-DEPT-MED-20261116,PEX-KPI-DCF120177644
ISS-kpi_005-53283527,Warning,ZERO_DENOMINATOR,kpi_005,HOSP-001,DEPT-MED,2026-11-17,Zero denominator for kpi_005,processed_operational_daily.csv,OPD-HOSP-001-DEPT-MED-20261117,PEX-KPI-DCF120177644
ISS-kpi_005-A204402E,Warning,ZERO_DENOMINATOR,kpi_005,HOSP-001,DEPT-MED,2026-11-18,Zero denominator for kpi_005,processed_operational_daily.csv,OPD-HOSP-001-DEPT-MED-20261118,PEX-KPI-DCF120177644
ISS-kpi_005-FF7D74E7,Warning,ZERO_DENOMINATOR,kpi_005,HOSP-001,DEPT-MED,2026-11-19,Zero denominator for kpi_005,processed_operational_daily.csv,OPD-HOSP-001-DEPT-MED-20261119,PEX-KPI-DCF120177644
ISS-kpi_006-0B52ECB1,Warning,ZERO_DENOMINATOR,kpi_006,HOSP-001,DEPT-MED,2026-11-19,Zero denominator for kpi_006,processed_operational_daily.csv,OPD-HOSP-001-DEPT-MED-20261119,PEX-KPI-DCF120177644
ISS-kpi_005-7DCB687E,Warning,ZERO_DENOMINATOR,kpi_005,HOSP-001,DEPT-MED,2026-11-20,Zero denominator for kpi_005,processed_operational_daily.csv,OPD-HOSP-001-DEPT-MED-20261120,PEX-KPI-DCF120177644
ISS-kpi_005-A7CAF1FF,Warning,ZERO_DENOMINATOR,kpi_005,HOSP-001,DEPT-MED,2026-11-21,Zero denominator for kpi_005,processed_operational_daily.csv,OPD-HOSP-001-DEPT-MED-20261121,PEX-KPI-DCF120177644
ISS-kpi_006-76B04F27,Warning,ZERO_DENOMINATOR,kpi_006,HOSP-001,DEPT-MED,2026-11-21,Zero denominator for kpi_006,processed_operational_daily.csv,OPD-HOSP-001-DEPT-MED-20261121,PEX-KPI-DCF120177644
ISS-kpi_005-65F7023E,Warning,ZERO_DENOMINATOR,kpi_005,HOSP-001,DEPT-MED,2026-11-22,Zero denominator for kpi_005,processed_operational_daily.csv,OPD-HOSP-001-DEPT-MED-20261122,PEX-KPI-DCF120177644
ISS-kpi_005-72BF4070,Warning,INSUFFICIENT_DATA,kpi_005,HOSP-001,DEPT-MED,2026-11-23,Insufficient data for kpi_005,processed_operational_daily.csv,OPD-HOSP-001-DEPT-MED-20261123,PEX-KPI-DCF120177644
ISS-kpi_006-4A965C03,Warning,INSUFFICIENT_DATA,kpi_006,HOSP-001,DEPT-MED,2026-11-23,Insufficient data for kpi_006,processed_operational_daily.csv,OPD-HOSP-001-DEPT-MED-20261123,PEX-KPI-DCF120177644
ISS-kpi_005-18BD9DE4,Warning,ZERO_DENOMINATOR,kpi_005,HOSP-001,DEPT-MED,2026-11-24,Zero denominator for kpi_005,processed_operational_daily.csv,OPD-HOSP-001-DEPT-MED-20261124,PEX-KPI-DCF120177644
ISS-kpi_005-F56D46C8,Warning,ZERO_DENOMINATOR,kpi_005,HOSP-001,DEPT-MED,2026-11-25,Zero denominator for kpi_005,processed_operational_daily.csv,OPD-HOSP-001-DEPT-MED-20261125,PEX-KPI-DCF120177644
ISS-kpi_005-9A7B3F1E,Warning,ZERO_DENOMINATOR,kpi_005,HOSP-001,DEPT-MED,2026-11-26,Zero denominator for kpi_005,processed_operational_daily.csv,OPD-HOSP-001-DEPT-MED-20261126,PEX-KPI-DCF120177644
ISS-kpi_005-44499A75,Warning,ZERO_DENOMINATOR,kpi_005,HOSP-001,DEPT-MED,2026-11-27,Zero denominator for kpi_005,processed_operational_daily.csv,OPD-HOSP-001-DEPT-MED-20261127,PEX-KPI-DCF120177644
ISS-kpi_005-20ED531B,Warning,INSUFFICIENT_DATA,kpi_005,HOSP-001,DEPT-MED,2026-11-28,Insufficient data for kpi_005,processed_operational_daily.csv,OPD-HOSP-001-DEPT-MED-20261128,PEX-KPI-DCF120177644
ISS-kpi_006-FF4A010E,Warning,INSUFFICIENT_DATA,kpi_006,HOSP-001,DEPT-MED,2026-11-28,Insufficient data for kpi_006,processed_operational_daily.csv,OPD-HOSP-001-DEPT-MED-20261128,PEX-KPI-DCF120177644
ISS-kpi_005-9382AA52,Warning,ZERO_DENOMINATOR,kpi_005,HOSP-001,DEPT-MED,2026-11-29,Zero denominator for kpi_005,processed_operational_daily.csv,OPD-HOSP-001-DEPT-MED-20261129,PEX-KPI-DCF120177644
ISS-kpi_005-03E4A3EE,Warning,ZERO_DENOMINATOR,kpi_005,HOSP-001,DEPT-MED,2026-11-30,Zero denominator for kpi_005,processed_operational_daily.csv,OPD-HOSP-001-DEPT-MED-20261130,PEX-KPI-DCF120177644
ISS-kpi_006-2ADD584D,Warning,ZERO_DENOMINATOR,kpi_006,HOSP-001,DEPT-MED,2026-11-30,Zero denominator for kpi_006,processed_operational_daily.csv,OPD-HOSP-001-DEPT-MED-20261130,PEX-KPI-DCF120177644
ISS-kpi_005-1899050B,Warning,ZERO_DENOMINATOR,kpi_005,HOSP-001,DEPT-MED,2026-12-01,Zero denominator for kpi_005,processed_operational_daily.csv,OPD-HOSP-001-DEPT-MED-20261201,PEX-KPI-DCF120177644
ISS-kpi_005-4D287F11,Warning,ZERO_DENOMINATOR,kpi_005,HOSP-001,DEPT-MED,2026-12-02,Zero denominator for kpi_005,processed_operational_daily.csv,OPD-HOSP-001-DEPT-MED-20261202,PEX-KPI-DCF120177644
ISS-kpi_005-AC2281AA,Warning,INSUFFICIENT_DATA,kpi_005,HOSP-001,DEPT-MED,2026-12-03,Insufficient data for kpi_005,processed_operational_daily.csv,OPD-HOSP-001-DEPT-MED-20261203,PEX-KPI-DCF120177644
ISS-kpi_006-5594A61E,Warning,INSUFFICIENT_DATA,kpi_006,HOSP-001,DEPT-MED,2026-12-03,Insufficient data for kpi_006,processed_operational_daily.csv,OPD-HOSP-001-DEPT-MED-20261203,PEX-KPI-DCF120177644
ISS-kpi_005-877D4C8E,Warning,ZERO_DENOMINATOR,kpi_005,HOSP-001,DEPT-MED,2026-12-04,Zero denominator for kpi_005,processed_operational_daily.csv,OPD-HOSP-001-DEPT-MED-20261204,PEX-KPI-DCF120177644
ISS-kpi_005-A9A88CF4,Warning,ZERO_DENOMINATOR,kpi_005,HOSP-001,DEPT-MED,2026-12-05,Zero denominator for kpi_005,processed_operational_daily.csv,OPD-HOSP-001-DEPT-MED-20261205,PEX-KPI-DCF120177644
ISS-kpi_005-C289FE0A,Warning,ZERO_DENOMINATOR,kpi_005,HOSP-001,DEPT-MED,2026-12-06,Zero denominator for kpi_005,processed_operational_daily.csv,OPD-HOSP-001-DEPT-MED-20261206,PEX-KPI-DCF120177644
ISS-kpi_005-12E82575,Warning,INSUFFICIENT_DATA,kpi_005,HOSP-001,DEPT-MED,2026-12-07,Insufficient data for kpi_005,processed_operational_daily.csv,OPD-HOSP-001-DEPT-MED-20261207,PEX-KPI-DCF120177644
ISS-kpi_006-9848C1CF,Warning,INSUFFICIENT_DATA,kpi_006,HOSP-001,DEPT-MED,2026-12-07,Insufficient data for kpi_006,processed_operational_daily.csv,OPD-HOSP-001-DEPT-MED-20261207,PEX-KPI-DCF120177644
ISS-kpi_005-1BBE57F6,Warning,ZERO_DENOMINATOR,kpi_005,HOSP-001,DEPT-MED,2026-12-08,Zero denominator for kpi_005,processed_operational_daily.csv,OPD-HOSP-001-DEPT-MED-20261208,PEX-KPI-DCF120177644
ISS-kpi_005-C23E928F,Warning,ZERO_DENOMINATOR,kpi_005,HOSP-001,DEPT-MED,2026-12-09,Zero denominator for kpi_005,processed_operational_daily.csv,OPD-HOSP-001-DEPT-MED-20261209,PEX-KPI-DCF120177644
ISS-kpi_005-7CAE7D26,Warning,ZERO_DENOMINATOR,kpi_005,HOSP-001,DEPT-MED,2026-12-10,Zero denominator for kpi_005,processed_operational_daily.csv,OPD-HOSP-001-DEPT-MED-20261210,PEX-KPI-DCF120177644
ISS-kpi_005-CCF13E15,Warning,ZERO_DENOMINATOR,kpi_005,HOSP-001,DEPT-MED,2026-12-11,Zero denominator for kpi_005,processed_operational_daily.csv,OPD-HOSP-001-DEPT-MED-20261211,PEX-KPI-DCF120177644
ISS-kpi_005-AB44AAF9,Warning,ZERO_DENOMINATOR,kpi_005,HOSP-001,DEPT-MED,2026-12-12,Zero denominator for kpi_005,processed_operational_daily.csv,OPD-HOSP-001-DEPT-MED-20261212,PEX-KPI-DCF120177644
ISS-kpi_005-02272280,Warning,ZERO_DENOMINATOR,kpi_005,HOSP-001,DEPT-MED,2026-12-13,Zero denominator for kpi_005,processed_operational_daily.csv,OPD-HOSP-001-DEPT-MED-20261213,PEX-KPI-DCF120177644
ISS-kpi_006-6BB66373,Warning,ZERO_DENOMINATOR,kpi_006,HOSP-001,DEPT-MED,2026-12-13,Zero denominator for kpi_006,processed_operational_daily.csv,OPD-HOSP-001-DEPT-MED-20261213,PEX-KPI-DCF120177644
ISS-kpi_005-EA1A64F7,Warning,ZERO_DENOMINATOR,kpi_005,HOSP-001,DEPT-MED,2026-12-14,Zero denominator for kpi_005,processed_operational_daily.csv,OPD-HOSP-001-DEPT-MED-20261214,PEX-KPI-DCF120177644
ISS-kpi_005-4478B5D6,Warning,ZERO_DENOMINATOR,kpi_005,HOSP-001,DEPT-MED,2026-12-15,Zero denominator for kpi_005,processed_operational_daily.csv,OPD-HOSP-001-DEPT-MED-20261215,PEX-KPI-DCF120177644
ISS-kpi_005-336919A1,Warning,ZERO_DENOMINATOR,kpi_005,HOSP-001,DEPT-MED,2026-12-16,Zero denominator for kpi_005,processed_operational_daily.csv,OPD-HOSP-001-DEPT-MED-20261216,PEX-KPI-DCF120177644
ISS-kpi_005-8D3C6B79,Warning,ZERO_DENOMINATOR,kpi_005,HOSP-001,DEPT-MED,2026-12-17,Zero denominator for kpi_005,processed_operational_daily.csv,OPD-HOSP-001-DEPT-MED-20261217,PEX-KPI-DCF120177644
ISS-kpi_005-F7A9EE4B,Warning,ZERO_DENOMINATOR,kpi_005,HOSP-001,DEPT-MED,2026-12-18,Zero denominator for kpi_005,processed_operational_daily.csv,OPD-HOSP-001-DEPT-MED-20261218,PEX-KPI-DCF120177644
ISS-kpi_005-2744BD17,Warning,ZERO_DENOMINATOR,kpi_005,HOSP-001,DEPT-MED,2026-12-19,Zero denominator for kpi_005,processed_operational_daily.csv,OPD-HOSP-001-DEPT-MED-20261219,PEX-KPI-DCF120177644
ISS-kpi_005-1E3B0716,Warning,ZERO_DENOMINATOR,kpi_005,HOSP-001,DEPT-MED,2026-12-20,Zero denominator for kpi_005,processed_operational_daily.csv,OPD-HOSP-001-DEPT-MED-20261220,PEX-KPI-DCF120177644
ISS-kpi_005-D84155F1,Warning,ZERO_DENOMINATOR,kpi_005,HOSP-001,DEPT-MED,2026-12-21,Zero denominator for kpi_005,processed_operational_daily.csv,OPD-HOSP-001-DEPT-MED-20261221,PEX-KPI-DCF120177644
ISS-kpi_006-E08E6660,Warning,ZERO_DENOMINATOR,kpi_006,HOSP-001,DEPT-MED,2026-12-21,Zero denominator for kpi_006,processed_operational_daily.csv,OPD-HOSP-001-DEPT-MED-20261221,PEX-KPI-DCF120177644
ISS-kpi_005-52B71834,Warning,ZERO_DENOMINATOR,kpi_005,HOSP-001,DEPT-MED,2026-12-22,Zero denominator for kpi_005,processed_operational_daily.csv,OPD-HOSP-001-DEPT-MED-20261222,PEX-KPI-DCF120177644
ISS-kpi_005-B11695AD,Warning,ZERO_DENOMINATOR,kpi_005,HOSP-001,DEPT-MED,2026-12-23,Zero denominator for kpi_005,processed_operational_daily.csv,OPD-HOSP-001-DEPT-MED-20261223,PEX-KPI-DCF120177644
ISS-kpi_005-0617F51C,Warning,ZERO_DENOMINATOR,kpi_005,HOSP-001,DEPT-MED,2026-12-24,Zero denominator for kpi_005,processed_operational_daily.csv,OPD-HOSP-001-DEPT-MED-20261224,PEX-KPI-DCF120177644
ISS-kpi_005-68958F70,Warning,ZERO_DENOMINATOR,kpi_005,HOSP-001,DEPT-MED,2026-12-25,Zero denominator for kpi_005,processed_operational_daily.csv,OPD-HOSP-001-DEPT-MED-20261225,PEX-KPI-DCF120177644
ISS-kpi_005-AC28C7F5,Warning,ZERO_DENOMINATOR,kpi_005,HOSP-001,DEPT-MED,2026-12-26,Zero denominator for kpi_005,processed_operational_daily.csv,OPD-HOSP-001-DEPT-MED-20261226,PEX-KPI-DCF120177644
ISS-kpi_005-1D1C3D18,Warning,INSUFFICIENT_DATA,kpi_005,HOSP-001,DEPT-MED,2026-12-27,Insufficient data for kpi_005,processed_operational_daily.csv,OPD-HOSP-001-DEPT-MED-20261227,PEX-KPI-DCF120177644
ISS-kpi_006-64BF308E,Warning,INSUFFICIENT_DATA,kpi_006,HOSP-001,DEPT-MED,2026-12-27,Insufficient data for kpi_006,processed_operational_daily.csv,OPD-HOSP-001-DEPT-MED-20261227,PEX-KPI-DCF120177644
ISS-kpi_005-5AE3C2E0,Warning,ZERO_DENOMINATOR,kpi_005,HOSP-001,DEPT-MED,2026-12-28,Zero denominator for kpi_005,processed_operational_daily.csv,OPD-HOSP-001-DEPT-MED-20261228,PEX-KPI-DCF120177644
ISS-kpi_005-90892ECF,Warning,ZERO_DENOMINATOR,kpi_005,HOSP-001,DEPT-MED,2026-12-29,Zero denominator for kpi_005,processed_operational_daily.csv,OPD-HOSP-001-DEPT-MED-20261229,PEX-KPI-DCF120177644
ISS-kpi_005-7D4C7356,Warning,ZERO_DENOMINATOR,kpi_005,HOSP-001,DEPT-MED,2026-12-30,Zero denominator for kpi_005,processed_operational_daily.csv,OPD-HOSP-001-DEPT-MED-20261230,PEX-KPI-DCF120177644
ISS-kpi_005-C68D3A80,Warning,ZERO_DENOMINATOR,kpi_005,HOSP-001,DEPT-MED,2026-12-31,Zero denominator for kpi_005,processed_operational_daily.csv,OPD-HOSP-001-DEPT-MED-20261231,PEX-KPI-DCF120177644
ISS-kpi_005-22CE8972,Info,PROVISIONAL_DENOMINATOR,kpi_005,HOSP-001,DEPT-OPC,2026-01-01,Complaint rate denominator is provisional and pending stakeholder approval,processed_operational_daily.csv,OPD-HOSP-001-DEPT-OPC-20260101,PEX-KPI-DCF120177644
ISS-kpi_005-F55A01EC,Info,PROVISIONAL_DENOMINATOR,kpi_005,HOSP-001,DEPT-OPC,2026-01-02,Complaint rate denominator is provisional and pending stakeholder approval,processed_operational_daily.csv,OPD-HOSP-001-DEPT-OPC-20260102,PEX-KPI-DCF120177644
ISS-kpi_005-97A16D01,Info,PROVISIONAL_DENOMINATOR,kpi_005,HOSP-001,DEPT-OPC,2026-01-03,Complaint rate denominator is provisional and pending stakeholder approval,processed_operational_daily.csv,OPD-HOSP-001-DEPT-OPC-20260103,PEX-KPI-DCF120177644
ISS-kpi_005-4BF3E7FF,Info,PROVISIONAL_DENOMINATOR,kpi_005,HOSP-001,DEPT-OPC,2026-01-04,Complaint rate denominator is provisional and pending stakeholder approval,processed_operational_daily.csv,OPD-HOSP-001-DEPT-OPC-20260104,PEX-KPI-DCF120177644
ISS-kpi_006-EAD89DFA,Warning,ZERO_DENOMINATOR,kpi_006,HOSP-001,DEPT-OPC,2026-01-04,Zero denominator for kpi_006,processed_operational_daily.csv,OPD-HOSP-001-DEPT-OPC-20260104,PEX-KPI-DCF120177644
ISS-kpi_005-179D9786,Info,PROVISIONAL_DENOMINATOR,kpi_005,HOSP-001,DEPT-OPC,2026-01-05,Complaint rate denominator is provisional and pending stakeholder approval,processed_operational_daily.csv,OPD-HOSP-001-DEPT-OPC-20260105,PEX-KPI-DCF120177644
ISS-kpi_005-53BAAA15,Info,PROVISIONAL_DENOMINATOR,kpi_005,HOSP-001,DEPT-OPC,2026-01-06,Complaint rate denominator is provisional and pending stakeholder approval,processed_operational_daily.csv,OPD-HOSP-001-DEPT-OPC-20260106,PEX-KPI-DCF120177644
ISS-kpi_005-85100758,Info,PROVISIONAL_DENOMINATOR,kpi_005,HOSP-001,DEPT-OPC,2026-01-07,Complaint rate denominator is provisional and pending stakeholder approval,processed_operational_daily.csv,OPD-HOSP-001-DEPT-OPC-20260107,PEX-KPI-DCF120177644
ISS-kpi_005-5E0F8B13,Info,PROVISIONAL_DENOMINATOR,kpi_005,HOSP-001,DEPT-OPC,2026-01-08,Complaint rate denominator is provisional and pending stakeholder approval,processed_operational_daily.csv,OPD-HOSP-001-DEPT-OPC-20260108,PEX-KPI-DCF120177644
ISS-kpi_005-FB127680,Info,PROVISIONAL_DENOMINATOR,kpi_005,HOSP-001,DEPT-OPC,2026-01-09,Complaint rate denominator is provisional and pending stakeholder approval,processed_operational_daily.csv,OPD-HOSP-001-DEPT-OPC-20260109,PEX-KPI-DCF120177644
ISS-kpi_005-491E99C5,Info,PROVISIONAL_DENOMINATOR,kpi_005,HOSP-001,DEPT-OPC,2026-01-10,Complaint rate denominator is provisional and pending stakeholder approval,processed_operational_daily.csv,OPD-HOSP-001-DEPT-OPC-20260110,PEX-KPI-DCF120177644
ISS-kpi_006-6E5D0308,Warning,ZERO_DENOMINATOR,kpi_006,HOSP-001,DEPT-OPC,2026-01-10,Zero denominator for kpi_006,processed_operational_daily.csv,OPD-HOSP-001-DEPT-OPC-20260110,PEX-KPI-DCF120177644
ISS-kpi_005-2335A3BF,Info,PROVISIONAL_DENOMINATOR,kpi_005,HOSP-001,DEPT-OPC,2026-01-11,Complaint rate denominator is provisional and pending stakeholder approval,processed_operational_daily.csv,OPD-HOSP-001-DEPT-OPC-20260111,PEX-KPI-DCF120177644
ISS-kpi_005-72F42E1D,Info,PROVISIONAL_DENOMINATOR,kpi_005,HOSP-001,DEPT-OPC,2026-01-12,Complaint rate denominator is provisional and pending stakeholder approval,processed_operational_daily.csv,OPD-HOSP-001-DEPT-OPC-20260112,PEX-KPI-DCF120177644
ISS-kpi_005-7FA7C046,Info,PROVISIONAL_DENOMINATOR,kpi_005,HOSP-001,DEPT-OPC,2026-01-13,Complaint rate denominator is provisional and pending stakeholder approval,processed_operational_daily.csv,OPD-HOSP-001-DEPT-OPC-20260113,PEX-KPI-DCF120177644
ISS-kpi_005-DC6F0840,Info,PROVISIONAL_DENOMINATOR,kpi_005,HOSP-001,DEPT-OPC,2026-01-14,Complaint rate denominator is provisional and pending stakeholder approval,processed_operational_daily.csv,OPD-HOSP-001-DEPT-OPC-20260114,PEX-KPI-DCF120177644
ISS-kpi_005-BCFE3EB0,Info,PROVISIONAL_DENOMINATOR,kpi_005,HOSP-001,DEPT-OPC,2026-01-15,Complaint rate denominator is provisional and pending stakeholder approval,processed_operational_daily.csv,OPD-HOSP-001-DEPT-OPC-20260115,PEX-KPI-DCF120177644
ISS-kpi_005-F7D54017,Info,PROVISIONAL_DENOMINATOR,kpi_005,HOSP-001,DEPT-OPC,2026-01-16,Complaint rate denominator is provisional and pending stakeholder approval,processed_operational_daily.csv,OPD-HOSP-001-DEPT-OPC-20260116,PEX-KPI-DCF120177644
ISS-kpi_005-91E76FD1,Info,PROVISIONAL_DENOMINATOR,kpi_005,HOSP-001,DEPT-OPC,2026-01-17,Complaint rate denominator is provisional and pending stakeholder approval,processed_operational_daily.csv,OPD-HOSP-001-DEPT-OPC-20260117,PEX-KPI-DCF120177644
ISS-kpi_005-87683A05,Info,PROVISIONAL_DENOMINATOR,kpi_005,HOSP-001,DEPT-OPC,2026-01-18,Complaint rate denominator is provisional and pending stakeholder approval,processed_operational_daily.csv,OPD-HOSP-001-DEPT-OPC-20260118,PEX-KPI-DCF120177644
ISS-kpi_005-8159E31E,Info,PROVISIONAL_DENOMINATOR,kpi_005,HOSP-001,DEPT-OPC,2026-01-19,Complaint rate denominator is provisional and pending stakeholder approval,processed_operational_daily.csv,OPD-HOSP-001-DEPT-OPC-20260119,PEX-KPI-DCF120177644
ISS-kpi_005-B41F7743,Info,PROVISIONAL_DENOMINATOR,kpi_005,HOSP-001,DEPT-OPC,2026-01-20,Complaint rate denominator is provisional and pending stakeholder approval,processed_operational_daily.csv,OPD-HOSP-001-DEPT-OPC-20260120,PEX-KPI-DCF120177644
ISS-kpi_005-0A1D76B2,Info,PROVISIONAL_DENOMINATOR,kpi_005,HOSP-001,DEPT-OPC,2026-01-21,Complaint rate denominator is provisional and pending stakeholder approval,processed_operational_daily.csv,OPD-HOSP-001-DEPT-OPC-20260121,PEX-KPI-DCF120177644
ISS-kpi_005-2471FD29,Info,PROVISIONAL_DENOMINATOR,kpi_005,HOSP-001,DEPT-OPC,2026-01-22,Complaint rate denominator is provisional and pending stakeholder approval,processed_operational_daily.csv,OPD-HOSP-001-DEPT-OPC-20260122,PEX-KPI-DCF120177644
ISS-kpi_005-AF0BBDD1,Info,PROVISIONAL_DENOMINATOR,kpi_005,HOSP-001,DEPT-OPC,2026-01-23,Complaint rate denominator is provisional and pending stakeholder approval,processed_operational_daily.csv,OPD-HOSP-001-DEPT-OPC-20260123,PEX-KPI-DCF120177644
ISS-kpi_005-33B97E7F,Info,PROVISIONAL_DENOMINATOR,kpi_005,HOSP-001,DEPT-OPC,2026-01-24,Complaint rate denominator is provisional and pending stakeholder approval,processed_operational_daily.csv,OPD-HOSP-001-DEPT-OPC-20260124,PEX-KPI-DCF120177644
ISS-kpi_005-3762516D,Info,PROVISIONAL_DENOMINATOR,kpi_005,HOSP-001,DEPT-OPC,2026-01-25,Complaint rate denominator is provisional and pending stakeholder approval,processed_operational_daily.csv,OPD-HOSP-001-DEPT-OPC-20260125,PEX-KPI-DCF120177644
ISS-kpi_005-D7E5D935,Info,PROVISIONAL_DENOMINATOR,kpi_005,HOSP-001,DEPT-OPC,2026-01-26,Complaint rate denominator is provisional and pending stakeholder approval,processed_operational_daily.csv,OPD-HOSP-001-DEPT-OPC-20260126,PEX-KPI-DCF120177644
ISS-kpi_005-2377B41C,Info,PROVISIONAL_DENOMINATOR,kpi_005,HOSP-001,DEPT-OPC,2026-01-27,Complaint rate denominator is provisional and pending stakeholder approval,processed_operational_daily.csv,OPD-HOSP-001-DEPT-OPC-20260127,PEX-KPI-DCF120177644
ISS-kpi_005-DBAA5050,Info,PROVISIONAL_DENOMINATOR,kpi_005,HOSP-001,DEPT-OPC,2026-01-28,Complaint rate denominator is provisional and pending stakeholder approval,processed_operational_daily.csv,OPD-HOSP-001-DEPT-OPC-20260128,PEX-KPI-DCF120177644
ISS-kpi_005-13715281,Info,PROVISIONAL_DENOMINATOR,kpi_005,HOSP-001,DEPT-OPC,2026-01-29,Complaint rate denominator is provisional and pending stakeholder approval,processed_operational_daily.csv,OPD-HOSP-001-DEPT-OPC-20260129,PEX-KPI-DCF120177644
ISS-kpi_005-8BAB76F8,Info,PROVISIONAL_DENOMINATOR,kpi_005,HOSP-001,DEPT-OPC,2026-01-30,Complaint rate denominator is provisional and pending stakeholder approval,processed_operational_daily.csv,OPD-HOSP-001-DEPT-OPC-20260130,PEX-KPI-DCF120177644
ISS-kpi_005-BD94A141,Info,PROVISIONAL_DENOMINATOR,kpi_005,HOSP-001,DEPT-OPC,2026-01-31,Complaint rate denominator is provisional and pending stakeholder approval,processed_operational_daily.csv,OPD-HOSP-001-DEPT-OPC-20260131,PEX-KPI-DCF120177644
ISS-kpi_005-0F1E9EF9,Info,PROVISIONAL_DENOMINATOR,kpi_005,HOSP-001,DEPT-OPC,2026-02-01,Complaint rate denominator is provisional and pending stakeholder approval,processed_operational_daily.csv,OPD-HOSP-001-DEPT-OPC-20260201,PEX-KPI-DCF120177644
ISS-kpi_005-A4BF45AD,Info,PROVISIONAL_DENOMINATOR,kpi_005,HOSP-001,DEPT-OPC,2026-02-02,Complaint rate denominator is provisional and pending stakeholder approval,processed_operational_daily.csv,OPD-HOSP-001-DEPT-OPC-20260202,PEX-KPI-DCF120177644
ISS-kpi_005-2259D746,Info,PROVISIONAL_DENOMINATOR,kpi_005,HOSP-001,DEPT-OPC,2026-02-03,Complaint rate denominator is provisional and pending stakeholder approval,processed_operational_daily.csv,OPD-HOSP-001-DEPT-OPC-20260203,PEX-KPI-DCF120177644
ISS-kpi_005-694CF2C9,Warning,INSUFFICIENT_DATA,kpi_005,HOSP-001,DEPT-OPC,2026-02-04,Insufficient data for kpi_005,processed_operational_daily.csv,OPD-HOSP-001-DEPT-OPC-20260204,PEX-KPI-DCF120177644
ISS-kpi_006-6942DA71,Warning,INSUFFICIENT_DATA,kpi_006,HOSP-001,DEPT-OPC,2026-02-04,Insufficient data for kpi_006,processed_operational_daily.csv,OPD-HOSP-001-DEPT-OPC-20260204,PEX-KPI-DCF120177644
ISS-kpi_005-CD163DBF,Info,PROVISIONAL_DENOMINATOR,kpi_005,HOSP-001,DEPT-OPC,2026-02-05,Complaint rate denominator is provisional and pending stakeholder approval,processed_operational_daily.csv,OPD-HOSP-001-DEPT-OPC-20260205,PEX-KPI-DCF120177644
ISS-kpi_005-D4854F02,Info,PROVISIONAL_DENOMINATOR,kpi_005,HOSP-001,DEPT-OPC,2026-02-06,Complaint rate denominator is provisional and pending stakeholder approval,processed_operational_daily.csv,OPD-HOSP-001-DEPT-OPC-20260206,PEX-KPI-DCF120177644
ISS-kpi_006-110312DD,Warning,ZERO_DENOMINATOR,kpi_006,HOSP-001,DEPT-OPC,2026-02-06,Zero denominator for kpi_006,processed_operational_daily.csv,OPD-HOSP-001-DEPT-OPC-20260206,PEX-KPI-DCF120177644
ISS-kpi_005-557A7A9D,Info,PROVISIONAL_DENOMINATOR,kpi_005,HOSP-001,DEPT-OPC,2026-02-07,Complaint rate denominator is provisional and pending stakeholder approval,processed_operational_daily.csv,OPD-HOSP-001-DEPT-OPC-20260207,PEX-KPI-DCF120177644
ISS-kpi_005-59411B3A,Info,PROVISIONAL_DENOMINATOR,kpi_005,HOSP-001,DEPT-OPC,2026-02-08,Complaint rate denominator is provisional and pending stakeholder approval,processed_operational_daily.csv,OPD-HOSP-001-DEPT-OPC-20260208,PEX-KPI-DCF120177644
ISS-kpi_005-EA2FF1FD,Info,PROVISIONAL_DENOMINATOR,kpi_005,HOSP-001,DEPT-OPC,2026-02-09,Complaint rate denominator is provisional and pending stakeholder approval,processed_operational_daily.csv,OPD-HOSP-001-DEPT-OPC-20260209,PEX-KPI-DCF120177644
ISS-kpi_005-88347D24,Info,PROVISIONAL_DENOMINATOR,kpi_005,HOSP-001,DEPT-OPC,2026-02-10,Complaint rate denominator is provisional and pending stakeholder approval,processed_operational_daily.csv,OPD-HOSP-001-DEPT-OPC-20260210,PEX-KPI-DCF120177644
ISS-kpi_005-828F3F72,Info,PROVISIONAL_DENOMINATOR,kpi_005,HOSP-001,DEPT-OPC,2026-02-11,Complaint rate denominator is provisional and pending stakeholder approval,processed_operational_daily.csv,OPD-HOSP-001-DEPT-OPC-20260211,PEX-KPI-DCF120177644
ISS-kpi_005-1A7262C6,Info,PROVISIONAL_DENOMINATOR,kpi_005,HOSP-001,DEPT-OPC,2026-02-12,Complaint rate denominator is provisional and pending stakeholder approval,processed_operational_daily.csv,OPD-HOSP-001-DEPT-OPC-20260212,PEX-KPI-DCF120177644
ISS-kpi_005-89B3332A,Info,PROVISIONAL_DENOMINATOR,kpi_005,HOSP-001,DEPT-OPC,2026-02-13,Complaint rate denominator is provisional and pending stakeholder approval,processed_operational_daily.csv,OPD-HOSP-001-DEPT-OPC-20260213,PEX-KPI-DCF120177644
ISS-kpi_005-55F9D0CF,Warning,INSUFFICIENT_DATA,kpi_005,HOSP-001,DEPT-OPC,2026-02-14,Insufficient data for kpi_005,processed_operational_daily.csv,OPD-HOSP-001-DEPT-OPC-20260214,PEX-KPI-DCF120177644
ISS-kpi_006-D280C97F,Warning,INSUFFICIENT_DATA,kpi_006,HOSP-001,DEPT-OPC,2026-02-14,Insufficient data for kpi_006,processed_operational_daily.csv,OPD-HOSP-001-DEPT-OPC-20260214,PEX-KPI-DCF120177644
ISS-kpi_005-FB26DA89,Info,PROVISIONAL_DENOMINATOR,kpi_005,HOSP-001,DEPT-OPC,2026-02-15,Complaint rate denominator is provisional and pending stakeholder approval,processed_operational_daily.csv,OPD-HOSP-001-DEPT-OPC-20260215,PEX-KPI-DCF120177644
ISS-kpi_005-A1CDE916,Info,PROVISIONAL_DENOMINATOR,kpi_005,HOSP-001,DEPT-OPC,2026-02-16,Complaint rate denominator is provisional and pending stakeholder approval,processed_operational_daily.csv,OPD-HOSP-001-DEPT-OPC-20260216,PEX-KPI-DCF120177644
ISS-kpi_006-3C5261CA,Warning,ZERO_DENOMINATOR,kpi_006,HOSP-001,DEPT-OPC,2026-02-16,Zero denominator for kpi_006,processed_operational_daily.csv,OPD-HOSP-001-DEPT-OPC-20260216,PEX-KPI-DCF120177644
ISS-kpi_005-1B64253C,Info,PROVISIONAL_DENOMINATOR,kpi_005,HOSP-001,DEPT-OPC,2026-02-17,Complaint rate denominator is provisional and pending stakeholder approval,processed_operational_daily.csv,OPD-HOSP-001-DEPT-OPC-20260217,PEX-KPI-DCF120177644
ISS-kpi_005-29D37CFD,Warning,INSUFFICIENT_DATA,kpi_005,HOSP-001,DEPT-OPC,2026-02-18,Insufficient data for kpi_005,processed_operational_daily.csv,OPD-HOSP-001-DEPT-OPC-20260218,PEX-KPI-DCF120177644
ISS-kpi_006-78D48CC6,Warning,INSUFFICIENT_DATA,kpi_006,HOSP-001,DEPT-OPC,2026-02-18,Insufficient data for kpi_006,processed_operational_daily.csv,OPD-HOSP-001-DEPT-OPC-20260218,PEX-KPI-DCF120177644
ISS-kpi_005-0AD96D7D,Info,PROVISIONAL_DENOMINATOR,kpi_005,HOSP-001,DEPT-OPC,2026-02-19,Complaint rate denominator is provisional and pending stakeholder approval,processed_operational_daily.csv,OPD-HOSP-001-DEPT-OPC-20260219,PEX-KPI-DCF120177644
ISS-kpi_005-3913E194,Info,PROVISIONAL_DENOMINATOR,kpi_005,HOSP-001,DEPT-OPC,2026-02-20,Complaint rate denominator is provisional and pending stakeholder approval,processed_operational_daily.csv,OPD-HOSP-001-DEPT-OPC-20260220,PEX-KPI-DCF120177644
ISS-kpi_005-03B47BE6,Info,PROVISIONAL_DENOMINATOR,kpi_005,HOSP-001,DEPT-OPC,2026-02-21,Complaint rate denominator is provisional and pending stakeholder approval,processed_operational_daily.csv,OPD-HOSP-001-DEPT-OPC-20260221,PEX-KPI-DCF120177644
ISS-kpi_005-F0F848B7,Info,PROVISIONAL_DENOMINATOR,kpi_005,HOSP-001,DEPT-OPC,2026-02-22,Complaint rate denominator is provisional and pending stakeholder approval,processed_operational_daily.csv,OPD-HOSP-001-DEPT-OPC-20260222,PEX-KPI-DCF120177644
ISS-kpi_005-A3807665,Warning,INSUFFICIENT_DATA,kpi_005,HOSP-001,DEPT-OPC,2026-02-23,Insufficient data for kpi_005,processed_operational_daily.csv,OPD-HOSP-001-DEPT-OPC-20260223,PEX-KPI-DCF120177644
ISS-kpi_006-526663F7,Warning,INSUFFICIENT_DATA,kpi_006,HOSP-001,DEPT-OPC,2026-02-23,Insufficient data for kpi_006,processed_operational_daily.csv,OPD-HOSP-001-DEPT-OPC-20260223,PEX-KPI-DCF120177644
ISS-kpi_005-E7923BC1,Info,PROVISIONAL_DENOMINATOR,kpi_005,HOSP-001,DEPT-OPC,2026-02-24,Complaint rate denominator is provisional and pending stakeholder approval,processed_operational_daily.csv,OPD-HOSP-001-DEPT-OPC-20260224,PEX-KPI-DCF120177644
ISS-kpi_005-36EFBDCB,Info,PROVISIONAL_DENOMINATOR,kpi_005,HOSP-001,DEPT-OPC,2026-02-25,Complaint rate denominator is provisional and pending stakeholder approval,processed_operational_daily.csv,OPD-HOSP-001-DEPT-OPC-20260225,PEX-KPI-DCF120177644
ISS-kpi_005-AD6BD094,Info,PROVISIONAL_DENOMINATOR,kpi_005,HOSP-001,DEPT-OPC,2026-02-26,Complaint rate denominator is provisional and pending stakeholder approval,processed_operational_daily.csv,OPD-HOSP-001-DEPT-OPC-20260226,PEX-KPI-DCF120177644
ISS-kpi_005-EEB4A874,Info,PROVISIONAL_DENOMINATOR,kpi_005,HOSP-001,DEPT-OPC,2026-02-27,Complaint rate denominator is provisional and pending stakeholder approval,processed_operational_daily.csv,OPD-HOSP-001-DEPT-OPC-20260227,PEX-KPI-DCF120177644
ISS-kpi_005-44424F17,Info,PROVISIONAL_DENOMINATOR,kpi_005,HOSP-001,DEPT-OPC,2026-02-28,Complaint rate denominator is provisional and pending stakeholder approval,processed_operational_daily.csv,OPD-HOSP-001-DEPT-OPC-20260228,PEX-KPI-DCF120177644
ISS-kpi_005-1437D1E7,Warning,INSUFFICIENT_DATA,kpi_005,HOSP-001,DEPT-OPC,2026-03-01,Insufficient data for kpi_005,processed_operational_daily.csv,OPD-HOSP-001-DEPT-OPC-20260301,PEX-KPI-DCF120177644
ISS-kpi_006-C7C25259,Warning,INSUFFICIENT_DATA,kpi_006,HOSP-001,DEPT-OPC,2026-03-01,Insufficient data for kpi_006,processed_operational_daily.csv,OPD-HOSP-001-DEPT-OPC-20260301,PEX-KPI-DCF120177644
ISS-kpi_005-40E6A5DF,Warning,INSUFFICIENT_DATA,kpi_005,HOSP-001,DEPT-OPC,2026-03-02,Insufficient data for kpi_005,processed_operational_daily.csv,OPD-HOSP-001-DEPT-OPC-20260302,PEX-KPI-DCF120177644
ISS-kpi_006-D0478F24,Warning,INSUFFICIENT_DATA,kpi_006,HOSP-001,DEPT-OPC,2026-03-02,Insufficient data for kpi_006,processed_operational_daily.csv,OPD-HOSP-001-DEPT-OPC-20260302,PEX-KPI-DCF120177644
ISS-kpi_005-64F2C444,Warning,INSUFFICIENT_DATA,kpi_005,HOSP-001,DEPT-OPC,2026-03-03,Insufficient data for kpi_005,processed_operational_daily.csv,OPD-HOSP-001-DEPT-OPC-20260303,PEX-KPI-DCF120177644
ISS-kpi_006-00E82131,Warning,INSUFFICIENT_DATA,kpi_006,HOSP-001,DEPT-OPC,2026-03-03,Insufficient data for kpi_006,processed_operational_daily.csv,OPD-HOSP-001-DEPT-OPC-20260303,PEX-KPI-DCF120177644
ISS-kpi_005-C2C255CA,Info,PROVISIONAL_DENOMINATOR,kpi_005,HOSP-001,DEPT-OPC,2026-03-04,Complaint rate denominator is provisional and pending stakeholder approval,processed_operational_daily.csv,OPD-HOSP-001-DEPT-OPC-20260304,PEX-KPI-DCF120177644
ISS-kpi_005-202C05FD,Info,PROVISIONAL_DENOMINATOR,kpi_005,HOSP-001,DEPT-OPC,2026-03-05,Complaint rate denominator is provisional and pending stakeholder approval,processed_operational_daily.csv,OPD-HOSP-001-DEPT-OPC-20260305,PEX-KPI-DCF120177644
ISS-kpi_005-EE582914,Info,PROVISIONAL_DENOMINATOR,kpi_005,HOSP-001,DEPT-OPC,2026-03-06,Complaint rate denominator is provisional and pending stakeholder approval,processed_operational_daily.csv,OPD-HOSP-001-DEPT-OPC-20260306,PEX-KPI-DCF120177644
ISS-kpi_005-B5D136E1,Info,PROVISIONAL_DENOMINATOR,kpi_005,HOSP-001,DEPT-OPC,2026-03-07,Complaint rate denominator is provisional and pending stakeholder approval,processed_operational_daily.csv,OPD-HOSP-001-DEPT-OPC-20260307,PEX-KPI-DCF120177644
ISS-kpi_005-466CC1FC,Info,PROVISIONAL_DENOMINATOR,kpi_005,HOSP-001,DEPT-OPC,2026-03-08,Complaint rate denominator is provisional and pending stakeholder approval,processed_operational_daily.csv,OPD-HOSP-001-DEPT-OPC-20260308,PEX-KPI-DCF120177644
ISS-kpi_005-11432A32,Info,PROVISIONAL_DENOMINATOR,kpi_005,HOSP-001,DEPT-OPC,2026-03-09,Complaint rate denominator is provisional and pending stakeholder approval,processed_operational_daily.csv,OPD-HOSP-001-DEPT-OPC-20260309,PEX-KPI-DCF120177644
ISS-kpi_005-3D0862EB,Info,PROVISIONAL_DENOMINATOR,kpi_005,HOSP-001,DEPT-OPC,2026-03-10,Complaint rate denominator is provisional and pending stakeholder approval,processed_operational_daily.csv,OPD-HOSP-001-DEPT-OPC-20260310,PEX-KPI-DCF120177644
ISS-kpi_005-7CD0039F,Info,PROVISIONAL_DENOMINATOR,kpi_005,HOSP-001,DEPT-OPC,2026-03-11,Complaint rate denominator is provisional and pending stakeholder approval,processed_operational_daily.csv,OPD-HOSP-001-DEPT-OPC-20260311,PEX-KPI-DCF120177644
ISS-kpi_005-E8FF1FE9,Warning,INSUFFICIENT_DATA,kpi_005,HOSP-001,DEPT-OPC,2026-03-12,Insufficient data for kpi_005,processed_operational_daily.csv,OPD-HOSP-001-DEPT-OPC-20260312,PEX-KPI-DCF120177644
ISS-kpi_006-EFA1EC53,Warning,INSUFFICIENT_DATA,kpi_006,HOSP-001,DEPT-OPC,2026-03-12,Insufficient data for kpi_006,processed_operational_daily.csv,OPD-HOSP-001-DEPT-OPC-20260312,PEX-KPI-DCF120177644
ISS-kpi_005-D8DA3F02,Info,PROVISIONAL_DENOMINATOR,kpi_005,HOSP-001,DEPT-OPC,2026-03-13,Complaint rate denominator is provisional and pending stakeholder approval,processed_operational_daily.csv,OPD-HOSP-001-DEPT-OPC-20260313,PEX-KPI-DCF120177644
ISS-kpi_005-4E25A7DA,Info,PROVISIONAL_DENOMINATOR,kpi_005,HOSP-001,DEPT-OPC,2026-03-14,Complaint rate denominator is provisional and pending stakeholder approval,processed_operational_daily.csv,OPD-HOSP-001-DEPT-OPC-20260314,PEX-KPI-DCF120177644
ISS-kpi_005-E137D656,Info,PROVISIONAL_DENOMINATOR,kpi_005,HOSP-001,DEPT-OPC,2026-03-15,Complaint rate denominator is provisional and pending stakeholder approval,processed_operational_daily.csv,OPD-HOSP-001-DEPT-OPC-20260315,PEX-KPI-DCF120177644
ISS-kpi_005-CD84B618,Info,PROVISIONAL_DENOMINATOR,kpi_005,HOSP-001,DEPT-OPC,2026-03-16,Complaint rate denominator is provisional and pending stakeholder approval,processed_operational_daily.csv,OPD-HOSP-001-DEPT-OPC-20260316,PEX-KPI-DCF120177644
ISS-kpi_005-6CC4927D,Info,PROVISIONAL_DENOMINATOR,kpi_005,HOSP-001,DEPT-OPC,2026-03-17,Complaint rate denominator is provisional and pending stakeholder approval,processed_operational_daily.csv,OPD-HOSP-001-DEPT-OPC-20260317,PEX-KPI-DCF120177644
ISS-kpi_005-1602AC74,Info,PROVISIONAL_DENOMINATOR,kpi_005,HOSP-001,DEPT-OPC,2026-03-18,Complaint rate denominator is provisional and pending stakeholder approval,processed_operational_daily.csv,OPD-HOSP-001-DEPT-OPC-20260318,PEX-KPI-DCF120177644
ISS-kpi_005-DD8FB5AB,Info,PROVISIONAL_DENOMINATOR,kpi_005,HOSP-001,DEPT-OPC,2026-03-19,Complaint rate denominator is provisional and pending stakeholder approval,processed_operational_daily.csv,OPD-HOSP-001-DEPT-OPC-20260319,PEX-KPI-DCF120177644
ISS-kpi_005-F344AAB0,Info,PROVISIONAL_DENOMINATOR,kpi_005,HOSP-001,DEPT-OPC,2026-03-20,Complaint rate denominator is provisional and pending stakeholder approval,processed_operational_daily.csv,OPD-HOSP-001-DEPT-OPC-20260320,PEX-KPI-DCF120177644
ISS-kpi_005-7E07E04C,Info,PROVISIONAL_DENOMINATOR,kpi_005,HOSP-001,DEPT-OPC,2026-03-21,Complaint rate denominator is provisional and pending stakeholder approval,processed_operational_daily.csv,OPD-HOSP-001-DEPT-OPC-20260321,PEX-KPI-DCF120177644
ISS-kpi_005-36811DBE,Info,PROVISIONAL_DENOMINATOR,kpi_005,HOSP-001,DEPT-OPC,2026-03-22,Complaint rate denominator is provisional and pending stakeholder approval,processed_operational_daily.csv,OPD-HOSP-001-DEPT-OPC-20260322,PEX-KPI-DCF120177644
ISS-kpi_005-BA911DC8,Info,PROVISIONAL_DENOMINATOR,kpi_005,HOSP-001,DEPT-OPC,2026-03-23,Complaint rate denominator is provisional and pending stakeholder approval,processed_operational_daily.csv,OPD-HOSP-001-DEPT-OPC-20260323,PEX-KPI-DCF120177644
ISS-kpi_005-8ED01F2D,Info,PROVISIONAL_DENOMINATOR,kpi_005,HOSP-001,DEPT-OPC,2026-03-24,Complaint rate denominator is provisional and pending stakeholder approval,processed_operational_daily.csv,OPD-HOSP-001-DEPT-OPC-20260324,PEX-KPI-DCF120177644
ISS-kpi_005-642DA460,Info,PROVISIONAL_DENOMINATOR,kpi_005,HOSP-001,DEPT-OPC,2026-03-25,Complaint rate denominator is provisional and pending stakeholder approval,processed_operational_daily.csv,OPD-HOSP-001-DEPT-OPC-20260325,PEX-KPI-DCF120177644
ISS-kpi_005-BBC9E92A,Info,PROVISIONAL_DENOMINATOR,kpi_005,HOSP-001,DEPT-OPC,2026-03-26,Complaint rate denominator is provisional and pending stakeholder approval,processed_operational_daily.csv,OPD-HOSP-001-DEPT-OPC-20260326,PEX-KPI-DCF120177644
ISS-kpi_005-FD9800E7,Info,PROVISIONAL_DENOMINATOR,kpi_005,HOSP-001,DEPT-OPC,2026-03-27,Complaint rate denominator is provisional and pending stakeholder approval,processed_operational_daily.csv,OPD-HOSP-001-DEPT-OPC-20260327,PEX-KPI-DCF120177644
ISS-kpi_005-0BE56E9D,Info,PROVISIONAL_DENOMINATOR,kpi_005,HOSP-001,DEPT-OPC,2026-03-28,Complaint rate denominator is provisional and pending stakeholder approval,processed_operational_daily.csv,OPD-HOSP-001-DEPT-OPC-20260328,PEX-KPI-DCF120177644
ISS-kpi_005-C7DE7E56,Info,PROVISIONAL_DENOMINATOR,kpi_005,HOSP-001,DEPT-OPC,2026-03-29,Complaint rate denominator is provisional and pending stakeholder approval,processed_operational_daily.csv,OPD-HOSP-001-DEPT-OPC-20260329,PEX-KPI-DCF120177644
ISS-kpi_005-BADB15F3,Info,PROVISIONAL_DENOMINATOR,kpi_005,HOSP-001,DEPT-OPC,2026-03-30,Complaint rate denominator is provisional and pending stakeholder approval,processed_operational_daily.csv,OPD-HOSP-001-DEPT-OPC-20260330,PEX-KPI-DCF120177644
ISS-kpi_005-9BB6799B,Warning,INSUFFICIENT_DATA,kpi_005,HOSP-001,DEPT-OPC,2026-03-31,Insufficient data for kpi_005,processed_operational_daily.csv,OPD-HOSP-001-DEPT-OPC-20260331,PEX-KPI-DCF120177644
ISS-kpi_006-CD3BC87F,Warning,INSUFFICIENT_DATA,kpi_006,HOSP-001,DEPT-OPC,2026-03-31,Insufficient data for kpi_006,processed_operational_daily.csv,OPD-HOSP-001-DEPT-OPC-20260331,PEX-KPI-DCF120177644
ISS-kpi_005-008354D7,Info,PROVISIONAL_DENOMINATOR,kpi_005,HOSP-001,DEPT-OPC,2026-04-01,Complaint rate denominator is provisional and pending stakeholder approval,processed_operational_daily.csv,OPD-HOSP-001-DEPT-OPC-20260401,PEX-KPI-DCF120177644
ISS-kpi_005-4D1F8C71,Info,PROVISIONAL_DENOMINATOR,kpi_005,HOSP-001,DEPT-OPC,2026-04-02,Complaint rate denominator is provisional and pending stakeholder approval,processed_operational_daily.csv,OPD-HOSP-001-DEPT-OPC-20260402,PEX-KPI-DCF120177644
ISS-kpi_005-45712FF8,Info,PROVISIONAL_DENOMINATOR,kpi_005,HOSP-001,DEPT-OPC,2026-04-03,Complaint rate denominator is provisional and pending stakeholder approval,processed_operational_daily.csv,OPD-HOSP-001-DEPT-OPC-20260403,PEX-KPI-DCF120177644
ISS-kpi_005-0BB786D4,Info,PROVISIONAL_DENOMINATOR,kpi_005,HOSP-001,DEPT-OPC,2026-04-04,Complaint rate denominator is provisional and pending stakeholder approval,processed_operational_daily.csv,OPD-HOSP-001-DEPT-OPC-20260404,PEX-KPI-DCF120177644
ISS-kpi_005-BA123343,Warning,INSUFFICIENT_DATA,kpi_005,HOSP-001,DEPT-OPC,2026-04-05,Insufficient data for kpi_005,processed_operational_daily.csv,OPD-HOSP-001-DEPT-OPC-20260405,PEX-KPI-DCF120177644
ISS-kpi_006-68227127,Warning,INSUFFICIENT_DATA,kpi_006,HOSP-001,DEPT-OPC,2026-04-05,Insufficient data for kpi_006,processed_operational_daily.csv,OPD-HOSP-001-DEPT-OPC-20260405,PEX-KPI-DCF120177644
ISS-kpi_005-82AF4F0C,Info,PROVISIONAL_DENOMINATOR,kpi_005,HOSP-001,DEPT-OPC,2026-04-06,Complaint rate denominator is provisional and pending stakeholder approval,processed_operational_daily.csv,OPD-HOSP-001-DEPT-OPC-20260406,PEX-KPI-DCF120177644
ISS-kpi_005-A858CBB2,Info,PROVISIONAL_DENOMINATOR,kpi_005,HOSP-001,DEPT-OPC,2026-04-07,Complaint rate denominator is provisional and pending stakeholder approval,processed_operational_daily.csv,OPD-HOSP-001-DEPT-OPC-20260407,PEX-KPI-DCF120177644
ISS-kpi_005-25095263,Info,PROVISIONAL_DENOMINATOR,kpi_005,HOSP-001,DEPT-OPC,2026-04-08,Complaint rate denominator is provisional and pending stakeholder approval,processed_operational_daily.csv,OPD-HOSP-001-DEPT-OPC-20260408,PEX-KPI-DCF120177644
ISS-kpi_005-70DFD22F,Info,PROVISIONAL_DENOMINATOR,kpi_005,HOSP-001,DEPT-OPC,2026-04-09,Complaint rate denominator is provisional and pending stakeholder approval,processed_operational_daily.csv,OPD-HOSP-001-DEPT-OPC-20260409,PEX-KPI-DCF120177644
ISS-kpi_005-0CD6849C,Info,PROVISIONAL_DENOMINATOR,kpi_005,HOSP-001,DEPT-OPC,2026-04-10,Complaint rate denominator is provisional and pending stakeholder approval,processed_operational_daily.csv,OPD-HOSP-001-DEPT-OPC-20260410,PEX-KPI-DCF120177644
ISS-kpi_005-C191DB9F,Info,PROVISIONAL_DENOMINATOR,kpi_005,HOSP-001,DEPT-OPC,2026-04-11,Complaint rate denominator is provisional and pending stakeholder approval,processed_operational_daily.csv,OPD-HOSP-001-DEPT-OPC-20260411,PEX-KPI-DCF120177644
ISS-kpi_005-7DED3F57,Info,PROVISIONAL_DENOMINATOR,kpi_005,HOSP-001,DEPT-OPC,2026-04-12,Complaint rate denominator is provisional and pending stakeholder approval,processed_operational_daily.csv,OPD-HOSP-001-DEPT-OPC-20260412,PEX-KPI-DCF120177644
ISS-kpi_005-9F5314D1,Info,PROVISIONAL_DENOMINATOR,kpi_005,HOSP-001,DEPT-OPC,2026-04-13,Complaint rate denominator is provisional and pending stakeholder approval,processed_operational_daily.csv,OPD-HOSP-001-DEPT-OPC-20260413,PEX-KPI-DCF120177644
ISS-kpi_006-7B311CDB,Warning,ZERO_DENOMINATOR,kpi_006,HOSP-001,DEPT-OPC,2026-04-13,Zero denominator for kpi_006,processed_operational_daily.csv,OPD-HOSP-001-DEPT-OPC-20260413,PEX-KPI-DCF120177644
ISS-kpi_005-6033D2BB,Info,PROVISIONAL_DENOMINATOR,kpi_005,HOSP-001,DEPT-OPC,2026-04-14,Complaint rate denominator is provisional and pending stakeholder approval,processed_operational_daily.csv,OPD-HOSP-001-DEPT-OPC-20260414,PEX-KPI-DCF120177644
ISS-kpi_005-3BC1C31C,Info,PROVISIONAL_DENOMINATOR,kpi_005,HOSP-001,DEPT-OPC,2026-04-15,Complaint rate denominator is provisional and pending stakeholder approval,processed_operational_daily.csv,OPD-HOSP-001-DEPT-OPC-20260415,PEX-KPI-DCF120177644
ISS-kpi_005-2980C072,Info,PROVISIONAL_DENOMINATOR,kpi_005,HOSP-001,DEPT-OPC,2026-04-16,Complaint rate denominator is provisional and pending stakeholder approval,processed_operational_daily.csv,OPD-HOSP-001-DEPT-OPC-20260416,PEX-KPI-DCF120177644
ISS-kpi_006-107F2312,Warning,ZERO_DENOMINATOR,kpi_006,HOSP-001,DEPT-OPC,2026-04-16,Zero denominator for kpi_006,processed_operational_daily.csv,OPD-HOSP-001-DEPT-OPC-20260416,PEX-KPI-DCF120177644
ISS-kpi_005-57F3BE84,Info,PROVISIONAL_DENOMINATOR,kpi_005,HOSP-001,DEPT-OPC,2026-04-17,Complaint rate denominator is provisional and pending stakeholder approval,processed_operational_daily.csv,OPD-HOSP-001-DEPT-OPC-20260417,PEX-KPI-DCF120177644
ISS-kpi_005-73AA8922,Warning,INSUFFICIENT_DATA,kpi_005,HOSP-001,DEPT-OPC,2026-04-18,Insufficient data for kpi_005,processed_operational_daily.csv,OPD-HOSP-001-DEPT-OPC-20260418,PEX-KPI-DCF120177644
ISS-kpi_006-CEF1D0A7,Warning,INSUFFICIENT_DATA,kpi_006,HOSP-001,DEPT-OPC,2026-04-18,Insufficient data for kpi_006,processed_operational_daily.csv,OPD-HOSP-001-DEPT-OPC-20260418,PEX-KPI-DCF120177644
ISS-kpi_005-A1921679,Info,PROVISIONAL_DENOMINATOR,kpi_005,HOSP-001,DEPT-OPC,2026-04-19,Complaint rate denominator is provisional and pending stakeholder approval,processed_operational_daily.csv,OPD-HOSP-001-DEPT-OPC-20260419,PEX-KPI-DCF120177644
ISS-kpi_005-53FD74F7,Info,PROVISIONAL_DENOMINATOR,kpi_005,HOSP-001,DEPT-OPC,2026-04-20,Complaint rate denominator is provisional and pending stakeholder approval,processed_operational_daily.csv,OPD-HOSP-001-DEPT-OPC-20260420,PEX-KPI-DCF120177644
ISS-kpi_005-00165C3B,Info,PROVISIONAL_DENOMINATOR,kpi_005,HOSP-001,DEPT-OPC,2026-04-21,Complaint rate denominator is provisional and pending stakeholder approval,processed_operational_daily.csv,OPD-HOSP-001-DEPT-OPC-20260421,PEX-KPI-DCF120177644
ISS-kpi_006-0309D260,Warning,ZERO_DENOMINATOR,kpi_006,HOSP-001,DEPT-OPC,2026-04-21,Zero denominator for kpi_006,processed_operational_daily.csv,OPD-HOSP-001-DEPT-OPC-20260421,PEX-KPI-DCF120177644
ISS-kpi_005-DC7D6BC9,Info,PROVISIONAL_DENOMINATOR,kpi_005,HOSP-001,DEPT-OPC,2026-04-22,Complaint rate denominator is provisional and pending stakeholder approval,processed_operational_daily.csv,OPD-HOSP-001-DEPT-OPC-20260422,PEX-KPI-DCF120177644
ISS-kpi_005-E35D2781,Warning,INSUFFICIENT_DATA,kpi_005,HOSP-001,DEPT-OPC,2026-04-23,Insufficient data for kpi_005,processed_operational_daily.csv,OPD-HOSP-001-DEPT-OPC-20260423,PEX-KPI-DCF120177644
ISS-kpi_006-AB9A88B5,Warning,INSUFFICIENT_DATA,kpi_006,HOSP-001,DEPT-OPC,2026-04-23,Insufficient data for kpi_006,processed_operational_daily.csv,OPD-HOSP-001-DEPT-OPC-20260423,PEX-KPI-DCF120177644
ISS-kpi_005-EE4D5E0B,Info,PROVISIONAL_DENOMINATOR,kpi_005,HOSP-001,DEPT-OPC,2026-04-24,Complaint rate denominator is provisional and pending stakeholder approval,processed_operational_daily.csv,OPD-HOSP-001-DEPT-OPC-20260424,PEX-KPI-DCF120177644
ISS-kpi_005-A6895828,Info,PROVISIONAL_DENOMINATOR,kpi_005,HOSP-001,DEPT-OPC,2026-04-25,Complaint rate denominator is provisional and pending stakeholder approval,processed_operational_daily.csv,OPD-HOSP-001-DEPT-OPC-20260425,PEX-KPI-DCF120177644
ISS-kpi_005-C52FD8FE,Info,PROVISIONAL_DENOMINATOR,kpi_005,HOSP-001,DEPT-OPC,2026-04-26,Complaint rate denominator is provisional and pending stakeholder approval,processed_operational_daily.csv,OPD-HOSP-001-DEPT-OPC-20260426,PEX-KPI-DCF120177644
ISS-kpi_005-40A6F60D,Info,PROVISIONAL_DENOMINATOR,kpi_005,HOSP-001,DEPT-OPC,2026-04-27,Complaint rate denominator is provisional and pending stakeholder approval,processed_operational_daily.csv,OPD-HOSP-001-DEPT-OPC-20260427,PEX-KPI-DCF120177644
ISS-kpi_005-9BEE0F69,Info,PROVISIONAL_DENOMINATOR,kpi_005,HOSP-001,DEPT-OPC,2026-04-28,Complaint rate denominator is provisional and pending stakeholder approval,processed_operational_daily.csv,OPD-HOSP-001-DEPT-OPC-20260428,PEX-KPI-DCF120177644
ISS-kpi_005-E02C1734,Info,PROVISIONAL_DENOMINATOR,kpi_005,HOSP-001,DEPT-OPC,2026-04-29,Complaint rate denominator is provisional and pending stakeholder approval,processed_operational_daily.csv,OPD-HOSP-001-DEPT-OPC-20260429,PEX-KPI-DCF120177644
ISS-kpi_006-22444969,Warning,ZERO_DENOMINATOR,kpi_006,HOSP-001,DEPT-OPC,2026-04-29,Zero denominator for kpi_006,processed_operational_daily.csv,OPD-HOSP-001-DEPT-OPC-20260429,PEX-KPI-DCF120177644
ISS-kpi_005-A68B86A6,Info,PROVISIONAL_DENOMINATOR,kpi_005,HOSP-001,DEPT-OPC,2026-04-30,Complaint rate denominator is provisional and pending stakeholder approval,processed_operational_daily.csv,OPD-HOSP-001-DEPT-OPC-20260430,PEX-KPI-DCF120177644
ISS-kpi_005-E3E9433F,Info,PROVISIONAL_DENOMINATOR,kpi_005,HOSP-001,DEPT-OPC,2026-05-01,Complaint rate denominator is provisional and pending stakeholder approval,processed_operational_daily.csv,OPD-HOSP-001-DEPT-OPC-20260501,PEX-KPI-DCF120177644
ISS-kpi_005-6814F19E,Info,PROVISIONAL_DENOMINATOR,kpi_005,HOSP-001,DEPT-OPC,2026-05-02,Complaint rate denominator is provisional and pending stakeholder approval,processed_operational_daily.csv,OPD-HOSP-001-DEPT-OPC-20260502,PEX-KPI-DCF120177644
ISS-kpi_005-D72D42FA,Info,PROVISIONAL_DENOMINATOR,kpi_005,HOSP-001,DEPT-OPC,2026-05-03,Complaint rate denominator is provisional and pending stakeholder approval,processed_operational_daily.csv,OPD-HOSP-001-DEPT-OPC-20260503,PEX-KPI-DCF120177644
ISS-kpi_005-FE8051F4,Info,PROVISIONAL_DENOMINATOR,kpi_005,HOSP-001,DEPT-OPC,2026-05-04,Complaint rate denominator is provisional and pending stakeholder approval,processed_operational_daily.csv,OPD-HOSP-001-DEPT-OPC-20260504,PEX-KPI-DCF120177644
ISS-kpi_005-625F6F0F,Info,PROVISIONAL_DENOMINATOR,kpi_005,HOSP-001,DEPT-OPC,2026-05-05,Complaint rate denominator is provisional and pending stakeholder approval,processed_operational_daily.csv,OPD-HOSP-001-DEPT-OPC-20260505,PEX-KPI-DCF120177644
ISS-kpi_005-4D6665ED,Info,PROVISIONAL_DENOMINATOR,kpi_005,HOSP-001,DEPT-OPC,2026-05-06,Complaint rate denominator is provisional and pending stakeholder approval,processed_operational_daily.csv,OPD-HOSP-001-DEPT-OPC-20260506,PEX-KPI-DCF120177644
ISS-kpi_005-690EF9C3,Info,PROVISIONAL_DENOMINATOR,kpi_005,HOSP-001,DEPT-OPC,2026-05-07,Complaint rate denominator is provisional and pending stakeholder approval,processed_operational_daily.csv,OPD-HOSP-001-DEPT-OPC-20260507,PEX-KPI-DCF120177644
ISS-kpi_005-E0C6A75F,Info,PROVISIONAL_DENOMINATOR,kpi_005,HOSP-001,DEPT-OPC,2026-05-08,Complaint rate denominator is provisional and pending stakeholder approval,processed_operational_daily.csv,OPD-HOSP-001-DEPT-OPC-20260508,PEX-KPI-DCF120177644
ISS-kpi_005-23BE58B5,Warning,INSUFFICIENT_DATA,kpi_005,HOSP-001,DEPT-OPC,2026-05-09,Insufficient data for kpi_005,processed_operational_daily.csv,OPD-HOSP-001-DEPT-OPC-20260509,PEX-KPI-DCF120177644
ISS-kpi_006-87234216,Warning,INSUFFICIENT_DATA,kpi_006,HOSP-001,DEPT-OPC,2026-05-09,Insufficient data for kpi_006,processed_operational_daily.csv,OPD-HOSP-001-DEPT-OPC-20260509,PEX-KPI-DCF120177644
ISS-kpi_005-0F7144D7,Info,PROVISIONAL_DENOMINATOR,kpi_005,HOSP-001,DEPT-OPC,2026-05-10,Complaint rate denominator is provisional and pending stakeholder approval,processed_operational_daily.csv,OPD-HOSP-001-DEPT-OPC-20260510,PEX-KPI-DCF120177644
ISS-kpi_005-978F2527,Info,PROVISIONAL_DENOMINATOR,kpi_005,HOSP-001,DEPT-OPC,2026-05-11,Complaint rate denominator is provisional and pending stakeholder approval,processed_operational_daily.csv,OPD-HOSP-001-DEPT-OPC-20260511,PEX-KPI-DCF120177644
ISS-kpi_005-A76190A7,Info,PROVISIONAL_DENOMINATOR,kpi_005,HOSP-001,DEPT-OPC,2026-05-12,Complaint rate denominator is provisional and pending stakeholder approval,processed_operational_daily.csv,OPD-HOSP-001-DEPT-OPC-20260512,PEX-KPI-DCF120177644
ISS-kpi_005-47E4DF28,Info,PROVISIONAL_DENOMINATOR,kpi_005,HOSP-001,DEPT-OPC,2026-05-13,Complaint rate denominator is provisional and pending stakeholder approval,processed_operational_daily.csv,OPD-HOSP-001-DEPT-OPC-20260513,PEX-KPI-DCF120177644
ISS-kpi_005-008F67E7,Info,PROVISIONAL_DENOMINATOR,kpi_005,HOSP-001,DEPT-OPC,2026-05-14,Complaint rate denominator is provisional and pending stakeholder approval,processed_operational_daily.csv,OPD-HOSP-001-DEPT-OPC-20260514,PEX-KPI-DCF120177644
ISS-kpi_005-310D0787,Warning,INSUFFICIENT_DATA,kpi_005,HOSP-001,DEPT-OPC,2026-05-15,Insufficient data for kpi_005,processed_operational_daily.csv,OPD-HOSP-001-DEPT-OPC-20260515,PEX-KPI-DCF120177644
ISS-kpi_006-DCDFE049,Warning,INSUFFICIENT_DATA,kpi_006,HOSP-001,DEPT-OPC,2026-05-15,Insufficient data for kpi_006,processed_operational_daily.csv,OPD-HOSP-001-DEPT-OPC-20260515,PEX-KPI-DCF120177644
ISS-kpi_005-1DABB82B,Info,PROVISIONAL_DENOMINATOR,kpi_005,HOSP-001,DEPT-OPC,2026-05-16,Complaint rate denominator is provisional and pending stakeholder approval,processed_operational_daily.csv,OPD-HOSP-001-DEPT-OPC-20260516,PEX-KPI-DCF120177644
ISS-kpi_005-7FFCC1C0,Info,PROVISIONAL_DENOMINATOR,kpi_005,HOSP-001,DEPT-OPC,2026-05-17,Complaint rate denominator is provisional and pending stakeholder approval,processed_operational_daily.csv,OPD-HOSP-001-DEPT-OPC-20260517,PEX-KPI-DCF120177644
ISS-kpi_005-D09A5C92,Info,PROVISIONAL_DENOMINATOR,kpi_005,HOSP-001,DEPT-OPC,2026-05-18,Complaint rate denominator is provisional and pending stakeholder approval,processed_operational_daily.csv,OPD-HOSP-001-DEPT-OPC-20260518,PEX-KPI-DCF120177644
ISS-kpi_005-96E5B658,Info,PROVISIONAL_DENOMINATOR,kpi_005,HOSP-001,DEPT-OPC,2026-05-19,Complaint rate denominator is provisional and pending stakeholder approval,processed_operational_daily.csv,OPD-HOSP-001-DEPT-OPC-20260519,PEX-KPI-DCF120177644
ISS-kpi_005-4881288C,Info,PROVISIONAL_DENOMINATOR,kpi_005,HOSP-001,DEPT-OPC,2026-05-20,Complaint rate denominator is provisional and pending stakeholder approval,processed_operational_daily.csv,OPD-HOSP-001-DEPT-OPC-20260520,PEX-KPI-DCF120177644
ISS-kpi_005-57033E20,Info,PROVISIONAL_DENOMINATOR,kpi_005,HOSP-001,DEPT-OPC,2026-05-21,Complaint rate denominator is provisional and pending stakeholder approval,processed_operational_daily.csv,OPD-HOSP-001-DEPT-OPC-20260521,PEX-KPI-DCF120177644
ISS-kpi_005-74711F5C,Info,PROVISIONAL_DENOMINATOR,kpi_005,HOSP-001,DEPT-OPC,2026-05-22,Complaint rate denominator is provisional and pending stakeholder approval,processed_operational_daily.csv,OPD-HOSP-001-DEPT-OPC-20260522,PEX-KPI-DCF120177644
ISS-kpi_005-E730F27B,Info,PROVISIONAL_DENOMINATOR,kpi_005,HOSP-001,DEPT-OPC,2026-05-23,Complaint rate denominator is provisional and pending stakeholder approval,processed_operational_daily.csv,OPD-HOSP-001-DEPT-OPC-20260523,PEX-KPI-DCF120177644
ISS-kpi_005-362973AB,Info,PROVISIONAL_DENOMINATOR,kpi_005,HOSP-001,DEPT-OPC,2026-05-24,Complaint rate denominator is provisional and pending stakeholder approval,processed_operational_daily.csv,OPD-HOSP-001-DEPT-OPC-20260524,PEX-KPI-DCF120177644
ISS-kpi_005-E7F83192,Warning,INSUFFICIENT_DATA,kpi_005,HOSP-001,DEPT-OPC,2026-05-25,Insufficient data for kpi_005,processed_operational_daily.csv,OPD-HOSP-001-DEPT-OPC-20260525,PEX-KPI-DCF120177644
ISS-kpi_006-F1D66BCD,Warning,INSUFFICIENT_DATA,kpi_006,HOSP-001,DEPT-OPC,2026-05-25,Insufficient data for kpi_006,processed_operational_daily.csv,OPD-HOSP-001-DEPT-OPC-20260525,PEX-KPI-DCF120177644
ISS-kpi_005-2F8897C1,Info,PROVISIONAL_DENOMINATOR,kpi_005,HOSP-001,DEPT-OPC,2026-05-26,Complaint rate denominator is provisional and pending stakeholder approval,processed_operational_daily.csv,OPD-HOSP-001-DEPT-OPC-20260526,PEX-KPI-DCF120177644
ISS-kpi_005-F8329E22,Info,PROVISIONAL_DENOMINATOR,kpi_005,HOSP-001,DEPT-OPC,2026-05-27,Complaint rate denominator is provisional and pending stakeholder approval,processed_operational_daily.csv,OPD-HOSP-001-DEPT-OPC-20260527,PEX-KPI-DCF120177644
ISS-kpi_005-AB67319E,Info,PROVISIONAL_DENOMINATOR,kpi_005,HOSP-001,DEPT-OPC,2026-05-28,Complaint rate denominator is provisional and pending stakeholder approval,processed_operational_daily.csv,OPD-HOSP-001-DEPT-OPC-20260528,PEX-KPI-DCF120177644
ISS-kpi_005-734659D6,Info,PROVISIONAL_DENOMINATOR,kpi_005,HOSP-001,DEPT-OPC,2026-05-29,Complaint rate denominator is provisional and pending stakeholder approval,processed_operational_daily.csv,OPD-HOSP-001-DEPT-OPC-20260529,PEX-KPI-DCF120177644
ISS-kpi_006-504B6959,Warning,ZERO_DENOMINATOR,kpi_006,HOSP-001,DEPT-OPC,2026-05-29,Zero denominator for kpi_006,processed_operational_daily.csv,OPD-HOSP-001-DEPT-OPC-20260529,PEX-KPI-DCF120177644
ISS-kpi_005-17208FA4,Info,PROVISIONAL_DENOMINATOR,kpi_005,HOSP-001,DEPT-OPC,2026-05-30,Complaint rate denominator is provisional and pending stakeholder approval,processed_operational_daily.csv,OPD-HOSP-001-DEPT-OPC-20260530,PEX-KPI-DCF120177644
ISS-kpi_005-D33B45F3,Info,PROVISIONAL_DENOMINATOR,kpi_005,HOSP-001,DEPT-OPC,2026-05-31,Complaint rate denominator is provisional and pending stakeholder approval,processed_operational_daily.csv,OPD-HOSP-001-DEPT-OPC-20260531,PEX-KPI-DCF120177644
ISS-kpi_005-2CB13D2B,Info,PROVISIONAL_DENOMINATOR,kpi_005,HOSP-001,DEPT-OPC,2026-06-01,Complaint rate denominator is provisional and pending stakeholder approval,processed_operational_daily.csv,OPD-HOSP-001-DEPT-OPC-20260601,PEX-KPI-DCF120177644
ISS-kpi_005-C2789BCC,Info,PROVISIONAL_DENOMINATOR,kpi_005,HOSP-001,DEPT-OPC,2026-06-02,Complaint rate denominator is provisional and pending stakeholder approval,processed_operational_daily.csv,OPD-HOSP-001-DEPT-OPC-20260602,PEX-KPI-DCF120177644
ISS-kpi_006-72469353,Warning,ZERO_DENOMINATOR,kpi_006,HOSP-001,DEPT-OPC,2026-06-02,Zero denominator for kpi_006,processed_operational_daily.csv,OPD-HOSP-001-DEPT-OPC-20260602,PEX-KPI-DCF120177644
ISS-kpi_005-BA7E3231,Warning,INSUFFICIENT_DATA,kpi_005,HOSP-001,DEPT-OPC,2026-06-03,Insufficient data for kpi_005,processed_operational_daily.csv,OPD-HOSP-001-DEPT-OPC-20260603,PEX-KPI-DCF120177644
ISS-kpi_006-5A222928,Warning,INSUFFICIENT_DATA,kpi_006,HOSP-001,DEPT-OPC,2026-06-03,Insufficient data for kpi_006,processed_operational_daily.csv,OPD-HOSP-001-DEPT-OPC-20260603,PEX-KPI-DCF120177644
ISS-kpi_005-D9CF28D8,Info,PROVISIONAL_DENOMINATOR,kpi_005,HOSP-001,DEPT-OPC,2026-06-04,Complaint rate denominator is provisional and pending stakeholder approval,processed_operational_daily.csv,OPD-HOSP-001-DEPT-OPC-20260604,PEX-KPI-DCF120177644
ISS-kpi_005-BA11ED05,Info,PROVISIONAL_DENOMINATOR,kpi_005,HOSP-001,DEPT-OPC,2026-06-05,Complaint rate denominator is provisional and pending stakeholder approval,processed_operational_daily.csv,OPD-HOSP-001-DEPT-OPC-20260605,PEX-KPI-DCF120177644
ISS-kpi_005-C7B878D5,Info,PROVISIONAL_DENOMINATOR,kpi_005,HOSP-001,DEPT-OPC,2026-06-06,Complaint rate denominator is provisional and pending stakeholder approval,processed_operational_daily.csv,OPD-HOSP-001-DEPT-OPC-20260606,PEX-KPI-DCF120177644
ISS-kpi_005-54AEBC8C,Info,PROVISIONAL_DENOMINATOR,kpi_005,HOSP-001,DEPT-OPC,2026-06-07,Complaint rate denominator is provisional and pending stakeholder approval,processed_operational_daily.csv,OPD-HOSP-001-DEPT-OPC-20260607,PEX-KPI-DCF120177644
ISS-kpi_005-DDC9D929,Info,PROVISIONAL_DENOMINATOR,kpi_005,HOSP-001,DEPT-OPC,2026-06-08,Complaint rate denominator is provisional and pending stakeholder approval,processed_operational_daily.csv,OPD-HOSP-001-DEPT-OPC-20260608,PEX-KPI-DCF120177644
ISS-kpi_005-AE5CC545,Info,PROVISIONAL_DENOMINATOR,kpi_005,HOSP-001,DEPT-OPC,2026-06-09,Complaint rate denominator is provisional and pending stakeholder approval,processed_operational_daily.csv,OPD-HOSP-001-DEPT-OPC-20260609,PEX-KPI-DCF120177644
ISS-kpi_005-1FCA7539,Info,PROVISIONAL_DENOMINATOR,kpi_005,HOSP-001,DEPT-OPC,2026-06-10,Complaint rate denominator is provisional and pending stakeholder approval,processed_operational_daily.csv,OPD-HOSP-001-DEPT-OPC-20260610,PEX-KPI-DCF120177644
ISS-kpi_005-BB6BD877,Info,PROVISIONAL_DENOMINATOR,kpi_005,HOSP-001,DEPT-OPC,2026-06-11,Complaint rate denominator is provisional and pending stakeholder approval,processed_operational_daily.csv,OPD-HOSP-001-DEPT-OPC-20260611,PEX-KPI-DCF120177644
ISS-kpi_005-A5CB4DD8,Info,PROVISIONAL_DENOMINATOR,kpi_005,HOSP-001,DEPT-OPC,2026-06-12,Complaint rate denominator is provisional and pending stakeholder approval,processed_operational_daily.csv,OPD-HOSP-001-DEPT-OPC-20260612,PEX-KPI-DCF120177644
ISS-kpi_005-8467331D,Info,PROVISIONAL_DENOMINATOR,kpi_005,HOSP-001,DEPT-OPC,2026-06-13,Complaint rate denominator is provisional and pending stakeholder approval,processed_operational_daily.csv,OPD-HOSP-001-DEPT-OPC-20260613,PEX-KPI-DCF120177644
ISS-kpi_006-96BEF0A8,Warning,ZERO_DENOMINATOR,kpi_006,HOSP-001,DEPT-OPC,2026-06-13,Zero denominator for kpi_006,processed_operational_daily.csv,OPD-HOSP-001-DEPT-OPC-20260613,PEX-KPI-DCF120177644
ISS-kpi_005-CC56836A,Info,PROVISIONAL_DENOMINATOR,kpi_005,HOSP-001,DEPT-OPC,2026-06-14,Complaint rate denominator is provisional and pending stakeholder approval,processed_operational_daily.csv,OPD-HOSP-001-DEPT-OPC-20260614,PEX-KPI-DCF120177644
ISS-kpi_005-8DCAE37A,Info,PROVISIONAL_DENOMINATOR,kpi_005,HOSP-001,DEPT-OPC,2026-06-15,Complaint rate denominator is provisional and pending stakeholder approval,processed_operational_daily.csv,OPD-HOSP-001-DEPT-OPC-20260615,PEX-KPI-DCF120177644
ISS-kpi_005-BC8C0AA7,Info,PROVISIONAL_DENOMINATOR,kpi_005,HOSP-001,DEPT-OPC,2026-06-16,Complaint rate denominator is provisional and pending stakeholder approval,processed_operational_daily.csv,OPD-HOSP-001-DEPT-OPC-20260616,PEX-KPI-DCF120177644
ISS-kpi_005-20D737AE,Warning,INSUFFICIENT_DATA,kpi_005,HOSP-001,DEPT-OPC,2026-06-17,Insufficient data for kpi_005,processed_operational_daily.csv,OPD-HOSP-001-DEPT-OPC-20260617,PEX-KPI-DCF120177644
ISS-kpi_006-CE5E14AC,Warning,INSUFFICIENT_DATA,kpi_006,HOSP-001,DEPT-OPC,2026-06-17,Insufficient data for kpi_006,processed_operational_daily.csv,OPD-HOSP-001-DEPT-OPC-20260617,PEX-KPI-DCF120177644
ISS-kpi_005-8446F2DD,Info,PROVISIONAL_DENOMINATOR,kpi_005,HOSP-001,DEPT-OPC,2026-06-18,Complaint rate denominator is provisional and pending stakeholder approval,processed_operational_daily.csv,OPD-HOSP-001-DEPT-OPC-20260618,PEX-KPI-DCF120177644
ISS-kpi_005-5ABD96E5,Info,PROVISIONAL_DENOMINATOR,kpi_005,HOSP-001,DEPT-OPC,2026-06-19,Complaint rate denominator is provisional and pending stakeholder approval,processed_operational_daily.csv,OPD-HOSP-001-DEPT-OPC-20260619,PEX-KPI-DCF120177644
ISS-kpi_005-B203AF59,Info,PROVISIONAL_DENOMINATOR,kpi_005,HOSP-001,DEPT-OPC,2026-06-20,Complaint rate denominator is provisional and pending stakeholder approval,processed_operational_daily.csv,OPD-HOSP-001-DEPT-OPC-20260620,PEX-KPI-DCF120177644
ISS-kpi_006-9596D168,Warning,ZERO_DENOMINATOR,kpi_006,HOSP-001,DEPT-OPC,2026-06-20,Zero denominator for kpi_006,processed_operational_daily.csv,OPD-HOSP-001-DEPT-OPC-20260620,PEX-KPI-DCF120177644
ISS-kpi_005-67B793E7,Info,PROVISIONAL_DENOMINATOR,kpi_005,HOSP-001,DEPT-OPC,2026-06-21,Complaint rate denominator is provisional and pending stakeholder approval,processed_operational_daily.csv,OPD-HOSP-001-DEPT-OPC-20260621,PEX-KPI-DCF120177644
ISS-kpi_005-668114C8,Info,PROVISIONAL_DENOMINATOR,kpi_005,HOSP-001,DEPT-OPC,2026-06-22,Complaint rate denominator is provisional and pending stakeholder approval,processed_operational_daily.csv,OPD-HOSP-001-DEPT-OPC-20260622,PEX-KPI-DCF120177644
ISS-kpi_005-9D88B247,Info,PROVISIONAL_DENOMINATOR,kpi_005,HOSP-001,DEPT-OPC,2026-06-23,Complaint rate denominator is provisional and pending stakeholder approval,processed_operational_daily.csv,OPD-HOSP-001-DEPT-OPC-20260623,PEX-KPI-DCF120177644
ISS-kpi_005-72524213,Info,PROVISIONAL_DENOMINATOR,kpi_005,HOSP-001,DEPT-OPC,2026-06-24,Complaint rate denominator is provisional and pending stakeholder approval,processed_operational_daily.csv,OPD-HOSP-001-DEPT-OPC-20260624,PEX-KPI-DCF120177644
ISS-kpi_005-2CD0BAB9,Info,PROVISIONAL_DENOMINATOR,kpi_005,HOSP-001,DEPT-OPC,2026-06-25,Complaint rate denominator is provisional and pending stakeholder approval,processed_operational_daily.csv,OPD-HOSP-001-DEPT-OPC-20260625,PEX-KPI-DCF120177644
ISS-kpi_005-20C0A8AD,Info,PROVISIONAL_DENOMINATOR,kpi_005,HOSP-001,DEPT-OPC,2026-06-26,Complaint rate denominator is provisional and pending stakeholder approval,processed_operational_daily.csv,OPD-HOSP-001-DEPT-OPC-20260626,PEX-KPI-DCF120177644
ISS-kpi_005-10AD77B7,Info,PROVISIONAL_DENOMINATOR,kpi_005,HOSP-001,DEPT-OPC,2026-06-27,Complaint rate denominator is provisional and pending stakeholder approval,processed_operational_daily.csv,OPD-HOSP-001-DEPT-OPC-20260627,PEX-KPI-DCF120177644
ISS-kpi_005-7E8699EC,Info,PROVISIONAL_DENOMINATOR,kpi_005,HOSP-001,DEPT-OPC,2026-06-28,Complaint rate denominator is provisional and pending stakeholder approval,processed_operational_daily.csv,OPD-HOSP-001-DEPT-OPC-20260628,PEX-KPI-DCF120177644
ISS-kpi_005-BBB86C2A,Info,PROVISIONAL_DENOMINATOR,kpi_005,HOSP-001,DEPT-OPC,2026-06-29,Complaint rate denominator is provisional and pending stakeholder approval,processed_operational_daily.csv,OPD-HOSP-001-DEPT-OPC-20260629,PEX-KPI-DCF120177644
ISS-kpi_005-A8CFCE1E,Info,PROVISIONAL_DENOMINATOR,kpi_005,HOSP-001,DEPT-OPC,2026-06-30,Complaint rate denominator is provisional and pending stakeholder approval,processed_operational_daily.csv,OPD-HOSP-001-DEPT-OPC-20260630,PEX-KPI-DCF120177644
ISS-kpi_005-8FE4E0A0,Info,PROVISIONAL_DENOMINATOR,kpi_005,HOSP-001,DEPT-OPC,2026-07-01,Complaint rate denominator is provisional and pending stakeholder approval,processed_operational_daily.csv,OPD-HOSP-001-DEPT-OPC-20260701,PEX-KPI-DCF120177644
ISS-kpi_005-29C2C5F4,Info,PROVISIONAL_DENOMINATOR,kpi_005,HOSP-001,DEPT-OPC,2026-07-02,Complaint rate denominator is provisional and pending stakeholder approval,processed_operational_daily.csv,OPD-HOSP-001-DEPT-OPC-20260702,PEX-KPI-DCF120177644
ISS-kpi_005-F33437E5,Info,PROVISIONAL_DENOMINATOR,kpi_005,HOSP-001,DEPT-OPC,2026-07-03,Complaint rate denominator is provisional and pending stakeholder approval,processed_operational_daily.csv,OPD-HOSP-001-DEPT-OPC-20260703,PEX-KPI-DCF120177644
ISS-kpi_005-15009E9E,Info,PROVISIONAL_DENOMINATOR,kpi_005,HOSP-001,DEPT-OPC,2026-07-04,Complaint rate denominator is provisional and pending stakeholder approval,processed_operational_daily.csv,OPD-HOSP-001-DEPT-OPC-20260704,PEX-KPI-DCF120177644
ISS-kpi_005-383B10A4,Info,PROVISIONAL_DENOMINATOR,kpi_005,HOSP-001,DEPT-OPC,2026-07-05,Complaint rate denominator is provisional and pending stakeholder approval,processed_operational_daily.csv,OPD-HOSP-001-DEPT-OPC-20260705,PEX-KPI-DCF120177644
ISS-kpi_005-47AC4DF4,Info,PROVISIONAL_DENOMINATOR,kpi_005,HOSP-001,DEPT-OPC,2026-07-06,Complaint rate denominator is provisional and pending stakeholder approval,processed_operational_daily.csv,OPD-HOSP-001-DEPT-OPC-20260706,PEX-KPI-DCF120177644
ISS-kpi_005-6773D46E,Info,PROVISIONAL_DENOMINATOR,kpi_005,HOSP-001,DEPT-OPC,2026-07-07,Complaint rate denominator is provisional and pending stakeholder approval,processed_operational_daily.csv,OPD-HOSP-001-DEPT-OPC-20260707,PEX-KPI-DCF120177644
ISS-kpi_005-93E14192,Info,PROVISIONAL_DENOMINATOR,kpi_005,HOSP-001,DEPT-OPC,2026-07-08,Complaint rate denominator is provisional and pending stakeholder approval,processed_operational_daily.csv,OPD-HOSP-001-DEPT-OPC-20260708,PEX-KPI-DCF120177644
ISS-kpi_005-3E55280D,Info,PROVISIONAL_DENOMINATOR,kpi_005,HOSP-001,DEPT-OPC,2026-07-09,Complaint rate denominator is provisional and pending stakeholder approval,processed_operational_daily.csv,OPD-HOSP-001-DEPT-OPC-20260709,PEX-KPI-DCF120177644
ISS-kpi_005-4A3A0EE1,Warning,INSUFFICIENT_DATA,kpi_005,HOSP-001,DEPT-OPC,2026-07-10,Insufficient data for kpi_005,processed_operational_daily.csv,OPD-HOSP-001-DEPT-OPC-20260710,PEX-KPI-DCF120177644
ISS-kpi_006-4F7D4E4D,Warning,INSUFFICIENT_DATA,kpi_006,HOSP-001,DEPT-OPC,2026-07-10,Insufficient data for kpi_006,processed_operational_daily.csv,OPD-HOSP-001-DEPT-OPC-20260710,PEX-KPI-DCF120177644
ISS-kpi_005-184206D0,Info,PROVISIONAL_DENOMINATOR,kpi_005,HOSP-001,DEPT-OPC,2026-07-11,Complaint rate denominator is provisional and pending stakeholder approval,processed_operational_daily.csv,OPD-HOSP-001-DEPT-OPC-20260711,PEX-KPI-DCF120177644
ISS-kpi_005-7D0A242B,Info,PROVISIONAL_DENOMINATOR,kpi_005,HOSP-001,DEPT-OPC,2026-07-12,Complaint rate denominator is provisional and pending stakeholder approval,processed_operational_daily.csv,OPD-HOSP-001-DEPT-OPC-20260712,PEX-KPI-DCF120177644
ISS-kpi_005-3E3337F1,Info,PROVISIONAL_DENOMINATOR,kpi_005,HOSP-001,DEPT-OPC,2026-07-13,Complaint rate denominator is provisional and pending stakeholder approval,processed_operational_daily.csv,OPD-HOSP-001-DEPT-OPC-20260713,PEX-KPI-DCF120177644
ISS-kpi_005-43836113,Info,PROVISIONAL_DENOMINATOR,kpi_005,HOSP-001,DEPT-OPC,2026-07-14,Complaint rate denominator is provisional and pending stakeholder approval,processed_operational_daily.csv,OPD-HOSP-001-DEPT-OPC-20260714,PEX-KPI-DCF120177644
ISS-kpi_005-301C97ED,Info,PROVISIONAL_DENOMINATOR,kpi_005,HOSP-001,DEPT-OPC,2026-07-15,Complaint rate denominator is provisional and pending stakeholder approval,processed_operational_daily.csv,OPD-HOSP-001-DEPT-OPC-20260715,PEX-KPI-DCF120177644
ISS-kpi_005-175621F1,Info,PROVISIONAL_DENOMINATOR,kpi_005,HOSP-001,DEPT-OPC,2026-07-16,Complaint rate denominator is provisional and pending stakeholder approval,processed_operational_daily.csv,OPD-HOSP-001-DEPT-OPC-20260716,PEX-KPI-DCF120177644
ISS-kpi_005-9B448DC1,Info,PROVISIONAL_DENOMINATOR,kpi_005,HOSP-001,DEPT-OPC,2026-07-17,Complaint rate denominator is provisional and pending stakeholder approval,processed_operational_daily.csv,OPD-HOSP-001-DEPT-OPC-20260717,PEX-KPI-DCF120177644
ISS-kpi_005-EE3F9A7D,Warning,INSUFFICIENT_DATA,kpi_005,HOSP-001,DEPT-OPC,2026-07-18,Insufficient data for kpi_005,processed_operational_daily.csv,OPD-HOSP-001-DEPT-OPC-20260718,PEX-KPI-DCF120177644
ISS-kpi_006-C78ACE46,Warning,INSUFFICIENT_DATA,kpi_006,HOSP-001,DEPT-OPC,2026-07-18,Insufficient data for kpi_006,processed_operational_daily.csv,OPD-HOSP-001-DEPT-OPC-20260718,PEX-KPI-DCF120177644
ISS-kpi_005-86D3CA7D,Info,PROVISIONAL_DENOMINATOR,kpi_005,HOSP-001,DEPT-OPC,2026-07-19,Complaint rate denominator is provisional and pending stakeholder approval,processed_operational_daily.csv,OPD-HOSP-001-DEPT-OPC-20260719,PEX-KPI-DCF120177644
ISS-kpi_005-1DE69732,Info,PROVISIONAL_DENOMINATOR,kpi_005,HOSP-001,DEPT-OPC,2026-07-20,Complaint rate denominator is provisional and pending stakeholder approval,processed_operational_daily.csv,OPD-HOSP-001-DEPT-OPC-20260720,PEX-KPI-DCF120177644
ISS-kpi_005-C434AA4B,Info,PROVISIONAL_DENOMINATOR,kpi_005,HOSP-001,DEPT-OPC,2026-07-21,Complaint rate denominator is provisional and pending stakeholder approval,processed_operational_daily.csv,OPD-HOSP-001-DEPT-OPC-20260721,PEX-KPI-DCF120177644
ISS-kpi_006-74346A34,Warning,ZERO_DENOMINATOR,kpi_006,HOSP-001,DEPT-OPC,2026-07-21,Zero denominator for kpi_006,processed_operational_daily.csv,OPD-HOSP-001-DEPT-OPC-20260721,PEX-KPI-DCF120177644
ISS-kpi_005-8BE9939B,Info,PROVISIONAL_DENOMINATOR,kpi_005,HOSP-001,DEPT-OPC,2026-07-22,Complaint rate denominator is provisional and pending stakeholder approval,processed_operational_daily.csv,OPD-HOSP-001-DEPT-OPC-20260722,PEX-KPI-DCF120177644
ISS-kpi_005-1FDC5328,Info,PROVISIONAL_DENOMINATOR,kpi_005,HOSP-001,DEPT-OPC,2026-07-23,Complaint rate denominator is provisional and pending stakeholder approval,processed_operational_daily.csv,OPD-HOSP-001-DEPT-OPC-20260723,PEX-KPI-DCF120177644
ISS-kpi_005-BCDCCE42,Info,PROVISIONAL_DENOMINATOR,kpi_005,HOSP-001,DEPT-OPC,2026-07-24,Complaint rate denominator is provisional and pending stakeholder approval,processed_operational_daily.csv,OPD-HOSP-001-DEPT-OPC-20260724,PEX-KPI-DCF120177644
ISS-kpi_005-F918E256,Info,PROVISIONAL_DENOMINATOR,kpi_005,HOSP-001,DEPT-OPC,2026-07-25,Complaint rate denominator is provisional and pending stakeholder approval,processed_operational_daily.csv,OPD-HOSP-001-DEPT-OPC-20260725,PEX-KPI-DCF120177644
ISS-kpi_005-C0934F35,Info,PROVISIONAL_DENOMINATOR,kpi_005,HOSP-001,DEPT-OPC,2026-07-26,Complaint rate denominator is provisional and pending stakeholder approval,processed_operational_daily.csv,OPD-HOSP-001-DEPT-OPC-20260726,PEX-KPI-DCF120177644
ISS-kpi_005-DB50A0BF,Info,PROVISIONAL_DENOMINATOR,kpi_005,HOSP-001,DEPT-OPC,2026-07-27,Complaint rate denominator is provisional and pending stakeholder approval,processed_operational_daily.csv,OPD-HOSP-001-DEPT-OPC-20260727,PEX-KPI-DCF120177644
ISS-kpi_006-603090BA,Warning,ZERO_DENOMINATOR,kpi_006,HOSP-001,DEPT-OPC,2026-07-27,Zero denominator for kpi_006,processed_operational_daily.csv,OPD-HOSP-001-DEPT-OPC-20260727,PEX-KPI-DCF120177644
ISS-kpi_005-B192027E,Info,PROVISIONAL_DENOMINATOR,kpi_005,HOSP-001,DEPT-OPC,2026-07-28,Complaint rate denominator is provisional and pending stakeholder approval,processed_operational_daily.csv,OPD-HOSP-001-DEPT-OPC-20260728,PEX-KPI-DCF120177644
ISS-kpi_006-20785C98,Warning,ZERO_DENOMINATOR,kpi_006,HOSP-001,DEPT-OPC,2026-07-28,Zero denominator for kpi_006,processed_operational_daily.csv,OPD-HOSP-001-DEPT-OPC-20260728,PEX-KPI-DCF120177644
ISS-kpi_005-914F9E6B,Info,PROVISIONAL_DENOMINATOR,kpi_005,HOSP-001,DEPT-OPC,2026-07-29,Complaint rate denominator is provisional and pending stakeholder approval,processed_operational_daily.csv,OPD-HOSP-001-DEPT-OPC-20260729,PEX-KPI-DCF120177644
ISS-kpi_005-3636FBC8,Info,PROVISIONAL_DENOMINATOR,kpi_005,HOSP-001,DEPT-OPC,2026-07-30,Complaint rate denominator is provisional and pending stakeholder approval,processed_operational_daily.csv,OPD-HOSP-001-DEPT-OPC-20260730,PEX-KPI-DCF120177644
ISS-kpi_005-900FCCA4,Info,PROVISIONAL_DENOMINATOR,kpi_005,HOSP-001,DEPT-OPC,2026-07-31,Complaint rate denominator is provisional and pending stakeholder approval,processed_operational_daily.csv,OPD-HOSP-001-DEPT-OPC-20260731,PEX-KPI-DCF120177644
ISS-kpi_005-18A271A7,Info,PROVISIONAL_DENOMINATOR,kpi_005,HOSP-001,DEPT-OPC,2026-08-01,Complaint rate denominator is provisional and pending stakeholder approval,processed_operational_daily.csv,OPD-HOSP-001-DEPT-OPC-20260801,PEX-KPI-DCF120177644
ISS-kpi_005-078FD66A,Info,PROVISIONAL_DENOMINATOR,kpi_005,HOSP-001,DEPT-OPC,2026-08-02,Complaint rate denominator is provisional and pending stakeholder approval,processed_operational_daily.csv,OPD-HOSP-001-DEPT-OPC-20260802,PEX-KPI-DCF120177644
ISS-kpi_005-2506D057,Info,PROVISIONAL_DENOMINATOR,kpi_005,HOSP-001,DEPT-OPC,2026-08-03,Complaint rate denominator is provisional and pending stakeholder approval,processed_operational_daily.csv,OPD-HOSP-001-DEPT-OPC-20260803,PEX-KPI-DCF120177644
ISS-kpi_005-6D3DCBF8,Info,PROVISIONAL_DENOMINATOR,kpi_005,HOSP-001,DEPT-OPC,2026-08-04,Complaint rate denominator is provisional and pending stakeholder approval,processed_operational_daily.csv,OPD-HOSP-001-DEPT-OPC-20260804,PEX-KPI-DCF120177644
ISS-kpi_005-9C5D9C5C,Info,PROVISIONAL_DENOMINATOR,kpi_005,HOSP-001,DEPT-OPC,2026-08-05,Complaint rate denominator is provisional and pending stakeholder approval,processed_operational_daily.csv,OPD-HOSP-001-DEPT-OPC-20260805,PEX-KPI-DCF120177644
ISS-kpi_005-3DCAC8F4,Info,PROVISIONAL_DENOMINATOR,kpi_005,HOSP-001,DEPT-OPC,2026-08-06,Complaint rate denominator is provisional and pending stakeholder approval,processed_operational_daily.csv,OPD-HOSP-001-DEPT-OPC-20260806,PEX-KPI-DCF120177644
ISS-kpi_005-86195BED,Info,PROVISIONAL_DENOMINATOR,kpi_005,HOSP-001,DEPT-OPC,2026-08-07,Complaint rate denominator is provisional and pending stakeholder approval,processed_operational_daily.csv,OPD-HOSP-001-DEPT-OPC-20260807,PEX-KPI-DCF120177644
ISS-kpi_005-6DD09947,Info,PROVISIONAL_DENOMINATOR,kpi_005,HOSP-001,DEPT-OPC,2026-08-08,Complaint rate denominator is provisional and pending stakeholder approval,processed_operational_daily.csv,OPD-HOSP-001-DEPT-OPC-20260808,PEX-KPI-DCF120177644
ISS-kpi_005-C15C0B35,Info,PROVISIONAL_DENOMINATOR,kpi_005,HOSP-001,DEPT-OPC,2026-08-09,Complaint rate denominator is provisional and pending stakeholder approval,processed_operational_daily.csv,OPD-HOSP-001-DEPT-OPC-20260809,PEX-KPI-DCF120177644
ISS-kpi_005-963F6301,Info,PROVISIONAL_DENOMINATOR,kpi_005,HOSP-001,DEPT-OPC,2026-08-10,Complaint rate denominator is provisional and pending stakeholder approval,processed_operational_daily.csv,OPD-HOSP-001-DEPT-OPC-20260810,PEX-KPI-DCF120177644
ISS-kpi_005-3A6B7719,Info,PROVISIONAL_DENOMINATOR,kpi_005,HOSP-001,DEPT-OPC,2026-08-11,Complaint rate denominator is provisional and pending stakeholder approval,processed_operational_daily.csv,OPD-HOSP-001-DEPT-OPC-20260811,PEX-KPI-DCF120177644
ISS-kpi_005-536538E8,Warning,INSUFFICIENT_DATA,kpi_005,HOSP-001,DEPT-OPC,2026-08-12,Insufficient data for kpi_005,processed_operational_daily.csv,OPD-HOSP-001-DEPT-OPC-20260812,PEX-KPI-DCF120177644
ISS-kpi_006-A969DE53,Warning,INSUFFICIENT_DATA,kpi_006,HOSP-001,DEPT-OPC,2026-08-12,Insufficient data for kpi_006,processed_operational_daily.csv,OPD-HOSP-001-DEPT-OPC-20260812,PEX-KPI-DCF120177644
ISS-kpi_005-F5251000,Info,PROVISIONAL_DENOMINATOR,kpi_005,HOSP-001,DEPT-OPC,2026-08-13,Complaint rate denominator is provisional and pending stakeholder approval,processed_operational_daily.csv,OPD-HOSP-001-DEPT-OPC-20260813,PEX-KPI-DCF120177644
ISS-kpi_005-87267031,Info,PROVISIONAL_DENOMINATOR,kpi_005,HOSP-001,DEPT-OPC,2026-08-14,Complaint rate denominator is provisional and pending stakeholder approval,processed_operational_daily.csv,OPD-HOSP-001-DEPT-OPC-20260814,PEX-KPI-DCF120177644
ISS-kpi_005-4C8D7F88,Info,PROVISIONAL_DENOMINATOR,kpi_005,HOSP-001,DEPT-OPC,2026-08-15,Complaint rate denominator is provisional and pending stakeholder approval,processed_operational_daily.csv,OPD-HOSP-001-DEPT-OPC-20260815,PEX-KPI-DCF120177644
ISS-kpi_005-ABC7DB4B,Info,PROVISIONAL_DENOMINATOR,kpi_005,HOSP-001,DEPT-OPC,2026-08-16,Complaint rate denominator is provisional and pending stakeholder approval,processed_operational_daily.csv,OPD-HOSP-001-DEPT-OPC-20260816,PEX-KPI-DCF120177644
ISS-kpi_005-235DFAC2,Warning,INSUFFICIENT_DATA,kpi_005,HOSP-001,DEPT-OPC,2026-08-17,Insufficient data for kpi_005,processed_operational_daily.csv,OPD-HOSP-001-DEPT-OPC-20260817,PEX-KPI-DCF120177644
ISS-kpi_006-94F9490B,Warning,INSUFFICIENT_DATA,kpi_006,HOSP-001,DEPT-OPC,2026-08-17,Insufficient data for kpi_006,processed_operational_daily.csv,OPD-HOSP-001-DEPT-OPC-20260817,PEX-KPI-DCF120177644
ISS-kpi_005-B74118BB,Info,PROVISIONAL_DENOMINATOR,kpi_005,HOSP-001,DEPT-OPC,2026-08-18,Complaint rate denominator is provisional and pending stakeholder approval,processed_operational_daily.csv,OPD-HOSP-001-DEPT-OPC-20260818,PEX-KPI-DCF120177644
ISS-kpi_005-5EC893A7,Info,PROVISIONAL_DENOMINATOR,kpi_005,HOSP-001,DEPT-OPC,2026-08-19,Complaint rate denominator is provisional and pending stakeholder approval,processed_operational_daily.csv,OPD-HOSP-001-DEPT-OPC-20260819,PEX-KPI-DCF120177644
ISS-kpi_005-7BB0FADB,Info,PROVISIONAL_DENOMINATOR,kpi_005,HOSP-001,DEPT-OPC,2026-08-20,Complaint rate denominator is provisional and pending stakeholder approval,processed_operational_daily.csv,OPD-HOSP-001-DEPT-OPC-20260820,PEX-KPI-DCF120177644
ISS-kpi_005-CC47937C,Info,PROVISIONAL_DENOMINATOR,kpi_005,HOSP-001,DEPT-OPC,2026-08-21,Complaint rate denominator is provisional and pending stakeholder approval,processed_operational_daily.csv,OPD-HOSP-001-DEPT-OPC-20260821,PEX-KPI-DCF120177644
ISS-kpi_005-4AB562FF,Info,PROVISIONAL_DENOMINATOR,kpi_005,HOSP-001,DEPT-OPC,2026-08-22,Complaint rate denominator is provisional and pending stakeholder approval,processed_operational_daily.csv,OPD-HOSP-001-DEPT-OPC-20260822,PEX-KPI-DCF120177644
ISS-kpi_005-214A1B95,Info,PROVISIONAL_DENOMINATOR,kpi_005,HOSP-001,DEPT-OPC,2026-08-23,Complaint rate denominator is provisional and pending stakeholder approval,processed_operational_daily.csv,OPD-HOSP-001-DEPT-OPC-20260823,PEX-KPI-DCF120177644
ISS-kpi_006-FD00C98A,Warning,ZERO_DENOMINATOR,kpi_006,HOSP-001,DEPT-OPC,2026-08-23,Zero denominator for kpi_006,processed_operational_daily.csv,OPD-HOSP-001-DEPT-OPC-20260823,PEX-KPI-DCF120177644
ISS-kpi_005-B35C9C4C,Info,PROVISIONAL_DENOMINATOR,kpi_005,HOSP-001,DEPT-OPC,2026-08-24,Complaint rate denominator is provisional and pending stakeholder approval,processed_operational_daily.csv,OPD-HOSP-001-DEPT-OPC-20260824,PEX-KPI-DCF120177644
ISS-kpi_005-1E4D338C,Info,PROVISIONAL_DENOMINATOR,kpi_005,HOSP-001,DEPT-OPC,2026-08-25,Complaint rate denominator is provisional and pending stakeholder approval,processed_operational_daily.csv,OPD-HOSP-001-DEPT-OPC-20260825,PEX-KPI-DCF120177644
ISS-kpi_005-E382DF18,Info,PROVISIONAL_DENOMINATOR,kpi_005,HOSP-001,DEPT-OPC,2026-08-26,Complaint rate denominator is provisional and pending stakeholder approval,processed_operational_daily.csv,OPD-HOSP-001-DEPT-OPC-20260826,PEX-KPI-DCF120177644
ISS-kpi_005-D534F2E8,Info,PROVISIONAL_DENOMINATOR,kpi_005,HOSP-001,DEPT-OPC,2026-08-27,Complaint rate denominator is provisional and pending stakeholder approval,processed_operational_daily.csv,OPD-HOSP-001-DEPT-OPC-20260827,PEX-KPI-DCF120177644
ISS-kpi_005-F8DD9D81,Info,PROVISIONAL_DENOMINATOR,kpi_005,HOSP-001,DEPT-OPC,2026-08-28,Complaint rate denominator is provisional and pending stakeholder approval,processed_operational_daily.csv,OPD-HOSP-001-DEPT-OPC-20260828,PEX-KPI-DCF120177644
ISS-kpi_005-2FB1152F,Info,PROVISIONAL_DENOMINATOR,kpi_005,HOSP-001,DEPT-OPC,2026-08-29,Complaint rate denominator is provisional and pending stakeholder approval,processed_operational_daily.csv,OPD-HOSP-001-DEPT-OPC-20260829,PEX-KPI-DCF120177644
ISS-kpi_005-1677B496,Info,PROVISIONAL_DENOMINATOR,kpi_005,HOSP-001,DEPT-OPC,2026-08-30,Complaint rate denominator is provisional and pending stakeholder approval,processed_operational_daily.csv,OPD-HOSP-001-DEPT-OPC-20260830,PEX-KPI-DCF120177644
ISS-kpi_005-2E786316,Info,PROVISIONAL_DENOMINATOR,kpi_005,HOSP-001,DEPT-OPC,2026-08-31,Complaint rate denominator is provisional and pending stakeholder approval,processed_operational_daily.csv,OPD-HOSP-001-DEPT-OPC-20260831,PEX-KPI-DCF120177644
ISS-kpi_005-A262DF2F,Info,PROVISIONAL_DENOMINATOR,kpi_005,HOSP-001,DEPT-OPC,2026-09-01,Complaint rate denominator is provisional and pending stakeholder approval,processed_operational_daily.csv,OPD-HOSP-001-DEPT-OPC-20260901,PEX-KPI-DCF120177644
ISS-kpi_005-4A9B3360,Warning,INSUFFICIENT_DATA,kpi_005,HOSP-001,DEPT-OPC,2026-09-02,Insufficient data for kpi_005,processed_operational_daily.csv,OPD-HOSP-001-DEPT-OPC-20260902,PEX-KPI-DCF120177644
ISS-kpi_006-679B8FD9,Warning,INSUFFICIENT_DATA,kpi_006,HOSP-001,DEPT-OPC,2026-09-02,Insufficient data for kpi_006,processed_operational_daily.csv,OPD-HOSP-001-DEPT-OPC-20260902,PEX-KPI-DCF120177644
ISS-kpi_005-31AECCC2,Info,PROVISIONAL_DENOMINATOR,kpi_005,HOSP-001,DEPT-OPC,2026-09-03,Complaint rate denominator is provisional and pending stakeholder approval,processed_operational_daily.csv,OPD-HOSP-001-DEPT-OPC-20260903,PEX-KPI-DCF120177644
ISS-kpi_005-3797C023,Info,PROVISIONAL_DENOMINATOR,kpi_005,HOSP-001,DEPT-OPC,2026-09-04,Complaint rate denominator is provisional and pending stakeholder approval,processed_operational_daily.csv,OPD-HOSP-001-DEPT-OPC-20260904,PEX-KPI-DCF120177644
ISS-kpi_005-58052FC8,Info,PROVISIONAL_DENOMINATOR,kpi_005,HOSP-001,DEPT-OPC,2026-09-05,Complaint rate denominator is provisional and pending stakeholder approval,processed_operational_daily.csv,OPD-HOSP-001-DEPT-OPC-20260905,PEX-KPI-DCF120177644
ISS-kpi_006-1972EFFC,Warning,ZERO_DENOMINATOR,kpi_006,HOSP-001,DEPT-OPC,2026-09-05,Zero denominator for kpi_006,processed_operational_daily.csv,OPD-HOSP-001-DEPT-OPC-20260905,PEX-KPI-DCF120177644
ISS-kpi_005-72C1DFF8,Info,PROVISIONAL_DENOMINATOR,kpi_005,HOSP-001,DEPT-OPC,2026-09-06,Complaint rate denominator is provisional and pending stakeholder approval,processed_operational_daily.csv,OPD-HOSP-001-DEPT-OPC-20260906,PEX-KPI-DCF120177644
ISS-kpi_005-9E716824,Info,PROVISIONAL_DENOMINATOR,kpi_005,HOSP-001,DEPT-OPC,2026-09-07,Complaint rate denominator is provisional and pending stakeholder approval,processed_operational_daily.csv,OPD-HOSP-001-DEPT-OPC-20260907,PEX-KPI-DCF120177644
ISS-kpi_006-9778D033,Warning,ZERO_DENOMINATOR,kpi_006,HOSP-001,DEPT-OPC,2026-09-07,Zero denominator for kpi_006,processed_operational_daily.csv,OPD-HOSP-001-DEPT-OPC-20260907,PEX-KPI-DCF120177644
ISS-kpi_005-D68E02A0,Warning,INSUFFICIENT_DATA,kpi_005,HOSP-001,DEPT-OPC,2026-09-08,Insufficient data for kpi_005,processed_operational_daily.csv,OPD-HOSP-001-DEPT-OPC-20260908,PEX-KPI-DCF120177644
ISS-kpi_006-94AFBDA9,Warning,INSUFFICIENT_DATA,kpi_006,HOSP-001,DEPT-OPC,2026-09-08,Insufficient data for kpi_006,processed_operational_daily.csv,OPD-HOSP-001-DEPT-OPC-20260908,PEX-KPI-DCF120177644
ISS-kpi_005-F004AAC7,Info,PROVISIONAL_DENOMINATOR,kpi_005,HOSP-001,DEPT-OPC,2026-09-09,Complaint rate denominator is provisional and pending stakeholder approval,processed_operational_daily.csv,OPD-HOSP-001-DEPT-OPC-20260909,PEX-KPI-DCF120177644
ISS-kpi_006-834F2EDE,Warning,ZERO_DENOMINATOR,kpi_006,HOSP-001,DEPT-OPC,2026-09-09,Zero denominator for kpi_006,processed_operational_daily.csv,OPD-HOSP-001-DEPT-OPC-20260909,PEX-KPI-DCF120177644
ISS-kpi_005-123B2AA6,Info,PROVISIONAL_DENOMINATOR,kpi_005,HOSP-001,DEPT-OPC,2026-09-10,Complaint rate denominator is provisional and pending stakeholder approval,processed_operational_daily.csv,OPD-HOSP-001-DEPT-OPC-20260910,PEX-KPI-DCF120177644
ISS-kpi_005-3B6633AD,Info,PROVISIONAL_DENOMINATOR,kpi_005,HOSP-001,DEPT-OPC,2026-09-11,Complaint rate denominator is provisional and pending stakeholder approval,processed_operational_daily.csv,OPD-HOSP-001-DEPT-OPC-20260911,PEX-KPI-DCF120177644
ISS-kpi_005-5E863EE8,Info,PROVISIONAL_DENOMINATOR,kpi_005,HOSP-001,DEPT-OPC,2026-09-12,Complaint rate denominator is provisional and pending stakeholder approval,processed_operational_daily.csv,OPD-HOSP-001-DEPT-OPC-20260912,PEX-KPI-DCF120177644
ISS-kpi_005-455A90F7,Info,PROVISIONAL_DENOMINATOR,kpi_005,HOSP-001,DEPT-OPC,2026-09-13,Complaint rate denominator is provisional and pending stakeholder approval,processed_operational_daily.csv,OPD-HOSP-001-DEPT-OPC-20260913,PEX-KPI-DCF120177644
ISS-kpi_005-86D4FD9E,Info,PROVISIONAL_DENOMINATOR,kpi_005,HOSP-001,DEPT-OPC,2026-09-14,Complaint rate denominator is provisional and pending stakeholder approval,processed_operational_daily.csv,OPD-HOSP-001-DEPT-OPC-20260914,PEX-KPI-DCF120177644
ISS-kpi_005-6E0D9556,Info,PROVISIONAL_DENOMINATOR,kpi_005,HOSP-001,DEPT-OPC,2026-09-15,Complaint rate denominator is provisional and pending stakeholder approval,processed_operational_daily.csv,OPD-HOSP-001-DEPT-OPC-20260915,PEX-KPI-DCF120177644
ISS-kpi_005-2C08C396,Info,PROVISIONAL_DENOMINATOR,kpi_005,HOSP-001,DEPT-OPC,2026-09-16,Complaint rate denominator is provisional and pending stakeholder approval,processed_operational_daily.csv,OPD-HOSP-001-DEPT-OPC-20260916,PEX-KPI-DCF120177644
ISS-kpi_005-1130DCD3,Info,PROVISIONAL_DENOMINATOR,kpi_005,HOSP-001,DEPT-OPC,2026-09-17,Complaint rate denominator is provisional and pending stakeholder approval,processed_operational_daily.csv,OPD-HOSP-001-DEPT-OPC-20260917,PEX-KPI-DCF120177644
ISS-kpi_005-81926E25,Info,PROVISIONAL_DENOMINATOR,kpi_005,HOSP-001,DEPT-OPC,2026-09-18,Complaint rate denominator is provisional and pending stakeholder approval,processed_operational_daily.csv,OPD-HOSP-001-DEPT-OPC-20260918,PEX-KPI-DCF120177644
ISS-kpi_005-403EE894,Info,PROVISIONAL_DENOMINATOR,kpi_005,HOSP-001,DEPT-OPC,2026-09-19,Complaint rate denominator is provisional and pending stakeholder approval,processed_operational_daily.csv,OPD-HOSP-001-DEPT-OPC-20260919,PEX-KPI-DCF120177644
ISS-kpi_005-24771212,Info,PROVISIONAL_DENOMINATOR,kpi_005,HOSP-001,DEPT-OPC,2026-09-20,Complaint rate denominator is provisional and pending stakeholder approval,processed_operational_daily.csv,OPD-HOSP-001-DEPT-OPC-20260920,PEX-KPI-DCF120177644
ISS-kpi_005-D2CE42E1,Info,PROVISIONAL_DENOMINATOR,kpi_005,HOSP-001,DEPT-OPC,2026-09-21,Complaint rate denominator is provisional and pending stakeholder approval,processed_operational_daily.csv,OPD-HOSP-001-DEPT-OPC-20260921,PEX-KPI-DCF120177644
ISS-kpi_005-C878AFF3,Warning,INSUFFICIENT_DATA,kpi_005,HOSP-001,DEPT-OPC,2026-09-22,Insufficient data for kpi_005,processed_operational_daily.csv,OPD-HOSP-001-DEPT-OPC-20260922,PEX-KPI-DCF120177644
ISS-kpi_006-B9DC2856,Warning,INSUFFICIENT_DATA,kpi_006,HOSP-001,DEPT-OPC,2026-09-22,Insufficient data for kpi_006,processed_operational_daily.csv,OPD-HOSP-001-DEPT-OPC-20260922,PEX-KPI-DCF120177644
ISS-kpi_005-4C66DFCD,Info,PROVISIONAL_DENOMINATOR,kpi_005,HOSP-001,DEPT-OPC,2026-09-23,Complaint rate denominator is provisional and pending stakeholder approval,processed_operational_daily.csv,OPD-HOSP-001-DEPT-OPC-20260923,PEX-KPI-DCF120177644
ISS-kpi_005-C95750E1,Info,PROVISIONAL_DENOMINATOR,kpi_005,HOSP-001,DEPT-OPC,2026-09-24,Complaint rate denominator is provisional and pending stakeholder approval,processed_operational_daily.csv,OPD-HOSP-001-DEPT-OPC-20260924,PEX-KPI-DCF120177644
ISS-kpi_005-7FBCF598,Info,PROVISIONAL_DENOMINATOR,kpi_005,HOSP-001,DEPT-OPC,2026-09-25,Complaint rate denominator is provisional and pending stakeholder approval,processed_operational_daily.csv,OPD-HOSP-001-DEPT-OPC-20260925,PEX-KPI-DCF120177644
ISS-kpi_005-2413BEDF,Warning,INSUFFICIENT_DATA,kpi_005,HOSP-001,DEPT-OPC,2026-09-26,Insufficient data for kpi_005,processed_operational_daily.csv,OPD-HOSP-001-DEPT-OPC-20260926,PEX-KPI-DCF120177644
ISS-kpi_006-95E34022,Warning,INSUFFICIENT_DATA,kpi_006,HOSP-001,DEPT-OPC,2026-09-26,Insufficient data for kpi_006,processed_operational_daily.csv,OPD-HOSP-001-DEPT-OPC-20260926,PEX-KPI-DCF120177644
ISS-kpi_005-E15BC255,Info,PROVISIONAL_DENOMINATOR,kpi_005,HOSP-001,DEPT-OPC,2026-09-27,Complaint rate denominator is provisional and pending stakeholder approval,processed_operational_daily.csv,OPD-HOSP-001-DEPT-OPC-20260927,PEX-KPI-DCF120177644
ISS-kpi_005-3B626132,Info,PROVISIONAL_DENOMINATOR,kpi_005,HOSP-001,DEPT-OPC,2026-09-28,Complaint rate denominator is provisional and pending stakeholder approval,processed_operational_daily.csv,OPD-HOSP-001-DEPT-OPC-20260928,PEX-KPI-DCF120177644
ISS-kpi_006-1E161C8D,Warning,ZERO_DENOMINATOR,kpi_006,HOSP-001,DEPT-OPC,2026-09-28,Zero denominator for kpi_006,processed_operational_daily.csv,OPD-HOSP-001-DEPT-OPC-20260928,PEX-KPI-DCF120177644
ISS-kpi_005-86F6434A,Info,PROVISIONAL_DENOMINATOR,kpi_005,HOSP-001,DEPT-OPC,2026-09-29,Complaint rate denominator is provisional and pending stakeholder approval,processed_operational_daily.csv,OPD-HOSP-001-DEPT-OPC-20260929,PEX-KPI-DCF120177644
ISS-kpi_005-10FEA8A5,Info,PROVISIONAL_DENOMINATOR,kpi_005,HOSP-001,DEPT-OPC,2026-09-30,Complaint rate denominator is provisional and pending stakeholder approval,processed_operational_daily.csv,OPD-HOSP-001-DEPT-OPC-20260930,PEX-KPI-DCF120177644
ISS-kpi_005-35AE0D11,Info,PROVISIONAL_DENOMINATOR,kpi_005,HOSP-001,DEPT-OPC,2026-10-01,Complaint rate denominator is provisional and pending stakeholder approval,processed_operational_daily.csv,OPD-HOSP-001-DEPT-OPC-20261001,PEX-KPI-DCF120177644
ISS-kpi_005-CF2E6565,Info,PROVISIONAL_DENOMINATOR,kpi_005,HOSP-001,DEPT-OPC,2026-10-02,Complaint rate denominator is provisional and pending stakeholder approval,processed_operational_daily.csv,OPD-HOSP-001-DEPT-OPC-20261002,PEX-KPI-DCF120177644
ISS-kpi_005-595314FC,Info,PROVISIONAL_DENOMINATOR,kpi_005,HOSP-001,DEPT-OPC,2026-10-03,Complaint rate denominator is provisional and pending stakeholder approval,processed_operational_daily.csv,OPD-HOSP-001-DEPT-OPC-20261003,PEX-KPI-DCF120177644
ISS-kpi_006-C6BB0FC8,Warning,ZERO_DENOMINATOR,kpi_006,HOSP-001,DEPT-OPC,2026-10-03,Zero denominator for kpi_006,processed_operational_daily.csv,OPD-HOSP-001-DEPT-OPC-20261003,PEX-KPI-DCF120177644
ISS-kpi_005-045F2503,Info,PROVISIONAL_DENOMINATOR,kpi_005,HOSP-001,DEPT-OPC,2026-10-04,Complaint rate denominator is provisional and pending stakeholder approval,processed_operational_daily.csv,OPD-HOSP-001-DEPT-OPC-20261004,PEX-KPI-DCF120177644
ISS-kpi_005-182A2039,Info,PROVISIONAL_DENOMINATOR,kpi_005,HOSP-001,DEPT-OPC,2026-10-05,Complaint rate denominator is provisional and pending stakeholder approval,processed_operational_daily.csv,OPD-HOSP-001-DEPT-OPC-20261005,PEX-KPI-DCF120177644
ISS-kpi_005-BE7E41B8,Info,PROVISIONAL_DENOMINATOR,kpi_005,HOSP-001,DEPT-OPC,2026-10-06,Complaint rate denominator is provisional and pending stakeholder approval,processed_operational_daily.csv,OPD-HOSP-001-DEPT-OPC-20261006,PEX-KPI-DCF120177644
ISS-kpi_006-7FC6A9F0,Warning,ZERO_DENOMINATOR,kpi_006,HOSP-001,DEPT-OPC,2026-10-06,Zero denominator for kpi_006,processed_operational_daily.csv,OPD-HOSP-001-DEPT-OPC-20261006,PEX-KPI-DCF120177644
ISS-kpi_005-816ACEFD,Info,PROVISIONAL_DENOMINATOR,kpi_005,HOSP-001,DEPT-OPC,2026-10-07,Complaint rate denominator is provisional and pending stakeholder approval,processed_operational_daily.csv,OPD-HOSP-001-DEPT-OPC-20261007,PEX-KPI-DCF120177644
ISS-kpi_005-A14957F1,Info,PROVISIONAL_DENOMINATOR,kpi_005,HOSP-001,DEPT-OPC,2026-10-08,Complaint rate denominator is provisional and pending stakeholder approval,processed_operational_daily.csv,OPD-HOSP-001-DEPT-OPC-20261008,PEX-KPI-DCF120177644
ISS-kpi_005-63BB48B3,Info,PROVISIONAL_DENOMINATOR,kpi_005,HOSP-001,DEPT-OPC,2026-10-09,Complaint rate denominator is provisional and pending stakeholder approval,processed_operational_daily.csv,OPD-HOSP-001-DEPT-OPC-20261009,PEX-KPI-DCF120177644
ISS-kpi_005-267F29EC,Info,PROVISIONAL_DENOMINATOR,kpi_005,HOSP-001,DEPT-OPC,2026-10-10,Complaint rate denominator is provisional and pending stakeholder approval,processed_operational_daily.csv,OPD-HOSP-001-DEPT-OPC-20261010,PEX-KPI-DCF120177644
ISS-kpi_005-C6C92EF9,Info,PROVISIONAL_DENOMINATOR,kpi_005,HOSP-001,DEPT-OPC,2026-10-11,Complaint rate denominator is provisional and pending stakeholder approval,processed_operational_daily.csv,OPD-HOSP-001-DEPT-OPC-20261011,PEX-KPI-DCF120177644
ISS-kpi_005-A572C341,Info,PROVISIONAL_DENOMINATOR,kpi_005,HOSP-001,DEPT-OPC,2026-10-12,Complaint rate denominator is provisional and pending stakeholder approval,processed_operational_daily.csv,OPD-HOSP-001-DEPT-OPC-20261012,PEX-KPI-DCF120177644
ISS-kpi_005-0EEAA303,Info,PROVISIONAL_DENOMINATOR,kpi_005,HOSP-001,DEPT-OPC,2026-10-13,Complaint rate denominator is provisional and pending stakeholder approval,processed_operational_daily.csv,OPD-HOSP-001-DEPT-OPC-20261013,PEX-KPI-DCF120177644
ISS-kpi_006-C3F32432,Warning,ZERO_DENOMINATOR,kpi_006,HOSP-001,DEPT-OPC,2026-10-13,Zero denominator for kpi_006,processed_operational_daily.csv,OPD-HOSP-001-DEPT-OPC-20261013,PEX-KPI-DCF120177644
ISS-kpi_005-5B0E7C21,Info,PROVISIONAL_DENOMINATOR,kpi_005,HOSP-001,DEPT-OPC,2026-10-14,Complaint rate denominator is provisional and pending stakeholder approval,processed_operational_daily.csv,OPD-HOSP-001-DEPT-OPC-20261014,PEX-KPI-DCF120177644
ISS-kpi_005-DCFB08AF,Info,PROVISIONAL_DENOMINATOR,kpi_005,HOSP-001,DEPT-OPC,2026-10-15,Complaint rate denominator is provisional and pending stakeholder approval,processed_operational_daily.csv,OPD-HOSP-001-DEPT-OPC-20261015,PEX-KPI-DCF120177644
ISS-kpi_005-44289EA0,Info,PROVISIONAL_DENOMINATOR,kpi_005,HOSP-001,DEPT-OPC,2026-10-16,Complaint rate denominator is provisional and pending stakeholder approval,processed_operational_daily.csv,OPD-HOSP-001-DEPT-OPC-20261016,PEX-KPI-DCF120177644
ISS-kpi_005-3E1C7FDB,Info,PROVISIONAL_DENOMINATOR,kpi_005,HOSP-001,DEPT-OPC,2026-10-17,Complaint rate denominator is provisional and pending stakeholder approval,processed_operational_daily.csv,OPD-HOSP-001-DEPT-OPC-20261017,PEX-KPI-DCF120177644
ISS-kpi_005-C4D2C63C,Info,PROVISIONAL_DENOMINATOR,kpi_005,HOSP-001,DEPT-OPC,2026-10-18,Complaint rate denominator is provisional and pending stakeholder approval,processed_operational_daily.csv,OPD-HOSP-001-DEPT-OPC-20261018,PEX-KPI-DCF120177644
ISS-kpi_005-AA77385E,Info,PROVISIONAL_DENOMINATOR,kpi_005,HOSP-001,DEPT-OPC,2026-10-19,Complaint rate denominator is provisional and pending stakeholder approval,processed_operational_daily.csv,OPD-HOSP-001-DEPT-OPC-20261019,PEX-KPI-DCF120177644
ISS-kpi_005-31525782,Info,PROVISIONAL_DENOMINATOR,kpi_005,HOSP-001,DEPT-OPC,2026-10-20,Complaint rate denominator is provisional and pending stakeholder approval,processed_operational_daily.csv,OPD-HOSP-001-DEPT-OPC-20261020,PEX-KPI-DCF120177644
ISS-kpi_005-56CCF9B9,Warning,INSUFFICIENT_DATA,kpi_005,HOSP-001,DEPT-OPC,2026-10-21,Insufficient data for kpi_005,processed_operational_daily.csv,OPD-HOSP-001-DEPT-OPC-20261021,PEX-KPI-DCF120177644
ISS-kpi_006-AEBBA77C,Warning,INSUFFICIENT_DATA,kpi_006,HOSP-001,DEPT-OPC,2026-10-21,Insufficient data for kpi_006,processed_operational_daily.csv,OPD-HOSP-001-DEPT-OPC-20261021,PEX-KPI-DCF120177644
ISS-kpi_005-437414CB,Info,PROVISIONAL_DENOMINATOR,kpi_005,HOSP-001,DEPT-OPC,2026-10-22,Complaint rate denominator is provisional and pending stakeholder approval,processed_operational_daily.csv,OPD-HOSP-001-DEPT-OPC-20261022,PEX-KPI-DCF120177644
ISS-kpi_005-8428F96D,Info,PROVISIONAL_DENOMINATOR,kpi_005,HOSP-001,DEPT-OPC,2026-10-23,Complaint rate denominator is provisional and pending stakeholder approval,processed_operational_daily.csv,OPD-HOSP-001-DEPT-OPC-20261023,PEX-KPI-DCF120177644
ISS-kpi_005-4163089D,Info,PROVISIONAL_DENOMINATOR,kpi_005,HOSP-001,DEPT-OPC,2026-10-24,Complaint rate denominator is provisional and pending stakeholder approval,processed_operational_daily.csv,OPD-HOSP-001-DEPT-OPC-20261024,PEX-KPI-DCF120177644
ISS-kpi_005-07E417DD,Info,PROVISIONAL_DENOMINATOR,kpi_005,HOSP-001,DEPT-OPC,2026-10-25,Complaint rate denominator is provisional and pending stakeholder approval,processed_operational_daily.csv,OPD-HOSP-001-DEPT-OPC-20261025,PEX-KPI-DCF120177644
ISS-kpi_005-42BB3E3B,Info,PROVISIONAL_DENOMINATOR,kpi_005,HOSP-001,DEPT-OPC,2026-10-26,Complaint rate denominator is provisional and pending stakeholder approval,processed_operational_daily.csv,OPD-HOSP-001-DEPT-OPC-20261026,PEX-KPI-DCF120177644
ISS-kpi_005-9EE49A73,Info,PROVISIONAL_DENOMINATOR,kpi_005,HOSP-001,DEPT-OPC,2026-10-27,Complaint rate denominator is provisional and pending stakeholder approval,processed_operational_daily.csv,OPD-HOSP-001-DEPT-OPC-20261027,PEX-KPI-DCF120177644
ISS-kpi_005-66DCD4F2,Warning,INSUFFICIENT_DATA,kpi_005,HOSP-001,DEPT-OPC,2026-10-28,Insufficient data for kpi_005,processed_operational_daily.csv,OPD-HOSP-001-DEPT-OPC-20261028,PEX-KPI-DCF120177644
ISS-kpi_006-587F660B,Warning,INSUFFICIENT_DATA,kpi_006,HOSP-001,DEPT-OPC,2026-10-28,Insufficient data for kpi_006,processed_operational_daily.csv,OPD-HOSP-001-DEPT-OPC-20261028,PEX-KPI-DCF120177644
ISS-kpi_005-DF12F82C,Warning,INSUFFICIENT_DATA,kpi_005,HOSP-001,DEPT-OPC,2026-10-29,Insufficient data for kpi_005,processed_operational_daily.csv,OPD-HOSP-001-DEPT-OPC-20261029,PEX-KPI-DCF120177644
ISS-kpi_006-9D3F4F63,Warning,INSUFFICIENT_DATA,kpi_006,HOSP-001,DEPT-OPC,2026-10-29,Insufficient data for kpi_006,processed_operational_daily.csv,OPD-HOSP-001-DEPT-OPC-20261029,PEX-KPI-DCF120177644
ISS-kpi_005-0526F0F7,Info,PROVISIONAL_DENOMINATOR,kpi_005,HOSP-001,DEPT-OPC,2026-10-30,Complaint rate denominator is provisional and pending stakeholder approval,processed_operational_daily.csv,OPD-HOSP-001-DEPT-OPC-20261030,PEX-KPI-DCF120177644
ISS-kpi_005-C5270290,Info,PROVISIONAL_DENOMINATOR,kpi_005,HOSP-001,DEPT-OPC,2026-10-31,Complaint rate denominator is provisional and pending stakeholder approval,processed_operational_daily.csv,OPD-HOSP-001-DEPT-OPC-20261031,PEX-KPI-DCF120177644
ISS-kpi_005-1A988ABC,Info,PROVISIONAL_DENOMINATOR,kpi_005,HOSP-001,DEPT-OPC,2026-11-01,Complaint rate denominator is provisional and pending stakeholder approval,processed_operational_daily.csv,OPD-HOSP-001-DEPT-OPC-20261101,PEX-KPI-DCF120177644
ISS-kpi_005-824CC688,Info,PROVISIONAL_DENOMINATOR,kpi_005,HOSP-001,DEPT-OPC,2026-11-02,Complaint rate denominator is provisional and pending stakeholder approval,processed_operational_daily.csv,OPD-HOSP-001-DEPT-OPC-20261102,PEX-KPI-DCF120177644
ISS-kpi_005-6B3F1E1A,Info,PROVISIONAL_DENOMINATOR,kpi_005,HOSP-001,DEPT-OPC,2026-11-03,Complaint rate denominator is provisional and pending stakeholder approval,processed_operational_daily.csv,OPD-HOSP-001-DEPT-OPC-20261103,PEX-KPI-DCF120177644
ISS-kpi_005-F996DE08,Info,PROVISIONAL_DENOMINATOR,kpi_005,HOSP-001,DEPT-OPC,2026-11-04,Complaint rate denominator is provisional and pending stakeholder approval,processed_operational_daily.csv,OPD-HOSP-001-DEPT-OPC-20261104,PEX-KPI-DCF120177644
ISS-kpi_005-62D523E3,Warning,INSUFFICIENT_DATA,kpi_005,HOSP-001,DEPT-OPC,2026-11-05,Insufficient data for kpi_005,processed_operational_daily.csv,OPD-HOSP-001-DEPT-OPC-20261105,PEX-KPI-DCF120177644
ISS-kpi_006-BDAC9CE9,Warning,INSUFFICIENT_DATA,kpi_006,HOSP-001,DEPT-OPC,2026-11-05,Insufficient data for kpi_006,processed_operational_daily.csv,OPD-HOSP-001-DEPT-OPC-20261105,PEX-KPI-DCF120177644
ISS-kpi_005-0D35AA11,Info,PROVISIONAL_DENOMINATOR,kpi_005,HOSP-001,DEPT-OPC,2026-11-06,Complaint rate denominator is provisional and pending stakeholder approval,processed_operational_daily.csv,OPD-HOSP-001-DEPT-OPC-20261106,PEX-KPI-DCF120177644
ISS-kpi_005-7C4FD867,Info,PROVISIONAL_DENOMINATOR,kpi_005,HOSP-001,DEPT-OPC,2026-11-07,Complaint rate denominator is provisional and pending stakeholder approval,processed_operational_daily.csv,OPD-HOSP-001-DEPT-OPC-20261107,PEX-KPI-DCF120177644
ISS-kpi_005-080250D9,Info,PROVISIONAL_DENOMINATOR,kpi_005,HOSP-001,DEPT-OPC,2026-11-08,Complaint rate denominator is provisional and pending stakeholder approval,processed_operational_daily.csv,OPD-HOSP-001-DEPT-OPC-20261108,PEX-KPI-DCF120177644
ISS-kpi_005-44C31653,Info,PROVISIONAL_DENOMINATOR,kpi_005,HOSP-001,DEPT-OPC,2026-11-09,Complaint rate denominator is provisional and pending stakeholder approval,processed_operational_daily.csv,OPD-HOSP-001-DEPT-OPC-20261109,PEX-KPI-DCF120177644
ISS-kpi_006-69093526,Warning,ZERO_DENOMINATOR,kpi_006,HOSP-001,DEPT-OPC,2026-11-09,Zero denominator for kpi_006,processed_operational_daily.csv,OPD-HOSP-001-DEPT-OPC-20261109,PEX-KPI-DCF120177644
ISS-kpi_005-54ECF24D,Info,PROVISIONAL_DENOMINATOR,kpi_005,HOSP-001,DEPT-OPC,2026-11-10,Complaint rate denominator is provisional and pending stakeholder approval,processed_operational_daily.csv,OPD-HOSP-001-DEPT-OPC-20261110,PEX-KPI-DCF120177644
ISS-kpi_005-68D365FB,Info,PROVISIONAL_DENOMINATOR,kpi_005,HOSP-001,DEPT-OPC,2026-11-11,Complaint rate denominator is provisional and pending stakeholder approval,processed_operational_daily.csv,OPD-HOSP-001-DEPT-OPC-20261111,PEX-KPI-DCF120177644
ISS-kpi_006-4C1D3994,Warning,ZERO_DENOMINATOR,kpi_006,HOSP-001,DEPT-OPC,2026-11-11,Zero denominator for kpi_006,processed_operational_daily.csv,OPD-HOSP-001-DEPT-OPC-20261111,PEX-KPI-DCF120177644
ISS-kpi_005-A92F3425,Info,PROVISIONAL_DENOMINATOR,kpi_005,HOSP-001,DEPT-OPC,2026-11-12,Complaint rate denominator is provisional and pending stakeholder approval,processed_operational_daily.csv,OPD-HOSP-001-DEPT-OPC-20261112,PEX-KPI-DCF120177644
ISS-kpi_006-6B7C764F,Warning,ZERO_DENOMINATOR,kpi_006,HOSP-001,DEPT-OPC,2026-11-12,Zero denominator for kpi_006,processed_operational_daily.csv,OPD-HOSP-001-DEPT-OPC-20261112,PEX-KPI-DCF120177644
ISS-kpi_005-38EA5B4D,Info,PROVISIONAL_DENOMINATOR,kpi_005,HOSP-001,DEPT-OPC,2026-11-13,Complaint rate denominator is provisional and pending stakeholder approval,processed_operational_daily.csv,OPD-HOSP-001-DEPT-OPC-20261113,PEX-KPI-DCF120177644
ISS-kpi_005-67FC8D19,Info,PROVISIONAL_DENOMINATOR,kpi_005,HOSP-001,DEPT-OPC,2026-11-14,Complaint rate denominator is provisional and pending stakeholder approval,processed_operational_daily.csv,OPD-HOSP-001-DEPT-OPC-20261114,PEX-KPI-DCF120177644
ISS-kpi_005-ACCCD40E,Info,PROVISIONAL_DENOMINATOR,kpi_005,HOSP-001,DEPT-OPC,2026-11-15,Complaint rate denominator is provisional and pending stakeholder approval,processed_operational_daily.csv,OPD-HOSP-001-DEPT-OPC-20261115,PEX-KPI-DCF120177644
ISS-kpi_005-AA58C2F0,Warning,INSUFFICIENT_DATA,kpi_005,HOSP-001,DEPT-OPC,2026-11-16,Insufficient data for kpi_005,processed_operational_daily.csv,OPD-HOSP-001-DEPT-OPC-20261116,PEX-KPI-DCF120177644
ISS-kpi_006-429CA748,Warning,INSUFFICIENT_DATA,kpi_006,HOSP-001,DEPT-OPC,2026-11-16,Insufficient data for kpi_006,processed_operational_daily.csv,OPD-HOSP-001-DEPT-OPC-20261116,PEX-KPI-DCF120177644
ISS-kpi_005-5DE2CEE8,Info,PROVISIONAL_DENOMINATOR,kpi_005,HOSP-001,DEPT-OPC,2026-11-17,Complaint rate denominator is provisional and pending stakeholder approval,processed_operational_daily.csv,OPD-HOSP-001-DEPT-OPC-20261117,PEX-KPI-DCF120177644
ISS-kpi_005-E50B02C4,Info,PROVISIONAL_DENOMINATOR,kpi_005,HOSP-001,DEPT-OPC,2026-11-18,Complaint rate denominator is provisional and pending stakeholder approval,processed_operational_daily.csv,OPD-HOSP-001-DEPT-OPC-20261118,PEX-KPI-DCF120177644
ISS-kpi_005-A793257A,Info,PROVISIONAL_DENOMINATOR,kpi_005,HOSP-001,DEPT-OPC,2026-11-19,Complaint rate denominator is provisional and pending stakeholder approval,processed_operational_daily.csv,OPD-HOSP-001-DEPT-OPC-20261119,PEX-KPI-DCF120177644
ISS-kpi_005-02D98ED8,Info,PROVISIONAL_DENOMINATOR,kpi_005,HOSP-001,DEPT-OPC,2026-11-20,Complaint rate denominator is provisional and pending stakeholder approval,processed_operational_daily.csv,OPD-HOSP-001-DEPT-OPC-20261120,PEX-KPI-DCF120177644
ISS-kpi_005-1328424B,Info,PROVISIONAL_DENOMINATOR,kpi_005,HOSP-001,DEPT-OPC,2026-11-21,Complaint rate denominator is provisional and pending stakeholder approval,processed_operational_daily.csv,OPD-HOSP-001-DEPT-OPC-20261121,PEX-KPI-DCF120177644
ISS-kpi_005-B17EDAC6,Info,PROVISIONAL_DENOMINATOR,kpi_005,HOSP-001,DEPT-OPC,2026-11-22,Complaint rate denominator is provisional and pending stakeholder approval,processed_operational_daily.csv,OPD-HOSP-001-DEPT-OPC-20261122,PEX-KPI-DCF120177644
ISS-kpi_005-213A4257,Info,PROVISIONAL_DENOMINATOR,kpi_005,HOSP-001,DEPT-OPC,2026-11-23,Complaint rate denominator is provisional and pending stakeholder approval,processed_operational_daily.csv,OPD-HOSP-001-DEPT-OPC-20261123,PEX-KPI-DCF120177644
ISS-kpi_005-AF4542EA,Info,PROVISIONAL_DENOMINATOR,kpi_005,HOSP-001,DEPT-OPC,2026-11-24,Complaint rate denominator is provisional and pending stakeholder approval,processed_operational_daily.csv,OPD-HOSP-001-DEPT-OPC-20261124,PEX-KPI-DCF120177644
ISS-kpi_005-68B54F17,Info,PROVISIONAL_DENOMINATOR,kpi_005,HOSP-001,DEPT-OPC,2026-11-25,Complaint rate denominator is provisional and pending stakeholder approval,processed_operational_daily.csv,OPD-HOSP-001-DEPT-OPC-20261125,PEX-KPI-DCF120177644
ISS-kpi_005-8C3F1264,Info,PROVISIONAL_DENOMINATOR,kpi_005,HOSP-001,DEPT-OPC,2026-11-26,Complaint rate denominator is provisional and pending stakeholder approval,processed_operational_daily.csv,OPD-HOSP-001-DEPT-OPC-20261126,PEX-KPI-DCF120177644
ISS-kpi_005-9A11ABC3,Info,PROVISIONAL_DENOMINATOR,kpi_005,HOSP-001,DEPT-OPC,2026-11-27,Complaint rate denominator is provisional and pending stakeholder approval,processed_operational_daily.csv,OPD-HOSP-001-DEPT-OPC-20261127,PEX-KPI-DCF120177644
ISS-kpi_005-43775D5B,Info,PROVISIONAL_DENOMINATOR,kpi_005,HOSP-001,DEPT-OPC,2026-11-28,Complaint rate denominator is provisional and pending stakeholder approval,processed_operational_daily.csv,OPD-HOSP-001-DEPT-OPC-20261128,PEX-KPI-DCF120177644
ISS-kpi_006-E572AF20,Warning,ZERO_DENOMINATOR,kpi_006,HOSP-001,DEPT-OPC,2026-11-28,Zero denominator for kpi_006,processed_operational_daily.csv,OPD-HOSP-001-DEPT-OPC-20261128,PEX-KPI-DCF120177644
ISS-kpi_005-AF8CBF29,Warning,INSUFFICIENT_DATA,kpi_005,HOSP-001,DEPT-OPC,2026-11-29,Insufficient data for kpi_005,processed_operational_daily.csv,OPD-HOSP-001-DEPT-OPC-20261129,PEX-KPI-DCF120177644
ISS-kpi_006-C450B009,Warning,INSUFFICIENT_DATA,kpi_006,HOSP-001,DEPT-OPC,2026-11-29,Insufficient data for kpi_006,processed_operational_daily.csv,OPD-HOSP-001-DEPT-OPC-20261129,PEX-KPI-DCF120177644
ISS-kpi_005-F9E90E58,Info,PROVISIONAL_DENOMINATOR,kpi_005,HOSP-001,DEPT-OPC,2026-11-30,Complaint rate denominator is provisional and pending stakeholder approval,processed_operational_daily.csv,OPD-HOSP-001-DEPT-OPC-20261130,PEX-KPI-DCF120177644
ISS-kpi_005-471ECE1A,Info,PROVISIONAL_DENOMINATOR,kpi_005,HOSP-001,DEPT-OPC,2026-12-01,Complaint rate denominator is provisional and pending stakeholder approval,processed_operational_daily.csv,OPD-HOSP-001-DEPT-OPC-20261201,PEX-KPI-DCF120177644
ISS-kpi_005-44106D47,Info,PROVISIONAL_DENOMINATOR,kpi_005,HOSP-001,DEPT-OPC,2026-12-02,Complaint rate denominator is provisional and pending stakeholder approval,processed_operational_daily.csv,OPD-HOSP-001-DEPT-OPC-20261202,PEX-KPI-DCF120177644
ISS-kpi_005-EE4DF30D,Info,PROVISIONAL_DENOMINATOR,kpi_005,HOSP-001,DEPT-OPC,2026-12-03,Complaint rate denominator is provisional and pending stakeholder approval,processed_operational_daily.csv,OPD-HOSP-001-DEPT-OPC-20261203,PEX-KPI-DCF120177644
ISS-kpi_005-E837EF4C,Info,PROVISIONAL_DENOMINATOR,kpi_005,HOSP-001,DEPT-OPC,2026-12-04,Complaint rate denominator is provisional and pending stakeholder approval,processed_operational_daily.csv,OPD-HOSP-001-DEPT-OPC-20261204,PEX-KPI-DCF120177644
ISS-kpi_005-104C3BE9,Info,PROVISIONAL_DENOMINATOR,kpi_005,HOSP-001,DEPT-OPC,2026-12-05,Complaint rate denominator is provisional and pending stakeholder approval,processed_operational_daily.csv,OPD-HOSP-001-DEPT-OPC-20261205,PEX-KPI-DCF120177644
ISS-kpi_005-B3857EFD,Info,PROVISIONAL_DENOMINATOR,kpi_005,HOSP-001,DEPT-OPC,2026-12-06,Complaint rate denominator is provisional and pending stakeholder approval,processed_operational_daily.csv,OPD-HOSP-001-DEPT-OPC-20261206,PEX-KPI-DCF120177644
ISS-kpi_005-1E6AE772,Info,PROVISIONAL_DENOMINATOR,kpi_005,HOSP-001,DEPT-OPC,2026-12-07,Complaint rate denominator is provisional and pending stakeholder approval,processed_operational_daily.csv,OPD-HOSP-001-DEPT-OPC-20261207,PEX-KPI-DCF120177644
ISS-kpi_005-DDE91816,Info,PROVISIONAL_DENOMINATOR,kpi_005,HOSP-001,DEPT-OPC,2026-12-08,Complaint rate denominator is provisional and pending stakeholder approval,processed_operational_daily.csv,OPD-HOSP-001-DEPT-OPC-20261208,PEX-KPI-DCF120177644
ISS-kpi_005-EA6BC860,Info,PROVISIONAL_DENOMINATOR,kpi_005,HOSP-001,DEPT-OPC,2026-12-09,Complaint rate denominator is provisional and pending stakeholder approval,processed_operational_daily.csv,OPD-HOSP-001-DEPT-OPC-20261209,PEX-KPI-DCF120177644
ISS-kpi_006-C14B8BEF,Warning,ZERO_DENOMINATOR,kpi_006,HOSP-001,DEPT-OPC,2026-12-09,Zero denominator for kpi_006,processed_operational_daily.csv,OPD-HOSP-001-DEPT-OPC-20261209,PEX-KPI-DCF120177644
ISS-kpi_005-732509D5,Info,PROVISIONAL_DENOMINATOR,kpi_005,HOSP-001,DEPT-OPC,2026-12-10,Complaint rate denominator is provisional and pending stakeholder approval,processed_operational_daily.csv,OPD-HOSP-001-DEPT-OPC-20261210,PEX-KPI-DCF120177644
ISS-kpi_005-60A2FF66,Info,PROVISIONAL_DENOMINATOR,kpi_005,HOSP-001,DEPT-OPC,2026-12-11,Complaint rate denominator is provisional and pending stakeholder approval,processed_operational_daily.csv,OPD-HOSP-001-DEPT-OPC-20261211,PEX-KPI-DCF120177644
ISS-kpi_005-9A748885,Info,PROVISIONAL_DENOMINATOR,kpi_005,HOSP-001,DEPT-OPC,2026-12-12,Complaint rate denominator is provisional and pending stakeholder approval,processed_operational_daily.csv,OPD-HOSP-001-DEPT-OPC-20261212,PEX-KPI-DCF120177644
ISS-kpi_005-21107296,Info,PROVISIONAL_DENOMINATOR,kpi_005,HOSP-001,DEPT-OPC,2026-12-13,Complaint rate denominator is provisional and pending stakeholder approval,processed_operational_daily.csv,OPD-HOSP-001-DEPT-OPC-20261213,PEX-KPI-DCF120177644
ISS-kpi_006-EBF677A0,Warning,ZERO_DENOMINATOR,kpi_006,HOSP-001,DEPT-OPC,2026-12-13,Zero denominator for kpi_006,processed_operational_daily.csv,OPD-HOSP-001-DEPT-OPC-20261213,PEX-KPI-DCF120177644
ISS-kpi_005-13075637,Info,PROVISIONAL_DENOMINATOR,kpi_005,HOSP-001,DEPT-OPC,2026-12-14,Complaint rate denominator is provisional and pending stakeholder approval,processed_operational_daily.csv,OPD-HOSP-001-DEPT-OPC-20261214,PEX-KPI-DCF120177644
ISS-kpi_005-60226907,Info,PROVISIONAL_DENOMINATOR,kpi_005,HOSP-001,DEPT-OPC,2026-12-15,Complaint rate denominator is provisional and pending stakeholder approval,processed_operational_daily.csv,OPD-HOSP-001-DEPT-OPC-20261215,PEX-KPI-DCF120177644
ISS-kpi_005-F6BBE9A1,Info,PROVISIONAL_DENOMINATOR,kpi_005,HOSP-001,DEPT-OPC,2026-12-16,Complaint rate denominator is provisional and pending stakeholder approval,processed_operational_daily.csv,OPD-HOSP-001-DEPT-OPC-20261216,PEX-KPI-DCF120177644
ISS-kpi_005-C76F517D,Info,PROVISIONAL_DENOMINATOR,kpi_005,HOSP-001,DEPT-OPC,2026-12-17,Complaint rate denominator is provisional and pending stakeholder approval,processed_operational_daily.csv,OPD-HOSP-001-DEPT-OPC-20261217,PEX-KPI-DCF120177644
ISS-kpi_005-A517AFB3,Info,PROVISIONAL_DENOMINATOR,kpi_005,HOSP-001,DEPT-OPC,2026-12-18,Complaint rate denominator is provisional and pending stakeholder approval,processed_operational_daily.csv,OPD-HOSP-001-DEPT-OPC-20261218,PEX-KPI-DCF120177644
ISS-kpi_005-FFC7A55C,Info,PROVISIONAL_DENOMINATOR,kpi_005,HOSP-001,DEPT-OPC,2026-12-19,Complaint rate denominator is provisional and pending stakeholder approval,processed_operational_daily.csv,OPD-HOSP-001-DEPT-OPC-20261219,PEX-KPI-DCF120177644
ISS-kpi_005-7873EC60,Info,PROVISIONAL_DENOMINATOR,kpi_005,HOSP-001,DEPT-OPC,2026-12-20,Complaint rate denominator is provisional and pending stakeholder approval,processed_operational_daily.csv,OPD-HOSP-001-DEPT-OPC-20261220,PEX-KPI-DCF120177644
ISS-kpi_005-B8DB4EC5,Info,PROVISIONAL_DENOMINATOR,kpi_005,HOSP-001,DEPT-OPC,2026-12-21,Complaint rate denominator is provisional and pending stakeholder approval,processed_operational_daily.csv,OPD-HOSP-001-DEPT-OPC-20261221,PEX-KPI-DCF120177644
ISS-kpi_005-A1BC5B03,Info,PROVISIONAL_DENOMINATOR,kpi_005,HOSP-001,DEPT-OPC,2026-12-22,Complaint rate denominator is provisional and pending stakeholder approval,processed_operational_daily.csv,OPD-HOSP-001-DEPT-OPC-20261222,PEX-KPI-DCF120177644
ISS-kpi_006-F77469B1,Warning,ZERO_DENOMINATOR,kpi_006,HOSP-001,DEPT-OPC,2026-12-22,Zero denominator for kpi_006,processed_operational_daily.csv,OPD-HOSP-001-DEPT-OPC-20261222,PEX-KPI-DCF120177644
ISS-kpi_005-BDA9601E,Info,PROVISIONAL_DENOMINATOR,kpi_005,HOSP-001,DEPT-OPC,2026-12-23,Complaint rate denominator is provisional and pending stakeholder approval,processed_operational_daily.csv,OPD-HOSP-001-DEPT-OPC-20261223,PEX-KPI-DCF120177644
ISS-kpi_005-7A38CBDD,Info,PROVISIONAL_DENOMINATOR,kpi_005,HOSP-001,DEPT-OPC,2026-12-24,Complaint rate denominator is provisional and pending stakeholder approval,processed_operational_daily.csv,OPD-HOSP-001-DEPT-OPC-20261224,PEX-KPI-DCF120177644
ISS-kpi_005-43A5F7D4,Info,PROVISIONAL_DENOMINATOR,kpi_005,HOSP-001,DEPT-OPC,2026-12-25,Complaint rate denominator is provisional and pending stakeholder approval,processed_operational_daily.csv,OPD-HOSP-001-DEPT-OPC-20261225,PEX-KPI-DCF120177644
ISS-kpi_005-1769FA86,Warning,INSUFFICIENT_DATA,kpi_005,HOSP-001,DEPT-OPC,2026-12-26,Insufficient data for kpi_005,processed_operational_daily.csv,OPD-HOSP-001-DEPT-OPC-20261226,PEX-KPI-DCF120177644
ISS-kpi_006-DC953648,Warning,INSUFFICIENT_DATA,kpi_006,HOSP-001,DEPT-OPC,2026-12-26,Insufficient data for kpi_006,processed_operational_daily.csv,OPD-HOSP-001-DEPT-OPC-20261226,PEX-KPI-DCF120177644
ISS-kpi_005-F8B13F08,Info,PROVISIONAL_DENOMINATOR,kpi_005,HOSP-001,DEPT-OPC,2026-12-27,Complaint rate denominator is provisional and pending stakeholder approval,processed_operational_daily.csv,OPD-HOSP-001-DEPT-OPC-20261227,PEX-KPI-DCF120177644
ISS-kpi_005-425C9C69,Info,PROVISIONAL_DENOMINATOR,kpi_005,HOSP-001,DEPT-OPC,2026-12-28,Complaint rate denominator is provisional and pending stakeholder approval,processed_operational_daily.csv,OPD-HOSP-001-DEPT-OPC-20261228,PEX-KPI-DCF120177644
ISS-kpi_005-589DCE4F,Info,PROVISIONAL_DENOMINATOR,kpi_005,HOSP-001,DEPT-OPC,2026-12-29,Complaint rate denominator is provisional and pending stakeholder approval,processed_operational_daily.csv,OPD-HOSP-001-DEPT-OPC-20261229,PEX-KPI-DCF120177644
ISS-kpi_005-FC2F2FDB,Info,PROVISIONAL_DENOMINATOR,kpi_005,HOSP-001,DEPT-OPC,2026-12-30,Complaint rate denominator is provisional and pending stakeholder approval,processed_operational_daily.csv,OPD-HOSP-001-DEPT-OPC-20261230,PEX-KPI-DCF120177644
ISS-kpi_005-FE6A58D0,Info,PROVISIONAL_DENOMINATOR,kpi_005,HOSP-001,DEPT-OPC,2026-12-31,Complaint rate denominator is provisional and pending stakeholder approval,processed_operational_daily.csv,OPD-HOSP-001-DEPT-OPC-20261231,PEX-KPI-DCF120177644
ISS-kpi_005-1CC3F1D3,Warning,ZERO_DENOMINATOR,kpi_005,HOSP-001,DEPT-PEX,2026-01-01,Zero denominator for kpi_005,processed_operational_daily.csv,OPD-HOSP-001-DEPT-PEX-20260101,PEX-KPI-DCF120177644
ISS-kpi_005-1D726684,Warning,ZERO_DENOMINATOR,kpi_005,HOSP-001,DEPT-PEX,2026-01-02,Zero denominator for kpi_005,processed_operational_daily.csv,OPD-HOSP-001-DEPT-PEX-20260102,PEX-KPI-DCF120177644
ISS-kpi_005-B588149D,Warning,ZERO_DENOMINATOR,kpi_005,HOSP-001,DEPT-PEX,2026-01-03,Zero denominator for kpi_005,processed_operational_daily.csv,OPD-HOSP-001-DEPT-PEX-20260103,PEX-KPI-DCF120177644
ISS-kpi_005-9CA0FDC0,Warning,ZERO_DENOMINATOR,kpi_005,HOSP-001,DEPT-PEX,2026-01-04,Zero denominator for kpi_005,processed_operational_daily.csv,OPD-HOSP-001-DEPT-PEX-20260104,PEX-KPI-DCF120177644
ISS-kpi_006-159B26C3,Warning,ZERO_DENOMINATOR,kpi_006,HOSP-001,DEPT-PEX,2026-01-04,Zero denominator for kpi_006,processed_operational_daily.csv,OPD-HOSP-001-DEPT-PEX-20260104,PEX-KPI-DCF120177644
ISS-kpi_005-6E8F9AEF,Warning,INSUFFICIENT_DATA,kpi_005,HOSP-001,DEPT-PEX,2026-01-05,Insufficient data for kpi_005,processed_operational_daily.csv,OPD-HOSP-001-DEPT-PEX-20260105,PEX-KPI-DCF120177644
ISS-kpi_006-B8357F4A,Warning,INSUFFICIENT_DATA,kpi_006,HOSP-001,DEPT-PEX,2026-01-05,Insufficient data for kpi_006,processed_operational_daily.csv,OPD-HOSP-001-DEPT-PEX-20260105,PEX-KPI-DCF120177644
ISS-kpi_005-66920F13,Warning,ZERO_DENOMINATOR,kpi_005,HOSP-001,DEPT-PEX,2026-01-06,Zero denominator for kpi_005,processed_operational_daily.csv,OPD-HOSP-001-DEPT-PEX-20260106,PEX-KPI-DCF120177644
ISS-kpi_005-E8060ECC,Warning,ZERO_DENOMINATOR,kpi_005,HOSP-001,DEPT-PEX,2026-01-07,Zero denominator for kpi_005,processed_operational_daily.csv,OPD-HOSP-001-DEPT-PEX-20260107,PEX-KPI-DCF120177644
ISS-kpi_005-6ABEC4B5,Warning,INSUFFICIENT_DATA,kpi_005,HOSP-001,DEPT-PEX,2026-01-08,Insufficient data for kpi_005,processed_operational_daily.csv,OPD-HOSP-001-DEPT-PEX-20260108,PEX-KPI-DCF120177644
ISS-kpi_006-1093C718,Warning,INSUFFICIENT_DATA,kpi_006,HOSP-001,DEPT-PEX,2026-01-08,Insufficient data for kpi_006,processed_operational_daily.csv,OPD-HOSP-001-DEPT-PEX-20260108,PEX-KPI-DCF120177644
ISS-kpi_005-9AF1C2FF,Warning,ZERO_DENOMINATOR,kpi_005,HOSP-001,DEPT-PEX,2026-01-09,Zero denominator for kpi_005,processed_operational_daily.csv,OPD-HOSP-001-DEPT-PEX-20260109,PEX-KPI-DCF120177644
ISS-kpi_005-D48B4037,Warning,ZERO_DENOMINATOR,kpi_005,HOSP-001,DEPT-PEX,2026-01-10,Zero denominator for kpi_005,processed_operational_daily.csv,OPD-HOSP-001-DEPT-PEX-20260110,PEX-KPI-DCF120177644
ISS-kpi_005-D8761356,Warning,ZERO_DENOMINATOR,kpi_005,HOSP-001,DEPT-PEX,2026-01-11,Zero denominator for kpi_005,processed_operational_daily.csv,OPD-HOSP-001-DEPT-PEX-20260111,PEX-KPI-DCF120177644
ISS-kpi_005-2E8E10C0,Warning,ZERO_DENOMINATOR,kpi_005,HOSP-001,DEPT-PEX,2026-01-12,Zero denominator for kpi_005,processed_operational_daily.csv,OPD-HOSP-001-DEPT-PEX-20260112,PEX-KPI-DCF120177644
ISS-kpi_005-6061EF89,Warning,ZERO_DENOMINATOR,kpi_005,HOSP-001,DEPT-PEX,2026-01-13,Zero denominator for kpi_005,processed_operational_daily.csv,OPD-HOSP-001-DEPT-PEX-20260113,PEX-KPI-DCF120177644
ISS-kpi_005-0AB0431B,Warning,ZERO_DENOMINATOR,kpi_005,HOSP-001,DEPT-PEX,2026-01-14,Zero denominator for kpi_005,processed_operational_daily.csv,OPD-HOSP-001-DEPT-PEX-20260114,PEX-KPI-DCF120177644
ISS-kpi_005-A88EA691,Warning,ZERO_DENOMINATOR,kpi_005,HOSP-001,DEPT-PEX,2026-01-15,Zero denominator for kpi_005,processed_operational_daily.csv,OPD-HOSP-001-DEPT-PEX-20260115,PEX-KPI-DCF120177644
ISS-kpi_005-7F756134,Warning,ZERO_DENOMINATOR,kpi_005,HOSP-001,DEPT-PEX,2026-01-16,Zero denominator for kpi_005,processed_operational_daily.csv,OPD-HOSP-001-DEPT-PEX-20260116,PEX-KPI-DCF120177644
ISS-kpi_005-E7956981,Warning,ZERO_DENOMINATOR,kpi_005,HOSP-001,DEPT-PEX,2026-01-17,Zero denominator for kpi_005,processed_operational_daily.csv,OPD-HOSP-001-DEPT-PEX-20260117,PEX-KPI-DCF120177644
ISS-kpi_005-A102649A,Warning,ZERO_DENOMINATOR,kpi_005,HOSP-001,DEPT-PEX,2026-01-18,Zero denominator for kpi_005,processed_operational_daily.csv,OPD-HOSP-001-DEPT-PEX-20260118,PEX-KPI-DCF120177644
ISS-kpi_005-6991F18E,Warning,ZERO_DENOMINATOR,kpi_005,HOSP-001,DEPT-PEX,2026-01-19,Zero denominator for kpi_005,processed_operational_daily.csv,OPD-HOSP-001-DEPT-PEX-20260119,PEX-KPI-DCF120177644
ISS-kpi_005-3413DE26,Warning,ZERO_DENOMINATOR,kpi_005,HOSP-001,DEPT-PEX,2026-01-20,Zero denominator for kpi_005,processed_operational_daily.csv,OPD-HOSP-001-DEPT-PEX-20260120,PEX-KPI-DCF120177644
ISS-kpi_005-F03835F9,Warning,ZERO_DENOMINATOR,kpi_005,HOSP-001,DEPT-PEX,2026-01-21,Zero denominator for kpi_005,processed_operational_daily.csv,OPD-HOSP-001-DEPT-PEX-20260121,PEX-KPI-DCF120177644
ISS-kpi_005-21DE9902,Warning,INSUFFICIENT_DATA,kpi_005,HOSP-001,DEPT-PEX,2026-01-22,Insufficient data for kpi_005,processed_operational_daily.csv,OPD-HOSP-001-DEPT-PEX-20260122,PEX-KPI-DCF120177644
ISS-kpi_006-6C5571D0,Warning,INSUFFICIENT_DATA,kpi_006,HOSP-001,DEPT-PEX,2026-01-22,Insufficient data for kpi_006,processed_operational_daily.csv,OPD-HOSP-001-DEPT-PEX-20260122,PEX-KPI-DCF120177644
ISS-kpi_005-5C85F43D,Warning,ZERO_DENOMINATOR,kpi_005,HOSP-001,DEPT-PEX,2026-01-23,Zero denominator for kpi_005,processed_operational_daily.csv,OPD-HOSP-001-DEPT-PEX-20260123,PEX-KPI-DCF120177644
ISS-kpi_005-087BC33E,Warning,ZERO_DENOMINATOR,kpi_005,HOSP-001,DEPT-PEX,2026-01-24,Zero denominator for kpi_005,processed_operational_daily.csv,OPD-HOSP-001-DEPT-PEX-20260124,PEX-KPI-DCF120177644
ISS-kpi_005-B0C309AE,Warning,ZERO_DENOMINATOR,kpi_005,HOSP-001,DEPT-PEX,2026-01-25,Zero denominator for kpi_005,processed_operational_daily.csv,OPD-HOSP-001-DEPT-PEX-20260125,PEX-KPI-DCF120177644
ISS-kpi_005-FE29A585,Warning,ZERO_DENOMINATOR,kpi_005,HOSP-001,DEPT-PEX,2026-01-26,Zero denominator for kpi_005,processed_operational_daily.csv,OPD-HOSP-001-DEPT-PEX-20260126,PEX-KPI-DCF120177644
ISS-kpi_006-FB372F4B,Warning,ZERO_DENOMINATOR,kpi_006,HOSP-001,DEPT-PEX,2026-01-26,Zero denominator for kpi_006,processed_operational_daily.csv,OPD-HOSP-001-DEPT-PEX-20260126,PEX-KPI-DCF120177644
ISS-kpi_005-A2488AC9,Warning,ZERO_DENOMINATOR,kpi_005,HOSP-001,DEPT-PEX,2026-01-27,Zero denominator for kpi_005,processed_operational_daily.csv,OPD-HOSP-001-DEPT-PEX-20260127,PEX-KPI-DCF120177644
ISS-kpi_005-309F7153,Warning,ZERO_DENOMINATOR,kpi_005,HOSP-001,DEPT-PEX,2026-01-28,Zero denominator for kpi_005,processed_operational_daily.csv,OPD-HOSP-001-DEPT-PEX-20260128,PEX-KPI-DCF120177644
ISS-kpi_005-40124AE2,Warning,ZERO_DENOMINATOR,kpi_005,HOSP-001,DEPT-PEX,2026-01-29,Zero denominator for kpi_005,processed_operational_daily.csv,OPD-HOSP-001-DEPT-PEX-20260129,PEX-KPI-DCF120177644
ISS-kpi_005-26CED674,Warning,ZERO_DENOMINATOR,kpi_005,HOSP-001,DEPT-PEX,2026-01-30,Zero denominator for kpi_005,processed_operational_daily.csv,OPD-HOSP-001-DEPT-PEX-20260130,PEX-KPI-DCF120177644
ISS-kpi_005-BDE2A518,Warning,ZERO_DENOMINATOR,kpi_005,HOSP-001,DEPT-PEX,2026-01-31,Zero denominator for kpi_005,processed_operational_daily.csv,OPD-HOSP-001-DEPT-PEX-20260131,PEX-KPI-DCF120177644
ISS-kpi_005-69C95D69,Warning,ZERO_DENOMINATOR,kpi_005,HOSP-001,DEPT-PEX,2026-02-01,Zero denominator for kpi_005,processed_operational_daily.csv,OPD-HOSP-001-DEPT-PEX-20260201,PEX-KPI-DCF120177644
ISS-kpi_005-3E3CFA4B,Warning,ZERO_DENOMINATOR,kpi_005,HOSP-001,DEPT-PEX,2026-02-02,Zero denominator for kpi_005,processed_operational_daily.csv,OPD-HOSP-001-DEPT-PEX-20260202,PEX-KPI-DCF120177644
ISS-kpi_005-287E972E,Warning,ZERO_DENOMINATOR,kpi_005,HOSP-001,DEPT-PEX,2026-02-03,Zero denominator for kpi_005,processed_operational_daily.csv,OPD-HOSP-001-DEPT-PEX-20260203,PEX-KPI-DCF120177644
ISS-kpi_005-5350FF78,Warning,ZERO_DENOMINATOR,kpi_005,HOSP-001,DEPT-PEX,2026-02-04,Zero denominator for kpi_005,processed_operational_daily.csv,OPD-HOSP-001-DEPT-PEX-20260204,PEX-KPI-DCF120177644
ISS-kpi_005-61ABA473,Warning,INSUFFICIENT_DATA,kpi_005,HOSP-001,DEPT-PEX,2026-02-05,Insufficient data for kpi_005,processed_operational_daily.csv,OPD-HOSP-001-DEPT-PEX-20260205,PEX-KPI-DCF120177644
ISS-kpi_006-7B8CBDD3,Warning,INSUFFICIENT_DATA,kpi_006,HOSP-001,DEPT-PEX,2026-02-05,Insufficient data for kpi_006,processed_operational_daily.csv,OPD-HOSP-001-DEPT-PEX-20260205,PEX-KPI-DCF120177644
ISS-kpi_005-0139CCD2,Warning,ZERO_DENOMINATOR,kpi_005,HOSP-001,DEPT-PEX,2026-02-06,Zero denominator for kpi_005,processed_operational_daily.csv,OPD-HOSP-001-DEPT-PEX-20260206,PEX-KPI-DCF120177644
ISS-kpi_005-36CFF575,Warning,ZERO_DENOMINATOR,kpi_005,HOSP-001,DEPT-PEX,2026-02-07,Zero denominator for kpi_005,processed_operational_daily.csv,OPD-HOSP-001-DEPT-PEX-20260207,PEX-KPI-DCF120177644
ISS-kpi_005-6E9ED5C8,Warning,ZERO_DENOMINATOR,kpi_005,HOSP-001,DEPT-PEX,2026-02-08,Zero denominator for kpi_005,processed_operational_daily.csv,OPD-HOSP-001-DEPT-PEX-20260208,PEX-KPI-DCF120177644
ISS-kpi_005-F903EA7F,Warning,ZERO_DENOMINATOR,kpi_005,HOSP-001,DEPT-PEX,2026-02-09,Zero denominator for kpi_005,processed_operational_daily.csv,OPD-HOSP-001-DEPT-PEX-20260209,PEX-KPI-DCF120177644
ISS-kpi_005-319B9C7E,Warning,INSUFFICIENT_DATA,kpi_005,HOSP-001,DEPT-PEX,2026-02-10,Insufficient data for kpi_005,processed_operational_daily.csv,OPD-HOSP-001-DEPT-PEX-20260210,PEX-KPI-DCF120177644
ISS-kpi_006-C591B710,Warning,INSUFFICIENT_DATA,kpi_006,HOSP-001,DEPT-PEX,2026-02-10,Insufficient data for kpi_006,processed_operational_daily.csv,OPD-HOSP-001-DEPT-PEX-20260210,PEX-KPI-DCF120177644
ISS-kpi_005-054CC1CC,Warning,ZERO_DENOMINATOR,kpi_005,HOSP-001,DEPT-PEX,2026-02-11,Zero denominator for kpi_005,processed_operational_daily.csv,OPD-HOSP-001-DEPT-PEX-20260211,PEX-KPI-DCF120177644
ISS-kpi_005-4F5A6FA5,Warning,ZERO_DENOMINATOR,kpi_005,HOSP-001,DEPT-PEX,2026-02-12,Zero denominator for kpi_005,processed_operational_daily.csv,OPD-HOSP-001-DEPT-PEX-20260212,PEX-KPI-DCF120177644
ISS-kpi_005-A22D3745,Warning,ZERO_DENOMINATOR,kpi_005,HOSP-001,DEPT-PEX,2026-02-13,Zero denominator for kpi_005,processed_operational_daily.csv,OPD-HOSP-001-DEPT-PEX-20260213,PEX-KPI-DCF120177644
ISS-kpi_005-51BF9B91,Warning,ZERO_DENOMINATOR,kpi_005,HOSP-001,DEPT-PEX,2026-02-14,Zero denominator for kpi_005,processed_operational_daily.csv,OPD-HOSP-001-DEPT-PEX-20260214,PEX-KPI-DCF120177644
ISS-kpi_005-F2034D27,Warning,ZERO_DENOMINATOR,kpi_005,HOSP-001,DEPT-PEX,2026-02-15,Zero denominator for kpi_005,processed_operational_daily.csv,OPD-HOSP-001-DEPT-PEX-20260215,PEX-KPI-DCF120177644
ISS-kpi_005-7AB575C0,Warning,ZERO_DENOMINATOR,kpi_005,HOSP-001,DEPT-PEX,2026-02-16,Zero denominator for kpi_005,processed_operational_daily.csv,OPD-HOSP-001-DEPT-PEX-20260216,PEX-KPI-DCF120177644
ISS-kpi_005-D0542E2F,Warning,ZERO_DENOMINATOR,kpi_005,HOSP-001,DEPT-PEX,2026-02-17,Zero denominator for kpi_005,processed_operational_daily.csv,OPD-HOSP-001-DEPT-PEX-20260217,PEX-KPI-DCF120177644
ISS-kpi_005-96E64829,Warning,ZERO_DENOMINATOR,kpi_005,HOSP-001,DEPT-PEX,2026-02-18,Zero denominator for kpi_005,processed_operational_daily.csv,OPD-HOSP-001-DEPT-PEX-20260218,PEX-KPI-DCF120177644
ISS-kpi_005-D7FE7BD0,Warning,ZERO_DENOMINATOR,kpi_005,HOSP-001,DEPT-PEX,2026-02-19,Zero denominator for kpi_005,processed_operational_daily.csv,OPD-HOSP-001-DEPT-PEX-20260219,PEX-KPI-DCF120177644
ISS-kpi_005-3E75C2F9,Warning,ZERO_DENOMINATOR,kpi_005,HOSP-001,DEPT-PEX,2026-02-20,Zero denominator for kpi_005,processed_operational_daily.csv,OPD-HOSP-001-DEPT-PEX-20260220,PEX-KPI-DCF120177644
ISS-kpi_005-11925B8D,Warning,ZERO_DENOMINATOR,kpi_005,HOSP-001,DEPT-PEX,2026-02-21,Zero denominator for kpi_005,processed_operational_daily.csv,OPD-HOSP-001-DEPT-PEX-20260221,PEX-KPI-DCF120177644
ISS-kpi_005-7743AAAB,Warning,ZERO_DENOMINATOR,kpi_005,HOSP-001,DEPT-PEX,2026-02-22,Zero denominator for kpi_005,processed_operational_daily.csv,OPD-HOSP-001-DEPT-PEX-20260222,PEX-KPI-DCF120177644
ISS-kpi_005-AA7E075F,Warning,ZERO_DENOMINATOR,kpi_005,HOSP-001,DEPT-PEX,2026-02-23,Zero denominator for kpi_005,processed_operational_daily.csv,OPD-HOSP-001-DEPT-PEX-20260223,PEX-KPI-DCF120177644
ISS-kpi_005-217CD2E6,Warning,ZERO_DENOMINATOR,kpi_005,HOSP-001,DEPT-PEX,2026-02-24,Zero denominator for kpi_005,processed_operational_daily.csv,OPD-HOSP-001-DEPT-PEX-20260224,PEX-KPI-DCF120177644
ISS-kpi_005-D8E4C2F2,Warning,ZERO_DENOMINATOR,kpi_005,HOSP-001,DEPT-PEX,2026-02-25,Zero denominator for kpi_005,processed_operational_daily.csv,OPD-HOSP-001-DEPT-PEX-20260225,PEX-KPI-DCF120177644
ISS-kpi_005-908ED055,Warning,ZERO_DENOMINATOR,kpi_005,HOSP-001,DEPT-PEX,2026-02-26,Zero denominator for kpi_005,processed_operational_daily.csv,OPD-HOSP-001-DEPT-PEX-20260226,PEX-KPI-DCF120177644
ISS-kpi_006-F44952F1,Warning,ZERO_DENOMINATOR,kpi_006,HOSP-001,DEPT-PEX,2026-02-26,Zero denominator for kpi_006,processed_operational_daily.csv,OPD-HOSP-001-DEPT-PEX-20260226,PEX-KPI-DCF120177644
ISS-kpi_005-32C96B2D,Warning,ZERO_DENOMINATOR,kpi_005,HOSP-001,DEPT-PEX,2026-02-27,Zero denominator for kpi_005,processed_operational_daily.csv,OPD-HOSP-001-DEPT-PEX-20260227,PEX-KPI-DCF120177644
ISS-kpi_005-CEA78EDC,Warning,ZERO_DENOMINATOR,kpi_005,HOSP-001,DEPT-PEX,2026-02-28,Zero denominator for kpi_005,processed_operational_daily.csv,OPD-HOSP-001-DEPT-PEX-20260228,PEX-KPI-DCF120177644
ISS-kpi_005-AD606738,Warning,ZERO_DENOMINATOR,kpi_005,HOSP-001,DEPT-PEX,2026-03-01,Zero denominator for kpi_005,processed_operational_daily.csv,OPD-HOSP-001-DEPT-PEX-20260301,PEX-KPI-DCF120177644
ISS-kpi_005-8636A90B,Warning,ZERO_DENOMINATOR,kpi_005,HOSP-001,DEPT-PEX,2026-03-02,Zero denominator for kpi_005,processed_operational_daily.csv,OPD-HOSP-001-DEPT-PEX-20260302,PEX-KPI-DCF120177644
ISS-kpi_005-A4056348,Warning,ZERO_DENOMINATOR,kpi_005,HOSP-001,DEPT-PEX,2026-03-03,Zero denominator for kpi_005,processed_operational_daily.csv,OPD-HOSP-001-DEPT-PEX-20260303,PEX-KPI-DCF120177644
ISS-kpi_005-2B9B3D97,Warning,ZERO_DENOMINATOR,kpi_005,HOSP-001,DEPT-PEX,2026-03-04,Zero denominator for kpi_005,processed_operational_daily.csv,OPD-HOSP-001-DEPT-PEX-20260304,PEX-KPI-DCF120177644
ISS-kpi_005-93A34FA3,Warning,ZERO_DENOMINATOR,kpi_005,HOSP-001,DEPT-PEX,2026-03-05,Zero denominator for kpi_005,processed_operational_daily.csv,OPD-HOSP-001-DEPT-PEX-20260305,PEX-KPI-DCF120177644
ISS-kpi_005-CC990533,Warning,ZERO_DENOMINATOR,kpi_005,HOSP-001,DEPT-PEX,2026-03-06,Zero denominator for kpi_005,processed_operational_daily.csv,OPD-HOSP-001-DEPT-PEX-20260306,PEX-KPI-DCF120177644
ISS-kpi_005-557F0E4F,Warning,ZERO_DENOMINATOR,kpi_005,HOSP-001,DEPT-PEX,2026-03-07,Zero denominator for kpi_005,processed_operational_daily.csv,OPD-HOSP-001-DEPT-PEX-20260307,PEX-KPI-DCF120177644
ISS-kpi_005-F0719A1C,Warning,ZERO_DENOMINATOR,kpi_005,HOSP-001,DEPT-PEX,2026-03-08,Zero denominator for kpi_005,processed_operational_daily.csv,OPD-HOSP-001-DEPT-PEX-20260308,PEX-KPI-DCF120177644
ISS-kpi_005-CE2BD939,Warning,ZERO_DENOMINATOR,kpi_005,HOSP-001,DEPT-PEX,2026-03-09,Zero denominator for kpi_005,processed_operational_daily.csv,OPD-HOSP-001-DEPT-PEX-20260309,PEX-KPI-DCF120177644
ISS-kpi_005-3A2F6275,Warning,ZERO_DENOMINATOR,kpi_005,HOSP-001,DEPT-PEX,2026-03-10,Zero denominator for kpi_005,processed_operational_daily.csv,OPD-HOSP-001-DEPT-PEX-20260310,PEX-KPI-DCF120177644
ISS-kpi_005-83909E7F,Warning,INSUFFICIENT_DATA,kpi_005,HOSP-001,DEPT-PEX,2026-03-11,Insufficient data for kpi_005,processed_operational_daily.csv,OPD-HOSP-001-DEPT-PEX-20260311,PEX-KPI-DCF120177644
ISS-kpi_006-197D67AC,Warning,INSUFFICIENT_DATA,kpi_006,HOSP-001,DEPT-PEX,2026-03-11,Insufficient data for kpi_006,processed_operational_daily.csv,OPD-HOSP-001-DEPT-PEX-20260311,PEX-KPI-DCF120177644
ISS-kpi_005-00592641,Warning,ZERO_DENOMINATOR,kpi_005,HOSP-001,DEPT-PEX,2026-03-12,Zero denominator for kpi_005,processed_operational_daily.csv,OPD-HOSP-001-DEPT-PEX-20260312,PEX-KPI-DCF120177644
ISS-kpi_006-E8CF252C,Warning,ZERO_DENOMINATOR,kpi_006,HOSP-001,DEPT-PEX,2026-03-12,Zero denominator for kpi_006,processed_operational_daily.csv,OPD-HOSP-001-DEPT-PEX-20260312,PEX-KPI-DCF120177644
ISS-kpi_005-5ED75CAE,Warning,ZERO_DENOMINATOR,kpi_005,HOSP-001,DEPT-PEX,2026-03-13,Zero denominator for kpi_005,processed_operational_daily.csv,OPD-HOSP-001-DEPT-PEX-20260313,PEX-KPI-DCF120177644
ISS-kpi_005-FDCBD16D,Warning,ZERO_DENOMINATOR,kpi_005,HOSP-001,DEPT-PEX,2026-03-14,Zero denominator for kpi_005,processed_operational_daily.csv,OPD-HOSP-001-DEPT-PEX-20260314,PEX-KPI-DCF120177644
ISS-kpi_005-F948EC4D,Warning,ZERO_DENOMINATOR,kpi_005,HOSP-001,DEPT-PEX,2026-03-15,Zero denominator for kpi_005,processed_operational_daily.csv,OPD-HOSP-001-DEPT-PEX-20260315,PEX-KPI-DCF120177644
ISS-kpi_005-243830D2,Warning,ZERO_DENOMINATOR,kpi_005,HOSP-001,DEPT-PEX,2026-03-16,Zero denominator for kpi_005,processed_operational_daily.csv,OPD-HOSP-001-DEPT-PEX-20260316,PEX-KPI-DCF120177644
ISS-kpi_005-1CBCA2B6,Warning,ZERO_DENOMINATOR,kpi_005,HOSP-001,DEPT-PEX,2026-03-17,Zero denominator for kpi_005,processed_operational_daily.csv,OPD-HOSP-001-DEPT-PEX-20260317,PEX-KPI-DCF120177644
ISS-kpi_005-D5BE1E6E,Warning,ZERO_DENOMINATOR,kpi_005,HOSP-001,DEPT-PEX,2026-03-18,Zero denominator for kpi_005,processed_operational_daily.csv,OPD-HOSP-001-DEPT-PEX-20260318,PEX-KPI-DCF120177644
ISS-kpi_006-11681913,Warning,ZERO_DENOMINATOR,kpi_006,HOSP-001,DEPT-PEX,2026-03-18,Zero denominator for kpi_006,processed_operational_daily.csv,OPD-HOSP-001-DEPT-PEX-20260318,PEX-KPI-DCF120177644
ISS-kpi_005-32ECF045,Warning,INSUFFICIENT_DATA,kpi_005,HOSP-001,DEPT-PEX,2026-03-19,Insufficient data for kpi_005,processed_operational_daily.csv,OPD-HOSP-001-DEPT-PEX-20260319,PEX-KPI-DCF120177644
ISS-kpi_006-6AAC5B68,Warning,INSUFFICIENT_DATA,kpi_006,HOSP-001,DEPT-PEX,2026-03-19,Insufficient data for kpi_006,processed_operational_daily.csv,OPD-HOSP-001-DEPT-PEX-20260319,PEX-KPI-DCF120177644
ISS-kpi_005-F2CECBF6,Warning,ZERO_DENOMINATOR,kpi_005,HOSP-001,DEPT-PEX,2026-03-20,Zero denominator for kpi_005,processed_operational_daily.csv,OPD-HOSP-001-DEPT-PEX-20260320,PEX-KPI-DCF120177644
ISS-kpi_005-2F36680C,Warning,ZERO_DENOMINATOR,kpi_005,HOSP-001,DEPT-PEX,2026-03-21,Zero denominator for kpi_005,processed_operational_daily.csv,OPD-HOSP-001-DEPT-PEX-20260321,PEX-KPI-DCF120177644
ISS-kpi_005-AAD91AD8,Warning,INSUFFICIENT_DATA,kpi_005,HOSP-001,DEPT-PEX,2026-03-22,Insufficient data for kpi_005,processed_operational_daily.csv,OPD-HOSP-001-DEPT-PEX-20260322,PEX-KPI-DCF120177644
ISS-kpi_006-27DFFBFB,Warning,INSUFFICIENT_DATA,kpi_006,HOSP-001,DEPT-PEX,2026-03-22,Insufficient data for kpi_006,processed_operational_daily.csv,OPD-HOSP-001-DEPT-PEX-20260322,PEX-KPI-DCF120177644
ISS-kpi_005-F3863285,Warning,INSUFFICIENT_DATA,kpi_005,HOSP-001,DEPT-PEX,2026-03-23,Insufficient data for kpi_005,processed_operational_daily.csv,OPD-HOSP-001-DEPT-PEX-20260323,PEX-KPI-DCF120177644
ISS-kpi_006-4140015D,Warning,INSUFFICIENT_DATA,kpi_006,HOSP-001,DEPT-PEX,2026-03-23,Insufficient data for kpi_006,processed_operational_daily.csv,OPD-HOSP-001-DEPT-PEX-20260323,PEX-KPI-DCF120177644
ISS-kpi_005-CAC52262,Warning,ZERO_DENOMINATOR,kpi_005,HOSP-001,DEPT-PEX,2026-03-24,Zero denominator for kpi_005,processed_operational_daily.csv,OPD-HOSP-001-DEPT-PEX-20260324,PEX-KPI-DCF120177644
ISS-kpi_006-BDCDD5D4,Warning,ZERO_DENOMINATOR,kpi_006,HOSP-001,DEPT-PEX,2026-03-24,Zero denominator for kpi_006,processed_operational_daily.csv,OPD-HOSP-001-DEPT-PEX-20260324,PEX-KPI-DCF120177644
ISS-kpi_005-0B99C7F2,Warning,ZERO_DENOMINATOR,kpi_005,HOSP-001,DEPT-PEX,2026-03-25,Zero denominator for kpi_005,processed_operational_daily.csv,OPD-HOSP-001-DEPT-PEX-20260325,PEX-KPI-DCF120177644
ISS-kpi_005-E29BABBB,Warning,ZERO_DENOMINATOR,kpi_005,HOSP-001,DEPT-PEX,2026-03-26,Zero denominator for kpi_005,processed_operational_daily.csv,OPD-HOSP-001-DEPT-PEX-20260326,PEX-KPI-DCF120177644
ISS-kpi_005-35053020,Warning,ZERO_DENOMINATOR,kpi_005,HOSP-001,DEPT-PEX,2026-03-27,Zero denominator for kpi_005,processed_operational_daily.csv,OPD-HOSP-001-DEPT-PEX-20260327,PEX-KPI-DCF120177644
ISS-kpi_005-4715EFD1,Warning,ZERO_DENOMINATOR,kpi_005,HOSP-001,DEPT-PEX,2026-03-28,Zero denominator for kpi_005,processed_operational_daily.csv,OPD-HOSP-001-DEPT-PEX-20260328,PEX-KPI-DCF120177644
ISS-kpi_005-6DBFEE4D,Warning,ZERO_DENOMINATOR,kpi_005,HOSP-001,DEPT-PEX,2026-03-29,Zero denominator for kpi_005,processed_operational_daily.csv,OPD-HOSP-001-DEPT-PEX-20260329,PEX-KPI-DCF120177644
ISS-kpi_005-D3D348C4,Warning,ZERO_DENOMINATOR,kpi_005,HOSP-001,DEPT-PEX,2026-03-30,Zero denominator for kpi_005,processed_operational_daily.csv,OPD-HOSP-001-DEPT-PEX-20260330,PEX-KPI-DCF120177644
ISS-kpi_005-8D7DCCE6,Warning,ZERO_DENOMINATOR,kpi_005,HOSP-001,DEPT-PEX,2026-03-31,Zero denominator for kpi_005,processed_operational_daily.csv,OPD-HOSP-001-DEPT-PEX-20260331,PEX-KPI-DCF120177644
ISS-kpi_005-640AFAE4,Warning,ZERO_DENOMINATOR,kpi_005,HOSP-001,DEPT-PEX,2026-04-01,Zero denominator for kpi_005,processed_operational_daily.csv,OPD-HOSP-001-DEPT-PEX-20260401,PEX-KPI-DCF120177644
ISS-kpi_005-E192A287,Warning,ZERO_DENOMINATOR,kpi_005,HOSP-001,DEPT-PEX,2026-04-02,Zero denominator for kpi_005,processed_operational_daily.csv,OPD-HOSP-001-DEPT-PEX-20260402,PEX-KPI-DCF120177644
ISS-kpi_006-4253E7FD,Warning,ZERO_DENOMINATOR,kpi_006,HOSP-001,DEPT-PEX,2026-04-02,Zero denominator for kpi_006,processed_operational_daily.csv,OPD-HOSP-001-DEPT-PEX-20260402,PEX-KPI-DCF120177644
ISS-kpi_005-5EED1CB1,Warning,ZERO_DENOMINATOR,kpi_005,HOSP-001,DEPT-PEX,2026-04-03,Zero denominator for kpi_005,processed_operational_daily.csv,OPD-HOSP-001-DEPT-PEX-20260403,PEX-KPI-DCF120177644
ISS-kpi_005-748DFC2A,Warning,ZERO_DENOMINATOR,kpi_005,HOSP-001,DEPT-PEX,2026-04-04,Zero denominator for kpi_005,processed_operational_daily.csv,OPD-HOSP-001-DEPT-PEX-20260404,PEX-KPI-DCF120177644
ISS-kpi_005-2931C303,Warning,ZERO_DENOMINATOR,kpi_005,HOSP-001,DEPT-PEX,2026-04-05,Zero denominator for kpi_005,processed_operational_daily.csv,OPD-HOSP-001-DEPT-PEX-20260405,PEX-KPI-DCF120177644
ISS-kpi_005-45733CD1,Warning,ZERO_DENOMINATOR,kpi_005,HOSP-001,DEPT-PEX,2026-04-06,Zero denominator for kpi_005,processed_operational_daily.csv,OPD-HOSP-001-DEPT-PEX-20260406,PEX-KPI-DCF120177644
ISS-kpi_005-91F253BB,Warning,ZERO_DENOMINATOR,kpi_005,HOSP-001,DEPT-PEX,2026-04-07,Zero denominator for kpi_005,processed_operational_daily.csv,OPD-HOSP-001-DEPT-PEX-20260407,PEX-KPI-DCF120177644
ISS-kpi_005-BAE1F67A,Warning,INSUFFICIENT_DATA,kpi_005,HOSP-001,DEPT-PEX,2026-04-08,Insufficient data for kpi_005,processed_operational_daily.csv,OPD-HOSP-001-DEPT-PEX-20260408,PEX-KPI-DCF120177644
ISS-kpi_006-0174D1C8,Warning,INSUFFICIENT_DATA,kpi_006,HOSP-001,DEPT-PEX,2026-04-08,Insufficient data for kpi_006,processed_operational_daily.csv,OPD-HOSP-001-DEPT-PEX-20260408,PEX-KPI-DCF120177644
ISS-kpi_005-43316B16,Warning,ZERO_DENOMINATOR,kpi_005,HOSP-001,DEPT-PEX,2026-04-09,Zero denominator for kpi_005,processed_operational_daily.csv,OPD-HOSP-001-DEPT-PEX-20260409,PEX-KPI-DCF120177644
ISS-kpi_005-64DB05C4,Warning,ZERO_DENOMINATOR,kpi_005,HOSP-001,DEPT-PEX,2026-04-10,Zero denominator for kpi_005,processed_operational_daily.csv,OPD-HOSP-001-DEPT-PEX-20260410,PEX-KPI-DCF120177644
ISS-kpi_006-4B389FA8,Warning,ZERO_DENOMINATOR,kpi_006,HOSP-001,DEPT-PEX,2026-04-10,Zero denominator for kpi_006,processed_operational_daily.csv,OPD-HOSP-001-DEPT-PEX-20260410,PEX-KPI-DCF120177644
ISS-kpi_005-AC5F4A19,Warning,INSUFFICIENT_DATA,kpi_005,HOSP-001,DEPT-PEX,2026-04-11,Insufficient data for kpi_005,processed_operational_daily.csv,OPD-HOSP-001-DEPT-PEX-20260411,PEX-KPI-DCF120177644
ISS-kpi_006-4BBFB434,Warning,INSUFFICIENT_DATA,kpi_006,HOSP-001,DEPT-PEX,2026-04-11,Insufficient data for kpi_006,processed_operational_daily.csv,OPD-HOSP-001-DEPT-PEX-20260411,PEX-KPI-DCF120177644
ISS-kpi_005-92055213,Warning,ZERO_DENOMINATOR,kpi_005,HOSP-001,DEPT-PEX,2026-04-12,Zero denominator for kpi_005,processed_operational_daily.csv,OPD-HOSP-001-DEPT-PEX-20260412,PEX-KPI-DCF120177644
ISS-kpi_005-6B2AC946,Warning,ZERO_DENOMINATOR,kpi_005,HOSP-001,DEPT-PEX,2026-04-13,Zero denominator for kpi_005,processed_operational_daily.csv,OPD-HOSP-001-DEPT-PEX-20260413,PEX-KPI-DCF120177644
ISS-kpi_005-BEAAB163,Warning,ZERO_DENOMINATOR,kpi_005,HOSP-001,DEPT-PEX,2026-04-14,Zero denominator for kpi_005,processed_operational_daily.csv,OPD-HOSP-001-DEPT-PEX-20260414,PEX-KPI-DCF120177644
ISS-kpi_005-C03ABDAC,Warning,INSUFFICIENT_DATA,kpi_005,HOSP-001,DEPT-PEX,2026-04-15,Insufficient data for kpi_005,processed_operational_daily.csv,OPD-HOSP-001-DEPT-PEX-20260415,PEX-KPI-DCF120177644
ISS-kpi_006-130E5BBA,Warning,INSUFFICIENT_DATA,kpi_006,HOSP-001,DEPT-PEX,2026-04-15,Insufficient data for kpi_006,processed_operational_daily.csv,OPD-HOSP-001-DEPT-PEX-20260415,PEX-KPI-DCF120177644
ISS-kpi_005-D3C5F80E,Warning,ZERO_DENOMINATOR,kpi_005,HOSP-001,DEPT-PEX,2026-04-16,Zero denominator for kpi_005,processed_operational_daily.csv,OPD-HOSP-001-DEPT-PEX-20260416,PEX-KPI-DCF120177644
ISS-kpi_005-3D00A278,Warning,ZERO_DENOMINATOR,kpi_005,HOSP-001,DEPT-PEX,2026-04-17,Zero denominator for kpi_005,processed_operational_daily.csv,OPD-HOSP-001-DEPT-PEX-20260417,PEX-KPI-DCF120177644
ISS-kpi_005-86CD61C4,Warning,ZERO_DENOMINATOR,kpi_005,HOSP-001,DEPT-PEX,2026-04-18,Zero denominator for kpi_005,processed_operational_daily.csv,OPD-HOSP-001-DEPT-PEX-20260418,PEX-KPI-DCF120177644
ISS-kpi_005-A0424A9A,Warning,ZERO_DENOMINATOR,kpi_005,HOSP-001,DEPT-PEX,2026-04-19,Zero denominator for kpi_005,processed_operational_daily.csv,OPD-HOSP-001-DEPT-PEX-20260419,PEX-KPI-DCF120177644
ISS-kpi_006-ABA55494,Warning,ZERO_DENOMINATOR,kpi_006,HOSP-001,DEPT-PEX,2026-04-19,Zero denominator for kpi_006,processed_operational_daily.csv,OPD-HOSP-001-DEPT-PEX-20260419,PEX-KPI-DCF120177644
ISS-kpi_005-B735FA09,Warning,ZERO_DENOMINATOR,kpi_005,HOSP-001,DEPT-PEX,2026-04-20,Zero denominator for kpi_005,processed_operational_daily.csv,OPD-HOSP-001-DEPT-PEX-20260420,PEX-KPI-DCF120177644
ISS-kpi_005-5D3A23A6,Warning,ZERO_DENOMINATOR,kpi_005,HOSP-001,DEPT-PEX,2026-04-21,Zero denominator for kpi_005,processed_operational_daily.csv,OPD-HOSP-001-DEPT-PEX-20260421,PEX-KPI-DCF120177644
ISS-kpi_005-E573B2B1,Warning,ZERO_DENOMINATOR,kpi_005,HOSP-001,DEPT-PEX,2026-04-22,Zero denominator for kpi_005,processed_operational_daily.csv,OPD-HOSP-001-DEPT-PEX-20260422,PEX-KPI-DCF120177644
ISS-kpi_005-7A6F9986,Warning,ZERO_DENOMINATOR,kpi_005,HOSP-001,DEPT-PEX,2026-04-23,Zero denominator for kpi_005,processed_operational_daily.csv,OPD-HOSP-001-DEPT-PEX-20260423,PEX-KPI-DCF120177644
ISS-kpi_005-DB708E63,Warning,ZERO_DENOMINATOR,kpi_005,HOSP-001,DEPT-PEX,2026-04-24,Zero denominator for kpi_005,processed_operational_daily.csv,OPD-HOSP-001-DEPT-PEX-20260424,PEX-KPI-DCF120177644
ISS-kpi_005-222CD4ED,Warning,ZERO_DENOMINATOR,kpi_005,HOSP-001,DEPT-PEX,2026-04-25,Zero denominator for kpi_005,processed_operational_daily.csv,OPD-HOSP-001-DEPT-PEX-20260425,PEX-KPI-DCF120177644
ISS-kpi_005-918ACBC0,Warning,ZERO_DENOMINATOR,kpi_005,HOSP-001,DEPT-PEX,2026-04-26,Zero denominator for kpi_005,processed_operational_daily.csv,OPD-HOSP-001-DEPT-PEX-20260426,PEX-KPI-DCF120177644
ISS-kpi_005-FD3DA318,Warning,ZERO_DENOMINATOR,kpi_005,HOSP-001,DEPT-PEX,2026-04-27,Zero denominator for kpi_005,processed_operational_daily.csv,OPD-HOSP-001-DEPT-PEX-20260427,PEX-KPI-DCF120177644
ISS-kpi_005-7D73E370,Warning,INSUFFICIENT_DATA,kpi_005,HOSP-001,DEPT-PEX,2026-04-28,Insufficient data for kpi_005,processed_operational_daily.csv,OPD-HOSP-001-DEPT-PEX-20260428,PEX-KPI-DCF120177644
ISS-kpi_006-E67C3428,Warning,INSUFFICIENT_DATA,kpi_006,HOSP-001,DEPT-PEX,2026-04-28,Insufficient data for kpi_006,processed_operational_daily.csv,OPD-HOSP-001-DEPT-PEX-20260428,PEX-KPI-DCF120177644
ISS-kpi_005-A8ADB402,Warning,ZERO_DENOMINATOR,kpi_005,HOSP-001,DEPT-PEX,2026-04-29,Zero denominator for kpi_005,processed_operational_daily.csv,OPD-HOSP-001-DEPT-PEX-20260429,PEX-KPI-DCF120177644
ISS-kpi_005-7940BABD,Warning,ZERO_DENOMINATOR,kpi_005,HOSP-001,DEPT-PEX,2026-04-30,Zero denominator for kpi_005,processed_operational_daily.csv,OPD-HOSP-001-DEPT-PEX-20260430,PEX-KPI-DCF120177644
ISS-kpi_005-8BEB6122,Warning,ZERO_DENOMINATOR,kpi_005,HOSP-001,DEPT-PEX,2026-05-01,Zero denominator for kpi_005,processed_operational_daily.csv,OPD-HOSP-001-DEPT-PEX-20260501,PEX-KPI-DCF120177644
ISS-kpi_005-918FDFBE,Warning,ZERO_DENOMINATOR,kpi_005,HOSP-001,DEPT-PEX,2026-05-02,Zero denominator for kpi_005,processed_operational_daily.csv,OPD-HOSP-001-DEPT-PEX-20260502,PEX-KPI-DCF120177644
ISS-kpi_005-43906456,Warning,ZERO_DENOMINATOR,kpi_005,HOSP-001,DEPT-PEX,2026-05-03,Zero denominator for kpi_005,processed_operational_daily.csv,OPD-HOSP-001-DEPT-PEX-20260503,PEX-KPI-DCF120177644
ISS-kpi_006-53821B45,Warning,ZERO_DENOMINATOR,kpi_006,HOSP-001,DEPT-PEX,2026-05-03,Zero denominator for kpi_006,processed_operational_daily.csv,OPD-HOSP-001-DEPT-PEX-20260503,PEX-KPI-DCF120177644
ISS-kpi_005-46DAA62E,Warning,ZERO_DENOMINATOR,kpi_005,HOSP-001,DEPT-PEX,2026-05-04,Zero denominator for kpi_005,processed_operational_daily.csv,OPD-HOSP-001-DEPT-PEX-20260504,PEX-KPI-DCF120177644
ISS-kpi_005-411515D2,Warning,ZERO_DENOMINATOR,kpi_005,HOSP-001,DEPT-PEX,2026-05-05,Zero denominator for kpi_005,processed_operational_daily.csv,OPD-HOSP-001-DEPT-PEX-20260505,PEX-KPI-DCF120177644
ISS-kpi_005-9446E4BB,Warning,ZERO_DENOMINATOR,kpi_005,HOSP-001,DEPT-PEX,2026-05-06,Zero denominator for kpi_005,processed_operational_daily.csv,OPD-HOSP-001-DEPT-PEX-20260506,PEX-KPI-DCF120177644
ISS-kpi_005-A5DF4488,Warning,ZERO_DENOMINATOR,kpi_005,HOSP-001,DEPT-PEX,2026-05-07,Zero denominator for kpi_005,processed_operational_daily.csv,OPD-HOSP-001-DEPT-PEX-20260507,PEX-KPI-DCF120177644
ISS-kpi_005-7A199CFD,Warning,ZERO_DENOMINATOR,kpi_005,HOSP-001,DEPT-PEX,2026-05-08,Zero denominator for kpi_005,processed_operational_daily.csv,OPD-HOSP-001-DEPT-PEX-20260508,PEX-KPI-DCF120177644
ISS-kpi_005-CBD51AA0,Warning,ZERO_DENOMINATOR,kpi_005,HOSP-001,DEPT-PEX,2026-05-09,Zero denominator for kpi_005,processed_operational_daily.csv,OPD-HOSP-001-DEPT-PEX-20260509,PEX-KPI-DCF120177644
ISS-kpi_005-0D82416C,Warning,ZERO_DENOMINATOR,kpi_005,HOSP-001,DEPT-PEX,2026-05-10,Zero denominator for kpi_005,processed_operational_daily.csv,OPD-HOSP-001-DEPT-PEX-20260510,PEX-KPI-DCF120177644
ISS-kpi_005-5EAF0211,Warning,ZERO_DENOMINATOR,kpi_005,HOSP-001,DEPT-PEX,2026-05-11,Zero denominator for kpi_005,processed_operational_daily.csv,OPD-HOSP-001-DEPT-PEX-20260511,PEX-KPI-DCF120177644
ISS-kpi_005-CE7D2356,Warning,ZERO_DENOMINATOR,kpi_005,HOSP-001,DEPT-PEX,2026-05-12,Zero denominator for kpi_005,processed_operational_daily.csv,OPD-HOSP-001-DEPT-PEX-20260512,PEX-KPI-DCF120177644
ISS-kpi_005-C8108B4D,Warning,ZERO_DENOMINATOR,kpi_005,HOSP-001,DEPT-PEX,2026-05-13,Zero denominator for kpi_005,processed_operational_daily.csv,OPD-HOSP-001-DEPT-PEX-20260513,PEX-KPI-DCF120177644
ISS-kpi_005-F7724CA9,Warning,ZERO_DENOMINATOR,kpi_005,HOSP-001,DEPT-PEX,2026-05-14,Zero denominator for kpi_005,processed_operational_daily.csv,OPD-HOSP-001-DEPT-PEX-20260514,PEX-KPI-DCF120177644
ISS-kpi_006-CE10E223,Warning,ZERO_DENOMINATOR,kpi_006,HOSP-001,DEPT-PEX,2026-05-14,Zero denominator for kpi_006,processed_operational_daily.csv,OPD-HOSP-001-DEPT-PEX-20260514,PEX-KPI-DCF120177644
ISS-kpi_005-E603F7E6,Warning,ZERO_DENOMINATOR,kpi_005,HOSP-001,DEPT-PEX,2026-05-15,Zero denominator for kpi_005,processed_operational_daily.csv,OPD-HOSP-001-DEPT-PEX-20260515,PEX-KPI-DCF120177644
ISS-kpi_005-041879CF,Warning,INSUFFICIENT_DATA,kpi_005,HOSP-001,DEPT-PEX,2026-05-16,Insufficient data for kpi_005,processed_operational_daily.csv,OPD-HOSP-001-DEPT-PEX-20260516,PEX-KPI-DCF120177644
ISS-kpi_006-8B6D8105,Warning,INSUFFICIENT_DATA,kpi_006,HOSP-001,DEPT-PEX,2026-05-16,Insufficient data for kpi_006,processed_operational_daily.csv,OPD-HOSP-001-DEPT-PEX-20260516,PEX-KPI-DCF120177644
ISS-kpi_005-B6393722,Warning,ZERO_DENOMINATOR,kpi_005,HOSP-001,DEPT-PEX,2026-05-17,Zero denominator for kpi_005,processed_operational_daily.csv,OPD-HOSP-001-DEPT-PEX-20260517,PEX-KPI-DCF120177644
ISS-kpi_006-28124B6F,Warning,ZERO_DENOMINATOR,kpi_006,HOSP-001,DEPT-PEX,2026-05-17,Zero denominator for kpi_006,processed_operational_daily.csv,OPD-HOSP-001-DEPT-PEX-20260517,PEX-KPI-DCF120177644
ISS-kpi_005-F25957D4,Warning,ZERO_DENOMINATOR,kpi_005,HOSP-001,DEPT-PEX,2026-05-18,Zero denominator for kpi_005,processed_operational_daily.csv,OPD-HOSP-001-DEPT-PEX-20260518,PEX-KPI-DCF120177644
ISS-kpi_005-62256E19,Warning,ZERO_DENOMINATOR,kpi_005,HOSP-001,DEPT-PEX,2026-05-19,Zero denominator for kpi_005,processed_operational_daily.csv,OPD-HOSP-001-DEPT-PEX-20260519,PEX-KPI-DCF120177644
ISS-kpi_005-600D2783,Warning,ZERO_DENOMINATOR,kpi_005,HOSP-001,DEPT-PEX,2026-05-20,Zero denominator for kpi_005,processed_operational_daily.csv,OPD-HOSP-001-DEPT-PEX-20260520,PEX-KPI-DCF120177644
ISS-kpi_005-057FC83C,Warning,ZERO_DENOMINATOR,kpi_005,HOSP-001,DEPT-PEX,2026-05-21,Zero denominator for kpi_005,processed_operational_daily.csv,OPD-HOSP-001-DEPT-PEX-20260521,PEX-KPI-DCF120177644
ISS-kpi_005-DB8CF7CC,Warning,ZERO_DENOMINATOR,kpi_005,HOSP-001,DEPT-PEX,2026-05-22,Zero denominator for kpi_005,processed_operational_daily.csv,OPD-HOSP-001-DEPT-PEX-20260522,PEX-KPI-DCF120177644
ISS-kpi_005-51659829,Warning,ZERO_DENOMINATOR,kpi_005,HOSP-001,DEPT-PEX,2026-05-23,Zero denominator for kpi_005,processed_operational_daily.csv,OPD-HOSP-001-DEPT-PEX-20260523,PEX-KPI-DCF120177644
ISS-kpi_005-18D42715,Warning,ZERO_DENOMINATOR,kpi_005,HOSP-001,DEPT-PEX,2026-05-24,Zero denominator for kpi_005,processed_operational_daily.csv,OPD-HOSP-001-DEPT-PEX-20260524,PEX-KPI-DCF120177644
ISS-kpi_005-71E8B25C,Warning,INSUFFICIENT_DATA,kpi_005,HOSP-001,DEPT-PEX,2026-05-25,Insufficient data for kpi_005,processed_operational_daily.csv,OPD-HOSP-001-DEPT-PEX-20260525,PEX-KPI-DCF120177644
ISS-kpi_006-CFA7723B,Warning,INSUFFICIENT_DATA,kpi_006,HOSP-001,DEPT-PEX,2026-05-25,Insufficient data for kpi_006,processed_operational_daily.csv,OPD-HOSP-001-DEPT-PEX-20260525,PEX-KPI-DCF120177644
ISS-kpi_005-1C11E6FE,Warning,ZERO_DENOMINATOR,kpi_005,HOSP-001,DEPT-PEX,2026-05-26,Zero denominator for kpi_005,processed_operational_daily.csv,OPD-HOSP-001-DEPT-PEX-20260526,PEX-KPI-DCF120177644
ISS-kpi_005-A200A32D,Warning,ZERO_DENOMINATOR,kpi_005,HOSP-001,DEPT-PEX,2026-05-27,Zero denominator for kpi_005,processed_operational_daily.csv,OPD-HOSP-001-DEPT-PEX-20260527,PEX-KPI-DCF120177644
ISS-kpi_005-5486ED69,Warning,ZERO_DENOMINATOR,kpi_005,HOSP-001,DEPT-PEX,2026-05-28,Zero denominator for kpi_005,processed_operational_daily.csv,OPD-HOSP-001-DEPT-PEX-20260528,PEX-KPI-DCF120177644
ISS-kpi_006-5A8F3D38,Warning,ZERO_DENOMINATOR,kpi_006,HOSP-001,DEPT-PEX,2026-05-28,Zero denominator for kpi_006,processed_operational_daily.csv,OPD-HOSP-001-DEPT-PEX-20260528,PEX-KPI-DCF120177644
ISS-kpi_005-FF13726F,Warning,ZERO_DENOMINATOR,kpi_005,HOSP-001,DEPT-PEX,2026-05-29,Zero denominator for kpi_005,processed_operational_daily.csv,OPD-HOSP-001-DEPT-PEX-20260529,PEX-KPI-DCF120177644
ISS-kpi_005-B8046031,Warning,ZERO_DENOMINATOR,kpi_005,HOSP-001,DEPT-PEX,2026-05-30,Zero denominator for kpi_005,processed_operational_daily.csv,OPD-HOSP-001-DEPT-PEX-20260530,PEX-KPI-DCF120177644
ISS-kpi_005-F1A757A1,Warning,ZERO_DENOMINATOR,kpi_005,HOSP-001,DEPT-PEX,2026-05-31,Zero denominator for kpi_005,processed_operational_daily.csv,OPD-HOSP-001-DEPT-PEX-20260531,PEX-KPI-DCF120177644
ISS-kpi_006-163A06C3,Warning,ZERO_DENOMINATOR,kpi_006,HOSP-001,DEPT-PEX,2026-05-31,Zero denominator for kpi_006,processed_operational_daily.csv,OPD-HOSP-001-DEPT-PEX-20260531,PEX-KPI-DCF120177644
ISS-kpi_005-9EAB56E1,Warning,ZERO_DENOMINATOR,kpi_005,HOSP-001,DEPT-PEX,2026-06-01,Zero denominator for kpi_005,processed_operational_daily.csv,OPD-HOSP-001-DEPT-PEX-20260601,PEX-KPI-DCF120177644
ISS-kpi_005-0D912445,Warning,ZERO_DENOMINATOR,kpi_005,HOSP-001,DEPT-PEX,2026-06-02,Zero denominator for kpi_005,processed_operational_daily.csv,OPD-HOSP-001-DEPT-PEX-20260602,PEX-KPI-DCF120177644
ISS-kpi_005-59ADBDE4,Warning,ZERO_DENOMINATOR,kpi_005,HOSP-001,DEPT-PEX,2026-06-03,Zero denominator for kpi_005,processed_operational_daily.csv,OPD-HOSP-001-DEPT-PEX-20260603,PEX-KPI-DCF120177644
ISS-kpi_005-B222C9F7,Warning,ZERO_DENOMINATOR,kpi_005,HOSP-001,DEPT-PEX,2026-06-04,Zero denominator for kpi_005,processed_operational_daily.csv,OPD-HOSP-001-DEPT-PEX-20260604,PEX-KPI-DCF120177644
ISS-kpi_005-38EAF511,Warning,ZERO_DENOMINATOR,kpi_005,HOSP-001,DEPT-PEX,2026-06-05,Zero denominator for kpi_005,processed_operational_daily.csv,OPD-HOSP-001-DEPT-PEX-20260605,PEX-KPI-DCF120177644
ISS-kpi_005-D5FD67A0,Warning,ZERO_DENOMINATOR,kpi_005,HOSP-001,DEPT-PEX,2026-06-06,Zero denominator for kpi_005,processed_operational_daily.csv,OPD-HOSP-001-DEPT-PEX-20260606,PEX-KPI-DCF120177644
ISS-kpi_005-86CACE9B,Warning,ZERO_DENOMINATOR,kpi_005,HOSP-001,DEPT-PEX,2026-06-07,Zero denominator for kpi_005,processed_operational_daily.csv,OPD-HOSP-001-DEPT-PEX-20260607,PEX-KPI-DCF120177644
ISS-kpi_005-05AC40E6,Warning,ZERO_DENOMINATOR,kpi_005,HOSP-001,DEPT-PEX,2026-06-08,Zero denominator for kpi_005,processed_operational_daily.csv,OPD-HOSP-001-DEPT-PEX-20260608,PEX-KPI-DCF120177644
ISS-kpi_005-A488D5CC,Warning,ZERO_DENOMINATOR,kpi_005,HOSP-001,DEPT-PEX,2026-06-09,Zero denominator for kpi_005,processed_operational_daily.csv,OPD-HOSP-001-DEPT-PEX-20260609,PEX-KPI-DCF120177644
ISS-kpi_005-AA8F8D8D,Warning,ZERO_DENOMINATOR,kpi_005,HOSP-001,DEPT-PEX,2026-06-10,Zero denominator for kpi_005,processed_operational_daily.csv,OPD-HOSP-001-DEPT-PEX-20260610,PEX-KPI-DCF120177644
ISS-kpi_005-1E1EFC33,Warning,ZERO_DENOMINATOR,kpi_005,HOSP-001,DEPT-PEX,2026-06-11,Zero denominator for kpi_005,processed_operational_daily.csv,OPD-HOSP-001-DEPT-PEX-20260611,PEX-KPI-DCF120177644
ISS-kpi_005-E1A82637,Warning,ZERO_DENOMINATOR,kpi_005,HOSP-001,DEPT-PEX,2026-06-12,Zero denominator for kpi_005,processed_operational_daily.csv,OPD-HOSP-001-DEPT-PEX-20260612,PEX-KPI-DCF120177644
ISS-kpi_005-3E722B46,Warning,ZERO_DENOMINATOR,kpi_005,HOSP-001,DEPT-PEX,2026-06-13,Zero denominator for kpi_005,processed_operational_daily.csv,OPD-HOSP-001-DEPT-PEX-20260613,PEX-KPI-DCF120177644
ISS-kpi_005-8B7C220C,Warning,ZERO_DENOMINATOR,kpi_005,HOSP-001,DEPT-PEX,2026-06-14,Zero denominator for kpi_005,processed_operational_daily.csv,OPD-HOSP-001-DEPT-PEX-20260614,PEX-KPI-DCF120177644
ISS-kpi_005-E865500B,Warning,ZERO_DENOMINATOR,kpi_005,HOSP-001,DEPT-PEX,2026-06-15,Zero denominator for kpi_005,processed_operational_daily.csv,OPD-HOSP-001-DEPT-PEX-20260615,PEX-KPI-DCF120177644
ISS-kpi_005-DC433B8C,Warning,ZERO_DENOMINATOR,kpi_005,HOSP-001,DEPT-PEX,2026-06-16,Zero denominator for kpi_005,processed_operational_daily.csv,OPD-HOSP-001-DEPT-PEX-20260616,PEX-KPI-DCF120177644
ISS-kpi_005-BE4AC5AC,Warning,ZERO_DENOMINATOR,kpi_005,HOSP-001,DEPT-PEX,2026-06-17,Zero denominator for kpi_005,processed_operational_daily.csv,OPD-HOSP-001-DEPT-PEX-20260617,PEX-KPI-DCF120177644
ISS-kpi_005-572DCDB1,Warning,INSUFFICIENT_DATA,kpi_005,HOSP-001,DEPT-PEX,2026-06-18,Insufficient data for kpi_005,processed_operational_daily.csv,OPD-HOSP-001-DEPT-PEX-20260618,PEX-KPI-DCF120177644
ISS-kpi_006-8899022F,Warning,INSUFFICIENT_DATA,kpi_006,HOSP-001,DEPT-PEX,2026-06-18,Insufficient data for kpi_006,processed_operational_daily.csv,OPD-HOSP-001-DEPT-PEX-20260618,PEX-KPI-DCF120177644
ISS-kpi_005-C1E3DDE8,Warning,ZERO_DENOMINATOR,kpi_005,HOSP-001,DEPT-PEX,2026-06-19,Zero denominator for kpi_005,processed_operational_daily.csv,OPD-HOSP-001-DEPT-PEX-20260619,PEX-KPI-DCF120177644
ISS-kpi_005-7555DE32,Warning,ZERO_DENOMINATOR,kpi_005,HOSP-001,DEPT-PEX,2026-06-20,Zero denominator for kpi_005,processed_operational_daily.csv,OPD-HOSP-001-DEPT-PEX-20260620,PEX-KPI-DCF120177644
ISS-kpi_005-2584AA61,Warning,ZERO_DENOMINATOR,kpi_005,HOSP-001,DEPT-PEX,2026-06-21,Zero denominator for kpi_005,processed_operational_daily.csv,OPD-HOSP-001-DEPT-PEX-20260621,PEX-KPI-DCF120177644
ISS-kpi_005-85C39BFC,Warning,ZERO_DENOMINATOR,kpi_005,HOSP-001,DEPT-PEX,2026-06-22,Zero denominator for kpi_005,processed_operational_daily.csv,OPD-HOSP-001-DEPT-PEX-20260622,PEX-KPI-DCF120177644
ISS-kpi_006-3FFE3B3C,Warning,ZERO_DENOMINATOR,kpi_006,HOSP-001,DEPT-PEX,2026-06-22,Zero denominator for kpi_006,processed_operational_daily.csv,OPD-HOSP-001-DEPT-PEX-20260622,PEX-KPI-DCF120177644
ISS-kpi_005-88B7F762,Warning,ZERO_DENOMINATOR,kpi_005,HOSP-001,DEPT-PEX,2026-06-23,Zero denominator for kpi_005,processed_operational_daily.csv,OPD-HOSP-001-DEPT-PEX-20260623,PEX-KPI-DCF120177644
ISS-kpi_005-D3C44915,Warning,ZERO_DENOMINATOR,kpi_005,HOSP-001,DEPT-PEX,2026-06-24,Zero denominator for kpi_005,processed_operational_daily.csv,OPD-HOSP-001-DEPT-PEX-20260624,PEX-KPI-DCF120177644
ISS-kpi_005-38C38731,Warning,ZERO_DENOMINATOR,kpi_005,HOSP-001,DEPT-PEX,2026-06-25,Zero denominator for kpi_005,processed_operational_daily.csv,OPD-HOSP-001-DEPT-PEX-20260625,PEX-KPI-DCF120177644
ISS-kpi_005-B01CFC85,Warning,ZERO_DENOMINATOR,kpi_005,HOSP-001,DEPT-PEX,2026-06-26,Zero denominator for kpi_005,processed_operational_daily.csv,OPD-HOSP-001-DEPT-PEX-20260626,PEX-KPI-DCF120177644
ISS-kpi_005-3A41E851,Warning,ZERO_DENOMINATOR,kpi_005,HOSP-001,DEPT-PEX,2026-06-27,Zero denominator for kpi_005,processed_operational_daily.csv,OPD-HOSP-001-DEPT-PEX-20260627,PEX-KPI-DCF120177644
ISS-kpi_005-0F9D9327,Warning,ZERO_DENOMINATOR,kpi_005,HOSP-001,DEPT-PEX,2026-06-28,Zero denominator for kpi_005,processed_operational_daily.csv,OPD-HOSP-001-DEPT-PEX-20260628,PEX-KPI-DCF120177644
ISS-kpi_005-8E34185F,Warning,ZERO_DENOMINATOR,kpi_005,HOSP-001,DEPT-PEX,2026-06-29,Zero denominator for kpi_005,processed_operational_daily.csv,OPD-HOSP-001-DEPT-PEX-20260629,PEX-KPI-DCF120177644
ISS-kpi_005-518BAE73,Warning,ZERO_DENOMINATOR,kpi_005,HOSP-001,DEPT-PEX,2026-06-30,Zero denominator for kpi_005,processed_operational_daily.csv,OPD-HOSP-001-DEPT-PEX-20260630,PEX-KPI-DCF120177644
ISS-kpi_006-99C72FF1,Warning,ZERO_DENOMINATOR,kpi_006,HOSP-001,DEPT-PEX,2026-06-30,Zero denominator for kpi_006,processed_operational_daily.csv,OPD-HOSP-001-DEPT-PEX-20260630,PEX-KPI-DCF120177644
ISS-kpi_005-214CEC71,Warning,ZERO_DENOMINATOR,kpi_005,HOSP-001,DEPT-PEX,2026-07-01,Zero denominator for kpi_005,processed_operational_daily.csv,OPD-HOSP-001-DEPT-PEX-20260701,PEX-KPI-DCF120177644
ISS-kpi_006-A3294A68,Warning,ZERO_DENOMINATOR,kpi_006,HOSP-001,DEPT-PEX,2026-07-01,Zero denominator for kpi_006,processed_operational_daily.csv,OPD-HOSP-001-DEPT-PEX-20260701,PEX-KPI-DCF120177644
ISS-kpi_005-59047C10,Warning,ZERO_DENOMINATOR,kpi_005,HOSP-001,DEPT-PEX,2026-07-02,Zero denominator for kpi_005,processed_operational_daily.csv,OPD-HOSP-001-DEPT-PEX-20260702,PEX-KPI-DCF120177644
ISS-kpi_005-B74A4709,Warning,ZERO_DENOMINATOR,kpi_005,HOSP-001,DEPT-PEX,2026-07-03,Zero denominator for kpi_005,processed_operational_daily.csv,OPD-HOSP-001-DEPT-PEX-20260703,PEX-KPI-DCF120177644
ISS-kpi_005-5DADDE70,Warning,ZERO_DENOMINATOR,kpi_005,HOSP-001,DEPT-PEX,2026-07-04,Zero denominator for kpi_005,processed_operational_daily.csv,OPD-HOSP-001-DEPT-PEX-20260704,PEX-KPI-DCF120177644
ISS-kpi_005-A906A7E2,Warning,ZERO_DENOMINATOR,kpi_005,HOSP-001,DEPT-PEX,2026-07-05,Zero denominator for kpi_005,processed_operational_daily.csv,OPD-HOSP-001-DEPT-PEX-20260705,PEX-KPI-DCF120177644
ISS-kpi_006-3FDD15E3,Warning,ZERO_DENOMINATOR,kpi_006,HOSP-001,DEPT-PEX,2026-07-05,Zero denominator for kpi_006,processed_operational_daily.csv,OPD-HOSP-001-DEPT-PEX-20260705,PEX-KPI-DCF120177644
ISS-kpi_005-86AC961A,Warning,ZERO_DENOMINATOR,kpi_005,HOSP-001,DEPT-PEX,2026-07-06,Zero denominator for kpi_005,processed_operational_daily.csv,OPD-HOSP-001-DEPT-PEX-20260706,PEX-KPI-DCF120177644
ISS-kpi_006-2D3298B1,Warning,ZERO_DENOMINATOR,kpi_006,HOSP-001,DEPT-PEX,2026-07-06,Zero denominator for kpi_006,processed_operational_daily.csv,OPD-HOSP-001-DEPT-PEX-20260706,PEX-KPI-DCF120177644
ISS-kpi_005-C5CF25EC,Warning,ZERO_DENOMINATOR,kpi_005,HOSP-001,DEPT-PEX,2026-07-07,Zero denominator for kpi_005,processed_operational_daily.csv,OPD-HOSP-001-DEPT-PEX-20260707,PEX-KPI-DCF120177644
ISS-kpi_005-45CE1BED,Warning,ZERO_DENOMINATOR,kpi_005,HOSP-001,DEPT-PEX,2026-07-08,Zero denominator for kpi_005,processed_operational_daily.csv,OPD-HOSP-001-DEPT-PEX-20260708,PEX-KPI-DCF120177644
ISS-kpi_005-01F36742,Warning,INSUFFICIENT_DATA,kpi_005,HOSP-001,DEPT-PEX,2026-07-09,Insufficient data for kpi_005,processed_operational_daily.csv,OPD-HOSP-001-DEPT-PEX-20260709,PEX-KPI-DCF120177644
ISS-kpi_006-85625C38,Warning,INSUFFICIENT_DATA,kpi_006,HOSP-001,DEPT-PEX,2026-07-09,Insufficient data for kpi_006,processed_operational_daily.csv,OPD-HOSP-001-DEPT-PEX-20260709,PEX-KPI-DCF120177644
ISS-kpi_005-2071C852,Warning,ZERO_DENOMINATOR,kpi_005,HOSP-001,DEPT-PEX,2026-07-10,Zero denominator for kpi_005,processed_operational_daily.csv,OPD-HOSP-001-DEPT-PEX-20260710,PEX-KPI-DCF120177644
ISS-kpi_005-8679E927,Warning,INSUFFICIENT_DATA,kpi_005,HOSP-001,DEPT-PEX,2026-07-11,Insufficient data for kpi_005,processed_operational_daily.csv,OPD-HOSP-001-DEPT-PEX-20260711,PEX-KPI-DCF120177644
ISS-kpi_006-935E062F,Warning,INSUFFICIENT_DATA,kpi_006,HOSP-001,DEPT-PEX,2026-07-11,Insufficient data for kpi_006,processed_operational_daily.csv,OPD-HOSP-001-DEPT-PEX-20260711,PEX-KPI-DCF120177644
ISS-kpi_005-95D27488,Warning,ZERO_DENOMINATOR,kpi_005,HOSP-001,DEPT-PEX,2026-07-12,Zero denominator for kpi_005,processed_operational_daily.csv,OPD-HOSP-001-DEPT-PEX-20260712,PEX-KPI-DCF120177644
ISS-kpi_005-65BA05C3,Warning,ZERO_DENOMINATOR,kpi_005,HOSP-001,DEPT-PEX,2026-07-13,Zero denominator for kpi_005,processed_operational_daily.csv,OPD-HOSP-001-DEPT-PEX-20260713,PEX-KPI-DCF120177644
ISS-kpi_005-5B1C3A38,Warning,ZERO_DENOMINATOR,kpi_005,HOSP-001,DEPT-PEX,2026-07-14,Zero denominator for kpi_005,processed_operational_daily.csv,OPD-HOSP-001-DEPT-PEX-20260714,PEX-KPI-DCF120177644
ISS-kpi_005-14C88ECF,Warning,ZERO_DENOMINATOR,kpi_005,HOSP-001,DEPT-PEX,2026-07-15,Zero denominator for kpi_005,processed_operational_daily.csv,OPD-HOSP-001-DEPT-PEX-20260715,PEX-KPI-DCF120177644
ISS-kpi_005-952031DC,Warning,ZERO_DENOMINATOR,kpi_005,HOSP-001,DEPT-PEX,2026-07-16,Zero denominator for kpi_005,processed_operational_daily.csv,OPD-HOSP-001-DEPT-PEX-20260716,PEX-KPI-DCF120177644
ISS-kpi_005-51E28B2B,Warning,ZERO_DENOMINATOR,kpi_005,HOSP-001,DEPT-PEX,2026-07-17,Zero denominator for kpi_005,processed_operational_daily.csv,OPD-HOSP-001-DEPT-PEX-20260717,PEX-KPI-DCF120177644
ISS-kpi_005-46CB8734,Warning,INSUFFICIENT_DATA,kpi_005,HOSP-001,DEPT-PEX,2026-07-18,Insufficient data for kpi_005,processed_operational_daily.csv,OPD-HOSP-001-DEPT-PEX-20260718,PEX-KPI-DCF120177644
ISS-kpi_006-1BCE1EDE,Warning,INSUFFICIENT_DATA,kpi_006,HOSP-001,DEPT-PEX,2026-07-18,Insufficient data for kpi_006,processed_operational_daily.csv,OPD-HOSP-001-DEPT-PEX-20260718,PEX-KPI-DCF120177644
ISS-kpi_005-9BD78627,Warning,ZERO_DENOMINATOR,kpi_005,HOSP-001,DEPT-PEX,2026-07-19,Zero denominator for kpi_005,processed_operational_daily.csv,OPD-HOSP-001-DEPT-PEX-20260719,PEX-KPI-DCF120177644
ISS-kpi_005-BD2A4069,Warning,ZERO_DENOMINATOR,kpi_005,HOSP-001,DEPT-PEX,2026-07-20,Zero denominator for kpi_005,processed_operational_daily.csv,OPD-HOSP-001-DEPT-PEX-20260720,PEX-KPI-DCF120177644
ISS-kpi_005-28AF54F8,Warning,ZERO_DENOMINATOR,kpi_005,HOSP-001,DEPT-PEX,2026-07-21,Zero denominator for kpi_005,processed_operational_daily.csv,OPD-HOSP-001-DEPT-PEX-20260721,PEX-KPI-DCF120177644
ISS-kpi_005-6719973C,Warning,ZERO_DENOMINATOR,kpi_005,HOSP-001,DEPT-PEX,2026-07-22,Zero denominator for kpi_005,processed_operational_daily.csv,OPD-HOSP-001-DEPT-PEX-20260722,PEX-KPI-DCF120177644
ISS-kpi_005-12421D57,Warning,ZERO_DENOMINATOR,kpi_005,HOSP-001,DEPT-PEX,2026-07-23,Zero denominator for kpi_005,processed_operational_daily.csv,OPD-HOSP-001-DEPT-PEX-20260723,PEX-KPI-DCF120177644
ISS-kpi_005-82F366E7,Warning,ZERO_DENOMINATOR,kpi_005,HOSP-001,DEPT-PEX,2026-07-24,Zero denominator for kpi_005,processed_operational_daily.csv,OPD-HOSP-001-DEPT-PEX-20260724,PEX-KPI-DCF120177644
ISS-kpi_005-BC375890,Warning,ZERO_DENOMINATOR,kpi_005,HOSP-001,DEPT-PEX,2026-07-25,Zero denominator for kpi_005,processed_operational_daily.csv,OPD-HOSP-001-DEPT-PEX-20260725,PEX-KPI-DCF120177644
ISS-kpi_005-F98D5C1A,Warning,ZERO_DENOMINATOR,kpi_005,HOSP-001,DEPT-PEX,2026-07-26,Zero denominator for kpi_005,processed_operational_daily.csv,OPD-HOSP-001-DEPT-PEX-20260726,PEX-KPI-DCF120177644
ISS-kpi_005-1C0C4B2A,Warning,ZERO_DENOMINATOR,kpi_005,HOSP-001,DEPT-PEX,2026-07-27,Zero denominator for kpi_005,processed_operational_daily.csv,OPD-HOSP-001-DEPT-PEX-20260727,PEX-KPI-DCF120177644
ISS-kpi_005-0BBCEA5D,Warning,ZERO_DENOMINATOR,kpi_005,HOSP-001,DEPT-PEX,2026-07-28,Zero denominator for kpi_005,processed_operational_daily.csv,OPD-HOSP-001-DEPT-PEX-20260728,PEX-KPI-DCF120177644
ISS-kpi_005-FAF88CC0,Warning,ZERO_DENOMINATOR,kpi_005,HOSP-001,DEPT-PEX,2026-07-29,Zero denominator for kpi_005,processed_operational_daily.csv,OPD-HOSP-001-DEPT-PEX-20260729,PEX-KPI-DCF120177644
ISS-kpi_005-9B0B90F0,Warning,ZERO_DENOMINATOR,kpi_005,HOSP-001,DEPT-PEX,2026-07-30,Zero denominator for kpi_005,processed_operational_daily.csv,OPD-HOSP-001-DEPT-PEX-20260730,PEX-KPI-DCF120177644
ISS-kpi_005-1C98DE4D,Warning,ZERO_DENOMINATOR,kpi_005,HOSP-001,DEPT-PEX,2026-07-31,Zero denominator for kpi_005,processed_operational_daily.csv,OPD-HOSP-001-DEPT-PEX-20260731,PEX-KPI-DCF120177644
ISS-kpi_005-B723EE1D,Warning,ZERO_DENOMINATOR,kpi_005,HOSP-001,DEPT-PEX,2026-08-01,Zero denominator for kpi_005,processed_operational_daily.csv,OPD-HOSP-001-DEPT-PEX-20260801,PEX-KPI-DCF120177644
ISS-kpi_006-64BBCD0C,Warning,ZERO_DENOMINATOR,kpi_006,HOSP-001,DEPT-PEX,2026-08-01,Zero denominator for kpi_006,processed_operational_daily.csv,OPD-HOSP-001-DEPT-PEX-20260801,PEX-KPI-DCF120177644
ISS-kpi_005-0C86957E,Warning,ZERO_DENOMINATOR,kpi_005,HOSP-001,DEPT-PEX,2026-08-02,Zero denominator for kpi_005,processed_operational_daily.csv,OPD-HOSP-001-DEPT-PEX-20260802,PEX-KPI-DCF120177644
ISS-kpi_006-DED8FAF5,Warning,ZERO_DENOMINATOR,kpi_006,HOSP-001,DEPT-PEX,2026-08-02,Zero denominator for kpi_006,processed_operational_daily.csv,OPD-HOSP-001-DEPT-PEX-20260802,PEX-KPI-DCF120177644
ISS-kpi_005-E76771ED,Warning,ZERO_DENOMINATOR,kpi_005,HOSP-001,DEPT-PEX,2026-08-03,Zero denominator for kpi_005,processed_operational_daily.csv,OPD-HOSP-001-DEPT-PEX-20260803,PEX-KPI-DCF120177644
ISS-kpi_005-DB8FC866,Warning,ZERO_DENOMINATOR,kpi_005,HOSP-001,DEPT-PEX,2026-08-04,Zero denominator for kpi_005,processed_operational_daily.csv,OPD-HOSP-001-DEPT-PEX-20260804,PEX-KPI-DCF120177644
ISS-kpi_005-66B0F1DF,Warning,ZERO_DENOMINATOR,kpi_005,HOSP-001,DEPT-PEX,2026-08-05,Zero denominator for kpi_005,processed_operational_daily.csv,OPD-HOSP-001-DEPT-PEX-20260805,PEX-KPI-DCF120177644
ISS-kpi_005-21F41CC8,Warning,ZERO_DENOMINATOR,kpi_005,HOSP-001,DEPT-PEX,2026-08-06,Zero denominator for kpi_005,processed_operational_daily.csv,OPD-HOSP-001-DEPT-PEX-20260806,PEX-KPI-DCF120177644
ISS-kpi_005-8FB60993,Warning,ZERO_DENOMINATOR,kpi_005,HOSP-001,DEPT-PEX,2026-08-07,Zero denominator for kpi_005,processed_operational_daily.csv,OPD-HOSP-001-DEPT-PEX-20260807,PEX-KPI-DCF120177644
ISS-kpi_005-3E0D91D1,Warning,ZERO_DENOMINATOR,kpi_005,HOSP-001,DEPT-PEX,2026-08-08,Zero denominator for kpi_005,processed_operational_daily.csv,OPD-HOSP-001-DEPT-PEX-20260808,PEX-KPI-DCF120177644
ISS-kpi_005-BD1DA90D,Warning,ZERO_DENOMINATOR,kpi_005,HOSP-001,DEPT-PEX,2026-08-09,Zero denominator for kpi_005,processed_operational_daily.csv,OPD-HOSP-001-DEPT-PEX-20260809,PEX-KPI-DCF120177644
ISS-kpi_005-785E2A31,Warning,INSUFFICIENT_DATA,kpi_005,HOSP-001,DEPT-PEX,2026-08-10,Insufficient data for kpi_005,processed_operational_daily.csv,OPD-HOSP-001-DEPT-PEX-20260810,PEX-KPI-DCF120177644
ISS-kpi_006-AC08724D,Warning,INSUFFICIENT_DATA,kpi_006,HOSP-001,DEPT-PEX,2026-08-10,Insufficient data for kpi_006,processed_operational_daily.csv,OPD-HOSP-001-DEPT-PEX-20260810,PEX-KPI-DCF120177644
ISS-kpi_005-A18B0342,Warning,ZERO_DENOMINATOR,kpi_005,HOSP-001,DEPT-PEX,2026-08-11,Zero denominator for kpi_005,processed_operational_daily.csv,OPD-HOSP-001-DEPT-PEX-20260811,PEX-KPI-DCF120177644
ISS-kpi_005-8D5BC195,Warning,ZERO_DENOMINATOR,kpi_005,HOSP-001,DEPT-PEX,2026-08-12,Zero denominator for kpi_005,processed_operational_daily.csv,OPD-HOSP-001-DEPT-PEX-20260812,PEX-KPI-DCF120177644
ISS-kpi_006-7BF45C7B,Warning,ZERO_DENOMINATOR,kpi_006,HOSP-001,DEPT-PEX,2026-08-12,Zero denominator for kpi_006,processed_operational_daily.csv,OPD-HOSP-001-DEPT-PEX-20260812,PEX-KPI-DCF120177644
ISS-kpi_005-C99D1ABD,Warning,ZERO_DENOMINATOR,kpi_005,HOSP-001,DEPT-PEX,2026-08-13,Zero denominator for kpi_005,processed_operational_daily.csv,OPD-HOSP-001-DEPT-PEX-20260813,PEX-KPI-DCF120177644
ISS-kpi_005-C04706E4,Warning,ZERO_DENOMINATOR,kpi_005,HOSP-001,DEPT-PEX,2026-08-14,Zero denominator for kpi_005,processed_operational_daily.csv,OPD-HOSP-001-DEPT-PEX-20260814,PEX-KPI-DCF120177644
ISS-kpi_005-CB729868,Warning,ZERO_DENOMINATOR,kpi_005,HOSP-001,DEPT-PEX,2026-08-15,Zero denominator for kpi_005,processed_operational_daily.csv,OPD-HOSP-001-DEPT-PEX-20260815,PEX-KPI-DCF120177644
ISS-kpi_005-EDB2E4C8,Warning,ZERO_DENOMINATOR,kpi_005,HOSP-001,DEPT-PEX,2026-08-16,Zero denominator for kpi_005,processed_operational_daily.csv,OPD-HOSP-001-DEPT-PEX-20260816,PEX-KPI-DCF120177644
ISS-kpi_005-1162C989,Warning,ZERO_DENOMINATOR,kpi_005,HOSP-001,DEPT-PEX,2026-08-17,Zero denominator for kpi_005,processed_operational_daily.csv,OPD-HOSP-001-DEPT-PEX-20260817,PEX-KPI-DCF120177644
ISS-kpi_005-212CE959,Warning,ZERO_DENOMINATOR,kpi_005,HOSP-001,DEPT-PEX,2026-08-18,Zero denominator for kpi_005,processed_operational_daily.csv,OPD-HOSP-001-DEPT-PEX-20260818,PEX-KPI-DCF120177644
ISS-kpi_005-08D057A8,Warning,ZERO_DENOMINATOR,kpi_005,HOSP-001,DEPT-PEX,2026-08-19,Zero denominator for kpi_005,processed_operational_daily.csv,OPD-HOSP-001-DEPT-PEX-20260819,PEX-KPI-DCF120177644
ISS-kpi_005-E05DEB29,Warning,ZERO_DENOMINATOR,kpi_005,HOSP-001,DEPT-PEX,2026-08-20,Zero denominator for kpi_005,processed_operational_daily.csv,OPD-HOSP-001-DEPT-PEX-20260820,PEX-KPI-DCF120177644
ISS-kpi_005-67E3D515,Warning,ZERO_DENOMINATOR,kpi_005,HOSP-001,DEPT-PEX,2026-08-21,Zero denominator for kpi_005,processed_operational_daily.csv,OPD-HOSP-001-DEPT-PEX-20260821,PEX-KPI-DCF120177644
ISS-kpi_005-4E9DE30B,Warning,ZERO_DENOMINATOR,kpi_005,HOSP-001,DEPT-PEX,2026-08-22,Zero denominator for kpi_005,processed_operational_daily.csv,OPD-HOSP-001-DEPT-PEX-20260822,PEX-KPI-DCF120177644
ISS-kpi_005-220DD6A2,Warning,ZERO_DENOMINATOR,kpi_005,HOSP-001,DEPT-PEX,2026-08-23,Zero denominator for kpi_005,processed_operational_daily.csv,OPD-HOSP-001-DEPT-PEX-20260823,PEX-KPI-DCF120177644
ISS-kpi_005-1CA6937A,Warning,ZERO_DENOMINATOR,kpi_005,HOSP-001,DEPT-PEX,2026-08-24,Zero denominator for kpi_005,processed_operational_daily.csv,OPD-HOSP-001-DEPT-PEX-20260824,PEX-KPI-DCF120177644
ISS-kpi_005-6A6B9516,Warning,ZERO_DENOMINATOR,kpi_005,HOSP-001,DEPT-PEX,2026-08-25,Zero denominator for kpi_005,processed_operational_daily.csv,OPD-HOSP-001-DEPT-PEX-20260825,PEX-KPI-DCF120177644
ISS-kpi_005-A223BCD9,Warning,ZERO_DENOMINATOR,kpi_005,HOSP-001,DEPT-PEX,2026-08-26,Zero denominator for kpi_005,processed_operational_daily.csv,OPD-HOSP-001-DEPT-PEX-20260826,PEX-KPI-DCF120177644
ISS-kpi_005-D7CC4C05,Warning,ZERO_DENOMINATOR,kpi_005,HOSP-001,DEPT-PEX,2026-08-27,Zero denominator for kpi_005,processed_operational_daily.csv,OPD-HOSP-001-DEPT-PEX-20260827,PEX-KPI-DCF120177644
ISS-kpi_005-24D14EC7,Warning,INSUFFICIENT_DATA,kpi_005,HOSP-001,DEPT-PEX,2026-08-28,Insufficient data for kpi_005,processed_operational_daily.csv,OPD-HOSP-001-DEPT-PEX-20260828,PEX-KPI-DCF120177644
ISS-kpi_006-B646A343,Warning,INSUFFICIENT_DATA,kpi_006,HOSP-001,DEPT-PEX,2026-08-28,Insufficient data for kpi_006,processed_operational_daily.csv,OPD-HOSP-001-DEPT-PEX-20260828,PEX-KPI-DCF120177644
ISS-kpi_005-68A04CED,Warning,INSUFFICIENT_DATA,kpi_005,HOSP-001,DEPT-PEX,2026-08-29,Insufficient data for kpi_005,processed_operational_daily.csv,OPD-HOSP-001-DEPT-PEX-20260829,PEX-KPI-DCF120177644
ISS-kpi_006-27528AD1,Warning,INSUFFICIENT_DATA,kpi_006,HOSP-001,DEPT-PEX,2026-08-29,Insufficient data for kpi_006,processed_operational_daily.csv,OPD-HOSP-001-DEPT-PEX-20260829,PEX-KPI-DCF120177644
ISS-kpi_005-1F1175DA,Warning,ZERO_DENOMINATOR,kpi_005,HOSP-001,DEPT-PEX,2026-08-30,Zero denominator for kpi_005,processed_operational_daily.csv,OPD-HOSP-001-DEPT-PEX-20260830,PEX-KPI-DCF120177644
ISS-kpi_005-4E0626A3,Warning,INSUFFICIENT_DATA,kpi_005,HOSP-001,DEPT-PEX,2026-08-31,Insufficient data for kpi_005,processed_operational_daily.csv,OPD-HOSP-001-DEPT-PEX-20260831,PEX-KPI-DCF120177644
ISS-kpi_006-BDBABEEA,Warning,INSUFFICIENT_DATA,kpi_006,HOSP-001,DEPT-PEX,2026-08-31,Insufficient data for kpi_006,processed_operational_daily.csv,OPD-HOSP-001-DEPT-PEX-20260831,PEX-KPI-DCF120177644
ISS-kpi_005-97229DEC,Warning,ZERO_DENOMINATOR,kpi_005,HOSP-001,DEPT-PEX,2026-09-01,Zero denominator for kpi_005,processed_operational_daily.csv,OPD-HOSP-001-DEPT-PEX-20260901,PEX-KPI-DCF120177644
ISS-kpi_005-0A208511,Warning,ZERO_DENOMINATOR,kpi_005,HOSP-001,DEPT-PEX,2026-09-02,Zero denominator for kpi_005,processed_operational_daily.csv,OPD-HOSP-001-DEPT-PEX-20260902,PEX-KPI-DCF120177644
ISS-kpi_005-CD88076F,Warning,ZERO_DENOMINATOR,kpi_005,HOSP-001,DEPT-PEX,2026-09-03,Zero denominator for kpi_005,processed_operational_daily.csv,OPD-HOSP-001-DEPT-PEX-20260903,PEX-KPI-DCF120177644
ISS-kpi_005-63E6DEFC,Warning,ZERO_DENOMINATOR,kpi_005,HOSP-001,DEPT-PEX,2026-09-04,Zero denominator for kpi_005,processed_operational_daily.csv,OPD-HOSP-001-DEPT-PEX-20260904,PEX-KPI-DCF120177644
ISS-kpi_005-E7DBD66C,Warning,ZERO_DENOMINATOR,kpi_005,HOSP-001,DEPT-PEX,2026-09-05,Zero denominator for kpi_005,processed_operational_daily.csv,OPD-HOSP-001-DEPT-PEX-20260905,PEX-KPI-DCF120177644
ISS-kpi_005-267A5FDF,Warning,INSUFFICIENT_DATA,kpi_005,HOSP-001,DEPT-PEX,2026-09-06,Insufficient data for kpi_005,processed_operational_daily.csv,OPD-HOSP-001-DEPT-PEX-20260906,PEX-KPI-DCF120177644
ISS-kpi_006-178CD805,Warning,INSUFFICIENT_DATA,kpi_006,HOSP-001,DEPT-PEX,2026-09-06,Insufficient data for kpi_006,processed_operational_daily.csv,OPD-HOSP-001-DEPT-PEX-20260906,PEX-KPI-DCF120177644
ISS-kpi_005-8ABAEC9C,Warning,ZERO_DENOMINATOR,kpi_005,HOSP-001,DEPT-PEX,2026-09-07,Zero denominator for kpi_005,processed_operational_daily.csv,OPD-HOSP-001-DEPT-PEX-20260907,PEX-KPI-DCF120177644
ISS-kpi_005-67427039,Warning,INSUFFICIENT_DATA,kpi_005,HOSP-001,DEPT-PEX,2026-09-08,Insufficient data for kpi_005,processed_operational_daily.csv,OPD-HOSP-001-DEPT-PEX-20260908,PEX-KPI-DCF120177644
ISS-kpi_006-FF99080F,Warning,INSUFFICIENT_DATA,kpi_006,HOSP-001,DEPT-PEX,2026-09-08,Insufficient data for kpi_006,processed_operational_daily.csv,OPD-HOSP-001-DEPT-PEX-20260908,PEX-KPI-DCF120177644
ISS-kpi_005-3744013E,Warning,ZERO_DENOMINATOR,kpi_005,HOSP-001,DEPT-PEX,2026-09-09,Zero denominator for kpi_005,processed_operational_daily.csv,OPD-HOSP-001-DEPT-PEX-20260909,PEX-KPI-DCF120177644
ISS-kpi_005-B88DF705,Warning,ZERO_DENOMINATOR,kpi_005,HOSP-001,DEPT-PEX,2026-09-10,Zero denominator for kpi_005,processed_operational_daily.csv,OPD-HOSP-001-DEPT-PEX-20260910,PEX-KPI-DCF120177644
ISS-kpi_005-D3C8CBEB,Warning,ZERO_DENOMINATOR,kpi_005,HOSP-001,DEPT-PEX,2026-09-11,Zero denominator for kpi_005,processed_operational_daily.csv,OPD-HOSP-001-DEPT-PEX-20260911,PEX-KPI-DCF120177644
ISS-kpi_005-83F2F834,Warning,ZERO_DENOMINATOR,kpi_005,HOSP-001,DEPT-PEX,2026-09-12,Zero denominator for kpi_005,processed_operational_daily.csv,OPD-HOSP-001-DEPT-PEX-20260912,PEX-KPI-DCF120177644
ISS-kpi_005-E0CC87DE,Warning,ZERO_DENOMINATOR,kpi_005,HOSP-001,DEPT-PEX,2026-09-13,Zero denominator for kpi_005,processed_operational_daily.csv,OPD-HOSP-001-DEPT-PEX-20260913,PEX-KPI-DCF120177644
ISS-kpi_005-169CF199,Warning,ZERO_DENOMINATOR,kpi_005,HOSP-001,DEPT-PEX,2026-09-14,Zero denominator for kpi_005,processed_operational_daily.csv,OPD-HOSP-001-DEPT-PEX-20260914,PEX-KPI-DCF120177644
ISS-kpi_005-5EB98E62,Warning,ZERO_DENOMINATOR,kpi_005,HOSP-001,DEPT-PEX,2026-09-15,Zero denominator for kpi_005,processed_operational_daily.csv,OPD-HOSP-001-DEPT-PEX-20260915,PEX-KPI-DCF120177644
ISS-kpi_005-18A5144A,Warning,ZERO_DENOMINATOR,kpi_005,HOSP-001,DEPT-PEX,2026-09-16,Zero denominator for kpi_005,processed_operational_daily.csv,OPD-HOSP-001-DEPT-PEX-20260916,PEX-KPI-DCF120177644
ISS-kpi_005-D14F0BE5,Warning,ZERO_DENOMINATOR,kpi_005,HOSP-001,DEPT-PEX,2026-09-17,Zero denominator for kpi_005,processed_operational_daily.csv,OPD-HOSP-001-DEPT-PEX-20260917,PEX-KPI-DCF120177644
ISS-kpi_005-787F694A,Warning,ZERO_DENOMINATOR,kpi_005,HOSP-001,DEPT-PEX,2026-09-18,Zero denominator for kpi_005,processed_operational_daily.csv,OPD-HOSP-001-DEPT-PEX-20260918,PEX-KPI-DCF120177644
ISS-kpi_005-94414CD5,Warning,ZERO_DENOMINATOR,kpi_005,HOSP-001,DEPT-PEX,2026-09-19,Zero denominator for kpi_005,processed_operational_daily.csv,OPD-HOSP-001-DEPT-PEX-20260919,PEX-KPI-DCF120177644
ISS-kpi_005-0FE97B8D,Warning,ZERO_DENOMINATOR,kpi_005,HOSP-001,DEPT-PEX,2026-09-20,Zero denominator for kpi_005,processed_operational_daily.csv,OPD-HOSP-001-DEPT-PEX-20260920,PEX-KPI-DCF120177644
ISS-kpi_005-BAD7376F,Warning,ZERO_DENOMINATOR,kpi_005,HOSP-001,DEPT-PEX,2026-09-21,Zero denominator for kpi_005,processed_operational_daily.csv,OPD-HOSP-001-DEPT-PEX-20260921,PEX-KPI-DCF120177644
ISS-kpi_005-E811CFD9,Warning,ZERO_DENOMINATOR,kpi_005,HOSP-001,DEPT-PEX,2026-09-22,Zero denominator for kpi_005,processed_operational_daily.csv,OPD-HOSP-001-DEPT-PEX-20260922,PEX-KPI-DCF120177644
ISS-kpi_005-B9516A2C,Warning,ZERO_DENOMINATOR,kpi_005,HOSP-001,DEPT-PEX,2026-09-23,Zero denominator for kpi_005,processed_operational_daily.csv,OPD-HOSP-001-DEPT-PEX-20260923,PEX-KPI-DCF120177644
ISS-kpi_005-C699B304,Warning,ZERO_DENOMINATOR,kpi_005,HOSP-001,DEPT-PEX,2026-09-24,Zero denominator for kpi_005,processed_operational_daily.csv,OPD-HOSP-001-DEPT-PEX-20260924,PEX-KPI-DCF120177644
ISS-kpi_005-9B32437A,Warning,ZERO_DENOMINATOR,kpi_005,HOSP-001,DEPT-PEX,2026-09-25,Zero denominator for kpi_005,processed_operational_daily.csv,OPD-HOSP-001-DEPT-PEX-20260925,PEX-KPI-DCF120177644
ISS-kpi_005-11EE47BC,Warning,ZERO_DENOMINATOR,kpi_005,HOSP-001,DEPT-PEX,2026-09-26,Zero denominator for kpi_005,processed_operational_daily.csv,OPD-HOSP-001-DEPT-PEX-20260926,PEX-KPI-DCF120177644
ISS-kpi_005-F0078025,Warning,ZERO_DENOMINATOR,kpi_005,HOSP-001,DEPT-PEX,2026-09-27,Zero denominator for kpi_005,processed_operational_daily.csv,OPD-HOSP-001-DEPT-PEX-20260927,PEX-KPI-DCF120177644
ISS-kpi_005-D62C8A52,Warning,ZERO_DENOMINATOR,kpi_005,HOSP-001,DEPT-PEX,2026-09-28,Zero denominator for kpi_005,processed_operational_daily.csv,OPD-HOSP-001-DEPT-PEX-20260928,PEX-KPI-DCF120177644
ISS-kpi_005-294FA8D7,Warning,ZERO_DENOMINATOR,kpi_005,HOSP-001,DEPT-PEX,2026-09-29,Zero denominator for kpi_005,processed_operational_daily.csv,OPD-HOSP-001-DEPT-PEX-20260929,PEX-KPI-DCF120177644
ISS-kpi_005-C369776C,Warning,ZERO_DENOMINATOR,kpi_005,HOSP-001,DEPT-PEX,2026-09-30,Zero denominator for kpi_005,processed_operational_daily.csv,OPD-HOSP-001-DEPT-PEX-20260930,PEX-KPI-DCF120177644
ISS-kpi_006-5CD9637A,Warning,ZERO_DENOMINATOR,kpi_006,HOSP-001,DEPT-PEX,2026-09-30,Zero denominator for kpi_006,processed_operational_daily.csv,OPD-HOSP-001-DEPT-PEX-20260930,PEX-KPI-DCF120177644
ISS-kpi_005-22389488,Warning,INSUFFICIENT_DATA,kpi_005,HOSP-001,DEPT-PEX,2026-10-01,Insufficient data for kpi_005,processed_operational_daily.csv,OPD-HOSP-001-DEPT-PEX-20261001,PEX-KPI-DCF120177644
ISS-kpi_006-9DAC7532,Warning,INSUFFICIENT_DATA,kpi_006,HOSP-001,DEPT-PEX,2026-10-01,Insufficient data for kpi_006,processed_operational_daily.csv,OPD-HOSP-001-DEPT-PEX-20261001,PEX-KPI-DCF120177644
ISS-kpi_005-D11C6C72,Warning,ZERO_DENOMINATOR,kpi_005,HOSP-001,DEPT-PEX,2026-10-02,Zero denominator for kpi_005,processed_operational_daily.csv,OPD-HOSP-001-DEPT-PEX-20261002,PEX-KPI-DCF120177644
ISS-kpi_006-C0B3835F,Warning,ZERO_DENOMINATOR,kpi_006,HOSP-001,DEPT-PEX,2026-10-02,Zero denominator for kpi_006,processed_operational_daily.csv,OPD-HOSP-001-DEPT-PEX-20261002,PEX-KPI-DCF120177644
ISS-kpi_005-924CC742,Warning,ZERO_DENOMINATOR,kpi_005,HOSP-001,DEPT-PEX,2026-10-03,Zero denominator for kpi_005,processed_operational_daily.csv,OPD-HOSP-001-DEPT-PEX-20261003,PEX-KPI-DCF120177644
ISS-kpi_005-810DB50A,Warning,ZERO_DENOMINATOR,kpi_005,HOSP-001,DEPT-PEX,2026-10-04,Zero denominator for kpi_005,processed_operational_daily.csv,OPD-HOSP-001-DEPT-PEX-20261004,PEX-KPI-DCF120177644
ISS-kpi_006-BA0E51E8,Warning,ZERO_DENOMINATOR,kpi_006,HOSP-001,DEPT-PEX,2026-10-04,Zero denominator for kpi_006,processed_operational_daily.csv,OPD-HOSP-001-DEPT-PEX-20261004,PEX-KPI-DCF120177644
ISS-kpi_005-2D41594E,Warning,ZERO_DENOMINATOR,kpi_005,HOSP-001,DEPT-PEX,2026-10-05,Zero denominator for kpi_005,processed_operational_daily.csv,OPD-HOSP-001-DEPT-PEX-20261005,PEX-KPI-DCF120177644
ISS-kpi_005-100B1330,Warning,ZERO_DENOMINATOR,kpi_005,HOSP-001,DEPT-PEX,2026-10-06,Zero denominator for kpi_005,processed_operational_daily.csv,OPD-HOSP-001-DEPT-PEX-20261006,PEX-KPI-DCF120177644
ISS-kpi_005-4822E2E7,Warning,ZERO_DENOMINATOR,kpi_005,HOSP-001,DEPT-PEX,2026-10-07,Zero denominator for kpi_005,processed_operational_daily.csv,OPD-HOSP-001-DEPT-PEX-20261007,PEX-KPI-DCF120177644
ISS-kpi_005-1B397564,Warning,ZERO_DENOMINATOR,kpi_005,HOSP-001,DEPT-PEX,2026-10-08,Zero denominator for kpi_005,processed_operational_daily.csv,OPD-HOSP-001-DEPT-PEX-20261008,PEX-KPI-DCF120177644
ISS-kpi_006-F87B9D24,Warning,ZERO_DENOMINATOR,kpi_006,HOSP-001,DEPT-PEX,2026-10-08,Zero denominator for kpi_006,processed_operational_daily.csv,OPD-HOSP-001-DEPT-PEX-20261008,PEX-KPI-DCF120177644
ISS-kpi_005-D7C09141,Warning,ZERO_DENOMINATOR,kpi_005,HOSP-001,DEPT-PEX,2026-10-09,Zero denominator for kpi_005,processed_operational_daily.csv,OPD-HOSP-001-DEPT-PEX-20261009,PEX-KPI-DCF120177644
ISS-kpi_005-AF2A4E7E,Warning,ZERO_DENOMINATOR,kpi_005,HOSP-001,DEPT-PEX,2026-10-10,Zero denominator for kpi_005,processed_operational_daily.csv,OPD-HOSP-001-DEPT-PEX-20261010,PEX-KPI-DCF120177644
ISS-kpi_005-9B9E9B0C,Warning,ZERO_DENOMINATOR,kpi_005,HOSP-001,DEPT-PEX,2026-10-11,Zero denominator for kpi_005,processed_operational_daily.csv,OPD-HOSP-001-DEPT-PEX-20261011,PEX-KPI-DCF120177644
ISS-kpi_005-F13A2F62,Warning,ZERO_DENOMINATOR,kpi_005,HOSP-001,DEPT-PEX,2026-10-12,Zero denominator for kpi_005,processed_operational_daily.csv,OPD-HOSP-001-DEPT-PEX-20261012,PEX-KPI-DCF120177644
ISS-kpi_005-EAC00EE6,Warning,ZERO_DENOMINATOR,kpi_005,HOSP-001,DEPT-PEX,2026-10-13,Zero denominator for kpi_005,processed_operational_daily.csv,OPD-HOSP-001-DEPT-PEX-20261013,PEX-KPI-DCF120177644
ISS-kpi_005-6B8F1324,Warning,ZERO_DENOMINATOR,kpi_005,HOSP-001,DEPT-PEX,2026-10-14,Zero denominator for kpi_005,processed_operational_daily.csv,OPD-HOSP-001-DEPT-PEX-20261014,PEX-KPI-DCF120177644
ISS-kpi_006-15454635,Warning,ZERO_DENOMINATOR,kpi_006,HOSP-001,DEPT-PEX,2026-10-14,Zero denominator for kpi_006,processed_operational_daily.csv,OPD-HOSP-001-DEPT-PEX-20261014,PEX-KPI-DCF120177644
ISS-kpi_005-C0BE087B,Warning,ZERO_DENOMINATOR,kpi_005,HOSP-001,DEPT-PEX,2026-10-15,Zero denominator for kpi_005,processed_operational_daily.csv,OPD-HOSP-001-DEPT-PEX-20261015,PEX-KPI-DCF120177644
ISS-kpi_005-38009654,Warning,ZERO_DENOMINATOR,kpi_005,HOSP-001,DEPT-PEX,2026-10-16,Zero denominator for kpi_005,processed_operational_daily.csv,OPD-HOSP-001-DEPT-PEX-20261016,PEX-KPI-DCF120177644
ISS-kpi_005-2A2AE685,Warning,ZERO_DENOMINATOR,kpi_005,HOSP-001,DEPT-PEX,2026-10-17,Zero denominator for kpi_005,processed_operational_daily.csv,OPD-HOSP-001-DEPT-PEX-20261017,PEX-KPI-DCF120177644
ISS-kpi_005-5390D1B1,Warning,ZERO_DENOMINATOR,kpi_005,HOSP-001,DEPT-PEX,2026-10-18,Zero denominator for kpi_005,processed_operational_daily.csv,OPD-HOSP-001-DEPT-PEX-20261018,PEX-KPI-DCF120177644
ISS-kpi_005-74AD6C4C,Warning,ZERO_DENOMINATOR,kpi_005,HOSP-001,DEPT-PEX,2026-10-19,Zero denominator for kpi_005,processed_operational_daily.csv,OPD-HOSP-001-DEPT-PEX-20261019,PEX-KPI-DCF120177644
ISS-kpi_005-9C89A79B,Warning,ZERO_DENOMINATOR,kpi_005,HOSP-001,DEPT-PEX,2026-10-20,Zero denominator for kpi_005,processed_operational_daily.csv,OPD-HOSP-001-DEPT-PEX-20261020,PEX-KPI-DCF120177644
ISS-kpi_005-841B5644,Warning,INSUFFICIENT_DATA,kpi_005,HOSP-001,DEPT-PEX,2026-10-21,Insufficient data for kpi_005,processed_operational_daily.csv,OPD-HOSP-001-DEPT-PEX-20261021,PEX-KPI-DCF120177644
ISS-kpi_006-0FC25B48,Warning,INSUFFICIENT_DATA,kpi_006,HOSP-001,DEPT-PEX,2026-10-21,Insufficient data for kpi_006,processed_operational_daily.csv,OPD-HOSP-001-DEPT-PEX-20261021,PEX-KPI-DCF120177644
ISS-kpi_005-A0E980AD,Warning,ZERO_DENOMINATOR,kpi_005,HOSP-001,DEPT-PEX,2026-10-22,Zero denominator for kpi_005,processed_operational_daily.csv,OPD-HOSP-001-DEPT-PEX-20261022,PEX-KPI-DCF120177644
ISS-kpi_006-234DF5FC,Warning,ZERO_DENOMINATOR,kpi_006,HOSP-001,DEPT-PEX,2026-10-22,Zero denominator for kpi_006,processed_operational_daily.csv,OPD-HOSP-001-DEPT-PEX-20261022,PEX-KPI-DCF120177644
ISS-kpi_005-C25F0920,Warning,ZERO_DENOMINATOR,kpi_005,HOSP-001,DEPT-PEX,2026-10-23,Zero denominator for kpi_005,processed_operational_daily.csv,OPD-HOSP-001-DEPT-PEX-20261023,PEX-KPI-DCF120177644
ISS-kpi_005-B4546DCB,Warning,ZERO_DENOMINATOR,kpi_005,HOSP-001,DEPT-PEX,2026-10-24,Zero denominator for kpi_005,processed_operational_daily.csv,OPD-HOSP-001-DEPT-PEX-20261024,PEX-KPI-DCF120177644
ISS-kpi_005-8BA30517,Warning,ZERO_DENOMINATOR,kpi_005,HOSP-001,DEPT-PEX,2026-10-25,Zero denominator for kpi_005,processed_operational_daily.csv,OPD-HOSP-001-DEPT-PEX-20261025,PEX-KPI-DCF120177644
ISS-kpi_005-57DB7A9B,Warning,ZERO_DENOMINATOR,kpi_005,HOSP-001,DEPT-PEX,2026-10-26,Zero denominator for kpi_005,processed_operational_daily.csv,OPD-HOSP-001-DEPT-PEX-20261026,PEX-KPI-DCF120177644
ISS-kpi_005-93BCA6DB,Warning,ZERO_DENOMINATOR,kpi_005,HOSP-001,DEPT-PEX,2026-10-27,Zero denominator for kpi_005,processed_operational_daily.csv,OPD-HOSP-001-DEPT-PEX-20261027,PEX-KPI-DCF120177644
ISS-kpi_006-A041FC50,Warning,ZERO_DENOMINATOR,kpi_006,HOSP-001,DEPT-PEX,2026-10-27,Zero denominator for kpi_006,processed_operational_daily.csv,OPD-HOSP-001-DEPT-PEX-20261027,PEX-KPI-DCF120177644
ISS-kpi_005-EB422B0A,Warning,ZERO_DENOMINATOR,kpi_005,HOSP-001,DEPT-PEX,2026-10-28,Zero denominator for kpi_005,processed_operational_daily.csv,OPD-HOSP-001-DEPT-PEX-20261028,PEX-KPI-DCF120177644
ISS-kpi_005-A6520CD9,Warning,ZERO_DENOMINATOR,kpi_005,HOSP-001,DEPT-PEX,2026-10-29,Zero denominator for kpi_005,processed_operational_daily.csv,OPD-HOSP-001-DEPT-PEX-20261029,PEX-KPI-DCF120177644
ISS-kpi_005-3C5B95E3,Warning,INSUFFICIENT_DATA,kpi_005,HOSP-001,DEPT-PEX,2026-10-30,Insufficient data for kpi_005,processed_operational_daily.csv,OPD-HOSP-001-DEPT-PEX-20261030,PEX-KPI-DCF120177644
ISS-kpi_006-7C49C69C,Warning,INSUFFICIENT_DATA,kpi_006,HOSP-001,DEPT-PEX,2026-10-30,Insufficient data for kpi_006,processed_operational_daily.csv,OPD-HOSP-001-DEPT-PEX-20261030,PEX-KPI-DCF120177644
ISS-kpi_005-9FA150B3,Warning,ZERO_DENOMINATOR,kpi_005,HOSP-001,DEPT-PEX,2026-10-31,Zero denominator for kpi_005,processed_operational_daily.csv,OPD-HOSP-001-DEPT-PEX-20261031,PEX-KPI-DCF120177644
ISS-kpi_006-F3337383,Warning,ZERO_DENOMINATOR,kpi_006,HOSP-001,DEPT-PEX,2026-10-31,Zero denominator for kpi_006,processed_operational_daily.csv,OPD-HOSP-001-DEPT-PEX-20261031,PEX-KPI-DCF120177644
ISS-kpi_005-477DCA48,Warning,INSUFFICIENT_DATA,kpi_005,HOSP-001,DEPT-PEX,2026-11-01,Insufficient data for kpi_005,processed_operational_daily.csv,OPD-HOSP-001-DEPT-PEX-20261101,PEX-KPI-DCF120177644
ISS-kpi_006-9ED8B0E3,Warning,INSUFFICIENT_DATA,kpi_006,HOSP-001,DEPT-PEX,2026-11-01,Insufficient data for kpi_006,processed_operational_daily.csv,OPD-HOSP-001-DEPT-PEX-20261101,PEX-KPI-DCF120177644
ISS-kpi_005-85EDF31F,Warning,ZERO_DENOMINATOR,kpi_005,HOSP-001,DEPT-PEX,2026-11-02,Zero denominator for kpi_005,processed_operational_daily.csv,OPD-HOSP-001-DEPT-PEX-20261102,PEX-KPI-DCF120177644
ISS-kpi_005-FA00AD02,Warning,ZERO_DENOMINATOR,kpi_005,HOSP-001,DEPT-PEX,2026-11-03,Zero denominator for kpi_005,processed_operational_daily.csv,OPD-HOSP-001-DEPT-PEX-20261103,PEX-KPI-DCF120177644
ISS-kpi_005-9ADBDA2A,Warning,ZERO_DENOMINATOR,kpi_005,HOSP-001,DEPT-PEX,2026-11-04,Zero denominator for kpi_005,processed_operational_daily.csv,OPD-HOSP-001-DEPT-PEX-20261104,PEX-KPI-DCF120177644
ISS-kpi_005-F36C0BAD,Warning,ZERO_DENOMINATOR,kpi_005,HOSP-001,DEPT-PEX,2026-11-05,Zero denominator for kpi_005,processed_operational_daily.csv,OPD-HOSP-001-DEPT-PEX-20261105,PEX-KPI-DCF120177644
ISS-kpi_005-7E56CB3C,Warning,ZERO_DENOMINATOR,kpi_005,HOSP-001,DEPT-PEX,2026-11-06,Zero denominator for kpi_005,processed_operational_daily.csv,OPD-HOSP-001-DEPT-PEX-20261106,PEX-KPI-DCF120177644
ISS-kpi_005-1C0EADFE,Warning,ZERO_DENOMINATOR,kpi_005,HOSP-001,DEPT-PEX,2026-11-07,Zero denominator for kpi_005,processed_operational_daily.csv,OPD-HOSP-001-DEPT-PEX-20261107,PEX-KPI-DCF120177644
ISS-kpi_006-42AA3683,Warning,ZERO_DENOMINATOR,kpi_006,HOSP-001,DEPT-PEX,2026-11-07,Zero denominator for kpi_006,processed_operational_daily.csv,OPD-HOSP-001-DEPT-PEX-20261107,PEX-KPI-DCF120177644
ISS-kpi_005-1432BF0C,Warning,ZERO_DENOMINATOR,kpi_005,HOSP-001,DEPT-PEX,2026-11-08,Zero denominator for kpi_005,processed_operational_daily.csv,OPD-HOSP-001-DEPT-PEX-20261108,PEX-KPI-DCF120177644
ISS-kpi_005-FF2B01FB,Warning,ZERO_DENOMINATOR,kpi_005,HOSP-001,DEPT-PEX,2026-11-09,Zero denominator for kpi_005,processed_operational_daily.csv,OPD-HOSP-001-DEPT-PEX-20261109,PEX-KPI-DCF120177644
ISS-kpi_005-AD37BFD0,Warning,ZERO_DENOMINATOR,kpi_005,HOSP-001,DEPT-PEX,2026-11-10,Zero denominator for kpi_005,processed_operational_daily.csv,OPD-HOSP-001-DEPT-PEX-20261110,PEX-KPI-DCF120177644
ISS-kpi_005-E76A3267,Warning,ZERO_DENOMINATOR,kpi_005,HOSP-001,DEPT-PEX,2026-11-11,Zero denominator for kpi_005,processed_operational_daily.csv,OPD-HOSP-001-DEPT-PEX-20261111,PEX-KPI-DCF120177644
ISS-kpi_005-A6FCB116,Warning,ZERO_DENOMINATOR,kpi_005,HOSP-001,DEPT-PEX,2026-11-12,Zero denominator for kpi_005,processed_operational_daily.csv,OPD-HOSP-001-DEPT-PEX-20261112,PEX-KPI-DCF120177644
ISS-kpi_005-418DB4CA,Warning,ZERO_DENOMINATOR,kpi_005,HOSP-001,DEPT-PEX,2026-11-13,Zero denominator for kpi_005,processed_operational_daily.csv,OPD-HOSP-001-DEPT-PEX-20261113,PEX-KPI-DCF120177644
ISS-kpi_005-9BEBB6E2,Warning,ZERO_DENOMINATOR,kpi_005,HOSP-001,DEPT-PEX,2026-11-14,Zero denominator for kpi_005,processed_operational_daily.csv,OPD-HOSP-001-DEPT-PEX-20261114,PEX-KPI-DCF120177644
ISS-kpi_005-290B35FC,Warning,ZERO_DENOMINATOR,kpi_005,HOSP-001,DEPT-PEX,2026-11-15,Zero denominator for kpi_005,processed_operational_daily.csv,OPD-HOSP-001-DEPT-PEX-20261115,PEX-KPI-DCF120177644
ISS-kpi_005-5E9020A3,Warning,ZERO_DENOMINATOR,kpi_005,HOSP-001,DEPT-PEX,2026-11-16,Zero denominator for kpi_005,processed_operational_daily.csv,OPD-HOSP-001-DEPT-PEX-20261116,PEX-KPI-DCF120177644
ISS-kpi_005-356C7DA2,Warning,ZERO_DENOMINATOR,kpi_005,HOSP-001,DEPT-PEX,2026-11-17,Zero denominator for kpi_005,processed_operational_daily.csv,OPD-HOSP-001-DEPT-PEX-20261117,PEX-KPI-DCF120177644
ISS-kpi_005-F9119A7F,Warning,ZERO_DENOMINATOR,kpi_005,HOSP-001,DEPT-PEX,2026-11-18,Zero denominator for kpi_005,processed_operational_daily.csv,OPD-HOSP-001-DEPT-PEX-20261118,PEX-KPI-DCF120177644
ISS-kpi_005-0808D777,Warning,ZERO_DENOMINATOR,kpi_005,HOSP-001,DEPT-PEX,2026-11-19,Zero denominator for kpi_005,processed_operational_daily.csv,OPD-HOSP-001-DEPT-PEX-20261119,PEX-KPI-DCF120177644
ISS-kpi_006-4C50934B,Warning,ZERO_DENOMINATOR,kpi_006,HOSP-001,DEPT-PEX,2026-11-19,Zero denominator for kpi_006,processed_operational_daily.csv,OPD-HOSP-001-DEPT-PEX-20261119,PEX-KPI-DCF120177644
ISS-kpi_005-86C4CD18,Warning,ZERO_DENOMINATOR,kpi_005,HOSP-001,DEPT-PEX,2026-11-20,Zero denominator for kpi_005,processed_operational_daily.csv,OPD-HOSP-001-DEPT-PEX-20261120,PEX-KPI-DCF120177644
ISS-kpi_005-D2E0B5F9,Warning,ZERO_DENOMINATOR,kpi_005,HOSP-001,DEPT-PEX,2026-11-21,Zero denominator for kpi_005,processed_operational_daily.csv,OPD-HOSP-001-DEPT-PEX-20261121,PEX-KPI-DCF120177644
ISS-kpi_005-7C2D9C15,Warning,INSUFFICIENT_DATA,kpi_005,HOSP-001,DEPT-PEX,2026-11-22,Insufficient data for kpi_005,processed_operational_daily.csv,OPD-HOSP-001-DEPT-PEX-20261122,PEX-KPI-DCF120177644
ISS-kpi_006-DE2BC1FF,Warning,INSUFFICIENT_DATA,kpi_006,HOSP-001,DEPT-PEX,2026-11-22,Insufficient data for kpi_006,processed_operational_daily.csv,OPD-HOSP-001-DEPT-PEX-20261122,PEX-KPI-DCF120177644
ISS-kpi_005-8B0CDFF7,Warning,ZERO_DENOMINATOR,kpi_005,HOSP-001,DEPT-PEX,2026-11-23,Zero denominator for kpi_005,processed_operational_daily.csv,OPD-HOSP-001-DEPT-PEX-20261123,PEX-KPI-DCF120177644
ISS-kpi_005-8FE97DD4,Warning,ZERO_DENOMINATOR,kpi_005,HOSP-001,DEPT-PEX,2026-11-24,Zero denominator for kpi_005,processed_operational_daily.csv,OPD-HOSP-001-DEPT-PEX-20261124,PEX-KPI-DCF120177644
ISS-kpi_005-71A020BE,Warning,ZERO_DENOMINATOR,kpi_005,HOSP-001,DEPT-PEX,2026-11-25,Zero denominator for kpi_005,processed_operational_daily.csv,OPD-HOSP-001-DEPT-PEX-20261125,PEX-KPI-DCF120177644
ISS-kpi_005-D0D1EAA3,Warning,ZERO_DENOMINATOR,kpi_005,HOSP-001,DEPT-PEX,2026-11-26,Zero denominator for kpi_005,processed_operational_daily.csv,OPD-HOSP-001-DEPT-PEX-20261126,PEX-KPI-DCF120177644
ISS-kpi_005-4AC21281,Warning,ZERO_DENOMINATOR,kpi_005,HOSP-001,DEPT-PEX,2026-11-27,Zero denominator for kpi_005,processed_operational_daily.csv,OPD-HOSP-001-DEPT-PEX-20261127,PEX-KPI-DCF120177644
ISS-kpi_005-5106FE70,Warning,ZERO_DENOMINATOR,kpi_005,HOSP-001,DEPT-PEX,2026-11-28,Zero denominator for kpi_005,processed_operational_daily.csv,OPD-HOSP-001-DEPT-PEX-20261128,PEX-KPI-DCF120177644
ISS-kpi_005-8E79D1BB,Warning,ZERO_DENOMINATOR,kpi_005,HOSP-001,DEPT-PEX,2026-11-29,Zero denominator for kpi_005,processed_operational_daily.csv,OPD-HOSP-001-DEPT-PEX-20261129,PEX-KPI-DCF120177644
ISS-kpi_005-B6F15DF9,Warning,ZERO_DENOMINATOR,kpi_005,HOSP-001,DEPT-PEX,2026-11-30,Zero denominator for kpi_005,processed_operational_daily.csv,OPD-HOSP-001-DEPT-PEX-20261130,PEX-KPI-DCF120177644
ISS-kpi_005-D48499A0,Warning,ZERO_DENOMINATOR,kpi_005,HOSP-001,DEPT-PEX,2026-12-01,Zero denominator for kpi_005,processed_operational_daily.csv,OPD-HOSP-001-DEPT-PEX-20261201,PEX-KPI-DCF120177644
ISS-kpi_005-2E90A4F9,Warning,ZERO_DENOMINATOR,kpi_005,HOSP-001,DEPT-PEX,2026-12-02,Zero denominator for kpi_005,processed_operational_daily.csv,OPD-HOSP-001-DEPT-PEX-20261202,PEX-KPI-DCF120177644
ISS-kpi_005-379B3E93,Warning,ZERO_DENOMINATOR,kpi_005,HOSP-001,DEPT-PEX,2026-12-03,Zero denominator for kpi_005,processed_operational_daily.csv,OPD-HOSP-001-DEPT-PEX-20261203,PEX-KPI-DCF120177644
ISS-kpi_005-4CB66597,Warning,ZERO_DENOMINATOR,kpi_005,HOSP-001,DEPT-PEX,2026-12-04,Zero denominator for kpi_005,processed_operational_daily.csv,OPD-HOSP-001-DEPT-PEX-20261204,PEX-KPI-DCF120177644
ISS-kpi_005-DA958C30,Warning,ZERO_DENOMINATOR,kpi_005,HOSP-001,DEPT-PEX,2026-12-05,Zero denominator for kpi_005,processed_operational_daily.csv,OPD-HOSP-001-DEPT-PEX-20261205,PEX-KPI-DCF120177644
ISS-kpi_006-91504635,Warning,ZERO_DENOMINATOR,kpi_006,HOSP-001,DEPT-PEX,2026-12-05,Zero denominator for kpi_006,processed_operational_daily.csv,OPD-HOSP-001-DEPT-PEX-20261205,PEX-KPI-DCF120177644
ISS-kpi_005-910E9830,Warning,INSUFFICIENT_DATA,kpi_005,HOSP-001,DEPT-PEX,2026-12-06,Insufficient data for kpi_005,processed_operational_daily.csv,OPD-HOSP-001-DEPT-PEX-20261206,PEX-KPI-DCF120177644
ISS-kpi_006-D8E8AA26,Warning,INSUFFICIENT_DATA,kpi_006,HOSP-001,DEPT-PEX,2026-12-06,Insufficient data for kpi_006,processed_operational_daily.csv,OPD-HOSP-001-DEPT-PEX-20261206,PEX-KPI-DCF120177644
ISS-kpi_005-3BA1B031,Warning,INSUFFICIENT_DATA,kpi_005,HOSP-001,DEPT-PEX,2026-12-07,Insufficient data for kpi_005,processed_operational_daily.csv,OPD-HOSP-001-DEPT-PEX-20261207,PEX-KPI-DCF120177644
ISS-kpi_006-72BF317C,Warning,INSUFFICIENT_DATA,kpi_006,HOSP-001,DEPT-PEX,2026-12-07,Insufficient data for kpi_006,processed_operational_daily.csv,OPD-HOSP-001-DEPT-PEX-20261207,PEX-KPI-DCF120177644
ISS-kpi_005-1A74E8D0,Warning,ZERO_DENOMINATOR,kpi_005,HOSP-001,DEPT-PEX,2026-12-08,Zero denominator for kpi_005,processed_operational_daily.csv,OPD-HOSP-001-DEPT-PEX-20261208,PEX-KPI-DCF120177644
ISS-kpi_005-087E3C9D,Warning,ZERO_DENOMINATOR,kpi_005,HOSP-001,DEPT-PEX,2026-12-09,Zero denominator for kpi_005,processed_operational_daily.csv,OPD-HOSP-001-DEPT-PEX-20261209,PEX-KPI-DCF120177644
ISS-kpi_005-8584306B,Warning,ZERO_DENOMINATOR,kpi_005,HOSP-001,DEPT-PEX,2026-12-10,Zero denominator for kpi_005,processed_operational_daily.csv,OPD-HOSP-001-DEPT-PEX-20261210,PEX-KPI-DCF120177644
ISS-kpi_006-DD8AFC78,Warning,ZERO_DENOMINATOR,kpi_006,HOSP-001,DEPT-PEX,2026-12-10,Zero denominator for kpi_006,processed_operational_daily.csv,OPD-HOSP-001-DEPT-PEX-20261210,PEX-KPI-DCF120177644
ISS-kpi_005-30923F4C,Warning,INSUFFICIENT_DATA,kpi_005,HOSP-001,DEPT-PEX,2026-12-11,Insufficient data for kpi_005,processed_operational_daily.csv,OPD-HOSP-001-DEPT-PEX-20261211,PEX-KPI-DCF120177644
ISS-kpi_006-28F25539,Warning,INSUFFICIENT_DATA,kpi_006,HOSP-001,DEPT-PEX,2026-12-11,Insufficient data for kpi_006,processed_operational_daily.csv,OPD-HOSP-001-DEPT-PEX-20261211,PEX-KPI-DCF120177644
ISS-kpi_005-F61D83A1,Warning,ZERO_DENOMINATOR,kpi_005,HOSP-001,DEPT-PEX,2026-12-12,Zero denominator for kpi_005,processed_operational_daily.csv,OPD-HOSP-001-DEPT-PEX-20261212,PEX-KPI-DCF120177644
ISS-kpi_005-02BFAA16,Warning,ZERO_DENOMINATOR,kpi_005,HOSP-001,DEPT-PEX,2026-12-13,Zero denominator for kpi_005,processed_operational_daily.csv,OPD-HOSP-001-DEPT-PEX-20261213,PEX-KPI-DCF120177644
ISS-kpi_005-26588973,Warning,ZERO_DENOMINATOR,kpi_005,HOSP-001,DEPT-PEX,2026-12-14,Zero denominator for kpi_005,processed_operational_daily.csv,OPD-HOSP-001-DEPT-PEX-20261214,PEX-KPI-DCF120177644
ISS-kpi_005-D1AEA4E3,Warning,ZERO_DENOMINATOR,kpi_005,HOSP-001,DEPT-PEX,2026-12-15,Zero denominator for kpi_005,processed_operational_daily.csv,OPD-HOSP-001-DEPT-PEX-20261215,PEX-KPI-DCF120177644
ISS-kpi_005-7D49A283,Warning,ZERO_DENOMINATOR,kpi_005,HOSP-001,DEPT-PEX,2026-12-16,Zero denominator for kpi_005,processed_operational_daily.csv,OPD-HOSP-001-DEPT-PEX-20261216,PEX-KPI-DCF120177644
ISS-kpi_005-D15D91E6,Warning,ZERO_DENOMINATOR,kpi_005,HOSP-001,DEPT-PEX,2026-12-17,Zero denominator for kpi_005,processed_operational_daily.csv,OPD-HOSP-001-DEPT-PEX-20261217,PEX-KPI-DCF120177644
ISS-kpi_005-06699337,Warning,ZERO_DENOMINATOR,kpi_005,HOSP-001,DEPT-PEX,2026-12-18,Zero denominator for kpi_005,processed_operational_daily.csv,OPD-HOSP-001-DEPT-PEX-20261218,PEX-KPI-DCF120177644
ISS-kpi_005-97CA1E34,Warning,ZERO_DENOMINATOR,kpi_005,HOSP-001,DEPT-PEX,2026-12-19,Zero denominator for kpi_005,processed_operational_daily.csv,OPD-HOSP-001-DEPT-PEX-20261219,PEX-KPI-DCF120177644
ISS-kpi_005-F24BFE52,Warning,ZERO_DENOMINATOR,kpi_005,HOSP-001,DEPT-PEX,2026-12-20,Zero denominator for kpi_005,processed_operational_daily.csv,OPD-HOSP-001-DEPT-PEX-20261220,PEX-KPI-DCF120177644
ISS-kpi_005-0BE6B11F,Warning,ZERO_DENOMINATOR,kpi_005,HOSP-001,DEPT-PEX,2026-12-21,Zero denominator for kpi_005,processed_operational_daily.csv,OPD-HOSP-001-DEPT-PEX-20261221,PEX-KPI-DCF120177644
ISS-kpi_005-D514A8EE,Warning,ZERO_DENOMINATOR,kpi_005,HOSP-001,DEPT-PEX,2026-12-22,Zero denominator for kpi_005,processed_operational_daily.csv,OPD-HOSP-001-DEPT-PEX-20261222,PEX-KPI-DCF120177644
ISS-kpi_005-2B4BD483,Warning,ZERO_DENOMINATOR,kpi_005,HOSP-001,DEPT-PEX,2026-12-23,Zero denominator for kpi_005,processed_operational_daily.csv,OPD-HOSP-001-DEPT-PEX-20261223,PEX-KPI-DCF120177644
ISS-kpi_005-51F09560,Warning,ZERO_DENOMINATOR,kpi_005,HOSP-001,DEPT-PEX,2026-12-24,Zero denominator for kpi_005,processed_operational_daily.csv,OPD-HOSP-001-DEPT-PEX-20261224,PEX-KPI-DCF120177644
ISS-kpi_005-83E74299,Warning,ZERO_DENOMINATOR,kpi_005,HOSP-001,DEPT-PEX,2026-12-25,Zero denominator for kpi_005,processed_operational_daily.csv,OPD-HOSP-001-DEPT-PEX-20261225,PEX-KPI-DCF120177644
ISS-kpi_005-751BD0AD,Warning,ZERO_DENOMINATOR,kpi_005,HOSP-001,DEPT-PEX,2026-12-26,Zero denominator for kpi_005,processed_operational_daily.csv,OPD-HOSP-001-DEPT-PEX-20261226,PEX-KPI-DCF120177644
ISS-kpi_005-F163DB42,Warning,ZERO_DENOMINATOR,kpi_005,HOSP-001,DEPT-PEX,2026-12-27,Zero denominator for kpi_005,processed_operational_daily.csv,OPD-HOSP-001-DEPT-PEX-20261227,PEX-KPI-DCF120177644
ISS-kpi_005-AFC278B8,Warning,ZERO_DENOMINATOR,kpi_005,HOSP-001,DEPT-PEX,2026-12-28,Zero denominator for kpi_005,processed_operational_daily.csv,OPD-HOSP-001-DEPT-PEX-20261228,PEX-KPI-DCF120177644
ISS-kpi_005-077FA9DB,Warning,ZERO_DENOMINATOR,kpi_005,HOSP-001,DEPT-PEX,2026-12-29,Zero denominator for kpi_005,processed_operational_daily.csv,OPD-HOSP-001-DEPT-PEX-20261229,PEX-KPI-DCF120177644
ISS-kpi_005-F6FB54F2,Warning,ZERO_DENOMINATOR,kpi_005,HOSP-001,DEPT-PEX,2026-12-30,Zero denominator for kpi_005,processed_operational_daily.csv,OPD-HOSP-001-DEPT-PEX-20261230,PEX-KPI-DCF120177644
ISS-kpi_006-0CDB1B3E,Warning,ZERO_DENOMINATOR,kpi_006,HOSP-001,DEPT-PEX,2026-12-30,Zero denominator for kpi_006,processed_operational_daily.csv,OPD-HOSP-001-DEPT-PEX-20261230,PEX-KPI-DCF120177644
ISS-kpi_005-3A374BF9,Warning,ZERO_DENOMINATOR,kpi_005,HOSP-001,DEPT-PEX,2026-12-31,Zero denominator for kpi_005,processed_operational_daily.csv,OPD-HOSP-001-DEPT-PEX-20261231,PEX-KPI-DCF120177644
ISS-kpi_005-A37F3EA2,Warning,ZERO_DENOMINATOR,kpi_005,HOSP-001,DEPT-SURG,2026-01-01,Zero denominator for kpi_005,processed_operational_daily.csv,OPD-HOSP-001-DEPT-SURG-20260101,PEX-KPI-DCF120177644
ISS-kpi_005-699B32FC,Warning,ZERO_DENOMINATOR,kpi_005,HOSP-001,DEPT-SURG,2026-01-02,Zero denominator for kpi_005,processed_operational_daily.csv,OPD-HOSP-001-DEPT-SURG-20260102,PEX-KPI-DCF120177644
ISS-kpi_005-1592D613,Warning,ZERO_DENOMINATOR,kpi_005,HOSP-001,DEPT-SURG,2026-01-03,Zero denominator for kpi_005,processed_operational_daily.csv,OPD-HOSP-001-DEPT-SURG-20260103,PEX-KPI-DCF120177644
ISS-kpi_005-1138BCE0,Warning,ZERO_DENOMINATOR,kpi_005,HOSP-001,DEPT-SURG,2026-01-04,Zero denominator for kpi_005,processed_operational_daily.csv,OPD-HOSP-001-DEPT-SURG-20260104,PEX-KPI-DCF120177644
ISS-kpi_005-C8504669,Warning,ZERO_DENOMINATOR,kpi_005,HOSP-001,DEPT-SURG,2026-01-05,Zero denominator for kpi_005,processed_operational_daily.csv,OPD-HOSP-001-DEPT-SURG-20260105,PEX-KPI-DCF120177644
ISS-kpi_005-BE561E65,Warning,ZERO_DENOMINATOR,kpi_005,HOSP-001,DEPT-SURG,2026-01-06,Zero denominator for kpi_005,processed_operational_daily.csv,OPD-HOSP-001-DEPT-SURG-20260106,PEX-KPI-DCF120177644
ISS-kpi_005-28C48ACB,Warning,ZERO_DENOMINATOR,kpi_005,HOSP-001,DEPT-SURG,2026-01-07,Zero denominator for kpi_005,processed_operational_daily.csv,OPD-HOSP-001-DEPT-SURG-20260107,PEX-KPI-DCF120177644
ISS-kpi_005-20E66131,Warning,ZERO_DENOMINATOR,kpi_005,HOSP-001,DEPT-SURG,2026-01-08,Zero denominator for kpi_005,processed_operational_daily.csv,OPD-HOSP-001-DEPT-SURG-20260108,PEX-KPI-DCF120177644
ISS-kpi_005-1B752160,Warning,ZERO_DENOMINATOR,kpi_005,HOSP-001,DEPT-SURG,2026-01-09,Zero denominator for kpi_005,processed_operational_daily.csv,OPD-HOSP-001-DEPT-SURG-20260109,PEX-KPI-DCF120177644
ISS-kpi_005-D8A04ABF,Warning,ZERO_DENOMINATOR,kpi_005,HOSP-001,DEPT-SURG,2026-01-10,Zero denominator for kpi_005,processed_operational_daily.csv,OPD-HOSP-001-DEPT-SURG-20260110,PEX-KPI-DCF120177644
ISS-kpi_005-42E79683,Warning,ZERO_DENOMINATOR,kpi_005,HOSP-001,DEPT-SURG,2026-01-11,Zero denominator for kpi_005,processed_operational_daily.csv,OPD-HOSP-001-DEPT-SURG-20260111,PEX-KPI-DCF120177644
ISS-kpi_006-ED9D6F73,Warning,ZERO_DENOMINATOR,kpi_006,HOSP-001,DEPT-SURG,2026-01-11,Zero denominator for kpi_006,processed_operational_daily.csv,OPD-HOSP-001-DEPT-SURG-20260111,PEX-KPI-DCF120177644
ISS-kpi_005-84E8B40B,Warning,ZERO_DENOMINATOR,kpi_005,HOSP-001,DEPT-SURG,2026-01-12,Zero denominator for kpi_005,processed_operational_daily.csv,OPD-HOSP-001-DEPT-SURG-20260112,PEX-KPI-DCF120177644
ISS-kpi_005-B423DB43,Warning,ZERO_DENOMINATOR,kpi_005,HOSP-001,DEPT-SURG,2026-01-13,Zero denominator for kpi_005,processed_operational_daily.csv,OPD-HOSP-001-DEPT-SURG-20260113,PEX-KPI-DCF120177644
ISS-kpi_006-344DD23E,Warning,ZERO_DENOMINATOR,kpi_006,HOSP-001,DEPT-SURG,2026-01-13,Zero denominator for kpi_006,processed_operational_daily.csv,OPD-HOSP-001-DEPT-SURG-20260113,PEX-KPI-DCF120177644
ISS-kpi_005-B36F05DF,Warning,ZERO_DENOMINATOR,kpi_005,HOSP-001,DEPT-SURG,2026-01-14,Zero denominator for kpi_005,processed_operational_daily.csv,OPD-HOSP-001-DEPT-SURG-20260114,PEX-KPI-DCF120177644
ISS-kpi_005-9A3A9D53,Warning,ZERO_DENOMINATOR,kpi_005,HOSP-001,DEPT-SURG,2026-01-15,Zero denominator for kpi_005,processed_operational_daily.csv,OPD-HOSP-001-DEPT-SURG-20260115,PEX-KPI-DCF120177644
ISS-kpi_006-216FAFE3,Warning,ZERO_DENOMINATOR,kpi_006,HOSP-001,DEPT-SURG,2026-01-15,Zero denominator for kpi_006,processed_operational_daily.csv,OPD-HOSP-001-DEPT-SURG-20260115,PEX-KPI-DCF120177644
ISS-kpi_005-2905C1FE,Warning,INSUFFICIENT_DATA,kpi_005,HOSP-001,DEPT-SURG,2026-01-16,Insufficient data for kpi_005,processed_operational_daily.csv,OPD-HOSP-001-DEPT-SURG-20260116,PEX-KPI-DCF120177644
ISS-kpi_006-253F2E2C,Warning,INSUFFICIENT_DATA,kpi_006,HOSP-001,DEPT-SURG,2026-01-16,Insufficient data for kpi_006,processed_operational_daily.csv,OPD-HOSP-001-DEPT-SURG-20260116,PEX-KPI-DCF120177644
ISS-kpi_005-72C6F257,Warning,ZERO_DENOMINATOR,kpi_005,HOSP-001,DEPT-SURG,2026-01-17,Zero denominator for kpi_005,processed_operational_daily.csv,OPD-HOSP-001-DEPT-SURG-20260117,PEX-KPI-DCF120177644
ISS-kpi_005-0E85F88B,Warning,ZERO_DENOMINATOR,kpi_005,HOSP-001,DEPT-SURG,2026-01-18,Zero denominator for kpi_005,processed_operational_daily.csv,OPD-HOSP-001-DEPT-SURG-20260118,PEX-KPI-DCF120177644
ISS-kpi_005-CFDCD81B,Warning,ZERO_DENOMINATOR,kpi_005,HOSP-001,DEPT-SURG,2026-01-19,Zero denominator for kpi_005,processed_operational_daily.csv,OPD-HOSP-001-DEPT-SURG-20260119,PEX-KPI-DCF120177644
ISS-kpi_005-04C0AE64,Warning,ZERO_DENOMINATOR,kpi_005,HOSP-001,DEPT-SURG,2026-01-20,Zero denominator for kpi_005,processed_operational_daily.csv,OPD-HOSP-001-DEPT-SURG-20260120,PEX-KPI-DCF120177644
ISS-kpi_005-1BE4B161,Warning,ZERO_DENOMINATOR,kpi_005,HOSP-001,DEPT-SURG,2026-01-21,Zero denominator for kpi_005,processed_operational_daily.csv,OPD-HOSP-001-DEPT-SURG-20260121,PEX-KPI-DCF120177644
ISS-kpi_005-EFECCEBE,Warning,ZERO_DENOMINATOR,kpi_005,HOSP-001,DEPT-SURG,2026-01-22,Zero denominator for kpi_005,processed_operational_daily.csv,OPD-HOSP-001-DEPT-SURG-20260122,PEX-KPI-DCF120177644
ISS-kpi_005-E77C697E,Warning,ZERO_DENOMINATOR,kpi_005,HOSP-001,DEPT-SURG,2026-01-23,Zero denominator for kpi_005,processed_operational_daily.csv,OPD-HOSP-001-DEPT-SURG-20260123,PEX-KPI-DCF120177644
ISS-kpi_005-00B4B48E,Warning,ZERO_DENOMINATOR,kpi_005,HOSP-001,DEPT-SURG,2026-01-24,Zero denominator for kpi_005,processed_operational_daily.csv,OPD-HOSP-001-DEPT-SURG-20260124,PEX-KPI-DCF120177644
ISS-kpi_005-533BBA94,Warning,ZERO_DENOMINATOR,kpi_005,HOSP-001,DEPT-SURG,2026-01-25,Zero denominator for kpi_005,processed_operational_daily.csv,OPD-HOSP-001-DEPT-SURG-20260125,PEX-KPI-DCF120177644
ISS-kpi_005-46F4F909,Warning,ZERO_DENOMINATOR,kpi_005,HOSP-001,DEPT-SURG,2026-01-26,Zero denominator for kpi_005,processed_operational_daily.csv,OPD-HOSP-001-DEPT-SURG-20260126,PEX-KPI-DCF120177644
ISS-kpi_005-5CBAAA2C,Warning,ZERO_DENOMINATOR,kpi_005,HOSP-001,DEPT-SURG,2026-01-27,Zero denominator for kpi_005,processed_operational_daily.csv,OPD-HOSP-001-DEPT-SURG-20260127,PEX-KPI-DCF120177644
ISS-kpi_006-223555CF,Warning,ZERO_DENOMINATOR,kpi_006,HOSP-001,DEPT-SURG,2026-01-27,Zero denominator for kpi_006,processed_operational_daily.csv,OPD-HOSP-001-DEPT-SURG-20260127,PEX-KPI-DCF120177644
ISS-kpi_005-FE2CF5D6,Warning,ZERO_DENOMINATOR,kpi_005,HOSP-001,DEPT-SURG,2026-01-28,Zero denominator for kpi_005,processed_operational_daily.csv,OPD-HOSP-001-DEPT-SURG-20260128,PEX-KPI-DCF120177644
ISS-kpi_005-E56BA7EA,Warning,ZERO_DENOMINATOR,kpi_005,HOSP-001,DEPT-SURG,2026-01-29,Zero denominator for kpi_005,processed_operational_daily.csv,OPD-HOSP-001-DEPT-SURG-20260129,PEX-KPI-DCF120177644
ISS-kpi_005-0F086B56,Warning,ZERO_DENOMINATOR,kpi_005,HOSP-001,DEPT-SURG,2026-01-30,Zero denominator for kpi_005,processed_operational_daily.csv,OPD-HOSP-001-DEPT-SURG-20260130,PEX-KPI-DCF120177644
ISS-kpi_005-218D0581,Warning,ZERO_DENOMINATOR,kpi_005,HOSP-001,DEPT-SURG,2026-01-31,Zero denominator for kpi_005,processed_operational_daily.csv,OPD-HOSP-001-DEPT-SURG-20260131,PEX-KPI-DCF120177644
ISS-kpi_005-6E709DCC,Warning,ZERO_DENOMINATOR,kpi_005,HOSP-001,DEPT-SURG,2026-02-01,Zero denominator for kpi_005,processed_operational_daily.csv,OPD-HOSP-001-DEPT-SURG-20260201,PEX-KPI-DCF120177644
ISS-kpi_005-8E73F8FF,Warning,ZERO_DENOMINATOR,kpi_005,HOSP-001,DEPT-SURG,2026-02-02,Zero denominator for kpi_005,processed_operational_daily.csv,OPD-HOSP-001-DEPT-SURG-20260202,PEX-KPI-DCF120177644
ISS-kpi_005-BE7D5005,Warning,ZERO_DENOMINATOR,kpi_005,HOSP-001,DEPT-SURG,2026-02-03,Zero denominator for kpi_005,processed_operational_daily.csv,OPD-HOSP-001-DEPT-SURG-20260203,PEX-KPI-DCF120177644
ISS-kpi_005-799EA3AC,Warning,ZERO_DENOMINATOR,kpi_005,HOSP-001,DEPT-SURG,2026-02-04,Zero denominator for kpi_005,processed_operational_daily.csv,OPD-HOSP-001-DEPT-SURG-20260204,PEX-KPI-DCF120177644
ISS-kpi_005-5068BF42,Warning,ZERO_DENOMINATOR,kpi_005,HOSP-001,DEPT-SURG,2026-02-05,Zero denominator for kpi_005,processed_operational_daily.csv,OPD-HOSP-001-DEPT-SURG-20260205,PEX-KPI-DCF120177644
ISS-kpi_005-BA913BF5,Warning,ZERO_DENOMINATOR,kpi_005,HOSP-001,DEPT-SURG,2026-02-06,Zero denominator for kpi_005,processed_operational_daily.csv,OPD-HOSP-001-DEPT-SURG-20260206,PEX-KPI-DCF120177644
ISS-kpi_005-1F0DE1E0,Warning,ZERO_DENOMINATOR,kpi_005,HOSP-001,DEPT-SURG,2026-02-07,Zero denominator for kpi_005,processed_operational_daily.csv,OPD-HOSP-001-DEPT-SURG-20260207,PEX-KPI-DCF120177644
ISS-kpi_005-01F7AC18,Warning,ZERO_DENOMINATOR,kpi_005,HOSP-001,DEPT-SURG,2026-02-08,Zero denominator for kpi_005,processed_operational_daily.csv,OPD-HOSP-001-DEPT-SURG-20260208,PEX-KPI-DCF120177644
ISS-kpi_005-33AE81EC,Warning,ZERO_DENOMINATOR,kpi_005,HOSP-001,DEPT-SURG,2026-02-09,Zero denominator for kpi_005,processed_operational_daily.csv,OPD-HOSP-001-DEPT-SURG-20260209,PEX-KPI-DCF120177644
ISS-kpi_005-F5DFDEC6,Warning,ZERO_DENOMINATOR,kpi_005,HOSP-001,DEPT-SURG,2026-02-10,Zero denominator for kpi_005,processed_operational_daily.csv,OPD-HOSP-001-DEPT-SURG-20260210,PEX-KPI-DCF120177644
ISS-kpi_005-6B381C33,Warning,ZERO_DENOMINATOR,kpi_005,HOSP-001,DEPT-SURG,2026-02-11,Zero denominator for kpi_005,processed_operational_daily.csv,OPD-HOSP-001-DEPT-SURG-20260211,PEX-KPI-DCF120177644
ISS-kpi_005-0A44002A,Warning,ZERO_DENOMINATOR,kpi_005,HOSP-001,DEPT-SURG,2026-02-12,Zero denominator for kpi_005,processed_operational_daily.csv,OPD-HOSP-001-DEPT-SURG-20260212,PEX-KPI-DCF120177644
ISS-kpi_005-22784151,Warning,ZERO_DENOMINATOR,kpi_005,HOSP-001,DEPT-SURG,2026-02-13,Zero denominator for kpi_005,processed_operational_daily.csv,OPD-HOSP-001-DEPT-SURG-20260213,PEX-KPI-DCF120177644
ISS-kpi_005-46910CE4,Warning,ZERO_DENOMINATOR,kpi_005,HOSP-001,DEPT-SURG,2026-02-14,Zero denominator for kpi_005,processed_operational_daily.csv,OPD-HOSP-001-DEPT-SURG-20260214,PEX-KPI-DCF120177644
ISS-kpi_005-B45F926E,Warning,INSUFFICIENT_DATA,kpi_005,HOSP-001,DEPT-SURG,2026-02-15,Insufficient data for kpi_005,processed_operational_daily.csv,OPD-HOSP-001-DEPT-SURG-20260215,PEX-KPI-DCF120177644
ISS-kpi_006-921CC649,Warning,INSUFFICIENT_DATA,kpi_006,HOSP-001,DEPT-SURG,2026-02-15,Insufficient data for kpi_006,processed_operational_daily.csv,OPD-HOSP-001-DEPT-SURG-20260215,PEX-KPI-DCF120177644
ISS-kpi_005-AAAEE592,Warning,INSUFFICIENT_DATA,kpi_005,HOSP-001,DEPT-SURG,2026-02-16,Insufficient data for kpi_005,processed_operational_daily.csv,OPD-HOSP-001-DEPT-SURG-20260216,PEX-KPI-DCF120177644
ISS-kpi_006-0FAAE768,Warning,INSUFFICIENT_DATA,kpi_006,HOSP-001,DEPT-SURG,2026-02-16,Insufficient data for kpi_006,processed_operational_daily.csv,OPD-HOSP-001-DEPT-SURG-20260216,PEX-KPI-DCF120177644
ISS-kpi_005-A9E40418,Warning,ZERO_DENOMINATOR,kpi_005,HOSP-001,DEPT-SURG,2026-02-17,Zero denominator for kpi_005,processed_operational_daily.csv,OPD-HOSP-001-DEPT-SURG-20260217,PEX-KPI-DCF120177644
ISS-kpi_005-6D00479F,Warning,ZERO_DENOMINATOR,kpi_005,HOSP-001,DEPT-SURG,2026-02-18,Zero denominator for kpi_005,processed_operational_daily.csv,OPD-HOSP-001-DEPT-SURG-20260218,PEX-KPI-DCF120177644
ISS-kpi_005-2E46D105,Warning,ZERO_DENOMINATOR,kpi_005,HOSP-001,DEPT-SURG,2026-02-19,Zero denominator for kpi_005,processed_operational_daily.csv,OPD-HOSP-001-DEPT-SURG-20260219,PEX-KPI-DCF120177644
ISS-kpi_005-6FDB69E7,Warning,ZERO_DENOMINATOR,kpi_005,HOSP-001,DEPT-SURG,2026-02-20,Zero denominator for kpi_005,processed_operational_daily.csv,OPD-HOSP-001-DEPT-SURG-20260220,PEX-KPI-DCF120177644
ISS-kpi_005-C2B9AFFB,Warning,ZERO_DENOMINATOR,kpi_005,HOSP-001,DEPT-SURG,2026-02-21,Zero denominator for kpi_005,processed_operational_daily.csv,OPD-HOSP-001-DEPT-SURG-20260221,PEX-KPI-DCF120177644
ISS-kpi_005-C6CBE6AB,Warning,ZERO_DENOMINATOR,kpi_005,HOSP-001,DEPT-SURG,2026-02-22,Zero denominator for kpi_005,processed_operational_daily.csv,OPD-HOSP-001-DEPT-SURG-20260222,PEX-KPI-DCF120177644
ISS-kpi_005-4C508D87,Warning,ZERO_DENOMINATOR,kpi_005,HOSP-001,DEPT-SURG,2026-02-23,Zero denominator for kpi_005,processed_operational_daily.csv,OPD-HOSP-001-DEPT-SURG-20260223,PEX-KPI-DCF120177644
ISS-kpi_005-56671080,Warning,INSUFFICIENT_DATA,kpi_005,HOSP-001,DEPT-SURG,2026-02-24,Insufficient data for kpi_005,processed_operational_daily.csv,OPD-HOSP-001-DEPT-SURG-20260224,PEX-KPI-DCF120177644
ISS-kpi_006-752AE52B,Warning,INSUFFICIENT_DATA,kpi_006,HOSP-001,DEPT-SURG,2026-02-24,Insufficient data for kpi_006,processed_operational_daily.csv,OPD-HOSP-001-DEPT-SURG-20260224,PEX-KPI-DCF120177644
ISS-kpi_005-528E7807,Warning,ZERO_DENOMINATOR,kpi_005,HOSP-001,DEPT-SURG,2026-02-25,Zero denominator for kpi_005,processed_operational_daily.csv,OPD-HOSP-001-DEPT-SURG-20260225,PEX-KPI-DCF120177644
ISS-kpi_005-B0605D30,Warning,ZERO_DENOMINATOR,kpi_005,HOSP-001,DEPT-SURG,2026-02-26,Zero denominator for kpi_005,processed_operational_daily.csv,OPD-HOSP-001-DEPT-SURG-20260226,PEX-KPI-DCF120177644
ISS-kpi_005-89D319D3,Warning,ZERO_DENOMINATOR,kpi_005,HOSP-001,DEPT-SURG,2026-02-27,Zero denominator for kpi_005,processed_operational_daily.csv,OPD-HOSP-001-DEPT-SURG-20260227,PEX-KPI-DCF120177644
ISS-kpi_005-CFE03D79,Warning,ZERO_DENOMINATOR,kpi_005,HOSP-001,DEPT-SURG,2026-02-28,Zero denominator for kpi_005,processed_operational_daily.csv,OPD-HOSP-001-DEPT-SURG-20260228,PEX-KPI-DCF120177644
ISS-kpi_005-6324993A,Warning,ZERO_DENOMINATOR,kpi_005,HOSP-001,DEPT-SURG,2026-03-01,Zero denominator for kpi_005,processed_operational_daily.csv,OPD-HOSP-001-DEPT-SURG-20260301,PEX-KPI-DCF120177644
ISS-kpi_005-187506DF,Warning,ZERO_DENOMINATOR,kpi_005,HOSP-001,DEPT-SURG,2026-03-02,Zero denominator for kpi_005,processed_operational_daily.csv,OPD-HOSP-001-DEPT-SURG-20260302,PEX-KPI-DCF120177644
ISS-kpi_005-B121D7AA,Warning,ZERO_DENOMINATOR,kpi_005,HOSP-001,DEPT-SURG,2026-03-03,Zero denominator for kpi_005,processed_operational_daily.csv,OPD-HOSP-001-DEPT-SURG-20260303,PEX-KPI-DCF120177644
ISS-kpi_005-5406AAF0,Warning,ZERO_DENOMINATOR,kpi_005,HOSP-001,DEPT-SURG,2026-03-04,Zero denominator for kpi_005,processed_operational_daily.csv,OPD-HOSP-001-DEPT-SURG-20260304,PEX-KPI-DCF120177644
ISS-kpi_005-B03E921C,Warning,ZERO_DENOMINATOR,kpi_005,HOSP-001,DEPT-SURG,2026-03-05,Zero denominator for kpi_005,processed_operational_daily.csv,OPD-HOSP-001-DEPT-SURG-20260305,PEX-KPI-DCF120177644
ISS-kpi_005-8D92911F,Warning,ZERO_DENOMINATOR,kpi_005,HOSP-001,DEPT-SURG,2026-03-06,Zero denominator for kpi_005,processed_operational_daily.csv,OPD-HOSP-001-DEPT-SURG-20260306,PEX-KPI-DCF120177644
ISS-kpi_005-48192E7F,Warning,ZERO_DENOMINATOR,kpi_005,HOSP-001,DEPT-SURG,2026-03-07,Zero denominator for kpi_005,processed_operational_daily.csv,OPD-HOSP-001-DEPT-SURG-20260307,PEX-KPI-DCF120177644
ISS-kpi_005-91CDB116,Warning,ZERO_DENOMINATOR,kpi_005,HOSP-001,DEPT-SURG,2026-03-08,Zero denominator for kpi_005,processed_operational_daily.csv,OPD-HOSP-001-DEPT-SURG-20260308,PEX-KPI-DCF120177644
ISS-kpi_005-0B71ABBF,Warning,ZERO_DENOMINATOR,kpi_005,HOSP-001,DEPT-SURG,2026-03-09,Zero denominator for kpi_005,processed_operational_daily.csv,OPD-HOSP-001-DEPT-SURG-20260309,PEX-KPI-DCF120177644
ISS-kpi_005-C1F6FC2F,Warning,ZERO_DENOMINATOR,kpi_005,HOSP-001,DEPT-SURG,2026-03-10,Zero denominator for kpi_005,processed_operational_daily.csv,OPD-HOSP-001-DEPT-SURG-20260310,PEX-KPI-DCF120177644
ISS-kpi_005-2B98991B,Warning,ZERO_DENOMINATOR,kpi_005,HOSP-001,DEPT-SURG,2026-03-11,Zero denominator for kpi_005,processed_operational_daily.csv,OPD-HOSP-001-DEPT-SURG-20260311,PEX-KPI-DCF120177644
ISS-kpi_005-542FA867,Warning,ZERO_DENOMINATOR,kpi_005,HOSP-001,DEPT-SURG,2026-03-12,Zero denominator for kpi_005,processed_operational_daily.csv,OPD-HOSP-001-DEPT-SURG-20260312,PEX-KPI-DCF120177644
ISS-kpi_005-1DAEC9C0,Warning,ZERO_DENOMINATOR,kpi_005,HOSP-001,DEPT-SURG,2026-03-13,Zero denominator for kpi_005,processed_operational_daily.csv,OPD-HOSP-001-DEPT-SURG-20260313,PEX-KPI-DCF120177644
ISS-kpi_005-382A9581,Warning,ZERO_DENOMINATOR,kpi_005,HOSP-001,DEPT-SURG,2026-03-14,Zero denominator for kpi_005,processed_operational_daily.csv,OPD-HOSP-001-DEPT-SURG-20260314,PEX-KPI-DCF120177644
ISS-kpi_005-25EFB980,Warning,ZERO_DENOMINATOR,kpi_005,HOSP-001,DEPT-SURG,2026-03-15,Zero denominator for kpi_005,processed_operational_daily.csv,OPD-HOSP-001-DEPT-SURG-20260315,PEX-KPI-DCF120177644
ISS-kpi_005-1BE56E27,Warning,ZERO_DENOMINATOR,kpi_005,HOSP-001,DEPT-SURG,2026-03-16,Zero denominator for kpi_005,processed_operational_daily.csv,OPD-HOSP-001-DEPT-SURG-20260316,PEX-KPI-DCF120177644
ISS-kpi_005-B1B6CB1C,Warning,ZERO_DENOMINATOR,kpi_005,HOSP-001,DEPT-SURG,2026-03-17,Zero denominator for kpi_005,processed_operational_daily.csv,OPD-HOSP-001-DEPT-SURG-20260317,PEX-KPI-DCF120177644
ISS-kpi_005-81426D80,Warning,ZERO_DENOMINATOR,kpi_005,HOSP-001,DEPT-SURG,2026-03-18,Zero denominator for kpi_005,processed_operational_daily.csv,OPD-HOSP-001-DEPT-SURG-20260318,PEX-KPI-DCF120177644
ISS-kpi_005-32412F0E,Warning,ZERO_DENOMINATOR,kpi_005,HOSP-001,DEPT-SURG,2026-03-19,Zero denominator for kpi_005,processed_operational_daily.csv,OPD-HOSP-001-DEPT-SURG-20260319,PEX-KPI-DCF120177644
ISS-kpi_005-E49A0EC2,Warning,INSUFFICIENT_DATA,kpi_005,HOSP-001,DEPT-SURG,2026-03-20,Insufficient data for kpi_005,processed_operational_daily.csv,OPD-HOSP-001-DEPT-SURG-20260320,PEX-KPI-DCF120177644
ISS-kpi_006-0124B0E6,Warning,INSUFFICIENT_DATA,kpi_006,HOSP-001,DEPT-SURG,2026-03-20,Insufficient data for kpi_006,processed_operational_daily.csv,OPD-HOSP-001-DEPT-SURG-20260320,PEX-KPI-DCF120177644
ISS-kpi_005-2B7686B8,Warning,ZERO_DENOMINATOR,kpi_005,HOSP-001,DEPT-SURG,2026-03-21,Zero denominator for kpi_005,processed_operational_daily.csv,OPD-HOSP-001-DEPT-SURG-20260321,PEX-KPI-DCF120177644
ISS-kpi_005-A24F2591,Warning,ZERO_DENOMINATOR,kpi_005,HOSP-001,DEPT-SURG,2026-03-22,Zero denominator for kpi_005,processed_operational_daily.csv,OPD-HOSP-001-DEPT-SURG-20260322,PEX-KPI-DCF120177644
ISS-kpi_005-65298A7B,Warning,ZERO_DENOMINATOR,kpi_005,HOSP-001,DEPT-SURG,2026-03-23,Zero denominator for kpi_005,processed_operational_daily.csv,OPD-HOSP-001-DEPT-SURG-20260323,PEX-KPI-DCF120177644
ISS-kpi_005-B6B60D4A,Warning,ZERO_DENOMINATOR,kpi_005,HOSP-001,DEPT-SURG,2026-03-24,Zero denominator for kpi_005,processed_operational_daily.csv,OPD-HOSP-001-DEPT-SURG-20260324,PEX-KPI-DCF120177644
ISS-kpi_005-82AD08EE,Warning,INSUFFICIENT_DATA,kpi_005,HOSP-001,DEPT-SURG,2026-03-25,Insufficient data for kpi_005,processed_operational_daily.csv,OPD-HOSP-001-DEPT-SURG-20260325,PEX-KPI-DCF120177644
ISS-kpi_006-906C389A,Warning,INSUFFICIENT_DATA,kpi_006,HOSP-001,DEPT-SURG,2026-03-25,Insufficient data for kpi_006,processed_operational_daily.csv,OPD-HOSP-001-DEPT-SURG-20260325,PEX-KPI-DCF120177644
ISS-kpi_005-1F557709,Warning,INSUFFICIENT_DATA,kpi_005,HOSP-001,DEPT-SURG,2026-03-26,Insufficient data for kpi_005,processed_operational_daily.csv,OPD-HOSP-001-DEPT-SURG-20260326,PEX-KPI-DCF120177644
ISS-kpi_006-E68291DF,Warning,INSUFFICIENT_DATA,kpi_006,HOSP-001,DEPT-SURG,2026-03-26,Insufficient data for kpi_006,processed_operational_daily.csv,OPD-HOSP-001-DEPT-SURG-20260326,PEX-KPI-DCF120177644
ISS-kpi_005-FBA7BA04,Warning,ZERO_DENOMINATOR,kpi_005,HOSP-001,DEPT-SURG,2026-03-27,Zero denominator for kpi_005,processed_operational_daily.csv,OPD-HOSP-001-DEPT-SURG-20260327,PEX-KPI-DCF120177644
ISS-kpi_005-CBEB20C2,Warning,ZERO_DENOMINATOR,kpi_005,HOSP-001,DEPT-SURG,2026-03-28,Zero denominator for kpi_005,processed_operational_daily.csv,OPD-HOSP-001-DEPT-SURG-20260328,PEX-KPI-DCF120177644
ISS-kpi_005-2EE7D094,Warning,ZERO_DENOMINATOR,kpi_005,HOSP-001,DEPT-SURG,2026-03-29,Zero denominator for kpi_005,processed_operational_daily.csv,OPD-HOSP-001-DEPT-SURG-20260329,PEX-KPI-DCF120177644
ISS-kpi_005-E35898CA,Warning,ZERO_DENOMINATOR,kpi_005,HOSP-001,DEPT-SURG,2026-03-30,Zero denominator for kpi_005,processed_operational_daily.csv,OPD-HOSP-001-DEPT-SURG-20260330,PEX-KPI-DCF120177644
ISS-kpi_005-3C1978D4,Warning,ZERO_DENOMINATOR,kpi_005,HOSP-001,DEPT-SURG,2026-03-31,Zero denominator for kpi_005,processed_operational_daily.csv,OPD-HOSP-001-DEPT-SURG-20260331,PEX-KPI-DCF120177644
ISS-kpi_005-7B4E1A1A,Warning,ZERO_DENOMINATOR,kpi_005,HOSP-001,DEPT-SURG,2026-04-01,Zero denominator for kpi_005,processed_operational_daily.csv,OPD-HOSP-001-DEPT-SURG-20260401,PEX-KPI-DCF120177644
ISS-kpi_005-BF8DCEB1,Warning,ZERO_DENOMINATOR,kpi_005,HOSP-001,DEPT-SURG,2026-04-02,Zero denominator for kpi_005,processed_operational_daily.csv,OPD-HOSP-001-DEPT-SURG-20260402,PEX-KPI-DCF120177644
ISS-kpi_005-0C939F86,Warning,ZERO_DENOMINATOR,kpi_005,HOSP-001,DEPT-SURG,2026-04-03,Zero denominator for kpi_005,processed_operational_daily.csv,OPD-HOSP-001-DEPT-SURG-20260403,PEX-KPI-DCF120177644
ISS-kpi_005-CC366C8E,Warning,ZERO_DENOMINATOR,kpi_005,HOSP-001,DEPT-SURG,2026-04-04,Zero denominator for kpi_005,processed_operational_daily.csv,OPD-HOSP-001-DEPT-SURG-20260404,PEX-KPI-DCF120177644
ISS-kpi_005-9B8A8652,Warning,ZERO_DENOMINATOR,kpi_005,HOSP-001,DEPT-SURG,2026-04-05,Zero denominator for kpi_005,processed_operational_daily.csv,OPD-HOSP-001-DEPT-SURG-20260405,PEX-KPI-DCF120177644
ISS-kpi_005-1EE16655,Warning,ZERO_DENOMINATOR,kpi_005,HOSP-001,DEPT-SURG,2026-04-06,Zero denominator for kpi_005,processed_operational_daily.csv,OPD-HOSP-001-DEPT-SURG-20260406,PEX-KPI-DCF120177644
ISS-kpi_005-F6FB45AA,Warning,ZERO_DENOMINATOR,kpi_005,HOSP-001,DEPT-SURG,2026-04-07,Zero denominator for kpi_005,processed_operational_daily.csv,OPD-HOSP-001-DEPT-SURG-20260407,PEX-KPI-DCF120177644
ISS-kpi_005-EE37D8B7,Warning,ZERO_DENOMINATOR,kpi_005,HOSP-001,DEPT-SURG,2026-04-08,Zero denominator for kpi_005,processed_operational_daily.csv,OPD-HOSP-001-DEPT-SURG-20260408,PEX-KPI-DCF120177644
ISS-kpi_005-7BE7F625,Warning,INSUFFICIENT_DATA,kpi_005,HOSP-001,DEPT-SURG,2026-04-09,Insufficient data for kpi_005,processed_operational_daily.csv,OPD-HOSP-001-DEPT-SURG-20260409,PEX-KPI-DCF120177644
ISS-kpi_006-BB8E4344,Warning,INSUFFICIENT_DATA,kpi_006,HOSP-001,DEPT-SURG,2026-04-09,Insufficient data for kpi_006,processed_operational_daily.csv,OPD-HOSP-001-DEPT-SURG-20260409,PEX-KPI-DCF120177644
ISS-kpi_005-331C8C29,Warning,ZERO_DENOMINATOR,kpi_005,HOSP-001,DEPT-SURG,2026-04-10,Zero denominator for kpi_005,processed_operational_daily.csv,OPD-HOSP-001-DEPT-SURG-20260410,PEX-KPI-DCF120177644
ISS-kpi_005-BDCAF1A6,Warning,INSUFFICIENT_DATA,kpi_005,HOSP-001,DEPT-SURG,2026-04-11,Insufficient data for kpi_005,processed_operational_daily.csv,OPD-HOSP-001-DEPT-SURG-20260411,PEX-KPI-DCF120177644
ISS-kpi_006-20861008,Warning,INSUFFICIENT_DATA,kpi_006,HOSP-001,DEPT-SURG,2026-04-11,Insufficient data for kpi_006,processed_operational_daily.csv,OPD-HOSP-001-DEPT-SURG-20260411,PEX-KPI-DCF120177644
ISS-kpi_005-30C2C0BC,Warning,ZERO_DENOMINATOR,kpi_005,HOSP-001,DEPT-SURG,2026-04-12,Zero denominator for kpi_005,processed_operational_daily.csv,OPD-HOSP-001-DEPT-SURG-20260412,PEX-KPI-DCF120177644
ISS-kpi_005-6B49EFD7,Warning,ZERO_DENOMINATOR,kpi_005,HOSP-001,DEPT-SURG,2026-04-13,Zero denominator for kpi_005,processed_operational_daily.csv,OPD-HOSP-001-DEPT-SURG-20260413,PEX-KPI-DCF120177644
ISS-kpi_005-D40DD623,Warning,ZERO_DENOMINATOR,kpi_005,HOSP-001,DEPT-SURG,2026-04-14,Zero denominator for kpi_005,processed_operational_daily.csv,OPD-HOSP-001-DEPT-SURG-20260414,PEX-KPI-DCF120177644
ISS-kpi_005-84B6367A,Warning,ZERO_DENOMINATOR,kpi_005,HOSP-001,DEPT-SURG,2026-04-15,Zero denominator for kpi_005,processed_operational_daily.csv,OPD-HOSP-001-DEPT-SURG-20260415,PEX-KPI-DCF120177644
ISS-kpi_005-55B17DFB,Warning,ZERO_DENOMINATOR,kpi_005,HOSP-001,DEPT-SURG,2026-04-16,Zero denominator for kpi_005,processed_operational_daily.csv,OPD-HOSP-001-DEPT-SURG-20260416,PEX-KPI-DCF120177644
ISS-kpi_005-9EC37FF9,Warning,INSUFFICIENT_DATA,kpi_005,HOSP-001,DEPT-SURG,2026-04-17,Insufficient data for kpi_005,processed_operational_daily.csv,OPD-HOSP-001-DEPT-SURG-20260417,PEX-KPI-DCF120177644
ISS-kpi_006-C8545251,Warning,INSUFFICIENT_DATA,kpi_006,HOSP-001,DEPT-SURG,2026-04-17,Insufficient data for kpi_006,processed_operational_daily.csv,OPD-HOSP-001-DEPT-SURG-20260417,PEX-KPI-DCF120177644
ISS-kpi_005-69AF1C65,Warning,ZERO_DENOMINATOR,kpi_005,HOSP-001,DEPT-SURG,2026-04-18,Zero denominator for kpi_005,processed_operational_daily.csv,OPD-HOSP-001-DEPT-SURG-20260418,PEX-KPI-DCF120177644
ISS-kpi_005-933773B7,Warning,ZERO_DENOMINATOR,kpi_005,HOSP-001,DEPT-SURG,2026-04-19,Zero denominator for kpi_005,processed_operational_daily.csv,OPD-HOSP-001-DEPT-SURG-20260419,PEX-KPI-DCF120177644
ISS-kpi_006-CDF19A12,Warning,ZERO_DENOMINATOR,kpi_006,HOSP-001,DEPT-SURG,2026-04-19,Zero denominator for kpi_006,processed_operational_daily.csv,OPD-HOSP-001-DEPT-SURG-20260419,PEX-KPI-DCF120177644
ISS-kpi_005-760B5F05,Warning,INSUFFICIENT_DATA,kpi_005,HOSP-001,DEPT-SURG,2026-04-20,Insufficient data for kpi_005,processed_operational_daily.csv,OPD-HOSP-001-DEPT-SURG-20260420,PEX-KPI-DCF120177644
ISS-kpi_006-B8353978,Warning,INSUFFICIENT_DATA,kpi_006,HOSP-001,DEPT-SURG,2026-04-20,Insufficient data for kpi_006,processed_operational_daily.csv,OPD-HOSP-001-DEPT-SURG-20260420,PEX-KPI-DCF120177644
ISS-kpi_005-CF2E7A58,Warning,ZERO_DENOMINATOR,kpi_005,HOSP-001,DEPT-SURG,2026-04-21,Zero denominator for kpi_005,processed_operational_daily.csv,OPD-HOSP-001-DEPT-SURG-20260421,PEX-KPI-DCF120177644
ISS-kpi_005-9CA6CC3D,Warning,ZERO_DENOMINATOR,kpi_005,HOSP-001,DEPT-SURG,2026-04-22,Zero denominator for kpi_005,processed_operational_daily.csv,OPD-HOSP-001-DEPT-SURG-20260422,PEX-KPI-DCF120177644
ISS-kpi_005-14112B35,Warning,ZERO_DENOMINATOR,kpi_005,HOSP-001,DEPT-SURG,2026-04-23,Zero denominator for kpi_005,processed_operational_daily.csv,OPD-HOSP-001-DEPT-SURG-20260423,PEX-KPI-DCF120177644
ISS-kpi_005-B0D9F2DC,Warning,ZERO_DENOMINATOR,kpi_005,HOSP-001,DEPT-SURG,2026-04-24,Zero denominator for kpi_005,processed_operational_daily.csv,OPD-HOSP-001-DEPT-SURG-20260424,PEX-KPI-DCF120177644
ISS-kpi_005-1B9BDEB0,Warning,ZERO_DENOMINATOR,kpi_005,HOSP-001,DEPT-SURG,2026-04-25,Zero denominator for kpi_005,processed_operational_daily.csv,OPD-HOSP-001-DEPT-SURG-20260425,PEX-KPI-DCF120177644
ISS-kpi_005-28948566,Warning,ZERO_DENOMINATOR,kpi_005,HOSP-001,DEPT-SURG,2026-04-26,Zero denominator for kpi_005,processed_operational_daily.csv,OPD-HOSP-001-DEPT-SURG-20260426,PEX-KPI-DCF120177644
ISS-kpi_005-63F2FF68,Warning,ZERO_DENOMINATOR,kpi_005,HOSP-001,DEPT-SURG,2026-04-27,Zero denominator for kpi_005,processed_operational_daily.csv,OPD-HOSP-001-DEPT-SURG-20260427,PEX-KPI-DCF120177644
ISS-kpi_006-0E009304,Warning,ZERO_DENOMINATOR,kpi_006,HOSP-001,DEPT-SURG,2026-04-27,Zero denominator for kpi_006,processed_operational_daily.csv,OPD-HOSP-001-DEPT-SURG-20260427,PEX-KPI-DCF120177644
ISS-kpi_005-A131DEC1,Warning,ZERO_DENOMINATOR,kpi_005,HOSP-001,DEPT-SURG,2026-04-28,Zero denominator for kpi_005,processed_operational_daily.csv,OPD-HOSP-001-DEPT-SURG-20260428,PEX-KPI-DCF120177644
ISS-kpi_005-F50C134C,Warning,ZERO_DENOMINATOR,kpi_005,HOSP-001,DEPT-SURG,2026-04-29,Zero denominator for kpi_005,processed_operational_daily.csv,OPD-HOSP-001-DEPT-SURG-20260429,PEX-KPI-DCF120177644
ISS-kpi_005-A40B61C3,Warning,ZERO_DENOMINATOR,kpi_005,HOSP-001,DEPT-SURG,2026-04-30,Zero denominator for kpi_005,processed_operational_daily.csv,OPD-HOSP-001-DEPT-SURG-20260430,PEX-KPI-DCF120177644
ISS-kpi_005-090A4523,Warning,ZERO_DENOMINATOR,kpi_005,HOSP-001,DEPT-SURG,2026-05-01,Zero denominator for kpi_005,processed_operational_daily.csv,OPD-HOSP-001-DEPT-SURG-20260501,PEX-KPI-DCF120177644
ISS-kpi_006-8940B52F,Warning,ZERO_DENOMINATOR,kpi_006,HOSP-001,DEPT-SURG,2026-05-01,Zero denominator for kpi_006,processed_operational_daily.csv,OPD-HOSP-001-DEPT-SURG-20260501,PEX-KPI-DCF120177644
ISS-kpi_005-801F414E,Warning,ZERO_DENOMINATOR,kpi_005,HOSP-001,DEPT-SURG,2026-05-02,Zero denominator for kpi_005,processed_operational_daily.csv,OPD-HOSP-001-DEPT-SURG-20260502,PEX-KPI-DCF120177644
ISS-kpi_006-EFD116BE,Warning,ZERO_DENOMINATOR,kpi_006,HOSP-001,DEPT-SURG,2026-05-02,Zero denominator for kpi_006,processed_operational_daily.csv,OPD-HOSP-001-DEPT-SURG-20260502,PEX-KPI-DCF120177644
ISS-kpi_005-7A11B060,Warning,ZERO_DENOMINATOR,kpi_005,HOSP-001,DEPT-SURG,2026-05-03,Zero denominator for kpi_005,processed_operational_daily.csv,OPD-HOSP-001-DEPT-SURG-20260503,PEX-KPI-DCF120177644
ISS-kpi_005-D83470C0,Warning,ZERO_DENOMINATOR,kpi_005,HOSP-001,DEPT-SURG,2026-05-04,Zero denominator for kpi_005,processed_operational_daily.csv,OPD-HOSP-001-DEPT-SURG-20260504,PEX-KPI-DCF120177644
ISS-kpi_005-7A1FF3ED,Warning,ZERO_DENOMINATOR,kpi_005,HOSP-001,DEPT-SURG,2026-05-05,Zero denominator for kpi_005,processed_operational_daily.csv,OPD-HOSP-001-DEPT-SURG-20260505,PEX-KPI-DCF120177644
ISS-kpi_005-0755BB5C,Warning,ZERO_DENOMINATOR,kpi_005,HOSP-001,DEPT-SURG,2026-05-06,Zero denominator for kpi_005,processed_operational_daily.csv,OPD-HOSP-001-DEPT-SURG-20260506,PEX-KPI-DCF120177644
ISS-kpi_005-15CBD36C,Warning,ZERO_DENOMINATOR,kpi_005,HOSP-001,DEPT-SURG,2026-05-07,Zero denominator for kpi_005,processed_operational_daily.csv,OPD-HOSP-001-DEPT-SURG-20260507,PEX-KPI-DCF120177644
ISS-kpi_005-E7FCAC84,Warning,ZERO_DENOMINATOR,kpi_005,HOSP-001,DEPT-SURG,2026-05-08,Zero denominator for kpi_005,processed_operational_daily.csv,OPD-HOSP-001-DEPT-SURG-20260508,PEX-KPI-DCF120177644
ISS-kpi_006-3737EE61,Warning,ZERO_DENOMINATOR,kpi_006,HOSP-001,DEPT-SURG,2026-05-08,Zero denominator for kpi_006,processed_operational_daily.csv,OPD-HOSP-001-DEPT-SURG-20260508,PEX-KPI-DCF120177644
ISS-kpi_005-991CF1EF,Warning,ZERO_DENOMINATOR,kpi_005,HOSP-001,DEPT-SURG,2026-05-09,Zero denominator for kpi_005,processed_operational_daily.csv,OPD-HOSP-001-DEPT-SURG-20260509,PEX-KPI-DCF120177644
ISS-kpi_006-176D2419,Warning,ZERO_DENOMINATOR,kpi_006,HOSP-001,DEPT-SURG,2026-05-09,Zero denominator for kpi_006,processed_operational_daily.csv,OPD-HOSP-001-DEPT-SURG-20260509,PEX-KPI-DCF120177644
ISS-kpi_005-58B7BA3F,Warning,ZERO_DENOMINATOR,kpi_005,HOSP-001,DEPT-SURG,2026-05-10,Zero denominator for kpi_005,processed_operational_daily.csv,OPD-HOSP-001-DEPT-SURG-20260510,PEX-KPI-DCF120177644
ISS-kpi_006-000EC6A4,Warning,ZERO_DENOMINATOR,kpi_006,HOSP-001,DEPT-SURG,2026-05-10,Zero denominator for kpi_006,processed_operational_daily.csv,OPD-HOSP-001-DEPT-SURG-20260510,PEX-KPI-DCF120177644
ISS-kpi_005-67C25549,Warning,ZERO_DENOMINATOR,kpi_005,HOSP-001,DEPT-SURG,2026-05-11,Zero denominator for kpi_005,processed_operational_daily.csv,OPD-HOSP-001-DEPT-SURG-20260511,PEX-KPI-DCF120177644
ISS-kpi_006-E849400E,Warning,ZERO_DENOMINATOR,kpi_006,HOSP-001,DEPT-SURG,2026-05-11,Zero denominator for kpi_006,processed_operational_daily.csv,OPD-HOSP-001-DEPT-SURG-20260511,PEX-KPI-DCF120177644
ISS-kpi_005-6138E69A,Warning,ZERO_DENOMINATOR,kpi_005,HOSP-001,DEPT-SURG,2026-05-12,Zero denominator for kpi_005,processed_operational_daily.csv,OPD-HOSP-001-DEPT-SURG-20260512,PEX-KPI-DCF120177644
ISS-kpi_005-510F4026,Warning,ZERO_DENOMINATOR,kpi_005,HOSP-001,DEPT-SURG,2026-05-13,Zero denominator for kpi_005,processed_operational_daily.csv,OPD-HOSP-001-DEPT-SURG-20260513,PEX-KPI-DCF120177644
ISS-kpi_005-BB4F61F7,Warning,ZERO_DENOMINATOR,kpi_005,HOSP-001,DEPT-SURG,2026-05-14,Zero denominator for kpi_005,processed_operational_daily.csv,OPD-HOSP-001-DEPT-SURG-20260514,PEX-KPI-DCF120177644
ISS-kpi_005-87F4BA0B,Warning,ZERO_DENOMINATOR,kpi_005,HOSP-001,DEPT-SURG,2026-05-15,Zero denominator for kpi_005,processed_operational_daily.csv,OPD-HOSP-001-DEPT-SURG-20260515,PEX-KPI-DCF120177644
ISS-kpi_006-F64C58A8,Warning,ZERO_DENOMINATOR,kpi_006,HOSP-001,DEPT-SURG,2026-05-15,Zero denominator for kpi_006,processed_operational_daily.csv,OPD-HOSP-001-DEPT-SURG-20260515,PEX-KPI-DCF120177644
ISS-kpi_005-A0E8CF91,Warning,ZERO_DENOMINATOR,kpi_005,HOSP-001,DEPT-SURG,2026-05-16,Zero denominator for kpi_005,processed_operational_daily.csv,OPD-HOSP-001-DEPT-SURG-20260516,PEX-KPI-DCF120177644
ISS-kpi_005-74304ADD,Warning,ZERO_DENOMINATOR,kpi_005,HOSP-001,DEPT-SURG,2026-05-17,Zero denominator for kpi_005,processed_operational_daily.csv,OPD-HOSP-001-DEPT-SURG-20260517,PEX-KPI-DCF120177644
ISS-kpi_005-9AD7C0C6,Warning,ZERO_DENOMINATOR,kpi_005,HOSP-001,DEPT-SURG,2026-05-18,Zero denominator for kpi_005,processed_operational_daily.csv,OPD-HOSP-001-DEPT-SURG-20260518,PEX-KPI-DCF120177644
ISS-kpi_005-965D6188,Warning,ZERO_DENOMINATOR,kpi_005,HOSP-001,DEPT-SURG,2026-05-19,Zero denominator for kpi_005,processed_operational_daily.csv,OPD-HOSP-001-DEPT-SURG-20260519,PEX-KPI-DCF120177644
ISS-kpi_006-5AD63C35,Warning,ZERO_DENOMINATOR,kpi_006,HOSP-001,DEPT-SURG,2026-05-19,Zero denominator for kpi_006,processed_operational_daily.csv,OPD-HOSP-001-DEPT-SURG-20260519,PEX-KPI-DCF120177644
ISS-kpi_005-7993BBFB,Warning,ZERO_DENOMINATOR,kpi_005,HOSP-001,DEPT-SURG,2026-05-20,Zero denominator for kpi_005,processed_operational_daily.csv,OPD-HOSP-001-DEPT-SURG-20260520,PEX-KPI-DCF120177644
ISS-kpi_005-57D5C737,Warning,ZERO_DENOMINATOR,kpi_005,HOSP-001,DEPT-SURG,2026-05-21,Zero denominator for kpi_005,processed_operational_daily.csv,OPD-HOSP-001-DEPT-SURG-20260521,PEX-KPI-DCF120177644
ISS-kpi_005-9C3286E2,Warning,ZERO_DENOMINATOR,kpi_005,HOSP-001,DEPT-SURG,2026-05-22,Zero denominator for kpi_005,processed_operational_daily.csv,OPD-HOSP-001-DEPT-SURG-20260522,PEX-KPI-DCF120177644
ISS-kpi_005-D5DD4828,Warning,ZERO_DENOMINATOR,kpi_005,HOSP-001,DEPT-SURG,2026-05-23,Zero denominator for kpi_005,processed_operational_daily.csv,OPD-HOSP-001-DEPT-SURG-20260523,PEX-KPI-DCF120177644
ISS-kpi_005-92D2E8B8,Warning,ZERO_DENOMINATOR,kpi_005,HOSP-001,DEPT-SURG,2026-05-24,Zero denominator for kpi_005,processed_operational_daily.csv,OPD-HOSP-001-DEPT-SURG-20260524,PEX-KPI-DCF120177644
ISS-kpi_005-E126F872,Warning,ZERO_DENOMINATOR,kpi_005,HOSP-001,DEPT-SURG,2026-05-25,Zero denominator for kpi_005,processed_operational_daily.csv,OPD-HOSP-001-DEPT-SURG-20260525,PEX-KPI-DCF120177644
ISS-kpi_005-5D3F4577,Warning,ZERO_DENOMINATOR,kpi_005,HOSP-001,DEPT-SURG,2026-05-26,Zero denominator for kpi_005,processed_operational_daily.csv,OPD-HOSP-001-DEPT-SURG-20260526,PEX-KPI-DCF120177644
ISS-kpi_005-30792D71,Warning,INSUFFICIENT_DATA,kpi_005,HOSP-001,DEPT-SURG,2026-05-27,Insufficient data for kpi_005,processed_operational_daily.csv,OPD-HOSP-001-DEPT-SURG-20260527,PEX-KPI-DCF120177644
ISS-kpi_006-57B72F31,Warning,INSUFFICIENT_DATA,kpi_006,HOSP-001,DEPT-SURG,2026-05-27,Insufficient data for kpi_006,processed_operational_daily.csv,OPD-HOSP-001-DEPT-SURG-20260527,PEX-KPI-DCF120177644
ISS-kpi_005-7D05E44E,Warning,ZERO_DENOMINATOR,kpi_005,HOSP-001,DEPT-SURG,2026-05-28,Zero denominator for kpi_005,processed_operational_daily.csv,OPD-HOSP-001-DEPT-SURG-20260528,PEX-KPI-DCF120177644
ISS-kpi_006-ADA2DA1F,Warning,ZERO_DENOMINATOR,kpi_006,HOSP-001,DEPT-SURG,2026-05-28,Zero denominator for kpi_006,processed_operational_daily.csv,OPD-HOSP-001-DEPT-SURG-20260528,PEX-KPI-DCF120177644
ISS-kpi_005-A76A8F5B,Warning,ZERO_DENOMINATOR,kpi_005,HOSP-001,DEPT-SURG,2026-05-29,Zero denominator for kpi_005,processed_operational_daily.csv,OPD-HOSP-001-DEPT-SURG-20260529,PEX-KPI-DCF120177644
ISS-kpi_005-C71138AB,Warning,ZERO_DENOMINATOR,kpi_005,HOSP-001,DEPT-SURG,2026-05-30,Zero denominator for kpi_005,processed_operational_daily.csv,OPD-HOSP-001-DEPT-SURG-20260530,PEX-KPI-DCF120177644
ISS-kpi_005-F82B129C,Warning,ZERO_DENOMINATOR,kpi_005,HOSP-001,DEPT-SURG,2026-05-31,Zero denominator for kpi_005,processed_operational_daily.csv,OPD-HOSP-001-DEPT-SURG-20260531,PEX-KPI-DCF120177644
ISS-kpi_005-EF1924AD,Warning,ZERO_DENOMINATOR,kpi_005,HOSP-001,DEPT-SURG,2026-06-01,Zero denominator for kpi_005,processed_operational_daily.csv,OPD-HOSP-001-DEPT-SURG-20260601,PEX-KPI-DCF120177644
ISS-kpi_006-12EF7C10,Warning,ZERO_DENOMINATOR,kpi_006,HOSP-001,DEPT-SURG,2026-06-01,Zero denominator for kpi_006,processed_operational_daily.csv,OPD-HOSP-001-DEPT-SURG-20260601,PEX-KPI-DCF120177644
ISS-kpi_005-F69404DF,Warning,ZERO_DENOMINATOR,kpi_005,HOSP-001,DEPT-SURG,2026-06-02,Zero denominator for kpi_005,processed_operational_daily.csv,OPD-HOSP-001-DEPT-SURG-20260602,PEX-KPI-DCF120177644
ISS-kpi_005-66150AF1,Warning,ZERO_DENOMINATOR,kpi_005,HOSP-001,DEPT-SURG,2026-06-03,Zero denominator for kpi_005,processed_operational_daily.csv,OPD-HOSP-001-DEPT-SURG-20260603,PEX-KPI-DCF120177644
ISS-kpi_005-225DCF48,Warning,ZERO_DENOMINATOR,kpi_005,HOSP-001,DEPT-SURG,2026-06-04,Zero denominator for kpi_005,processed_operational_daily.csv,OPD-HOSP-001-DEPT-SURG-20260604,PEX-KPI-DCF120177644
ISS-kpi_005-601A3CFE,Warning,ZERO_DENOMINATOR,kpi_005,HOSP-001,DEPT-SURG,2026-06-05,Zero denominator for kpi_005,processed_operational_daily.csv,OPD-HOSP-001-DEPT-SURG-20260605,PEX-KPI-DCF120177644
ISS-kpi_005-E0DFD586,Warning,ZERO_DENOMINATOR,kpi_005,HOSP-001,DEPT-SURG,2026-06-06,Zero denominator for kpi_005,processed_operational_daily.csv,OPD-HOSP-001-DEPT-SURG-20260606,PEX-KPI-DCF120177644
ISS-kpi_005-B02D4E4F,Warning,ZERO_DENOMINATOR,kpi_005,HOSP-001,DEPT-SURG,2026-06-07,Zero denominator for kpi_005,processed_operational_daily.csv,OPD-HOSP-001-DEPT-SURG-20260607,PEX-KPI-DCF120177644
ISS-kpi_005-26487F2B,Warning,ZERO_DENOMINATOR,kpi_005,HOSP-001,DEPT-SURG,2026-06-08,Zero denominator for kpi_005,processed_operational_daily.csv,OPD-HOSP-001-DEPT-SURG-20260608,PEX-KPI-DCF120177644
ISS-kpi_005-15BE5FB4,Warning,ZERO_DENOMINATOR,kpi_005,HOSP-001,DEPT-SURG,2026-06-09,Zero denominator for kpi_005,processed_operational_daily.csv,OPD-HOSP-001-DEPT-SURG-20260609,PEX-KPI-DCF120177644
ISS-kpi_005-898DB16C,Warning,ZERO_DENOMINATOR,kpi_005,HOSP-001,DEPT-SURG,2026-06-10,Zero denominator for kpi_005,processed_operational_daily.csv,OPD-HOSP-001-DEPT-SURG-20260610,PEX-KPI-DCF120177644
ISS-kpi_005-B6511D5C,Warning,ZERO_DENOMINATOR,kpi_005,HOSP-001,DEPT-SURG,2026-06-11,Zero denominator for kpi_005,processed_operational_daily.csv,OPD-HOSP-001-DEPT-SURG-20260611,PEX-KPI-DCF120177644
ISS-kpi_005-D23FD9E5,Warning,ZERO_DENOMINATOR,kpi_005,HOSP-001,DEPT-SURG,2026-06-12,Zero denominator for kpi_005,processed_operational_daily.csv,OPD-HOSP-001-DEPT-SURG-20260612,PEX-KPI-DCF120177644
ISS-kpi_005-ED4AF78F,Warning,ZERO_DENOMINATOR,kpi_005,HOSP-001,DEPT-SURG,2026-06-13,Zero denominator for kpi_005,processed_operational_daily.csv,OPD-HOSP-001-DEPT-SURG-20260613,PEX-KPI-DCF120177644
ISS-kpi_005-638F5B4A,Warning,ZERO_DENOMINATOR,kpi_005,HOSP-001,DEPT-SURG,2026-06-14,Zero denominator for kpi_005,processed_operational_daily.csv,OPD-HOSP-001-DEPT-SURG-20260614,PEX-KPI-DCF120177644
ISS-kpi_005-6E52A172,Warning,ZERO_DENOMINATOR,kpi_005,HOSP-001,DEPT-SURG,2026-06-15,Zero denominator for kpi_005,processed_operational_daily.csv,OPD-HOSP-001-DEPT-SURG-20260615,PEX-KPI-DCF120177644
ISS-kpi_005-5346CA55,Warning,ZERO_DENOMINATOR,kpi_005,HOSP-001,DEPT-SURG,2026-06-16,Zero denominator for kpi_005,processed_operational_daily.csv,OPD-HOSP-001-DEPT-SURG-20260616,PEX-KPI-DCF120177644
ISS-kpi_005-93A435C5,Warning,INSUFFICIENT_DATA,kpi_005,HOSP-001,DEPT-SURG,2026-06-17,Insufficient data for kpi_005,processed_operational_daily.csv,OPD-HOSP-001-DEPT-SURG-20260617,PEX-KPI-DCF120177644
ISS-kpi_006-BEFCAB03,Warning,INSUFFICIENT_DATA,kpi_006,HOSP-001,DEPT-SURG,2026-06-17,Insufficient data for kpi_006,processed_operational_daily.csv,OPD-HOSP-001-DEPT-SURG-20260617,PEX-KPI-DCF120177644
ISS-kpi_005-EDA7956A,Warning,ZERO_DENOMINATOR,kpi_005,HOSP-001,DEPT-SURG,2026-06-18,Zero denominator for kpi_005,processed_operational_daily.csv,OPD-HOSP-001-DEPT-SURG-20260618,PEX-KPI-DCF120177644
ISS-kpi_005-A6C481BE,Warning,ZERO_DENOMINATOR,kpi_005,HOSP-001,DEPT-SURG,2026-06-19,Zero denominator for kpi_005,processed_operational_daily.csv,OPD-HOSP-001-DEPT-SURG-20260619,PEX-KPI-DCF120177644
ISS-kpi_005-FA32858F,Warning,ZERO_DENOMINATOR,kpi_005,HOSP-001,DEPT-SURG,2026-06-20,Zero denominator for kpi_005,processed_operational_daily.csv,OPD-HOSP-001-DEPT-SURG-20260620,PEX-KPI-DCF120177644
ISS-kpi_005-8079D618,Warning,ZERO_DENOMINATOR,kpi_005,HOSP-001,DEPT-SURG,2026-06-21,Zero denominator for kpi_005,processed_operational_daily.csv,OPD-HOSP-001-DEPT-SURG-20260621,PEX-KPI-DCF120177644
ISS-kpi_006-86AA71CF,Warning,ZERO_DENOMINATOR,kpi_006,HOSP-001,DEPT-SURG,2026-06-21,Zero denominator for kpi_006,processed_operational_daily.csv,OPD-HOSP-001-DEPT-SURG-20260621,PEX-KPI-DCF120177644
ISS-kpi_005-E01DD238,Warning,ZERO_DENOMINATOR,kpi_005,HOSP-001,DEPT-SURG,2026-06-22,Zero denominator for kpi_005,processed_operational_daily.csv,OPD-HOSP-001-DEPT-SURG-20260622,PEX-KPI-DCF120177644
ISS-kpi_005-790481B2,Warning,ZERO_DENOMINATOR,kpi_005,HOSP-001,DEPT-SURG,2026-06-23,Zero denominator for kpi_005,processed_operational_daily.csv,OPD-HOSP-001-DEPT-SURG-20260623,PEX-KPI-DCF120177644
ISS-kpi_006-226216A0,Warning,ZERO_DENOMINATOR,kpi_006,HOSP-001,DEPT-SURG,2026-06-23,Zero denominator for kpi_006,processed_operational_daily.csv,OPD-HOSP-001-DEPT-SURG-20260623,PEX-KPI-DCF120177644
ISS-kpi_005-F66B1FC1,Warning,ZERO_DENOMINATOR,kpi_005,HOSP-001,DEPT-SURG,2026-06-24,Zero denominator for kpi_005,processed_operational_daily.csv,OPD-HOSP-001-DEPT-SURG-20260624,PEX-KPI-DCF120177644
ISS-kpi_006-F1F86D38,Warning,ZERO_DENOMINATOR,kpi_006,HOSP-001,DEPT-SURG,2026-06-24,Zero denominator for kpi_006,processed_operational_daily.csv,OPD-HOSP-001-DEPT-SURG-20260624,PEX-KPI-DCF120177644
ISS-kpi_005-204AA8FF,Warning,ZERO_DENOMINATOR,kpi_005,HOSP-001,DEPT-SURG,2026-06-25,Zero denominator for kpi_005,processed_operational_daily.csv,OPD-HOSP-001-DEPT-SURG-20260625,PEX-KPI-DCF120177644
ISS-kpi_005-2DB6F664,Warning,ZERO_DENOMINATOR,kpi_005,HOSP-001,DEPT-SURG,2026-06-26,Zero denominator for kpi_005,processed_operational_daily.csv,OPD-HOSP-001-DEPT-SURG-20260626,PEX-KPI-DCF120177644
ISS-kpi_005-46354C16,Warning,INSUFFICIENT_DATA,kpi_005,HOSP-001,DEPT-SURG,2026-06-27,Insufficient data for kpi_005,processed_operational_daily.csv,OPD-HOSP-001-DEPT-SURG-20260627,PEX-KPI-DCF120177644
ISS-kpi_006-25A8FCC9,Warning,INSUFFICIENT_DATA,kpi_006,HOSP-001,DEPT-SURG,2026-06-27,Insufficient data for kpi_006,processed_operational_daily.csv,OPD-HOSP-001-DEPT-SURG-20260627,PEX-KPI-DCF120177644
ISS-kpi_005-0CBFFB30,Warning,ZERO_DENOMINATOR,kpi_005,HOSP-001,DEPT-SURG,2026-06-28,Zero denominator for kpi_005,processed_operational_daily.csv,OPD-HOSP-001-DEPT-SURG-20260628,PEX-KPI-DCF120177644
ISS-kpi_005-52CC588E,Warning,ZERO_DENOMINATOR,kpi_005,HOSP-001,DEPT-SURG,2026-06-29,Zero denominator for kpi_005,processed_operational_daily.csv,OPD-HOSP-001-DEPT-SURG-20260629,PEX-KPI-DCF120177644
ISS-kpi_005-767B7551,Warning,ZERO_DENOMINATOR,kpi_005,HOSP-001,DEPT-SURG,2026-06-30,Zero denominator for kpi_005,processed_operational_daily.csv,OPD-HOSP-001-DEPT-SURG-20260630,PEX-KPI-DCF120177644
ISS-kpi_005-DE5AE9DD,Warning,ZERO_DENOMINATOR,kpi_005,HOSP-001,DEPT-SURG,2026-07-01,Zero denominator for kpi_005,processed_operational_daily.csv,OPD-HOSP-001-DEPT-SURG-20260701,PEX-KPI-DCF120177644
ISS-kpi_005-EF9E8C7D,Warning,ZERO_DENOMINATOR,kpi_005,HOSP-001,DEPT-SURG,2026-07-02,Zero denominator for kpi_005,processed_operational_daily.csv,OPD-HOSP-001-DEPT-SURG-20260702,PEX-KPI-DCF120177644
ISS-kpi_005-C105806A,Warning,ZERO_DENOMINATOR,kpi_005,HOSP-001,DEPT-SURG,2026-07-03,Zero denominator for kpi_005,processed_operational_daily.csv,OPD-HOSP-001-DEPT-SURG-20260703,PEX-KPI-DCF120177644
ISS-kpi_005-27791A40,Warning,ZERO_DENOMINATOR,kpi_005,HOSP-001,DEPT-SURG,2026-07-04,Zero denominator for kpi_005,processed_operational_daily.csv,OPD-HOSP-001-DEPT-SURG-20260704,PEX-KPI-DCF120177644
ISS-kpi_006-931D8ACC,Warning,ZERO_DENOMINATOR,kpi_006,HOSP-001,DEPT-SURG,2026-07-04,Zero denominator for kpi_006,processed_operational_daily.csv,OPD-HOSP-001-DEPT-SURG-20260704,PEX-KPI-DCF120177644
ISS-kpi_005-C87F75F6,Warning,ZERO_DENOMINATOR,kpi_005,HOSP-001,DEPT-SURG,2026-07-05,Zero denominator for kpi_005,processed_operational_daily.csv,OPD-HOSP-001-DEPT-SURG-20260705,PEX-KPI-DCF120177644
ISS-kpi_005-272C50FA,Warning,ZERO_DENOMINATOR,kpi_005,HOSP-001,DEPT-SURG,2026-07-06,Zero denominator for kpi_005,processed_operational_daily.csv,OPD-HOSP-001-DEPT-SURG-20260706,PEX-KPI-DCF120177644
ISS-kpi_005-C5023AFB,Warning,ZERO_DENOMINATOR,kpi_005,HOSP-001,DEPT-SURG,2026-07-07,Zero denominator for kpi_005,processed_operational_daily.csv,OPD-HOSP-001-DEPT-SURG-20260707,PEX-KPI-DCF120177644
ISS-kpi_005-BE5EAA5C,Warning,ZERO_DENOMINATOR,kpi_005,HOSP-001,DEPT-SURG,2026-07-08,Zero denominator for kpi_005,processed_operational_daily.csv,OPD-HOSP-001-DEPT-SURG-20260708,PEX-KPI-DCF120177644
ISS-kpi_005-55B0CC72,Warning,ZERO_DENOMINATOR,kpi_005,HOSP-001,DEPT-SURG,2026-07-09,Zero denominator for kpi_005,processed_operational_daily.csv,OPD-HOSP-001-DEPT-SURG-20260709,PEX-KPI-DCF120177644
ISS-kpi_005-229A4F54,Warning,ZERO_DENOMINATOR,kpi_005,HOSP-001,DEPT-SURG,2026-07-10,Zero denominator for kpi_005,processed_operational_daily.csv,OPD-HOSP-001-DEPT-SURG-20260710,PEX-KPI-DCF120177644
ISS-kpi_005-E04DC8CD,Warning,ZERO_DENOMINATOR,kpi_005,HOSP-001,DEPT-SURG,2026-07-11,Zero denominator for kpi_005,processed_operational_daily.csv,OPD-HOSP-001-DEPT-SURG-20260711,PEX-KPI-DCF120177644
ISS-kpi_005-A67ABE5E,Warning,ZERO_DENOMINATOR,kpi_005,HOSP-001,DEPT-SURG,2026-07-12,Zero denominator for kpi_005,processed_operational_daily.csv,OPD-HOSP-001-DEPT-SURG-20260712,PEX-KPI-DCF120177644
ISS-kpi_005-02D81E11,Warning,ZERO_DENOMINATOR,kpi_005,HOSP-001,DEPT-SURG,2026-07-13,Zero denominator for kpi_005,processed_operational_daily.csv,OPD-HOSP-001-DEPT-SURG-20260713,PEX-KPI-DCF120177644
ISS-kpi_005-E7A41733,Warning,ZERO_DENOMINATOR,kpi_005,HOSP-001,DEPT-SURG,2026-07-14,Zero denominator for kpi_005,processed_operational_daily.csv,OPD-HOSP-001-DEPT-SURG-20260714,PEX-KPI-DCF120177644
ISS-kpi_005-9CFB8829,Warning,ZERO_DENOMINATOR,kpi_005,HOSP-001,DEPT-SURG,2026-07-15,Zero denominator for kpi_005,processed_operational_daily.csv,OPD-HOSP-001-DEPT-SURG-20260715,PEX-KPI-DCF120177644
ISS-kpi_005-FF1BAA45,Warning,ZERO_DENOMINATOR,kpi_005,HOSP-001,DEPT-SURG,2026-07-16,Zero denominator for kpi_005,processed_operational_daily.csv,OPD-HOSP-001-DEPT-SURG-20260716,PEX-KPI-DCF120177644
ISS-kpi_005-C46C468D,Warning,ZERO_DENOMINATOR,kpi_005,HOSP-001,DEPT-SURG,2026-07-17,Zero denominator for kpi_005,processed_operational_daily.csv,OPD-HOSP-001-DEPT-SURG-20260717,PEX-KPI-DCF120177644
ISS-kpi_005-382B0B57,Warning,ZERO_DENOMINATOR,kpi_005,HOSP-001,DEPT-SURG,2026-07-18,Zero denominator for kpi_005,processed_operational_daily.csv,OPD-HOSP-001-DEPT-SURG-20260718,PEX-KPI-DCF120177644
ISS-kpi_006-E09507A7,Warning,ZERO_DENOMINATOR,kpi_006,HOSP-001,DEPT-SURG,2026-07-18,Zero denominator for kpi_006,processed_operational_daily.csv,OPD-HOSP-001-DEPT-SURG-20260718,PEX-KPI-DCF120177644
ISS-kpi_005-FB8EFC69,Warning,ZERO_DENOMINATOR,kpi_005,HOSP-001,DEPT-SURG,2026-07-19,Zero denominator for kpi_005,processed_operational_daily.csv,OPD-HOSP-001-DEPT-SURG-20260719,PEX-KPI-DCF120177644
ISS-kpi_005-399A003B,Warning,ZERO_DENOMINATOR,kpi_005,HOSP-001,DEPT-SURG,2026-07-20,Zero denominator for kpi_005,processed_operational_daily.csv,OPD-HOSP-001-DEPT-SURG-20260720,PEX-KPI-DCF120177644
ISS-kpi_005-87A6D305,Warning,ZERO_DENOMINATOR,kpi_005,HOSP-001,DEPT-SURG,2026-07-21,Zero denominator for kpi_005,processed_operational_daily.csv,OPD-HOSP-001-DEPT-SURG-20260721,PEX-KPI-DCF120177644
ISS-kpi_005-620CB4D4,Warning,ZERO_DENOMINATOR,kpi_005,HOSP-001,DEPT-SURG,2026-07-22,Zero denominator for kpi_005,processed_operational_daily.csv,OPD-HOSP-001-DEPT-SURG-20260722,PEX-KPI-DCF120177644
ISS-kpi_005-7E8D5E75,Warning,ZERO_DENOMINATOR,kpi_005,HOSP-001,DEPT-SURG,2026-07-23,Zero denominator for kpi_005,processed_operational_daily.csv,OPD-HOSP-001-DEPT-SURG-20260723,PEX-KPI-DCF120177644
ISS-kpi_005-DC7231B0,Warning,ZERO_DENOMINATOR,kpi_005,HOSP-001,DEPT-SURG,2026-07-24,Zero denominator for kpi_005,processed_operational_daily.csv,OPD-HOSP-001-DEPT-SURG-20260724,PEX-KPI-DCF120177644
ISS-kpi_005-2125248D,Warning,INSUFFICIENT_DATA,kpi_005,HOSP-001,DEPT-SURG,2026-07-25,Insufficient data for kpi_005,processed_operational_daily.csv,OPD-HOSP-001-DEPT-SURG-20260725,PEX-KPI-DCF120177644
ISS-kpi_006-42D00020,Warning,INSUFFICIENT_DATA,kpi_006,HOSP-001,DEPT-SURG,2026-07-25,Insufficient data for kpi_006,processed_operational_daily.csv,OPD-HOSP-001-DEPT-SURG-20260725,PEX-KPI-DCF120177644
ISS-kpi_005-738E8AF3,Warning,ZERO_DENOMINATOR,kpi_005,HOSP-001,DEPT-SURG,2026-07-26,Zero denominator for kpi_005,processed_operational_daily.csv,OPD-HOSP-001-DEPT-SURG-20260726,PEX-KPI-DCF120177644
ISS-kpi_005-A6703DFD,Warning,ZERO_DENOMINATOR,kpi_005,HOSP-001,DEPT-SURG,2026-07-27,Zero denominator for kpi_005,processed_operational_daily.csv,OPD-HOSP-001-DEPT-SURG-20260727,PEX-KPI-DCF120177644
ISS-kpi_005-5FAFF3CC,Warning,ZERO_DENOMINATOR,kpi_005,HOSP-001,DEPT-SURG,2026-07-28,Zero denominator for kpi_005,processed_operational_daily.csv,OPD-HOSP-001-DEPT-SURG-20260728,PEX-KPI-DCF120177644
ISS-kpi_005-AEF6730B,Warning,ZERO_DENOMINATOR,kpi_005,HOSP-001,DEPT-SURG,2026-07-29,Zero denominator for kpi_005,processed_operational_daily.csv,OPD-HOSP-001-DEPT-SURG-20260729,PEX-KPI-DCF120177644
ISS-kpi_005-002DBE58,Warning,ZERO_DENOMINATOR,kpi_005,HOSP-001,DEPT-SURG,2026-07-30,Zero denominator for kpi_005,processed_operational_daily.csv,OPD-HOSP-001-DEPT-SURG-20260730,PEX-KPI-DCF120177644
ISS-kpi_005-E3CEAA56,Warning,ZERO_DENOMINATOR,kpi_005,HOSP-001,DEPT-SURG,2026-07-31,Zero denominator for kpi_005,processed_operational_daily.csv,OPD-HOSP-001-DEPT-SURG-20260731,PEX-KPI-DCF120177644
ISS-kpi_005-B6B01041,Warning,ZERO_DENOMINATOR,kpi_005,HOSP-001,DEPT-SURG,2026-08-01,Zero denominator for kpi_005,processed_operational_daily.csv,OPD-HOSP-001-DEPT-SURG-20260801,PEX-KPI-DCF120177644
ISS-kpi_005-1ABDFA8B,Warning,ZERO_DENOMINATOR,kpi_005,HOSP-001,DEPT-SURG,2026-08-02,Zero denominator for kpi_005,processed_operational_daily.csv,OPD-HOSP-001-DEPT-SURG-20260802,PEX-KPI-DCF120177644
ISS-kpi_005-3BD0FB1B,Warning,ZERO_DENOMINATOR,kpi_005,HOSP-001,DEPT-SURG,2026-08-03,Zero denominator for kpi_005,processed_operational_daily.csv,OPD-HOSP-001-DEPT-SURG-20260803,PEX-KPI-DCF120177644
ISS-kpi_005-4FC1A739,Warning,ZERO_DENOMINATOR,kpi_005,HOSP-001,DEPT-SURG,2026-08-04,Zero denominator for kpi_005,processed_operational_daily.csv,OPD-HOSP-001-DEPT-SURG-20260804,PEX-KPI-DCF120177644
ISS-kpi_006-6A133A65,Warning,ZERO_DENOMINATOR,kpi_006,HOSP-001,DEPT-SURG,2026-08-04,Zero denominator for kpi_006,processed_operational_daily.csv,OPD-HOSP-001-DEPT-SURG-20260804,PEX-KPI-DCF120177644
ISS-kpi_005-7DEE543B,Warning,ZERO_DENOMINATOR,kpi_005,HOSP-001,DEPT-SURG,2026-08-05,Zero denominator for kpi_005,processed_operational_daily.csv,OPD-HOSP-001-DEPT-SURG-20260805,PEX-KPI-DCF120177644
ISS-kpi_005-AA29CCA3,Warning,ZERO_DENOMINATOR,kpi_005,HOSP-001,DEPT-SURG,2026-08-06,Zero denominator for kpi_005,processed_operational_daily.csv,OPD-HOSP-001-DEPT-SURG-20260806,PEX-KPI-DCF120177644
ISS-kpi_005-0D986F91,Warning,ZERO_DENOMINATOR,kpi_005,HOSP-001,DEPT-SURG,2026-08-07,Zero denominator for kpi_005,processed_operational_daily.csv,OPD-HOSP-001-DEPT-SURG-20260807,PEX-KPI-DCF120177644
ISS-kpi_005-A02DF8E3,Warning,ZERO_DENOMINATOR,kpi_005,HOSP-001,DEPT-SURG,2026-08-08,Zero denominator for kpi_005,processed_operational_daily.csv,OPD-HOSP-001-DEPT-SURG-20260808,PEX-KPI-DCF120177644
ISS-kpi_006-22A2D034,Warning,ZERO_DENOMINATOR,kpi_006,HOSP-001,DEPT-SURG,2026-08-08,Zero denominator for kpi_006,processed_operational_daily.csv,OPD-HOSP-001-DEPT-SURG-20260808,PEX-KPI-DCF120177644
ISS-kpi_005-2A180F95,Warning,ZERO_DENOMINATOR,kpi_005,HOSP-001,DEPT-SURG,2026-08-09,Zero denominator for kpi_005,processed_operational_daily.csv,OPD-HOSP-001-DEPT-SURG-20260809,PEX-KPI-DCF120177644
ISS-kpi_005-676688E3,Warning,ZERO_DENOMINATOR,kpi_005,HOSP-001,DEPT-SURG,2026-08-10,Zero denominator for kpi_005,processed_operational_daily.csv,OPD-HOSP-001-DEPT-SURG-20260810,PEX-KPI-DCF120177644
ISS-kpi_005-45A65E6A,Warning,ZERO_DENOMINATOR,kpi_005,HOSP-001,DEPT-SURG,2026-08-11,Zero denominator for kpi_005,processed_operational_daily.csv,OPD-HOSP-001-DEPT-SURG-20260811,PEX-KPI-DCF120177644
ISS-kpi_005-49F644BD,Warning,ZERO_DENOMINATOR,kpi_005,HOSP-001,DEPT-SURG,2026-08-12,Zero denominator for kpi_005,processed_operational_daily.csv,OPD-HOSP-001-DEPT-SURG-20260812,PEX-KPI-DCF120177644
ISS-kpi_005-EF1F48E6,Warning,ZERO_DENOMINATOR,kpi_005,HOSP-001,DEPT-SURG,2026-08-13,Zero denominator for kpi_005,processed_operational_daily.csv,OPD-HOSP-001-DEPT-SURG-20260813,PEX-KPI-DCF120177644
ISS-kpi_005-BF529C12,Warning,ZERO_DENOMINATOR,kpi_005,HOSP-001,DEPT-SURG,2026-08-14,Zero denominator for kpi_005,processed_operational_daily.csv,OPD-HOSP-001-DEPT-SURG-20260814,PEX-KPI-DCF120177644
ISS-kpi_005-B44301A9,Warning,ZERO_DENOMINATOR,kpi_005,HOSP-001,DEPT-SURG,2026-08-15,Zero denominator for kpi_005,processed_operational_daily.csv,OPD-HOSP-001-DEPT-SURG-20260815,PEX-KPI-DCF120177644
ISS-kpi_005-BE99F75E,Warning,ZERO_DENOMINATOR,kpi_005,HOSP-001,DEPT-SURG,2026-08-16,Zero denominator for kpi_005,processed_operational_daily.csv,OPD-HOSP-001-DEPT-SURG-20260816,PEX-KPI-DCF120177644
ISS-kpi_005-5A8C516E,Warning,ZERO_DENOMINATOR,kpi_005,HOSP-001,DEPT-SURG,2026-08-17,Zero denominator for kpi_005,processed_operational_daily.csv,OPD-HOSP-001-DEPT-SURG-20260817,PEX-KPI-DCF120177644
ISS-kpi_005-70930733,Warning,INSUFFICIENT_DATA,kpi_005,HOSP-001,DEPT-SURG,2026-08-18,Insufficient data for kpi_005,processed_operational_daily.csv,OPD-HOSP-001-DEPT-SURG-20260818,PEX-KPI-DCF120177644
ISS-kpi_006-199EE4D6,Warning,INSUFFICIENT_DATA,kpi_006,HOSP-001,DEPT-SURG,2026-08-18,Insufficient data for kpi_006,processed_operational_daily.csv,OPD-HOSP-001-DEPT-SURG-20260818,PEX-KPI-DCF120177644
ISS-kpi_005-31842E69,Warning,ZERO_DENOMINATOR,kpi_005,HOSP-001,DEPT-SURG,2026-08-19,Zero denominator for kpi_005,processed_operational_daily.csv,OPD-HOSP-001-DEPT-SURG-20260819,PEX-KPI-DCF120177644
ISS-kpi_005-3ECB8290,Warning,ZERO_DENOMINATOR,kpi_005,HOSP-001,DEPT-SURG,2026-08-20,Zero denominator for kpi_005,processed_operational_daily.csv,OPD-HOSP-001-DEPT-SURG-20260820,PEX-KPI-DCF120177644
ISS-kpi_005-C70A93D5,Warning,INSUFFICIENT_DATA,kpi_005,HOSP-001,DEPT-SURG,2026-08-21,Insufficient data for kpi_005,processed_operational_daily.csv,OPD-HOSP-001-DEPT-SURG-20260821,PEX-KPI-DCF120177644
ISS-kpi_006-9BDEFC76,Warning,INSUFFICIENT_DATA,kpi_006,HOSP-001,DEPT-SURG,2026-08-21,Insufficient data for kpi_006,processed_operational_daily.csv,OPD-HOSP-001-DEPT-SURG-20260821,PEX-KPI-DCF120177644
ISS-kpi_005-B42E8C98,Warning,ZERO_DENOMINATOR,kpi_005,HOSP-001,DEPT-SURG,2026-08-22,Zero denominator for kpi_005,processed_operational_daily.csv,OPD-HOSP-001-DEPT-SURG-20260822,PEX-KPI-DCF120177644
ISS-kpi_005-90BE0BC2,Warning,INSUFFICIENT_DATA,kpi_005,HOSP-001,DEPT-SURG,2026-08-23,Insufficient data for kpi_005,processed_operational_daily.csv,OPD-HOSP-001-DEPT-SURG-20260823,PEX-KPI-DCF120177644
ISS-kpi_006-CA6DCC88,Warning,INSUFFICIENT_DATA,kpi_006,HOSP-001,DEPT-SURG,2026-08-23,Insufficient data for kpi_006,processed_operational_daily.csv,OPD-HOSP-001-DEPT-SURG-20260823,PEX-KPI-DCF120177644
ISS-kpi_005-CC6ED620,Warning,ZERO_DENOMINATOR,kpi_005,HOSP-001,DEPT-SURG,2026-08-24,Zero denominator for kpi_005,processed_operational_daily.csv,OPD-HOSP-001-DEPT-SURG-20260824,PEX-KPI-DCF120177644
ISS-kpi_006-05476A03,Warning,ZERO_DENOMINATOR,kpi_006,HOSP-001,DEPT-SURG,2026-08-24,Zero denominator for kpi_006,processed_operational_daily.csv,OPD-HOSP-001-DEPT-SURG-20260824,PEX-KPI-DCF120177644
ISS-kpi_005-297B7158,Warning,ZERO_DENOMINATOR,kpi_005,HOSP-001,DEPT-SURG,2026-08-25,Zero denominator for kpi_005,processed_operational_daily.csv,OPD-HOSP-001-DEPT-SURG-20260825,PEX-KPI-DCF120177644
ISS-kpi_005-BBB6FA8D,Warning,ZERO_DENOMINATOR,kpi_005,HOSP-001,DEPT-SURG,2026-08-26,Zero denominator for kpi_005,processed_operational_daily.csv,OPD-HOSP-001-DEPT-SURG-20260826,PEX-KPI-DCF120177644
ISS-kpi_005-72093CC2,Warning,ZERO_DENOMINATOR,kpi_005,HOSP-001,DEPT-SURG,2026-08-27,Zero denominator for kpi_005,processed_operational_daily.csv,OPD-HOSP-001-DEPT-SURG-20260827,PEX-KPI-DCF120177644
ISS-kpi_005-3A29C950,Warning,ZERO_DENOMINATOR,kpi_005,HOSP-001,DEPT-SURG,2026-08-28,Zero denominator for kpi_005,processed_operational_daily.csv,OPD-HOSP-001-DEPT-SURG-20260828,PEX-KPI-DCF120177644
ISS-kpi_005-35798541,Warning,ZERO_DENOMINATOR,kpi_005,HOSP-001,DEPT-SURG,2026-08-29,Zero denominator for kpi_005,processed_operational_daily.csv,OPD-HOSP-001-DEPT-SURG-20260829,PEX-KPI-DCF120177644
ISS-kpi_005-21953315,Warning,INSUFFICIENT_DATA,kpi_005,HOSP-001,DEPT-SURG,2026-08-30,Insufficient data for kpi_005,processed_operational_daily.csv,OPD-HOSP-001-DEPT-SURG-20260830,PEX-KPI-DCF120177644
ISS-kpi_006-F16428AF,Warning,INSUFFICIENT_DATA,kpi_006,HOSP-001,DEPT-SURG,2026-08-30,Insufficient data for kpi_006,processed_operational_daily.csv,OPD-HOSP-001-DEPT-SURG-20260830,PEX-KPI-DCF120177644
ISS-kpi_005-99C06CAA,Warning,ZERO_DENOMINATOR,kpi_005,HOSP-001,DEPT-SURG,2026-08-31,Zero denominator for kpi_005,processed_operational_daily.csv,OPD-HOSP-001-DEPT-SURG-20260831,PEX-KPI-DCF120177644
ISS-kpi_005-4B172888,Warning,ZERO_DENOMINATOR,kpi_005,HOSP-001,DEPT-SURG,2026-09-01,Zero denominator for kpi_005,processed_operational_daily.csv,OPD-HOSP-001-DEPT-SURG-20260901,PEX-KPI-DCF120177644
ISS-kpi_005-AC86E415,Warning,ZERO_DENOMINATOR,kpi_005,HOSP-001,DEPT-SURG,2026-09-02,Zero denominator for kpi_005,processed_operational_daily.csv,OPD-HOSP-001-DEPT-SURG-20260902,PEX-KPI-DCF120177644
ISS-kpi_005-E0983947,Warning,ZERO_DENOMINATOR,kpi_005,HOSP-001,DEPT-SURG,2026-09-03,Zero denominator for kpi_005,processed_operational_daily.csv,OPD-HOSP-001-DEPT-SURG-20260903,PEX-KPI-DCF120177644
ISS-kpi_005-E9E6264E,Warning,INSUFFICIENT_DATA,kpi_005,HOSP-001,DEPT-SURG,2026-09-04,Insufficient data for kpi_005,processed_operational_daily.csv,OPD-HOSP-001-DEPT-SURG-20260904,PEX-KPI-DCF120177644
ISS-kpi_006-DFF049BD,Warning,INSUFFICIENT_DATA,kpi_006,HOSP-001,DEPT-SURG,2026-09-04,Insufficient data for kpi_006,processed_operational_daily.csv,OPD-HOSP-001-DEPT-SURG-20260904,PEX-KPI-DCF120177644
ISS-kpi_005-0032CB7A,Warning,ZERO_DENOMINATOR,kpi_005,HOSP-001,DEPT-SURG,2026-09-05,Zero denominator for kpi_005,processed_operational_daily.csv,OPD-HOSP-001-DEPT-SURG-20260905,PEX-KPI-DCF120177644
ISS-kpi_005-1E8430FD,Warning,ZERO_DENOMINATOR,kpi_005,HOSP-001,DEPT-SURG,2026-09-06,Zero denominator for kpi_005,processed_operational_daily.csv,OPD-HOSP-001-DEPT-SURG-20260906,PEX-KPI-DCF120177644
ISS-kpi_005-9402138E,Warning,ZERO_DENOMINATOR,kpi_005,HOSP-001,DEPT-SURG,2026-09-07,Zero denominator for kpi_005,processed_operational_daily.csv,OPD-HOSP-001-DEPT-SURG-20260907,PEX-KPI-DCF120177644
ISS-kpi_005-5DFD9DC7,Warning,ZERO_DENOMINATOR,kpi_005,HOSP-001,DEPT-SURG,2026-09-08,Zero denominator for kpi_005,processed_operational_daily.csv,OPD-HOSP-001-DEPT-SURG-20260908,PEX-KPI-DCF120177644
ISS-kpi_005-4691A912,Warning,ZERO_DENOMINATOR,kpi_005,HOSP-001,DEPT-SURG,2026-09-09,Zero denominator for kpi_005,processed_operational_daily.csv,OPD-HOSP-001-DEPT-SURG-20260909,PEX-KPI-DCF120177644
ISS-kpi_005-B81EA46D,Warning,ZERO_DENOMINATOR,kpi_005,HOSP-001,DEPT-SURG,2026-09-10,Zero denominator for kpi_005,processed_operational_daily.csv,OPD-HOSP-001-DEPT-SURG-20260910,PEX-KPI-DCF120177644
ISS-kpi_005-3ACB0566,Warning,ZERO_DENOMINATOR,kpi_005,HOSP-001,DEPT-SURG,2026-09-11,Zero denominator for kpi_005,processed_operational_daily.csv,OPD-HOSP-001-DEPT-SURG-20260911,PEX-KPI-DCF120177644
ISS-kpi_005-BACB62CF,Warning,ZERO_DENOMINATOR,kpi_005,HOSP-001,DEPT-SURG,2026-09-12,Zero denominator for kpi_005,processed_operational_daily.csv,OPD-HOSP-001-DEPT-SURG-20260912,PEX-KPI-DCF120177644
ISS-kpi_005-1AEF2F15,Warning,INSUFFICIENT_DATA,kpi_005,HOSP-001,DEPT-SURG,2026-09-13,Insufficient data for kpi_005,processed_operational_daily.csv,OPD-HOSP-001-DEPT-SURG-20260913,PEX-KPI-DCF120177644
ISS-kpi_006-CEAE4C77,Warning,INSUFFICIENT_DATA,kpi_006,HOSP-001,DEPT-SURG,2026-09-13,Insufficient data for kpi_006,processed_operational_daily.csv,OPD-HOSP-001-DEPT-SURG-20260913,PEX-KPI-DCF120177644
ISS-kpi_005-C3485097,Warning,ZERO_DENOMINATOR,kpi_005,HOSP-001,DEPT-SURG,2026-09-14,Zero denominator for kpi_005,processed_operational_daily.csv,OPD-HOSP-001-DEPT-SURG-20260914,PEX-KPI-DCF120177644
ISS-kpi_005-90425977,Warning,ZERO_DENOMINATOR,kpi_005,HOSP-001,DEPT-SURG,2026-09-15,Zero denominator for kpi_005,processed_operational_daily.csv,OPD-HOSP-001-DEPT-SURG-20260915,PEX-KPI-DCF120177644
ISS-kpi_005-EC3069EA,Warning,ZERO_DENOMINATOR,kpi_005,HOSP-001,DEPT-SURG,2026-09-16,Zero denominator for kpi_005,processed_operational_daily.csv,OPD-HOSP-001-DEPT-SURG-20260916,PEX-KPI-DCF120177644
ISS-kpi_005-BFBC0E1F,Warning,ZERO_DENOMINATOR,kpi_005,HOSP-001,DEPT-SURG,2026-09-17,Zero denominator for kpi_005,processed_operational_daily.csv,OPD-HOSP-001-DEPT-SURG-20260917,PEX-KPI-DCF120177644
ISS-kpi_005-87BA2C7F,Warning,ZERO_DENOMINATOR,kpi_005,HOSP-001,DEPT-SURG,2026-09-18,Zero denominator for kpi_005,processed_operational_daily.csv,OPD-HOSP-001-DEPT-SURG-20260918,PEX-KPI-DCF120177644
ISS-kpi_005-EF9F899E,Warning,INSUFFICIENT_DATA,kpi_005,HOSP-001,DEPT-SURG,2026-09-19,Insufficient data for kpi_005,processed_operational_daily.csv,OPD-HOSP-001-DEPT-SURG-20260919,PEX-KPI-DCF120177644
ISS-kpi_006-E18F37B7,Warning,INSUFFICIENT_DATA,kpi_006,HOSP-001,DEPT-SURG,2026-09-19,Insufficient data for kpi_006,processed_operational_daily.csv,OPD-HOSP-001-DEPT-SURG-20260919,PEX-KPI-DCF120177644
ISS-kpi_005-4499A9E4,Warning,ZERO_DENOMINATOR,kpi_005,HOSP-001,DEPT-SURG,2026-09-20,Zero denominator for kpi_005,processed_operational_daily.csv,OPD-HOSP-001-DEPT-SURG-20260920,PEX-KPI-DCF120177644
ISS-kpi_005-9860F56C,Warning,ZERO_DENOMINATOR,kpi_005,HOSP-001,DEPT-SURG,2026-09-21,Zero denominator for kpi_005,processed_operational_daily.csv,OPD-HOSP-001-DEPT-SURG-20260921,PEX-KPI-DCF120177644
ISS-kpi_005-E5AD1557,Warning,ZERO_DENOMINATOR,kpi_005,HOSP-001,DEPT-SURG,2026-09-22,Zero denominator for kpi_005,processed_operational_daily.csv,OPD-HOSP-001-DEPT-SURG-20260922,PEX-KPI-DCF120177644
ISS-kpi_006-0C7468AD,Warning,ZERO_DENOMINATOR,kpi_006,HOSP-001,DEPT-SURG,2026-09-22,Zero denominator for kpi_006,processed_operational_daily.csv,OPD-HOSP-001-DEPT-SURG-20260922,PEX-KPI-DCF120177644
ISS-kpi_005-850CAC03,Warning,ZERO_DENOMINATOR,kpi_005,HOSP-001,DEPT-SURG,2026-09-23,Zero denominator for kpi_005,processed_operational_daily.csv,OPD-HOSP-001-DEPT-SURG-20260923,PEX-KPI-DCF120177644
ISS-kpi_005-2AEBCEB6,Warning,INSUFFICIENT_DATA,kpi_005,HOSP-001,DEPT-SURG,2026-09-24,Insufficient data for kpi_005,processed_operational_daily.csv,OPD-HOSP-001-DEPT-SURG-20260924,PEX-KPI-DCF120177644
ISS-kpi_006-1A3C6CF3,Warning,INSUFFICIENT_DATA,kpi_006,HOSP-001,DEPT-SURG,2026-09-24,Insufficient data for kpi_006,processed_operational_daily.csv,OPD-HOSP-001-DEPT-SURG-20260924,PEX-KPI-DCF120177644
ISS-kpi_005-265FB6C7,Warning,ZERO_DENOMINATOR,kpi_005,HOSP-001,DEPT-SURG,2026-09-25,Zero denominator for kpi_005,processed_operational_daily.csv,OPD-HOSP-001-DEPT-SURG-20260925,PEX-KPI-DCF120177644
ISS-kpi_005-CCD28DDA,Warning,ZERO_DENOMINATOR,kpi_005,HOSP-001,DEPT-SURG,2026-09-26,Zero denominator for kpi_005,processed_operational_daily.csv,OPD-HOSP-001-DEPT-SURG-20260926,PEX-KPI-DCF120177644
ISS-kpi_005-9545E51A,Warning,ZERO_DENOMINATOR,kpi_005,HOSP-001,DEPT-SURG,2026-09-27,Zero denominator for kpi_005,processed_operational_daily.csv,OPD-HOSP-001-DEPT-SURG-20260927,PEX-KPI-DCF120177644
ISS-kpi_005-4C7F0727,Warning,ZERO_DENOMINATOR,kpi_005,HOSP-001,DEPT-SURG,2026-09-28,Zero denominator for kpi_005,processed_operational_daily.csv,OPD-HOSP-001-DEPT-SURG-20260928,PEX-KPI-DCF120177644
ISS-kpi_005-48D80947,Warning,INSUFFICIENT_DATA,kpi_005,HOSP-001,DEPT-SURG,2026-09-29,Insufficient data for kpi_005,processed_operational_daily.csv,OPD-HOSP-001-DEPT-SURG-20260929,PEX-KPI-DCF120177644
ISS-kpi_006-8A121AF1,Warning,INSUFFICIENT_DATA,kpi_006,HOSP-001,DEPT-SURG,2026-09-29,Insufficient data for kpi_006,processed_operational_daily.csv,OPD-HOSP-001-DEPT-SURG-20260929,PEX-KPI-DCF120177644
ISS-kpi_005-F6802922,Warning,ZERO_DENOMINATOR,kpi_005,HOSP-001,DEPT-SURG,2026-09-30,Zero denominator for kpi_005,processed_operational_daily.csv,OPD-HOSP-001-DEPT-SURG-20260930,PEX-KPI-DCF120177644
ISS-kpi_005-DDD7745A,Warning,ZERO_DENOMINATOR,kpi_005,HOSP-001,DEPT-SURG,2026-10-01,Zero denominator for kpi_005,processed_operational_daily.csv,OPD-HOSP-001-DEPT-SURG-20261001,PEX-KPI-DCF120177644
ISS-kpi_005-C578107B,Warning,INSUFFICIENT_DATA,kpi_005,HOSP-001,DEPT-SURG,2026-10-02,Insufficient data for kpi_005,processed_operational_daily.csv,OPD-HOSP-001-DEPT-SURG-20261002,PEX-KPI-DCF120177644
ISS-kpi_006-45DA6786,Warning,INSUFFICIENT_DATA,kpi_006,HOSP-001,DEPT-SURG,2026-10-02,Insufficient data for kpi_006,processed_operational_daily.csv,OPD-HOSP-001-DEPT-SURG-20261002,PEX-KPI-DCF120177644
ISS-kpi_005-C527DC91,Warning,ZERO_DENOMINATOR,kpi_005,HOSP-001,DEPT-SURG,2026-10-03,Zero denominator for kpi_005,processed_operational_daily.csv,OPD-HOSP-001-DEPT-SURG-20261003,PEX-KPI-DCF120177644
ISS-kpi_005-F9BA70A1,Warning,INSUFFICIENT_DATA,kpi_005,HOSP-001,DEPT-SURG,2026-10-04,Insufficient data for kpi_005,processed_operational_daily.csv,OPD-HOSP-001-DEPT-SURG-20261004,PEX-KPI-DCF120177644
ISS-kpi_006-5218C406,Warning,INSUFFICIENT_DATA,kpi_006,HOSP-001,DEPT-SURG,2026-10-04,Insufficient data for kpi_006,processed_operational_daily.csv,OPD-HOSP-001-DEPT-SURG-20261004,PEX-KPI-DCF120177644
ISS-kpi_005-88BB3AFF,Warning,ZERO_DENOMINATOR,kpi_005,HOSP-001,DEPT-SURG,2026-10-05,Zero denominator for kpi_005,processed_operational_daily.csv,OPD-HOSP-001-DEPT-SURG-20261005,PEX-KPI-DCF120177644
ISS-kpi_005-2A0FFE34,Warning,ZERO_DENOMINATOR,kpi_005,HOSP-001,DEPT-SURG,2026-10-06,Zero denominator for kpi_005,processed_operational_daily.csv,OPD-HOSP-001-DEPT-SURG-20261006,PEX-KPI-DCF120177644
ISS-kpi_005-A7A77318,Warning,ZERO_DENOMINATOR,kpi_005,HOSP-001,DEPT-SURG,2026-10-07,Zero denominator for kpi_005,processed_operational_daily.csv,OPD-HOSP-001-DEPT-SURG-20261007,PEX-KPI-DCF120177644
ISS-kpi_005-1D46437A,Warning,INSUFFICIENT_DATA,kpi_005,HOSP-001,DEPT-SURG,2026-10-08,Insufficient data for kpi_005,processed_operational_daily.csv,OPD-HOSP-001-DEPT-SURG-20261008,PEX-KPI-DCF120177644
ISS-kpi_006-038B666F,Warning,INSUFFICIENT_DATA,kpi_006,HOSP-001,DEPT-SURG,2026-10-08,Insufficient data for kpi_006,processed_operational_daily.csv,OPD-HOSP-001-DEPT-SURG-20261008,PEX-KPI-DCF120177644
ISS-kpi_005-056C884A,Warning,ZERO_DENOMINATOR,kpi_005,HOSP-001,DEPT-SURG,2026-10-09,Zero denominator for kpi_005,processed_operational_daily.csv,OPD-HOSP-001-DEPT-SURG-20261009,PEX-KPI-DCF120177644
ISS-kpi_005-61E2547B,Warning,ZERO_DENOMINATOR,kpi_005,HOSP-001,DEPT-SURG,2026-10-10,Zero denominator for kpi_005,processed_operational_daily.csv,OPD-HOSP-001-DEPT-SURG-20261010,PEX-KPI-DCF120177644
ISS-kpi_005-BF0D526E,Warning,ZERO_DENOMINATOR,kpi_005,HOSP-001,DEPT-SURG,2026-10-11,Zero denominator for kpi_005,processed_operational_daily.csv,OPD-HOSP-001-DEPT-SURG-20261011,PEX-KPI-DCF120177644
ISS-kpi_005-E14D52D7,Warning,ZERO_DENOMINATOR,kpi_005,HOSP-001,DEPT-SURG,2026-10-12,Zero denominator for kpi_005,processed_operational_daily.csv,OPD-HOSP-001-DEPT-SURG-20261012,PEX-KPI-DCF120177644
ISS-kpi_005-57607F4C,Warning,ZERO_DENOMINATOR,kpi_005,HOSP-001,DEPT-SURG,2026-10-13,Zero denominator for kpi_005,processed_operational_daily.csv,OPD-HOSP-001-DEPT-SURG-20261013,PEX-KPI-DCF120177644
ISS-kpi_005-71BE0162,Warning,ZERO_DENOMINATOR,kpi_005,HOSP-001,DEPT-SURG,2026-10-14,Zero denominator for kpi_005,processed_operational_daily.csv,OPD-HOSP-001-DEPT-SURG-20261014,PEX-KPI-DCF120177644
ISS-kpi_005-CFAF6F17,Warning,ZERO_DENOMINATOR,kpi_005,HOSP-001,DEPT-SURG,2026-10-15,Zero denominator for kpi_005,processed_operational_daily.csv,OPD-HOSP-001-DEPT-SURG-20261015,PEX-KPI-DCF120177644
ISS-kpi_005-0F8B8DE8,Warning,ZERO_DENOMINATOR,kpi_005,HOSP-001,DEPT-SURG,2026-10-16,Zero denominator for kpi_005,processed_operational_daily.csv,OPD-HOSP-001-DEPT-SURG-20261016,PEX-KPI-DCF120177644
ISS-kpi_005-4E8BB7C9,Warning,ZERO_DENOMINATOR,kpi_005,HOSP-001,DEPT-SURG,2026-10-17,Zero denominator for kpi_005,processed_operational_daily.csv,OPD-HOSP-001-DEPT-SURG-20261017,PEX-KPI-DCF120177644
ISS-kpi_005-0DD31065,Warning,INSUFFICIENT_DATA,kpi_005,HOSP-001,DEPT-SURG,2026-10-18,Insufficient data for kpi_005,processed_operational_daily.csv,OPD-HOSP-001-DEPT-SURG-20261018,PEX-KPI-DCF120177644
ISS-kpi_006-FEBBD583,Warning,INSUFFICIENT_DATA,kpi_006,HOSP-001,DEPT-SURG,2026-10-18,Insufficient data for kpi_006,processed_operational_daily.csv,OPD-HOSP-001-DEPT-SURG-20261018,PEX-KPI-DCF120177644
ISS-kpi_005-E0C3043E,Warning,ZERO_DENOMINATOR,kpi_005,HOSP-001,DEPT-SURG,2026-10-19,Zero denominator for kpi_005,processed_operational_daily.csv,OPD-HOSP-001-DEPT-SURG-20261019,PEX-KPI-DCF120177644
ISS-kpi_005-A3AF4D91,Warning,ZERO_DENOMINATOR,kpi_005,HOSP-001,DEPT-SURG,2026-10-20,Zero denominator for kpi_005,processed_operational_daily.csv,OPD-HOSP-001-DEPT-SURG-20261020,PEX-KPI-DCF120177644
ISS-kpi_005-9124703D,Warning,ZERO_DENOMINATOR,kpi_005,HOSP-001,DEPT-SURG,2026-10-21,Zero denominator for kpi_005,processed_operational_daily.csv,OPD-HOSP-001-DEPT-SURG-20261021,PEX-KPI-DCF120177644
ISS-kpi_005-F54E9170,Warning,ZERO_DENOMINATOR,kpi_005,HOSP-001,DEPT-SURG,2026-10-22,Zero denominator for kpi_005,processed_operational_daily.csv,OPD-HOSP-001-DEPT-SURG-20261022,PEX-KPI-DCF120177644
ISS-kpi_005-8FABD5AF,Warning,ZERO_DENOMINATOR,kpi_005,HOSP-001,DEPT-SURG,2026-10-23,Zero denominator for kpi_005,processed_operational_daily.csv,OPD-HOSP-001-DEPT-SURG-20261023,PEX-KPI-DCF120177644
ISS-kpi_005-7C8534D4,Warning,ZERO_DENOMINATOR,kpi_005,HOSP-001,DEPT-SURG,2026-10-24,Zero denominator for kpi_005,processed_operational_daily.csv,OPD-HOSP-001-DEPT-SURG-20261024,PEX-KPI-DCF120177644
ISS-kpi_005-3B27285C,Warning,ZERO_DENOMINATOR,kpi_005,HOSP-001,DEPT-SURG,2026-10-25,Zero denominator for kpi_005,processed_operational_daily.csv,OPD-HOSP-001-DEPT-SURG-20261025,PEX-KPI-DCF120177644
ISS-kpi_006-AB1A48A7,Warning,ZERO_DENOMINATOR,kpi_006,HOSP-001,DEPT-SURG,2026-10-25,Zero denominator for kpi_006,processed_operational_daily.csv,OPD-HOSP-001-DEPT-SURG-20261025,PEX-KPI-DCF120177644
ISS-kpi_005-25AF3ABB,Warning,ZERO_DENOMINATOR,kpi_005,HOSP-001,DEPT-SURG,2026-10-26,Zero denominator for kpi_005,processed_operational_daily.csv,OPD-HOSP-001-DEPT-SURG-20261026,PEX-KPI-DCF120177644
ISS-kpi_005-B2BFFF94,Warning,ZERO_DENOMINATOR,kpi_005,HOSP-001,DEPT-SURG,2026-10-27,Zero denominator for kpi_005,processed_operational_daily.csv,OPD-HOSP-001-DEPT-SURG-20261027,PEX-KPI-DCF120177644
ISS-kpi_005-C6DBB6DE,Warning,ZERO_DENOMINATOR,kpi_005,HOSP-001,DEPT-SURG,2026-10-28,Zero denominator for kpi_005,processed_operational_daily.csv,OPD-HOSP-001-DEPT-SURG-20261028,PEX-KPI-DCF120177644
ISS-kpi_005-4394B59E,Warning,ZERO_DENOMINATOR,kpi_005,HOSP-001,DEPT-SURG,2026-10-29,Zero denominator for kpi_005,processed_operational_daily.csv,OPD-HOSP-001-DEPT-SURG-20261029,PEX-KPI-DCF120177644
ISS-kpi_005-0DDF744C,Warning,ZERO_DENOMINATOR,kpi_005,HOSP-001,DEPT-SURG,2026-10-30,Zero denominator for kpi_005,processed_operational_daily.csv,OPD-HOSP-001-DEPT-SURG-20261030,PEX-KPI-DCF120177644
ISS-kpi_005-32537F39,Warning,INSUFFICIENT_DATA,kpi_005,HOSP-001,DEPT-SURG,2026-10-31,Insufficient data for kpi_005,processed_operational_daily.csv,OPD-HOSP-001-DEPT-SURG-20261031,PEX-KPI-DCF120177644
ISS-kpi_006-2F097755,Warning,INSUFFICIENT_DATA,kpi_006,HOSP-001,DEPT-SURG,2026-10-31,Insufficient data for kpi_006,processed_operational_daily.csv,OPD-HOSP-001-DEPT-SURG-20261031,PEX-KPI-DCF120177644
ISS-kpi_005-D2A991E7,Warning,ZERO_DENOMINATOR,kpi_005,HOSP-001,DEPT-SURG,2026-11-01,Zero denominator for kpi_005,processed_operational_daily.csv,OPD-HOSP-001-DEPT-SURG-20261101,PEX-KPI-DCF120177644
ISS-kpi_006-248784F0,Warning,ZERO_DENOMINATOR,kpi_006,HOSP-001,DEPT-SURG,2026-11-01,Zero denominator for kpi_006,processed_operational_daily.csv,OPD-HOSP-001-DEPT-SURG-20261101,PEX-KPI-DCF120177644
ISS-kpi_005-90BCD71E,Warning,ZERO_DENOMINATOR,kpi_005,HOSP-001,DEPT-SURG,2026-11-02,Zero denominator for kpi_005,processed_operational_daily.csv,OPD-HOSP-001-DEPT-SURG-20261102,PEX-KPI-DCF120177644
ISS-kpi_005-C9869B75,Warning,ZERO_DENOMINATOR,kpi_005,HOSP-001,DEPT-SURG,2026-11-03,Zero denominator for kpi_005,processed_operational_daily.csv,OPD-HOSP-001-DEPT-SURG-20261103,PEX-KPI-DCF120177644
ISS-kpi_005-319C9E94,Warning,ZERO_DENOMINATOR,kpi_005,HOSP-001,DEPT-SURG,2026-11-04,Zero denominator for kpi_005,processed_operational_daily.csv,OPD-HOSP-001-DEPT-SURG-20261104,PEX-KPI-DCF120177644
ISS-kpi_005-4CCC1BA7,Warning,ZERO_DENOMINATOR,kpi_005,HOSP-001,DEPT-SURG,2026-11-05,Zero denominator for kpi_005,processed_operational_daily.csv,OPD-HOSP-001-DEPT-SURG-20261105,PEX-KPI-DCF120177644
ISS-kpi_005-28AD5AAA,Warning,ZERO_DENOMINATOR,kpi_005,HOSP-001,DEPT-SURG,2026-11-06,Zero denominator for kpi_005,processed_operational_daily.csv,OPD-HOSP-001-DEPT-SURG-20261106,PEX-KPI-DCF120177644
ISS-kpi_005-02401375,Warning,ZERO_DENOMINATOR,kpi_005,HOSP-001,DEPT-SURG,2026-11-07,Zero denominator for kpi_005,processed_operational_daily.csv,OPD-HOSP-001-DEPT-SURG-20261107,PEX-KPI-DCF120177644
ISS-kpi_005-211681B4,Warning,ZERO_DENOMINATOR,kpi_005,HOSP-001,DEPT-SURG,2026-11-08,Zero denominator for kpi_005,processed_operational_daily.csv,OPD-HOSP-001-DEPT-SURG-20261108,PEX-KPI-DCF120177644
ISS-kpi_005-0D82F974,Warning,ZERO_DENOMINATOR,kpi_005,HOSP-001,DEPT-SURG,2026-11-09,Zero denominator for kpi_005,processed_operational_daily.csv,OPD-HOSP-001-DEPT-SURG-20261109,PEX-KPI-DCF120177644
ISS-kpi_005-A2FD277C,Warning,INSUFFICIENT_DATA,kpi_005,HOSP-001,DEPT-SURG,2026-11-10,Insufficient data for kpi_005,processed_operational_daily.csv,OPD-HOSP-001-DEPT-SURG-20261110,PEX-KPI-DCF120177644
ISS-kpi_006-3267CB39,Warning,INSUFFICIENT_DATA,kpi_006,HOSP-001,DEPT-SURG,2026-11-10,Insufficient data for kpi_006,processed_operational_daily.csv,OPD-HOSP-001-DEPT-SURG-20261110,PEX-KPI-DCF120177644
ISS-kpi_005-B9B3C961,Warning,INSUFFICIENT_DATA,kpi_005,HOSP-001,DEPT-SURG,2026-11-11,Insufficient data for kpi_005,processed_operational_daily.csv,OPD-HOSP-001-DEPT-SURG-20261111,PEX-KPI-DCF120177644
ISS-kpi_006-D7517D80,Warning,INSUFFICIENT_DATA,kpi_006,HOSP-001,DEPT-SURG,2026-11-11,Insufficient data for kpi_006,processed_operational_daily.csv,OPD-HOSP-001-DEPT-SURG-20261111,PEX-KPI-DCF120177644
ISS-kpi_005-67C0752A,Warning,INSUFFICIENT_DATA,kpi_005,HOSP-001,DEPT-SURG,2026-11-12,Insufficient data for kpi_005,processed_operational_daily.csv,OPD-HOSP-001-DEPT-SURG-20261112,PEX-KPI-DCF120177644
ISS-kpi_006-443114E3,Warning,INSUFFICIENT_DATA,kpi_006,HOSP-001,DEPT-SURG,2026-11-12,Insufficient data for kpi_006,processed_operational_daily.csv,OPD-HOSP-001-DEPT-SURG-20261112,PEX-KPI-DCF120177644
ISS-kpi_005-CFEB84D5,Warning,ZERO_DENOMINATOR,kpi_005,HOSP-001,DEPT-SURG,2026-11-13,Zero denominator for kpi_005,processed_operational_daily.csv,OPD-HOSP-001-DEPT-SURG-20261113,PEX-KPI-DCF120177644
ISS-kpi_005-F5BC27D5,Warning,ZERO_DENOMINATOR,kpi_005,HOSP-001,DEPT-SURG,2026-11-14,Zero denominator for kpi_005,processed_operational_daily.csv,OPD-HOSP-001-DEPT-SURG-20261114,PEX-KPI-DCF120177644
ISS-kpi_005-85D27EA7,Warning,ZERO_DENOMINATOR,kpi_005,HOSP-001,DEPT-SURG,2026-11-15,Zero denominator for kpi_005,processed_operational_daily.csv,OPD-HOSP-001-DEPT-SURG-20261115,PEX-KPI-DCF120177644
ISS-kpi_005-3D2D2B4F,Warning,ZERO_DENOMINATOR,kpi_005,HOSP-001,DEPT-SURG,2026-11-16,Zero denominator for kpi_005,processed_operational_daily.csv,OPD-HOSP-001-DEPT-SURG-20261116,PEX-KPI-DCF120177644
ISS-kpi_005-DF3E9303,Warning,ZERO_DENOMINATOR,kpi_005,HOSP-001,DEPT-SURG,2026-11-17,Zero denominator for kpi_005,processed_operational_daily.csv,OPD-HOSP-001-DEPT-SURG-20261117,PEX-KPI-DCF120177644
ISS-kpi_005-3E1B3A24,Warning,ZERO_DENOMINATOR,kpi_005,HOSP-001,DEPT-SURG,2026-11-18,Zero denominator for kpi_005,processed_operational_daily.csv,OPD-HOSP-001-DEPT-SURG-20261118,PEX-KPI-DCF120177644
ISS-kpi_005-3C26E147,Warning,ZERO_DENOMINATOR,kpi_005,HOSP-001,DEPT-SURG,2026-11-19,Zero denominator for kpi_005,processed_operational_daily.csv,OPD-HOSP-001-DEPT-SURG-20261119,PEX-KPI-DCF120177644
ISS-kpi_005-3E73EBF9,Warning,INSUFFICIENT_DATA,kpi_005,HOSP-001,DEPT-SURG,2026-11-20,Insufficient data for kpi_005,processed_operational_daily.csv,OPD-HOSP-001-DEPT-SURG-20261120,PEX-KPI-DCF120177644
ISS-kpi_006-2151584B,Warning,INSUFFICIENT_DATA,kpi_006,HOSP-001,DEPT-SURG,2026-11-20,Insufficient data for kpi_006,processed_operational_daily.csv,OPD-HOSP-001-DEPT-SURG-20261120,PEX-KPI-DCF120177644
ISS-kpi_005-30B79DB0,Warning,ZERO_DENOMINATOR,kpi_005,HOSP-001,DEPT-SURG,2026-11-21,Zero denominator for kpi_005,processed_operational_daily.csv,OPD-HOSP-001-DEPT-SURG-20261121,PEX-KPI-DCF120177644
ISS-kpi_005-717ACBBB,Warning,ZERO_DENOMINATOR,kpi_005,HOSP-001,DEPT-SURG,2026-11-22,Zero denominator for kpi_005,processed_operational_daily.csv,OPD-HOSP-001-DEPT-SURG-20261122,PEX-KPI-DCF120177644
ISS-kpi_005-3A264A22,Warning,ZERO_DENOMINATOR,kpi_005,HOSP-001,DEPT-SURG,2026-11-23,Zero denominator for kpi_005,processed_operational_daily.csv,OPD-HOSP-001-DEPT-SURG-20261123,PEX-KPI-DCF120177644
ISS-kpi_005-16CC9C88,Warning,ZERO_DENOMINATOR,kpi_005,HOSP-001,DEPT-SURG,2026-11-24,Zero denominator for kpi_005,processed_operational_daily.csv,OPD-HOSP-001-DEPT-SURG-20261124,PEX-KPI-DCF120177644
ISS-kpi_005-A75C9BA9,Warning,ZERO_DENOMINATOR,kpi_005,HOSP-001,DEPT-SURG,2026-11-25,Zero denominator for kpi_005,processed_operational_daily.csv,OPD-HOSP-001-DEPT-SURG-20261125,PEX-KPI-DCF120177644
ISS-kpi_005-3F708006,Warning,ZERO_DENOMINATOR,kpi_005,HOSP-001,DEPT-SURG,2026-11-26,Zero denominator for kpi_005,processed_operational_daily.csv,OPD-HOSP-001-DEPT-SURG-20261126,PEX-KPI-DCF120177644
ISS-kpi_005-A4C33B96,Warning,ZERO_DENOMINATOR,kpi_005,HOSP-001,DEPT-SURG,2026-11-27,Zero denominator for kpi_005,processed_operational_daily.csv,OPD-HOSP-001-DEPT-SURG-20261127,PEX-KPI-DCF120177644
ISS-kpi_005-B7790C5E,Warning,ZERO_DENOMINATOR,kpi_005,HOSP-001,DEPT-SURG,2026-11-28,Zero denominator for kpi_005,processed_operational_daily.csv,OPD-HOSP-001-DEPT-SURG-20261128,PEX-KPI-DCF120177644
ISS-kpi_005-4A46DD9A,Warning,ZERO_DENOMINATOR,kpi_005,HOSP-001,DEPT-SURG,2026-11-29,Zero denominator for kpi_005,processed_operational_daily.csv,OPD-HOSP-001-DEPT-SURG-20261129,PEX-KPI-DCF120177644
ISS-kpi_005-45049F13,Warning,ZERO_DENOMINATOR,kpi_005,HOSP-001,DEPT-SURG,2026-11-30,Zero denominator for kpi_005,processed_operational_daily.csv,OPD-HOSP-001-DEPT-SURG-20261130,PEX-KPI-DCF120177644
ISS-kpi_005-57C4325A,Warning,ZERO_DENOMINATOR,kpi_005,HOSP-001,DEPT-SURG,2026-12-01,Zero denominator for kpi_005,processed_operational_daily.csv,OPD-HOSP-001-DEPT-SURG-20261201,PEX-KPI-DCF120177644
ISS-kpi_006-E7EEC9F6,Warning,ZERO_DENOMINATOR,kpi_006,HOSP-001,DEPT-SURG,2026-12-01,Zero denominator for kpi_006,processed_operational_daily.csv,OPD-HOSP-001-DEPT-SURG-20261201,PEX-KPI-DCF120177644
ISS-kpi_005-4E521B97,Warning,ZERO_DENOMINATOR,kpi_005,HOSP-001,DEPT-SURG,2026-12-02,Zero denominator for kpi_005,processed_operational_daily.csv,OPD-HOSP-001-DEPT-SURG-20261202,PEX-KPI-DCF120177644
ISS-kpi_005-F74DE69D,Warning,ZERO_DENOMINATOR,kpi_005,HOSP-001,DEPT-SURG,2026-12-03,Zero denominator for kpi_005,processed_operational_daily.csv,OPD-HOSP-001-DEPT-SURG-20261203,PEX-KPI-DCF120177644
ISS-kpi_006-968C1A03,Warning,ZERO_DENOMINATOR,kpi_006,HOSP-001,DEPT-SURG,2026-12-03,Zero denominator for kpi_006,processed_operational_daily.csv,OPD-HOSP-001-DEPT-SURG-20261203,PEX-KPI-DCF120177644
ISS-kpi_005-B5EB023C,Warning,ZERO_DENOMINATOR,kpi_005,HOSP-001,DEPT-SURG,2026-12-04,Zero denominator for kpi_005,processed_operational_daily.csv,OPD-HOSP-001-DEPT-SURG-20261204,PEX-KPI-DCF120177644
ISS-kpi_005-3BEFD03D,Warning,ZERO_DENOMINATOR,kpi_005,HOSP-001,DEPT-SURG,2026-12-05,Zero denominator for kpi_005,processed_operational_daily.csv,OPD-HOSP-001-DEPT-SURG-20261205,PEX-KPI-DCF120177644
ISS-kpi_005-2D50F0EF,Warning,ZERO_DENOMINATOR,kpi_005,HOSP-001,DEPT-SURG,2026-12-06,Zero denominator for kpi_005,processed_operational_daily.csv,OPD-HOSP-001-DEPT-SURG-20261206,PEX-KPI-DCF120177644
ISS-kpi_005-AC615C0B,Warning,ZERO_DENOMINATOR,kpi_005,HOSP-001,DEPT-SURG,2026-12-07,Zero denominator for kpi_005,processed_operational_daily.csv,OPD-HOSP-001-DEPT-SURG-20261207,PEX-KPI-DCF120177644
ISS-kpi_005-93B2FA28,Warning,ZERO_DENOMINATOR,kpi_005,HOSP-001,DEPT-SURG,2026-12-08,Zero denominator for kpi_005,processed_operational_daily.csv,OPD-HOSP-001-DEPT-SURG-20261208,PEX-KPI-DCF120177644
ISS-kpi_005-FDBF2A6A,Warning,ZERO_DENOMINATOR,kpi_005,HOSP-001,DEPT-SURG,2026-12-09,Zero denominator for kpi_005,processed_operational_daily.csv,OPD-HOSP-001-DEPT-SURG-20261209,PEX-KPI-DCF120177644
ISS-kpi_006-4D1DAC22,Warning,ZERO_DENOMINATOR,kpi_006,HOSP-001,DEPT-SURG,2026-12-09,Zero denominator for kpi_006,processed_operational_daily.csv,OPD-HOSP-001-DEPT-SURG-20261209,PEX-KPI-DCF120177644
ISS-kpi_005-833E0CC0,Warning,INSUFFICIENT_DATA,kpi_005,HOSP-001,DEPT-SURG,2026-12-10,Insufficient data for kpi_005,processed_operational_daily.csv,OPD-HOSP-001-DEPT-SURG-20261210,PEX-KPI-DCF120177644
ISS-kpi_006-1E019781,Warning,INSUFFICIENT_DATA,kpi_006,HOSP-001,DEPT-SURG,2026-12-10,Insufficient data for kpi_006,processed_operational_daily.csv,OPD-HOSP-001-DEPT-SURG-20261210,PEX-KPI-DCF120177644
ISS-kpi_005-FABA21AB,Warning,ZERO_DENOMINATOR,kpi_005,HOSP-001,DEPT-SURG,2026-12-11,Zero denominator for kpi_005,processed_operational_daily.csv,OPD-HOSP-001-DEPT-SURG-20261211,PEX-KPI-DCF120177644
ISS-kpi_005-A350D54E,Warning,ZERO_DENOMINATOR,kpi_005,HOSP-001,DEPT-SURG,2026-12-12,Zero denominator for kpi_005,processed_operational_daily.csv,OPD-HOSP-001-DEPT-SURG-20261212,PEX-KPI-DCF120177644
ISS-kpi_005-72FC00B1,Warning,ZERO_DENOMINATOR,kpi_005,HOSP-001,DEPT-SURG,2026-12-13,Zero denominator for kpi_005,processed_operational_daily.csv,OPD-HOSP-001-DEPT-SURG-20261213,PEX-KPI-DCF120177644
ISS-kpi_005-B5D875EE,Warning,ZERO_DENOMINATOR,kpi_005,HOSP-001,DEPT-SURG,2026-12-14,Zero denominator for kpi_005,processed_operational_daily.csv,OPD-HOSP-001-DEPT-SURG-20261214,PEX-KPI-DCF120177644
ISS-kpi_005-56763008,Warning,ZERO_DENOMINATOR,kpi_005,HOSP-001,DEPT-SURG,2026-12-15,Zero denominator for kpi_005,processed_operational_daily.csv,OPD-HOSP-001-DEPT-SURG-20261215,PEX-KPI-DCF120177644
ISS-kpi_005-755EE1A4,Warning,ZERO_DENOMINATOR,kpi_005,HOSP-001,DEPT-SURG,2026-12-16,Zero denominator for kpi_005,processed_operational_daily.csv,OPD-HOSP-001-DEPT-SURG-20261216,PEX-KPI-DCF120177644
ISS-kpi_005-93E35858,Warning,ZERO_DENOMINATOR,kpi_005,HOSP-001,DEPT-SURG,2026-12-17,Zero denominator for kpi_005,processed_operational_daily.csv,OPD-HOSP-001-DEPT-SURG-20261217,PEX-KPI-DCF120177644
ISS-kpi_005-DE8322C8,Warning,ZERO_DENOMINATOR,kpi_005,HOSP-001,DEPT-SURG,2026-12-18,Zero denominator for kpi_005,processed_operational_daily.csv,OPD-HOSP-001-DEPT-SURG-20261218,PEX-KPI-DCF120177644
ISS-kpi_005-E8597FE5,Warning,ZERO_DENOMINATOR,kpi_005,HOSP-001,DEPT-SURG,2026-12-19,Zero denominator for kpi_005,processed_operational_daily.csv,OPD-HOSP-001-DEPT-SURG-20261219,PEX-KPI-DCF120177644
ISS-kpi_005-8E4512C2,Warning,ZERO_DENOMINATOR,kpi_005,HOSP-001,DEPT-SURG,2026-12-20,Zero denominator for kpi_005,processed_operational_daily.csv,OPD-HOSP-001-DEPT-SURG-20261220,PEX-KPI-DCF120177644
ISS-kpi_005-8DF954E0,Warning,ZERO_DENOMINATOR,kpi_005,HOSP-001,DEPT-SURG,2026-12-21,Zero denominator for kpi_005,processed_operational_daily.csv,OPD-HOSP-001-DEPT-SURG-20261221,PEX-KPI-DCF120177644
ISS-kpi_005-ECABD684,Warning,ZERO_DENOMINATOR,kpi_005,HOSP-001,DEPT-SURG,2026-12-22,Zero denominator for kpi_005,processed_operational_daily.csv,OPD-HOSP-001-DEPT-SURG-20261222,PEX-KPI-DCF120177644
ISS-kpi_006-18820583,Warning,ZERO_DENOMINATOR,kpi_006,HOSP-001,DEPT-SURG,2026-12-22,Zero denominator for kpi_006,processed_operational_daily.csv,OPD-HOSP-001-DEPT-SURG-20261222,PEX-KPI-DCF120177644
ISS-kpi_005-014D25C3,Warning,ZERO_DENOMINATOR,kpi_005,HOSP-001,DEPT-SURG,2026-12-23,Zero denominator for kpi_005,processed_operational_daily.csv,OPD-HOSP-001-DEPT-SURG-20261223,PEX-KPI-DCF120177644
ISS-kpi_005-43127AD4,Warning,ZERO_DENOMINATOR,kpi_005,HOSP-001,DEPT-SURG,2026-12-24,Zero denominator for kpi_005,processed_operational_daily.csv,OPD-HOSP-001-DEPT-SURG-20261224,PEX-KPI-DCF120177644
ISS-kpi_005-D76137DA,Warning,ZERO_DENOMINATOR,kpi_005,HOSP-001,DEPT-SURG,2026-12-25,Zero denominator for kpi_005,processed_operational_daily.csv,OPD-HOSP-001-DEPT-SURG-20261225,PEX-KPI-DCF120177644
ISS-kpi_005-8708F037,Warning,ZERO_DENOMINATOR,kpi_005,HOSP-001,DEPT-SURG,2026-12-26,Zero denominator for kpi_005,processed_operational_daily.csv,OPD-HOSP-001-DEPT-SURG-20261226,PEX-KPI-DCF120177644
ISS-kpi_005-439C6475,Warning,INSUFFICIENT_DATA,kpi_005,HOSP-001,DEPT-SURG,2026-12-27,Insufficient data for kpi_005,processed_operational_daily.csv,OPD-HOSP-001-DEPT-SURG-20261227,PEX-KPI-DCF120177644
ISS-kpi_006-01368529,Warning,INSUFFICIENT_DATA,kpi_006,HOSP-001,DEPT-SURG,2026-12-27,Insufficient data for kpi_006,processed_operational_daily.csv,OPD-HOSP-001-DEPT-SURG-20261227,PEX-KPI-DCF120177644
ISS-kpi_005-6C5BB3B2,Warning,ZERO_DENOMINATOR,kpi_005,HOSP-001,DEPT-SURG,2026-12-28,Zero denominator for kpi_005,processed_operational_daily.csv,OPD-HOSP-001-DEPT-SURG-20261228,PEX-KPI-DCF120177644
ISS-kpi_005-6C590790,Warning,ZERO_DENOMINATOR,kpi_005,HOSP-001,DEPT-SURG,2026-12-29,Zero denominator for kpi_005,processed_operational_daily.csv,OPD-HOSP-001-DEPT-SURG-20261229,PEX-KPI-DCF120177644
ISS-kpi_006-2A45825B,Warning,ZERO_DENOMINATOR,kpi_006,HOSP-001,DEPT-SURG,2026-12-29,Zero denominator for kpi_006,processed_operational_daily.csv,OPD-HOSP-001-DEPT-SURG-20261229,PEX-KPI-DCF120177644
ISS-kpi_005-4A459756,Warning,ZERO_DENOMINATOR,kpi_005,HOSP-001,DEPT-SURG,2026-12-30,Zero denominator for kpi_005,processed_operational_daily.csv,OPD-HOSP-001-DEPT-SURG-20261230,PEX-KPI-DCF120177644
ISS-kpi_005-0E2B47CC,Warning,ZERO_DENOMINATOR,kpi_005,HOSP-001,DEPT-SURG,2026-12-31,Zero denominator for kpi_005,processed_operational_daily.csv,OPD-HOSP-001-DEPT-SURG-20261231,PEX-KPI-DCF120177644
