lineage_record_id,decision_package_id,approval_package_id,lineage_reference_count,lineage_complete,lineage_ids,source_phase_list,audit_traceability_status
DPKG-PKG-EP-HOSP-001-DEPT-ADM-kpi_001-20260108-LN,DPKG-PKG-EP-HOSP-001-DEPT-ADM-kpi_001-20260108,PKG-EP-HOSP-001-DEPT-ADM-kpi_001-20260108,1,1.0,Derived from Step 2D-2 lineage register,Phase 2B|Phase 2C-1|Phase 2C-2|Phase 2C-3|Phase 2D-1|Phase 2D-2,Traceable
DPKG-PKG-EP-HOSP-001-DEPT-ADM-kpi_001-20260116-LN,DPKG-PKG-EP-HOSP-001-DEPT-ADM-kpi_001-20260116,PKG-EP-HOSP-001-DEPT-ADM-kpi_001-20260116,1,1.0,Derived from Step 2D-2 lineage register,Phase 2B|Phase 2C-1|Phase 2C-2|Phase 2C-3|Phase 2D-1|Phase 2D-2,Traceable
DPKG-PKG-EP-HOSP-001-DEPT-ADM-kpi_001-20260209-LN,DPKG-PKG-EP-HOSP-001-DEPT-ADM-kpi_001-20260209,PKG-EP-HOSP-001-DEPT-ADM-kpi_001-20260209,1,1.0,Derived from Step 2D-2 lineage register,Phase 2B|Phase 2C-1|Phase 2C-2|Phase 2C-3|Phase 2D-1|Phase 2D-2,Traceable
DPKG-PKG-EP-HOSP-001-DEPT-ADM-kpi_001-20260328-LN,DPKG-PKG-EP-HOSP-001-DEPT-ADM-kpi_001-20260328,PKG-EP-HOSP-001-DEPT-ADM-kpi_001-20260328,1,1.0,Derived from Step 2D-2 lineage register,Phase 2B|Phase 2C-1|Phase 2C-2|Phase 2C-3|Phase 2D-1|Phase 2D-2,Traceable
DPKG-PKG-EP-HOSP-001-DEPT-ADM-kpi_001-20260410-LN,DPKG-PKG-EP-HOSP-001-DEPT-ADM-kpi_001-20260410,PKG-EP-HOSP-001-DEPT-ADM-kpi_001-20260410,1,1.0,Derived from Step 2D-2 lineage register,Phase 2B|Phase 2C-1|Phase 2C-2|Phase 2C-3|Phase 2D-1|Phase 2D-2,Traceable
DPKG-PKG-EP-HOSP-001-DEPT-ADM-kpi_001-20260420-LN,DPKG-PKG-EP-HOSP-001-DEPT-ADM-kpi_001-20260420,PKG-EP-HOSP-001-DEPT-ADM-kpi_001-20260420,1,1.0,Derived from Step 2D-2 lineage register,Phase 2B|Phase 2C-1|Phase 2C-2|Phase 2C-3|Phase 2D-1|Phase 2D-2,Traceable
DPKG-PKG-EP-HOSP-001-DEPT-ADM-kpi_001-20260506-LN,DPKG-PKG-EP-HOSP-001-DEPT-ADM-kpi_001-20260506,PKG-EP-HOSP-001-DEPT-ADM-kpi_001-20260506,1,1.0,Derived from Step 2D-2 lineage register,Phase 2B|Phase 2C-1|Phase 2C-2|Phase 2C-3|Phase 2D-1|Phase 2D-2,Traceable
DPKG-PKG-EP-HOSP-001-DEPT-ADM-kpi_001-20260602-LN,DPKG-PKG-EP-HOSP-001-DEPT-ADM-kpi_001-20260602,PKG-EP-HOSP-001-DEPT-ADM-kpi_001-20260602,1,1.0,Derived from Step 2D-2 lineage register,Phase 2B|Phase 2C-1|Phase 2C-2|Phase 2C-3|Phase 2D-1|Phase 2D-2,Traceable
DPKG-PKG-EP-HOSP-001-DEPT-ADM-kpi_001-20260608-LN,DPKG-PKG-EP-HOSP-001-DEPT-ADM-kpi_001-20260608,PKG-EP-HOSP-001-DEPT-ADM-kpi_001-20260608,1,1.0,Derived from Step 2D-2 lineage register,Phase 2B|Phase 2C-1|Phase 2C-2|Phase 2C-3|Phase 2D-1|Phase 2D-2,Traceable
DPKG-PKG-EP-HOSP-001-DEPT-ADM-kpi_001-20260721-LN,DPKG-PKG-EP-HOSP-001-DEPT-ADM-kpi_001-20260721,PKG-EP-HOSP-001-DEPT-ADM-kpi_001-20260721,1,1.0,Derived from Step 2D-2 lineage register,Phase 2B|Phase 2C-1|Phase 2C-2|Phase 2C-3|Phase 2D-1|Phase 2D-2,Traceable
DPKG-PKG-EP-HOSP-001-DEPT-ADM-kpi_001-20260726-LN,DPKG-PKG-EP-HOSP-001-DEPT-ADM-kpi_001-20260726,PKG-EP-HOSP-001-DEPT-ADM-kpi_001-20260726,1,1.0,Derived from Step 2D-2 lineage register,Phase 2B|Phase 2C-1|Phase 2C-2|Phase 2C-3|Phase 2D-1|Phase 2D-2,Traceable
DPKG-PKG-EP-HOSP-001-DEPT-ADM-kpi_001-20260822-LN,DPKG-PKG-EP-HOSP-001-DEPT-ADM-kpi_001-20260822,PKG-EP-HOSP-001-DEPT-ADM-kpi_001-20260822,1,1.0,Derived from Step 2D-2 lineage register,Phase 2B|Phase 2C-1|Phase 2C-2|Phase 2C-3|Phase 2D-1|Phase 2D-2,Traceable
DPKG-PKG-EP-HOSP-001-DEPT-ADM-kpi_001-20261012-LN,DPKG-PKG-EP-HOSP-001-DEPT-ADM-kpi_001-20261012,PKG-EP-HOSP-001-DEPT-ADM-kpi_001-20261012,1,1.0,Derived from Step 2D-2 lineage register,Phase 2B|Phase 2C-1|Phase 2C-2|Phase 2C-3|Phase 2D-1|Phase 2D-2,Traceable
DPKG-PKG-EP-HOSP-001-DEPT-ADM-kpi_001-20261021-LN,DPKG-PKG-EP-HOSP-001-DEPT-ADM-kpi_001-20261021,PKG-EP-HOSP-001-DEPT-ADM-kpi_001-20261021,1,1.0,Derived from Step 2D-2 lineage register,Phase 2B|Phase 2C-1|Phase 2C-2|Phase 2C-3|Phase 2D-1|Phase 2D-2,Traceable
DPKG-PKG-EP-HOSP-001-DEPT-ADM-kpi_001-20261127-LN,DPKG-PKG-EP-HOSP-001-DEPT-ADM-kpi_001-20261127,PKG-EP-HOSP-001-DEPT-ADM-kpi_001-20261127,1,1.0,Derived from Step 2D-2 lineage register,Phase 2B|Phase 2C-1|Phase 2C-2|Phase 2C-3|Phase 2D-1|Phase 2D-2,Traceable
DPKG-PKG-EP-HOSP-001-DEPT-ADM-kpi_001-20261205-LN,DPKG-PKG-EP-HOSP-001-DEPT-ADM-kpi_001-20261205,PKG-EP-HOSP-001-DEPT-ADM-kpi_001-20261205,1,1.0,Derived from Step 2D-2 lineage register,Phase 2B|Phase 2C-1|Phase 2C-2|Phase 2C-3|Phase 2D-1|Phase 2D-2,Traceable
DPKG-PKG-EP-HOSP-001-DEPT-ADM-kpi_001-20261220-LN,DPKG-PKG-EP-HOSP-001-DEPT-ADM-kpi_001-20261220,PKG-EP-HOSP-001-DEPT-ADM-kpi_001-20261220,1,1.0,Derived from Step 2D-2 lineage register,Phase 2B|Phase 2C-1|Phase 2C-2|Phase 2C-3|Phase 2D-1|Phase 2D-2,Traceable
DPKG-PKG-EP-HOSP-001-DEPT-ADM-kpi_002-20260202-LN,DPKG-PKG-EP-HOSP-001-DEPT-ADM-kpi_002-20260202,PKG-EP-HOSP-001-DEPT-ADM-kpi_002-20260202,1,1.0,Derived from Step 2D-2 lineage register,Phase 2B|Phase 2C-1|Phase 2C-2|Phase 2C-3|Phase 2D-1|Phase 2D-2,Traceable
DPKG-PKG-EP-HOSP-001-DEPT-ADM-kpi_002-20260206-LN,DPKG-PKG-EP-HOSP-001-DEPT-ADM-kpi_002-20260206,PKG-EP-HOSP-001-DEPT-ADM-kpi_002-20260206,1,1.0,Derived from Step 2D-2 lineage register,Phase 2B|Phase 2C-1|Phase 2C-2|Phase 2C-3|Phase 2D-1|Phase 2D-2,Traceable
DPKG-PKG-EP-HOSP-001-DEPT-ADM-kpi_002-20260330-LN,DPKG-PKG-EP-HOSP-001-DEPT-ADM-kpi_002-20260330,PKG-EP-HOSP-001-DEPT-ADM-kpi_002-20260330,1,1.0,Derived from Step 2D-2 lineage register,Phase 2B|Phase 2C-1|Phase 2C-2|Phase 2C-3|Phase 2D-1|Phase 2D-2,Traceable
DPKG-PKG-EP-HOSP-001-DEPT-ADM-kpi_002-20260409-LN,DPKG-PKG-EP-HOSP-001-DEPT-ADM-kpi_002-20260409,PKG-EP-HOSP-001-DEPT-ADM-kpi_002-20260409,1,1.0,Derived from Step 2D-2 lineage register,Phase 2B|Phase 2C-1|Phase 2C-2|Phase 2C-3|Phase 2D-1|Phase 2D-2,Traceable
DPKG-PKG-EP-HOSP-001-DEPT-ADM-kpi_002-20260524-LN,DPKG-PKG-EP-HOSP-001-DEPT-ADM-kpi_002-20260524,PKG-EP-HOSP-001-DEPT-ADM-kpi_002-20260524,1,1.0,Derived from Step 2D-2 lineage register,Phase 2B|Phase 2C-1|Phase 2C-2|Phase 2C-3|Phase 2D-1|Phase 2D-2,Traceable
DPKG-PKG-EP-HOSP-001-DEPT-ADM-kpi_002-20260529-LN,DPKG-PKG-EP-HOSP-001-DEPT-ADM-kpi_002-20260529,PKG-EP-HOSP-001-DEPT-ADM-kpi_002-20260529,1,1.0,Derived from Step 2D-2 lineage register,Phase 2B|Phase 2C-1|Phase 2C-2|Phase 2C-3|Phase 2D-1|Phase 2D-2,Traceable
DPKG-PKG-EP-HOSP-001-DEPT-ADM-kpi_002-20260611-LN,DPKG-PKG-EP-HOSP-001-DEPT-ADM-kpi_002-20260611,PKG-EP-HOSP-001-DEPT-ADM-kpi_002-20260611,1,1.0,Derived from Step 2D-2 lineage register,Phase 2B|Phase 2C-1|Phase 2C-2|Phase 2C-3|Phase 2D-1|Phase 2D-2,Traceable
DPKG-PKG-EP-HOSP-001-DEPT-ADM-kpi_002-20260620-LN,DPKG-PKG-EP-HOSP-001-DEPT-ADM-kpi_002-20260620,PKG-EP-HOSP-001-DEPT-ADM-kpi_002-20260620,1,1.0,Derived from Step 2D-2 lineage register,Phase 2B|Phase 2C-1|Phase 2C-2|Phase 2C-3|Phase 2D-1|Phase 2D-2,Traceable
DPKG-PKG-EP-HOSP-001-DEPT-ADM-kpi_002-20260624-LN,DPKG-PKG-EP-HOSP-001-DEPT-ADM-kpi_002-20260624,PKG-EP-HOSP-001-DEPT-ADM-kpi_002-20260624,1,1.0,Derived from Step 2D-2 lineage register,Phase 2B|Phase 2C-1|Phase 2C-2|Phase 2C-3|Phase 2D-1|Phase 2D-2,Traceable
DPKG-PKG-EP-HOSP-001-DEPT-ADM-kpi_002-20260710-LN,DPKG-PKG-EP-HOSP-001-DEPT-ADM-kpi_002-20260710,PKG-EP-HOSP-001-DEPT-ADM-kpi_002-20260710,1,1.0,Derived from Step 2D-2 lineage register,Phase 2B|Phase 2C-1|Phase 2C-2|Phase 2C-3|Phase 2D-1|Phase 2D-2,Traceable
DPKG-PKG-EP-HOSP-001-DEPT-ADM-kpi_002-20260716-LN,DPKG-PKG-EP-HOSP-001-DEPT-ADM-kpi_002-20260716,PKG-EP-HOSP-001-DEPT-ADM-kpi_002-20260716,1,1.0,Derived from Step 2D-2 lineage register,Phase 2B|Phase 2C-1|Phase 2C-2|Phase 2C-3|Phase 2D-1|Phase 2D-2,Traceable
DPKG-PKG-EP-HOSP-001-DEPT-ADM-kpi_002-20260814-LN,DPKG-PKG-EP-HOSP-001-DEPT-ADM-kpi_002-20260814,PKG-EP-HOSP-001-DEPT-ADM-kpi_002-20260814,1,1.0,Derived from Step 2D-2 lineage register,Phase 2B|Phase 2C-1|Phase 2C-2|Phase 2C-3|Phase 2D-1|Phase 2D-2,Traceable
DPKG-PKG-EP-HOSP-001-DEPT-ADM-kpi_002-20260925-LN,DPKG-PKG-EP-HOSP-001-DEPT-ADM-kpi_002-20260925,PKG-EP-HOSP-001-DEPT-ADM-kpi_002-20260925,1,1.0,Derived from Step 2D-2 lineage register,Phase 2B|Phase 2C-1|Phase 2C-2|Phase 2C-3|Phase 2D-1|Phase 2D-2,Traceable
DPKG-PKG-EP-HOSP-001-DEPT-ADM-kpi_002-20261019-LN,DPKG-PKG-EP-HOSP-001-DEPT-ADM-kpi_002-20261019,PKG-EP-HOSP-001-DEPT-ADM-kpi_002-20261019,1,1.0,Derived from Step 2D-2 lineage register,Phase 2B|Phase 2C-1|Phase 2C-2|Phase 2C-3|Phase 2D-1|Phase 2D-2,Traceable
DPKG-PKG-EP-HOSP-001-DEPT-ADM-kpi_002-20261102-LN,DPKG-PKG-EP-HOSP-001-DEPT-ADM-kpi_002-20261102,PKG-EP-HOSP-001-DEPT-ADM-kpi_002-20261102,1,1.0,Derived from Step 2D-2 lineage register,Phase 2B|Phase 2C-1|Phase 2C-2|Phase 2C-3|Phase 2D-1|Phase 2D-2,Traceable
DPKG-PKG-EP-HOSP-001-DEPT-ADM-kpi_002-20261114-LN,DPKG-PKG-EP-HOSP-001-DEPT-ADM-kpi_002-20261114,PKG-EP-HOSP-001-DEPT-ADM-kpi_002-20261114,1,1.0,Derived from Step 2D-2 lineage register,Phase 2B|Phase 2C-1|Phase 2C-2|Phase 2C-3|Phase 2D-1|Phase 2D-2,Traceable
DPKG-PKG-EP-HOSP-001-DEPT-ADM-kpi_002-20261121-LN,DPKG-PKG-EP-HOSP-001-DEPT-ADM-kpi_002-20261121,PKG-EP-HOSP-001-DEPT-ADM-kpi_002-20261121,1,1.0,Derived from Step 2D-2 lineage register,Phase 2B|Phase 2C-1|Phase 2C-2|Phase 2C-3|Phase 2D-1|Phase 2D-2,Traceable
DPKG-PKG-EP-HOSP-001-DEPT-ADM-kpi_002-20261214-LN,DPKG-PKG-EP-HOSP-001-DEPT-ADM-kpi_002-20261214,PKG-EP-HOSP-001-DEPT-ADM-kpi_002-20261214,1,1.0,Derived from Step 2D-2 lineage register,Phase 2B|Phase 2C-1|Phase 2C-2|Phase 2C-3|Phase 2D-1|Phase 2D-2,Traceable
DPKG-PKG-EP-HOSP-001-DEPT-ADM-kpi_002-20261225-LN,DPKG-PKG-EP-HOSP-001-DEPT-ADM-kpi_002-20261225,PKG-EP-HOSP-001-DEPT-ADM-kpi_002-20261225,1,1.0,Derived from Step 2D-2 lineage register,Phase 2B|Phase 2C-1|Phase 2C-2|Phase 2C-3|Phase 2D-1|Phase 2D-2,Traceable
DPKG-PKG-EP-HOSP-001-DEPT-ADM-kpi_006-20260130-LN,DPKG-PKG-EP-HOSP-001-DEPT-ADM-kpi_006-20260130,PKG-EP-HOSP-001-DEPT-ADM-kpi_006-20260130,1,1.0,Derived from Step 2D-2 lineage register,Phase 2B|Phase 2C-1|Phase 2C-2|Phase 2C-3|Phase 2D-1|Phase 2D-2,Traceable
DPKG-PKG-EP-HOSP-001-DEPT-ADM-kpi_006-20260214-LN,DPKG-PKG-EP-HOSP-001-DEPT-ADM-kpi_006-20260214,PKG-EP-HOSP-001-DEPT-ADM-kpi_006-20260214,1,1.0,Derived from Step 2D-2 lineage register,Phase 2B|Phase 2C-1|Phase 2C-2|Phase 2C-3|Phase 2D-1|Phase 2D-2,Traceable
DPKG-PKG-EP-HOSP-001-DEPT-ADM-kpi_006-20260325-LN,DPKG-PKG-EP-HOSP-001-DEPT-ADM-kpi_006-20260325,PKG-EP-HOSP-001-DEPT-ADM-kpi_006-20260325,1,1.0,Derived from Step 2D-2 lineage register,Phase 2B|Phase 2C-1|Phase 2C-2|Phase 2C-3|Phase 2D-1|Phase 2D-2,Traceable
DPKG-PKG-EP-HOSP-001-DEPT-ADM-kpi_006-20260404-LN,DPKG-PKG-EP-HOSP-001-DEPT-ADM-kpi_006-20260404,PKG-EP-HOSP-001-DEPT-ADM-kpi_006-20260404,1,1.0,Derived from Step 2D-2 lineage register,Phase 2B|Phase 2C-1|Phase 2C-2|Phase 2C-3|Phase 2D-1|Phase 2D-2,Traceable
DPKG-PKG-EP-HOSP-001-DEPT-ADM-kpi_006-20260408-LN,DPKG-PKG-EP-HOSP-001-DEPT-ADM-kpi_006-20260408,PKG-EP-HOSP-001-DEPT-ADM-kpi_006-20260408,1,1.0,Derived from Step 2D-2 lineage register,Phase 2B|Phase 2C-1|Phase 2C-2|Phase 2C-3|Phase 2D-1|Phase 2D-2,Traceable
DPKG-PKG-EP-HOSP-001-DEPT-ADM-kpi_006-20260413-LN,DPKG-PKG-EP-HOSP-001-DEPT-ADM-kpi_006-20260413,PKG-EP-HOSP-001-DEPT-ADM-kpi_006-20260413,1,1.0,Derived from Step 2D-2 lineage register,Phase 2B|Phase 2C-1|Phase 2C-2|Phase 2C-3|Phase 2D-1|Phase 2D-2,Traceable
DPKG-PKG-EP-HOSP-001-DEPT-ADM-kpi_006-20260424-LN,DPKG-PKG-EP-HOSP-001-DEPT-ADM-kpi_006-20260424,PKG-EP-HOSP-001-DEPT-ADM-kpi_006-20260424,1,1.0,Derived from Step 2D-2 lineage register,Phase 2B|Phase 2C-1|Phase 2C-2|Phase 2C-3|Phase 2D-1|Phase 2D-2,Traceable
DPKG-PKG-EP-HOSP-001-DEPT-ADM-kpi_006-20260509-LN,DPKG-PKG-EP-HOSP-001-DEPT-ADM-kpi_006-20260509,PKG-EP-HOSP-001-DEPT-ADM-kpi_006-20260509,1,1.0,Derived from Step 2D-2 lineage register,Phase 2B|Phase 2C-1|Phase 2C-2|Phase 2C-3|Phase 2D-1|Phase 2D-2,Traceable
DPKG-PKG-EP-HOSP-001-DEPT-ADM-kpi_006-20260618-LN,DPKG-PKG-EP-HOSP-001-DEPT-ADM-kpi_006-20260618,PKG-EP-HOSP-001-DEPT-ADM-kpi_006-20260618,1,1.0,Derived from Step 2D-2 lineage register,Phase 2B|Phase 2C-1|Phase 2C-2|Phase 2C-3|Phase 2D-1|Phase 2D-2,Traceable
DPKG-PKG-EP-HOSP-001-DEPT-ADM-kpi_006-20260623-LN,DPKG-PKG-EP-HOSP-001-DEPT-ADM-kpi_006-20260623,PKG-EP-HOSP-001-DEPT-ADM-kpi_006-20260623,1,1.0,Derived from Step 2D-2 lineage register,Phase 2B|Phase 2C-1|Phase 2C-2|Phase 2C-3|Phase 2D-1|Phase 2D-2,Traceable
DPKG-PKG-EP-HOSP-001-DEPT-ADM-kpi_006-20260629-LN,DPKG-PKG-EP-HOSP-001-DEPT-ADM-kpi_006-20260629,PKG-EP-HOSP-001-DEPT-ADM-kpi_006-20260629,1,1.0,Derived from Step 2D-2 lineage register,Phase 2B|Phase 2C-1|Phase 2C-2|Phase 2C-3|Phase 2D-1|Phase 2D-2,Traceable
DPKG-PKG-EP-HOSP-001-DEPT-ADM-kpi_006-20260703-LN,DPKG-PKG-EP-HOSP-001-DEPT-ADM-kpi_006-20260703,PKG-EP-HOSP-001-DEPT-ADM-kpi_006-20260703,1,1.0,Derived from Step 2D-2 lineage register,Phase 2B|Phase 2C-1|Phase 2C-2|Phase 2C-3|Phase 2D-1|Phase 2D-2,Traceable
DPKG-PKG-EP-HOSP-001-DEPT-ADM-kpi_006-20260709-LN,DPKG-PKG-EP-HOSP-001-DEPT-ADM-kpi_006-20260709,PKG-EP-HOSP-001-DEPT-ADM-kpi_006-20260709,1,1.0,Derived from Step 2D-2 lineage register,Phase 2B|Phase 2C-1|Phase 2C-2|Phase 2C-3|Phase 2D-1|Phase 2D-2,Traceable
DPKG-PKG-EP-HOSP-001-DEPT-ADM-kpi_006-20260719-LN,DPKG-PKG-EP-HOSP-001-DEPT-ADM-kpi_006-20260719,PKG-EP-HOSP-001-DEPT-ADM-kpi_006-20260719,1,1.0,Derived from Step 2D-2 lineage register,Phase 2B|Phase 2C-1|Phase 2C-2|Phase 2C-3|Phase 2D-1|Phase 2D-2,Traceable
DPKG-PKG-EP-HOSP-001-DEPT-ADM-kpi_006-20260809-LN,DPKG-PKG-EP-HOSP-001-DEPT-ADM-kpi_006-20260809,PKG-EP-HOSP-001-DEPT-ADM-kpi_006-20260809,1,1.0,Derived from Step 2D-2 lineage register,Phase 2B|Phase 2C-1|Phase 2C-2|Phase 2C-3|Phase 2D-1|Phase 2D-2,Traceable
DPKG-PKG-EP-HOSP-001-DEPT-ADM-kpi_006-20260824-LN,DPKG-PKG-EP-HOSP-001-DEPT-ADM-kpi_006-20260824,PKG-EP-HOSP-001-DEPT-ADM-kpi_006-20260824,1,1.0,Derived from Step 2D-2 lineage register,Phase 2B|Phase 2C-1|Phase 2C-2|Phase 2C-3|Phase 2D-1|Phase 2D-2,Traceable
DPKG-PKG-EP-HOSP-001-DEPT-ADM-kpi_006-20260904-LN,DPKG-PKG-EP-HOSP-001-DEPT-ADM-kpi_006-20260904,PKG-EP-HOSP-001-DEPT-ADM-kpi_006-20260904,1,1.0,Derived from Step 2D-2 lineage register,Phase 2B|Phase 2C-1|Phase 2C-2|Phase 2C-3|Phase 2D-1|Phase 2D-2,Traceable
DPKG-PKG-EP-HOSP-001-DEPT-ADM-kpi_006-20260923-LN,DPKG-PKG-EP-HOSP-001-DEPT-ADM-kpi_006-20260923,PKG-EP-HOSP-001-DEPT-ADM-kpi_006-20260923,1,1.0,Derived from Step 2D-2 lineage register,Phase 2B|Phase 2C-1|Phase 2C-2|Phase 2C-3|Phase 2D-1|Phase 2D-2,Traceable
DPKG-PKG-EP-HOSP-001-DEPT-ADM-kpi_006-20260928-LN,DPKG-PKG-EP-HOSP-001-DEPT-ADM-kpi_006-20260928,PKG-EP-HOSP-001-DEPT-ADM-kpi_006-20260928,1,1.0,Derived from Step 2D-2 lineage register,Phase 2B|Phase 2C-1|Phase 2C-2|Phase 2C-3|Phase 2D-1|Phase 2D-2,Traceable
DPKG-PKG-EP-HOSP-001-DEPT-ADM-kpi_006-20261007-LN,DPKG-PKG-EP-HOSP-001-DEPT-ADM-kpi_006-20261007,PKG-EP-HOSP-001-DEPT-ADM-kpi_006-20261007,1,1.0,Derived from Step 2D-2 lineage register,Phase 2B|Phase 2C-1|Phase 2C-2|Phase 2C-3|Phase 2D-1|Phase 2D-2,Traceable
DPKG-PKG-EP-HOSP-001-DEPT-ADM-kpi_006-20261023-LN,DPKG-PKG-EP-HOSP-001-DEPT-ADM-kpi_006-20261023,PKG-EP-HOSP-001-DEPT-ADM-kpi_006-20261023,1,1.0,Derived from Step 2D-2 lineage register,Phase 2B|Phase 2C-1|Phase 2C-2|Phase 2C-3|Phase 2D-1|Phase 2D-2,Traceable
DPKG-PKG-EP-HOSP-001-DEPT-ADM-kpi_006-20261027-LN,DPKG-PKG-EP-HOSP-001-DEPT-ADM-kpi_006-20261027,PKG-EP-HOSP-001-DEPT-ADM-kpi_006-20261027,1,1.0,Derived from Step 2D-2 lineage register,Phase 2B|Phase 2C-1|Phase 2C-2|Phase 2C-3|Phase 2D-1|Phase 2D-2,Traceable
DPKG-PKG-EP-HOSP-001-DEPT-ADM-kpi_006-20261202-LN,DPKG-PKG-EP-HOSP-001-DEPT-ADM-kpi_006-20261202,PKG-EP-HOSP-001-DEPT-ADM-kpi_006-20261202,1,1.0,Derived from Step 2D-2 lineage register,Phase 2B|Phase 2C-1|Phase 2C-2|Phase 2C-3|Phase 2D-1|Phase 2D-2,Traceable
DPKG-PKG-EP-HOSP-001-DEPT-ADM-kpi_006-20261218-LN,DPKG-PKG-EP-HOSP-001-DEPT-ADM-kpi_006-20261218,PKG-EP-HOSP-001-DEPT-ADM-kpi_006-20261218,1,1.0,Derived from Step 2D-2 lineage register,Phase 2B|Phase 2C-1|Phase 2C-2|Phase 2C-3|Phase 2D-1|Phase 2D-2,Traceable
DPKG-PKG-EP-HOSP-001-DEPT-DIAG-kpi_001-20260108-LN,DPKG-PKG-EP-HOSP-001-DEPT-DIAG-kpi_001-20260108,PKG-EP-HOSP-001-DEPT-DIAG-kpi_001-20260108,1,1.0,Derived from Step 2D-2 lineage register,Phase 2B|Phase 2C-1|Phase 2C-2|Phase 2C-3|Phase 2D-1|Phase 2D-2,Traceable
DPKG-PKG-EP-HOSP-001-DEPT-DIAG-kpi_001-20260401-LN,DPKG-PKG-EP-HOSP-001-DEPT-DIAG-kpi_001-20260401,PKG-EP-HOSP-001-DEPT-DIAG-kpi_001-20260401,1,1.0,Derived from Step 2D-2 lineage register,Phase 2B|Phase 2C-1|Phase 2C-2|Phase 2C-3|Phase 2D-1|Phase 2D-2,Traceable
DPKG-PKG-EP-HOSP-001-DEPT-DIAG-kpi_001-20260417-LN,DPKG-PKG-EP-HOSP-001-DEPT-DIAG-kpi_001-20260417,PKG-EP-HOSP-001-DEPT-DIAG-kpi_001-20260417,1,1.0,Derived from Step 2D-2 lineage register,Phase 2B|Phase 2C-1|Phase 2C-2|Phase 2C-3|Phase 2D-1|Phase 2D-2,Traceable
DPKG-PKG-EP-HOSP-001-DEPT-DIAG-kpi_001-20260423-LN,DPKG-PKG-EP-HOSP-001-DEPT-DIAG-kpi_001-20260423,PKG-EP-HOSP-001-DEPT-DIAG-kpi_001-20260423,1,1.0,Derived from Step 2D-2 lineage register,Phase 2B|Phase 2C-1|Phase 2C-2|Phase 2C-3|Phase 2D-1|Phase 2D-2,Traceable
DPKG-PKG-EP-HOSP-001-DEPT-DIAG-kpi_001-20260507-LN,DPKG-PKG-EP-HOSP-001-DEPT-DIAG-kpi_001-20260507,PKG-EP-HOSP-001-DEPT-DIAG-kpi_001-20260507,1,1.0,Derived from Step 2D-2 lineage register,Phase 2B|Phase 2C-1|Phase 2C-2|Phase 2C-3|Phase 2D-1|Phase 2D-2,Traceable
DPKG-PKG-EP-HOSP-001-DEPT-DIAG-kpi_001-20260511-LN,DPKG-PKG-EP-HOSP-001-DEPT-DIAG-kpi_001-20260511,PKG-EP-HOSP-001-DEPT-DIAG-kpi_001-20260511,1,1.0,Derived from Step 2D-2 lineage register,Phase 2B|Phase 2C-1|Phase 2C-2|Phase 2C-3|Phase 2D-1|Phase 2D-2,Traceable
DPKG-PKG-EP-HOSP-001-DEPT-DIAG-kpi_001-20260520-LN,DPKG-PKG-EP-HOSP-001-DEPT-DIAG-kpi_001-20260520,PKG-EP-HOSP-001-DEPT-DIAG-kpi_001-20260520,1,1.0,Derived from Step 2D-2 lineage register,Phase 2B|Phase 2C-1|Phase 2C-2|Phase 2C-3|Phase 2D-1|Phase 2D-2,Traceable
DPKG-PKG-EP-HOSP-001-DEPT-DIAG-kpi_001-20260606-LN,DPKG-PKG-EP-HOSP-001-DEPT-DIAG-kpi_001-20260606,PKG-EP-HOSP-001-DEPT-DIAG-kpi_001-20260606,1,1.0,Derived from Step 2D-2 lineage register,Phase 2B|Phase 2C-1|Phase 2C-2|Phase 2C-3|Phase 2D-1|Phase 2D-2,Traceable
DPKG-PKG-EP-HOSP-001-DEPT-DIAG-kpi_001-20260610-LN,DPKG-PKG-EP-HOSP-001-DEPT-DIAG-kpi_001-20260610,PKG-EP-HOSP-001-DEPT-DIAG-kpi_001-20260610,1,1.0,Derived from Step 2D-2 lineage register,Phase 2B|Phase 2C-1|Phase 2C-2|Phase 2C-3|Phase 2D-1|Phase 2D-2,Traceable
DPKG-PKG-EP-HOSP-001-DEPT-DIAG-kpi_001-20260619-LN,DPKG-PKG-EP-HOSP-001-DEPT-DIAG-kpi_001-20260619,PKG-EP-HOSP-001-DEPT-DIAG-kpi_001-20260619,1,1.0,Derived from Step 2D-2 lineage register,Phase 2B|Phase 2C-1|Phase 2C-2|Phase 2C-3|Phase 2D-1|Phase 2D-2,Traceable
DPKG-PKG-EP-HOSP-001-DEPT-DIAG-kpi_001-20260704-LN,DPKG-PKG-EP-HOSP-001-DEPT-DIAG-kpi_001-20260704,PKG-EP-HOSP-001-DEPT-DIAG-kpi_001-20260704,1,1.0,Derived from Step 2D-2 lineage register,Phase 2B|Phase 2C-1|Phase 2C-2|Phase 2C-3|Phase 2D-1|Phase 2D-2,Traceable
DPKG-PKG-EP-HOSP-001-DEPT-DIAG-kpi_001-20260723-LN,DPKG-PKG-EP-HOSP-001-DEPT-DIAG-kpi_001-20260723,PKG-EP-HOSP-001-DEPT-DIAG-kpi_001-20260723,1,1.0,Derived from Step 2D-2 lineage register,Phase 2B|Phase 2C-1|Phase 2C-2|Phase 2C-3|Phase 2D-1|Phase 2D-2,Traceable
DPKG-PKG-EP-HOSP-001-DEPT-DIAG-kpi_001-20260804-LN,DPKG-PKG-EP-HOSP-001-DEPT-DIAG-kpi_001-20260804,PKG-EP-HOSP-001-DEPT-DIAG-kpi_001-20260804,1,1.0,Derived from Step 2D-2 lineage register,Phase 2B|Phase 2C-1|Phase 2C-2|Phase 2C-3|Phase 2D-1|Phase 2D-2,Traceable
DPKG-PKG-EP-HOSP-001-DEPT-DIAG-kpi_001-20260810-LN,DPKG-PKG-EP-HOSP-001-DEPT-DIAG-kpi_001-20260810,PKG-EP-HOSP-001-DEPT-DIAG-kpi_001-20260810,1,1.0,Derived from Step 2D-2 lineage register,Phase 2B|Phase 2C-1|Phase 2C-2|Phase 2C-3|Phase 2D-1|Phase 2D-2,Traceable
DPKG-PKG-EP-HOSP-001-DEPT-DIAG-kpi_001-20260901-LN,DPKG-PKG-EP-HOSP-001-DEPT-DIAG-kpi_001-20260901,PKG-EP-HOSP-001-DEPT-DIAG-kpi_001-20260901,1,1.0,Derived from Step 2D-2 lineage register,Phase 2B|Phase 2C-1|Phase 2C-2|Phase 2C-3|Phase 2D-1|Phase 2D-2,Traceable
DPKG-PKG-EP-HOSP-001-DEPT-DIAG-kpi_001-20260912-LN,DPKG-PKG-EP-HOSP-001-DEPT-DIAG-kpi_001-20260912,PKG-EP-HOSP-001-DEPT-DIAG-kpi_001-20260912,1,1.0,Derived from Step 2D-2 lineage register,Phase 2B|Phase 2C-1|Phase 2C-2|Phase 2C-3|Phase 2D-1|Phase 2D-2,Traceable
DPKG-PKG-EP-HOSP-001-DEPT-DIAG-kpi_001-20261023-LN,DPKG-PKG-EP-HOSP-001-DEPT-DIAG-kpi_001-20261023,PKG-EP-HOSP-001-DEPT-DIAG-kpi_001-20261023,1,1.0,Derived from Step 2D-2 lineage register,Phase 2B|Phase 2C-1|Phase 2C-2|Phase 2C-3|Phase 2D-1|Phase 2D-2,Traceable
DPKG-PKG-EP-HOSP-001-DEPT-DIAG-kpi_001-20261031-LN,DPKG-PKG-EP-HOSP-001-DEPT-DIAG-kpi_001-20261031,PKG-EP-HOSP-001-DEPT-DIAG-kpi_001-20261031,1,1.0,Derived from Step 2D-2 lineage register,Phase 2B|Phase 2C-1|Phase 2C-2|Phase 2C-3|Phase 2D-1|Phase 2D-2,Traceable
DPKG-PKG-EP-HOSP-001-DEPT-DIAG-kpi_001-20261108-LN,DPKG-PKG-EP-HOSP-001-DEPT-DIAG-kpi_001-20261108,PKG-EP-HOSP-001-DEPT-DIAG-kpi_001-20261108,1,1.0,Derived from Step 2D-2 lineage register,Phase 2B|Phase 2C-1|Phase 2C-2|Phase 2C-3|Phase 2D-1|Phase 2D-2,Traceable
DPKG-PKG-EP-HOSP-001-DEPT-DIAG-kpi_002-20260122-LN,DPKG-PKG-EP-HOSP-001-DEPT-DIAG-kpi_002-20260122,PKG-EP-HOSP-001-DEPT-DIAG-kpi_002-20260122,1,1.0,Derived from Step 2D-2 lineage register,Phase 2B|Phase 2C-1|Phase 2C-2|Phase 2C-3|Phase 2D-1|Phase 2D-2,Traceable
DPKG-PKG-EP-HOSP-001-DEPT-DIAG-kpi_002-20260328-LN,DPKG-PKG-EP-HOSP-001-DEPT-DIAG-kpi_002-20260328,PKG-EP-HOSP-001-DEPT-DIAG-kpi_002-20260328,1,1.0,Derived from Step 2D-2 lineage register,Phase 2B|Phase 2C-1|Phase 2C-2|Phase 2C-3|Phase 2D-1|Phase 2D-2,Traceable
DPKG-PKG-EP-HOSP-001-DEPT-DIAG-kpi_002-20260409-LN,DPKG-PKG-EP-HOSP-001-DEPT-DIAG-kpi_002-20260409,PKG-EP-HOSP-001-DEPT-DIAG-kpi_002-20260409,1,1.0,Derived from Step 2D-2 lineage register,Phase 2B|Phase 2C-1|Phase 2C-2|Phase 2C-3|Phase 2D-1|Phase 2D-2,Traceable
DPKG-PKG-EP-HOSP-001-DEPT-DIAG-kpi_002-20260422-LN,DPKG-PKG-EP-HOSP-001-DEPT-DIAG-kpi_002-20260422,PKG-EP-HOSP-001-DEPT-DIAG-kpi_002-20260422,1,1.0,Derived from Step 2D-2 lineage register,Phase 2B|Phase 2C-1|Phase 2C-2|Phase 2C-3|Phase 2D-1|Phase 2D-2,Traceable
DPKG-PKG-EP-HOSP-001-DEPT-DIAG-kpi_002-20260426-LN,DPKG-PKG-EP-HOSP-001-DEPT-DIAG-kpi_002-20260426,PKG-EP-HOSP-001-DEPT-DIAG-kpi_002-20260426,1,1.0,Derived from Step 2D-2 lineage register,Phase 2B|Phase 2C-1|Phase 2C-2|Phase 2C-3|Phase 2D-1|Phase 2D-2,Traceable
DPKG-PKG-EP-HOSP-001-DEPT-DIAG-kpi_002-20260515-LN,DPKG-PKG-EP-HOSP-001-DEPT-DIAG-kpi_002-20260515,PKG-EP-HOSP-001-DEPT-DIAG-kpi_002-20260515,1,1.0,Derived from Step 2D-2 lineage register,Phase 2B|Phase 2C-1|Phase 2C-2|Phase 2C-3|Phase 2D-1|Phase 2D-2,Traceable
DPKG-PKG-EP-HOSP-001-DEPT-DIAG-kpi_002-20260521-LN,DPKG-PKG-EP-HOSP-001-DEPT-DIAG-kpi_002-20260521,PKG-EP-HOSP-001-DEPT-DIAG-kpi_002-20260521,1,1.0,Derived from Step 2D-2 lineage register,Phase 2B|Phase 2C-1|Phase 2C-2|Phase 2C-3|Phase 2D-1|Phase 2D-2,Traceable
DPKG-PKG-EP-HOSP-001-DEPT-DIAG-kpi_002-20260615-LN,DPKG-PKG-EP-HOSP-001-DEPT-DIAG-kpi_002-20260615,PKG-EP-HOSP-001-DEPT-DIAG-kpi_002-20260615,1,1.0,Derived from Step 2D-2 lineage register,Phase 2B|Phase 2C-1|Phase 2C-2|Phase 2C-3|Phase 2D-1|Phase 2D-2,Traceable
DPKG-PKG-EP-HOSP-001-DEPT-DIAG-kpi_002-20260621-LN,DPKG-PKG-EP-HOSP-001-DEPT-DIAG-kpi_002-20260621,PKG-EP-HOSP-001-DEPT-DIAG-kpi_002-20260621,1,1.0,Derived from Step 2D-2 lineage register,Phase 2B|Phase 2C-1|Phase 2C-2|Phase 2C-3|Phase 2D-1|Phase 2D-2,Traceable
DPKG-PKG-EP-HOSP-001-DEPT-DIAG-kpi_002-20260626-LN,DPKG-PKG-EP-HOSP-001-DEPT-DIAG-kpi_002-20260626,PKG-EP-HOSP-001-DEPT-DIAG-kpi_002-20260626,1,1.0,Derived from Step 2D-2 lineage register,Phase 2B|Phase 2C-1|Phase 2C-2|Phase 2C-3|Phase 2D-1|Phase 2D-2,Traceable
DPKG-PKG-EP-HOSP-001-DEPT-DIAG-kpi_002-20260720-LN,DPKG-PKG-EP-HOSP-001-DEPT-DIAG-kpi_002-20260720,PKG-EP-HOSP-001-DEPT-DIAG-kpi_002-20260720,1,1.0,Derived from Step 2D-2 lineage register,Phase 2B|Phase 2C-1|Phase 2C-2|Phase 2C-3|Phase 2D-1|Phase 2D-2,Traceable
DPKG-PKG-EP-HOSP-001-DEPT-DIAG-kpi_002-20260727-LN,DPKG-PKG-EP-HOSP-001-DEPT-DIAG-kpi_002-20260727,PKG-EP-HOSP-001-DEPT-DIAG-kpi_002-20260727,1,1.0,Derived from Step 2D-2 lineage register,Phase 2B|Phase 2C-1|Phase 2C-2|Phase 2C-3|Phase 2D-1|Phase 2D-2,Traceable
DPKG-PKG-EP-HOSP-001-DEPT-DIAG-kpi_002-20260910-LN,DPKG-PKG-EP-HOSP-001-DEPT-DIAG-kpi_002-20260910,PKG-EP-HOSP-001-DEPT-DIAG-kpi_002-20260910,1,1.0,Derived from Step 2D-2 lineage register,Phase 2B|Phase 2C-1|Phase 2C-2|Phase 2C-3|Phase 2D-1|Phase 2D-2,Traceable
DPKG-PKG-EP-HOSP-001-DEPT-DIAG-kpi_002-20260915-LN,DPKG-PKG-EP-HOSP-001-DEPT-DIAG-kpi_002-20260915,PKG-EP-HOSP-001-DEPT-DIAG-kpi_002-20260915,1,1.0,Derived from Step 2D-2 lineage register,Phase 2B|Phase 2C-1|Phase 2C-2|Phase 2C-3|Phase 2D-1|Phase 2D-2,Traceable
DPKG-PKG-EP-HOSP-001-DEPT-DIAG-kpi_002-20260921-LN,DPKG-PKG-EP-HOSP-001-DEPT-DIAG-kpi_002-20260921,PKG-EP-HOSP-001-DEPT-DIAG-kpi_002-20260921,1,1.0,Derived from Step 2D-2 lineage register,Phase 2B|Phase 2C-1|Phase 2C-2|Phase 2C-3|Phase 2D-1|Phase 2D-2,Traceable
DPKG-PKG-EP-HOSP-001-DEPT-DIAG-kpi_002-20260930-LN,DPKG-PKG-EP-HOSP-001-DEPT-DIAG-kpi_002-20260930,PKG-EP-HOSP-001-DEPT-DIAG-kpi_002-20260930,1,1.0,Derived from Step 2D-2 lineage register,Phase 2B|Phase 2C-1|Phase 2C-2|Phase 2C-3|Phase 2D-1|Phase 2D-2,Traceable
DPKG-PKG-EP-HOSP-001-DEPT-DIAG-kpi_002-20261015-LN,DPKG-PKG-EP-HOSP-001-DEPT-DIAG-kpi_002-20261015,PKG-EP-HOSP-001-DEPT-DIAG-kpi_002-20261015,1,1.0,Derived from Step 2D-2 lineage register,Phase 2B|Phase 2C-1|Phase 2C-2|Phase 2C-3|Phase 2D-1|Phase 2D-2,Traceable
DPKG-PKG-EP-HOSP-001-DEPT-DIAG-kpi_002-20261019-LN,DPKG-PKG-EP-HOSP-001-DEPT-DIAG-kpi_002-20261019,PKG-EP-HOSP-001-DEPT-DIAG-kpi_002-20261019,1,1.0,Derived from Step 2D-2 lineage register,Phase 2B|Phase 2C-1|Phase 2C-2|Phase 2C-3|Phase 2D-1|Phase 2D-2,Traceable
DPKG-PKG-EP-HOSP-001-DEPT-DIAG-kpi_002-20261027-LN,DPKG-PKG-EP-HOSP-001-DEPT-DIAG-kpi_002-20261027,PKG-EP-HOSP-001-DEPT-DIAG-kpi_002-20261027,1,1.0,Derived from Step 2D-2 lineage register,Phase 2B|Phase 2C-1|Phase 2C-2|Phase 2C-3|Phase 2D-1|Phase 2D-2,Traceable
DPKG-PKG-EP-HOSP-001-DEPT-DIAG-kpi_002-20261111-LN,DPKG-PKG-EP-HOSP-001-DEPT-DIAG-kpi_002-20261111,PKG-EP-HOSP-001-DEPT-DIAG-kpi_002-20261111,1,1.0,Derived from Step 2D-2 lineage register,Phase 2B|Phase 2C-1|Phase 2C-2|Phase 2C-3|Phase 2D-1|Phase 2D-2,Traceable
DPKG-PKG-EP-HOSP-001-DEPT-DIAG-kpi_002-20261115-LN,DPKG-PKG-EP-HOSP-001-DEPT-DIAG-kpi_002-20261115,PKG-EP-HOSP-001-DEPT-DIAG-kpi_002-20261115,1,1.0,Derived from Step 2D-2 lineage register,Phase 2B|Phase 2C-1|Phase 2C-2|Phase 2C-3|Phase 2D-1|Phase 2D-2,Traceable
DPKG-PKG-EP-HOSP-001-DEPT-DIAG-kpi_002-20261126-LN,DPKG-PKG-EP-HOSP-001-DEPT-DIAG-kpi_002-20261126,PKG-EP-HOSP-001-DEPT-DIAG-kpi_002-20261126,1,1.0,Derived from Step 2D-2 lineage register,Phase 2B|Phase 2C-1|Phase 2C-2|Phase 2C-3|Phase 2D-1|Phase 2D-2,Traceable
DPKG-PKG-EP-HOSP-001-DEPT-DIAG-kpi_002-20261202-LN,DPKG-PKG-EP-HOSP-001-DEPT-DIAG-kpi_002-20261202,PKG-EP-HOSP-001-DEPT-DIAG-kpi_002-20261202,1,1.0,Derived from Step 2D-2 lineage register,Phase 2B|Phase 2C-1|Phase 2C-2|Phase 2C-3|Phase 2D-1|Phase 2D-2,Traceable
DPKG-PKG-EP-HOSP-001-DEPT-DIAG-kpi_002-20261207-LN,DPKG-PKG-EP-HOSP-001-DEPT-DIAG-kpi_002-20261207,PKG-EP-HOSP-001-DEPT-DIAG-kpi_002-20261207,1,1.0,Derived from Step 2D-2 lineage register,Phase 2B|Phase 2C-1|Phase 2C-2|Phase 2C-3|Phase 2D-1|Phase 2D-2,Traceable
DPKG-PKG-EP-HOSP-001-DEPT-DIAG-kpi_002-20261227-LN,DPKG-PKG-EP-HOSP-001-DEPT-DIAG-kpi_002-20261227,PKG-EP-HOSP-001-DEPT-DIAG-kpi_002-20261227,1,1.0,Derived from Step 2D-2 lineage register,Phase 2B|Phase 2C-1|Phase 2C-2|Phase 2C-3|Phase 2D-1|Phase 2D-2,Traceable
DPKG-PKG-EP-HOSP-001-DEPT-DIAG-kpi_004-20260402-LN,DPKG-PKG-EP-HOSP-001-DEPT-DIAG-kpi_004-20260402,PKG-EP-HOSP-001-DEPT-DIAG-kpi_004-20260402,1,1.0,Derived from Step 2D-2 lineage register,Phase 2B|Phase 2C-1|Phase 2C-2|Phase 2C-3|Phase 2D-1|Phase 2D-2,Traceable
DPKG-PKG-EP-HOSP-001-DEPT-DIAG-kpi_004-20260412-LN,DPKG-PKG-EP-HOSP-001-DEPT-DIAG-kpi_004-20260412,PKG-EP-HOSP-001-DEPT-DIAG-kpi_004-20260412,1,1.0,Derived from Step 2D-2 lineage register,Phase 2B|Phase 2C-1|Phase 2C-2|Phase 2C-3|Phase 2D-1|Phase 2D-2,Traceable
DPKG-PKG-EP-HOSP-001-DEPT-DIAG-kpi_004-20260421-LN,DPKG-PKG-EP-HOSP-001-DEPT-DIAG-kpi_004-20260421,PKG-EP-HOSP-001-DEPT-DIAG-kpi_004-20260421,1,1.0,Derived from Step 2D-2 lineage register,Phase 2B|Phase 2C-1|Phase 2C-2|Phase 2C-3|Phase 2D-1|Phase 2D-2,Traceable
DPKG-PKG-EP-HOSP-001-DEPT-DIAG-kpi_004-20260428-LN,DPKG-PKG-EP-HOSP-001-DEPT-DIAG-kpi_004-20260428,PKG-EP-HOSP-001-DEPT-DIAG-kpi_004-20260428,1,1.0,Derived from Step 2D-2 lineage register,Phase 2B|Phase 2C-1|Phase 2C-2|Phase 2C-3|Phase 2D-1|Phase 2D-2,Traceable
DPKG-PKG-EP-HOSP-001-DEPT-DIAG-kpi_004-20260531-LN,DPKG-PKG-EP-HOSP-001-DEPT-DIAG-kpi_004-20260531,PKG-EP-HOSP-001-DEPT-DIAG-kpi_004-20260531,1,1.0,Derived from Step 2D-2 lineage register,Phase 2B|Phase 2C-1|Phase 2C-2|Phase 2C-3|Phase 2D-1|Phase 2D-2,Traceable
DPKG-PKG-EP-HOSP-001-DEPT-DIAG-kpi_004-20260614-LN,DPKG-PKG-EP-HOSP-001-DEPT-DIAG-kpi_004-20260614,PKG-EP-HOSP-001-DEPT-DIAG-kpi_004-20260614,1,1.0,Derived from Step 2D-2 lineage register,Phase 2B|Phase 2C-1|Phase 2C-2|Phase 2C-3|Phase 2D-1|Phase 2D-2,Traceable
DPKG-PKG-EP-HOSP-001-DEPT-DIAG-kpi_004-20260707-LN,DPKG-PKG-EP-HOSP-001-DEPT-DIAG-kpi_004-20260707,PKG-EP-HOSP-001-DEPT-DIAG-kpi_004-20260707,1,1.0,Derived from Step 2D-2 lineage register,Phase 2B|Phase 2C-1|Phase 2C-2|Phase 2C-3|Phase 2D-1|Phase 2D-2,Traceable
DPKG-PKG-EP-HOSP-001-DEPT-DIAG-kpi_005-20260107-LN,DPKG-PKG-EP-HOSP-001-DEPT-DIAG-kpi_005-20260107,PKG-EP-HOSP-001-DEPT-DIAG-kpi_005-20260107,1,1.0,Derived from Step 2D-2 lineage register,Phase 2B|Phase 2C-1|Phase 2C-2|Phase 2C-3|Phase 2D-1|Phase 2D-2,Traceable
DPKG-PKG-EP-HOSP-001-DEPT-DIAG-kpi_005-20260116-LN,DPKG-PKG-EP-HOSP-001-DEPT-DIAG-kpi_005-20260116,PKG-EP-HOSP-001-DEPT-DIAG-kpi_005-20260116,1,1.0,Derived from Step 2D-2 lineage register,Phase 2B|Phase 2C-1|Phase 2C-2|Phase 2C-3|Phase 2D-1|Phase 2D-2,Traceable
DPKG-PKG-EP-HOSP-001-DEPT-DIAG-kpi_005-20260123-LN,DPKG-PKG-EP-HOSP-001-DEPT-DIAG-kpi_005-20260123,PKG-EP-HOSP-001-DEPT-DIAG-kpi_005-20260123,1,1.0,Derived from Step 2D-2 lineage register,Phase 2B|Phase 2C-1|Phase 2C-2|Phase 2C-3|Phase 2D-1|Phase 2D-2,Traceable
DPKG-PKG-EP-HOSP-001-DEPT-DIAG-kpi_005-20260130-LN,DPKG-PKG-EP-HOSP-001-DEPT-DIAG-kpi_005-20260130,PKG-EP-HOSP-001-DEPT-DIAG-kpi_005-20260130,1,1.0,Derived from Step 2D-2 lineage register,Phase 2B|Phase 2C-1|Phase 2C-2|Phase 2C-3|Phase 2D-1|Phase 2D-2,Traceable
DPKG-PKG-EP-HOSP-001-DEPT-DIAG-kpi_005-20260207-LN,DPKG-PKG-EP-HOSP-001-DEPT-DIAG-kpi_005-20260207,PKG-EP-HOSP-001-DEPT-DIAG-kpi_005-20260207,1,1.0,Derived from Step 2D-2 lineage register,Phase 2B|Phase 2C-1|Phase 2C-2|Phase 2C-3|Phase 2D-1|Phase 2D-2,Traceable
DPKG-PKG-EP-HOSP-001-DEPT-DIAG-kpi_005-20260213-LN,DPKG-PKG-EP-HOSP-001-DEPT-DIAG-kpi_005-20260213,PKG-EP-HOSP-001-DEPT-DIAG-kpi_005-20260213,1,1.0,Derived from Step 2D-2 lineage register,Phase 2B|Phase 2C-1|Phase 2C-2|Phase 2C-3|Phase 2D-1|Phase 2D-2,Traceable
DPKG-PKG-EP-HOSP-001-DEPT-DIAG-kpi_005-20260220-LN,DPKG-PKG-EP-HOSP-001-DEPT-DIAG-kpi_005-20260220,PKG-EP-HOSP-001-DEPT-DIAG-kpi_005-20260220,1,1.0,Derived from Step 2D-2 lineage register,Phase 2B|Phase 2C-1|Phase 2C-2|Phase 2C-3|Phase 2D-1|Phase 2D-2,Traceable
DPKG-PKG-EP-HOSP-001-DEPT-DIAG-kpi_005-20260302-LN,DPKG-PKG-EP-HOSP-001-DEPT-DIAG-kpi_005-20260302,PKG-EP-HOSP-001-DEPT-DIAG-kpi_005-20260302,1,1.0,Derived from Step 2D-2 lineage register,Phase 2B|Phase 2C-1|Phase 2C-2|Phase 2C-3|Phase 2D-1|Phase 2D-2,Traceable
DPKG-PKG-EP-HOSP-001-DEPT-DIAG-kpi_005-20260317-LN,DPKG-PKG-EP-HOSP-001-DEPT-DIAG-kpi_005-20260317,PKG-EP-HOSP-001-DEPT-DIAG-kpi_005-20260317,1,1.0,Derived from Step 2D-2 lineage register,Phase 2B|Phase 2C-1|Phase 2C-2|Phase 2C-3|Phase 2D-1|Phase 2D-2,Traceable
DPKG-PKG-EP-HOSP-001-DEPT-DIAG-kpi_005-20260324-LN,DPKG-PKG-EP-HOSP-001-DEPT-DIAG-kpi_005-20260324,PKG-EP-HOSP-001-DEPT-DIAG-kpi_005-20260324,1,1.0,Derived from Step 2D-2 lineage register,Phase 2B|Phase 2C-1|Phase 2C-2|Phase 2C-3|Phase 2D-1|Phase 2D-2,Traceable
DPKG-PKG-EP-HOSP-001-DEPT-DIAG-kpi_005-20260410-LN,DPKG-PKG-EP-HOSP-001-DEPT-DIAG-kpi_005-20260410,PKG-EP-HOSP-001-DEPT-DIAG-kpi_005-20260410,1,1.0,Derived from Step 2D-2 lineage register,Phase 2B|Phase 2C-1|Phase 2C-2|Phase 2C-3|Phase 2D-1|Phase 2D-2,Traceable
DPKG-PKG-EP-HOSP-001-DEPT-DIAG-kpi_005-20260420-LN,DPKG-PKG-EP-HOSP-001-DEPT-DIAG-kpi_005-20260420,PKG-EP-HOSP-001-DEPT-DIAG-kpi_005-20260420,1,1.0,Derived from Step 2D-2 lineage register,Phase 2B|Phase 2C-1|Phase 2C-2|Phase 2C-3|Phase 2D-1|Phase 2D-2,Traceable
DPKG-PKG-EP-HOSP-001-DEPT-DIAG-kpi_005-20260506-LN,DPKG-PKG-EP-HOSP-001-DEPT-DIAG-kpi_005-20260506,PKG-EP-HOSP-001-DEPT-DIAG-kpi_005-20260506,1,1.0,Derived from Step 2D-2 lineage register,Phase 2B|Phase 2C-1|Phase 2C-2|Phase 2C-3|Phase 2D-1|Phase 2D-2,Traceable
DPKG-PKG-EP-HOSP-001-DEPT-DIAG-kpi_005-20260528-LN,DPKG-PKG-EP-HOSP-001-DEPT-DIAG-kpi_005-20260528,PKG-EP-HOSP-001-DEPT-DIAG-kpi_005-20260528,1,1.0,Derived from Step 2D-2 lineage register,Phase 2B|Phase 2C-1|Phase 2C-2|Phase 2C-3|Phase 2D-1|Phase 2D-2,Traceable
DPKG-PKG-EP-HOSP-001-DEPT-DIAG-kpi_005-20260629-LN,DPKG-PKG-EP-HOSP-001-DEPT-DIAG-kpi_005-20260629,PKG-EP-HOSP-001-DEPT-DIAG-kpi_005-20260629,1,1.0,Derived from Step 2D-2 lineage register,Phase 2B|Phase 2C-1|Phase 2C-2|Phase 2C-3|Phase 2D-1|Phase 2D-2,Traceable
DPKG-PKG-EP-HOSP-001-DEPT-DIAG-kpi_005-20260817-LN,DPKG-PKG-EP-HOSP-001-DEPT-DIAG-kpi_005-20260817,PKG-EP-HOSP-001-DEPT-DIAG-kpi_005-20260817,1,1.0,Derived from Step 2D-2 lineage register,Phase 2B|Phase 2C-1|Phase 2C-2|Phase 2C-3|Phase 2D-1|Phase 2D-2,Traceable
DPKG-PKG-EP-HOSP-001-DEPT-DIAG-kpi_005-20260830-LN,DPKG-PKG-EP-HOSP-001-DEPT-DIAG-kpi_005-20260830,PKG-EP-HOSP-001-DEPT-DIAG-kpi_005-20260830,1,1.0,Derived from Step 2D-2 lineage register,Phase 2B|Phase 2C-1|Phase 2C-2|Phase 2C-3|Phase 2D-1|Phase 2D-2,Traceable
DPKG-PKG-EP-HOSP-001-DEPT-DIAG-kpi_005-20260904-LN,DPKG-PKG-EP-HOSP-001-DEPT-DIAG-kpi_005-20260904,PKG-EP-HOSP-001-DEPT-DIAG-kpi_005-20260904,1,1.0,Derived from Step 2D-2 lineage register,Phase 2B|Phase 2C-1|Phase 2C-2|Phase 2C-3|Phase 2D-1|Phase 2D-2,Traceable
DPKG-PKG-EP-HOSP-001-DEPT-DIAG-kpi_005-20260911-LN,DPKG-PKG-EP-HOSP-001-DEPT-DIAG-kpi_005-20260911,PKG-EP-HOSP-001-DEPT-DIAG-kpi_005-20260911,1,1.0,Derived from Step 2D-2 lineage register,Phase 2B|Phase 2C-1|Phase 2C-2|Phase 2C-3|Phase 2D-1|Phase 2D-2,Traceable
DPKG-PKG-EP-HOSP-001-DEPT-DIAG-kpi_005-20260923-LN,DPKG-PKG-EP-HOSP-001-DEPT-DIAG-kpi_005-20260923,PKG-EP-HOSP-001-DEPT-DIAG-kpi_005-20260923,1,1.0,Derived from Step 2D-2 lineage register,Phase 2B|Phase 2C-1|Phase 2C-2|Phase 2C-3|Phase 2D-1|Phase 2D-2,Traceable
DPKG-PKG-EP-HOSP-001-DEPT-DIAG-kpi_005-20261003-LN,DPKG-PKG-EP-HOSP-001-DEPT-DIAG-kpi_005-20261003,PKG-EP-HOSP-001-DEPT-DIAG-kpi_005-20261003,1,1.0,Derived from Step 2D-2 lineage register,Phase 2B|Phase 2C-1|Phase 2C-2|Phase 2C-3|Phase 2D-1|Phase 2D-2,Traceable
DPKG-PKG-EP-HOSP-001-DEPT-DIAG-kpi_005-20261009-LN,DPKG-PKG-EP-HOSP-001-DEPT-DIAG-kpi_005-20261009,PKG-EP-HOSP-001-DEPT-DIAG-kpi_005-20261009,1,1.0,Derived from Step 2D-2 lineage register,Phase 2B|Phase 2C-1|Phase 2C-2|Phase 2C-3|Phase 2D-1|Phase 2D-2,Traceable
DPKG-PKG-EP-HOSP-001-DEPT-DIAG-kpi_005-20261014-LN,DPKG-PKG-EP-HOSP-001-DEPT-DIAG-kpi_005-20261014,PKG-EP-HOSP-001-DEPT-DIAG-kpi_005-20261014,1,1.0,Derived from Step 2D-2 lineage register,Phase 2B|Phase 2C-1|Phase 2C-2|Phase 2C-3|Phase 2D-1|Phase 2D-2,Traceable
DPKG-PKG-EP-HOSP-001-DEPT-DIAG-kpi_005-20261026-LN,DPKG-PKG-EP-HOSP-001-DEPT-DIAG-kpi_005-20261026,PKG-EP-HOSP-001-DEPT-DIAG-kpi_005-20261026,1,1.0,Derived from Step 2D-2 lineage register,Phase 2B|Phase 2C-1|Phase 2C-2|Phase 2C-3|Phase 2D-1|Phase 2D-2,Traceable
DPKG-PKG-EP-HOSP-001-DEPT-DIAG-kpi_005-20261102-LN,DPKG-PKG-EP-HOSP-001-DEPT-DIAG-kpi_005-20261102,PKG-EP-HOSP-001-DEPT-DIAG-kpi_005-20261102,1,1.0,Derived from Step 2D-2 lineage register,Phase 2B|Phase 2C-1|Phase 2C-2|Phase 2C-3|Phase 2D-1|Phase 2D-2,Traceable
DPKG-PKG-EP-HOSP-001-DEPT-DIAG-kpi_005-20261119-LN,DPKG-PKG-EP-HOSP-001-DEPT-DIAG-kpi_005-20261119,PKG-EP-HOSP-001-DEPT-DIAG-kpi_005-20261119,1,1.0,Derived from Step 2D-2 lineage register,Phase 2B|Phase 2C-1|Phase 2C-2|Phase 2C-3|Phase 2D-1|Phase 2D-2,Traceable
DPKG-PKG-EP-HOSP-001-DEPT-DIAG-kpi_005-20261125-LN,DPKG-PKG-EP-HOSP-001-DEPT-DIAG-kpi_005-20261125,PKG-EP-HOSP-001-DEPT-DIAG-kpi_005-20261125,1,1.0,Derived from Step 2D-2 lineage register,Phase 2B|Phase 2C-1|Phase 2C-2|Phase 2C-3|Phase 2D-1|Phase 2D-2,Traceable
DPKG-PKG-EP-HOSP-001-DEPT-DIAG-kpi_005-20261205-LN,DPKG-PKG-EP-HOSP-001-DEPT-DIAG-kpi_005-20261205,PKG-EP-HOSP-001-DEPT-DIAG-kpi_005-20261205,1,1.0,Derived from Step 2D-2 lineage register,Phase 2B|Phase 2C-1|Phase 2C-2|Phase 2C-3|Phase 2D-1|Phase 2D-2,Traceable
DPKG-PKG-EP-HOSP-001-DEPT-DIAG-kpi_005-20261209-LN,DPKG-PKG-EP-HOSP-001-DEPT-DIAG-kpi_005-20261209,PKG-EP-HOSP-001-DEPT-DIAG-kpi_005-20261209,1,1.0,Derived from Step 2D-2 lineage register,Phase 2B|Phase 2C-1|Phase 2C-2|Phase 2C-3|Phase 2D-1|Phase 2D-2,Traceable
DPKG-PKG-EP-HOSP-001-DEPT-DIAG-kpi_005-20261219-LN,DPKG-PKG-EP-HOSP-001-DEPT-DIAG-kpi_005-20261219,PKG-EP-HOSP-001-DEPT-DIAG-kpi_005-20261219,1,1.0,Derived from Step 2D-2 lineage register,Phase 2B|Phase 2C-1|Phase 2C-2|Phase 2C-3|Phase 2D-1|Phase 2D-2,Traceable
DPKG-PKG-EP-HOSP-001-DEPT-DIAG-kpi_006-20260126-LN,DPKG-PKG-EP-HOSP-001-DEPT-DIAG-kpi_006-20260126,PKG-EP-HOSP-001-DEPT-DIAG-kpi_006-20260126,1,1.0,Derived from Step 2D-2 lineage register,Phase 2B|Phase 2C-1|Phase 2C-2|Phase 2C-3|Phase 2D-1|Phase 2D-2,Traceable
DPKG-PKG-EP-HOSP-001-DEPT-DIAG-kpi_006-20260218-LN,DPKG-PKG-EP-HOSP-001-DEPT-DIAG-kpi_006-20260218,PKG-EP-HOSP-001-DEPT-DIAG-kpi_006-20260218,1,1.0,Derived from Step 2D-2 lineage register,Phase 2B|Phase 2C-1|Phase 2C-2|Phase 2C-3|Phase 2D-1|Phase 2D-2,Traceable
DPKG-PKG-EP-HOSP-001-DEPT-DIAG-kpi_006-20260224-LN,DPKG-PKG-EP-HOSP-001-DEPT-DIAG-kpi_006-20260224,PKG-EP-HOSP-001-DEPT-DIAG-kpi_006-20260224,1,1.0,Derived from Step 2D-2 lineage register,Phase 2B|Phase 2C-1|Phase 2C-2|Phase 2C-3|Phase 2D-1|Phase 2D-2,Traceable
DPKG-PKG-EP-HOSP-001-DEPT-DIAG-kpi_006-20260319-LN,DPKG-PKG-EP-HOSP-001-DEPT-DIAG-kpi_006-20260319,PKG-EP-HOSP-001-DEPT-DIAG-kpi_006-20260319,1,1.0,Derived from Step 2D-2 lineage register,Phase 2B|Phase 2C-1|Phase 2C-2|Phase 2C-3|Phase 2D-1|Phase 2D-2,Traceable
DPKG-PKG-EP-HOSP-001-DEPT-DIAG-kpi_006-20260331-LN,DPKG-PKG-EP-HOSP-001-DEPT-DIAG-kpi_006-20260331,PKG-EP-HOSP-001-DEPT-DIAG-kpi_006-20260331,1,1.0,Derived from Step 2D-2 lineage register,Phase 2B|Phase 2C-1|Phase 2C-2|Phase 2C-3|Phase 2D-1|Phase 2D-2,Traceable
DPKG-PKG-EP-HOSP-001-DEPT-DIAG-kpi_006-20260416-LN,DPKG-PKG-EP-HOSP-001-DEPT-DIAG-kpi_006-20260416,PKG-EP-HOSP-001-DEPT-DIAG-kpi_006-20260416,1,1.0,Derived from Step 2D-2 lineage register,Phase 2B|Phase 2C-1|Phase 2C-2|Phase 2C-3|Phase 2D-1|Phase 2D-2,Traceable
DPKG-PKG-EP-HOSP-001-DEPT-DIAG-kpi_006-20260425-LN,DPKG-PKG-EP-HOSP-001-DEPT-DIAG-kpi_006-20260425,PKG-EP-HOSP-001-DEPT-DIAG-kpi_006-20260425,1,1.0,Derived from Step 2D-2 lineage register,Phase 2B|Phase 2C-1|Phase 2C-2|Phase 2C-3|Phase 2D-1|Phase 2D-2,Traceable
DPKG-PKG-EP-HOSP-001-DEPT-DIAG-kpi_006-20260504-LN,DPKG-PKG-EP-HOSP-001-DEPT-DIAG-kpi_006-20260504,PKG-EP-HOSP-001-DEPT-DIAG-kpi_006-20260504,1,1.0,Derived from Step 2D-2 lineage register,Phase 2B|Phase 2C-1|Phase 2C-2|Phase 2C-3|Phase 2D-1|Phase 2D-2,Traceable
DPKG-PKG-EP-HOSP-001-DEPT-DIAG-kpi_006-20260523-LN,DPKG-PKG-EP-HOSP-001-DEPT-DIAG-kpi_006-20260523,PKG-EP-HOSP-001-DEPT-DIAG-kpi_006-20260523,1,1.0,Derived from Step 2D-2 lineage register,Phase 2B|Phase 2C-1|Phase 2C-2|Phase 2C-3|Phase 2D-1|Phase 2D-2,Traceable
DPKG-PKG-EP-HOSP-001-DEPT-DIAG-kpi_006-20260611-LN,DPKG-PKG-EP-HOSP-001-DEPT-DIAG-kpi_006-20260611,PKG-EP-HOSP-001-DEPT-DIAG-kpi_006-20260611,1,1.0,Derived from Step 2D-2 lineage register,Phase 2B|Phase 2C-1|Phase 2C-2|Phase 2C-3|Phase 2D-1|Phase 2D-2,Traceable
DPKG-PKG-EP-HOSP-001-DEPT-DIAG-kpi_006-20260702-LN,DPKG-PKG-EP-HOSP-001-DEPT-DIAG-kpi_006-20260702,PKG-EP-HOSP-001-DEPT-DIAG-kpi_006-20260702,1,1.0,Derived from Step 2D-2 lineage register,Phase 2B|Phase 2C-1|Phase 2C-2|Phase 2C-3|Phase 2D-1|Phase 2D-2,Traceable
DPKG-PKG-EP-HOSP-001-DEPT-DIAG-kpi_006-20260728-LN,DPKG-PKG-EP-HOSP-001-DEPT-DIAG-kpi_006-20260728,PKG-EP-HOSP-001-DEPT-DIAG-kpi_006-20260728,1,1.0,Derived from Step 2D-2 lineage register,Phase 2B|Phase 2C-1|Phase 2C-2|Phase 2C-3|Phase 2D-1|Phase 2D-2,Traceable
DPKG-PKG-EP-HOSP-001-DEPT-DIAG-kpi_006-20260813-LN,DPKG-PKG-EP-HOSP-001-DEPT-DIAG-kpi_006-20260813,PKG-EP-HOSP-001-DEPT-DIAG-kpi_006-20260813,1,1.0,Derived from Step 2D-2 lineage register,Phase 2B|Phase 2C-1|Phase 2C-2|Phase 2C-3|Phase 2D-1|Phase 2D-2,Traceable
DPKG-PKG-EP-HOSP-001-DEPT-DIAG-kpi_006-20260828-LN,DPKG-PKG-EP-HOSP-001-DEPT-DIAG-kpi_006-20260828,PKG-EP-HOSP-001-DEPT-DIAG-kpi_006-20260828,1,1.0,Derived from Step 2D-2 lineage register,Phase 2B|Phase 2C-1|Phase 2C-2|Phase 2C-3|Phase 2D-1|Phase 2D-2,Traceable
DPKG-PKG-EP-HOSP-001-DEPT-DIAG-kpi_006-20260902-LN,DPKG-PKG-EP-HOSP-001-DEPT-DIAG-kpi_006-20260902,PKG-EP-HOSP-001-DEPT-DIAG-kpi_006-20260902,1,1.0,Derived from Step 2D-2 lineage register,Phase 2B|Phase 2C-1|Phase 2C-2|Phase 2C-3|Phase 2D-1|Phase 2D-2,Traceable
DPKG-PKG-EP-HOSP-001-DEPT-DIAG-kpi_006-20260920-LN,DPKG-PKG-EP-HOSP-001-DEPT-DIAG-kpi_006-20260920,PKG-EP-HOSP-001-DEPT-DIAG-kpi_006-20260920,1,1.0,Derived from Step 2D-2 lineage register,Phase 2B|Phase 2C-1|Phase 2C-2|Phase 2C-3|Phase 2D-1|Phase 2D-2,Traceable
DPKG-PKG-EP-HOSP-001-DEPT-DIAG-kpi_006-20260925-LN,DPKG-PKG-EP-HOSP-001-DEPT-DIAG-kpi_006-20260925,PKG-EP-HOSP-001-DEPT-DIAG-kpi_006-20260925,1,1.0,Derived from Step 2D-2 lineage register,Phase 2B|Phase 2C-1|Phase 2C-2|Phase 2C-3|Phase 2D-1|Phase 2D-2,Traceable
DPKG-PKG-EP-HOSP-001-DEPT-DIAG-kpi_006-20261007-LN,DPKG-PKG-EP-HOSP-001-DEPT-DIAG-kpi_006-20261007,PKG-EP-HOSP-001-DEPT-DIAG-kpi_006-20261007,1,1.0,Derived from Step 2D-2 lineage register,Phase 2B|Phase 2C-1|Phase 2C-2|Phase 2C-3|Phase 2D-1|Phase 2D-2,Traceable
DPKG-PKG-EP-HOSP-001-DEPT-DIAG-kpi_006-20261025-LN,DPKG-PKG-EP-HOSP-001-DEPT-DIAG-kpi_006-20261025,PKG-EP-HOSP-001-DEPT-DIAG-kpi_006-20261025,1,1.0,Derived from Step 2D-2 lineage register,Phase 2B|Phase 2C-1|Phase 2C-2|Phase 2C-3|Phase 2D-1|Phase 2D-2,Traceable
DPKG-PKG-EP-HOSP-001-DEPT-DIAG-kpi_006-20261114-LN,DPKG-PKG-EP-HOSP-001-DEPT-DIAG-kpi_006-20261114,PKG-EP-HOSP-001-DEPT-DIAG-kpi_006-20261114,1,1.0,Derived from Step 2D-2 lineage register,Phase 2B|Phase 2C-1|Phase 2C-2|Phase 2C-3|Phase 2D-1|Phase 2D-2,Traceable
DPKG-PKG-EP-HOSP-001-DEPT-DIAG-kpi_006-20261206-LN,DPKG-PKG-EP-HOSP-001-DEPT-DIAG-kpi_006-20261206,PKG-EP-HOSP-001-DEPT-DIAG-kpi_006-20261206,1,1.0,Derived from Step 2D-2 lineage register,Phase 2B|Phase 2C-1|Phase 2C-2|Phase 2C-3|Phase 2D-1|Phase 2D-2,Traceable
DPKG-PKG-EP-HOSP-001-DEPT-ED-kpi_001-20260107-LN,DPKG-PKG-EP-HOSP-001-DEPT-ED-kpi_001-20260107,PKG-EP-HOSP-001-DEPT-ED-kpi_001-20260107,1,1.0,Derived from Step 2D-2 lineage register,Phase 2B|Phase 2C-1|Phase 2C-2|Phase 2C-3|Phase 2D-1|Phase 2D-2,Traceable
DPKG-PKG-EP-HOSP-001-DEPT-ED-kpi_001-20260201-LN,DPKG-PKG-EP-HOSP-001-DEPT-ED-kpi_001-20260201,PKG-EP-HOSP-001-DEPT-ED-kpi_001-20260201,1,1.0,Derived from Step 2D-2 lineage register,Phase 2B|Phase 2C-1|Phase 2C-2|Phase 2C-3|Phase 2D-1|Phase 2D-2,Traceable
DPKG-PKG-EP-HOSP-001-DEPT-ED-kpi_001-20260211-LN,DPKG-PKG-EP-HOSP-001-DEPT-ED-kpi_001-20260211,PKG-EP-HOSP-001-DEPT-ED-kpi_001-20260211,1,1.0,Derived from Step 2D-2 lineage register,Phase 2B|Phase 2C-1|Phase 2C-2|Phase 2C-3|Phase 2D-1|Phase 2D-2,Traceable
DPKG-PKG-EP-HOSP-001-DEPT-ED-kpi_001-20260303-LN,DPKG-PKG-EP-HOSP-001-DEPT-ED-kpi_001-20260303,PKG-EP-HOSP-001-DEPT-ED-kpi_001-20260303,1,1.0,Derived from Step 2D-2 lineage register,Phase 2B|Phase 2C-1|Phase 2C-2|Phase 2C-3|Phase 2D-1|Phase 2D-2,Traceable
DPKG-PKG-EP-HOSP-001-DEPT-ED-kpi_001-20260319-LN,DPKG-PKG-EP-HOSP-001-DEPT-ED-kpi_001-20260319,PKG-EP-HOSP-001-DEPT-ED-kpi_001-20260319,1,1.0,Derived from Step 2D-2 lineage register,Phase 2B|Phase 2C-1|Phase 2C-2|Phase 2C-3|Phase 2D-1|Phase 2D-2,Traceable
DPKG-PKG-EP-HOSP-001-DEPT-ED-kpi_001-20260402-LN,DPKG-PKG-EP-HOSP-001-DEPT-ED-kpi_001-20260402,PKG-EP-HOSP-001-DEPT-ED-kpi_001-20260402,1,1.0,Derived from Step 2D-2 lineage register,Phase 2B|Phase 2C-1|Phase 2C-2|Phase 2C-3|Phase 2D-1|Phase 2D-2,Traceable
DPKG-PKG-EP-HOSP-001-DEPT-ED-kpi_001-20260502-LN,DPKG-PKG-EP-HOSP-001-DEPT-ED-kpi_001-20260502,PKG-EP-HOSP-001-DEPT-ED-kpi_001-20260502,1,1.0,Derived from Step 2D-2 lineage register,Phase 2B|Phase 2C-1|Phase 2C-2|Phase 2C-3|Phase 2D-1|Phase 2D-2,Traceable
DPKG-PKG-EP-HOSP-001-DEPT-ED-kpi_001-20260509-LN,DPKG-PKG-EP-HOSP-001-DEPT-ED-kpi_001-20260509,PKG-EP-HOSP-001-DEPT-ED-kpi_001-20260509,1,1.0,Derived from Step 2D-2 lineage register,Phase 2B|Phase 2C-1|Phase 2C-2|Phase 2C-3|Phase 2D-1|Phase 2D-2,Traceable
DPKG-PKG-EP-HOSP-001-DEPT-ED-kpi_001-20260522-LN,DPKG-PKG-EP-HOSP-001-DEPT-ED-kpi_001-20260522,PKG-EP-HOSP-001-DEPT-ED-kpi_001-20260522,1,1.0,Derived from Step 2D-2 lineage register,Phase 2B|Phase 2C-1|Phase 2C-2|Phase 2C-3|Phase 2D-1|Phase 2D-2,Traceable
DPKG-PKG-EP-HOSP-001-DEPT-ED-kpi_001-20260531-LN,DPKG-PKG-EP-HOSP-001-DEPT-ED-kpi_001-20260531,PKG-EP-HOSP-001-DEPT-ED-kpi_001-20260531,1,1.0,Derived from Step 2D-2 lineage register,Phase 2B|Phase 2C-1|Phase 2C-2|Phase 2C-3|Phase 2D-1|Phase 2D-2,Traceable
DPKG-PKG-EP-HOSP-001-DEPT-ED-kpi_001-20260604-LN,DPKG-PKG-EP-HOSP-001-DEPT-ED-kpi_001-20260604,PKG-EP-HOSP-001-DEPT-ED-kpi_001-20260604,1,1.0,Derived from Step 2D-2 lineage register,Phase 2B|Phase 2C-1|Phase 2C-2|Phase 2C-3|Phase 2D-1|Phase 2D-2,Traceable
DPKG-PKG-EP-HOSP-001-DEPT-ED-kpi_001-20260624-LN,DPKG-PKG-EP-HOSP-001-DEPT-ED-kpi_001-20260624,PKG-EP-HOSP-001-DEPT-ED-kpi_001-20260624,1,1.0,Derived from Step 2D-2 lineage register,Phase 2B|Phase 2C-1|Phase 2C-2|Phase 2C-3|Phase 2D-1|Phase 2D-2,Traceable
DPKG-PKG-EP-HOSP-001-DEPT-ED-kpi_001-20260705-LN,DPKG-PKG-EP-HOSP-001-DEPT-ED-kpi_001-20260705,PKG-EP-HOSP-001-DEPT-ED-kpi_001-20260705,1,1.0,Derived from Step 2D-2 lineage register,Phase 2B|Phase 2C-1|Phase 2C-2|Phase 2C-3|Phase 2D-1|Phase 2D-2,Traceable
DPKG-PKG-EP-HOSP-001-DEPT-ED-kpi_001-20260713-LN,DPKG-PKG-EP-HOSP-001-DEPT-ED-kpi_001-20260713,PKG-EP-HOSP-001-DEPT-ED-kpi_001-20260713,1,1.0,Derived from Step 2D-2 lineage register,Phase 2B|Phase 2C-1|Phase 2C-2|Phase 2C-3|Phase 2D-1|Phase 2D-2,Traceable
DPKG-PKG-EP-HOSP-001-DEPT-ED-kpi_001-20260727-LN,DPKG-PKG-EP-HOSP-001-DEPT-ED-kpi_001-20260727,PKG-EP-HOSP-001-DEPT-ED-kpi_001-20260727,1,1.0,Derived from Step 2D-2 lineage register,Phase 2B|Phase 2C-1|Phase 2C-2|Phase 2C-3|Phase 2D-1|Phase 2D-2,Traceable
DPKG-PKG-EP-HOSP-001-DEPT-ED-kpi_001-20260930-LN,DPKG-PKG-EP-HOSP-001-DEPT-ED-kpi_001-20260930,PKG-EP-HOSP-001-DEPT-ED-kpi_001-20260930,1,1.0,Derived from Step 2D-2 lineage register,Phase 2B|Phase 2C-1|Phase 2C-2|Phase 2C-3|Phase 2D-1|Phase 2D-2,Traceable
DPKG-PKG-EP-HOSP-001-DEPT-ED-kpi_001-20261008-LN,DPKG-PKG-EP-HOSP-001-DEPT-ED-kpi_001-20261008,PKG-EP-HOSP-001-DEPT-ED-kpi_001-20261008,1,1.0,Derived from Step 2D-2 lineage register,Phase 2B|Phase 2C-1|Phase 2C-2|Phase 2C-3|Phase 2D-1|Phase 2D-2,Traceable
DPKG-PKG-EP-HOSP-001-DEPT-ED-kpi_001-20261014-LN,DPKG-PKG-EP-HOSP-001-DEPT-ED-kpi_001-20261014,PKG-EP-HOSP-001-DEPT-ED-kpi_001-20261014,1,1.0,Derived from Step 2D-2 lineage register,Phase 2B|Phase 2C-1|Phase 2C-2|Phase 2C-3|Phase 2D-1|Phase 2D-2,Traceable
DPKG-PKG-EP-HOSP-001-DEPT-ED-kpi_001-20261101-LN,DPKG-PKG-EP-HOSP-001-DEPT-ED-kpi_001-20261101,PKG-EP-HOSP-001-DEPT-ED-kpi_001-20261101,1,1.0,Derived from Step 2D-2 lineage register,Phase 2B|Phase 2C-1|Phase 2C-2|Phase 2C-3|Phase 2D-1|Phase 2D-2,Traceable
DPKG-PKG-EP-HOSP-001-DEPT-ED-kpi_001-20261113-LN,DPKG-PKG-EP-HOSP-001-DEPT-ED-kpi_001-20261113,PKG-EP-HOSP-001-DEPT-ED-kpi_001-20261113,1,1.0,Derived from Step 2D-2 lineage register,Phase 2B|Phase 2C-1|Phase 2C-2|Phase 2C-3|Phase 2D-1|Phase 2D-2,Traceable
DPKG-PKG-EP-HOSP-001-DEPT-ED-kpi_001-20261227-LN,DPKG-PKG-EP-HOSP-001-DEPT-ED-kpi_001-20261227,PKG-EP-HOSP-001-DEPT-ED-kpi_001-20261227,1,1.0,Derived from Step 2D-2 lineage register,Phase 2B|Phase 2C-1|Phase 2C-2|Phase 2C-3|Phase 2D-1|Phase 2D-2,Traceable
DPKG-PKG-EP-HOSP-001-DEPT-ED-kpi_002-20260106-LN,DPKG-PKG-EP-HOSP-001-DEPT-ED-kpi_002-20260106,PKG-EP-HOSP-001-DEPT-ED-kpi_002-20260106,1,1.0,Derived from Step 2D-2 lineage register,Phase 2B|Phase 2C-1|Phase 2C-2|Phase 2C-3|Phase 2D-1|Phase 2D-2,Traceable
DPKG-PKG-EP-HOSP-001-DEPT-ED-kpi_002-20260207-LN,DPKG-PKG-EP-HOSP-001-DEPT-ED-kpi_002-20260207,PKG-EP-HOSP-001-DEPT-ED-kpi_002-20260207,1,1.0,Derived from Step 2D-2 lineage register,Phase 2B|Phase 2C-1|Phase 2C-2|Phase 2C-3|Phase 2D-1|Phase 2D-2,Traceable
DPKG-PKG-EP-HOSP-001-DEPT-ED-kpi_002-20260310-LN,DPKG-PKG-EP-HOSP-001-DEPT-ED-kpi_002-20260310,PKG-EP-HOSP-001-DEPT-ED-kpi_002-20260310,1,1.0,Derived from Step 2D-2 lineage register,Phase 2B|Phase 2C-1|Phase 2C-2|Phase 2C-3|Phase 2D-1|Phase 2D-2,Traceable
DPKG-PKG-EP-HOSP-001-DEPT-ED-kpi_002-20260421-LN,DPKG-PKG-EP-HOSP-001-DEPT-ED-kpi_002-20260421,PKG-EP-HOSP-001-DEPT-ED-kpi_002-20260421,1,1.0,Derived from Step 2D-2 lineage register,Phase 2B|Phase 2C-1|Phase 2C-2|Phase 2C-3|Phase 2D-1|Phase 2D-2,Traceable
DPKG-PKG-EP-HOSP-001-DEPT-ED-kpi_002-20260425-LN,DPKG-PKG-EP-HOSP-001-DEPT-ED-kpi_002-20260425,PKG-EP-HOSP-001-DEPT-ED-kpi_002-20260425,1,1.0,Derived from Step 2D-2 lineage register,Phase 2B|Phase 2C-1|Phase 2C-2|Phase 2C-3|Phase 2D-1|Phase 2D-2,Traceable
DPKG-PKG-EP-HOSP-001-DEPT-ED-kpi_002-20260521-LN,DPKG-PKG-EP-HOSP-001-DEPT-ED-kpi_002-20260521,PKG-EP-HOSP-001-DEPT-ED-kpi_002-20260521,1,1.0,Derived from Step 2D-2 lineage register,Phase 2B|Phase 2C-1|Phase 2C-2|Phase 2C-3|Phase 2D-1|Phase 2D-2,Traceable
DPKG-PKG-EP-HOSP-001-DEPT-ED-kpi_002-20260603-LN,DPKG-PKG-EP-HOSP-001-DEPT-ED-kpi_002-20260603,PKG-EP-HOSP-001-DEPT-ED-kpi_002-20260603,1,1.0,Derived from Step 2D-2 lineage register,Phase 2B|Phase 2C-1|Phase 2C-2|Phase 2C-3|Phase 2D-1|Phase 2D-2,Traceable
DPKG-PKG-EP-HOSP-001-DEPT-ED-kpi_002-20260610-LN,DPKG-PKG-EP-HOSP-001-DEPT-ED-kpi_002-20260610,PKG-EP-HOSP-001-DEPT-ED-kpi_002-20260610,1,1.0,Derived from Step 2D-2 lineage register,Phase 2B|Phase 2C-1|Phase 2C-2|Phase 2C-3|Phase 2D-1|Phase 2D-2,Traceable
DPKG-PKG-EP-HOSP-001-DEPT-ED-kpi_002-20260614-LN,DPKG-PKG-EP-HOSP-001-DEPT-ED-kpi_002-20260614,PKG-EP-HOSP-001-DEPT-ED-kpi_002-20260614,1,1.0,Derived from Step 2D-2 lineage register,Phase 2B|Phase 2C-1|Phase 2C-2|Phase 2C-3|Phase 2D-1|Phase 2D-2,Traceable
DPKG-PKG-EP-HOSP-001-DEPT-ED-kpi_002-20260626-LN,DPKG-PKG-EP-HOSP-001-DEPT-ED-kpi_002-20260626,PKG-EP-HOSP-001-DEPT-ED-kpi_002-20260626,1,1.0,Derived from Step 2D-2 lineage register,Phase 2B|Phase 2C-1|Phase 2C-2|Phase 2C-3|Phase 2D-1|Phase 2D-2,Traceable
DPKG-PKG-EP-HOSP-001-DEPT-ED-kpi_002-20260707-LN,DPKG-PKG-EP-HOSP-001-DEPT-ED-kpi_002-20260707,PKG-EP-HOSP-001-DEPT-ED-kpi_002-20260707,1,1.0,Derived from Step 2D-2 lineage register,Phase 2B|Phase 2C-1|Phase 2C-2|Phase 2C-3|Phase 2D-1|Phase 2D-2,Traceable
DPKG-PKG-EP-HOSP-001-DEPT-ED-kpi_002-20260818-LN,DPKG-PKG-EP-HOSP-001-DEPT-ED-kpi_002-20260818,PKG-EP-HOSP-001-DEPT-ED-kpi_002-20260818,1,1.0,Derived from Step 2D-2 lineage register,Phase 2B|Phase 2C-1|Phase 2C-2|Phase 2C-3|Phase 2D-1|Phase 2D-2,Traceable
DPKG-PKG-EP-HOSP-001-DEPT-ED-kpi_002-20260923-LN,DPKG-PKG-EP-HOSP-001-DEPT-ED-kpi_002-20260923,PKG-EP-HOSP-001-DEPT-ED-kpi_002-20260923,1,1.0,Derived from Step 2D-2 lineage register,Phase 2B|Phase 2C-1|Phase 2C-2|Phase 2C-3|Phase 2D-1|Phase 2D-2,Traceable
DPKG-PKG-EP-HOSP-001-DEPT-ED-kpi_002-20261005-LN,DPKG-PKG-EP-HOSP-001-DEPT-ED-kpi_002-20261005,PKG-EP-HOSP-001-DEPT-ED-kpi_002-20261005,1,1.0,Derived from Step 2D-2 lineage register,Phase 2B|Phase 2C-1|Phase 2C-2|Phase 2C-3|Phase 2D-1|Phase 2D-2,Traceable
DPKG-PKG-EP-HOSP-001-DEPT-ED-kpi_002-20261013-LN,DPKG-PKG-EP-HOSP-001-DEPT-ED-kpi_002-20261013,PKG-EP-HOSP-001-DEPT-ED-kpi_002-20261013,1,1.0,Derived from Step 2D-2 lineage register,Phase 2B|Phase 2C-1|Phase 2C-2|Phase 2C-3|Phase 2D-1|Phase 2D-2,Traceable
DPKG-PKG-EP-HOSP-001-DEPT-ED-kpi_002-20261026-LN,DPKG-PKG-EP-HOSP-001-DEPT-ED-kpi_002-20261026,PKG-EP-HOSP-001-DEPT-ED-kpi_002-20261026,1,1.0,Derived from Step 2D-2 lineage register,Phase 2B|Phase 2C-1|Phase 2C-2|Phase 2C-3|Phase 2D-1|Phase 2D-2,Traceable
DPKG-PKG-EP-HOSP-001-DEPT-ED-kpi_002-20261102-LN,DPKG-PKG-EP-HOSP-001-DEPT-ED-kpi_002-20261102,PKG-EP-HOSP-001-DEPT-ED-kpi_002-20261102,1,1.0,Derived from Step 2D-2 lineage register,Phase 2B|Phase 2C-1|Phase 2C-2|Phase 2C-3|Phase 2D-1|Phase 2D-2,Traceable
DPKG-PKG-EP-HOSP-001-DEPT-ED-kpi_002-20261109-LN,DPKG-PKG-EP-HOSP-001-DEPT-ED-kpi_002-20261109,PKG-EP-HOSP-001-DEPT-ED-kpi_002-20261109,1,1.0,Derived from Step 2D-2 lineage register,Phase 2B|Phase 2C-1|Phase 2C-2|Phase 2C-3|Phase 2D-1|Phase 2D-2,Traceable
DPKG-PKG-EP-HOSP-001-DEPT-ED-kpi_002-20261127-LN,DPKG-PKG-EP-HOSP-001-DEPT-ED-kpi_002-20261127,PKG-EP-HOSP-001-DEPT-ED-kpi_002-20261127,1,1.0,Derived from Step 2D-2 lineage register,Phase 2B|Phase 2C-1|Phase 2C-2|Phase 2C-3|Phase 2D-1|Phase 2D-2,Traceable
DPKG-PKG-EP-HOSP-001-DEPT-ED-kpi_002-20261212-LN,DPKG-PKG-EP-HOSP-001-DEPT-ED-kpi_002-20261212,PKG-EP-HOSP-001-DEPT-ED-kpi_002-20261212,1,1.0,Derived from Step 2D-2 lineage register,Phase 2B|Phase 2C-1|Phase 2C-2|Phase 2C-3|Phase 2D-1|Phase 2D-2,Traceable
DPKG-PKG-EP-HOSP-001-DEPT-ED-kpi_002-20261217-LN,DPKG-PKG-EP-HOSP-001-DEPT-ED-kpi_002-20261217,PKG-EP-HOSP-001-DEPT-ED-kpi_002-20261217,1,1.0,Derived from Step 2D-2 lineage register,Phase 2B|Phase 2C-1|Phase 2C-2|Phase 2C-3|Phase 2D-1|Phase 2D-2,Traceable
DPKG-PKG-EP-HOSP-001-DEPT-ED-kpi_004-20260404-LN,DPKG-PKG-EP-HOSP-001-DEPT-ED-kpi_004-20260404,PKG-EP-HOSP-001-DEPT-ED-kpi_004-20260404,1,1.0,Derived from Step 2D-2 lineage register,Phase 2B|Phase 2C-1|Phase 2C-2|Phase 2C-3|Phase 2D-1|Phase 2D-2,Traceable
DPKG-PKG-EP-HOSP-001-DEPT-ED-kpi_004-20260413-LN,DPKG-PKG-EP-HOSP-001-DEPT-ED-kpi_004-20260413,PKG-EP-HOSP-001-DEPT-ED-kpi_004-20260413,1,1.0,Derived from Step 2D-2 lineage register,Phase 2B|Phase 2C-1|Phase 2C-2|Phase 2C-3|Phase 2D-1|Phase 2D-2,Traceable
DPKG-PKG-EP-HOSP-001-DEPT-ED-kpi_004-20260427-LN,DPKG-PKG-EP-HOSP-001-DEPT-ED-kpi_004-20260427,PKG-EP-HOSP-001-DEPT-ED-kpi_004-20260427,1,1.0,Derived from Step 2D-2 lineage register,Phase 2B|Phase 2C-1|Phase 2C-2|Phase 2C-3|Phase 2D-1|Phase 2D-2,Traceable
DPKG-PKG-EP-HOSP-001-DEPT-ED-kpi_004-20260503-LN,DPKG-PKG-EP-HOSP-001-DEPT-ED-kpi_004-20260503,PKG-EP-HOSP-001-DEPT-ED-kpi_004-20260503,1,1.0,Derived from Step 2D-2 lineage register,Phase 2B|Phase 2C-1|Phase 2C-2|Phase 2C-3|Phase 2D-1|Phase 2D-2,Traceable
DPKG-PKG-EP-HOSP-001-DEPT-ED-kpi_004-20260508-LN,DPKG-PKG-EP-HOSP-001-DEPT-ED-kpi_004-20260508,PKG-EP-HOSP-001-DEPT-ED-kpi_004-20260508,1,1.0,Derived from Step 2D-2 lineage register,Phase 2B|Phase 2C-1|Phase 2C-2|Phase 2C-3|Phase 2D-1|Phase 2D-2,Traceable
DPKG-PKG-EP-HOSP-001-DEPT-ED-kpi_004-20260601-LN,DPKG-PKG-EP-HOSP-001-DEPT-ED-kpi_004-20260601,PKG-EP-HOSP-001-DEPT-ED-kpi_004-20260601,1,1.0,Derived from Step 2D-2 lineage register,Phase 2B|Phase 2C-1|Phase 2C-2|Phase 2C-3|Phase 2D-1|Phase 2D-2,Traceable
DPKG-PKG-EP-HOSP-001-DEPT-ED-kpi_004-20260606-LN,DPKG-PKG-EP-HOSP-001-DEPT-ED-kpi_004-20260606,PKG-EP-HOSP-001-DEPT-ED-kpi_004-20260606,1,1.0,Derived from Step 2D-2 lineage register,Phase 2B|Phase 2C-1|Phase 2C-2|Phase 2C-3|Phase 2D-1|Phase 2D-2,Traceable
DPKG-PKG-EP-HOSP-001-DEPT-ED-kpi_004-20260716-LN,DPKG-PKG-EP-HOSP-001-DEPT-ED-kpi_004-20260716,PKG-EP-HOSP-001-DEPT-ED-kpi_004-20260716,1,1.0,Derived from Step 2D-2 lineage register,Phase 2B|Phase 2C-1|Phase 2C-2|Phase 2C-3|Phase 2D-1|Phase 2D-2,Traceable
DPKG-PKG-EP-HOSP-001-DEPT-ED-kpi_005-20260209-LN,DPKG-PKG-EP-HOSP-001-DEPT-ED-kpi_005-20260209,PKG-EP-HOSP-001-DEPT-ED-kpi_005-20260209,1,1.0,Derived from Step 2D-2 lineage register,Phase 2B|Phase 2C-1|Phase 2C-2|Phase 2C-3|Phase 2D-1|Phase 2D-2,Traceable
DPKG-PKG-EP-HOSP-001-DEPT-ED-kpi_005-20260216-LN,DPKG-PKG-EP-HOSP-001-DEPT-ED-kpi_005-20260216,PKG-EP-HOSP-001-DEPT-ED-kpi_005-20260216,1,1.0,Derived from Step 2D-2 lineage register,Phase 2B|Phase 2C-1|Phase 2C-2|Phase 2C-3|Phase 2D-1|Phase 2D-2,Traceable
DPKG-PKG-EP-HOSP-001-DEPT-ED-kpi_005-20260312-LN,DPKG-PKG-EP-HOSP-001-DEPT-ED-kpi_005-20260312,PKG-EP-HOSP-001-DEPT-ED-kpi_005-20260312,1,1.0,Derived from Step 2D-2 lineage register,Phase 2B|Phase 2C-1|Phase 2C-2|Phase 2C-3|Phase 2D-1|Phase 2D-2,Traceable
DPKG-PKG-EP-HOSP-001-DEPT-ED-kpi_005-20260510-LN,DPKG-PKG-EP-HOSP-001-DEPT-ED-kpi_005-20260510,PKG-EP-HOSP-001-DEPT-ED-kpi_005-20260510,1,1.0,Derived from Step 2D-2 lineage register,Phase 2B|Phase 2C-1|Phase 2C-2|Phase 2C-3|Phase 2D-1|Phase 2D-2,Traceable
DPKG-PKG-EP-HOSP-001-DEPT-ED-kpi_005-20260719-LN,DPKG-PKG-EP-HOSP-001-DEPT-ED-kpi_005-20260719,PKG-EP-HOSP-001-DEPT-ED-kpi_005-20260719,1,1.0,Derived from Step 2D-2 lineage register,Phase 2B|Phase 2C-1|Phase 2C-2|Phase 2C-3|Phase 2D-1|Phase 2D-2,Traceable
DPKG-PKG-EP-HOSP-001-DEPT-ED-kpi_005-20260913-LN,DPKG-PKG-EP-HOSP-001-DEPT-ED-kpi_005-20260913,PKG-EP-HOSP-001-DEPT-ED-kpi_005-20260913,1,1.0,Derived from Step 2D-2 lineage register,Phase 2B|Phase 2C-1|Phase 2C-2|Phase 2C-3|Phase 2D-1|Phase 2D-2,Traceable
DPKG-PKG-EP-HOSP-001-DEPT-ED-kpi_005-20260917-LN,DPKG-PKG-EP-HOSP-001-DEPT-ED-kpi_005-20260917,PKG-EP-HOSP-001-DEPT-ED-kpi_005-20260917,1,1.0,Derived from Step 2D-2 lineage register,Phase 2B|Phase 2C-1|Phase 2C-2|Phase 2C-3|Phase 2D-1|Phase 2D-2,Traceable
DPKG-PKG-EP-HOSP-001-DEPT-ED-kpi_005-20261116-LN,DPKG-PKG-EP-HOSP-001-DEPT-ED-kpi_005-20261116,PKG-EP-HOSP-001-DEPT-ED-kpi_005-20261116,1,1.0,Derived from Step 2D-2 lineage register,Phase 2B|Phase 2C-1|Phase 2C-2|Phase 2C-3|Phase 2D-1|Phase 2D-2,Traceable
DPKG-PKG-EP-HOSP-001-DEPT-ED-kpi_006-20260128-LN,DPKG-PKG-EP-HOSP-001-DEPT-ED-kpi_006-20260128,PKG-EP-HOSP-001-DEPT-ED-kpi_006-20260128,1,1.0,Derived from Step 2D-2 lineage register,Phase 2B|Phase 2C-1|Phase 2C-2|Phase 2C-3|Phase 2D-1|Phase 2D-2,Traceable
DPKG-PKG-EP-HOSP-001-DEPT-ED-kpi_006-20260309-LN,DPKG-PKG-EP-HOSP-001-DEPT-ED-kpi_006-20260309,PKG-EP-HOSP-001-DEPT-ED-kpi_006-20260309,1,1.0,Derived from Step 2D-2 lineage register,Phase 2B|Phase 2C-1|Phase 2C-2|Phase 2C-3|Phase 2D-1|Phase 2D-2,Traceable
DPKG-PKG-EP-HOSP-001-DEPT-ED-kpi_006-20260318-LN,DPKG-PKG-EP-HOSP-001-DEPT-ED-kpi_006-20260318,PKG-EP-HOSP-001-DEPT-ED-kpi_006-20260318,1,1.0,Derived from Step 2D-2 lineage register,Phase 2B|Phase 2C-1|Phase 2C-2|Phase 2C-3|Phase 2D-1|Phase 2D-2,Traceable
DPKG-PKG-EP-HOSP-001-DEPT-ED-kpi_006-20260323-LN,DPKG-PKG-EP-HOSP-001-DEPT-ED-kpi_006-20260323,PKG-EP-HOSP-001-DEPT-ED-kpi_006-20260323,1,1.0,Derived from Step 2D-2 lineage register,Phase 2B|Phase 2C-1|Phase 2C-2|Phase 2C-3|Phase 2D-1|Phase 2D-2,Traceable
DPKG-PKG-EP-HOSP-001-DEPT-ED-kpi_006-20260330-LN,DPKG-PKG-EP-HOSP-001-DEPT-ED-kpi_006-20260330,PKG-EP-HOSP-001-DEPT-ED-kpi_006-20260330,1,1.0,Derived from Step 2D-2 lineage register,Phase 2B|Phase 2C-1|Phase 2C-2|Phase 2C-3|Phase 2D-1|Phase 2D-2,Traceable
DPKG-PKG-EP-HOSP-001-DEPT-ED-kpi_006-20260412-LN,DPKG-PKG-EP-HOSP-001-DEPT-ED-kpi_006-20260412,PKG-EP-HOSP-001-DEPT-ED-kpi_006-20260412,1,1.0,Derived from Step 2D-2 lineage register,Phase 2B|Phase 2C-1|Phase 2C-2|Phase 2C-3|Phase 2D-1|Phase 2D-2,Traceable
DPKG-PKG-EP-HOSP-001-DEPT-ED-kpi_006-20260702-LN,DPKG-PKG-EP-HOSP-001-DEPT-ED-kpi_006-20260702,PKG-EP-HOSP-001-DEPT-ED-kpi_006-20260702,1,1.0,Derived from Step 2D-2 lineage register,Phase 2B|Phase 2C-1|Phase 2C-2|Phase 2C-3|Phase 2D-1|Phase 2D-2,Traceable
DPKG-PKG-EP-HOSP-001-DEPT-ED-kpi_006-20260712-LN,DPKG-PKG-EP-HOSP-001-DEPT-ED-kpi_006-20260712,PKG-EP-HOSP-001-DEPT-ED-kpi_006-20260712,1,1.0,Derived from Step 2D-2 lineage register,Phase 2B|Phase 2C-1|Phase 2C-2|Phase 2C-3|Phase 2D-1|Phase 2D-2,Traceable
DPKG-PKG-EP-HOSP-001-DEPT-ED-kpi_006-20260731-LN,DPKG-PKG-EP-HOSP-001-DEPT-ED-kpi_006-20260731,PKG-EP-HOSP-001-DEPT-ED-kpi_006-20260731,1,1.0,Derived from Step 2D-2 lineage register,Phase 2B|Phase 2C-1|Phase 2C-2|Phase 2C-3|Phase 2D-1|Phase 2D-2,Traceable
DPKG-PKG-EP-HOSP-001-DEPT-ED-kpi_006-20260805-LN,DPKG-PKG-EP-HOSP-001-DEPT-ED-kpi_006-20260805,PKG-EP-HOSP-001-DEPT-ED-kpi_006-20260805,1,1.0,Derived from Step 2D-2 lineage register,Phase 2B|Phase 2C-1|Phase 2C-2|Phase 2C-3|Phase 2D-1|Phase 2D-2,Traceable
DPKG-PKG-EP-HOSP-001-DEPT-ED-kpi_006-20260902-LN,DPKG-PKG-EP-HOSP-001-DEPT-ED-kpi_006-20260902,PKG-EP-HOSP-001-DEPT-ED-kpi_006-20260902,1,1.0,Derived from Step 2D-2 lineage register,Phase 2B|Phase 2C-1|Phase 2C-2|Phase 2C-3|Phase 2D-1|Phase 2D-2,Traceable
DPKG-PKG-EP-HOSP-001-DEPT-ED-kpi_006-20260909-LN,DPKG-PKG-EP-HOSP-001-DEPT-ED-kpi_006-20260909,PKG-EP-HOSP-001-DEPT-ED-kpi_006-20260909,1,1.0,Derived from Step 2D-2 lineage register,Phase 2B|Phase 2C-1|Phase 2C-2|Phase 2C-3|Phase 2D-1|Phase 2D-2,Traceable
DPKG-PKG-EP-HOSP-001-DEPT-ED-kpi_006-20260914-LN,DPKG-PKG-EP-HOSP-001-DEPT-ED-kpi_006-20260914,PKG-EP-HOSP-001-DEPT-ED-kpi_006-20260914,1,1.0,Derived from Step 2D-2 lineage register,Phase 2B|Phase 2C-1|Phase 2C-2|Phase 2C-3|Phase 2D-1|Phase 2D-2,Traceable
DPKG-PKG-EP-HOSP-001-DEPT-ED-kpi_006-20260921-LN,DPKG-PKG-EP-HOSP-001-DEPT-ED-kpi_006-20260921,PKG-EP-HOSP-001-DEPT-ED-kpi_006-20260921,1,1.0,Derived from Step 2D-2 lineage register,Phase 2B|Phase 2C-1|Phase 2C-2|Phase 2C-3|Phase 2D-1|Phase 2D-2,Traceable
DPKG-PKG-EP-HOSP-001-DEPT-ED-kpi_006-20261004-LN,DPKG-PKG-EP-HOSP-001-DEPT-ED-kpi_006-20261004,PKG-EP-HOSP-001-DEPT-ED-kpi_006-20261004,1,1.0,Derived from Step 2D-2 lineage register,Phase 2B|Phase 2C-1|Phase 2C-2|Phase 2C-3|Phase 2D-1|Phase 2D-2,Traceable
DPKG-PKG-EP-HOSP-001-DEPT-ED-kpi_006-20261111-LN,DPKG-PKG-EP-HOSP-001-DEPT-ED-kpi_006-20261111,PKG-EP-HOSP-001-DEPT-ED-kpi_006-20261111,1,1.0,Derived from Step 2D-2 lineage register,Phase 2B|Phase 2C-1|Phase 2C-2|Phase 2C-3|Phase 2D-1|Phase 2D-2,Traceable
DPKG-PKG-EP-HOSP-001-DEPT-ED-kpi_006-20261118-LN,DPKG-PKG-EP-HOSP-001-DEPT-ED-kpi_006-20261118,PKG-EP-HOSP-001-DEPT-ED-kpi_006-20261118,1,1.0,Derived from Step 2D-2 lineage register,Phase 2B|Phase 2C-1|Phase 2C-2|Phase 2C-3|Phase 2D-1|Phase 2D-2,Traceable
DPKG-PKG-EP-HOSP-001-DEPT-ED-kpi_006-20261129-LN,DPKG-PKG-EP-HOSP-001-DEPT-ED-kpi_006-20261129,PKG-EP-HOSP-001-DEPT-ED-kpi_006-20261129,1,1.0,Derived from Step 2D-2 lineage register,Phase 2B|Phase 2C-1|Phase 2C-2|Phase 2C-3|Phase 2D-1|Phase 2D-2,Traceable
DPKG-PKG-EP-HOSP-001-DEPT-ED-kpi_006-20261203-LN,DPKG-PKG-EP-HOSP-001-DEPT-ED-kpi_006-20261203,PKG-EP-HOSP-001-DEPT-ED-kpi_006-20261203,1,1.0,Derived from Step 2D-2 lineage register,Phase 2B|Phase 2C-1|Phase 2C-2|Phase 2C-3|Phase 2D-1|Phase 2D-2,Traceable
DPKG-PKG-EP-HOSP-001-DEPT-ED-kpi_006-20261210-LN,DPKG-PKG-EP-HOSP-001-DEPT-ED-kpi_006-20261210,PKG-EP-HOSP-001-DEPT-ED-kpi_006-20261210,1,1.0,Derived from Step 2D-2 lineage register,Phase 2B|Phase 2C-1|Phase 2C-2|Phase 2C-3|Phase 2D-1|Phase 2D-2,Traceable
DPKG-PKG-EP-HOSP-001-DEPT-ED-kpi_006-20261224-LN,DPKG-PKG-EP-HOSP-001-DEPT-ED-kpi_006-20261224,PKG-EP-HOSP-001-DEPT-ED-kpi_006-20261224,1,1.0,Derived from Step 2D-2 lineage register,Phase 2B|Phase 2C-1|Phase 2C-2|Phase 2C-3|Phase 2D-1|Phase 2D-2,Traceable
DPKG-PKG-EP-HOSP-001-DEPT-ICU-kpi_001-20260106-LN,DPKG-PKG-EP-HOSP-001-DEPT-ICU-kpi_001-20260106,PKG-EP-HOSP-001-DEPT-ICU-kpi_001-20260106,1,1.0,Derived from Step 2D-2 lineage register,Phase 2B|Phase 2C-1|Phase 2C-2|Phase 2C-3|Phase 2D-1|Phase 2D-2,Traceable
DPKG-PKG-EP-HOSP-001-DEPT-ICU-kpi_001-20260114-LN,DPKG-PKG-EP-HOSP-001-DEPT-ICU-kpi_001-20260114,PKG-EP-HOSP-001-DEPT-ICU-kpi_001-20260114,1,1.0,Derived from Step 2D-2 lineage register,Phase 2B|Phase 2C-1|Phase 2C-2|Phase 2C-3|Phase 2D-1|Phase 2D-2,Traceable
DPKG-PKG-EP-HOSP-001-DEPT-ICU-kpi_001-20260211-LN,DPKG-PKG-EP-HOSP-001-DEPT-ICU-kpi_001-20260211,PKG-EP-HOSP-001-DEPT-ICU-kpi_001-20260211,1,1.0,Derived from Step 2D-2 lineage register,Phase 2B|Phase 2C-1|Phase 2C-2|Phase 2C-3|Phase 2D-1|Phase 2D-2,Traceable
DPKG-PKG-EP-HOSP-001-DEPT-ICU-kpi_001-20260216-LN,DPKG-PKG-EP-HOSP-001-DEPT-ICU-kpi_001-20260216,PKG-EP-HOSP-001-DEPT-ICU-kpi_001-20260216,1,1.0,Derived from Step 2D-2 lineage register,Phase 2B|Phase 2C-1|Phase 2C-2|Phase 2C-3|Phase 2D-1|Phase 2D-2,Traceable
DPKG-PKG-EP-HOSP-001-DEPT-ICU-kpi_001-20260323-LN,DPKG-PKG-EP-HOSP-001-DEPT-ICU-kpi_001-20260323,PKG-EP-HOSP-001-DEPT-ICU-kpi_001-20260323,1,1.0,Derived from Step 2D-2 lineage register,Phase 2B|Phase 2C-1|Phase 2C-2|Phase 2C-3|Phase 2D-1|Phase 2D-2,Traceable
DPKG-PKG-EP-HOSP-001-DEPT-ICU-kpi_001-20260407-LN,DPKG-PKG-EP-HOSP-001-DEPT-ICU-kpi_001-20260407,PKG-EP-HOSP-001-DEPT-ICU-kpi_001-20260407,1,1.0,Derived from Step 2D-2 lineage register,Phase 2B|Phase 2C-1|Phase 2C-2|Phase 2C-3|Phase 2D-1|Phase 2D-2,Traceable
DPKG-PKG-EP-HOSP-001-DEPT-ICU-kpi_001-20260426-LN,DPKG-PKG-EP-HOSP-001-DEPT-ICU-kpi_001-20260426,PKG-EP-HOSP-001-DEPT-ICU-kpi_001-20260426,1,1.0,Derived from Step 2D-2 lineage register,Phase 2B|Phase 2C-1|Phase 2C-2|Phase 2C-3|Phase 2D-1|Phase 2D-2,Traceable
DPKG-PKG-EP-HOSP-001-DEPT-ICU-kpi_001-20260505-LN,DPKG-PKG-EP-HOSP-001-DEPT-ICU-kpi_001-20260505,PKG-EP-HOSP-001-DEPT-ICU-kpi_001-20260505,1,1.0,Derived from Step 2D-2 lineage register,Phase 2B|Phase 2C-1|Phase 2C-2|Phase 2C-3|Phase 2D-1|Phase 2D-2,Traceable
DPKG-PKG-EP-HOSP-001-DEPT-ICU-kpi_001-20260513-LN,DPKG-PKG-EP-HOSP-001-DEPT-ICU-kpi_001-20260513,PKG-EP-HOSP-001-DEPT-ICU-kpi_001-20260513,1,1.0,Derived from Step 2D-2 lineage register,Phase 2B|Phase 2C-1|Phase 2C-2|Phase 2C-3|Phase 2D-1|Phase 2D-2,Traceable
DPKG-PKG-EP-HOSP-001-DEPT-ICU-kpi_001-20260528-LN,DPKG-PKG-EP-HOSP-001-DEPT-ICU-kpi_001-20260528,PKG-EP-HOSP-001-DEPT-ICU-kpi_001-20260528,1,1.0,Derived from Step 2D-2 lineage register,Phase 2B|Phase 2C-1|Phase 2C-2|Phase 2C-3|Phase 2D-1|Phase 2D-2,Traceable
DPKG-PKG-EP-HOSP-001-DEPT-ICU-kpi_001-20260612-LN,DPKG-PKG-EP-HOSP-001-DEPT-ICU-kpi_001-20260612,PKG-EP-HOSP-001-DEPT-ICU-kpi_001-20260612,1,1.0,Derived from Step 2D-2 lineage register,Phase 2B|Phase 2C-1|Phase 2C-2|Phase 2C-3|Phase 2D-1|Phase 2D-2,Traceable
DPKG-PKG-EP-HOSP-001-DEPT-ICU-kpi_001-20260707-LN,DPKG-PKG-EP-HOSP-001-DEPT-ICU-kpi_001-20260707,PKG-EP-HOSP-001-DEPT-ICU-kpi_001-20260707,1,1.0,Derived from Step 2D-2 lineage register,Phase 2B|Phase 2C-1|Phase 2C-2|Phase 2C-3|Phase 2D-1|Phase 2D-2,Traceable
DPKG-PKG-EP-HOSP-001-DEPT-ICU-kpi_001-20260801-LN,DPKG-PKG-EP-HOSP-001-DEPT-ICU-kpi_001-20260801,PKG-EP-HOSP-001-DEPT-ICU-kpi_001-20260801,1,1.0,Derived from Step 2D-2 lineage register,Phase 2B|Phase 2C-1|Phase 2C-2|Phase 2C-3|Phase 2D-1|Phase 2D-2,Traceable
DPKG-PKG-EP-HOSP-001-DEPT-ICU-kpi_001-20260830-LN,DPKG-PKG-EP-HOSP-001-DEPT-ICU-kpi_001-20260830,PKG-EP-HOSP-001-DEPT-ICU-kpi_001-20260830,1,1.0,Derived from Step 2D-2 lineage register,Phase 2B|Phase 2C-1|Phase 2C-2|Phase 2C-3|Phase 2D-1|Phase 2D-2,Traceable
DPKG-PKG-EP-HOSP-001-DEPT-ICU-kpi_001-20260914-LN,DPKG-PKG-EP-HOSP-001-DEPT-ICU-kpi_001-20260914,PKG-EP-HOSP-001-DEPT-ICU-kpi_001-20260914,1,1.0,Derived from Step 2D-2 lineage register,Phase 2B|Phase 2C-1|Phase 2C-2|Phase 2C-3|Phase 2D-1|Phase 2D-2,Traceable
DPKG-PKG-EP-HOSP-001-DEPT-ICU-kpi_001-20260922-LN,DPKG-PKG-EP-HOSP-001-DEPT-ICU-kpi_001-20260922,PKG-EP-HOSP-001-DEPT-ICU-kpi_001-20260922,1,1.0,Derived from Step 2D-2 lineage register,Phase 2B|Phase 2C-1|Phase 2C-2|Phase 2C-3|Phase 2D-1|Phase 2D-2,Traceable
DPKG-PKG-EP-HOSP-001-DEPT-ICU-kpi_001-20261105-LN,DPKG-PKG-EP-HOSP-001-DEPT-ICU-kpi_001-20261105,PKG-EP-HOSP-001-DEPT-ICU-kpi_001-20261105,1,1.0,Derived from Step 2D-2 lineage register,Phase 2B|Phase 2C-1|Phase 2C-2|Phase 2C-3|Phase 2D-1|Phase 2D-2,Traceable
DPKG-PKG-EP-HOSP-001-DEPT-ICU-kpi_001-20261111-LN,DPKG-PKG-EP-HOSP-001-DEPT-ICU-kpi_001-20261111,PKG-EP-HOSP-001-DEPT-ICU-kpi_001-20261111,1,1.0,Derived from Step 2D-2 lineage register,Phase 2B|Phase 2C-1|Phase 2C-2|Phase 2C-3|Phase 2D-1|Phase 2D-2,Traceable
DPKG-PKG-EP-HOSP-001-DEPT-ICU-kpi_001-20261130-LN,DPKG-PKG-EP-HOSP-001-DEPT-ICU-kpi_001-20261130,PKG-EP-HOSP-001-DEPT-ICU-kpi_001-20261130,1,1.0,Derived from Step 2D-2 lineage register,Phase 2B|Phase 2C-1|Phase 2C-2|Phase 2C-3|Phase 2D-1|Phase 2D-2,Traceable
DPKG-PKG-EP-HOSP-001-DEPT-ICU-kpi_001-20261227-LN,DPKG-PKG-EP-HOSP-001-DEPT-ICU-kpi_001-20261227,PKG-EP-HOSP-001-DEPT-ICU-kpi_001-20261227,1,1.0,Derived from Step 2D-2 lineage register,Phase 2B|Phase 2C-1|Phase 2C-2|Phase 2C-3|Phase 2D-1|Phase 2D-2,Traceable
DPKG-PKG-EP-HOSP-001-DEPT-ICU-kpi_002-20260109-LN,DPKG-PKG-EP-HOSP-001-DEPT-ICU-kpi_002-20260109,PKG-EP-HOSP-001-DEPT-ICU-kpi_002-20260109,1,1.0,Derived from Step 2D-2 lineage register,Phase 2B|Phase 2C-1|Phase 2C-2|Phase 2C-3|Phase 2D-1|Phase 2D-2,Traceable
DPKG-PKG-EP-HOSP-001-DEPT-ICU-kpi_002-20260126-LN,DPKG-PKG-EP-HOSP-001-DEPT-ICU-kpi_002-20260126,PKG-EP-HOSP-001-DEPT-ICU-kpi_002-20260126,1,1.0,Derived from Step 2D-2 lineage register,Phase 2B|Phase 2C-1|Phase 2C-2|Phase 2C-3|Phase 2D-1|Phase 2D-2,Traceable
DPKG-PKG-EP-HOSP-001-DEPT-ICU-kpi_002-20260219-LN,DPKG-PKG-EP-HOSP-001-DEPT-ICU-kpi_002-20260219,PKG-EP-HOSP-001-DEPT-ICU-kpi_002-20260219,1,1.0,Derived from Step 2D-2 lineage register,Phase 2B|Phase 2C-1|Phase 2C-2|Phase 2C-3|Phase 2D-1|Phase 2D-2,Traceable
DPKG-PKG-EP-HOSP-001-DEPT-ICU-kpi_002-20260227-LN,DPKG-PKG-EP-HOSP-001-DEPT-ICU-kpi_002-20260227,PKG-EP-HOSP-001-DEPT-ICU-kpi_002-20260227,1,1.0,Derived from Step 2D-2 lineage register,Phase 2B|Phase 2C-1|Phase 2C-2|Phase 2C-3|Phase 2D-1|Phase 2D-2,Traceable
DPKG-PKG-EP-HOSP-001-DEPT-ICU-kpi_002-20260305-LN,DPKG-PKG-EP-HOSP-001-DEPT-ICU-kpi_002-20260305,PKG-EP-HOSP-001-DEPT-ICU-kpi_002-20260305,1,1.0,Derived from Step 2D-2 lineage register,Phase 2B|Phase 2C-1|Phase 2C-2|Phase 2C-3|Phase 2D-1|Phase 2D-2,Traceable
DPKG-PKG-EP-HOSP-001-DEPT-ICU-kpi_002-20260315-LN,DPKG-PKG-EP-HOSP-001-DEPT-ICU-kpi_002-20260315,PKG-EP-HOSP-001-DEPT-ICU-kpi_002-20260315,1,1.0,Derived from Step 2D-2 lineage register,Phase 2B|Phase 2C-1|Phase 2C-2|Phase 2C-3|Phase 2D-1|Phase 2D-2,Traceable
DPKG-PKG-EP-HOSP-001-DEPT-ICU-kpi_002-20260406-LN,DPKG-PKG-EP-HOSP-001-DEPT-ICU-kpi_002-20260406,PKG-EP-HOSP-001-DEPT-ICU-kpi_002-20260406,1,1.0,Derived from Step 2D-2 lineage register,Phase 2B|Phase 2C-1|Phase 2C-2|Phase 2C-3|Phase 2D-1|Phase 2D-2,Traceable
DPKG-PKG-EP-HOSP-001-DEPT-ICU-kpi_002-20260422-LN,DPKG-PKG-EP-HOSP-001-DEPT-ICU-kpi_002-20260422,PKG-EP-HOSP-001-DEPT-ICU-kpi_002-20260422,1,1.0,Derived from Step 2D-2 lineage register,Phase 2B|Phase 2C-1|Phase 2C-2|Phase 2C-3|Phase 2D-1|Phase 2D-2,Traceable
DPKG-PKG-EP-HOSP-001-DEPT-ICU-kpi_002-20260429-LN,DPKG-PKG-EP-HOSP-001-DEPT-ICU-kpi_002-20260429,PKG-EP-HOSP-001-DEPT-ICU-kpi_002-20260429,1,1.0,Derived from Step 2D-2 lineage register,Phase 2B|Phase 2C-1|Phase 2C-2|Phase 2C-3|Phase 2D-1|Phase 2D-2,Traceable
DPKG-PKG-EP-HOSP-001-DEPT-ICU-kpi_002-20260522-LN,DPKG-PKG-EP-HOSP-001-DEPT-ICU-kpi_002-20260522,PKG-EP-HOSP-001-DEPT-ICU-kpi_002-20260522,1,1.0,Derived from Step 2D-2 lineage register,Phase 2B|Phase 2C-1|Phase 2C-2|Phase 2C-3|Phase 2D-1|Phase 2D-2,Traceable
DPKG-PKG-EP-HOSP-001-DEPT-ICU-kpi_002-20260530-LN,DPKG-PKG-EP-HOSP-001-DEPT-ICU-kpi_002-20260530,PKG-EP-HOSP-001-DEPT-ICU-kpi_002-20260530,1,1.0,Derived from Step 2D-2 lineage register,Phase 2B|Phase 2C-1|Phase 2C-2|Phase 2C-3|Phase 2D-1|Phase 2D-2,Traceable
DPKG-PKG-EP-HOSP-001-DEPT-ICU-kpi_002-20260615-LN,DPKG-PKG-EP-HOSP-001-DEPT-ICU-kpi_002-20260615,PKG-EP-HOSP-001-DEPT-ICU-kpi_002-20260615,1,1.0,Derived from Step 2D-2 lineage register,Phase 2B|Phase 2C-1|Phase 2C-2|Phase 2C-3|Phase 2D-1|Phase 2D-2,Traceable
DPKG-PKG-EP-HOSP-001-DEPT-ICU-kpi_002-20260630-LN,DPKG-PKG-EP-HOSP-001-DEPT-ICU-kpi_002-20260630,PKG-EP-HOSP-001-DEPT-ICU-kpi_002-20260630,1,1.0,Derived from Step 2D-2 lineage register,Phase 2B|Phase 2C-1|Phase 2C-2|Phase 2C-3|Phase 2D-1|Phase 2D-2,Traceable
DPKG-PKG-EP-HOSP-001-DEPT-ICU-kpi_002-20260718-LN,DPKG-PKG-EP-HOSP-001-DEPT-ICU-kpi_002-20260718,PKG-EP-HOSP-001-DEPT-ICU-kpi_002-20260718,1,1.0,Derived from Step 2D-2 lineage register,Phase 2B|Phase 2C-1|Phase 2C-2|Phase 2C-3|Phase 2D-1|Phase 2D-2,Traceable
DPKG-PKG-EP-HOSP-001-DEPT-ICU-kpi_002-20260818-LN,DPKG-PKG-EP-HOSP-001-DEPT-ICU-kpi_002-20260818,PKG-EP-HOSP-001-DEPT-ICU-kpi_002-20260818,1,1.0,Derived from Step 2D-2 lineage register,Phase 2B|Phase 2C-1|Phase 2C-2|Phase 2C-3|Phase 2D-1|Phase 2D-2,Traceable
DPKG-PKG-EP-HOSP-001-DEPT-ICU-kpi_002-20260911-LN,DPKG-PKG-EP-HOSP-001-DEPT-ICU-kpi_002-20260911,PKG-EP-HOSP-001-DEPT-ICU-kpi_002-20260911,1,1.0,Derived from Step 2D-2 lineage register,Phase 2B|Phase 2C-1|Phase 2C-2|Phase 2C-3|Phase 2D-1|Phase 2D-2,Traceable
DPKG-PKG-EP-HOSP-001-DEPT-ICU-kpi_002-20261014-LN,DPKG-PKG-EP-HOSP-001-DEPT-ICU-kpi_002-20261014,PKG-EP-HOSP-001-DEPT-ICU-kpi_002-20261014,1,1.0,Derived from Step 2D-2 lineage register,Phase 2B|Phase 2C-1|Phase 2C-2|Phase 2C-3|Phase 2D-1|Phase 2D-2,Traceable
DPKG-PKG-EP-HOSP-001-DEPT-ICU-kpi_002-20261019-LN,DPKG-PKG-EP-HOSP-001-DEPT-ICU-kpi_002-20261019,PKG-EP-HOSP-001-DEPT-ICU-kpi_002-20261019,1,1.0,Derived from Step 2D-2 lineage register,Phase 2B|Phase 2C-1|Phase 2C-2|Phase 2C-3|Phase 2D-1|Phase 2D-2,Traceable
DPKG-PKG-EP-HOSP-001-DEPT-ICU-kpi_002-20261026-LN,DPKG-PKG-EP-HOSP-001-DEPT-ICU-kpi_002-20261026,PKG-EP-HOSP-001-DEPT-ICU-kpi_002-20261026,1,1.0,Derived from Step 2D-2 lineage register,Phase 2B|Phase 2C-1|Phase 2C-2|Phase 2C-3|Phase 2D-1|Phase 2D-2,Traceable
DPKG-PKG-EP-HOSP-001-DEPT-ICU-kpi_002-20261118-LN,DPKG-PKG-EP-HOSP-001-DEPT-ICU-kpi_002-20261118,PKG-EP-HOSP-001-DEPT-ICU-kpi_002-20261118,1,1.0,Derived from Step 2D-2 lineage register,Phase 2B|Phase 2C-1|Phase 2C-2|Phase 2C-3|Phase 2D-1|Phase 2D-2,Traceable
DPKG-PKG-EP-HOSP-001-DEPT-ICU-kpi_002-20261129-LN,DPKG-PKG-EP-HOSP-001-DEPT-ICU-kpi_002-20261129,PKG-EP-HOSP-001-DEPT-ICU-kpi_002-20261129,1,1.0,Derived from Step 2D-2 lineage register,Phase 2B|Phase 2C-1|Phase 2C-2|Phase 2C-3|Phase 2D-1|Phase 2D-2,Traceable
DPKG-PKG-EP-HOSP-001-DEPT-ICU-kpi_002-20261207-LN,DPKG-PKG-EP-HOSP-001-DEPT-ICU-kpi_002-20261207,PKG-EP-HOSP-001-DEPT-ICU-kpi_002-20261207,1,1.0,Derived from Step 2D-2 lineage register,Phase 2B|Phase 2C-1|Phase 2C-2|Phase 2C-3|Phase 2D-1|Phase 2D-2,Traceable
DPKG-PKG-EP-HOSP-001-DEPT-ICU-kpi_002-20261213-LN,DPKG-PKG-EP-HOSP-001-DEPT-ICU-kpi_002-20261213,PKG-EP-HOSP-001-DEPT-ICU-kpi_002-20261213,1,1.0,Derived from Step 2D-2 lineage register,Phase 2B|Phase 2C-1|Phase 2C-2|Phase 2C-3|Phase 2D-1|Phase 2D-2,Traceable
DPKG-PKG-EP-HOSP-001-DEPT-ICU-kpi_002-20261217-LN,DPKG-PKG-EP-HOSP-001-DEPT-ICU-kpi_002-20261217,PKG-EP-HOSP-001-DEPT-ICU-kpi_002-20261217,1,1.0,Derived from Step 2D-2 lineage register,Phase 2B|Phase 2C-1|Phase 2C-2|Phase 2C-3|Phase 2D-1|Phase 2D-2,Traceable
DPKG-PKG-EP-HOSP-001-DEPT-ICU-kpi_002-20261231-LN,DPKG-PKG-EP-HOSP-001-DEPT-ICU-kpi_002-20261231,PKG-EP-HOSP-001-DEPT-ICU-kpi_002-20261231,1,1.0,Derived from Step 2D-2 lineage register,Phase 2B|Phase 2C-1|Phase 2C-2|Phase 2C-3|Phase 2D-1|Phase 2D-2,Traceable
DPKG-PKG-EP-HOSP-001-DEPT-ICU-kpi_003-20260107-LN,DPKG-PKG-EP-HOSP-001-DEPT-ICU-kpi_003-20260107,PKG-EP-HOSP-001-DEPT-ICU-kpi_003-20260107,1,1.0,Derived from Step 2D-2 lineage register,Phase 2B|Phase 2C-1|Phase 2C-2|Phase 2C-3|Phase 2D-1|Phase 2D-2,Traceable
DPKG-PKG-EP-HOSP-001-DEPT-ICU-kpi_003-20260121-LN,DPKG-PKG-EP-HOSP-001-DEPT-ICU-kpi_003-20260121,PKG-EP-HOSP-001-DEPT-ICU-kpi_003-20260121,1,1.0,Derived from Step 2D-2 lineage register,Phase 2B|Phase 2C-1|Phase 2C-2|Phase 2C-3|Phase 2D-1|Phase 2D-2,Traceable
DPKG-PKG-EP-HOSP-001-DEPT-ICU-kpi_003-20260128-LN,DPKG-PKG-EP-HOSP-001-DEPT-ICU-kpi_003-20260128,PKG-EP-HOSP-001-DEPT-ICU-kpi_003-20260128,1,1.0,Derived from Step 2D-2 lineage register,Phase 2B|Phase 2C-1|Phase 2C-2|Phase 2C-3|Phase 2D-1|Phase 2D-2,Traceable
DPKG-PKG-EP-HOSP-001-DEPT-ICU-kpi_003-20260202-LN,DPKG-PKG-EP-HOSP-001-DEPT-ICU-kpi_003-20260202,PKG-EP-HOSP-001-DEPT-ICU-kpi_003-20260202,1,1.0,Derived from Step 2D-2 lineage register,Phase 2B|Phase 2C-1|Phase 2C-2|Phase 2C-3|Phase 2D-1|Phase 2D-2,Traceable
DPKG-PKG-EP-HOSP-001-DEPT-ICU-kpi_003-20260208-LN,DPKG-PKG-EP-HOSP-001-DEPT-ICU-kpi_003-20260208,PKG-EP-HOSP-001-DEPT-ICU-kpi_003-20260208,1,1.0,Derived from Step 2D-2 lineage register,Phase 2B|Phase 2C-1|Phase 2C-2|Phase 2C-3|Phase 2D-1|Phase 2D-2,Traceable
DPKG-PKG-EP-HOSP-001-DEPT-ICU-kpi_003-20260218-LN,DPKG-PKG-EP-HOSP-001-DEPT-ICU-kpi_003-20260218,PKG-EP-HOSP-001-DEPT-ICU-kpi_003-20260218,1,1.0,Derived from Step 2D-2 lineage register,Phase 2B|Phase 2C-1|Phase 2C-2|Phase 2C-3|Phase 2D-1|Phase 2D-2,Traceable
DPKG-PKG-EP-HOSP-001-DEPT-ICU-kpi_003-20260307-LN,DPKG-PKG-EP-HOSP-001-DEPT-ICU-kpi_003-20260307,PKG-EP-HOSP-001-DEPT-ICU-kpi_003-20260307,1,1.0,Derived from Step 2D-2 lineage register,Phase 2B|Phase 2C-1|Phase 2C-2|Phase 2C-3|Phase 2D-1|Phase 2D-2,Traceable
DPKG-PKG-EP-HOSP-001-DEPT-ICU-kpi_003-20260322-LN,DPKG-PKG-EP-HOSP-001-DEPT-ICU-kpi_003-20260322,PKG-EP-HOSP-001-DEPT-ICU-kpi_003-20260322,1,1.0,Derived from Step 2D-2 lineage register,Phase 2B|Phase 2C-1|Phase 2C-2|Phase 2C-3|Phase 2D-1|Phase 2D-2,Traceable
DPKG-PKG-EP-HOSP-001-DEPT-ICU-kpi_003-20260326-LN,DPKG-PKG-EP-HOSP-001-DEPT-ICU-kpi_003-20260326,PKG-EP-HOSP-001-DEPT-ICU-kpi_003-20260326,1,1.0,Derived from Step 2D-2 lineage register,Phase 2B|Phase 2C-1|Phase 2C-2|Phase 2C-3|Phase 2D-1|Phase 2D-2,Traceable
DPKG-PKG-EP-HOSP-001-DEPT-ICU-kpi_003-20260415-LN,DPKG-PKG-EP-HOSP-001-DEPT-ICU-kpi_003-20260415,PKG-EP-HOSP-001-DEPT-ICU-kpi_003-20260415,1,1.0,Derived from Step 2D-2 lineage register,Phase 2B|Phase 2C-1|Phase 2C-2|Phase 2C-3|Phase 2D-1|Phase 2D-2,Traceable
DPKG-PKG-EP-HOSP-001-DEPT-ICU-kpi_003-20260428-LN,DPKG-PKG-EP-HOSP-001-DEPT-ICU-kpi_003-20260428,PKG-EP-HOSP-001-DEPT-ICU-kpi_003-20260428,1,1.0,Derived from Step 2D-2 lineage register,Phase 2B|Phase 2C-1|Phase 2C-2|Phase 2C-3|Phase 2D-1|Phase 2D-2,Traceable
DPKG-PKG-EP-HOSP-001-DEPT-ICU-kpi_003-20260527-LN,DPKG-PKG-EP-HOSP-001-DEPT-ICU-kpi_003-20260527,PKG-EP-HOSP-001-DEPT-ICU-kpi_003-20260527,1,1.0,Derived from Step 2D-2 lineage register,Phase 2B|Phase 2C-1|Phase 2C-2|Phase 2C-3|Phase 2D-1|Phase 2D-2,Traceable
DPKG-PKG-EP-HOSP-001-DEPT-ICU-kpi_003-20260604-LN,DPKG-PKG-EP-HOSP-001-DEPT-ICU-kpi_003-20260604,PKG-EP-HOSP-001-DEPT-ICU-kpi_003-20260604,1,1.0,Derived from Step 2D-2 lineage register,Phase 2B|Phase 2C-1|Phase 2C-2|Phase 2C-3|Phase 2D-1|Phase 2D-2,Traceable
DPKG-PKG-EP-HOSP-001-DEPT-ICU-kpi_003-20260620-LN,DPKG-PKG-EP-HOSP-001-DEPT-ICU-kpi_003-20260620,PKG-EP-HOSP-001-DEPT-ICU-kpi_003-20260620,1,1.0,Derived from Step 2D-2 lineage register,Phase 2B|Phase 2C-1|Phase 2C-2|Phase 2C-3|Phase 2D-1|Phase 2D-2,Traceable
DPKG-PKG-EP-HOSP-001-DEPT-ICU-kpi_003-20260708-LN,DPKG-PKG-EP-HOSP-001-DEPT-ICU-kpi_003-20260708,PKG-EP-HOSP-001-DEPT-ICU-kpi_003-20260708,1,1.0,Derived from Step 2D-2 lineage register,Phase 2B|Phase 2C-1|Phase 2C-2|Phase 2C-3|Phase 2D-1|Phase 2D-2,Traceable
DPKG-PKG-EP-HOSP-001-DEPT-ICU-kpi_003-20260804-LN,DPKG-PKG-EP-HOSP-001-DEPT-ICU-kpi_003-20260804,PKG-EP-HOSP-001-DEPT-ICU-kpi_003-20260804,1,1.0,Derived from Step 2D-2 lineage register,Phase 2B|Phase 2C-1|Phase 2C-2|Phase 2C-3|Phase 2D-1|Phase 2D-2,Traceable
DPKG-PKG-EP-HOSP-001-DEPT-ICU-kpi_003-20260821-LN,DPKG-PKG-EP-HOSP-001-DEPT-ICU-kpi_003-20260821,PKG-EP-HOSP-001-DEPT-ICU-kpi_003-20260821,1,1.0,Derived from Step 2D-2 lineage register,Phase 2B|Phase 2C-1|Phase 2C-2|Phase 2C-3|Phase 2D-1|Phase 2D-2,Traceable
DPKG-PKG-EP-HOSP-001-DEPT-ICU-kpi_003-20260828-LN,DPKG-PKG-EP-HOSP-001-DEPT-ICU-kpi_003-20260828,PKG-EP-HOSP-001-DEPT-ICU-kpi_003-20260828,1,1.0,Derived from Step 2D-2 lineage register,Phase 2B|Phase 2C-1|Phase 2C-2|Phase 2C-3|Phase 2D-1|Phase 2D-2,Traceable
DPKG-PKG-EP-HOSP-001-DEPT-ICU-kpi_003-20260901-LN,DPKG-PKG-EP-HOSP-001-DEPT-ICU-kpi_003-20260901,PKG-EP-HOSP-001-DEPT-ICU-kpi_003-20260901,1,1.0,Derived from Step 2D-2 lineage register,Phase 2B|Phase 2C-1|Phase 2C-2|Phase 2C-3|Phase 2D-1|Phase 2D-2,Traceable
DPKG-PKG-EP-HOSP-001-DEPT-ICU-kpi_003-20260912-LN,DPKG-PKG-EP-HOSP-001-DEPT-ICU-kpi_003-20260912,PKG-EP-HOSP-001-DEPT-ICU-kpi_003-20260912,1,1.0,Derived from Step 2D-2 lineage register,Phase 2B|Phase 2C-1|Phase 2C-2|Phase 2C-3|Phase 2D-1|Phase 2D-2,Traceable
DPKG-PKG-EP-HOSP-001-DEPT-ICU-kpi_003-20260926-LN,DPKG-PKG-EP-HOSP-001-DEPT-ICU-kpi_003-20260926,PKG-EP-HOSP-001-DEPT-ICU-kpi_003-20260926,1,1.0,Derived from Step 2D-2 lineage register,Phase 2B|Phase 2C-1|Phase 2C-2|Phase 2C-3|Phase 2D-1|Phase 2D-2,Traceable
DPKG-PKG-EP-HOSP-001-DEPT-ICU-kpi_003-20261001-LN,DPKG-PKG-EP-HOSP-001-DEPT-ICU-kpi_003-20261001,PKG-EP-HOSP-001-DEPT-ICU-kpi_003-20261001,1,1.0,Derived from Step 2D-2 lineage register,Phase 2B|Phase 2C-1|Phase 2C-2|Phase 2C-3|Phase 2D-1|Phase 2D-2,Traceable
DPKG-PKG-EP-HOSP-001-DEPT-ICU-kpi_003-20261007-LN,DPKG-PKG-EP-HOSP-001-DEPT-ICU-kpi_003-20261007,PKG-EP-HOSP-001-DEPT-ICU-kpi_003-20261007,1,1.0,Derived from Step 2D-2 lineage register,Phase 2B|Phase 2C-1|Phase 2C-2|Phase 2C-3|Phase 2D-1|Phase 2D-2,Traceable
DPKG-PKG-EP-HOSP-001-DEPT-ICU-kpi_003-20261020-LN,DPKG-PKG-EP-HOSP-001-DEPT-ICU-kpi_003-20261020,PKG-EP-HOSP-001-DEPT-ICU-kpi_003-20261020,1,1.0,Derived from Step 2D-2 lineage register,Phase 2B|Phase 2C-1|Phase 2C-2|Phase 2C-3|Phase 2D-1|Phase 2D-2,Traceable
DPKG-PKG-EP-HOSP-001-DEPT-ICU-kpi_003-20261025-LN,DPKG-PKG-EP-HOSP-001-DEPT-ICU-kpi_003-20261025,PKG-EP-HOSP-001-DEPT-ICU-kpi_003-20261025,1,1.0,Derived from Step 2D-2 lineage register,Phase 2B|Phase 2C-1|Phase 2C-2|Phase 2C-3|Phase 2D-1|Phase 2D-2,Traceable
DPKG-PKG-EP-HOSP-001-DEPT-ICU-kpi_003-20261101-LN,DPKG-PKG-EP-HOSP-001-DEPT-ICU-kpi_003-20261101,PKG-EP-HOSP-001-DEPT-ICU-kpi_003-20261101,1,1.0,Derived from Step 2D-2 lineage register,Phase 2B|Phase 2C-1|Phase 2C-2|Phase 2C-3|Phase 2D-1|Phase 2D-2,Traceable
DPKG-PKG-EP-HOSP-001-DEPT-ICU-kpi_003-20261109-LN,DPKG-PKG-EP-HOSP-001-DEPT-ICU-kpi_003-20261109,PKG-EP-HOSP-001-DEPT-ICU-kpi_003-20261109,1,1.0,Derived from Step 2D-2 lineage register,Phase 2B|Phase 2C-1|Phase 2C-2|Phase 2C-3|Phase 2D-1|Phase 2D-2,Traceable
DPKG-PKG-EP-HOSP-001-DEPT-ICU-kpi_003-20261125-LN,DPKG-PKG-EP-HOSP-001-DEPT-ICU-kpi_003-20261125,PKG-EP-HOSP-001-DEPT-ICU-kpi_003-20261125,1,1.0,Derived from Step 2D-2 lineage register,Phase 2B|Phase 2C-1|Phase 2C-2|Phase 2C-3|Phase 2D-1|Phase 2D-2,Traceable
DPKG-PKG-EP-HOSP-001-DEPT-ICU-kpi_003-20261202-LN,DPKG-PKG-EP-HOSP-001-DEPT-ICU-kpi_003-20261202,PKG-EP-HOSP-001-DEPT-ICU-kpi_003-20261202,1,1.0,Derived from Step 2D-2 lineage register,Phase 2B|Phase 2C-1|Phase 2C-2|Phase 2C-3|Phase 2D-1|Phase 2D-2,Traceable
DPKG-PKG-EP-HOSP-001-DEPT-ICU-kpi_003-20261211-LN,DPKG-PKG-EP-HOSP-001-DEPT-ICU-kpi_003-20261211,PKG-EP-HOSP-001-DEPT-ICU-kpi_003-20261211,1,1.0,Derived from Step 2D-2 lineage register,Phase 2B|Phase 2C-1|Phase 2C-2|Phase 2C-3|Phase 2D-1|Phase 2D-2,Traceable
DPKG-PKG-EP-HOSP-001-DEPT-ICU-kpi_003-20261215-LN,DPKG-PKG-EP-HOSP-001-DEPT-ICU-kpi_003-20261215,PKG-EP-HOSP-001-DEPT-ICU-kpi_003-20261215,1,1.0,Derived from Step 2D-2 lineage register,Phase 2B|Phase 2C-1|Phase 2C-2|Phase 2C-3|Phase 2D-1|Phase 2D-2,Traceable
DPKG-PKG-EP-HOSP-001-DEPT-ICU-kpi_003-20261219-LN,DPKG-PKG-EP-HOSP-001-DEPT-ICU-kpi_003-20261219,PKG-EP-HOSP-001-DEPT-ICU-kpi_003-20261219,1,1.0,Derived from Step 2D-2 lineage register,Phase 2B|Phase 2C-1|Phase 2C-2|Phase 2C-3|Phase 2D-1|Phase 2D-2,Traceable
DPKG-PKG-EP-HOSP-001-DEPT-ICU-kpi_003-20261224-LN,DPKG-PKG-EP-HOSP-001-DEPT-ICU-kpi_003-20261224,PKG-EP-HOSP-001-DEPT-ICU-kpi_003-20261224,1,1.0,Derived from Step 2D-2 lineage register,Phase 2B|Phase 2C-1|Phase 2C-2|Phase 2C-3|Phase 2D-1|Phase 2D-2,Traceable
DPKG-PKG-EP-HOSP-001-DEPT-ICU-kpi_006-20260215-LN,DPKG-PKG-EP-HOSP-001-DEPT-ICU-kpi_006-20260215,PKG-EP-HOSP-001-DEPT-ICU-kpi_006-20260215,1,1.0,Derived from Step 2D-2 lineage register,Phase 2B|Phase 2C-1|Phase 2C-2|Phase 2C-3|Phase 2D-1|Phase 2D-2,Traceable
DPKG-PKG-EP-HOSP-001-DEPT-ICU-kpi_006-20260403-LN,DPKG-PKG-EP-HOSP-001-DEPT-ICU-kpi_006-20260403,PKG-EP-HOSP-001-DEPT-ICU-kpi_006-20260403,1,1.0,Derived from Step 2D-2 lineage register,Phase 2B|Phase 2C-1|Phase 2C-2|Phase 2C-3|Phase 2D-1|Phase 2D-2,Traceable
DPKG-PKG-EP-HOSP-001-DEPT-ICU-kpi_006-20260411-LN,DPKG-PKG-EP-HOSP-001-DEPT-ICU-kpi_006-20260411,PKG-EP-HOSP-001-DEPT-ICU-kpi_006-20260411,1,1.0,Derived from Step 2D-2 lineage register,Phase 2B|Phase 2C-1|Phase 2C-2|Phase 2C-3|Phase 2D-1|Phase 2D-2,Traceable
DPKG-PKG-EP-HOSP-001-DEPT-ICU-kpi_006-20260509-LN,DPKG-PKG-EP-HOSP-001-DEPT-ICU-kpi_006-20260509,PKG-EP-HOSP-001-DEPT-ICU-kpi_006-20260509,1,1.0,Derived from Step 2D-2 lineage register,Phase 2B|Phase 2C-1|Phase 2C-2|Phase 2C-3|Phase 2D-1|Phase 2D-2,Traceable
DPKG-PKG-EP-HOSP-001-DEPT-ICU-kpi_006-20260515-LN,DPKG-PKG-EP-HOSP-001-DEPT-ICU-kpi_006-20260515,PKG-EP-HOSP-001-DEPT-ICU-kpi_006-20260515,1,1.0,Derived from Step 2D-2 lineage register,Phase 2B|Phase 2C-1|Phase 2C-2|Phase 2C-3|Phase 2D-1|Phase 2D-2,Traceable
DPKG-PKG-EP-HOSP-001-DEPT-ICU-kpi_006-20260603-LN,DPKG-PKG-EP-HOSP-001-DEPT-ICU-kpi_006-20260603,PKG-EP-HOSP-001-DEPT-ICU-kpi_006-20260603,1,1.0,Derived from Step 2D-2 lineage register,Phase 2B|Phase 2C-1|Phase 2C-2|Phase 2C-3|Phase 2D-1|Phase 2D-2,Traceable
DPKG-PKG-EP-HOSP-001-DEPT-ICU-kpi_006-20260619-LN,DPKG-PKG-EP-HOSP-001-DEPT-ICU-kpi_006-20260619,PKG-EP-HOSP-001-DEPT-ICU-kpi_006-20260619,1,1.0,Derived from Step 2D-2 lineage register,Phase 2B|Phase 2C-1|Phase 2C-2|Phase 2C-3|Phase 2D-1|Phase 2D-2,Traceable
DPKG-PKG-EP-HOSP-001-DEPT-ICU-kpi_006-20260623-LN,DPKG-PKG-EP-HOSP-001-DEPT-ICU-kpi_006-20260623,PKG-EP-HOSP-001-DEPT-ICU-kpi_006-20260623,1,1.0,Derived from Step 2D-2 lineage register,Phase 2B|Phase 2C-1|Phase 2C-2|Phase 2C-3|Phase 2D-1|Phase 2D-2,Traceable
DPKG-PKG-EP-HOSP-001-DEPT-ICU-kpi_006-20260628-LN,DPKG-PKG-EP-HOSP-001-DEPT-ICU-kpi_006-20260628,PKG-EP-HOSP-001-DEPT-ICU-kpi_006-20260628,1,1.0,Derived from Step 2D-2 lineage register,Phase 2B|Phase 2C-1|Phase 2C-2|Phase 2C-3|Phase 2D-1|Phase 2D-2,Traceable
DPKG-PKG-EP-HOSP-001-DEPT-ICU-kpi_006-20260716-LN,DPKG-PKG-EP-HOSP-001-DEPT-ICU-kpi_006-20260716,PKG-EP-HOSP-001-DEPT-ICU-kpi_006-20260716,1,1.0,Derived from Step 2D-2 lineage register,Phase 2B|Phase 2C-1|Phase 2C-2|Phase 2C-3|Phase 2D-1|Phase 2D-2,Traceable
DPKG-PKG-EP-HOSP-001-DEPT-ICU-kpi_006-20260725-LN,DPKG-PKG-EP-HOSP-001-DEPT-ICU-kpi_006-20260725,PKG-EP-HOSP-001-DEPT-ICU-kpi_006-20260725,1,1.0,Derived from Step 2D-2 lineage register,Phase 2B|Phase 2C-1|Phase 2C-2|Phase 2C-3|Phase 2D-1|Phase 2D-2,Traceable
DPKG-PKG-EP-HOSP-001-DEPT-ICU-kpi_006-20260730-LN,DPKG-PKG-EP-HOSP-001-DEPT-ICU-kpi_006-20260730,PKG-EP-HOSP-001-DEPT-ICU-kpi_006-20260730,1,1.0,Derived from Step 2D-2 lineage register,Phase 2B|Phase 2C-1|Phase 2C-2|Phase 2C-3|Phase 2D-1|Phase 2D-2,Traceable
DPKG-PKG-EP-HOSP-001-DEPT-ICU-kpi_006-20260809-LN,DPKG-PKG-EP-HOSP-001-DEPT-ICU-kpi_006-20260809,PKG-EP-HOSP-001-DEPT-ICU-kpi_006-20260809,1,1.0,Derived from Step 2D-2 lineage register,Phase 2B|Phase 2C-1|Phase 2C-2|Phase 2C-3|Phase 2D-1|Phase 2D-2,Traceable
DPKG-PKG-EP-HOSP-001-DEPT-ICU-kpi_006-20260824-LN,DPKG-PKG-EP-HOSP-001-DEPT-ICU-kpi_006-20260824,PKG-EP-HOSP-001-DEPT-ICU-kpi_006-20260824,1,1.0,Derived from Step 2D-2 lineage register,Phase 2B|Phase 2C-1|Phase 2C-2|Phase 2C-3|Phase 2D-1|Phase 2D-2,Traceable
DPKG-PKG-EP-HOSP-001-DEPT-ICU-kpi_006-20260903-LN,DPKG-PKG-EP-HOSP-001-DEPT-ICU-kpi_006-20260903,PKG-EP-HOSP-001-DEPT-ICU-kpi_006-20260903,1,1.0,Derived from Step 2D-2 lineage register,Phase 2B|Phase 2C-1|Phase 2C-2|Phase 2C-3|Phase 2D-1|Phase 2D-2,Traceable
DPKG-PKG-EP-HOSP-001-DEPT-ICU-kpi_006-20260910-LN,DPKG-PKG-EP-HOSP-001-DEPT-ICU-kpi_006-20260910,PKG-EP-HOSP-001-DEPT-ICU-kpi_006-20260910,1,1.0,Derived from Step 2D-2 lineage register,Phase 2B|Phase 2C-1|Phase 2C-2|Phase 2C-3|Phase 2D-1|Phase 2D-2,Traceable
DPKG-PKG-EP-HOSP-001-DEPT-ICU-kpi_006-20261012-LN,DPKG-PKG-EP-HOSP-001-DEPT-ICU-kpi_006-20261012,PKG-EP-HOSP-001-DEPT-ICU-kpi_006-20261012,1,1.0,Derived from Step 2D-2 lineage register,Phase 2B|Phase 2C-1|Phase 2C-2|Phase 2C-3|Phase 2D-1|Phase 2D-2,Traceable
DPKG-PKG-EP-HOSP-001-DEPT-ICU-kpi_006-20261022-LN,DPKG-PKG-EP-HOSP-001-DEPT-ICU-kpi_006-20261022,PKG-EP-HOSP-001-DEPT-ICU-kpi_006-20261022,1,1.0,Derived from Step 2D-2 lineage register,Phase 2B|Phase 2C-1|Phase 2C-2|Phase 2C-3|Phase 2D-1|Phase 2D-2,Traceable
DPKG-PKG-EP-HOSP-001-DEPT-ICU-kpi_006-20261112-LN,DPKG-PKG-EP-HOSP-001-DEPT-ICU-kpi_006-20261112,PKG-EP-HOSP-001-DEPT-ICU-kpi_006-20261112,1,1.0,Derived from Step 2D-2 lineage register,Phase 2B|Phase 2C-1|Phase 2C-2|Phase 2C-3|Phase 2D-1|Phase 2D-2,Traceable
DPKG-PKG-EP-HOSP-001-DEPT-ICU-kpi_006-20261117-LN,DPKG-PKG-EP-HOSP-001-DEPT-ICU-kpi_006-20261117,PKG-EP-HOSP-001-DEPT-ICU-kpi_006-20261117,1,1.0,Derived from Step 2D-2 lineage register,Phase 2B|Phase 2C-1|Phase 2C-2|Phase 2C-3|Phase 2D-1|Phase 2D-2,Traceable
DPKG-PKG-EP-HOSP-001-DEPT-ICU-kpi_006-20261126-LN,DPKG-PKG-EP-HOSP-001-DEPT-ICU-kpi_006-20261126,PKG-EP-HOSP-001-DEPT-ICU-kpi_006-20261126,1,1.0,Derived from Step 2D-2 lineage register,Phase 2B|Phase 2C-1|Phase 2C-2|Phase 2C-3|Phase 2D-1|Phase 2D-2,Traceable
DPKG-PKG-EP-HOSP-001-DEPT-ICU-kpi_006-20261205-LN,DPKG-PKG-EP-HOSP-001-DEPT-ICU-kpi_006-20261205,PKG-EP-HOSP-001-DEPT-ICU-kpi_006-20261205,1,1.0,Derived from Step 2D-2 lineage register,Phase 2B|Phase 2C-1|Phase 2C-2|Phase 2C-3|Phase 2D-1|Phase 2D-2,Traceable
DPKG-PKG-EP-HOSP-001-DEPT-ICU-kpi_006-20261216-LN,DPKG-PKG-EP-HOSP-001-DEPT-ICU-kpi_006-20261216,PKG-EP-HOSP-001-DEPT-ICU-kpi_006-20261216,1,1.0,Derived from Step 2D-2 lineage register,Phase 2B|Phase 2C-1|Phase 2C-2|Phase 2C-3|Phase 2D-1|Phase 2D-2,Traceable
DPKG-PKG-EP-HOSP-001-DEPT-ICU-kpi_006-20261220-LN,DPKG-PKG-EP-HOSP-001-DEPT-ICU-kpi_006-20261220,PKG-EP-HOSP-001-DEPT-ICU-kpi_006-20261220,1,1.0,Derived from Step 2D-2 lineage register,Phase 2B|Phase 2C-1|Phase 2C-2|Phase 2C-3|Phase 2D-1|Phase 2D-2,Traceable
DPKG-PKG-EP-HOSP-001-DEPT-MED-kpi_001-20260116-LN,DPKG-PKG-EP-HOSP-001-DEPT-MED-kpi_001-20260116,PKG-EP-HOSP-001-DEPT-MED-kpi_001-20260116,1,1.0,Derived from Step 2D-2 lineage register,Phase 2B|Phase 2C-1|Phase 2C-2|Phase 2C-3|Phase 2D-1|Phase 2D-2,Traceable
DPKG-PKG-EP-HOSP-001-DEPT-MED-kpi_001-20260208-LN,DPKG-PKG-EP-HOSP-001-DEPT-MED-kpi_001-20260208,PKG-EP-HOSP-001-DEPT-MED-kpi_001-20260208,1,1.0,Derived from Step 2D-2 lineage register,Phase 2B|Phase 2C-1|Phase 2C-2|Phase 2C-3|Phase 2D-1|Phase 2D-2,Traceable
DPKG-PKG-EP-HOSP-001-DEPT-MED-kpi_001-20260330-LN,DPKG-PKG-EP-HOSP-001-DEPT-MED-kpi_001-20260330,PKG-EP-HOSP-001-DEPT-MED-kpi_001-20260330,1,1.0,Derived from Step 2D-2 lineage register,Phase 2B|Phase 2C-1|Phase 2C-2|Phase 2C-3|Phase 2D-1|Phase 2D-2,Traceable
DPKG-PKG-EP-HOSP-001-DEPT-MED-kpi_001-20260408-LN,DPKG-PKG-EP-HOSP-001-DEPT-MED-kpi_001-20260408,PKG-EP-HOSP-001-DEPT-MED-kpi_001-20260408,1,1.0,Derived from Step 2D-2 lineage register,Phase 2B|Phase 2C-1|Phase 2C-2|Phase 2C-3|Phase 2D-1|Phase 2D-2,Traceable
DPKG-PKG-EP-HOSP-001-DEPT-MED-kpi_001-20260421-LN,DPKG-PKG-EP-HOSP-001-DEPT-MED-kpi_001-20260421,PKG-EP-HOSP-001-DEPT-MED-kpi_001-20260421,1,1.0,Derived from Step 2D-2 lineage register,Phase 2B|Phase 2C-1|Phase 2C-2|Phase 2C-3|Phase 2D-1|Phase 2D-2,Traceable
DPKG-PKG-EP-HOSP-001-DEPT-MED-kpi_001-20260502-LN,DPKG-PKG-EP-HOSP-001-DEPT-MED-kpi_001-20260502,PKG-EP-HOSP-001-DEPT-MED-kpi_001-20260502,1,1.0,Derived from Step 2D-2 lineage register,Phase 2B|Phase 2C-1|Phase 2C-2|Phase 2C-3|Phase 2D-1|Phase 2D-2,Traceable
DPKG-PKG-EP-HOSP-001-DEPT-MED-kpi_001-20260605-LN,DPKG-PKG-EP-HOSP-001-DEPT-MED-kpi_001-20260605,PKG-EP-HOSP-001-DEPT-MED-kpi_001-20260605,1,1.0,Derived from Step 2D-2 lineage register,Phase 2B|Phase 2C-1|Phase 2C-2|Phase 2C-3|Phase 2D-1|Phase 2D-2,Traceable
DPKG-PKG-EP-HOSP-001-DEPT-MED-kpi_001-20260616-LN,DPKG-PKG-EP-HOSP-001-DEPT-MED-kpi_001-20260616,PKG-EP-HOSP-001-DEPT-MED-kpi_001-20260616,1,1.0,Derived from Step 2D-2 lineage register,Phase 2B|Phase 2C-1|Phase 2C-2|Phase 2C-3|Phase 2D-1|Phase 2D-2,Traceable
DPKG-PKG-EP-HOSP-001-DEPT-MED-kpi_001-20260717-LN,DPKG-PKG-EP-HOSP-001-DEPT-MED-kpi_001-20260717,PKG-EP-HOSP-001-DEPT-MED-kpi_001-20260717,1,1.0,Derived from Step 2D-2 lineage register,Phase 2B|Phase 2C-1|Phase 2C-2|Phase 2C-3|Phase 2D-1|Phase 2D-2,Traceable
DPKG-PKG-EP-HOSP-001-DEPT-MED-kpi_001-20260723-LN,DPKG-PKG-EP-HOSP-001-DEPT-MED-kpi_001-20260723,PKG-EP-HOSP-001-DEPT-MED-kpi_001-20260723,1,1.0,Derived from Step 2D-2 lineage register,Phase 2B|Phase 2C-1|Phase 2C-2|Phase 2C-3|Phase 2D-1|Phase 2D-2,Traceable
DPKG-PKG-EP-HOSP-001-DEPT-MED-kpi_001-20260728-LN,DPKG-PKG-EP-HOSP-001-DEPT-MED-kpi_001-20260728,PKG-EP-HOSP-001-DEPT-MED-kpi_001-20260728,1,1.0,Derived from Step 2D-2 lineage register,Phase 2B|Phase 2C-1|Phase 2C-2|Phase 2C-3|Phase 2D-1|Phase 2D-2,Traceable
DPKG-PKG-EP-HOSP-001-DEPT-MED-kpi_001-20260916-LN,DPKG-PKG-EP-HOSP-001-DEPT-MED-kpi_001-20260916,PKG-EP-HOSP-001-DEPT-MED-kpi_001-20260916,1,1.0,Derived from Step 2D-2 lineage register,Phase 2B|Phase 2C-1|Phase 2C-2|Phase 2C-3|Phase 2D-1|Phase 2D-2,Traceable
DPKG-PKG-EP-HOSP-001-DEPT-MED-kpi_001-20261008-LN,DPKG-PKG-EP-HOSP-001-DEPT-MED-kpi_001-20261008,PKG-EP-HOSP-001-DEPT-MED-kpi_001-20261008,1,1.0,Derived from Step 2D-2 lineage register,Phase 2B|Phase 2C-1|Phase 2C-2|Phase 2C-3|Phase 2D-1|Phase 2D-2,Traceable
DPKG-PKG-EP-HOSP-001-DEPT-MED-kpi_001-20261102-LN,DPKG-PKG-EP-HOSP-001-DEPT-MED-kpi_001-20261102,PKG-EP-HOSP-001-DEPT-MED-kpi_001-20261102,1,1.0,Derived from Step 2D-2 lineage register,Phase 2B|Phase 2C-1|Phase 2C-2|Phase 2C-3|Phase 2D-1|Phase 2D-2,Traceable
DPKG-PKG-EP-HOSP-001-DEPT-MED-kpi_001-20261107-LN,DPKG-PKG-EP-HOSP-001-DEPT-MED-kpi_001-20261107,PKG-EP-HOSP-001-DEPT-MED-kpi_001-20261107,1,1.0,Derived from Step 2D-2 lineage register,Phase 2B|Phase 2C-1|Phase 2C-2|Phase 2C-3|Phase 2D-1|Phase 2D-2,Traceable
DPKG-PKG-EP-HOSP-001-DEPT-MED-kpi_001-20261219-LN,DPKG-PKG-EP-HOSP-001-DEPT-MED-kpi_001-20261219,PKG-EP-HOSP-001-DEPT-MED-kpi_001-20261219,1,1.0,Derived from Step 2D-2 lineage register,Phase 2B|Phase 2C-1|Phase 2C-2|Phase 2C-3|Phase 2D-1|Phase 2D-2,Traceable
DPKG-PKG-EP-HOSP-001-DEPT-MED-kpi_001-20261228-LN,DPKG-PKG-EP-HOSP-001-DEPT-MED-kpi_001-20261228,PKG-EP-HOSP-001-DEPT-MED-kpi_001-20261228,1,1.0,Derived from Step 2D-2 lineage register,Phase 2B|Phase 2C-1|Phase 2C-2|Phase 2C-3|Phase 2D-1|Phase 2D-2,Traceable
DPKG-PKG-EP-HOSP-001-DEPT-MED-kpi_002-20260128-LN,DPKG-PKG-EP-HOSP-001-DEPT-MED-kpi_002-20260128,PKG-EP-HOSP-001-DEPT-MED-kpi_002-20260128,1,1.0,Derived from Step 2D-2 lineage register,Phase 2B|Phase 2C-1|Phase 2C-2|Phase 2C-3|Phase 2D-1|Phase 2D-2,Traceable
DPKG-PKG-EP-HOSP-001-DEPT-MED-kpi_002-20260209-LN,DPKG-PKG-EP-HOSP-001-DEPT-MED-kpi_002-20260209,PKG-EP-HOSP-001-DEPT-MED-kpi_002-20260209,1,1.0,Derived from Step 2D-2 lineage register,Phase 2B|Phase 2C-1|Phase 2C-2|Phase 2C-3|Phase 2D-1|Phase 2D-2,Traceable
DPKG-PKG-EP-HOSP-001-DEPT-MED-kpi_002-20260222-LN,DPKG-PKG-EP-HOSP-001-DEPT-MED-kpi_002-20260222,PKG-EP-HOSP-001-DEPT-MED-kpi_002-20260222,1,1.0,Derived from Step 2D-2 lineage register,Phase 2B|Phase 2C-1|Phase 2C-2|Phase 2C-3|Phase 2D-1|Phase 2D-2,Traceable
DPKG-PKG-EP-HOSP-001-DEPT-MED-kpi_002-20260322-LN,DPKG-PKG-EP-HOSP-001-DEPT-MED-kpi_002-20260322,PKG-EP-HOSP-001-DEPT-MED-kpi_002-20260322,1,1.0,Derived from Step 2D-2 lineage register,Phase 2B|Phase 2C-1|Phase 2C-2|Phase 2C-3|Phase 2D-1|Phase 2D-2,Traceable
DPKG-PKG-EP-HOSP-001-DEPT-MED-kpi_002-20260403-LN,DPKG-PKG-EP-HOSP-001-DEPT-MED-kpi_002-20260403,PKG-EP-HOSP-001-DEPT-MED-kpi_002-20260403,1,1.0,Derived from Step 2D-2 lineage register,Phase 2B|Phase 2C-1|Phase 2C-2|Phase 2C-3|Phase 2D-1|Phase 2D-2,Traceable
DPKG-PKG-EP-HOSP-001-DEPT-MED-kpi_002-20260411-LN,DPKG-PKG-EP-HOSP-001-DEPT-MED-kpi_002-20260411,PKG-EP-HOSP-001-DEPT-MED-kpi_002-20260411,1,1.0,Derived from Step 2D-2 lineage register,Phase 2B|Phase 2C-1|Phase 2C-2|Phase 2C-3|Phase 2D-1|Phase 2D-2,Traceable
DPKG-PKG-EP-HOSP-001-DEPT-MED-kpi_002-20260505-LN,DPKG-PKG-EP-HOSP-001-DEPT-MED-kpi_002-20260505,PKG-EP-HOSP-001-DEPT-MED-kpi_002-20260505,1,1.0,Derived from Step 2D-2 lineage register,Phase 2B|Phase 2C-1|Phase 2C-2|Phase 2C-3|Phase 2D-1|Phase 2D-2,Traceable
DPKG-PKG-EP-HOSP-001-DEPT-MED-kpi_002-20260601-LN,DPKG-PKG-EP-HOSP-001-DEPT-MED-kpi_002-20260601,PKG-EP-HOSP-001-DEPT-MED-kpi_002-20260601,1,1.0,Derived from Step 2D-2 lineage register,Phase 2B|Phase 2C-1|Phase 2C-2|Phase 2C-3|Phase 2D-1|Phase 2D-2,Traceable
DPKG-PKG-EP-HOSP-001-DEPT-MED-kpi_002-20260608-LN,DPKG-PKG-EP-HOSP-001-DEPT-MED-kpi_002-20260608,PKG-EP-HOSP-001-DEPT-MED-kpi_002-20260608,1,1.0,Derived from Step 2D-2 lineage register,Phase 2B|Phase 2C-1|Phase 2C-2|Phase 2C-3|Phase 2D-1|Phase 2D-2,Traceable
DPKG-PKG-EP-HOSP-001-DEPT-MED-kpi_002-20260617-LN,DPKG-PKG-EP-HOSP-001-DEPT-MED-kpi_002-20260617,PKG-EP-HOSP-001-DEPT-MED-kpi_002-20260617,1,1.0,Derived from Step 2D-2 lineage register,Phase 2B|Phase 2C-1|Phase 2C-2|Phase 2C-3|Phase 2D-1|Phase 2D-2,Traceable
DPKG-PKG-EP-HOSP-001-DEPT-MED-kpi_002-20260624-LN,DPKG-PKG-EP-HOSP-001-DEPT-MED-kpi_002-20260624,PKG-EP-HOSP-001-DEPT-MED-kpi_002-20260624,1,1.0,Derived from Step 2D-2 lineage register,Phase 2B|Phase 2C-1|Phase 2C-2|Phase 2C-3|Phase 2D-1|Phase 2D-2,Traceable
DPKG-PKG-EP-HOSP-001-DEPT-MED-kpi_002-20260701-LN,DPKG-PKG-EP-HOSP-001-DEPT-MED-kpi_002-20260701,PKG-EP-HOSP-001-DEPT-MED-kpi_002-20260701,1,1.0,Derived from Step 2D-2 lineage register,Phase 2B|Phase 2C-1|Phase 2C-2|Phase 2C-3|Phase 2D-1|Phase 2D-2,Traceable
DPKG-PKG-EP-HOSP-001-DEPT-MED-kpi_002-20260709-LN,DPKG-PKG-EP-HOSP-001-DEPT-MED-kpi_002-20260709,PKG-EP-HOSP-001-DEPT-MED-kpi_002-20260709,1,1.0,Derived from Step 2D-2 lineage register,Phase 2B|Phase 2C-1|Phase 2C-2|Phase 2C-3|Phase 2D-1|Phase 2D-2,Traceable
DPKG-PKG-EP-HOSP-001-DEPT-MED-kpi_002-20260802-LN,DPKG-PKG-EP-HOSP-001-DEPT-MED-kpi_002-20260802,PKG-EP-HOSP-001-DEPT-MED-kpi_002-20260802,1,1.0,Derived from Step 2D-2 lineage register,Phase 2B|Phase 2C-1|Phase 2C-2|Phase 2C-3|Phase 2D-1|Phase 2D-2,Traceable
DPKG-PKG-EP-HOSP-001-DEPT-MED-kpi_002-20261111-LN,DPKG-PKG-EP-HOSP-001-DEPT-MED-kpi_002-20261111,PKG-EP-HOSP-001-DEPT-MED-kpi_002-20261111,1,1.0,Derived from Step 2D-2 lineage register,Phase 2B|Phase 2C-1|Phase 2C-2|Phase 2C-3|Phase 2D-1|Phase 2D-2,Traceable
DPKG-PKG-EP-HOSP-001-DEPT-MED-kpi_003-20260405-LN,DPKG-PKG-EP-HOSP-001-DEPT-MED-kpi_003-20260405,PKG-EP-HOSP-001-DEPT-MED-kpi_003-20260405,1,1.0,Derived from Step 2D-2 lineage register,Phase 2B|Phase 2C-1|Phase 2C-2|Phase 2C-3|Phase 2D-1|Phase 2D-2,Traceable
DPKG-PKG-EP-HOSP-001-DEPT-MED-kpi_003-20260412-LN,DPKG-PKG-EP-HOSP-001-DEPT-MED-kpi_003-20260412,PKG-EP-HOSP-001-DEPT-MED-kpi_003-20260412,1,1.0,Derived from Step 2D-2 lineage register,Phase 2B|Phase 2C-1|Phase 2C-2|Phase 2C-3|Phase 2D-1|Phase 2D-2,Traceable
DPKG-PKG-EP-HOSP-001-DEPT-MED-kpi_003-20260429-LN,DPKG-PKG-EP-HOSP-001-DEPT-MED-kpi_003-20260429,PKG-EP-HOSP-001-DEPT-MED-kpi_003-20260429,1,1.0,Derived from Step 2D-2 lineage register,Phase 2B|Phase 2C-1|Phase 2C-2|Phase 2C-3|Phase 2D-1|Phase 2D-2,Traceable
DPKG-PKG-EP-HOSP-001-DEPT-MED-kpi_003-20260506-LN,DPKG-PKG-EP-HOSP-001-DEPT-MED-kpi_003-20260506,PKG-EP-HOSP-001-DEPT-MED-kpi_003-20260506,1,1.0,Derived from Step 2D-2 lineage register,Phase 2B|Phase 2C-1|Phase 2C-2|Phase 2C-3|Phase 2D-1|Phase 2D-2,Traceable
DPKG-PKG-EP-HOSP-001-DEPT-MED-kpi_003-20260510-LN,DPKG-PKG-EP-HOSP-001-DEPT-MED-kpi_003-20260510,PKG-EP-HOSP-001-DEPT-MED-kpi_003-20260510,1,1.0,Derived from Step 2D-2 lineage register,Phase 2B|Phase 2C-1|Phase 2C-2|Phase 2C-3|Phase 2D-1|Phase 2D-2,Traceable
DPKG-PKG-EP-HOSP-001-DEPT-MED-kpi_003-20260519-LN,DPKG-PKG-EP-HOSP-001-DEPT-MED-kpi_003-20260519,PKG-EP-HOSP-001-DEPT-MED-kpi_003-20260519,1,1.0,Derived from Step 2D-2 lineage register,Phase 2B|Phase 2C-1|Phase 2C-2|Phase 2C-3|Phase 2D-1|Phase 2D-2,Traceable
DPKG-PKG-EP-HOSP-001-DEPT-MED-kpi_003-20260527-LN,DPKG-PKG-EP-HOSP-001-DEPT-MED-kpi_003-20260527,PKG-EP-HOSP-001-DEPT-MED-kpi_003-20260527,1,1.0,Derived from Step 2D-2 lineage register,Phase 2B|Phase 2C-1|Phase 2C-2|Phase 2C-3|Phase 2D-1|Phase 2D-2,Traceable
DPKG-PKG-EP-HOSP-001-DEPT-MED-kpi_003-20260621-LN,DPKG-PKG-EP-HOSP-001-DEPT-MED-kpi_003-20260621,PKG-EP-HOSP-001-DEPT-MED-kpi_003-20260621,1,1.0,Derived from Step 2D-2 lineage register,Phase 2B|Phase 2C-1|Phase 2C-2|Phase 2C-3|Phase 2D-1|Phase 2D-2,Traceable
DPKG-PKG-EP-HOSP-001-DEPT-MED-kpi_003-20260626-LN,DPKG-PKG-EP-HOSP-001-DEPT-MED-kpi_003-20260626,PKG-EP-HOSP-001-DEPT-MED-kpi_003-20260626,1,1.0,Derived from Step 2D-2 lineage register,Phase 2B|Phase 2C-1|Phase 2C-2|Phase 2C-3|Phase 2D-1|Phase 2D-2,Traceable
DPKG-PKG-EP-HOSP-001-DEPT-MED-kpi_003-20260704-LN,DPKG-PKG-EP-HOSP-001-DEPT-MED-kpi_003-20260704,PKG-EP-HOSP-001-DEPT-MED-kpi_003-20260704,1,1.0,Derived from Step 2D-2 lineage register,Phase 2B|Phase 2C-1|Phase 2C-2|Phase 2C-3|Phase 2D-1|Phase 2D-2,Traceable
DPKG-PKG-EP-HOSP-001-DEPT-MED-kpi_003-20260711-LN,DPKG-PKG-EP-HOSP-001-DEPT-MED-kpi_003-20260711,PKG-EP-HOSP-001-DEPT-MED-kpi_003-20260711,1,1.0,Derived from Step 2D-2 lineage register,Phase 2B|Phase 2C-1|Phase 2C-2|Phase 2C-3|Phase 2D-1|Phase 2D-2,Traceable
DPKG-PKG-EP-HOSP-001-DEPT-MED-kpi_003-20260715-LN,DPKG-PKG-EP-HOSP-001-DEPT-MED-kpi_003-20260715,PKG-EP-HOSP-001-DEPT-MED-kpi_003-20260715,1,1.0,Derived from Step 2D-2 lineage register,Phase 2B|Phase 2C-1|Phase 2C-2|Phase 2C-3|Phase 2D-1|Phase 2D-2,Traceable
DPKG-PKG-EP-HOSP-001-DEPT-MED-kpi_003-20260722-LN,DPKG-PKG-EP-HOSP-001-DEPT-MED-kpi_003-20260722,PKG-EP-HOSP-001-DEPT-MED-kpi_003-20260722,1,1.0,Derived from Step 2D-2 lineage register,Phase 2B|Phase 2C-1|Phase 2C-2|Phase 2C-3|Phase 2D-1|Phase 2D-2,Traceable
DPKG-PKG-EP-HOSP-001-DEPT-MED-kpi_003-20260731-LN,DPKG-PKG-EP-HOSP-001-DEPT-MED-kpi_003-20260731,PKG-EP-HOSP-001-DEPT-MED-kpi_003-20260731,1,1.0,Derived from Step 2D-2 lineage register,Phase 2B|Phase 2C-1|Phase 2C-2|Phase 2C-3|Phase 2D-1|Phase 2D-2,Traceable
DPKG-PKG-EP-HOSP-001-DEPT-MED-kpi_006-20260224-LN,DPKG-PKG-EP-HOSP-001-DEPT-MED-kpi_006-20260224,PKG-EP-HOSP-001-DEPT-MED-kpi_006-20260224,1,1.0,Derived from Step 2D-2 lineage register,Phase 2B|Phase 2C-1|Phase 2C-2|Phase 2C-3|Phase 2D-1|Phase 2D-2,Traceable
DPKG-PKG-EP-HOSP-001-DEPT-MED-kpi_006-20260313-LN,DPKG-PKG-EP-HOSP-001-DEPT-MED-kpi_006-20260313,PKG-EP-HOSP-001-DEPT-MED-kpi_006-20260313,1,1.0,Derived from Step 2D-2 lineage register,Phase 2B|Phase 2C-1|Phase 2C-2|Phase 2C-3|Phase 2D-1|Phase 2D-2,Traceable
DPKG-PKG-EP-HOSP-001-DEPT-MED-kpi_006-20260410-LN,DPKG-PKG-EP-HOSP-001-DEPT-MED-kpi_006-20260410,PKG-EP-HOSP-001-DEPT-MED-kpi_006-20260410,1,1.0,Derived from Step 2D-2 lineage register,Phase 2B|Phase 2C-1|Phase 2C-2|Phase 2C-3|Phase 2D-1|Phase 2D-2,Traceable
DPKG-PKG-EP-HOSP-001-DEPT-MED-kpi_006-20260418-LN,DPKG-PKG-EP-HOSP-001-DEPT-MED-kpi_006-20260418,PKG-EP-HOSP-001-DEPT-MED-kpi_006-20260418,1,1.0,Derived from Step 2D-2 lineage register,Phase 2B|Phase 2C-1|Phase 2C-2|Phase 2C-3|Phase 2D-1|Phase 2D-2,Traceable
DPKG-PKG-EP-HOSP-001-DEPT-MED-kpi_006-20260428-LN,DPKG-PKG-EP-HOSP-001-DEPT-MED-kpi_006-20260428,PKG-EP-HOSP-001-DEPT-MED-kpi_006-20260428,1,1.0,Derived from Step 2D-2 lineage register,Phase 2B|Phase 2C-1|Phase 2C-2|Phase 2C-3|Phase 2D-1|Phase 2D-2,Traceable
DPKG-PKG-EP-HOSP-001-DEPT-MED-kpi_006-20260503-LN,DPKG-PKG-EP-HOSP-001-DEPT-MED-kpi_006-20260503,PKG-EP-HOSP-001-DEPT-MED-kpi_006-20260503,1,1.0,Derived from Step 2D-2 lineage register,Phase 2B|Phase 2C-1|Phase 2C-2|Phase 2C-3|Phase 2D-1|Phase 2D-2,Traceable
DPKG-PKG-EP-HOSP-001-DEPT-MED-kpi_006-20260522-LN,DPKG-PKG-EP-HOSP-001-DEPT-MED-kpi_006-20260522,PKG-EP-HOSP-001-DEPT-MED-kpi_006-20260522,1,1.0,Derived from Step 2D-2 lineage register,Phase 2B|Phase 2C-1|Phase 2C-2|Phase 2C-3|Phase 2D-1|Phase 2D-2,Traceable
DPKG-PKG-EP-HOSP-001-DEPT-MED-kpi_006-20260603-LN,DPKG-PKG-EP-HOSP-001-DEPT-MED-kpi_006-20260603,PKG-EP-HOSP-001-DEPT-MED-kpi_006-20260603,1,1.0,Derived from Step 2D-2 lineage register,Phase 2B|Phase 2C-1|Phase 2C-2|Phase 2C-3|Phase 2D-1|Phase 2D-2,Traceable
DPKG-PKG-EP-HOSP-001-DEPT-MED-kpi_006-20260619-LN,DPKG-PKG-EP-HOSP-001-DEPT-MED-kpi_006-20260619,PKG-EP-HOSP-001-DEPT-MED-kpi_006-20260619,1,1.0,Derived from Step 2D-2 lineage register,Phase 2B|Phase 2C-1|Phase 2C-2|Phase 2C-3|Phase 2D-1|Phase 2D-2,Traceable
DPKG-PKG-EP-HOSP-001-DEPT-MED-kpi_006-20260629-LN,DPKG-PKG-EP-HOSP-001-DEPT-MED-kpi_006-20260629,PKG-EP-HOSP-001-DEPT-MED-kpi_006-20260629,1,1.0,Derived from Step 2D-2 lineage register,Phase 2B|Phase 2C-1|Phase 2C-2|Phase 2C-3|Phase 2D-1|Phase 2D-2,Traceable
DPKG-PKG-EP-HOSP-001-DEPT-MED-kpi_006-20260703-LN,DPKG-PKG-EP-HOSP-001-DEPT-MED-kpi_006-20260703,PKG-EP-HOSP-001-DEPT-MED-kpi_006-20260703,1,1.0,Derived from Step 2D-2 lineage register,Phase 2B|Phase 2C-1|Phase 2C-2|Phase 2C-3|Phase 2D-1|Phase 2D-2,Traceable
DPKG-PKG-EP-HOSP-001-DEPT-MED-kpi_006-20260710-LN,DPKG-PKG-EP-HOSP-001-DEPT-MED-kpi_006-20260710,PKG-EP-HOSP-001-DEPT-MED-kpi_006-20260710,1,1.0,Derived from Step 2D-2 lineage register,Phase 2B|Phase 2C-1|Phase 2C-2|Phase 2C-3|Phase 2D-1|Phase 2D-2,Traceable
DPKG-PKG-EP-HOSP-001-DEPT-MED-kpi_006-20260719-LN,DPKG-PKG-EP-HOSP-001-DEPT-MED-kpi_006-20260719,PKG-EP-HOSP-001-DEPT-MED-kpi_006-20260719,1,1.0,Derived from Step 2D-2 lineage register,Phase 2B|Phase 2C-1|Phase 2C-2|Phase 2C-3|Phase 2D-1|Phase 2D-2,Traceable
DPKG-PKG-EP-HOSP-001-DEPT-MED-kpi_006-20260726-LN,DPKG-PKG-EP-HOSP-001-DEPT-MED-kpi_006-20260726,PKG-EP-HOSP-001-DEPT-MED-kpi_006-20260726,1,1.0,Derived from Step 2D-2 lineage register,Phase 2B|Phase 2C-1|Phase 2C-2|Phase 2C-3|Phase 2D-1|Phase 2D-2,Traceable
DPKG-PKG-EP-HOSP-001-DEPT-MED-kpi_006-20260903-LN,DPKG-PKG-EP-HOSP-001-DEPT-MED-kpi_006-20260903,PKG-EP-HOSP-001-DEPT-MED-kpi_006-20260903,1,1.0,Derived from Step 2D-2 lineage register,Phase 2B|Phase 2C-1|Phase 2C-2|Phase 2C-3|Phase 2D-1|Phase 2D-2,Traceable
DPKG-PKG-EP-HOSP-001-DEPT-MED-kpi_006-20261001-LN,DPKG-PKG-EP-HOSP-001-DEPT-MED-kpi_006-20261001,PKG-EP-HOSP-001-DEPT-MED-kpi_006-20261001,1,1.0,Derived from Step 2D-2 lineage register,Phase 2B|Phase 2C-1|Phase 2C-2|Phase 2C-3|Phase 2D-1|Phase 2D-2,Traceable
DPKG-PKG-EP-HOSP-001-DEPT-MED-kpi_006-20261012-LN,DPKG-PKG-EP-HOSP-001-DEPT-MED-kpi_006-20261012,PKG-EP-HOSP-001-DEPT-MED-kpi_006-20261012,1,1.0,Derived from Step 2D-2 lineage register,Phase 2B|Phase 2C-1|Phase 2C-2|Phase 2C-3|Phase 2D-1|Phase 2D-2,Traceable
DPKG-PKG-EP-HOSP-001-DEPT-MED-kpi_006-20261025-LN,DPKG-PKG-EP-HOSP-001-DEPT-MED-kpi_006-20261025,PKG-EP-HOSP-001-DEPT-MED-kpi_006-20261025,1,1.0,Derived from Step 2D-2 lineage register,Phase 2B|Phase 2C-1|Phase 2C-2|Phase 2C-3|Phase 2D-1|Phase 2D-2,Traceable
DPKG-PKG-EP-HOSP-001-DEPT-MED-kpi_006-20261120-LN,DPKG-PKG-EP-HOSP-001-DEPT-MED-kpi_006-20261120,PKG-EP-HOSP-001-DEPT-MED-kpi_006-20261120,1,1.0,Derived from Step 2D-2 lineage register,Phase 2B|Phase 2C-1|Phase 2C-2|Phase 2C-3|Phase 2D-1|Phase 2D-2,Traceable
DPKG-PKG-EP-HOSP-001-DEPT-MED-kpi_006-20261125-LN,DPKG-PKG-EP-HOSP-001-DEPT-MED-kpi_006-20261125,PKG-EP-HOSP-001-DEPT-MED-kpi_006-20261125,1,1.0,Derived from Step 2D-2 lineage register,Phase 2B|Phase 2C-1|Phase 2C-2|Phase 2C-3|Phase 2D-1|Phase 2D-2,Traceable
DPKG-PKG-EP-HOSP-001-DEPT-MED-kpi_006-20261129-LN,DPKG-PKG-EP-HOSP-001-DEPT-MED-kpi_006-20261129,PKG-EP-HOSP-001-DEPT-MED-kpi_006-20261129,1,1.0,Derived from Step 2D-2 lineage register,Phase 2B|Phase 2C-1|Phase 2C-2|Phase 2C-3|Phase 2D-1|Phase 2D-2,Traceable
DPKG-PKG-EP-HOSP-001-DEPT-MED-kpi_006-20261212-LN,DPKG-PKG-EP-HOSP-001-DEPT-MED-kpi_006-20261212,PKG-EP-HOSP-001-DEPT-MED-kpi_006-20261212,1,1.0,Derived from Step 2D-2 lineage register,Phase 2B|Phase 2C-1|Phase 2C-2|Phase 2C-3|Phase 2D-1|Phase 2D-2,Traceable
DPKG-PKG-EP-HOSP-001-DEPT-MED-kpi_006-20261216-LN,DPKG-PKG-EP-HOSP-001-DEPT-MED-kpi_006-20261216,PKG-EP-HOSP-001-DEPT-MED-kpi_006-20261216,1,1.0,Derived from Step 2D-2 lineage register,Phase 2B|Phase 2C-1|Phase 2C-2|Phase 2C-3|Phase 2D-1|Phase 2D-2,Traceable
DPKG-PKG-EP-HOSP-001-DEPT-MED-kpi_006-20261226-LN,DPKG-PKG-EP-HOSP-001-DEPT-MED-kpi_006-20261226,PKG-EP-HOSP-001-DEPT-MED-kpi_006-20261226,1,1.0,Derived from Step 2D-2 lineage register,Phase 2B|Phase 2C-1|Phase 2C-2|Phase 2C-3|Phase 2D-1|Phase 2D-2,Traceable
DPKG-PKG-EP-HOSP-001-DEPT-OPC-kpi_001-20260107-LN,DPKG-PKG-EP-HOSP-001-DEPT-OPC-kpi_001-20260107,PKG-EP-HOSP-001-DEPT-OPC-kpi_001-20260107,1,1.0,Derived from Step 2D-2 lineage register,Phase 2B|Phase 2C-1|Phase 2C-2|Phase 2C-3|Phase 2D-1|Phase 2D-2,Traceable
DPKG-PKG-EP-HOSP-001-DEPT-OPC-kpi_001-20260122-LN,DPKG-PKG-EP-HOSP-001-DEPT-OPC-kpi_001-20260122,PKG-EP-HOSP-001-DEPT-OPC-kpi_001-20260122,1,1.0,Derived from Step 2D-2 lineage register,Phase 2B|Phase 2C-1|Phase 2C-2|Phase 2C-3|Phase 2D-1|Phase 2D-2,Traceable
DPKG-PKG-EP-HOSP-001-DEPT-OPC-kpi_001-20260305-LN,DPKG-PKG-EP-HOSP-001-DEPT-OPC-kpi_001-20260305,PKG-EP-HOSP-001-DEPT-OPC-kpi_001-20260305,1,1.0,Derived from Step 2D-2 lineage register,Phase 2B|Phase 2C-1|Phase 2C-2|Phase 2C-3|Phase 2D-1|Phase 2D-2,Traceable
DPKG-PKG-EP-HOSP-001-DEPT-OPC-kpi_001-20260314-LN,DPKG-PKG-EP-HOSP-001-DEPT-OPC-kpi_001-20260314,PKG-EP-HOSP-001-DEPT-OPC-kpi_001-20260314,1,1.0,Derived from Step 2D-2 lineage register,Phase 2B|Phase 2C-1|Phase 2C-2|Phase 2C-3|Phase 2D-1|Phase 2D-2,Traceable
DPKG-PKG-EP-HOSP-001-DEPT-OPC-kpi_001-20260325-LN,DPKG-PKG-EP-HOSP-001-DEPT-OPC-kpi_001-20260325,PKG-EP-HOSP-001-DEPT-OPC-kpi_001-20260325,1,1.0,Derived from Step 2D-2 lineage register,Phase 2B|Phase 2C-1|Phase 2C-2|Phase 2C-3|Phase 2D-1|Phase 2D-2,Traceable
DPKG-PKG-EP-HOSP-001-DEPT-OPC-kpi_001-20260331-LN,DPKG-PKG-EP-HOSP-001-DEPT-OPC-kpi_001-20260331,PKG-EP-HOSP-001-DEPT-OPC-kpi_001-20260331,1,1.0,Derived from Step 2D-2 lineage register,Phase 2B|Phase 2C-1|Phase 2C-2|Phase 2C-3|Phase 2D-1|Phase 2D-2,Traceable
DPKG-PKG-EP-HOSP-001-DEPT-OPC-kpi_001-20260405-LN,DPKG-PKG-EP-HOSP-001-DEPT-OPC-kpi_001-20260405,PKG-EP-HOSP-001-DEPT-OPC-kpi_001-20260405,1,1.0,Derived from Step 2D-2 lineage register,Phase 2B|Phase 2C-1|Phase 2C-2|Phase 2C-3|Phase 2D-1|Phase 2D-2,Traceable
DPKG-PKG-EP-HOSP-001-DEPT-OPC-kpi_001-20260417-LN,DPKG-PKG-EP-HOSP-001-DEPT-OPC-kpi_001-20260417,PKG-EP-HOSP-001-DEPT-OPC-kpi_001-20260417,1,1.0,Derived from Step 2D-2 lineage register,Phase 2B|Phase 2C-1|Phase 2C-2|Phase 2C-3|Phase 2D-1|Phase 2D-2,Traceable
DPKG-PKG-EP-HOSP-001-DEPT-OPC-kpi_001-20260423-LN,DPKG-PKG-EP-HOSP-001-DEPT-OPC-kpi_001-20260423,PKG-EP-HOSP-001-DEPT-OPC-kpi_001-20260423,1,1.0,Derived from Step 2D-2 lineage register,Phase 2B|Phase 2C-1|Phase 2C-2|Phase 2C-3|Phase 2D-1|Phase 2D-2,Traceable
DPKG-PKG-EP-HOSP-001-DEPT-OPC-kpi_001-20260428-LN,DPKG-PKG-EP-HOSP-001-DEPT-OPC-kpi_001-20260428,PKG-EP-HOSP-001-DEPT-OPC-kpi_001-20260428,1,1.0,Derived from Step 2D-2 lineage register,Phase 2B|Phase 2C-1|Phase 2C-2|Phase 2C-3|Phase 2D-1|Phase 2D-2,Traceable
DPKG-PKG-EP-HOSP-001-DEPT-OPC-kpi_001-20260517-LN,DPKG-PKG-EP-HOSP-001-DEPT-OPC-kpi_001-20260517,PKG-EP-HOSP-001-DEPT-OPC-kpi_001-20260517,1,1.0,Derived from Step 2D-2 lineage register,Phase 2B|Phase 2C-1|Phase 2C-2|Phase 2C-3|Phase 2D-1|Phase 2D-2,Traceable
DPKG-PKG-EP-HOSP-001-DEPT-OPC-kpi_001-20260530-LN,DPKG-PKG-EP-HOSP-001-DEPT-OPC-kpi_001-20260530,PKG-EP-HOSP-001-DEPT-OPC-kpi_001-20260530,1,1.0,Derived from Step 2D-2 lineage register,Phase 2B|Phase 2C-1|Phase 2C-2|Phase 2C-3|Phase 2D-1|Phase 2D-2,Traceable
DPKG-PKG-EP-HOSP-001-DEPT-OPC-kpi_001-20260616-LN,DPKG-PKG-EP-HOSP-001-DEPT-OPC-kpi_001-20260616,PKG-EP-HOSP-001-DEPT-OPC-kpi_001-20260616,1,1.0,Derived from Step 2D-2 lineage register,Phase 2B|Phase 2C-1|Phase 2C-2|Phase 2C-3|Phase 2D-1|Phase 2D-2,Traceable
DPKG-PKG-EP-HOSP-001-DEPT-OPC-kpi_001-20260622-LN,DPKG-PKG-EP-HOSP-001-DEPT-OPC-kpi_001-20260622,PKG-EP-HOSP-001-DEPT-OPC-kpi_001-20260622,1,1.0,Derived from Step 2D-2 lineage register,Phase 2B|Phase 2C-1|Phase 2C-2|Phase 2C-3|Phase 2D-1|Phase 2D-2,Traceable
DPKG-PKG-EP-HOSP-001-DEPT-OPC-kpi_001-20260706-LN,DPKG-PKG-EP-HOSP-001-DEPT-OPC-kpi_001-20260706,PKG-EP-HOSP-001-DEPT-OPC-kpi_001-20260706,1,1.0,Derived from Step 2D-2 lineage register,Phase 2B|Phase 2C-1|Phase 2C-2|Phase 2C-3|Phase 2D-1|Phase 2D-2,Traceable
DPKG-PKG-EP-HOSP-001-DEPT-OPC-kpi_001-20260815-LN,DPKG-PKG-EP-HOSP-001-DEPT-OPC-kpi_001-20260815,PKG-EP-HOSP-001-DEPT-OPC-kpi_001-20260815,1,1.0,Derived from Step 2D-2 lineage register,Phase 2B|Phase 2C-1|Phase 2C-2|Phase 2C-3|Phase 2D-1|Phase 2D-2,Traceable
DPKG-PKG-EP-HOSP-001-DEPT-OPC-kpi_001-20260823-LN,DPKG-PKG-EP-HOSP-001-DEPT-OPC-kpi_001-20260823,PKG-EP-HOSP-001-DEPT-OPC-kpi_001-20260823,1,1.0,Derived from Step 2D-2 lineage register,Phase 2B|Phase 2C-1|Phase 2C-2|Phase 2C-3|Phase 2D-1|Phase 2D-2,Traceable
DPKG-PKG-EP-HOSP-001-DEPT-OPC-kpi_001-20260830-LN,DPKG-PKG-EP-HOSP-001-DEPT-OPC-kpi_001-20260830,PKG-EP-HOSP-001-DEPT-OPC-kpi_001-20260830,1,1.0,Derived from Step 2D-2 lineage register,Phase 2B|Phase 2C-1|Phase 2C-2|Phase 2C-3|Phase 2D-1|Phase 2D-2,Traceable
DPKG-PKG-EP-HOSP-001-DEPT-OPC-kpi_001-20260929-LN,DPKG-PKG-EP-HOSP-001-DEPT-OPC-kpi_001-20260929,PKG-EP-HOSP-001-DEPT-OPC-kpi_001-20260929,1,1.0,Derived from Step 2D-2 lineage register,Phase 2B|Phase 2C-1|Phase 2C-2|Phase 2C-3|Phase 2D-1|Phase 2D-2,Traceable
DPKG-PKG-EP-HOSP-001-DEPT-OPC-kpi_001-20261008-LN,DPKG-PKG-EP-HOSP-001-DEPT-OPC-kpi_001-20261008,PKG-EP-HOSP-001-DEPT-OPC-kpi_001-20261008,1,1.0,Derived from Step 2D-2 lineage register,Phase 2B|Phase 2C-1|Phase 2C-2|Phase 2C-3|Phase 2D-1|Phase 2D-2,Traceable
DPKG-PKG-EP-HOSP-001-DEPT-OPC-kpi_001-20261017-LN,DPKG-PKG-EP-HOSP-001-DEPT-OPC-kpi_001-20261017,PKG-EP-HOSP-001-DEPT-OPC-kpi_001-20261017,1,1.0,Derived from Step 2D-2 lineage register,Phase 2B|Phase 2C-1|Phase 2C-2|Phase 2C-3|Phase 2D-1|Phase 2D-2,Traceable
DPKG-PKG-EP-HOSP-001-DEPT-OPC-kpi_001-20261029-LN,DPKG-PKG-EP-HOSP-001-DEPT-OPC-kpi_001-20261029,PKG-EP-HOSP-001-DEPT-OPC-kpi_001-20261029,1,1.0,Derived from Step 2D-2 lineage register,Phase 2B|Phase 2C-1|Phase 2C-2|Phase 2C-3|Phase 2D-1|Phase 2D-2,Traceable
DPKG-PKG-EP-HOSP-001-DEPT-OPC-kpi_001-20261110-LN,DPKG-PKG-EP-HOSP-001-DEPT-OPC-kpi_001-20261110,PKG-EP-HOSP-001-DEPT-OPC-kpi_001-20261110,1,1.0,Derived from Step 2D-2 lineage register,Phase 2B|Phase 2C-1|Phase 2C-2|Phase 2C-3|Phase 2D-1|Phase 2D-2,Traceable
DPKG-PKG-EP-HOSP-001-DEPT-OPC-kpi_001-20261116-LN,DPKG-PKG-EP-HOSP-001-DEPT-OPC-kpi_001-20261116,PKG-EP-HOSP-001-DEPT-OPC-kpi_001-20261116,1,1.0,Derived from Step 2D-2 lineage register,Phase 2B|Phase 2C-1|Phase 2C-2|Phase 2C-3|Phase 2D-1|Phase 2D-2,Traceable
DPKG-PKG-EP-HOSP-001-DEPT-OPC-kpi_001-20261128-LN,DPKG-PKG-EP-HOSP-001-DEPT-OPC-kpi_001-20261128,PKG-EP-HOSP-001-DEPT-OPC-kpi_001-20261128,1,1.0,Derived from Step 2D-2 lineage register,Phase 2B|Phase 2C-1|Phase 2C-2|Phase 2C-3|Phase 2D-1|Phase 2D-2,Traceable
DPKG-PKG-EP-HOSP-001-DEPT-OPC-kpi_001-20261203-LN,DPKG-PKG-EP-HOSP-001-DEPT-OPC-kpi_001-20261203,PKG-EP-HOSP-001-DEPT-OPC-kpi_001-20261203,1,1.0,Derived from Step 2D-2 lineage register,Phase 2B|Phase 2C-1|Phase 2C-2|Phase 2C-3|Phase 2D-1|Phase 2D-2,Traceable
DPKG-PKG-EP-HOSP-001-DEPT-OPC-kpi_001-20261209-LN,DPKG-PKG-EP-HOSP-001-DEPT-OPC-kpi_001-20261209,PKG-EP-HOSP-001-DEPT-OPC-kpi_001-20261209,1,1.0,Derived from Step 2D-2 lineage register,Phase 2B|Phase 2C-1|Phase 2C-2|Phase 2C-3|Phase 2D-1|Phase 2D-2,Traceable
DPKG-PKG-EP-HOSP-001-DEPT-OPC-kpi_001-20261214-LN,DPKG-PKG-EP-HOSP-001-DEPT-OPC-kpi_001-20261214,PKG-EP-HOSP-001-DEPT-OPC-kpi_001-20261214,1,1.0,Derived from Step 2D-2 lineage register,Phase 2B|Phase 2C-1|Phase 2C-2|Phase 2C-3|Phase 2D-1|Phase 2D-2,Traceable
DPKG-PKG-EP-HOSP-001-DEPT-OPC-kpi_001-20261219-LN,DPKG-PKG-EP-HOSP-001-DEPT-OPC-kpi_001-20261219,PKG-EP-HOSP-001-DEPT-OPC-kpi_001-20261219,1,1.0,Derived from Step 2D-2 lineage register,Phase 2B|Phase 2C-1|Phase 2C-2|Phase 2C-3|Phase 2D-1|Phase 2D-2,Traceable
DPKG-PKG-EP-HOSP-001-DEPT-OPC-kpi_001-20261223-LN,DPKG-PKG-EP-HOSP-001-DEPT-OPC-kpi_001-20261223,PKG-EP-HOSP-001-DEPT-OPC-kpi_001-20261223,1,1.0,Derived from Step 2D-2 lineage register,Phase 2B|Phase 2C-1|Phase 2C-2|Phase 2C-3|Phase 2D-1|Phase 2D-2,Traceable
DPKG-PKG-EP-HOSP-001-DEPT-OPC-kpi_002-20260118-LN,DPKG-PKG-EP-HOSP-001-DEPT-OPC-kpi_002-20260118,PKG-EP-HOSP-001-DEPT-OPC-kpi_002-20260118,1,1.0,Derived from Step 2D-2 lineage register,Phase 2B|Phase 2C-1|Phase 2C-2|Phase 2C-3|Phase 2D-1|Phase 2D-2,Traceable
DPKG-PKG-EP-HOSP-001-DEPT-OPC-kpi_002-20260319-LN,DPKG-PKG-EP-HOSP-001-DEPT-OPC-kpi_002-20260319,PKG-EP-HOSP-001-DEPT-OPC-kpi_002-20260319,1,1.0,Derived from Step 2D-2 lineage register,Phase 2B|Phase 2C-1|Phase 2C-2|Phase 2C-3|Phase 2D-1|Phase 2D-2,Traceable
DPKG-PKG-EP-HOSP-001-DEPT-OPC-kpi_002-20260404-LN,DPKG-PKG-EP-HOSP-001-DEPT-OPC-kpi_002-20260404,PKG-EP-HOSP-001-DEPT-OPC-kpi_002-20260404,1,1.0,Derived from Step 2D-2 lineage register,Phase 2B|Phase 2C-1|Phase 2C-2|Phase 2C-3|Phase 2D-1|Phase 2D-2,Traceable
DPKG-PKG-EP-HOSP-001-DEPT-OPC-kpi_002-20260414-LN,DPKG-PKG-EP-HOSP-001-DEPT-OPC-kpi_002-20260414,PKG-EP-HOSP-001-DEPT-OPC-kpi_002-20260414,1,1.0,Derived from Step 2D-2 lineage register,Phase 2B|Phase 2C-1|Phase 2C-2|Phase 2C-3|Phase 2D-1|Phase 2D-2,Traceable
DPKG-PKG-EP-HOSP-001-DEPT-OPC-kpi_002-20260421-LN,DPKG-PKG-EP-HOSP-001-DEPT-OPC-kpi_002-20260421,PKG-EP-HOSP-001-DEPT-OPC-kpi_002-20260421,1,1.0,Derived from Step 2D-2 lineage register,Phase 2B|Phase 2C-1|Phase 2C-2|Phase 2C-3|Phase 2D-1|Phase 2D-2,Traceable
DPKG-PKG-EP-HOSP-001-DEPT-OPC-kpi_002-20260504-LN,DPKG-PKG-EP-HOSP-001-DEPT-OPC-kpi_002-20260504,PKG-EP-HOSP-001-DEPT-OPC-kpi_002-20260504,1,1.0,Derived from Step 2D-2 lineage register,Phase 2B|Phase 2C-1|Phase 2C-2|Phase 2C-3|Phase 2D-1|Phase 2D-2,Traceable
DPKG-PKG-EP-HOSP-001-DEPT-OPC-kpi_002-20260704-LN,DPKG-PKG-EP-HOSP-001-DEPT-OPC-kpi_002-20260704,PKG-EP-HOSP-001-DEPT-OPC-kpi_002-20260704,1,1.0,Derived from Step 2D-2 lineage register,Phase 2B|Phase 2C-1|Phase 2C-2|Phase 2C-3|Phase 2D-1|Phase 2D-2,Traceable
DPKG-PKG-EP-HOSP-001-DEPT-OPC-kpi_002-20260826-LN,DPKG-PKG-EP-HOSP-001-DEPT-OPC-kpi_002-20260826,PKG-EP-HOSP-001-DEPT-OPC-kpi_002-20260826,1,1.0,Derived from Step 2D-2 lineage register,Phase 2B|Phase 2C-1|Phase 2C-2|Phase 2C-3|Phase 2D-1|Phase 2D-2,Traceable
DPKG-PKG-EP-HOSP-001-DEPT-OPC-kpi_002-20260926-LN,DPKG-PKG-EP-HOSP-001-DEPT-OPC-kpi_002-20260926,PKG-EP-HOSP-001-DEPT-OPC-kpi_002-20260926,1,1.0,Derived from Step 2D-2 lineage register,Phase 2B|Phase 2C-1|Phase 2C-2|Phase 2C-3|Phase 2D-1|Phase 2D-2,Traceable
DPKG-PKG-EP-HOSP-001-DEPT-OPC-kpi_002-20261009-LN,DPKG-PKG-EP-HOSP-001-DEPT-OPC-kpi_002-20261009,PKG-EP-HOSP-001-DEPT-OPC-kpi_002-20261009,1,1.0,Derived from Step 2D-2 lineage register,Phase 2B|Phase 2C-1|Phase 2C-2|Phase 2C-3|Phase 2D-1|Phase 2D-2,Traceable
DPKG-PKG-EP-HOSP-001-DEPT-OPC-kpi_002-20261030-LN,DPKG-PKG-EP-HOSP-001-DEPT-OPC-kpi_002-20261030,PKG-EP-HOSP-001-DEPT-OPC-kpi_002-20261030,1,1.0,Derived from Step 2D-2 lineage register,Phase 2B|Phase 2C-1|Phase 2C-2|Phase 2C-3|Phase 2D-1|Phase 2D-2,Traceable
DPKG-PKG-EP-HOSP-001-DEPT-OPC-kpi_002-20261112-LN,DPKG-PKG-EP-HOSP-001-DEPT-OPC-kpi_002-20261112,PKG-EP-HOSP-001-DEPT-OPC-kpi_002-20261112,1,1.0,Derived from Step 2D-2 lineage register,Phase 2B|Phase 2C-1|Phase 2C-2|Phase 2C-3|Phase 2D-1|Phase 2D-2,Traceable
DPKG-PKG-EP-HOSP-001-DEPT-OPC-kpi_002-20261121-LN,DPKG-PKG-EP-HOSP-001-DEPT-OPC-kpi_002-20261121,PKG-EP-HOSP-001-DEPT-OPC-kpi_002-20261121,1,1.0,Derived from Step 2D-2 lineage register,Phase 2B|Phase 2C-1|Phase 2C-2|Phase 2C-3|Phase 2D-1|Phase 2D-2,Traceable
DPKG-PKG-EP-HOSP-001-DEPT-OPC-kpi_002-20261226-LN,DPKG-PKG-EP-HOSP-001-DEPT-OPC-kpi_002-20261226,PKG-EP-HOSP-001-DEPT-OPC-kpi_002-20261226,1,1.0,Derived from Step 2D-2 lineage register,Phase 2B|Phase 2C-1|Phase 2C-2|Phase 2C-3|Phase 2D-1|Phase 2D-2,Traceable
DPKG-PKG-EP-HOSP-001-DEPT-OPC-kpi_004-20260402-LN,DPKG-PKG-EP-HOSP-001-DEPT-OPC-kpi_004-20260402,PKG-EP-HOSP-001-DEPT-OPC-kpi_004-20260402,1,1.0,Derived from Step 2D-2 lineage register,Phase 2B|Phase 2C-1|Phase 2C-2|Phase 2C-3|Phase 2D-1|Phase 2D-2,Traceable
DPKG-PKG-EP-HOSP-001-DEPT-OPC-kpi_004-20260410-LN,DPKG-PKG-EP-HOSP-001-DEPT-OPC-kpi_004-20260410,PKG-EP-HOSP-001-DEPT-OPC-kpi_004-20260410,1,1.0,Derived from Step 2D-2 lineage register,Phase 2B|Phase 2C-1|Phase 2C-2|Phase 2C-3|Phase 2D-1|Phase 2D-2,Traceable
DPKG-PKG-EP-HOSP-001-DEPT-OPC-kpi_004-20260420-LN,DPKG-PKG-EP-HOSP-001-DEPT-OPC-kpi_004-20260420,PKG-EP-HOSP-001-DEPT-OPC-kpi_004-20260420,1,1.0,Derived from Step 2D-2 lineage register,Phase 2B|Phase 2C-1|Phase 2C-2|Phase 2C-3|Phase 2D-1|Phase 2D-2,Traceable
DPKG-PKG-EP-HOSP-001-DEPT-OPC-kpi_004-20260430-LN,DPKG-PKG-EP-HOSP-001-DEPT-OPC-kpi_004-20260430,PKG-EP-HOSP-001-DEPT-OPC-kpi_004-20260430,1,1.0,Derived from Step 2D-2 lineage register,Phase 2B|Phase 2C-1|Phase 2C-2|Phase 2C-3|Phase 2D-1|Phase 2D-2,Traceable
DPKG-PKG-EP-HOSP-001-DEPT-OPC-kpi_004-20260505-LN,DPKG-PKG-EP-HOSP-001-DEPT-OPC-kpi_004-20260505,PKG-EP-HOSP-001-DEPT-OPC-kpi_004-20260505,1,1.0,Derived from Step 2D-2 lineage register,Phase 2B|Phase 2C-1|Phase 2C-2|Phase 2C-3|Phase 2D-1|Phase 2D-2,Traceable
DPKG-PKG-EP-HOSP-001-DEPT-OPC-kpi_004-20260509-LN,DPKG-PKG-EP-HOSP-001-DEPT-OPC-kpi_004-20260509,PKG-EP-HOSP-001-DEPT-OPC-kpi_004-20260509,1,1.0,Derived from Step 2D-2 lineage register,Phase 2B|Phase 2C-1|Phase 2C-2|Phase 2C-3|Phase 2D-1|Phase 2D-2,Traceable
DPKG-PKG-EP-HOSP-001-DEPT-OPC-kpi_004-20260602-LN,DPKG-PKG-EP-HOSP-001-DEPT-OPC-kpi_004-20260602,PKG-EP-HOSP-001-DEPT-OPC-kpi_004-20260602,1,1.0,Derived from Step 2D-2 lineage register,Phase 2B|Phase 2C-1|Phase 2C-2|Phase 2C-3|Phase 2D-1|Phase 2D-2,Traceable
DPKG-PKG-EP-HOSP-001-DEPT-OPC-kpi_004-20260619-LN,DPKG-PKG-EP-HOSP-001-DEPT-OPC-kpi_004-20260619,PKG-EP-HOSP-001-DEPT-OPC-kpi_004-20260619,1,1.0,Derived from Step 2D-2 lineage register,Phase 2B|Phase 2C-1|Phase 2C-2|Phase 2C-3|Phase 2D-1|Phase 2D-2,Traceable
DPKG-PKG-EP-HOSP-001-DEPT-OPC-kpi_004-20260629-LN,DPKG-PKG-EP-HOSP-001-DEPT-OPC-kpi_004-20260629,PKG-EP-HOSP-001-DEPT-OPC-kpi_004-20260629,1,1.0,Derived from Step 2D-2 lineage register,Phase 2B|Phase 2C-1|Phase 2C-2|Phase 2C-3|Phase 2D-1|Phase 2D-2,Traceable
DPKG-PKG-EP-HOSP-001-DEPT-OPC-kpi_004-20260709-LN,DPKG-PKG-EP-HOSP-001-DEPT-OPC-kpi_004-20260709,PKG-EP-HOSP-001-DEPT-OPC-kpi_004-20260709,1,1.0,Derived from Step 2D-2 lineage register,Phase 2B|Phase 2C-1|Phase 2C-2|Phase 2C-3|Phase 2D-1|Phase 2D-2,Traceable
DPKG-PKG-EP-HOSP-001-DEPT-OPC-kpi_004-20260716-LN,DPKG-PKG-EP-HOSP-001-DEPT-OPC-kpi_004-20260716,PKG-EP-HOSP-001-DEPT-OPC-kpi_004-20260716,1,1.0,Derived from Step 2D-2 lineage register,Phase 2B|Phase 2C-1|Phase 2C-2|Phase 2C-3|Phase 2D-1|Phase 2D-2,Traceable
DPKG-PKG-EP-HOSP-001-DEPT-OPC-kpi_004-20260721-LN,DPKG-PKG-EP-HOSP-001-DEPT-OPC-kpi_004-20260721,PKG-EP-HOSP-001-DEPT-OPC-kpi_004-20260721,1,1.0,Derived from Step 2D-2 lineage register,Phase 2B|Phase 2C-1|Phase 2C-2|Phase 2C-3|Phase 2D-1|Phase 2D-2,Traceable
DPKG-PKG-EP-HOSP-001-DEPT-OPC-kpi_005-20260518-LN,DPKG-PKG-EP-HOSP-001-DEPT-OPC-kpi_005-20260518,PKG-EP-HOSP-001-DEPT-OPC-kpi_005-20260518,1,1.0,Derived from Step 2D-2 lineage register,Phase 2B|Phase 2C-1|Phase 2C-2|Phase 2C-3|Phase 2D-1|Phase 2D-2,Traceable
DPKG-PKG-EP-HOSP-001-DEPT-OPC-kpi_005-20260526-LN,DPKG-PKG-EP-HOSP-001-DEPT-OPC-kpi_005-20260526,PKG-EP-HOSP-001-DEPT-OPC-kpi_005-20260526,1,1.0,Derived from Step 2D-2 lineage register,Phase 2B|Phase 2C-1|Phase 2C-2|Phase 2C-3|Phase 2D-1|Phase 2D-2,Traceable
DPKG-PKG-EP-HOSP-001-DEPT-OPC-kpi_005-20260624-LN,DPKG-PKG-EP-HOSP-001-DEPT-OPC-kpi_005-20260624,PKG-EP-HOSP-001-DEPT-OPC-kpi_005-20260624,1,1.0,Derived from Step 2D-2 lineage register,Phase 2B|Phase 2C-1|Phase 2C-2|Phase 2C-3|Phase 2D-1|Phase 2D-2,Traceable
DPKG-PKG-EP-HOSP-001-DEPT-OPC-kpi_005-20260728-LN,DPKG-PKG-EP-HOSP-001-DEPT-OPC-kpi_005-20260728,PKG-EP-HOSP-001-DEPT-OPC-kpi_005-20260728,1,1.0,Derived from Step 2D-2 lineage register,Phase 2B|Phase 2C-1|Phase 2C-2|Phase 2C-3|Phase 2D-1|Phase 2D-2,Traceable
DPKG-PKG-EP-HOSP-001-DEPT-OPC-kpi_005-20260808-LN,DPKG-PKG-EP-HOSP-001-DEPT-OPC-kpi_005-20260808,PKG-EP-HOSP-001-DEPT-OPC-kpi_005-20260808,1,1.0,Derived from Step 2D-2 lineage register,Phase 2B|Phase 2C-1|Phase 2C-2|Phase 2C-3|Phase 2D-1|Phase 2D-2,Traceable
DPKG-PKG-EP-HOSP-001-DEPT-OPC-kpi_005-20260921-LN,DPKG-PKG-EP-HOSP-001-DEPT-OPC-kpi_005-20260921,PKG-EP-HOSP-001-DEPT-OPC-kpi_005-20260921,1,1.0,Derived from Step 2D-2 lineage register,Phase 2B|Phase 2C-1|Phase 2C-2|Phase 2C-3|Phase 2D-1|Phase 2D-2,Traceable
DPKG-PKG-EP-HOSP-001-DEPT-OPC-kpi_005-20261002-LN,DPKG-PKG-EP-HOSP-001-DEPT-OPC-kpi_005-20261002,PKG-EP-HOSP-001-DEPT-OPC-kpi_005-20261002,1,1.0,Derived from Step 2D-2 lineage register,Phase 2B|Phase 2C-1|Phase 2C-2|Phase 2C-3|Phase 2D-1|Phase 2D-2,Traceable
DPKG-PKG-EP-HOSP-001-DEPT-OPC-kpi_005-20261225-LN,DPKG-PKG-EP-HOSP-001-DEPT-OPC-kpi_005-20261225,PKG-EP-HOSP-001-DEPT-OPC-kpi_005-20261225,1,1.0,Derived from Step 2D-2 lineage register,Phase 2B|Phase 2C-1|Phase 2C-2|Phase 2C-3|Phase 2D-1|Phase 2D-2,Traceable
DPKG-PKG-EP-HOSP-001-DEPT-OPC-kpi_006-20260119-LN,DPKG-PKG-EP-HOSP-001-DEPT-OPC-kpi_006-20260119,PKG-EP-HOSP-001-DEPT-OPC-kpi_006-20260119,1,1.0,Derived from Step 2D-2 lineage register,Phase 2B|Phase 2C-1|Phase 2C-2|Phase 2C-3|Phase 2D-1|Phase 2D-2,Traceable
DPKG-PKG-EP-HOSP-001-DEPT-OPC-kpi_006-20260129-LN,DPKG-PKG-EP-HOSP-001-DEPT-OPC-kpi_006-20260129,PKG-EP-HOSP-001-DEPT-OPC-kpi_006-20260129,1,1.0,Derived from Step 2D-2 lineage register,Phase 2B|Phase 2C-1|Phase 2C-2|Phase 2C-3|Phase 2D-1|Phase 2D-2,Traceable
DPKG-PKG-EP-HOSP-001-DEPT-OPC-kpi_006-20260211-LN,DPKG-PKG-EP-HOSP-001-DEPT-OPC-kpi_006-20260211,PKG-EP-HOSP-001-DEPT-OPC-kpi_006-20260211,1,1.0,Derived from Step 2D-2 lineage register,Phase 2B|Phase 2C-1|Phase 2C-2|Phase 2C-3|Phase 2D-1|Phase 2D-2,Traceable
DPKG-PKG-EP-HOSP-001-DEPT-OPC-kpi_006-20260401-LN,DPKG-PKG-EP-HOSP-001-DEPT-OPC-kpi_006-20260401,PKG-EP-HOSP-001-DEPT-OPC-kpi_006-20260401,1,1.0,Derived from Step 2D-2 lineage register,Phase 2B|Phase 2C-1|Phase 2C-2|Phase 2C-3|Phase 2D-1|Phase 2D-2,Traceable
DPKG-PKG-EP-HOSP-001-DEPT-OPC-kpi_006-20260415-LN,DPKG-PKG-EP-HOSP-001-DEPT-OPC-kpi_006-20260415,PKG-EP-HOSP-001-DEPT-OPC-kpi_006-20260415,1,1.0,Derived from Step 2D-2 lineage register,Phase 2B|Phase 2C-1|Phase 2C-2|Phase 2C-3|Phase 2D-1|Phase 2D-2,Traceable
DPKG-PKG-EP-HOSP-001-DEPT-OPC-kpi_006-20260425-LN,DPKG-PKG-EP-HOSP-001-DEPT-OPC-kpi_006-20260425,PKG-EP-HOSP-001-DEPT-OPC-kpi_006-20260425,1,1.0,Derived from Step 2D-2 lineage register,Phase 2B|Phase 2C-1|Phase 2C-2|Phase 2C-3|Phase 2D-1|Phase 2D-2,Traceable
DPKG-PKG-EP-HOSP-001-DEPT-OPC-kpi_006-20260523-LN,DPKG-PKG-EP-HOSP-001-DEPT-OPC-kpi_006-20260523,PKG-EP-HOSP-001-DEPT-OPC-kpi_006-20260523,1,1.0,Derived from Step 2D-2 lineage register,Phase 2B|Phase 2C-1|Phase 2C-2|Phase 2C-3|Phase 2D-1|Phase 2D-2,Traceable
DPKG-PKG-EP-HOSP-001-DEPT-OPC-kpi_006-20260601-LN,DPKG-PKG-EP-HOSP-001-DEPT-OPC-kpi_006-20260601,PKG-EP-HOSP-001-DEPT-OPC-kpi_006-20260601,1,1.0,Derived from Step 2D-2 lineage register,Phase 2B|Phase 2C-1|Phase 2C-2|Phase 2C-3|Phase 2D-1|Phase 2D-2,Traceable
DPKG-PKG-EP-HOSP-001-DEPT-OPC-kpi_006-20260606-LN,DPKG-PKG-EP-HOSP-001-DEPT-OPC-kpi_006-20260606,PKG-EP-HOSP-001-DEPT-OPC-kpi_006-20260606,1,1.0,Derived from Step 2D-2 lineage register,Phase 2B|Phase 2C-1|Phase 2C-2|Phase 2C-3|Phase 2D-1|Phase 2D-2,Traceable
DPKG-PKG-EP-HOSP-001-DEPT-OPC-kpi_006-20260715-LN,DPKG-PKG-EP-HOSP-001-DEPT-OPC-kpi_006-20260715,PKG-EP-HOSP-001-DEPT-OPC-kpi_006-20260715,1,1.0,Derived from Step 2D-2 lineage register,Phase 2B|Phase 2C-1|Phase 2C-2|Phase 2C-3|Phase 2D-1|Phase 2D-2,Traceable
DPKG-PKG-EP-HOSP-001-DEPT-OPC-kpi_006-20260719-LN,DPKG-PKG-EP-HOSP-001-DEPT-OPC-kpi_006-20260719,PKG-EP-HOSP-001-DEPT-OPC-kpi_006-20260719,1,1.0,Derived from Step 2D-2 lineage register,Phase 2B|Phase 2C-1|Phase 2C-2|Phase 2C-3|Phase 2D-1|Phase 2D-2,Traceable
DPKG-PKG-EP-HOSP-001-DEPT-OPC-kpi_006-20260802-LN,DPKG-PKG-EP-HOSP-001-DEPT-OPC-kpi_006-20260802,PKG-EP-HOSP-001-DEPT-OPC-kpi_006-20260802,1,1.0,Derived from Step 2D-2 lineage register,Phase 2B|Phase 2C-1|Phase 2C-2|Phase 2C-3|Phase 2D-1|Phase 2D-2,Traceable
DPKG-PKG-EP-HOSP-001-DEPT-OPC-kpi_006-20260818-LN,DPKG-PKG-EP-HOSP-001-DEPT-OPC-kpi_006-20260818,PKG-EP-HOSP-001-DEPT-OPC-kpi_006-20260818,1,1.0,Derived from Step 2D-2 lineage register,Phase 2B|Phase 2C-1|Phase 2C-2|Phase 2C-3|Phase 2D-1|Phase 2D-2,Traceable
DPKG-PKG-EP-HOSP-001-DEPT-OPC-kpi_006-20261020-LN,DPKG-PKG-EP-HOSP-001-DEPT-OPC-kpi_006-20261020,PKG-EP-HOSP-001-DEPT-OPC-kpi_006-20261020,1,1.0,Derived from Step 2D-2 lineage register,Phase 2B|Phase 2C-1|Phase 2C-2|Phase 2C-3|Phase 2D-1|Phase 2D-2,Traceable
DPKG-PKG-EP-HOSP-001-DEPT-OPC-kpi_006-20261102-LN,DPKG-PKG-EP-HOSP-001-DEPT-OPC-kpi_006-20261102,PKG-EP-HOSP-001-DEPT-OPC-kpi_006-20261102,1,1.0,Derived from Step 2D-2 lineage register,Phase 2B|Phase 2C-1|Phase 2C-2|Phase 2C-3|Phase 2D-1|Phase 2D-2,Traceable
DPKG-PKG-EP-HOSP-001-DEPT-OPC-kpi_006-20261117-LN,DPKG-PKG-EP-HOSP-001-DEPT-OPC-kpi_006-20261117,PKG-EP-HOSP-001-DEPT-OPC-kpi_006-20261117,1,1.0,Derived from Step 2D-2 lineage register,Phase 2B|Phase 2C-1|Phase 2C-2|Phase 2C-3|Phase 2D-1|Phase 2D-2,Traceable
DPKG-PKG-EP-HOSP-001-DEPT-OPC-kpi_006-20261204-LN,DPKG-PKG-EP-HOSP-001-DEPT-OPC-kpi_006-20261204,PKG-EP-HOSP-001-DEPT-OPC-kpi_006-20261204,1,1.0,Derived from Step 2D-2 lineage register,Phase 2B|Phase 2C-1|Phase 2C-2|Phase 2C-3|Phase 2D-1|Phase 2D-2,Traceable
DPKG-PKG-EP-HOSP-001-DEPT-OPC-kpi_006-20261215-LN,DPKG-PKG-EP-HOSP-001-DEPT-OPC-kpi_006-20261215,PKG-EP-HOSP-001-DEPT-OPC-kpi_006-20261215,1,1.0,Derived from Step 2D-2 lineage register,Phase 2B|Phase 2C-1|Phase 2C-2|Phase 2C-3|Phase 2D-1|Phase 2D-2,Traceable
DPKG-PKG-EP-HOSP-001-DEPT-PEX-kpi_001-20260111-LN,DPKG-PKG-EP-HOSP-001-DEPT-PEX-kpi_001-20260111,PKG-EP-HOSP-001-DEPT-PEX-kpi_001-20260111,1,1.0,Derived from Step 2D-2 lineage register,Phase 2B|Phase 2C-1|Phase 2C-2|Phase 2C-3|Phase 2D-1|Phase 2D-2,Traceable
DPKG-PKG-EP-HOSP-001-DEPT-PEX-kpi_001-20260115-LN,DPKG-PKG-EP-HOSP-001-DEPT-PEX-kpi_001-20260115,PKG-EP-HOSP-001-DEPT-PEX-kpi_001-20260115,1,1.0,Derived from Step 2D-2 lineage register,Phase 2B|Phase 2C-1|Phase 2C-2|Phase 2C-3|Phase 2D-1|Phase 2D-2,Traceable
DPKG-PKG-EP-HOSP-001-DEPT-PEX-kpi_001-20260203-LN,DPKG-PKG-EP-HOSP-001-DEPT-PEX-kpi_001-20260203,PKG-EP-HOSP-001-DEPT-PEX-kpi_001-20260203,1,1.0,Derived from Step 2D-2 lineage register,Phase 2B|Phase 2C-1|Phase 2C-2|Phase 2C-3|Phase 2D-1|Phase 2D-2,Traceable
DPKG-PKG-EP-HOSP-001-DEPT-PEX-kpi_001-20260207-LN,DPKG-PKG-EP-HOSP-001-DEPT-PEX-kpi_001-20260207,PKG-EP-HOSP-001-DEPT-PEX-kpi_001-20260207,1,1.0,Derived from Step 2D-2 lineage register,Phase 2B|Phase 2C-1|Phase 2C-2|Phase 2C-3|Phase 2D-1|Phase 2D-2,Traceable
DPKG-PKG-EP-HOSP-001-DEPT-PEX-kpi_001-20260212-LN,DPKG-PKG-EP-HOSP-001-DEPT-PEX-kpi_001-20260212,PKG-EP-HOSP-001-DEPT-PEX-kpi_001-20260212,1,1.0,Derived from Step 2D-2 lineage register,Phase 2B|Phase 2C-1|Phase 2C-2|Phase 2C-3|Phase 2D-1|Phase 2D-2,Traceable
DPKG-PKG-EP-HOSP-001-DEPT-PEX-kpi_001-20260326-LN,DPKG-PKG-EP-HOSP-001-DEPT-PEX-kpi_001-20260326,PKG-EP-HOSP-001-DEPT-PEX-kpi_001-20260326,1,1.0,Derived from Step 2D-2 lineage register,Phase 2B|Phase 2C-1|Phase 2C-2|Phase 2C-3|Phase 2D-1|Phase 2D-2,Traceable
DPKG-PKG-EP-HOSP-001-DEPT-PEX-kpi_001-20260413-LN,DPKG-PKG-EP-HOSP-001-DEPT-PEX-kpi_001-20260413,PKG-EP-HOSP-001-DEPT-PEX-kpi_001-20260413,1,1.0,Derived from Step 2D-2 lineage register,Phase 2B|Phase 2C-1|Phase 2C-2|Phase 2C-3|Phase 2D-1|Phase 2D-2,Traceable
DPKG-PKG-EP-HOSP-001-DEPT-PEX-kpi_001-20260421-LN,DPKG-PKG-EP-HOSP-001-DEPT-PEX-kpi_001-20260421,PKG-EP-HOSP-001-DEPT-PEX-kpi_001-20260421,1,1.0,Derived from Step 2D-2 lineage register,Phase 2B|Phase 2C-1|Phase 2C-2|Phase 2C-3|Phase 2D-1|Phase 2D-2,Traceable
DPKG-PKG-EP-HOSP-001-DEPT-PEX-kpi_001-20260502-LN,DPKG-PKG-EP-HOSP-001-DEPT-PEX-kpi_001-20260502,PKG-EP-HOSP-001-DEPT-PEX-kpi_001-20260502,1,1.0,Derived from Step 2D-2 lineage register,Phase 2B|Phase 2C-1|Phase 2C-2|Phase 2C-3|Phase 2D-1|Phase 2D-2,Traceable
DPKG-PKG-EP-HOSP-001-DEPT-PEX-kpi_001-20260510-LN,DPKG-PKG-EP-HOSP-001-DEPT-PEX-kpi_001-20260510,PKG-EP-HOSP-001-DEPT-PEX-kpi_001-20260510,1,1.0,Derived from Step 2D-2 lineage register,Phase 2B|Phase 2C-1|Phase 2C-2|Phase 2C-3|Phase 2D-1|Phase 2D-2,Traceable
DPKG-PKG-EP-HOSP-001-DEPT-PEX-kpi_001-20260515-LN,DPKG-PKG-EP-HOSP-001-DEPT-PEX-kpi_001-20260515,PKG-EP-HOSP-001-DEPT-PEX-kpi_001-20260515,1,1.0,Derived from Step 2D-2 lineage register,Phase 2B|Phase 2C-1|Phase 2C-2|Phase 2C-3|Phase 2D-1|Phase 2D-2,Traceable
DPKG-PKG-EP-HOSP-001-DEPT-PEX-kpi_001-20260521-LN,DPKG-PKG-EP-HOSP-001-DEPT-PEX-kpi_001-20260521,PKG-EP-HOSP-001-DEPT-PEX-kpi_001-20260521,1,1.0,Derived from Step 2D-2 lineage register,Phase 2B|Phase 2C-1|Phase 2C-2|Phase 2C-3|Phase 2D-1|Phase 2D-2,Traceable
DPKG-PKG-EP-HOSP-001-DEPT-PEX-kpi_001-20260623-LN,DPKG-PKG-EP-HOSP-001-DEPT-PEX-kpi_001-20260623,PKG-EP-HOSP-001-DEPT-PEX-kpi_001-20260623,1,1.0,Derived from Step 2D-2 lineage register,Phase 2B|Phase 2C-1|Phase 2C-2|Phase 2C-3|Phase 2D-1|Phase 2D-2,Traceable
DPKG-PKG-EP-HOSP-001-DEPT-PEX-kpi_001-20260710-LN,DPKG-PKG-EP-HOSP-001-DEPT-PEX-kpi_001-20260710,PKG-EP-HOSP-001-DEPT-PEX-kpi_001-20260710,1,1.0,Derived from Step 2D-2 lineage register,Phase 2B|Phase 2C-1|Phase 2C-2|Phase 2C-3|Phase 2D-1|Phase 2D-2,Traceable
DPKG-PKG-EP-HOSP-001-DEPT-PEX-kpi_001-20260727-LN,DPKG-PKG-EP-HOSP-001-DEPT-PEX-kpi_001-20260727,PKG-EP-HOSP-001-DEPT-PEX-kpi_001-20260727,1,1.0,Derived from Step 2D-2 lineage register,Phase 2B|Phase 2C-1|Phase 2C-2|Phase 2C-3|Phase 2D-1|Phase 2D-2,Traceable
DPKG-PKG-EP-HOSP-001-DEPT-PEX-kpi_001-20260813-LN,DPKG-PKG-EP-HOSP-001-DEPT-PEX-kpi_001-20260813,PKG-EP-HOSP-001-DEPT-PEX-kpi_001-20260813,1,1.0,Derived from Step 2D-2 lineage register,Phase 2B|Phase 2C-1|Phase 2C-2|Phase 2C-3|Phase 2D-1|Phase 2D-2,Traceable
DPKG-PKG-EP-HOSP-001-DEPT-PEX-kpi_001-20260915-LN,DPKG-PKG-EP-HOSP-001-DEPT-PEX-kpi_001-20260915,PKG-EP-HOSP-001-DEPT-PEX-kpi_001-20260915,1,1.0,Derived from Step 2D-2 lineage register,Phase 2B|Phase 2C-1|Phase 2C-2|Phase 2C-3|Phase 2D-1|Phase 2D-2,Traceable
DPKG-PKG-EP-HOSP-001-DEPT-PEX-kpi_001-20261024-LN,DPKG-PKG-EP-HOSP-001-DEPT-PEX-kpi_001-20261024,PKG-EP-HOSP-001-DEPT-PEX-kpi_001-20261024,1,1.0,Derived from Step 2D-2 lineage register,Phase 2B|Phase 2C-1|Phase 2C-2|Phase 2C-3|Phase 2D-1|Phase 2D-2,Traceable
DPKG-PKG-EP-HOSP-001-DEPT-PEX-kpi_001-20261110-LN,DPKG-PKG-EP-HOSP-001-DEPT-PEX-kpi_001-20261110,PKG-EP-HOSP-001-DEPT-PEX-kpi_001-20261110,1,1.0,Derived from Step 2D-2 lineage register,Phase 2B|Phase 2C-1|Phase 2C-2|Phase 2C-3|Phase 2D-1|Phase 2D-2,Traceable
DPKG-PKG-EP-HOSP-001-DEPT-PEX-kpi_001-20261229-LN,DPKG-PKG-EP-HOSP-001-DEPT-PEX-kpi_001-20261229,PKG-EP-HOSP-001-DEPT-PEX-kpi_001-20261229,1,1.0,Derived from Step 2D-2 lineage register,Phase 2B|Phase 2C-1|Phase 2C-2|Phase 2C-3|Phase 2D-1|Phase 2D-2,Traceable
DPKG-PKG-EP-HOSP-001-DEPT-PEX-kpi_002-20260103-LN,DPKG-PKG-EP-HOSP-001-DEPT-PEX-kpi_002-20260103,PKG-EP-HOSP-001-DEPT-PEX-kpi_002-20260103,1,1.0,Derived from Step 2D-2 lineage register,Phase 2B|Phase 2C-1|Phase 2C-2|Phase 2C-3|Phase 2D-1|Phase 2D-2,Traceable
DPKG-PKG-EP-HOSP-001-DEPT-PEX-kpi_002-20260209-LN,DPKG-PKG-EP-HOSP-001-DEPT-PEX-kpi_002-20260209,PKG-EP-HOSP-001-DEPT-PEX-kpi_002-20260209,1,1.0,Derived from Step 2D-2 lineage register,Phase 2B|Phase 2C-1|Phase 2C-2|Phase 2C-3|Phase 2D-1|Phase 2D-2,Traceable
DPKG-PKG-EP-HOSP-001-DEPT-PEX-kpi_002-20260221-LN,DPKG-PKG-EP-HOSP-001-DEPT-PEX-kpi_002-20260221,PKG-EP-HOSP-001-DEPT-PEX-kpi_002-20260221,1,1.0,Derived from Step 2D-2 lineage register,Phase 2B|Phase 2C-1|Phase 2C-2|Phase 2C-3|Phase 2D-1|Phase 2D-2,Traceable
DPKG-PKG-EP-HOSP-001-DEPT-PEX-kpi_002-20260302-LN,DPKG-PKG-EP-HOSP-001-DEPT-PEX-kpi_002-20260302,PKG-EP-HOSP-001-DEPT-PEX-kpi_002-20260302,1,1.0,Derived from Step 2D-2 lineage register,Phase 2B|Phase 2C-1|Phase 2C-2|Phase 2C-3|Phase 2D-1|Phase 2D-2,Traceable
DPKG-PKG-EP-HOSP-001-DEPT-PEX-kpi_002-20260328-LN,DPKG-PKG-EP-HOSP-001-DEPT-PEX-kpi_002-20260328,PKG-EP-HOSP-001-DEPT-PEX-kpi_002-20260328,1,1.0,Derived from Step 2D-2 lineage register,Phase 2B|Phase 2C-1|Phase 2C-2|Phase 2C-3|Phase 2D-1|Phase 2D-2,Traceable
DPKG-PKG-EP-HOSP-001-DEPT-PEX-kpi_002-20260406-LN,DPKG-PKG-EP-HOSP-001-DEPT-PEX-kpi_002-20260406,PKG-EP-HOSP-001-DEPT-PEX-kpi_002-20260406,1,1.0,Derived from Step 2D-2 lineage register,Phase 2B|Phase 2C-1|Phase 2C-2|Phase 2C-3|Phase 2D-1|Phase 2D-2,Traceable
DPKG-PKG-EP-HOSP-001-DEPT-PEX-kpi_002-20260416-LN,DPKG-PKG-EP-HOSP-001-DEPT-PEX-kpi_002-20260416,PKG-EP-HOSP-001-DEPT-PEX-kpi_002-20260416,1,1.0,Derived from Step 2D-2 lineage register,Phase 2B|Phase 2C-1|Phase 2C-2|Phase 2C-3|Phase 2D-1|Phase 2D-2,Traceable
DPKG-PKG-EP-HOSP-001-DEPT-PEX-kpi_002-20260424-LN,DPKG-PKG-EP-HOSP-001-DEPT-PEX-kpi_002-20260424,PKG-EP-HOSP-001-DEPT-PEX-kpi_002-20260424,1,1.0,Derived from Step 2D-2 lineage register,Phase 2B|Phase 2C-1|Phase 2C-2|Phase 2C-3|Phase 2D-1|Phase 2D-2,Traceable
DPKG-PKG-EP-HOSP-001-DEPT-PEX-kpi_002-20260430-LN,DPKG-PKG-EP-HOSP-001-DEPT-PEX-kpi_002-20260430,PKG-EP-HOSP-001-DEPT-PEX-kpi_002-20260430,1,1.0,Derived from Step 2D-2 lineage register,Phase 2B|Phase 2C-1|Phase 2C-2|Phase 2C-3|Phase 2D-1|Phase 2D-2,Traceable
DPKG-PKG-EP-HOSP-001-DEPT-PEX-kpi_002-20260519-LN,DPKG-PKG-EP-HOSP-001-DEPT-PEX-kpi_002-20260519,PKG-EP-HOSP-001-DEPT-PEX-kpi_002-20260519,1,1.0,Derived from Step 2D-2 lineage register,Phase 2B|Phase 2C-1|Phase 2C-2|Phase 2C-3|Phase 2D-1|Phase 2D-2,Traceable
DPKG-PKG-EP-HOSP-001-DEPT-PEX-kpi_002-20260529-LN,DPKG-PKG-EP-HOSP-001-DEPT-PEX-kpi_002-20260529,PKG-EP-HOSP-001-DEPT-PEX-kpi_002-20260529,1,1.0,Derived from Step 2D-2 lineage register,Phase 2B|Phase 2C-1|Phase 2C-2|Phase 2C-3|Phase 2D-1|Phase 2D-2,Traceable
DPKG-PKG-EP-HOSP-001-DEPT-PEX-kpi_002-20260603-LN,DPKG-PKG-EP-HOSP-001-DEPT-PEX-kpi_002-20260603,PKG-EP-HOSP-001-DEPT-PEX-kpi_002-20260603,1,1.0,Derived from Step 2D-2 lineage register,Phase 2B|Phase 2C-1|Phase 2C-2|Phase 2C-3|Phase 2D-1|Phase 2D-2,Traceable
DPKG-PKG-EP-HOSP-001-DEPT-PEX-kpi_002-20260613-LN,DPKG-PKG-EP-HOSP-001-DEPT-PEX-kpi_002-20260613,PKG-EP-HOSP-001-DEPT-PEX-kpi_002-20260613,1,1.0,Derived from Step 2D-2 lineage register,Phase 2B|Phase 2C-1|Phase 2C-2|Phase 2C-3|Phase 2D-1|Phase 2D-2,Traceable
DPKG-PKG-EP-HOSP-001-DEPT-PEX-kpi_002-20260704-LN,DPKG-PKG-EP-HOSP-001-DEPT-PEX-kpi_002-20260704,PKG-EP-HOSP-001-DEPT-PEX-kpi_002-20260704,1,1.0,Derived from Step 2D-2 lineage register,Phase 2B|Phase 2C-1|Phase 2C-2|Phase 2C-3|Phase 2D-1|Phase 2D-2,Traceable
DPKG-PKG-EP-HOSP-001-DEPT-PEX-kpi_002-20260708-LN,DPKG-PKG-EP-HOSP-001-DEPT-PEX-kpi_002-20260708,PKG-EP-HOSP-001-DEPT-PEX-kpi_002-20260708,1,1.0,Derived from Step 2D-2 lineage register,Phase 2B|Phase 2C-1|Phase 2C-2|Phase 2C-3|Phase 2D-1|Phase 2D-2,Traceable
DPKG-PKG-EP-HOSP-001-DEPT-PEX-kpi_002-20260719-LN,DPKG-PKG-EP-HOSP-001-DEPT-PEX-kpi_002-20260719,PKG-EP-HOSP-001-DEPT-PEX-kpi_002-20260719,1,1.0,Derived from Step 2D-2 lineage register,Phase 2B|Phase 2C-1|Phase 2C-2|Phase 2C-3|Phase 2D-1|Phase 2D-2,Traceable
DPKG-PKG-EP-HOSP-001-DEPT-PEX-kpi_002-20260728-LN,DPKG-PKG-EP-HOSP-001-DEPT-PEX-kpi_002-20260728,PKG-EP-HOSP-001-DEPT-PEX-kpi_002-20260728,1,1.0,Derived from Step 2D-2 lineage register,Phase 2B|Phase 2C-1|Phase 2C-2|Phase 2C-3|Phase 2D-1|Phase 2D-2,Traceable
DPKG-PKG-EP-HOSP-001-DEPT-PEX-kpi_002-20260911-LN,DPKG-PKG-EP-HOSP-001-DEPT-PEX-kpi_002-20260911,PKG-EP-HOSP-001-DEPT-PEX-kpi_002-20260911,1,1.0,Derived from Step 2D-2 lineage register,Phase 2B|Phase 2C-1|Phase 2C-2|Phase 2C-3|Phase 2D-1|Phase 2D-2,Traceable
DPKG-PKG-EP-HOSP-001-DEPT-PEX-kpi_002-20260925-LN,DPKG-PKG-EP-HOSP-001-DEPT-PEX-kpi_002-20260925,PKG-EP-HOSP-001-DEPT-PEX-kpi_002-20260925,1,1.0,Derived from Step 2D-2 lineage register,Phase 2B|Phase 2C-1|Phase 2C-2|Phase 2C-3|Phase 2D-1|Phase 2D-2,Traceable
DPKG-PKG-EP-HOSP-001-DEPT-PEX-kpi_002-20261010-LN,DPKG-PKG-EP-HOSP-001-DEPT-PEX-kpi_002-20261010,PKG-EP-HOSP-001-DEPT-PEX-kpi_002-20261010,1,1.0,Derived from Step 2D-2 lineage register,Phase 2B|Phase 2C-1|Phase 2C-2|Phase 2C-3|Phase 2D-1|Phase 2D-2,Traceable
DPKG-PKG-EP-HOSP-001-DEPT-PEX-kpi_002-20261018-LN,DPKG-PKG-EP-HOSP-001-DEPT-PEX-kpi_002-20261018,PKG-EP-HOSP-001-DEPT-PEX-kpi_002-20261018,1,1.0,Derived from Step 2D-2 lineage register,Phase 2B|Phase 2C-1|Phase 2C-2|Phase 2C-3|Phase 2D-1|Phase 2D-2,Traceable
DPKG-PKG-EP-HOSP-001-DEPT-PEX-kpi_002-20261025-LN,DPKG-PKG-EP-HOSP-001-DEPT-PEX-kpi_002-20261025,PKG-EP-HOSP-001-DEPT-PEX-kpi_002-20261025,1,1.0,Derived from Step 2D-2 lineage register,Phase 2B|Phase 2C-1|Phase 2C-2|Phase 2C-3|Phase 2D-1|Phase 2D-2,Traceable
DPKG-PKG-EP-HOSP-001-DEPT-PEX-kpi_002-20261104-LN,DPKG-PKG-EP-HOSP-001-DEPT-PEX-kpi_002-20261104,PKG-EP-HOSP-001-DEPT-PEX-kpi_002-20261104,1,1.0,Derived from Step 2D-2 lineage register,Phase 2B|Phase 2C-1|Phase 2C-2|Phase 2C-3|Phase 2D-1|Phase 2D-2,Traceable
DPKG-PKG-EP-HOSP-001-DEPT-PEX-kpi_002-20261214-LN,DPKG-PKG-EP-HOSP-001-DEPT-PEX-kpi_002-20261214,PKG-EP-HOSP-001-DEPT-PEX-kpi_002-20261214,1,1.0,Derived from Step 2D-2 lineage register,Phase 2B|Phase 2C-1|Phase 2C-2|Phase 2C-3|Phase 2D-1|Phase 2D-2,Traceable
DPKG-PKG-EP-HOSP-001-DEPT-PEX-kpi_006-20260121-LN,DPKG-PKG-EP-HOSP-001-DEPT-PEX-kpi_006-20260121,PKG-EP-HOSP-001-DEPT-PEX-kpi_006-20260121,1,1.0,Derived from Step 2D-2 lineage register,Phase 2B|Phase 2C-1|Phase 2C-2|Phase 2C-3|Phase 2D-1|Phase 2D-2,Traceable
DPKG-PKG-EP-HOSP-001-DEPT-PEX-kpi_006-20260202-LN,DPKG-PKG-EP-HOSP-001-DEPT-PEX-kpi_006-20260202,PKG-EP-HOSP-001-DEPT-PEX-kpi_006-20260202,1,1.0,Derived from Step 2D-2 lineage register,Phase 2B|Phase 2C-1|Phase 2C-2|Phase 2C-3|Phase 2D-1|Phase 2D-2,Traceable
DPKG-PKG-EP-HOSP-001-DEPT-PEX-kpi_006-20260215-LN,DPKG-PKG-EP-HOSP-001-DEPT-PEX-kpi_006-20260215,PKG-EP-HOSP-001-DEPT-PEX-kpi_006-20260215,1,1.0,Derived from Step 2D-2 lineage register,Phase 2B|Phase 2C-1|Phase 2C-2|Phase 2C-3|Phase 2D-1|Phase 2D-2,Traceable
DPKG-PKG-EP-HOSP-001-DEPT-PEX-kpi_006-20260301-LN,DPKG-PKG-EP-HOSP-001-DEPT-PEX-kpi_006-20260301,PKG-EP-HOSP-001-DEPT-PEX-kpi_006-20260301,1,1.0,Derived from Step 2D-2 lineage register,Phase 2B|Phase 2C-1|Phase 2C-2|Phase 2C-3|Phase 2D-1|Phase 2D-2,Traceable
DPKG-PKG-EP-HOSP-001-DEPT-PEX-kpi_006-20260306-LN,DPKG-PKG-EP-HOSP-001-DEPT-PEX-kpi_006-20260306,PKG-EP-HOSP-001-DEPT-PEX-kpi_006-20260306,1,1.0,Derived from Step 2D-2 lineage register,Phase 2B|Phase 2C-1|Phase 2C-2|Phase 2C-3|Phase 2D-1|Phase 2D-2,Traceable
DPKG-PKG-EP-HOSP-001-DEPT-PEX-kpi_006-20260314-LN,DPKG-PKG-EP-HOSP-001-DEPT-PEX-kpi_006-20260314,PKG-EP-HOSP-001-DEPT-PEX-kpi_006-20260314,1,1.0,Derived from Step 2D-2 lineage register,Phase 2B|Phase 2C-1|Phase 2C-2|Phase 2C-3|Phase 2D-1|Phase 2D-2,Traceable
DPKG-PKG-EP-HOSP-001-DEPT-PEX-kpi_006-20260321-LN,DPKG-PKG-EP-HOSP-001-DEPT-PEX-kpi_006-20260321,PKG-EP-HOSP-001-DEPT-PEX-kpi_006-20260321,1,1.0,Derived from Step 2D-2 lineage register,Phase 2B|Phase 2C-1|Phase 2C-2|Phase 2C-3|Phase 2D-1|Phase 2D-2,Traceable
DPKG-PKG-EP-HOSP-001-DEPT-PEX-kpi_006-20260401-LN,DPKG-PKG-EP-HOSP-001-DEPT-PEX-kpi_006-20260401,PKG-EP-HOSP-001-DEPT-PEX-kpi_006-20260401,1,1.0,Derived from Step 2D-2 lineage register,Phase 2B|Phase 2C-1|Phase 2C-2|Phase 2C-3|Phase 2D-1|Phase 2D-2,Traceable
DPKG-PKG-EP-HOSP-001-DEPT-PEX-kpi_006-20260417-LN,DPKG-PKG-EP-HOSP-001-DEPT-PEX-kpi_006-20260417,PKG-EP-HOSP-001-DEPT-PEX-kpi_006-20260417,1,1.0,Derived from Step 2D-2 lineage register,Phase 2B|Phase 2C-1|Phase 2C-2|Phase 2C-3|Phase 2D-1|Phase 2D-2,Traceable
DPKG-PKG-EP-HOSP-001-DEPT-PEX-kpi_006-20260422-LN,DPKG-PKG-EP-HOSP-001-DEPT-PEX-kpi_006-20260422,PKG-EP-HOSP-001-DEPT-PEX-kpi_006-20260422,1,1.0,Derived from Step 2D-2 lineage register,Phase 2B|Phase 2C-1|Phase 2C-2|Phase 2C-3|Phase 2D-1|Phase 2D-2,Traceable
DPKG-PKG-EP-HOSP-001-DEPT-PEX-kpi_006-20260427-LN,DPKG-PKG-EP-HOSP-001-DEPT-PEX-kpi_006-20260427,PKG-EP-HOSP-001-DEPT-PEX-kpi_006-20260427,1,1.0,Derived from Step 2D-2 lineage register,Phase 2B|Phase 2C-1|Phase 2C-2|Phase 2C-3|Phase 2D-1|Phase 2D-2,Traceable
DPKG-PKG-EP-HOSP-001-DEPT-PEX-kpi_006-20260506-LN,DPKG-PKG-EP-HOSP-001-DEPT-PEX-kpi_006-20260506,PKG-EP-HOSP-001-DEPT-PEX-kpi_006-20260506,1,1.0,Derived from Step 2D-2 lineage register,Phase 2B|Phase 2C-1|Phase 2C-2|Phase 2C-3|Phase 2D-1|Phase 2D-2,Traceable
DPKG-PKG-EP-HOSP-001-DEPT-PEX-kpi_006-20260522-LN,DPKG-PKG-EP-HOSP-001-DEPT-PEX-kpi_006-20260522,PKG-EP-HOSP-001-DEPT-PEX-kpi_006-20260522,1,1.0,Derived from Step 2D-2 lineage register,Phase 2B|Phase 2C-1|Phase 2C-2|Phase 2C-3|Phase 2D-1|Phase 2D-2,Traceable
DPKG-PKG-EP-HOSP-001-DEPT-PEX-kpi_006-20260604-LN,DPKG-PKG-EP-HOSP-001-DEPT-PEX-kpi_006-20260604,PKG-EP-HOSP-001-DEPT-PEX-kpi_006-20260604,1,1.0,Derived from Step 2D-2 lineage register,Phase 2B|Phase 2C-1|Phase 2C-2|Phase 2C-3|Phase 2D-1|Phase 2D-2,Traceable
DPKG-PKG-EP-HOSP-001-DEPT-PEX-kpi_006-20260609-LN,DPKG-PKG-EP-HOSP-001-DEPT-PEX-kpi_006-20260609,PKG-EP-HOSP-001-DEPT-PEX-kpi_006-20260609,1,1.0,Derived from Step 2D-2 lineage register,Phase 2B|Phase 2C-1|Phase 2C-2|Phase 2C-3|Phase 2D-1|Phase 2D-2,Traceable
DPKG-PKG-EP-HOSP-001-DEPT-PEX-kpi_006-20260702-LN,DPKG-PKG-EP-HOSP-001-DEPT-PEX-kpi_006-20260702,PKG-EP-HOSP-001-DEPT-PEX-kpi_006-20260702,1,1.0,Derived from Step 2D-2 lineage register,Phase 2B|Phase 2C-1|Phase 2C-2|Phase 2C-3|Phase 2D-1|Phase 2D-2,Traceable
DPKG-PKG-EP-HOSP-001-DEPT-PEX-kpi_006-20260805-LN,DPKG-PKG-EP-HOSP-001-DEPT-PEX-kpi_006-20260805,PKG-EP-HOSP-001-DEPT-PEX-kpi_006-20260805,1,1.0,Derived from Step 2D-2 lineage register,Phase 2B|Phase 2C-1|Phase 2C-2|Phase 2C-3|Phase 2D-1|Phase 2D-2,Traceable
DPKG-PKG-EP-HOSP-001-DEPT-PEX-kpi_006-20260811-LN,DPKG-PKG-EP-HOSP-001-DEPT-PEX-kpi_006-20260811,PKG-EP-HOSP-001-DEPT-PEX-kpi_006-20260811,1,1.0,Derived from Step 2D-2 lineage register,Phase 2B|Phase 2C-1|Phase 2C-2|Phase 2C-3|Phase 2D-1|Phase 2D-2,Traceable
DPKG-PKG-EP-HOSP-001-DEPT-PEX-kpi_006-20260823-LN,DPKG-PKG-EP-HOSP-001-DEPT-PEX-kpi_006-20260823,PKG-EP-HOSP-001-DEPT-PEX-kpi_006-20260823,1,1.0,Derived from Step 2D-2 lineage register,Phase 2B|Phase 2C-1|Phase 2C-2|Phase 2C-3|Phase 2D-1|Phase 2D-2,Traceable
DPKG-PKG-EP-HOSP-001-DEPT-PEX-kpi_006-20261003-LN,DPKG-PKG-EP-HOSP-001-DEPT-PEX-kpi_006-20261003,PKG-EP-HOSP-001-DEPT-PEX-kpi_006-20261003,1,1.0,Derived from Step 2D-2 lineage register,Phase 2B|Phase 2C-1|Phase 2C-2|Phase 2C-3|Phase 2D-1|Phase 2D-2,Traceable
DPKG-PKG-EP-HOSP-001-DEPT-PEX-kpi_006-20261028-LN,DPKG-PKG-EP-HOSP-001-DEPT-PEX-kpi_006-20261028,PKG-EP-HOSP-001-DEPT-PEX-kpi_006-20261028,1,1.0,Derived from Step 2D-2 lineage register,Phase 2B|Phase 2C-1|Phase 2C-2|Phase 2C-3|Phase 2D-1|Phase 2D-2,Traceable
DPKG-PKG-EP-HOSP-001-DEPT-PEX-kpi_006-20261231-LN,DPKG-PKG-EP-HOSP-001-DEPT-PEX-kpi_006-20261231,PKG-EP-HOSP-001-DEPT-PEX-kpi_006-20261231,1,1.0,Derived from Step 2D-2 lineage register,Phase 2B|Phase 2C-1|Phase 2C-2|Phase 2C-3|Phase 2D-1|Phase 2D-2,Traceable
DPKG-PKG-EP-HOSP-001-DEPT-SURG-kpi_001-20260127-LN,DPKG-PKG-EP-HOSP-001-DEPT-SURG-kpi_001-20260127,PKG-EP-HOSP-001-DEPT-SURG-kpi_001-20260127,1,1.0,Derived from Step 2D-2 lineage register,Phase 2B|Phase 2C-1|Phase 2C-2|Phase 2C-3|Phase 2D-1|Phase 2D-2,Traceable
DPKG-PKG-EP-HOSP-001-DEPT-SURG-kpi_001-20260131-LN,DPKG-PKG-EP-HOSP-001-DEPT-SURG-kpi_001-20260131,PKG-EP-HOSP-001-DEPT-SURG-kpi_001-20260131,1,1.0,Derived from Step 2D-2 lineage register,Phase 2B|Phase 2C-1|Phase 2C-2|Phase 2C-3|Phase 2D-1|Phase 2D-2,Traceable
DPKG-PKG-EP-HOSP-001-DEPT-SURG-kpi_001-20260209-LN,DPKG-PKG-EP-HOSP-001-DEPT-SURG-kpi_001-20260209,PKG-EP-HOSP-001-DEPT-SURG-kpi_001-20260209,1,1.0,Derived from Step 2D-2 lineage register,Phase 2B|Phase 2C-1|Phase 2C-2|Phase 2C-3|Phase 2D-1|Phase 2D-2,Traceable
DPKG-PKG-EP-HOSP-001-DEPT-SURG-kpi_001-20260301-LN,DPKG-PKG-EP-HOSP-001-DEPT-SURG-kpi_001-20260301,PKG-EP-HOSP-001-DEPT-SURG-kpi_001-20260301,1,1.0,Derived from Step 2D-2 lineage register,Phase 2B|Phase 2C-1|Phase 2C-2|Phase 2C-3|Phase 2D-1|Phase 2D-2,Traceable
DPKG-PKG-EP-HOSP-001-DEPT-SURG-kpi_001-20260305-LN,DPKG-PKG-EP-HOSP-001-DEPT-SURG-kpi_001-20260305,PKG-EP-HOSP-001-DEPT-SURG-kpi_001-20260305,1,1.0,Derived from Step 2D-2 lineage register,Phase 2B|Phase 2C-1|Phase 2C-2|Phase 2C-3|Phase 2D-1|Phase 2D-2,Traceable
DPKG-PKG-EP-HOSP-001-DEPT-SURG-kpi_001-20260311-LN,DPKG-PKG-EP-HOSP-001-DEPT-SURG-kpi_001-20260311,PKG-EP-HOSP-001-DEPT-SURG-kpi_001-20260311,1,1.0,Derived from Step 2D-2 lineage register,Phase 2B|Phase 2C-1|Phase 2C-2|Phase 2C-3|Phase 2D-1|Phase 2D-2,Traceable
DPKG-PKG-EP-HOSP-001-DEPT-SURG-kpi_001-20260401-LN,DPKG-PKG-EP-HOSP-001-DEPT-SURG-kpi_001-20260401,PKG-EP-HOSP-001-DEPT-SURG-kpi_001-20260401,1,1.0,Derived from Step 2D-2 lineage register,Phase 2B|Phase 2C-1|Phase 2C-2|Phase 2C-3|Phase 2D-1|Phase 2D-2,Traceable
DPKG-PKG-EP-HOSP-001-DEPT-SURG-kpi_001-20260411-LN,DPKG-PKG-EP-HOSP-001-DEPT-SURG-kpi_001-20260411,PKG-EP-HOSP-001-DEPT-SURG-kpi_001-20260411,1,1.0,Derived from Step 2D-2 lineage register,Phase 2B|Phase 2C-1|Phase 2C-2|Phase 2C-3|Phase 2D-1|Phase 2D-2,Traceable
DPKG-PKG-EP-HOSP-001-DEPT-SURG-kpi_001-20260415-LN,DPKG-PKG-EP-HOSP-001-DEPT-SURG-kpi_001-20260415,PKG-EP-HOSP-001-DEPT-SURG-kpi_001-20260415,1,1.0,Derived from Step 2D-2 lineage register,Phase 2B|Phase 2C-1|Phase 2C-2|Phase 2C-3|Phase 2D-1|Phase 2D-2,Traceable
DPKG-PKG-EP-HOSP-001-DEPT-SURG-kpi_001-20260429-LN,DPKG-PKG-EP-HOSP-001-DEPT-SURG-kpi_001-20260429,PKG-EP-HOSP-001-DEPT-SURG-kpi_001-20260429,1,1.0,Derived from Step 2D-2 lineage register,Phase 2B|Phase 2C-1|Phase 2C-2|Phase 2C-3|Phase 2D-1|Phase 2D-2,Traceable
DPKG-PKG-EP-HOSP-001-DEPT-SURG-kpi_001-20260504-LN,DPKG-PKG-EP-HOSP-001-DEPT-SURG-kpi_001-20260504,PKG-EP-HOSP-001-DEPT-SURG-kpi_001-20260504,1,1.0,Derived from Step 2D-2 lineage register,Phase 2B|Phase 2C-1|Phase 2C-2|Phase 2C-3|Phase 2D-1|Phase 2D-2,Traceable
DPKG-PKG-EP-HOSP-001-DEPT-SURG-kpi_001-20260517-LN,DPKG-PKG-EP-HOSP-001-DEPT-SURG-kpi_001-20260517,PKG-EP-HOSP-001-DEPT-SURG-kpi_001-20260517,1,1.0,Derived from Step 2D-2 lineage register,Phase 2B|Phase 2C-1|Phase 2C-2|Phase 2C-3|Phase 2D-1|Phase 2D-2,Traceable
DPKG-PKG-EP-HOSP-001-DEPT-SURG-kpi_001-20260521-LN,DPKG-PKG-EP-HOSP-001-DEPT-SURG-kpi_001-20260521,PKG-EP-HOSP-001-DEPT-SURG-kpi_001-20260521,1,1.0,Derived from Step 2D-2 lineage register,Phase 2B|Phase 2C-1|Phase 2C-2|Phase 2C-3|Phase 2D-1|Phase 2D-2,Traceable
DPKG-PKG-EP-HOSP-001-DEPT-SURG-kpi_001-20260529-LN,DPKG-PKG-EP-HOSP-001-DEPT-SURG-kpi_001-20260529,PKG-EP-HOSP-001-DEPT-SURG-kpi_001-20260529,1,1.0,Derived from Step 2D-2 lineage register,Phase 2B|Phase 2C-1|Phase 2C-2|Phase 2C-3|Phase 2D-1|Phase 2D-2,Traceable
DPKG-PKG-EP-HOSP-001-DEPT-SURG-kpi_001-20260606-LN,DPKG-PKG-EP-HOSP-001-DEPT-SURG-kpi_001-20260606,PKG-EP-HOSP-001-DEPT-SURG-kpi_001-20260606,1,1.0,Derived from Step 2D-2 lineage register,Phase 2B|Phase 2C-1|Phase 2C-2|Phase 2C-3|Phase 2D-1|Phase 2D-2,Traceable
DPKG-PKG-EP-HOSP-001-DEPT-SURG-kpi_001-20260613-LN,DPKG-PKG-EP-HOSP-001-DEPT-SURG-kpi_001-20260613,PKG-EP-HOSP-001-DEPT-SURG-kpi_001-20260613,1,1.0,Derived from Step 2D-2 lineage register,Phase 2B|Phase 2C-1|Phase 2C-2|Phase 2C-3|Phase 2D-1|Phase 2D-2,Traceable
DPKG-PKG-EP-HOSP-001-DEPT-SURG-kpi_001-20260618-LN,DPKG-PKG-EP-HOSP-001-DEPT-SURG-kpi_001-20260618,PKG-EP-HOSP-001-DEPT-SURG-kpi_001-20260618,1,1.0,Derived from Step 2D-2 lineage register,Phase 2B|Phase 2C-1|Phase 2C-2|Phase 2C-3|Phase 2D-1|Phase 2D-2,Traceable
DPKG-PKG-EP-HOSP-001-DEPT-SURG-kpi_001-20260702-LN,DPKG-PKG-EP-HOSP-001-DEPT-SURG-kpi_001-20260702,PKG-EP-HOSP-001-DEPT-SURG-kpi_001-20260702,1,1.0,Derived from Step 2D-2 lineage register,Phase 2B|Phase 2C-1|Phase 2C-2|Phase 2C-3|Phase 2D-1|Phase 2D-2,Traceable
DPKG-PKG-EP-HOSP-001-DEPT-SURG-kpi_001-20260709-LN,DPKG-PKG-EP-HOSP-001-DEPT-SURG-kpi_001-20260709,PKG-EP-HOSP-001-DEPT-SURG-kpi_001-20260709,1,1.0,Derived from Step 2D-2 lineage register,Phase 2B|Phase 2C-1|Phase 2C-2|Phase 2C-3|Phase 2D-1|Phase 2D-2,Traceable
DPKG-PKG-EP-HOSP-001-DEPT-SURG-kpi_001-20260726-LN,DPKG-PKG-EP-HOSP-001-DEPT-SURG-kpi_001-20260726,PKG-EP-HOSP-001-DEPT-SURG-kpi_001-20260726,1,1.0,Derived from Step 2D-2 lineage register,Phase 2B|Phase 2C-1|Phase 2C-2|Phase 2C-3|Phase 2D-1|Phase 2D-2,Traceable
DPKG-PKG-EP-HOSP-001-DEPT-SURG-kpi_001-20260802-LN,DPKG-PKG-EP-HOSP-001-DEPT-SURG-kpi_001-20260802,PKG-EP-HOSP-001-DEPT-SURG-kpi_001-20260802,1,1.0,Derived from Step 2D-2 lineage register,Phase 2B|Phase 2C-1|Phase 2C-2|Phase 2C-3|Phase 2D-1|Phase 2D-2,Traceable
DPKG-PKG-EP-HOSP-001-DEPT-SURG-kpi_001-20260822-LN,DPKG-PKG-EP-HOSP-001-DEPT-SURG-kpi_001-20260822,PKG-EP-HOSP-001-DEPT-SURG-kpi_001-20260822,1,1.0,Derived from Step 2D-2 lineage register,Phase 2B|Phase 2C-1|Phase 2C-2|Phase 2C-3|Phase 2D-1|Phase 2D-2,Traceable
DPKG-PKG-EP-HOSP-001-DEPT-SURG-kpi_001-20260903-LN,DPKG-PKG-EP-HOSP-001-DEPT-SURG-kpi_001-20260903,PKG-EP-HOSP-001-DEPT-SURG-kpi_001-20260903,1,1.0,Derived from Step 2D-2 lineage register,Phase 2B|Phase 2C-1|Phase 2C-2|Phase 2C-3|Phase 2D-1|Phase 2D-2,Traceable
DPKG-PKG-EP-HOSP-001-DEPT-SURG-kpi_001-20260916-LN,DPKG-PKG-EP-HOSP-001-DEPT-SURG-kpi_001-20260916,PKG-EP-HOSP-001-DEPT-SURG-kpi_001-20260916,1,1.0,Derived from Step 2D-2 lineage register,Phase 2B|Phase 2C-1|Phase 2C-2|Phase 2C-3|Phase 2D-1|Phase 2D-2,Traceable
DPKG-PKG-EP-HOSP-001-DEPT-SURG-kpi_001-20260929-LN,DPKG-PKG-EP-HOSP-001-DEPT-SURG-kpi_001-20260929,PKG-EP-HOSP-001-DEPT-SURG-kpi_001-20260929,1,1.0,Derived from Step 2D-2 lineage register,Phase 2B|Phase 2C-1|Phase 2C-2|Phase 2C-3|Phase 2D-1|Phase 2D-2,Traceable
DPKG-PKG-EP-HOSP-001-DEPT-SURG-kpi_001-20261020-LN,DPKG-PKG-EP-HOSP-001-DEPT-SURG-kpi_001-20261020,PKG-EP-HOSP-001-DEPT-SURG-kpi_001-20261020,1,1.0,Derived from Step 2D-2 lineage register,Phase 2B|Phase 2C-1|Phase 2C-2|Phase 2C-3|Phase 2D-1|Phase 2D-2,Traceable
DPKG-PKG-EP-HOSP-001-DEPT-SURG-kpi_001-20261026-LN,DPKG-PKG-EP-HOSP-001-DEPT-SURG-kpi_001-20261026,PKG-EP-HOSP-001-DEPT-SURG-kpi_001-20261026,1,1.0,Derived from Step 2D-2 lineage register,Phase 2B|Phase 2C-1|Phase 2C-2|Phase 2C-3|Phase 2D-1|Phase 2D-2,Traceable
DPKG-PKG-EP-HOSP-001-DEPT-SURG-kpi_001-20261111-LN,DPKG-PKG-EP-HOSP-001-DEPT-SURG-kpi_001-20261111,PKG-EP-HOSP-001-DEPT-SURG-kpi_001-20261111,1,1.0,Derived from Step 2D-2 lineage register,Phase 2B|Phase 2C-1|Phase 2C-2|Phase 2C-3|Phase 2D-1|Phase 2D-2,Traceable
DPKG-PKG-EP-HOSP-001-DEPT-SURG-kpi_001-20261127-LN,DPKG-PKG-EP-HOSP-001-DEPT-SURG-kpi_001-20261127,PKG-EP-HOSP-001-DEPT-SURG-kpi_001-20261127,1,1.0,Derived from Step 2D-2 lineage register,Phase 2B|Phase 2C-1|Phase 2C-2|Phase 2C-3|Phase 2D-1|Phase 2D-2,Traceable
DPKG-PKG-EP-HOSP-001-DEPT-SURG-kpi_001-20261203-LN,DPKG-PKG-EP-HOSP-001-DEPT-SURG-kpi_001-20261203,PKG-EP-HOSP-001-DEPT-SURG-kpi_001-20261203,1,1.0,Derived from Step 2D-2 lineage register,Phase 2B|Phase 2C-1|Phase 2C-2|Phase 2C-3|Phase 2D-1|Phase 2D-2,Traceable
DPKG-PKG-EP-HOSP-001-DEPT-SURG-kpi_002-20260120-LN,DPKG-PKG-EP-HOSP-001-DEPT-SURG-kpi_002-20260120,PKG-EP-HOSP-001-DEPT-SURG-kpi_002-20260120,1,1.0,Derived from Step 2D-2 lineage register,Phase 2B|Phase 2C-1|Phase 2C-2|Phase 2C-3|Phase 2D-1|Phase 2D-2,Traceable
DPKG-PKG-EP-HOSP-001-DEPT-SURG-kpi_002-20260125-LN,DPKG-PKG-EP-HOSP-001-DEPT-SURG-kpi_002-20260125,PKG-EP-HOSP-001-DEPT-SURG-kpi_002-20260125,1,1.0,Derived from Step 2D-2 lineage register,Phase 2B|Phase 2C-1|Phase 2C-2|Phase 2C-3|Phase 2D-1|Phase 2D-2,Traceable
DPKG-PKG-EP-HOSP-001-DEPT-SURG-kpi_002-20260214-LN,DPKG-PKG-EP-HOSP-001-DEPT-SURG-kpi_002-20260214,PKG-EP-HOSP-001-DEPT-SURG-kpi_002-20260214,1,1.0,Derived from Step 2D-2 lineage register,Phase 2B|Phase 2C-1|Phase 2C-2|Phase 2C-3|Phase 2D-1|Phase 2D-2,Traceable
DPKG-PKG-EP-HOSP-001-DEPT-SURG-kpi_002-20260226-LN,DPKG-PKG-EP-HOSP-001-DEPT-SURG-kpi_002-20260226,PKG-EP-HOSP-001-DEPT-SURG-kpi_002-20260226,1,1.0,Derived from Step 2D-2 lineage register,Phase 2B|Phase 2C-1|Phase 2C-2|Phase 2C-3|Phase 2D-1|Phase 2D-2,Traceable
DPKG-PKG-EP-HOSP-001-DEPT-SURG-kpi_002-20260304-LN,DPKG-PKG-EP-HOSP-001-DEPT-SURG-kpi_002-20260304,PKG-EP-HOSP-001-DEPT-SURG-kpi_002-20260304,1,1.0,Derived from Step 2D-2 lineage register,Phase 2B|Phase 2C-1|Phase 2C-2|Phase 2C-3|Phase 2D-1|Phase 2D-2,Traceable
DPKG-PKG-EP-HOSP-001-DEPT-SURG-kpi_002-20260314-LN,DPKG-PKG-EP-HOSP-001-DEPT-SURG-kpi_002-20260314,PKG-EP-HOSP-001-DEPT-SURG-kpi_002-20260314,1,1.0,Derived from Step 2D-2 lineage register,Phase 2B|Phase 2C-1|Phase 2C-2|Phase 2C-3|Phase 2D-1|Phase 2D-2,Traceable
DPKG-PKG-EP-HOSP-001-DEPT-SURG-kpi_002-20260319-LN,DPKG-PKG-EP-HOSP-001-DEPT-SURG-kpi_002-20260319,PKG-EP-HOSP-001-DEPT-SURG-kpi_002-20260319,1,1.0,Derived from Step 2D-2 lineage register,Phase 2B|Phase 2C-1|Phase 2C-2|Phase 2C-3|Phase 2D-1|Phase 2D-2,Traceable
DPKG-PKG-EP-HOSP-001-DEPT-SURG-kpi_002-20260422-LN,DPKG-PKG-EP-HOSP-001-DEPT-SURG-kpi_002-20260422,PKG-EP-HOSP-001-DEPT-SURG-kpi_002-20260422,1,1.0,Derived from Step 2D-2 lineage register,Phase 2B|Phase 2C-1|Phase 2C-2|Phase 2C-3|Phase 2D-1|Phase 2D-2,Traceable
DPKG-PKG-EP-HOSP-001-DEPT-SURG-kpi_002-20260502-LN,DPKG-PKG-EP-HOSP-001-DEPT-SURG-kpi_002-20260502,PKG-EP-HOSP-001-DEPT-SURG-kpi_002-20260502,1,1.0,Derived from Step 2D-2 lineage register,Phase 2B|Phase 2C-1|Phase 2C-2|Phase 2C-3|Phase 2D-1|Phase 2D-2,Traceable
DPKG-PKG-EP-HOSP-001-DEPT-SURG-kpi_002-20260509-LN,DPKG-PKG-EP-HOSP-001-DEPT-SURG-kpi_002-20260509,PKG-EP-HOSP-001-DEPT-SURG-kpi_002-20260509,1,1.0,Derived from Step 2D-2 lineage register,Phase 2B|Phase 2C-1|Phase 2C-2|Phase 2C-3|Phase 2D-1|Phase 2D-2,Traceable
DPKG-PKG-EP-HOSP-001-DEPT-SURG-kpi_002-20260602-LN,DPKG-PKG-EP-HOSP-001-DEPT-SURG-kpi_002-20260602,PKG-EP-HOSP-001-DEPT-SURG-kpi_002-20260602,1,1.0,Derived from Step 2D-2 lineage register,Phase 2B|Phase 2C-1|Phase 2C-2|Phase 2C-3|Phase 2D-1|Phase 2D-2,Traceable
DPKG-PKG-EP-HOSP-001-DEPT-SURG-kpi_002-20260621-LN,DPKG-PKG-EP-HOSP-001-DEPT-SURG-kpi_002-20260621,PKG-EP-HOSP-001-DEPT-SURG-kpi_002-20260621,1,1.0,Derived from Step 2D-2 lineage register,Phase 2B|Phase 2C-1|Phase 2C-2|Phase 2C-3|Phase 2D-1|Phase 2D-2,Traceable
DPKG-PKG-EP-HOSP-001-DEPT-SURG-kpi_002-20260704-LN,DPKG-PKG-EP-HOSP-001-DEPT-SURG-kpi_002-20260704,PKG-EP-HOSP-001-DEPT-SURG-kpi_002-20260704,1,1.0,Derived from Step 2D-2 lineage register,Phase 2B|Phase 2C-1|Phase 2C-2|Phase 2C-3|Phase 2D-1|Phase 2D-2,Traceable
DPKG-PKG-EP-HOSP-001-DEPT-SURG-kpi_002-20260724-LN,DPKG-PKG-EP-HOSP-001-DEPT-SURG-kpi_002-20260724,PKG-EP-HOSP-001-DEPT-SURG-kpi_002-20260724,1,1.0,Derived from Step 2D-2 lineage register,Phase 2B|Phase 2C-1|Phase 2C-2|Phase 2C-3|Phase 2D-1|Phase 2D-2,Traceable
DPKG-PKG-EP-HOSP-001-DEPT-SURG-kpi_002-20260824-LN,DPKG-PKG-EP-HOSP-001-DEPT-SURG-kpi_002-20260824,PKG-EP-HOSP-001-DEPT-SURG-kpi_002-20260824,1,1.0,Derived from Step 2D-2 lineage register,Phase 2B|Phase 2C-1|Phase 2C-2|Phase 2C-3|Phase 2D-1|Phase 2D-2,Traceable
DPKG-PKG-EP-HOSP-001-DEPT-SURG-kpi_002-20260908-LN,DPKG-PKG-EP-HOSP-001-DEPT-SURG-kpi_002-20260908,PKG-EP-HOSP-001-DEPT-SURG-kpi_002-20260908,1,1.0,Derived from Step 2D-2 lineage register,Phase 2B|Phase 2C-1|Phase 2C-2|Phase 2C-3|Phase 2D-1|Phase 2D-2,Traceable
DPKG-PKG-EP-HOSP-001-DEPT-SURG-kpi_002-20260912-LN,DPKG-PKG-EP-HOSP-001-DEPT-SURG-kpi_002-20260912,PKG-EP-HOSP-001-DEPT-SURG-kpi_002-20260912,1,1.0,Derived from Step 2D-2 lineage register,Phase 2B|Phase 2C-1|Phase 2C-2|Phase 2C-3|Phase 2D-1|Phase 2D-2,Traceable
DPKG-PKG-EP-HOSP-001-DEPT-SURG-kpi_002-20261004-LN,DPKG-PKG-EP-HOSP-001-DEPT-SURG-kpi_002-20261004,PKG-EP-HOSP-001-DEPT-SURG-kpi_002-20261004,1,1.0,Derived from Step 2D-2 lineage register,Phase 2B|Phase 2C-1|Phase 2C-2|Phase 2C-3|Phase 2D-1|Phase 2D-2,Traceable
DPKG-PKG-EP-HOSP-001-DEPT-SURG-kpi_002-20261018-LN,DPKG-PKG-EP-HOSP-001-DEPT-SURG-kpi_002-20261018,PKG-EP-HOSP-001-DEPT-SURG-kpi_002-20261018,1,1.0,Derived from Step 2D-2 lineage register,Phase 2B|Phase 2C-1|Phase 2C-2|Phase 2C-3|Phase 2D-1|Phase 2D-2,Traceable
DPKG-PKG-EP-HOSP-001-DEPT-SURG-kpi_002-20261030-LN,DPKG-PKG-EP-HOSP-001-DEPT-SURG-kpi_002-20261030,PKG-EP-HOSP-001-DEPT-SURG-kpi_002-20261030,1,1.0,Derived from Step 2D-2 lineage register,Phase 2B|Phase 2C-1|Phase 2C-2|Phase 2C-3|Phase 2D-1|Phase 2D-2,Traceable
DPKG-PKG-EP-HOSP-001-DEPT-SURG-kpi_002-20261219-LN,DPKG-PKG-EP-HOSP-001-DEPT-SURG-kpi_002-20261219,PKG-EP-HOSP-001-DEPT-SURG-kpi_002-20261219,1,1.0,Derived from Step 2D-2 lineage register,Phase 2B|Phase 2C-1|Phase 2C-2|Phase 2C-3|Phase 2D-1|Phase 2D-2,Traceable
DPKG-PKG-EP-HOSP-001-DEPT-SURG-kpi_002-20261230-LN,DPKG-PKG-EP-HOSP-001-DEPT-SURG-kpi_002-20261230,PKG-EP-HOSP-001-DEPT-SURG-kpi_002-20261230,1,1.0,Derived from Step 2D-2 lineage register,Phase 2B|Phase 2C-1|Phase 2C-2|Phase 2C-3|Phase 2D-1|Phase 2D-2,Traceable
DPKG-PKG-EP-HOSP-001-DEPT-SURG-kpi_003-20260407-LN,DPKG-PKG-EP-HOSP-001-DEPT-SURG-kpi_003-20260407,PKG-EP-HOSP-001-DEPT-SURG-kpi_003-20260407,1,1.0,Derived from Step 2D-2 lineage register,Phase 2B|Phase 2C-1|Phase 2C-2|Phase 2C-3|Phase 2D-1|Phase 2D-2,Traceable
DPKG-PKG-EP-HOSP-001-DEPT-SURG-kpi_003-20260516-LN,DPKG-PKG-EP-HOSP-001-DEPT-SURG-kpi_003-20260516,PKG-EP-HOSP-001-DEPT-SURG-kpi_003-20260516,1,1.0,Derived from Step 2D-2 lineage register,Phase 2B|Phase 2C-1|Phase 2C-2|Phase 2C-3|Phase 2D-1|Phase 2D-2,Traceable
DPKG-PKG-EP-HOSP-001-DEPT-SURG-kpi_003-20260526-LN,DPKG-PKG-EP-HOSP-001-DEPT-SURG-kpi_003-20260526,PKG-EP-HOSP-001-DEPT-SURG-kpi_003-20260526,1,1.0,Derived from Step 2D-2 lineage register,Phase 2B|Phase 2C-1|Phase 2C-2|Phase 2C-3|Phase 2D-1|Phase 2D-2,Traceable
DPKG-PKG-EP-HOSP-001-DEPT-SURG-kpi_003-20260530-LN,DPKG-PKG-EP-HOSP-001-DEPT-SURG-kpi_003-20260530,PKG-EP-HOSP-001-DEPT-SURG-kpi_003-20260530,1,1.0,Derived from Step 2D-2 lineage register,Phase 2B|Phase 2C-1|Phase 2C-2|Phase 2C-3|Phase 2D-1|Phase 2D-2,Traceable
DPKG-PKG-EP-HOSP-001-DEPT-SURG-kpi_003-20260604-LN,DPKG-PKG-EP-HOSP-001-DEPT-SURG-kpi_003-20260604,PKG-EP-HOSP-001-DEPT-SURG-kpi_003-20260604,1,1.0,Derived from Step 2D-2 lineage register,Phase 2B|Phase 2C-1|Phase 2C-2|Phase 2C-3|Phase 2D-1|Phase 2D-2,Traceable
DPKG-PKG-EP-HOSP-001-DEPT-SURG-kpi_003-20260608-LN,DPKG-PKG-EP-HOSP-001-DEPT-SURG-kpi_003-20260608,PKG-EP-HOSP-001-DEPT-SURG-kpi_003-20260608,1,1.0,Derived from Step 2D-2 lineage register,Phase 2B|Phase 2C-1|Phase 2C-2|Phase 2C-3|Phase 2D-1|Phase 2D-2,Traceable
DPKG-PKG-EP-HOSP-001-DEPT-SURG-kpi_003-20260623-LN,DPKG-PKG-EP-HOSP-001-DEPT-SURG-kpi_003-20260623,PKG-EP-HOSP-001-DEPT-SURG-kpi_003-20260623,1,1.0,Derived from Step 2D-2 lineage register,Phase 2B|Phase 2C-1|Phase 2C-2|Phase 2C-3|Phase 2D-1|Phase 2D-2,Traceable
DPKG-PKG-EP-HOSP-001-DEPT-SURG-kpi_003-20260627-LN,DPKG-PKG-EP-HOSP-001-DEPT-SURG-kpi_003-20260627,PKG-EP-HOSP-001-DEPT-SURG-kpi_003-20260627,1,1.0,Derived from Step 2D-2 lineage register,Phase 2B|Phase 2C-1|Phase 2C-2|Phase 2C-3|Phase 2D-1|Phase 2D-2,Traceable
DPKG-PKG-EP-HOSP-001-DEPT-SURG-kpi_003-20260708-LN,DPKG-PKG-EP-HOSP-001-DEPT-SURG-kpi_003-20260708,PKG-EP-HOSP-001-DEPT-SURG-kpi_003-20260708,1,1.0,Derived from Step 2D-2 lineage register,Phase 2B|Phase 2C-1|Phase 2C-2|Phase 2C-3|Phase 2D-1|Phase 2D-2,Traceable
DPKG-PKG-EP-HOSP-001-DEPT-SURG-kpi_003-20260714-LN,DPKG-PKG-EP-HOSP-001-DEPT-SURG-kpi_003-20260714,PKG-EP-HOSP-001-DEPT-SURG-kpi_003-20260714,1,1.0,Derived from Step 2D-2 lineage register,Phase 2B|Phase 2C-1|Phase 2C-2|Phase 2C-3|Phase 2D-1|Phase 2D-2,Traceable
DPKG-PKG-EP-HOSP-001-DEPT-SURG-kpi_003-20260730-LN,DPKG-PKG-EP-HOSP-001-DEPT-SURG-kpi_003-20260730,PKG-EP-HOSP-001-DEPT-SURG-kpi_003-20260730,1,1.0,Derived from Step 2D-2 lineage register,Phase 2B|Phase 2C-1|Phase 2C-2|Phase 2C-3|Phase 2D-1|Phase 2D-2,Traceable
DPKG-PKG-EP-HOSP-001-DEPT-SURG-kpi_006-20260217-LN,DPKG-PKG-EP-HOSP-001-DEPT-SURG-kpi_006-20260217,PKG-EP-HOSP-001-DEPT-SURG-kpi_006-20260217,1,1.0,Derived from Step 2D-2 lineage register,Phase 2B|Phase 2C-1|Phase 2C-2|Phase 2C-3|Phase 2D-1|Phase 2D-2,Traceable
DPKG-PKG-EP-HOSP-001-DEPT-SURG-kpi_006-20260223-LN,DPKG-PKG-EP-HOSP-001-DEPT-SURG-kpi_006-20260223,PKG-EP-HOSP-001-DEPT-SURG-kpi_006-20260223,1,1.0,Derived from Step 2D-2 lineage register,Phase 2B|Phase 2C-1|Phase 2C-2|Phase 2C-3|Phase 2D-1|Phase 2D-2,Traceable
DPKG-PKG-EP-HOSP-001-DEPT-SURG-kpi_006-20260414-LN,DPKG-PKG-EP-HOSP-001-DEPT-SURG-kpi_006-20260414,PKG-EP-HOSP-001-DEPT-SURG-kpi_006-20260414,1,1.0,Derived from Step 2D-2 lineage register,Phase 2B|Phase 2C-1|Phase 2C-2|Phase 2C-3|Phase 2D-1|Phase 2D-2,Traceable
DPKG-PKG-EP-HOSP-001-DEPT-SURG-kpi_006-20260428-LN,DPKG-PKG-EP-HOSP-001-DEPT-SURG-kpi_006-20260428,PKG-EP-HOSP-001-DEPT-SURG-kpi_006-20260428,1,1.0,Derived from Step 2D-2 lineage register,Phase 2B|Phase 2C-1|Phase 2C-2|Phase 2C-3|Phase 2D-1|Phase 2D-2,Traceable
DPKG-PKG-EP-HOSP-001-DEPT-SURG-kpi_006-20260609-LN,DPKG-PKG-EP-HOSP-001-DEPT-SURG-kpi_006-20260609,PKG-EP-HOSP-001-DEPT-SURG-kpi_006-20260609,1,1.0,Derived from Step 2D-2 lineage register,Phase 2B|Phase 2C-1|Phase 2C-2|Phase 2C-3|Phase 2D-1|Phase 2D-2,Traceable
DPKG-PKG-EP-HOSP-001-DEPT-SURG-kpi_006-20260701-LN,DPKG-PKG-EP-HOSP-001-DEPT-SURG-kpi_006-20260701,PKG-EP-HOSP-001-DEPT-SURG-kpi_006-20260701,1,1.0,Derived from Step 2D-2 lineage register,Phase 2B|Phase 2C-1|Phase 2C-2|Phase 2C-3|Phase 2D-1|Phase 2D-2,Traceable
DPKG-PKG-EP-HOSP-001-DEPT-SURG-kpi_006-20260705-LN,DPKG-PKG-EP-HOSP-001-DEPT-SURG-kpi_006-20260705,PKG-EP-HOSP-001-DEPT-SURG-kpi_006-20260705,1,1.0,Derived from Step 2D-2 lineage register,Phase 2B|Phase 2C-1|Phase 2C-2|Phase 2C-3|Phase 2D-1|Phase 2D-2,Traceable
DPKG-PKG-EP-HOSP-001-DEPT-SURG-kpi_006-20260727-LN,DPKG-PKG-EP-HOSP-001-DEPT-SURG-kpi_006-20260727,PKG-EP-HOSP-001-DEPT-SURG-kpi_006-20260727,1,1.0,Derived from Step 2D-2 lineage register,Phase 2B|Phase 2C-1|Phase 2C-2|Phase 2C-3|Phase 2D-1|Phase 2D-2,Traceable
DPKG-PKG-EP-HOSP-001-DEPT-SURG-kpi_006-20260731-LN,DPKG-PKG-EP-HOSP-001-DEPT-SURG-kpi_006-20260731,PKG-EP-HOSP-001-DEPT-SURG-kpi_006-20260731,1,1.0,Derived from Step 2D-2 lineage register,Phase 2B|Phase 2C-1|Phase 2C-2|Phase 2C-3|Phase 2D-1|Phase 2D-2,Traceable
DPKG-PKG-EP-HOSP-001-DEPT-SURG-kpi_006-20260814-LN,DPKG-PKG-EP-HOSP-001-DEPT-SURG-kpi_006-20260814,PKG-EP-HOSP-001-DEPT-SURG-kpi_006-20260814,1,1.0,Derived from Step 2D-2 lineage register,Phase 2B|Phase 2C-1|Phase 2C-2|Phase 2C-3|Phase 2D-1|Phase 2D-2,Traceable
DPKG-PKG-EP-HOSP-001-DEPT-SURG-kpi_006-20260906-LN,DPKG-PKG-EP-HOSP-001-DEPT-SURG-kpi_006-20260906,PKG-EP-HOSP-001-DEPT-SURG-kpi_006-20260906,1,1.0,Derived from Step 2D-2 lineage register,Phase 2B|Phase 2C-1|Phase 2C-2|Phase 2C-3|Phase 2D-1|Phase 2D-2,Traceable
DPKG-PKG-EP-HOSP-001-DEPT-SURG-kpi_006-20260914-LN,DPKG-PKG-EP-HOSP-001-DEPT-SURG-kpi_006-20260914,PKG-EP-HOSP-001-DEPT-SURG-kpi_006-20260914,1,1.0,Derived from Step 2D-2 lineage register,Phase 2B|Phase 2C-1|Phase 2C-2|Phase 2C-3|Phase 2D-1|Phase 2D-2,Traceable
DPKG-PKG-EP-HOSP-001-DEPT-SURG-kpi_006-20260927-LN,DPKG-PKG-EP-HOSP-001-DEPT-SURG-kpi_006-20260927,PKG-EP-HOSP-001-DEPT-SURG-kpi_006-20260927,1,1.0,Derived from Step 2D-2 lineage register,Phase 2B|Phase 2C-1|Phase 2C-2|Phase 2C-3|Phase 2D-1|Phase 2D-2,Traceable
DPKG-PKG-EP-HOSP-001-DEPT-SURG-kpi_006-20261005-LN,DPKG-PKG-EP-HOSP-001-DEPT-SURG-kpi_006-20261005,PKG-EP-HOSP-001-DEPT-SURG-kpi_006-20261005,1,1.0,Derived from Step 2D-2 lineage register,Phase 2B|Phase 2C-1|Phase 2C-2|Phase 2C-3|Phase 2D-1|Phase 2D-2,Traceable
DPKG-PKG-EP-HOSP-001-DEPT-SURG-kpi_006-20261009-LN,DPKG-PKG-EP-HOSP-001-DEPT-SURG-kpi_006-20261009,PKG-EP-HOSP-001-DEPT-SURG-kpi_006-20261009,1,1.0,Derived from Step 2D-2 lineage register,Phase 2B|Phase 2C-1|Phase 2C-2|Phase 2C-3|Phase 2D-1|Phase 2D-2,Traceable
DPKG-PKG-EP-HOSP-001-DEPT-SURG-kpi_006-20261105-LN,DPKG-PKG-EP-HOSP-001-DEPT-SURG-kpi_006-20261105,PKG-EP-HOSP-001-DEPT-SURG-kpi_006-20261105,1,1.0,Derived from Step 2D-2 lineage register,Phase 2B|Phase 2C-1|Phase 2C-2|Phase 2C-3|Phase 2D-1|Phase 2D-2,Traceable
DPKG-PKG-EP-HOSP-001-DEPT-SURG-kpi_006-20261117-LN,DPKG-PKG-EP-HOSP-001-DEPT-SURG-kpi_006-20261117,PKG-EP-HOSP-001-DEPT-SURG-kpi_006-20261117,1,1.0,Derived from Step 2D-2 lineage register,Phase 2B|Phase 2C-1|Phase 2C-2|Phase 2C-3|Phase 2D-1|Phase 2D-2,Traceable
DPKG-PKG-EP-HOSP-001-DEPT-SURG-kpi_006-20261121-LN,DPKG-PKG-EP-HOSP-001-DEPT-SURG-kpi_006-20261121,PKG-EP-HOSP-001-DEPT-SURG-kpi_006-20261121,1,1.0,Derived from Step 2D-2 lineage register,Phase 2B|Phase 2C-1|Phase 2C-2|Phase 2C-3|Phase 2D-1|Phase 2D-2,Traceable
DPKG-PKG-EP-HOSP-001-DEPT-SURG-kpi_006-20261202-LN,DPKG-PKG-EP-HOSP-001-DEPT-SURG-kpi_006-20261202,PKG-EP-HOSP-001-DEPT-SURG-kpi_006-20261202,1,1.0,Derived from Step 2D-2 lineage register,Phase 2B|Phase 2C-1|Phase 2C-2|Phase 2C-3|Phase 2D-1|Phase 2D-2,Traceable
DPKG-PKG-EP-HOSP-001-DEPT-SURG-kpi_006-20261208-LN,DPKG-PKG-EP-HOSP-001-DEPT-SURG-kpi_006-20261208,PKG-EP-HOSP-001-DEPT-SURG-kpi_006-20261208,1,1.0,Derived from Step 2D-2 lineage register,Phase 2B|Phase 2C-1|Phase 2C-2|Phase 2C-3|Phase 2D-1|Phase 2D-2,Traceable
DPKG-PKG-EP-HOSP-001-DEPT-SURG-kpi_006-20261214-LN,DPKG-PKG-EP-HOSP-001-DEPT-SURG-kpi_006-20261214,PKG-EP-HOSP-001-DEPT-SURG-kpi_006-20261214,1,1.0,Derived from Step 2D-2 lineage register,Phase 2B|Phase 2C-1|Phase 2C-2|Phase 2C-3|Phase 2D-1|Phase 2D-2,Traceable
DPKG-PKG-EP-HOSP-001-DEPT-SURG-kpi_006-20261226-LN,DPKG-PKG-EP-HOSP-001-DEPT-SURG-kpi_006-20261226,PKG-EP-HOSP-001-DEPT-SURG-kpi_006-20261226,1,1.0,Derived from Step 2D-2 lineage register,Phase 2B|Phase 2C-1|Phase 2C-2|Phase 2C-3|Phase 2D-1|Phase 2D-2,Traceable
