explanation_id,decision_readiness_id,decision_scorecard_id,decision_package_id,current_readiness,why_assigned,main_blocking_condition,secondary_conditions,what_must_happen_next,who_is_responsible,permitted_management_action,what_status_does_not_mean,full_explanation,governance_note
EXP-DR-DSC-PKG-EP-HOSP-001-DEPT-ADM-kpi_001-20260108,DR-DSC-PKG-EP-HOSP-001-DEPT-ADM-kpi_001-20260108,DSC-PKG-EP-HOSP-001-DEPT-ADM-kpi_001-20260108,DPKG-PKG-EP-HOSP-001-DEPT-ADM-kpi_001-20260108,Requires Lineage Completion, Source-to-decision lineage is incomplete or orphan references exist.,Requires Lineage Completion,See secondary condition register,See transition register,See responsible role register,Review and validate; no automatic decision,This is not an approval or recommendation,Current readiness: Requires Lineage Completion. Source-to-decision lineage is incomplete or orphan references exist. The decision record cannot be fully traced without completing lineage. Main blocking condition: Requires Lineage Completion. Resolve Requires Lineage Completion before readiness can advance. Responsible party varies by condition; see responsible role register. Permitted action: review and validate; no automatic decision. This classification supports management routing and does not constitute approval.,Explanation supports routing only
EXP-DR-DSC-PKG-EP-HOSP-001-DEPT-ADM-kpi_001-20260116,DR-DSC-PKG-EP-HOSP-001-DEPT-ADM-kpi_001-20260116,DSC-PKG-EP-HOSP-001-DEPT-ADM-kpi_001-20260116,DPKG-PKG-EP-HOSP-001-DEPT-ADM-kpi_001-20260116,Requires Baseline Validation," The baseline is missing, stale, inconsistent, or not representative.",Requires Baseline Validation,See secondary condition register,See transition register,See responsible role register,Review and validate; no automatic decision,This is not an approval or recommendation,"Current readiness: Requires Baseline Validation. The baseline is missing, stale, inconsistent, or not representative. Baseline validation status is blocking further progression. A valid baseline must be established before management review. Main blocking condition: Requires Baseline Validation. Resolve Requires Baseline Validation before readiness can advance. Responsible party varies by condition; see responsible role register. Permitted action: review and validate; no automatic decision. This classification supports management routing and does not constitute approval.",Explanation supports routing only
EXP-DR-DSC-PKG-EP-HOSP-001-DEPT-ADM-kpi_001-20260209,DR-DSC-PKG-EP-HOSP-001-DEPT-ADM-kpi_001-20260209,DSC-PKG-EP-HOSP-001-DEPT-ADM-kpi_001-20260209,DPKG-PKG-EP-HOSP-001-DEPT-ADM-kpi_001-20260209,Ready with Conditions, This package is complete enough for management review with non-blocking conditions remaining.,None,See secondary condition register,See transition register,See responsible role register,Review and validate; no automatic decision,This is not an approval or recommendation,Current readiness: Ready with Conditions. This package is complete enough for management review with non-blocking conditions remaining. Core information is available but some warnings or provisional matters require attention. Management can review the options but must confirm specified matters. Resolve Ready with Conditions before readiness can advance. Responsible party varies by condition; see responsible role register. Permitted action: review and validate; no automatic decision. This classification supports management routing and does not constitute approval.,Explanation supports routing only
EXP-DR-DSC-PKG-EP-HOSP-001-DEPT-ADM-kpi_001-20260328,DR-DSC-PKG-EP-HOSP-001-DEPT-ADM-kpi_001-20260328,DSC-PKG-EP-HOSP-001-DEPT-ADM-kpi_001-20260328,DPKG-PKG-EP-HOSP-001-DEPT-ADM-kpi_001-20260328,Ready for Integrated Management Review, This package has passed all mandatory gates and is ready for management review.,None,See secondary condition register,See transition register,See responsible role register,Review and validate; no automatic decision,This is not an approval or recommendation,"Current readiness: Ready for Integrated Management Review. This package has passed all mandatory gates and is ready for management review. Core risk, recommendation, scenario, and financial information is available. No absolute exclusion applies. Management can review the options and confirm specified matters. Management review may proceed. Responsible party varies by condition; see responsible role register. Permitted action: review and validate; no automatic decision. This classification supports management routing and does not constitute approval.",Explanation supports routing only
EXP-DR-DSC-PKG-EP-HOSP-001-DEPT-ADM-kpi_001-20260410,DR-DSC-PKG-EP-HOSP-001-DEPT-ADM-kpi_001-20260410,DSC-PKG-EP-HOSP-001-DEPT-ADM-kpi_001-20260410,DPKG-PKG-EP-HOSP-001-DEPT-ADM-kpi_001-20260410,Ready for Integrated Management Review, This package has passed all mandatory gates and is ready for management review.,None,See secondary condition register,See transition register,See responsible role register,Review and validate; no automatic decision,This is not an approval or recommendation,"Current readiness: Ready for Integrated Management Review. This package has passed all mandatory gates and is ready for management review. Core risk, recommendation, scenario, and financial information is available. No absolute exclusion applies. Management can review the options and confirm specified matters. Management review may proceed. Responsible party varies by condition; see responsible role register. Permitted action: review and validate; no automatic decision. This classification supports management routing and does not constitute approval.",Explanation supports routing only
EXP-DR-DSC-PKG-EP-HOSP-001-DEPT-ADM-kpi_001-20260420,DR-DSC-PKG-EP-HOSP-001-DEPT-ADM-kpi_001-20260420,DSC-PKG-EP-HOSP-001-DEPT-ADM-kpi_001-20260420,DPKG-PKG-EP-HOSP-001-DEPT-ADM-kpi_001-20260420,Requires Evidence Completion, Required evidence references are missing or applicable analytical phases are not covered.,Requires Evidence Completion,See secondary condition register,See transition register,See responsible role register,Review and validate; no automatic decision,This is not an approval or recommendation,Current readiness: Requires Evidence Completion. Required evidence references are missing or applicable analytical phases are not covered. Evidence completeness is insufficient for management review. Main blocking condition: Requires Evidence Completion. Resolve Requires Evidence Completion before readiness can advance. Responsible party varies by condition; see responsible role register. Permitted action: review and validate; no automatic decision. This classification supports management routing and does not constitute approval.,Explanation supports routing only
EXP-DR-DSC-PKG-EP-HOSP-001-DEPT-ADM-kpi_001-20260506,DR-DSC-PKG-EP-HOSP-001-DEPT-ADM-kpi_001-20260506,DSC-PKG-EP-HOSP-001-DEPT-ADM-kpi_001-20260506,DPKG-PKG-EP-HOSP-001-DEPT-ADM-kpi_001-20260506,Ready for Integrated Management Review, This package has passed all mandatory gates and is ready for management review.,None,See secondary condition register,See transition register,See responsible role register,Review and validate; no automatic decision,This is not an approval or recommendation,"Current readiness: Ready for Integrated Management Review. This package has passed all mandatory gates and is ready for management review. Core risk, recommendation, scenario, and financial information is available. No absolute exclusion applies. Management can review the options and confirm specified matters. Management review may proceed. Responsible party varies by condition; see responsible role register. Permitted action: review and validate; no automatic decision. This classification supports management routing and does not constitute approval.",Explanation supports routing only
EXP-DR-DSC-PKG-EP-HOSP-001-DEPT-ADM-kpi_001-20260602,DR-DSC-PKG-EP-HOSP-001-DEPT-ADM-kpi_001-20260602,DSC-PKG-EP-HOSP-001-DEPT-ADM-kpi_001-20260602,DPKG-PKG-EP-HOSP-001-DEPT-ADM-kpi_001-20260602,Ready with Conditions, This package is complete enough for management review with non-blocking conditions remaining.,None,See secondary condition register,See transition register,See responsible role register,Review and validate; no automatic decision,This is not an approval or recommendation,Current readiness: Ready with Conditions. This package is complete enough for management review with non-blocking conditions remaining. Core information is available but some warnings or provisional matters require attention. Management can review the options but must confirm specified matters. Resolve Ready with Conditions before readiness can advance. Responsible party varies by condition; see responsible role register. Permitted action: review and validate; no automatic decision. This classification supports management routing and does not constitute approval.,Explanation supports routing only
EXP-DR-DSC-PKG-EP-HOSP-001-DEPT-ADM-kpi_001-20260608,DR-DSC-PKG-EP-HOSP-001-DEPT-ADM-kpi_001-20260608,DSC-PKG-EP-HOSP-001-DEPT-ADM-kpi_001-20260608,DPKG-PKG-EP-HOSP-001-DEPT-ADM-kpi_001-20260608,Ready with Conditions, This package is complete enough for management review with non-blocking conditions remaining.,None,See secondary condition register,See transition register,See responsible role register,Review and validate; no automatic decision,This is not an approval or recommendation,Current readiness: Ready with Conditions. This package is complete enough for management review with non-blocking conditions remaining. Core information is available but some warnings or provisional matters require attention. Management can review the options but must confirm specified matters. Resolve Ready with Conditions before readiness can advance. Responsible party varies by condition; see responsible role register. Permitted action: review and validate; no automatic decision. This classification supports management routing and does not constitute approval.,Explanation supports routing only
EXP-DR-DSC-PKG-EP-HOSP-001-DEPT-ADM-kpi_001-20260721,DR-DSC-PKG-EP-HOSP-001-DEPT-ADM-kpi_001-20260721,DSC-PKG-EP-HOSP-001-DEPT-ADM-kpi_001-20260721,DPKG-PKG-EP-HOSP-001-DEPT-ADM-kpi_001-20260721,Ready with Conditions, This package is complete enough for management review with non-blocking conditions remaining.,None,See secondary condition register,See transition register,See responsible role register,Review and validate; no automatic decision,This is not an approval or recommendation,Current readiness: Ready with Conditions. This package is complete enough for management review with non-blocking conditions remaining. Core information is available but some warnings or provisional matters require attention. Management can review the options but must confirm specified matters. Resolve Ready with Conditions before readiness can advance. Responsible party varies by condition; see responsible role register. Permitted action: review and validate; no automatic decision. This classification supports management routing and does not constitute approval.,Explanation supports routing only
EXP-DR-DSC-PKG-EP-HOSP-001-DEPT-ADM-kpi_001-20260726,DR-DSC-PKG-EP-HOSP-001-DEPT-ADM-kpi_001-20260726,DSC-PKG-EP-HOSP-001-DEPT-ADM-kpi_001-20260726,DPKG-PKG-EP-HOSP-001-DEPT-ADM-kpi_001-20260726,Requires Additional Scenario Analysis, The comparator set is incomplete or existing scenario results are insufficient.,Requires Additional Scenario Analysis,See secondary condition register,See transition register,See responsible role register,Review and validate; no automatic decision,This is not an approval or recommendation,Current readiness: Requires Additional Scenario Analysis. The comparator set is incomplete or existing scenario results are insufficient. Additional modelling is required before comparison can be completed. Main blocking condition: Requires Additional Scenario Analysis. Resolve Requires Additional Scenario Analysis before readiness can advance. Responsible party varies by condition; see responsible role register. Permitted action: review and validate; no automatic decision. This classification supports management routing and does not constitute approval.,Explanation supports routing only
EXP-DR-DSC-PKG-EP-HOSP-001-DEPT-ADM-kpi_001-20260822,DR-DSC-PKG-EP-HOSP-001-DEPT-ADM-kpi_001-20260822,DSC-PKG-EP-HOSP-001-DEPT-ADM-kpi_001-20260822,DPKG-PKG-EP-HOSP-001-DEPT-ADM-kpi_001-20260822,Ready for Integrated Management Review, This package has passed all mandatory gates and is ready for management review.,None,See secondary condition register,See transition register,See responsible role register,Review and validate; no automatic decision,This is not an approval or recommendation,"Current readiness: Ready for Integrated Management Review. This package has passed all mandatory gates and is ready for management review. Core risk, recommendation, scenario, and financial information is available. No absolute exclusion applies. Management can review the options and confirm specified matters. Management review may proceed. Responsible party varies by condition; see responsible role register. Permitted action: review and validate; no automatic decision. This classification supports management routing and does not constitute approval.",Explanation supports routing only
EXP-DR-DSC-PKG-EP-HOSP-001-DEPT-ADM-kpi_001-20261012,DR-DSC-PKG-EP-HOSP-001-DEPT-ADM-kpi_001-20261012,DSC-PKG-EP-HOSP-001-DEPT-ADM-kpi_001-20261012,DPKG-PKG-EP-HOSP-001-DEPT-ADM-kpi_001-20261012,Ready for Integrated Management Review, This package has passed all mandatory gates and is ready for management review.,None,See secondary condition register,See transition register,See responsible role register,Review and validate; no automatic decision,This is not an approval or recommendation,"Current readiness: Ready for Integrated Management Review. This package has passed all mandatory gates and is ready for management review. Core risk, recommendation, scenario, and financial information is available. No absolute exclusion applies. Management can review the options and confirm specified matters. Management review may proceed. Responsible party varies by condition; see responsible role register. Permitted action: review and validate; no automatic decision. This classification supports management routing and does not constitute approval.",Explanation supports routing only
EXP-DR-DSC-PKG-EP-HOSP-001-DEPT-ADM-kpi_001-20261021,DR-DSC-PKG-EP-HOSP-001-DEPT-ADM-kpi_001-20261021,DSC-PKG-EP-HOSP-001-DEPT-ADM-kpi_001-20261021,DPKG-PKG-EP-HOSP-001-DEPT-ADM-kpi_001-20261021,Ready for Integrated Management Review, This package has passed all mandatory gates and is ready for management review.,None,See secondary condition register,See transition register,See responsible role register,Review and validate; no automatic decision,This is not an approval or recommendation,"Current readiness: Ready for Integrated Management Review. This package has passed all mandatory gates and is ready for management review. Core risk, recommendation, scenario, and financial information is available. No absolute exclusion applies. Management can review the options and confirm specified matters. Management review may proceed. Responsible party varies by condition; see responsible role register. Permitted action: review and validate; no automatic decision. This classification supports management routing and does not constitute approval.",Explanation supports routing only
EXP-DR-DSC-PKG-EP-HOSP-001-DEPT-ADM-kpi_001-20261127,DR-DSC-PKG-EP-HOSP-001-DEPT-ADM-kpi_001-20261127,DSC-PKG-EP-HOSP-001-DEPT-ADM-kpi_001-20261127,DPKG-PKG-EP-HOSP-001-DEPT-ADM-kpi_001-20261127,Requires Evidence Completion, Required evidence references are missing or applicable analytical phases are not covered.,Requires Evidence Completion,See secondary condition register,See transition register,See responsible role register,Review and validate; no automatic decision,This is not an approval or recommendation,Current readiness: Requires Evidence Completion. Required evidence references are missing or applicable analytical phases are not covered. Evidence completeness is insufficient for management review. Main blocking condition: Requires Evidence Completion. Resolve Requires Evidence Completion before readiness can advance. Responsible party varies by condition; see responsible role register. Permitted action: review and validate; no automatic decision. This classification supports management routing and does not constitute approval.,Explanation supports routing only
EXP-DR-DSC-PKG-EP-HOSP-001-DEPT-ADM-kpi_001-20261205,DR-DSC-PKG-EP-HOSP-001-DEPT-ADM-kpi_001-20261205,DSC-PKG-EP-HOSP-001-DEPT-ADM-kpi_001-20261205,DPKG-PKG-EP-HOSP-001-DEPT-ADM-kpi_001-20261205,Ready for Integrated Management Review, This package has passed all mandatory gates and is ready for management review.,None,See secondary condition register,See transition register,See responsible role register,Review and validate; no automatic decision,This is not an approval or recommendation,"Current readiness: Ready for Integrated Management Review. This package has passed all mandatory gates and is ready for management review. Core risk, recommendation, scenario, and financial information is available. No absolute exclusion applies. Management can review the options and confirm specified matters. Management review may proceed. Responsible party varies by condition; see responsible role register. Permitted action: review and validate; no automatic decision. This classification supports management routing and does not constitute approval.",Explanation supports routing only
EXP-DR-DSC-PKG-EP-HOSP-001-DEPT-ADM-kpi_001-20261220,DR-DSC-PKG-EP-HOSP-001-DEPT-ADM-kpi_001-20261220,DSC-PKG-EP-HOSP-001-DEPT-ADM-kpi_001-20261220,DPKG-PKG-EP-HOSP-001-DEPT-ADM-kpi_001-20261220,Requires Evidence Completion, Required evidence references are missing or applicable analytical phases are not covered.,Requires Evidence Completion,See secondary condition register,See transition register,See responsible role register,Review and validate; no automatic decision,This is not an approval or recommendation,Current readiness: Requires Evidence Completion. Required evidence references are missing or applicable analytical phases are not covered. Evidence completeness is insufficient for management review. Main blocking condition: Requires Evidence Completion. Resolve Requires Evidence Completion before readiness can advance. Responsible party varies by condition; see responsible role register. Permitted action: review and validate; no automatic decision. This classification supports management routing and does not constitute approval.,Explanation supports routing only
EXP-DR-DSC-PKG-EP-HOSP-001-DEPT-ADM-kpi_002-20260202,DR-DSC-PKG-EP-HOSP-001-DEPT-ADM-kpi_002-20260202,DSC-PKG-EP-HOSP-001-DEPT-ADM-kpi_002-20260202,DPKG-PKG-EP-HOSP-001-DEPT-ADM-kpi_002-20260202,Requires Lineage Completion, Source-to-decision lineage is incomplete or orphan references exist.,Requires Lineage Completion,See secondary condition register,See transition register,See responsible role register,Review and validate; no automatic decision,This is not an approval or recommendation,Current readiness: Requires Lineage Completion. Source-to-decision lineage is incomplete or orphan references exist. The decision record cannot be fully traced without completing lineage. Main blocking condition: Requires Lineage Completion. Resolve Requires Lineage Completion before readiness can advance. Responsible party varies by condition; see responsible role register. Permitted action: review and validate; no automatic decision. This classification supports management routing and does not constitute approval.,Explanation supports routing only
EXP-DR-DSC-PKG-EP-HOSP-001-DEPT-ADM-kpi_002-20260206,DR-DSC-PKG-EP-HOSP-001-DEPT-ADM-kpi_002-20260206,DSC-PKG-EP-HOSP-001-DEPT-ADM-kpi_002-20260206,DPKG-PKG-EP-HOSP-001-DEPT-ADM-kpi_002-20260206,Ready with Conditions, This package is complete enough for management review with non-blocking conditions remaining.,None,See secondary condition register,See transition register,See responsible role register,Review and validate; no automatic decision,This is not an approval or recommendation,Current readiness: Ready with Conditions. This package is complete enough for management review with non-blocking conditions remaining. Core information is available but some warnings or provisional matters require attention. Management can review the options but must confirm specified matters. Resolve Ready with Conditions before readiness can advance. Responsible party varies by condition; see responsible role register. Permitted action: review and validate; no automatic decision. This classification supports management routing and does not constitute approval.,Explanation supports routing only
EXP-DR-DSC-PKG-EP-HOSP-001-DEPT-ADM-kpi_002-20260330,DR-DSC-PKG-EP-HOSP-001-DEPT-ADM-kpi_002-20260330,DSC-PKG-EP-HOSP-001-DEPT-ADM-kpi_002-20260330,DPKG-PKG-EP-HOSP-001-DEPT-ADM-kpi_002-20260330,Requires Additional Scenario Analysis, The comparator set is incomplete or existing scenario results are insufficient.,Requires Additional Scenario Analysis,See secondary condition register,See transition register,See responsible role register,Review and validate; no automatic decision,This is not an approval or recommendation,Current readiness: Requires Additional Scenario Analysis. The comparator set is incomplete or existing scenario results are insufficient. Additional modelling is required before comparison can be completed. Main blocking condition: Requires Additional Scenario Analysis. Resolve Requires Additional Scenario Analysis before readiness can advance. Responsible party varies by condition; see responsible role register. Permitted action: review and validate; no automatic decision. This classification supports management routing and does not constitute approval.,Explanation supports routing only
EXP-DR-DSC-PKG-EP-HOSP-001-DEPT-ADM-kpi_002-20260409,DR-DSC-PKG-EP-HOSP-001-DEPT-ADM-kpi_002-20260409,DSC-PKG-EP-HOSP-001-DEPT-ADM-kpi_002-20260409,DPKG-PKG-EP-HOSP-001-DEPT-ADM-kpi_002-20260409,Ready with Conditions, This package is complete enough for management review with non-blocking conditions remaining.,None,See secondary condition register,See transition register,See responsible role register,Review and validate; no automatic decision,This is not an approval or recommendation,Current readiness: Ready with Conditions. This package is complete enough for management review with non-blocking conditions remaining. Core information is available but some warnings or provisional matters require attention. Management can review the options but must confirm specified matters. Resolve Ready with Conditions before readiness can advance. Responsible party varies by condition; see responsible role register. Permitted action: review and validate; no automatic decision. This classification supports management routing and does not constitute approval.,Explanation supports routing only
EXP-DR-DSC-PKG-EP-HOSP-001-DEPT-ADM-kpi_002-20260524,DR-DSC-PKG-EP-HOSP-001-DEPT-ADM-kpi_002-20260524,DSC-PKG-EP-HOSP-001-DEPT-ADM-kpi_002-20260524,DPKG-PKG-EP-HOSP-001-DEPT-ADM-kpi_002-20260524,Ready for Integrated Management Review, This package has passed all mandatory gates and is ready for management review.,None,See secondary condition register,See transition register,See responsible role register,Review and validate; no automatic decision,This is not an approval or recommendation,"Current readiness: Ready for Integrated Management Review. This package has passed all mandatory gates and is ready for management review. Core risk, recommendation, scenario, and financial information is available. No absolute exclusion applies. Management can review the options and confirm specified matters. Management review may proceed. Responsible party varies by condition; see responsible role register. Permitted action: review and validate; no automatic decision. This classification supports management routing and does not constitute approval.",Explanation supports routing only
EXP-DR-DSC-PKG-EP-HOSP-001-DEPT-ADM-kpi_002-20260529,DR-DSC-PKG-EP-HOSP-001-DEPT-ADM-kpi_002-20260529,DSC-PKG-EP-HOSP-001-DEPT-ADM-kpi_002-20260529,DPKG-PKG-EP-HOSP-001-DEPT-ADM-kpi_002-20260529,Ready for Integrated Management Review, This package has passed all mandatory gates and is ready for management review.,None,See secondary condition register,See transition register,See responsible role register,Review and validate; no automatic decision,This is not an approval or recommendation,"Current readiness: Ready for Integrated Management Review. This package has passed all mandatory gates and is ready for management review. Core risk, recommendation, scenario, and financial information is available. No absolute exclusion applies. Management can review the options and confirm specified matters. Management review may proceed. Responsible party varies by condition; see responsible role register. Permitted action: review and validate; no automatic decision. This classification supports management routing and does not constitute approval.",Explanation supports routing only
EXP-DR-DSC-PKG-EP-HOSP-001-DEPT-ADM-kpi_002-20260611,DR-DSC-PKG-EP-HOSP-001-DEPT-ADM-kpi_002-20260611,DSC-PKG-EP-HOSP-001-DEPT-ADM-kpi_002-20260611,DPKG-PKG-EP-HOSP-001-DEPT-ADM-kpi_002-20260611,Ready for Integrated Management Review, This package has passed all mandatory gates and is ready for management review.,None,See secondary condition register,See transition register,See responsible role register,Review and validate; no automatic decision,This is not an approval or recommendation,"Current readiness: Ready for Integrated Management Review. This package has passed all mandatory gates and is ready for management review. Core risk, recommendation, scenario, and financial information is available. No absolute exclusion applies. Management can review the options and confirm specified matters. Management review may proceed. Responsible party varies by condition; see responsible role register. Permitted action: review and validate; no automatic decision. This classification supports management routing and does not constitute approval.",Explanation supports routing only
EXP-DR-DSC-PKG-EP-HOSP-001-DEPT-ADM-kpi_002-20260620,DR-DSC-PKG-EP-HOSP-001-DEPT-ADM-kpi_002-20260620,DSC-PKG-EP-HOSP-001-DEPT-ADM-kpi_002-20260620,DPKG-PKG-EP-HOSP-001-DEPT-ADM-kpi_002-20260620,Ready with Conditions, This package is complete enough for management review with non-blocking conditions remaining.,None,See secondary condition register,See transition register,See responsible role register,Review and validate; no automatic decision,This is not an approval or recommendation,Current readiness: Ready with Conditions. This package is complete enough for management review with non-blocking conditions remaining. Core information is available but some warnings or provisional matters require attention. Management can review the options but must confirm specified matters. Resolve Ready with Conditions before readiness can advance. Responsible party varies by condition; see responsible role register. Permitted action: review and validate; no automatic decision. This classification supports management routing and does not constitute approval.,Explanation supports routing only
EXP-DR-DSC-PKG-EP-HOSP-001-DEPT-ADM-kpi_002-20260624,DR-DSC-PKG-EP-HOSP-001-DEPT-ADM-kpi_002-20260624,DSC-PKG-EP-HOSP-001-DEPT-ADM-kpi_002-20260624,DPKG-PKG-EP-HOSP-001-DEPT-ADM-kpi_002-20260624,Ready with Conditions, This package is complete enough for management review with non-blocking conditions remaining.,None,See secondary condition register,See transition register,See responsible role register,Review and validate; no automatic decision,This is not an approval or recommendation,Current readiness: Ready with Conditions. This package is complete enough for management review with non-blocking conditions remaining. Core information is available but some warnings or provisional matters require attention. Management can review the options but must confirm specified matters. Resolve Ready with Conditions before readiness can advance. Responsible party varies by condition; see responsible role register. Permitted action: review and validate; no automatic decision. This classification supports management routing and does not constitute approval.,Explanation supports routing only
EXP-DR-DSC-PKG-EP-HOSP-001-DEPT-ADM-kpi_002-20260710,DR-DSC-PKG-EP-HOSP-001-DEPT-ADM-kpi_002-20260710,DSC-PKG-EP-HOSP-001-DEPT-ADM-kpi_002-20260710,DPKG-PKG-EP-HOSP-001-DEPT-ADM-kpi_002-20260710,Requires Stakeholder Validation, A material input or assumption requires responsible-owner confirmation.,Requires Stakeholder Validation,See secondary condition register,See transition register,See responsible role register,Review and validate; no automatic decision,This is not an approval or recommendation,Current readiness: Requires Stakeholder Validation. A material input or assumption requires responsible-owner confirmation. Stakeholder confirmation is blocking and cannot be safely resolved analytically. Main blocking condition: Requires Stakeholder Validation. Resolve Requires Stakeholder Validation before readiness can advance. Responsible party varies by condition; see responsible role register. Permitted action: review and validate; no automatic decision. This classification supports management routing and does not constitute approval.,Explanation supports routing only
EXP-DR-DSC-PKG-EP-HOSP-001-DEPT-ADM-kpi_002-20260716,DR-DSC-PKG-EP-HOSP-001-DEPT-ADM-kpi_002-20260716,DSC-PKG-EP-HOSP-001-DEPT-ADM-kpi_002-20260716,DPKG-PKG-EP-HOSP-001-DEPT-ADM-kpi_002-20260716,Requires Stakeholder Validation, A material input or assumption requires responsible-owner confirmation.,Requires Stakeholder Validation,See secondary condition register,See transition register,See responsible role register,Review and validate; no automatic decision,This is not an approval or recommendation,Current readiness: Requires Stakeholder Validation. A material input or assumption requires responsible-owner confirmation. Stakeholder confirmation is blocking and cannot be safely resolved analytically. Main blocking condition: Requires Stakeholder Validation. Resolve Requires Stakeholder Validation before readiness can advance. Responsible party varies by condition; see responsible role register. Permitted action: review and validate; no automatic decision. This classification supports management routing and does not constitute approval.,Explanation supports routing only
EXP-DR-DSC-PKG-EP-HOSP-001-DEPT-ADM-kpi_002-20260814,DR-DSC-PKG-EP-HOSP-001-DEPT-ADM-kpi_002-20260814,DSC-PKG-EP-HOSP-001-DEPT-ADM-kpi_002-20260814,DPKG-PKG-EP-HOSP-001-DEPT-ADM-kpi_002-20260814,Ready for Integrated Management Review, This package has passed all mandatory gates and is ready for management review.,None,See secondary condition register,See transition register,See responsible role register,Review and validate; no automatic decision,This is not an approval or recommendation,"Current readiness: Ready for Integrated Management Review. This package has passed all mandatory gates and is ready for management review. Core risk, recommendation, scenario, and financial information is available. No absolute exclusion applies. Management can review the options and confirm specified matters. Management review may proceed. Responsible party varies by condition; see responsible role register. Permitted action: review and validate; no automatic decision. This classification supports management routing and does not constitute approval.",Explanation supports routing only
EXP-DR-DSC-PKG-EP-HOSP-001-DEPT-ADM-kpi_002-20260925,DR-DSC-PKG-EP-HOSP-001-DEPT-ADM-kpi_002-20260925,DSC-PKG-EP-HOSP-001-DEPT-ADM-kpi_002-20260925,DPKG-PKG-EP-HOSP-001-DEPT-ADM-kpi_002-20260925,Requires Baseline Validation," The baseline is missing, stale, inconsistent, or not representative.",Requires Baseline Validation,See secondary condition register,See transition register,See responsible role register,Review and validate; no automatic decision,This is not an approval or recommendation,"Current readiness: Requires Baseline Validation. The baseline is missing, stale, inconsistent, or not representative. Baseline validation status is blocking further progression. A valid baseline must be established before management review. Main blocking condition: Requires Baseline Validation. Resolve Requires Baseline Validation before readiness can advance. Responsible party varies by condition; see responsible role register. Permitted action: review and validate; no automatic decision. This classification supports management routing and does not constitute approval.",Explanation supports routing only
EXP-DR-DSC-PKG-EP-HOSP-001-DEPT-ADM-kpi_002-20261019,DR-DSC-PKG-EP-HOSP-001-DEPT-ADM-kpi_002-20261019,DSC-PKG-EP-HOSP-001-DEPT-ADM-kpi_002-20261019,DPKG-PKG-EP-HOSP-001-DEPT-ADM-kpi_002-20261019,Ready for Integrated Management Review, This package has passed all mandatory gates and is ready for management review.,None,See secondary condition register,See transition register,See responsible role register,Review and validate; no automatic decision,This is not an approval or recommendation,"Current readiness: Ready for Integrated Management Review. This package has passed all mandatory gates and is ready for management review. Core risk, recommendation, scenario, and financial information is available. No absolute exclusion applies. Management can review the options and confirm specified matters. Management review may proceed. Responsible party varies by condition; see responsible role register. Permitted action: review and validate; no automatic decision. This classification supports management routing and does not constitute approval.",Explanation supports routing only
EXP-DR-DSC-PKG-EP-HOSP-001-DEPT-ADM-kpi_002-20261102,DR-DSC-PKG-EP-HOSP-001-DEPT-ADM-kpi_002-20261102,DSC-PKG-EP-HOSP-001-DEPT-ADM-kpi_002-20261102,DPKG-PKG-EP-HOSP-001-DEPT-ADM-kpi_002-20261102,Requires Financial Input, A mandatory financial input is missing or incomplete.,Requires Financial Input,See secondary condition register,See transition register,See responsible role register,Review and validate; no automatic decision,This is not an approval or recommendation,Current readiness: Requires Financial Input. A mandatory financial input is missing or incomplete. Financial comparison would be materially misleading without complete data. Required cost or benefit information must be provided. Main blocking condition: Requires Financial Input. Resolve Requires Financial Input before readiness can advance. Responsible party varies by condition; see responsible role register. Permitted action: review and validate; no automatic decision. This classification supports management routing and does not constitute approval.,Explanation supports routing only
EXP-DR-DSC-PKG-EP-HOSP-001-DEPT-ADM-kpi_002-20261114,DR-DSC-PKG-EP-HOSP-001-DEPT-ADM-kpi_002-20261114,DSC-PKG-EP-HOSP-001-DEPT-ADM-kpi_002-20261114,DPKG-PKG-EP-HOSP-001-DEPT-ADM-kpi_002-20261114,Ready with Conditions, This package is complete enough for management review with non-blocking conditions remaining.,None,See secondary condition register,See transition register,See responsible role register,Review and validate; no automatic decision,This is not an approval or recommendation,Current readiness: Ready with Conditions. This package is complete enough for management review with non-blocking conditions remaining. Core information is available but some warnings or provisional matters require attention. Management can review the options but must confirm specified matters. Resolve Ready with Conditions before readiness can advance. Responsible party varies by condition; see responsible role register. Permitted action: review and validate; no automatic decision. This classification supports management routing and does not constitute approval.,Explanation supports routing only
EXP-DR-DSC-PKG-EP-HOSP-001-DEPT-ADM-kpi_002-20261121,DR-DSC-PKG-EP-HOSP-001-DEPT-ADM-kpi_002-20261121,DSC-PKG-EP-HOSP-001-DEPT-ADM-kpi_002-20261121,DPKG-PKG-EP-HOSP-001-DEPT-ADM-kpi_002-20261121,Ready for Integrated Management Review, This package has passed all mandatory gates and is ready for management review.,None,See secondary condition register,See transition register,See responsible role register,Review and validate; no automatic decision,This is not an approval or recommendation,"Current readiness: Ready for Integrated Management Review. This package has passed all mandatory gates and is ready for management review. Core risk, recommendation, scenario, and financial information is available. No absolute exclusion applies. Management can review the options and confirm specified matters. Management review may proceed. Responsible party varies by condition; see responsible role register. Permitted action: review and validate; no automatic decision. This classification supports management routing and does not constitute approval.",Explanation supports routing only
EXP-DR-DSC-PKG-EP-HOSP-001-DEPT-ADM-kpi_002-20261214,DR-DSC-PKG-EP-HOSP-001-DEPT-ADM-kpi_002-20261214,DSC-PKG-EP-HOSP-001-DEPT-ADM-kpi_002-20261214,DPKG-PKG-EP-HOSP-001-DEPT-ADM-kpi_002-20261214,Ready with Conditions, This package is complete enough for management review with non-blocking conditions remaining.,None,See secondary condition register,See transition register,See responsible role register,Review and validate; no automatic decision,This is not an approval or recommendation,Current readiness: Ready with Conditions. This package is complete enough for management review with non-blocking conditions remaining. Core information is available but some warnings or provisional matters require attention. Management can review the options but must confirm specified matters. Resolve Ready with Conditions before readiness can advance. Responsible party varies by condition; see responsible role register. Permitted action: review and validate; no automatic decision. This classification supports management routing and does not constitute approval.,Explanation supports routing only
EXP-DR-DSC-PKG-EP-HOSP-001-DEPT-ADM-kpi_002-20261225,DR-DSC-PKG-EP-HOSP-001-DEPT-ADM-kpi_002-20261225,DSC-PKG-EP-HOSP-001-DEPT-ADM-kpi_002-20261225,DPKG-PKG-EP-HOSP-001-DEPT-ADM-kpi_002-20261225,Ready with Conditions, This package is complete enough for management review with non-blocking conditions remaining.,None,See secondary condition register,See transition register,See responsible role register,Review and validate; no automatic decision,This is not an approval or recommendation,Current readiness: Ready with Conditions. This package is complete enough for management review with non-blocking conditions remaining. Core information is available but some warnings or provisional matters require attention. Management can review the options but must confirm specified matters. Resolve Ready with Conditions before readiness can advance. Responsible party varies by condition; see responsible role register. Permitted action: review and validate; no automatic decision. This classification supports management routing and does not constitute approval.,Explanation supports routing only
EXP-DR-DSC-PKG-EP-HOSP-001-DEPT-ADM-kpi_006-20260130,DR-DSC-PKG-EP-HOSP-001-DEPT-ADM-kpi_006-20260130,DSC-PKG-EP-HOSP-001-DEPT-ADM-kpi_006-20260130,DPKG-PKG-EP-HOSP-001-DEPT-ADM-kpi_006-20260130,Monitoring Only, This case does not currently require active intervention review.,None,See secondary condition register,See transition register,See responsible role register,Review and validate; no automatic decision,This is not an approval or recommendation,Current readiness: Monitoring Only. This case does not currently require active intervention review. The analytical route calls for continued observation. Monitoring requirements are present and escalation triggers are defined. Continue monitoring until escalation trigger is met. Responsible party varies by condition; see responsible role register. Permitted action: review and validate; no automatic decision. This classification supports management routing and does not constitute approval.,Explanation supports routing only
EXP-DR-DSC-PKG-EP-HOSP-001-DEPT-ADM-kpi_006-20260214,DR-DSC-PKG-EP-HOSP-001-DEPT-ADM-kpi_006-20260214,DSC-PKG-EP-HOSP-001-DEPT-ADM-kpi_006-20260214,DPKG-PKG-EP-HOSP-001-DEPT-ADM-kpi_006-20260214,Monitoring Only, This case does not currently require active intervention review.,None,See secondary condition register,See transition register,See responsible role register,Review and validate; no automatic decision,This is not an approval or recommendation,Current readiness: Monitoring Only. This case does not currently require active intervention review. The analytical route calls for continued observation. Monitoring requirements are present and escalation triggers are defined. Continue monitoring until escalation trigger is met. Responsible party varies by condition; see responsible role register. Permitted action: review and validate; no automatic decision. This classification supports management routing and does not constitute approval.,Explanation supports routing only
EXP-DR-DSC-PKG-EP-HOSP-001-DEPT-ADM-kpi_006-20260325,DR-DSC-PKG-EP-HOSP-001-DEPT-ADM-kpi_006-20260325,DSC-PKG-EP-HOSP-001-DEPT-ADM-kpi_006-20260325,DPKG-PKG-EP-HOSP-001-DEPT-ADM-kpi_006-20260325,Monitoring Only, This case does not currently require active intervention review.,None,See secondary condition register,See transition register,See responsible role register,Review and validate; no automatic decision,This is not an approval or recommendation,Current readiness: Monitoring Only. This case does not currently require active intervention review. The analytical route calls for continued observation. Monitoring requirements are present and escalation triggers are defined. Continue monitoring until escalation trigger is met. Responsible party varies by condition; see responsible role register. Permitted action: review and validate; no automatic decision. This classification supports management routing and does not constitute approval.,Explanation supports routing only
EXP-DR-DSC-PKG-EP-HOSP-001-DEPT-ADM-kpi_006-20260404,DR-DSC-PKG-EP-HOSP-001-DEPT-ADM-kpi_006-20260404,DSC-PKG-EP-HOSP-001-DEPT-ADM-kpi_006-20260404,DPKG-PKG-EP-HOSP-001-DEPT-ADM-kpi_006-20260404,Monitoring Only, This case does not currently require active intervention review.,None,See secondary condition register,See transition register,See responsible role register,Review and validate; no automatic decision,This is not an approval or recommendation,Current readiness: Monitoring Only. This case does not currently require active intervention review. The analytical route calls for continued observation. Monitoring requirements are present and escalation triggers are defined. Continue monitoring until escalation trigger is met. Responsible party varies by condition; see responsible role register. Permitted action: review and validate; no automatic decision. This classification supports management routing and does not constitute approval.,Explanation supports routing only
EXP-DR-DSC-PKG-EP-HOSP-001-DEPT-ADM-kpi_006-20260408,DR-DSC-PKG-EP-HOSP-001-DEPT-ADM-kpi_006-20260408,DSC-PKG-EP-HOSP-001-DEPT-ADM-kpi_006-20260408,DPKG-PKG-EP-HOSP-001-DEPT-ADM-kpi_006-20260408,Monitoring Only, This case does not currently require active intervention review.,None,See secondary condition register,See transition register,See responsible role register,Review and validate; no automatic decision,This is not an approval or recommendation,Current readiness: Monitoring Only. This case does not currently require active intervention review. The analytical route calls for continued observation. Monitoring requirements are present and escalation triggers are defined. Continue monitoring until escalation trigger is met. Responsible party varies by condition; see responsible role register. Permitted action: review and validate; no automatic decision. This classification supports management routing and does not constitute approval.,Explanation supports routing only
EXP-DR-DSC-PKG-EP-HOSP-001-DEPT-ADM-kpi_006-20260413,DR-DSC-PKG-EP-HOSP-001-DEPT-ADM-kpi_006-20260413,DSC-PKG-EP-HOSP-001-DEPT-ADM-kpi_006-20260413,DPKG-PKG-EP-HOSP-001-DEPT-ADM-kpi_006-20260413,Monitoring Only, This case does not currently require active intervention review.,None,See secondary condition register,See transition register,See responsible role register,Review and validate; no automatic decision,This is not an approval or recommendation,Current readiness: Monitoring Only. This case does not currently require active intervention review. The analytical route calls for continued observation. Monitoring requirements are present and escalation triggers are defined. Continue monitoring until escalation trigger is met. Responsible party varies by condition; see responsible role register. Permitted action: review and validate; no automatic decision. This classification supports management routing and does not constitute approval.,Explanation supports routing only
EXP-DR-DSC-PKG-EP-HOSP-001-DEPT-ADM-kpi_006-20260424,DR-DSC-PKG-EP-HOSP-001-DEPT-ADM-kpi_006-20260424,DSC-PKG-EP-HOSP-001-DEPT-ADM-kpi_006-20260424,DPKG-PKG-EP-HOSP-001-DEPT-ADM-kpi_006-20260424,Monitoring Only, This case does not currently require active intervention review.,None,See secondary condition register,See transition register,See responsible role register,Review and validate; no automatic decision,This is not an approval or recommendation,Current readiness: Monitoring Only. This case does not currently require active intervention review. The analytical route calls for continued observation. Monitoring requirements are present and escalation triggers are defined. Continue monitoring until escalation trigger is met. Responsible party varies by condition; see responsible role register. Permitted action: review and validate; no automatic decision. This classification supports management routing and does not constitute approval.,Explanation supports routing only
EXP-DR-DSC-PKG-EP-HOSP-001-DEPT-ADM-kpi_006-20260509,DR-DSC-PKG-EP-HOSP-001-DEPT-ADM-kpi_006-20260509,DSC-PKG-EP-HOSP-001-DEPT-ADM-kpi_006-20260509,DPKG-PKG-EP-HOSP-001-DEPT-ADM-kpi_006-20260509,Monitoring Only, This case does not currently require active intervention review.,None,See secondary condition register,See transition register,See responsible role register,Review and validate; no automatic decision,This is not an approval or recommendation,Current readiness: Monitoring Only. This case does not currently require active intervention review. The analytical route calls for continued observation. Monitoring requirements are present and escalation triggers are defined. Continue monitoring until escalation trigger is met. Responsible party varies by condition; see responsible role register. Permitted action: review and validate; no automatic decision. This classification supports management routing and does not constitute approval.,Explanation supports routing only
EXP-DR-DSC-PKG-EP-HOSP-001-DEPT-ADM-kpi_006-20260618,DR-DSC-PKG-EP-HOSP-001-DEPT-ADM-kpi_006-20260618,DSC-PKG-EP-HOSP-001-DEPT-ADM-kpi_006-20260618,DPKG-PKG-EP-HOSP-001-DEPT-ADM-kpi_006-20260618,Monitoring Only, This case does not currently require active intervention review.,None,See secondary condition register,See transition register,See responsible role register,Review and validate; no automatic decision,This is not an approval or recommendation,Current readiness: Monitoring Only. This case does not currently require active intervention review. The analytical route calls for continued observation. Monitoring requirements are present and escalation triggers are defined. Continue monitoring until escalation trigger is met. Responsible party varies by condition; see responsible role register. Permitted action: review and validate; no automatic decision. This classification supports management routing and does not constitute approval.,Explanation supports routing only
EXP-DR-DSC-PKG-EP-HOSP-001-DEPT-ADM-kpi_006-20260623,DR-DSC-PKG-EP-HOSP-001-DEPT-ADM-kpi_006-20260623,DSC-PKG-EP-HOSP-001-DEPT-ADM-kpi_006-20260623,DPKG-PKG-EP-HOSP-001-DEPT-ADM-kpi_006-20260623,Monitoring Only, This case does not currently require active intervention review.,None,See secondary condition register,See transition register,See responsible role register,Review and validate; no automatic decision,This is not an approval or recommendation,Current readiness: Monitoring Only. This case does not currently require active intervention review. The analytical route calls for continued observation. Monitoring requirements are present and escalation triggers are defined. Continue monitoring until escalation trigger is met. Responsible party varies by condition; see responsible role register. Permitted action: review and validate; no automatic decision. This classification supports management routing and does not constitute approval.,Explanation supports routing only
EXP-DR-DSC-PKG-EP-HOSP-001-DEPT-ADM-kpi_006-20260629,DR-DSC-PKG-EP-HOSP-001-DEPT-ADM-kpi_006-20260629,DSC-PKG-EP-HOSP-001-DEPT-ADM-kpi_006-20260629,DPKG-PKG-EP-HOSP-001-DEPT-ADM-kpi_006-20260629,Monitoring Only, This case does not currently require active intervention review.,None,See secondary condition register,See transition register,See responsible role register,Review and validate; no automatic decision,This is not an approval or recommendation,Current readiness: Monitoring Only. This case does not currently require active intervention review. The analytical route calls for continued observation. Monitoring requirements are present and escalation triggers are defined. Continue monitoring until escalation trigger is met. Responsible party varies by condition; see responsible role register. Permitted action: review and validate; no automatic decision. This classification supports management routing and does not constitute approval.,Explanation supports routing only
EXP-DR-DSC-PKG-EP-HOSP-001-DEPT-ADM-kpi_006-20260703,DR-DSC-PKG-EP-HOSP-001-DEPT-ADM-kpi_006-20260703,DSC-PKG-EP-HOSP-001-DEPT-ADM-kpi_006-20260703,DPKG-PKG-EP-HOSP-001-DEPT-ADM-kpi_006-20260703,Monitoring Only, This case does not currently require active intervention review.,None,See secondary condition register,See transition register,See responsible role register,Review and validate; no automatic decision,This is not an approval or recommendation,Current readiness: Monitoring Only. This case does not currently require active intervention review. The analytical route calls for continued observation. Monitoring requirements are present and escalation triggers are defined. Continue monitoring until escalation trigger is met. Responsible party varies by condition; see responsible role register. Permitted action: review and validate; no automatic decision. This classification supports management routing and does not constitute approval.,Explanation supports routing only
EXP-DR-DSC-PKG-EP-HOSP-001-DEPT-ADM-kpi_006-20260709,DR-DSC-PKG-EP-HOSP-001-DEPT-ADM-kpi_006-20260709,DSC-PKG-EP-HOSP-001-DEPT-ADM-kpi_006-20260709,DPKG-PKG-EP-HOSP-001-DEPT-ADM-kpi_006-20260709,Monitoring Only, This case does not currently require active intervention review.,None,See secondary condition register,See transition register,See responsible role register,Review and validate; no automatic decision,This is not an approval or recommendation,Current readiness: Monitoring Only. This case does not currently require active intervention review. The analytical route calls for continued observation. Monitoring requirements are present and escalation triggers are defined. Continue monitoring until escalation trigger is met. Responsible party varies by condition; see responsible role register. Permitted action: review and validate; no automatic decision. This classification supports management routing and does not constitute approval.,Explanation supports routing only
EXP-DR-DSC-PKG-EP-HOSP-001-DEPT-ADM-kpi_006-20260719,DR-DSC-PKG-EP-HOSP-001-DEPT-ADM-kpi_006-20260719,DSC-PKG-EP-HOSP-001-DEPT-ADM-kpi_006-20260719,DPKG-PKG-EP-HOSP-001-DEPT-ADM-kpi_006-20260719,Monitoring Only, This case does not currently require active intervention review.,None,See secondary condition register,See transition register,See responsible role register,Review and validate; no automatic decision,This is not an approval or recommendation,Current readiness: Monitoring Only. This case does not currently require active intervention review. The analytical route calls for continued observation. Monitoring requirements are present and escalation triggers are defined. Continue monitoring until escalation trigger is met. Responsible party varies by condition; see responsible role register. Permitted action: review and validate; no automatic decision. This classification supports management routing and does not constitute approval.,Explanation supports routing only
EXP-DR-DSC-PKG-EP-HOSP-001-DEPT-ADM-kpi_006-20260809,DR-DSC-PKG-EP-HOSP-001-DEPT-ADM-kpi_006-20260809,DSC-PKG-EP-HOSP-001-DEPT-ADM-kpi_006-20260809,DPKG-PKG-EP-HOSP-001-DEPT-ADM-kpi_006-20260809,Monitoring Only, This case does not currently require active intervention review.,None,See secondary condition register,See transition register,See responsible role register,Review and validate; no automatic decision,This is not an approval or recommendation,Current readiness: Monitoring Only. This case does not currently require active intervention review. The analytical route calls for continued observation. Monitoring requirements are present and escalation triggers are defined. Continue monitoring until escalation trigger is met. Responsible party varies by condition; see responsible role register. Permitted action: review and validate; no automatic decision. This classification supports management routing and does not constitute approval.,Explanation supports routing only
EXP-DR-DSC-PKG-EP-HOSP-001-DEPT-ADM-kpi_006-20260824,DR-DSC-PKG-EP-HOSP-001-DEPT-ADM-kpi_006-20260824,DSC-PKG-EP-HOSP-001-DEPT-ADM-kpi_006-20260824,DPKG-PKG-EP-HOSP-001-DEPT-ADM-kpi_006-20260824,Monitoring Only, This case does not currently require active intervention review.,None,See secondary condition register,See transition register,See responsible role register,Review and validate; no automatic decision,This is not an approval or recommendation,Current readiness: Monitoring Only. This case does not currently require active intervention review. The analytical route calls for continued observation. Monitoring requirements are present and escalation triggers are defined. Continue monitoring until escalation trigger is met. Responsible party varies by condition; see responsible role register. Permitted action: review and validate; no automatic decision. This classification supports management routing and does not constitute approval.,Explanation supports routing only
EXP-DR-DSC-PKG-EP-HOSP-001-DEPT-ADM-kpi_006-20260904,DR-DSC-PKG-EP-HOSP-001-DEPT-ADM-kpi_006-20260904,DSC-PKG-EP-HOSP-001-DEPT-ADM-kpi_006-20260904,DPKG-PKG-EP-HOSP-001-DEPT-ADM-kpi_006-20260904,Monitoring Only, This case does not currently require active intervention review.,None,See secondary condition register,See transition register,See responsible role register,Review and validate; no automatic decision,This is not an approval or recommendation,Current readiness: Monitoring Only. This case does not currently require active intervention review. The analytical route calls for continued observation. Monitoring requirements are present and escalation triggers are defined. Continue monitoring until escalation trigger is met. Responsible party varies by condition; see responsible role register. Permitted action: review and validate; no automatic decision. This classification supports management routing and does not constitute approval.,Explanation supports routing only
EXP-DR-DSC-PKG-EP-HOSP-001-DEPT-ADM-kpi_006-20260923,DR-DSC-PKG-EP-HOSP-001-DEPT-ADM-kpi_006-20260923,DSC-PKG-EP-HOSP-001-DEPT-ADM-kpi_006-20260923,DPKG-PKG-EP-HOSP-001-DEPT-ADM-kpi_006-20260923,Monitoring Only, This case does not currently require active intervention review.,None,See secondary condition register,See transition register,See responsible role register,Review and validate; no automatic decision,This is not an approval or recommendation,Current readiness: Monitoring Only. This case does not currently require active intervention review. The analytical route calls for continued observation. Monitoring requirements are present and escalation triggers are defined. Continue monitoring until escalation trigger is met. Responsible party varies by condition; see responsible role register. Permitted action: review and validate; no automatic decision. This classification supports management routing and does not constitute approval.,Explanation supports routing only
EXP-DR-DSC-PKG-EP-HOSP-001-DEPT-ADM-kpi_006-20260928,DR-DSC-PKG-EP-HOSP-001-DEPT-ADM-kpi_006-20260928,DSC-PKG-EP-HOSP-001-DEPT-ADM-kpi_006-20260928,DPKG-PKG-EP-HOSP-001-DEPT-ADM-kpi_006-20260928,Monitoring Only, This case does not currently require active intervention review.,None,See secondary condition register,See transition register,See responsible role register,Review and validate; no automatic decision,This is not an approval or recommendation,Current readiness: Monitoring Only. This case does not currently require active intervention review. The analytical route calls for continued observation. Monitoring requirements are present and escalation triggers are defined. Continue monitoring until escalation trigger is met. Responsible party varies by condition; see responsible role register. Permitted action: review and validate; no automatic decision. This classification supports management routing and does not constitute approval.,Explanation supports routing only
EXP-DR-DSC-PKG-EP-HOSP-001-DEPT-ADM-kpi_006-20261007,DR-DSC-PKG-EP-HOSP-001-DEPT-ADM-kpi_006-20261007,DSC-PKG-EP-HOSP-001-DEPT-ADM-kpi_006-20261007,DPKG-PKG-EP-HOSP-001-DEPT-ADM-kpi_006-20261007,Monitoring Only, This case does not currently require active intervention review.,None,See secondary condition register,See transition register,See responsible role register,Review and validate; no automatic decision,This is not an approval or recommendation,Current readiness: Monitoring Only. This case does not currently require active intervention review. The analytical route calls for continued observation. Monitoring requirements are present and escalation triggers are defined. Continue monitoring until escalation trigger is met. Responsible party varies by condition; see responsible role register. Permitted action: review and validate; no automatic decision. This classification supports management routing and does not constitute approval.,Explanation supports routing only
EXP-DR-DSC-PKG-EP-HOSP-001-DEPT-ADM-kpi_006-20261023,DR-DSC-PKG-EP-HOSP-001-DEPT-ADM-kpi_006-20261023,DSC-PKG-EP-HOSP-001-DEPT-ADM-kpi_006-20261023,DPKG-PKG-EP-HOSP-001-DEPT-ADM-kpi_006-20261023,Monitoring Only, This case does not currently require active intervention review.,None,See secondary condition register,See transition register,See responsible role register,Review and validate; no automatic decision,This is not an approval or recommendation,Current readiness: Monitoring Only. This case does not currently require active intervention review. The analytical route calls for continued observation. Monitoring requirements are present and escalation triggers are defined. Continue monitoring until escalation trigger is met. Responsible party varies by condition; see responsible role register. Permitted action: review and validate; no automatic decision. This classification supports management routing and does not constitute approval.,Explanation supports routing only
EXP-DR-DSC-PKG-EP-HOSP-001-DEPT-ADM-kpi_006-20261027,DR-DSC-PKG-EP-HOSP-001-DEPT-ADM-kpi_006-20261027,DSC-PKG-EP-HOSP-001-DEPT-ADM-kpi_006-20261027,DPKG-PKG-EP-HOSP-001-DEPT-ADM-kpi_006-20261027,Monitoring Only, This case does not currently require active intervention review.,None,See secondary condition register,See transition register,See responsible role register,Review and validate; no automatic decision,This is not an approval or recommendation,Current readiness: Monitoring Only. This case does not currently require active intervention review. The analytical route calls for continued observation. Monitoring requirements are present and escalation triggers are defined. Continue monitoring until escalation trigger is met. Responsible party varies by condition; see responsible role register. Permitted action: review and validate; no automatic decision. This classification supports management routing and does not constitute approval.,Explanation supports routing only
EXP-DR-DSC-PKG-EP-HOSP-001-DEPT-ADM-kpi_006-20261202,DR-DSC-PKG-EP-HOSP-001-DEPT-ADM-kpi_006-20261202,DSC-PKG-EP-HOSP-001-DEPT-ADM-kpi_006-20261202,DPKG-PKG-EP-HOSP-001-DEPT-ADM-kpi_006-20261202,Monitoring Only, This case does not currently require active intervention review.,None,See secondary condition register,See transition register,See responsible role register,Review and validate; no automatic decision,This is not an approval or recommendation,Current readiness: Monitoring Only. This case does not currently require active intervention review. The analytical route calls for continued observation. Monitoring requirements are present and escalation triggers are defined. Continue monitoring until escalation trigger is met. Responsible party varies by condition; see responsible role register. Permitted action: review and validate; no automatic decision. This classification supports management routing and does not constitute approval.,Explanation supports routing only
EXP-DR-DSC-PKG-EP-HOSP-001-DEPT-ADM-kpi_006-20261218,DR-DSC-PKG-EP-HOSP-001-DEPT-ADM-kpi_006-20261218,DSC-PKG-EP-HOSP-001-DEPT-ADM-kpi_006-20261218,DPKG-PKG-EP-HOSP-001-DEPT-ADM-kpi_006-20261218,Monitoring Only, This case does not currently require active intervention review.,None,See secondary condition register,See transition register,See responsible role register,Review and validate; no automatic decision,This is not an approval or recommendation,Current readiness: Monitoring Only. This case does not currently require active intervention review. The analytical route calls for continued observation. Monitoring requirements are present and escalation triggers are defined. Continue monitoring until escalation trigger is met. Responsible party varies by condition; see responsible role register. Permitted action: review and validate; no automatic decision. This classification supports management routing and does not constitute approval.,Explanation supports routing only
EXP-DR-DSC-PKG-EP-HOSP-001-DEPT-DIAG-kpi_001-20260108,DR-DSC-PKG-EP-HOSP-001-DEPT-DIAG-kpi_001-20260108,DSC-PKG-EP-HOSP-001-DEPT-DIAG-kpi_001-20260108,DPKG-PKG-EP-HOSP-001-DEPT-DIAG-kpi_001-20260108,Ready for Integrated Management Review, This package has passed all mandatory gates and is ready for management review.,None,See secondary condition register,See transition register,See responsible role register,Review and validate; no automatic decision,This is not an approval or recommendation,"Current readiness: Ready for Integrated Management Review. This package has passed all mandatory gates and is ready for management review. Core risk, recommendation, scenario, and financial information is available. No absolute exclusion applies. Management can review the options and confirm specified matters. Management review may proceed. Responsible party varies by condition; see responsible role register. Permitted action: review and validate; no automatic decision. This classification supports management routing and does not constitute approval.",Explanation supports routing only
EXP-DR-DSC-PKG-EP-HOSP-001-DEPT-DIAG-kpi_001-20260401,DR-DSC-PKG-EP-HOSP-001-DEPT-DIAG-kpi_001-20260401,DSC-PKG-EP-HOSP-001-DEPT-DIAG-kpi_001-20260401,DPKG-PKG-EP-HOSP-001-DEPT-DIAG-kpi_001-20260401,Ready with Conditions, This package is complete enough for management review with non-blocking conditions remaining.,None,See secondary condition register,See transition register,See responsible role register,Review and validate; no automatic decision,This is not an approval or recommendation,Current readiness: Ready with Conditions. This package is complete enough for management review with non-blocking conditions remaining. Core information is available but some warnings or provisional matters require attention. Management can review the options but must confirm specified matters. Resolve Ready with Conditions before readiness can advance. Responsible party varies by condition; see responsible role register. Permitted action: review and validate; no automatic decision. This classification supports management routing and does not constitute approval.,Explanation supports routing only
EXP-DR-DSC-PKG-EP-HOSP-001-DEPT-DIAG-kpi_001-20260417,DR-DSC-PKG-EP-HOSP-001-DEPT-DIAG-kpi_001-20260417,DSC-PKG-EP-HOSP-001-DEPT-DIAG-kpi_001-20260417,DPKG-PKG-EP-HOSP-001-DEPT-DIAG-kpi_001-20260417,Ready for Integrated Management Review, This package has passed all mandatory gates and is ready for management review.,None,See secondary condition register,See transition register,See responsible role register,Review and validate; no automatic decision,This is not an approval or recommendation,"Current readiness: Ready for Integrated Management Review. This package has passed all mandatory gates and is ready for management review. Core risk, recommendation, scenario, and financial information is available. No absolute exclusion applies. Management can review the options and confirm specified matters. Management review may proceed. Responsible party varies by condition; see responsible role register. Permitted action: review and validate; no automatic decision. This classification supports management routing and does not constitute approval.",Explanation supports routing only
EXP-DR-DSC-PKG-EP-HOSP-001-DEPT-DIAG-kpi_001-20260423,DR-DSC-PKG-EP-HOSP-001-DEPT-DIAG-kpi_001-20260423,DSC-PKG-EP-HOSP-001-DEPT-DIAG-kpi_001-20260423,DPKG-PKG-EP-HOSP-001-DEPT-DIAG-kpi_001-20260423,Ready for Integrated Management Review, This package has passed all mandatory gates and is ready for management review.,None,See secondary condition register,See transition register,See responsible role register,Review and validate; no automatic decision,This is not an approval or recommendation,"Current readiness: Ready for Integrated Management Review. This package has passed all mandatory gates and is ready for management review. Core risk, recommendation, scenario, and financial information is available. No absolute exclusion applies. Management can review the options and confirm specified matters. Management review may proceed. Responsible party varies by condition; see responsible role register. Permitted action: review and validate; no automatic decision. This classification supports management routing and does not constitute approval.",Explanation supports routing only
EXP-DR-DSC-PKG-EP-HOSP-001-DEPT-DIAG-kpi_001-20260507,DR-DSC-PKG-EP-HOSP-001-DEPT-DIAG-kpi_001-20260507,DSC-PKG-EP-HOSP-001-DEPT-DIAG-kpi_001-20260507,DPKG-PKG-EP-HOSP-001-DEPT-DIAG-kpi_001-20260507,Ready with Conditions, This package is complete enough for management review with non-blocking conditions remaining.,None,See secondary condition register,See transition register,See responsible role register,Review and validate; no automatic decision,This is not an approval or recommendation,Current readiness: Ready with Conditions. This package is complete enough for management review with non-blocking conditions remaining. Core information is available but some warnings or provisional matters require attention. Management can review the options but must confirm specified matters. Resolve Ready with Conditions before readiness can advance. Responsible party varies by condition; see responsible role register. Permitted action: review and validate; no automatic decision. This classification supports management routing and does not constitute approval.,Explanation supports routing only
EXP-DR-DSC-PKG-EP-HOSP-001-DEPT-DIAG-kpi_001-20260511,DR-DSC-PKG-EP-HOSP-001-DEPT-DIAG-kpi_001-20260511,DSC-PKG-EP-HOSP-001-DEPT-DIAG-kpi_001-20260511,DPKG-PKG-EP-HOSP-001-DEPT-DIAG-kpi_001-20260511,Requires Evidence Completion, Required evidence references are missing or applicable analytical phases are not covered.,Requires Evidence Completion,See secondary condition register,See transition register,See responsible role register,Review and validate; no automatic decision,This is not an approval or recommendation,Current readiness: Requires Evidence Completion. Required evidence references are missing or applicable analytical phases are not covered. Evidence completeness is insufficient for management review. Main blocking condition: Requires Evidence Completion. Resolve Requires Evidence Completion before readiness can advance. Responsible party varies by condition; see responsible role register. Permitted action: review and validate; no automatic decision. This classification supports management routing and does not constitute approval.,Explanation supports routing only
EXP-DR-DSC-PKG-EP-HOSP-001-DEPT-DIAG-kpi_001-20260520,DR-DSC-PKG-EP-HOSP-001-DEPT-DIAG-kpi_001-20260520,DSC-PKG-EP-HOSP-001-DEPT-DIAG-kpi_001-20260520,DPKG-PKG-EP-HOSP-001-DEPT-DIAG-kpi_001-20260520,Ready for Integrated Management Review, This package has passed all mandatory gates and is ready for management review.,None,See secondary condition register,See transition register,See responsible role register,Review and validate; no automatic decision,This is not an approval or recommendation,"Current readiness: Ready for Integrated Management Review. This package has passed all mandatory gates and is ready for management review. Core risk, recommendation, scenario, and financial information is available. No absolute exclusion applies. Management can review the options and confirm specified matters. Management review may proceed. Responsible party varies by condition; see responsible role register. Permitted action: review and validate; no automatic decision. This classification supports management routing and does not constitute approval.",Explanation supports routing only
EXP-DR-DSC-PKG-EP-HOSP-001-DEPT-DIAG-kpi_001-20260606,DR-DSC-PKG-EP-HOSP-001-DEPT-DIAG-kpi_001-20260606,DSC-PKG-EP-HOSP-001-DEPT-DIAG-kpi_001-20260606,DPKG-PKG-EP-HOSP-001-DEPT-DIAG-kpi_001-20260606,Requires Additional Scenario Analysis, The comparator set is incomplete or existing scenario results are insufficient.,Requires Additional Scenario Analysis,See secondary condition register,See transition register,See responsible role register,Review and validate; no automatic decision,This is not an approval or recommendation,Current readiness: Requires Additional Scenario Analysis. The comparator set is incomplete or existing scenario results are insufficient. Additional modelling is required before comparison can be completed. Main blocking condition: Requires Additional Scenario Analysis. Resolve Requires Additional Scenario Analysis before readiness can advance. Responsible party varies by condition; see responsible role register. Permitted action: review and validate; no automatic decision. This classification supports management routing and does not constitute approval.,Explanation supports routing only
EXP-DR-DSC-PKG-EP-HOSP-001-DEPT-DIAG-kpi_001-20260610,DR-DSC-PKG-EP-HOSP-001-DEPT-DIAG-kpi_001-20260610,DSC-PKG-EP-HOSP-001-DEPT-DIAG-kpi_001-20260610,DPKG-PKG-EP-HOSP-001-DEPT-DIAG-kpi_001-20260610,Ready with Conditions, This package is complete enough for management review with non-blocking conditions remaining.,None,See secondary condition register,See transition register,See responsible role register,Review and validate; no automatic decision,This is not an approval or recommendation,Current readiness: Ready with Conditions. This package is complete enough for management review with non-blocking conditions remaining. Core information is available but some warnings or provisional matters require attention. Management can review the options but must confirm specified matters. Resolve Ready with Conditions before readiness can advance. Responsible party varies by condition; see responsible role register. Permitted action: review and validate; no automatic decision. This classification supports management routing and does not constitute approval.,Explanation supports routing only
EXP-DR-DSC-PKG-EP-HOSP-001-DEPT-DIAG-kpi_001-20260619,DR-DSC-PKG-EP-HOSP-001-DEPT-DIAG-kpi_001-20260619,DSC-PKG-EP-HOSP-001-DEPT-DIAG-kpi_001-20260619,DPKG-PKG-EP-HOSP-001-DEPT-DIAG-kpi_001-20260619,Requires Assumption Validation, Scenario or recommendation assumptions remain materially unconfirmed.,Requires Assumption Validation,See secondary condition register,See transition register,See responsible role register,Review and validate; no automatic decision,This is not an approval or recommendation,Current readiness: Requires Assumption Validation. Scenario or recommendation assumptions remain materially unconfirmed. Management review would be misleading without confirmation of key assumptions. Comparator assumptions require validation before proceeding. Main blocking condition: Requires Assumption Validation. Resolve Requires Assumption Validation before readiness can advance. Responsible party varies by condition; see responsible role register. Permitted action: review and validate; no automatic decision. This classification supports management routing and does not constitute approval.,Explanation supports routing only
EXP-DR-DSC-PKG-EP-HOSP-001-DEPT-DIAG-kpi_001-20260704,DR-DSC-PKG-EP-HOSP-001-DEPT-DIAG-kpi_001-20260704,DSC-PKG-EP-HOSP-001-DEPT-DIAG-kpi_001-20260704,DPKG-PKG-EP-HOSP-001-DEPT-DIAG-kpi_001-20260704,Ready with Conditions, This package is complete enough for management review with non-blocking conditions remaining.,None,See secondary condition register,See transition register,See responsible role register,Review and validate; no automatic decision,This is not an approval or recommendation,Current readiness: Ready with Conditions. This package is complete enough for management review with non-blocking conditions remaining. Core information is available but some warnings or provisional matters require attention. Management can review the options but must confirm specified matters. Resolve Ready with Conditions before readiness can advance. Responsible party varies by condition; see responsible role register. Permitted action: review and validate; no automatic decision. This classification supports management routing and does not constitute approval.,Explanation supports routing only
EXP-DR-DSC-PKG-EP-HOSP-001-DEPT-DIAG-kpi_001-20260723,DR-DSC-PKG-EP-HOSP-001-DEPT-DIAG-kpi_001-20260723,DSC-PKG-EP-HOSP-001-DEPT-DIAG-kpi_001-20260723,DPKG-PKG-EP-HOSP-001-DEPT-DIAG-kpi_001-20260723,Requires Evidence Completion, Required evidence references are missing or applicable analytical phases are not covered.,Requires Evidence Completion,See secondary condition register,See transition register,See responsible role register,Review and validate; no automatic decision,This is not an approval or recommendation,Current readiness: Requires Evidence Completion. Required evidence references are missing or applicable analytical phases are not covered. Evidence completeness is insufficient for management review. Main blocking condition: Requires Evidence Completion. Resolve Requires Evidence Completion before readiness can advance. Responsible party varies by condition; see responsible role register. Permitted action: review and validate; no automatic decision. This classification supports management routing and does not constitute approval.,Explanation supports routing only
EXP-DR-DSC-PKG-EP-HOSP-001-DEPT-DIAG-kpi_001-20260804,DR-DSC-PKG-EP-HOSP-001-DEPT-DIAG-kpi_001-20260804,DSC-PKG-EP-HOSP-001-DEPT-DIAG-kpi_001-20260804,DPKG-PKG-EP-HOSP-001-DEPT-DIAG-kpi_001-20260804,Requires Benefit Validation, Financial benefit is used but benefit eligibility is unresolved.,Requires Benefit Validation,See secondary condition register,See transition register,See responsible role register,Review and validate; no automatic decision,This is not an approval or recommendation,Current readiness: Requires Benefit Validation. Financial benefit is used but benefit eligibility is unresolved. The avoided-cost relationship requires validation before it can be relied upon. Main blocking condition: Requires Benefit Validation. Resolve Requires Benefit Validation before readiness can advance. Responsible party varies by condition; see responsible role register. Permitted action: review and validate; no automatic decision. This classification supports management routing and does not constitute approval.,Explanation supports routing only
EXP-DR-DSC-PKG-EP-HOSP-001-DEPT-DIAG-kpi_001-20260810,DR-DSC-PKG-EP-HOSP-001-DEPT-DIAG-kpi_001-20260810,DSC-PKG-EP-HOSP-001-DEPT-DIAG-kpi_001-20260810,DPKG-PKG-EP-HOSP-001-DEPT-DIAG-kpi_001-20260810,Requires Lineage Completion, Source-to-decision lineage is incomplete or orphan references exist.,Requires Lineage Completion,See secondary condition register,See transition register,See responsible role register,Review and validate; no automatic decision,This is not an approval or recommendation,Current readiness: Requires Lineage Completion. Source-to-decision lineage is incomplete or orphan references exist. The decision record cannot be fully traced without completing lineage. Main blocking condition: Requires Lineage Completion. Resolve Requires Lineage Completion before readiness can advance. Responsible party varies by condition; see responsible role register. Permitted action: review and validate; no automatic decision. This classification supports management routing and does not constitute approval.,Explanation supports routing only
EXP-DR-DSC-PKG-EP-HOSP-001-DEPT-DIAG-kpi_001-20260901,DR-DSC-PKG-EP-HOSP-001-DEPT-DIAG-kpi_001-20260901,DSC-PKG-EP-HOSP-001-DEPT-DIAG-kpi_001-20260901,DPKG-PKG-EP-HOSP-001-DEPT-DIAG-kpi_001-20260901,Requires Baseline Validation," The baseline is missing, stale, inconsistent, or not representative.",Requires Baseline Validation,See secondary condition register,See transition register,See responsible role register,Review and validate; no automatic decision,This is not an approval or recommendation,"Current readiness: Requires Baseline Validation. The baseline is missing, stale, inconsistent, or not representative. Baseline validation status is blocking further progression. A valid baseline must be established before management review. Main blocking condition: Requires Baseline Validation. Resolve Requires Baseline Validation before readiness can advance. Responsible party varies by condition; see responsible role register. Permitted action: review and validate; no automatic decision. This classification supports management routing and does not constitute approval.",Explanation supports routing only
EXP-DR-DSC-PKG-EP-HOSP-001-DEPT-DIAG-kpi_001-20260912,DR-DSC-PKG-EP-HOSP-001-DEPT-DIAG-kpi_001-20260912,DSC-PKG-EP-HOSP-001-DEPT-DIAG-kpi_001-20260912,DPKG-PKG-EP-HOSP-001-DEPT-DIAG-kpi_001-20260912,Requires Stakeholder Validation, A material input or assumption requires responsible-owner confirmation.,Requires Stakeholder Validation,See secondary condition register,See transition register,See responsible role register,Review and validate; no automatic decision,This is not an approval or recommendation,Current readiness: Requires Stakeholder Validation. A material input or assumption requires responsible-owner confirmation. Stakeholder confirmation is blocking and cannot be safely resolved analytically. Main blocking condition: Requires Stakeholder Validation. Resolve Requires Stakeholder Validation before readiness can advance. Responsible party varies by condition; see responsible role register. Permitted action: review and validate; no automatic decision. This classification supports management routing and does not constitute approval.,Explanation supports routing only
EXP-DR-DSC-PKG-EP-HOSP-001-DEPT-DIAG-kpi_001-20261023,DR-DSC-PKG-EP-HOSP-001-DEPT-DIAG-kpi_001-20261023,DSC-PKG-EP-HOSP-001-DEPT-DIAG-kpi_001-20261023,DPKG-PKG-EP-HOSP-001-DEPT-DIAG-kpi_001-20261023,Ready for Integrated Management Review, This package has passed all mandatory gates and is ready for management review.,None,See secondary condition register,See transition register,See responsible role register,Review and validate; no automatic decision,This is not an approval or recommendation,"Current readiness: Ready for Integrated Management Review. This package has passed all mandatory gates and is ready for management review. Core risk, recommendation, scenario, and financial information is available. No absolute exclusion applies. Management can review the options and confirm specified matters. Management review may proceed. Responsible party varies by condition; see responsible role register. Permitted action: review and validate; no automatic decision. This classification supports management routing and does not constitute approval.",Explanation supports routing only
EXP-DR-DSC-PKG-EP-HOSP-001-DEPT-DIAG-kpi_001-20261031,DR-DSC-PKG-EP-HOSP-001-DEPT-DIAG-kpi_001-20261031,DSC-PKG-EP-HOSP-001-DEPT-DIAG-kpi_001-20261031,DPKG-PKG-EP-HOSP-001-DEPT-DIAG-kpi_001-20261031,Requires Assumption Validation, Scenario or recommendation assumptions remain materially unconfirmed.,Requires Assumption Validation,See secondary condition register,See transition register,See responsible role register,Review and validate; no automatic decision,This is not an approval or recommendation,Current readiness: Requires Assumption Validation. Scenario or recommendation assumptions remain materially unconfirmed. Management review would be misleading without confirmation of key assumptions. Comparator assumptions require validation before proceeding. Main blocking condition: Requires Assumption Validation. Resolve Requires Assumption Validation before readiness can advance. Responsible party varies by condition; see responsible role register. Permitted action: review and validate; no automatic decision. This classification supports management routing and does not constitute approval.,Explanation supports routing only
EXP-DR-DSC-PKG-EP-HOSP-001-DEPT-DIAG-kpi_001-20261108,DR-DSC-PKG-EP-HOSP-001-DEPT-DIAG-kpi_001-20261108,DSC-PKG-EP-HOSP-001-DEPT-DIAG-kpi_001-20261108,DPKG-PKG-EP-HOSP-001-DEPT-DIAG-kpi_001-20261108,Ready with Conditions, This package is complete enough for management review with non-blocking conditions remaining.,None,See secondary condition register,See transition register,See responsible role register,Review and validate; no automatic decision,This is not an approval or recommendation,Current readiness: Ready with Conditions. This package is complete enough for management review with non-blocking conditions remaining. Core information is available but some warnings or provisional matters require attention. Management can review the options but must confirm specified matters. Resolve Ready with Conditions before readiness can advance. Responsible party varies by condition; see responsible role register. Permitted action: review and validate; no automatic decision. This classification supports management routing and does not constitute approval.,Explanation supports routing only
EXP-DR-DSC-PKG-EP-HOSP-001-DEPT-DIAG-kpi_002-20260122,DR-DSC-PKG-EP-HOSP-001-DEPT-DIAG-kpi_002-20260122,DSC-PKG-EP-HOSP-001-DEPT-DIAG-kpi_002-20260122,DPKG-PKG-EP-HOSP-001-DEPT-DIAG-kpi_002-20260122,Ready for Integrated Management Review, This package has passed all mandatory gates and is ready for management review.,None,See secondary condition register,See transition register,See responsible role register,Review and validate; no automatic decision,This is not an approval or recommendation,"Current readiness: Ready for Integrated Management Review. This package has passed all mandatory gates and is ready for management review. Core risk, recommendation, scenario, and financial information is available. No absolute exclusion applies. Management can review the options and confirm specified matters. Management review may proceed. Responsible party varies by condition; see responsible role register. Permitted action: review and validate; no automatic decision. This classification supports management routing and does not constitute approval.",Explanation supports routing only
EXP-DR-DSC-PKG-EP-HOSP-001-DEPT-DIAG-kpi_002-20260328,DR-DSC-PKG-EP-HOSP-001-DEPT-DIAG-kpi_002-20260328,DSC-PKG-EP-HOSP-001-DEPT-DIAG-kpi_002-20260328,DPKG-PKG-EP-HOSP-001-DEPT-DIAG-kpi_002-20260328,Requires Baseline Validation," The baseline is missing, stale, inconsistent, or not representative.",Requires Baseline Validation,See secondary condition register,See transition register,See responsible role register,Review and validate; no automatic decision,This is not an approval or recommendation,"Current readiness: Requires Baseline Validation. The baseline is missing, stale, inconsistent, or not representative. Baseline validation status is blocking further progression. A valid baseline must be established before management review. Main blocking condition: Requires Baseline Validation. Resolve Requires Baseline Validation before readiness can advance. Responsible party varies by condition; see responsible role register. Permitted action: review and validate; no automatic decision. This classification supports management routing and does not constitute approval.",Explanation supports routing only
EXP-DR-DSC-PKG-EP-HOSP-001-DEPT-DIAG-kpi_002-20260409,DR-DSC-PKG-EP-HOSP-001-DEPT-DIAG-kpi_002-20260409,DSC-PKG-EP-HOSP-001-DEPT-DIAG-kpi_002-20260409,DPKG-PKG-EP-HOSP-001-DEPT-DIAG-kpi_002-20260409,Requires Additional Scenario Analysis, The comparator set is incomplete or existing scenario results are insufficient.,Requires Additional Scenario Analysis,See secondary condition register,See transition register,See responsible role register,Review and validate; no automatic decision,This is not an approval or recommendation,Current readiness: Requires Additional Scenario Analysis. The comparator set is incomplete or existing scenario results are insufficient. Additional modelling is required before comparison can be completed. Main blocking condition: Requires Additional Scenario Analysis. Resolve Requires Additional Scenario Analysis before readiness can advance. Responsible party varies by condition; see responsible role register. Permitted action: review and validate; no automatic decision. This classification supports management routing and does not constitute approval.,Explanation supports routing only
EXP-DR-DSC-PKG-EP-HOSP-001-DEPT-DIAG-kpi_002-20260422,DR-DSC-PKG-EP-HOSP-001-DEPT-DIAG-kpi_002-20260422,DSC-PKG-EP-HOSP-001-DEPT-DIAG-kpi_002-20260422,DPKG-PKG-EP-HOSP-001-DEPT-DIAG-kpi_002-20260422,Ready with Conditions, This package is complete enough for management review with non-blocking conditions remaining.,None,See secondary condition register,See transition register,See responsible role register,Review and validate; no automatic decision,This is not an approval or recommendation,Current readiness: Ready with Conditions. This package is complete enough for management review with non-blocking conditions remaining. Core information is available but some warnings or provisional matters require attention. Management can review the options but must confirm specified matters. Resolve Ready with Conditions before readiness can advance. Responsible party varies by condition; see responsible role register. Permitted action: review and validate; no automatic decision. This classification supports management routing and does not constitute approval.,Explanation supports routing only
EXP-DR-DSC-PKG-EP-HOSP-001-DEPT-DIAG-kpi_002-20260426,DR-DSC-PKG-EP-HOSP-001-DEPT-DIAG-kpi_002-20260426,DSC-PKG-EP-HOSP-001-DEPT-DIAG-kpi_002-20260426,DPKG-PKG-EP-HOSP-001-DEPT-DIAG-kpi_002-20260426,Ready for Integrated Management Review, This package has passed all mandatory gates and is ready for management review.,None,See secondary condition register,See transition register,See responsible role register,Review and validate; no automatic decision,This is not an approval or recommendation,"Current readiness: Ready for Integrated Management Review. This package has passed all mandatory gates and is ready for management review. Core risk, recommendation, scenario, and financial information is available. No absolute exclusion applies. Management can review the options and confirm specified matters. Management review may proceed. Responsible party varies by condition; see responsible role register. Permitted action: review and validate; no automatic decision. This classification supports management routing and does not constitute approval.",Explanation supports routing only
EXP-DR-DSC-PKG-EP-HOSP-001-DEPT-DIAG-kpi_002-20260515,DR-DSC-PKG-EP-HOSP-001-DEPT-DIAG-kpi_002-20260515,DSC-PKG-EP-HOSP-001-DEPT-DIAG-kpi_002-20260515,DPKG-PKG-EP-HOSP-001-DEPT-DIAG-kpi_002-20260515,Ready with Conditions, This package is complete enough for management review with non-blocking conditions remaining.,None,See secondary condition register,See transition register,See responsible role register,Review and validate; no automatic decision,This is not an approval or recommendation,Current readiness: Ready with Conditions. This package is complete enough for management review with non-blocking conditions remaining. Core information is available but some warnings or provisional matters require attention. Management can review the options but must confirm specified matters. Resolve Ready with Conditions before readiness can advance. Responsible party varies by condition; see responsible role register. Permitted action: review and validate; no automatic decision. This classification supports management routing and does not constitute approval.,Explanation supports routing only
EXP-DR-DSC-PKG-EP-HOSP-001-DEPT-DIAG-kpi_002-20260521,DR-DSC-PKG-EP-HOSP-001-DEPT-DIAG-kpi_002-20260521,DSC-PKG-EP-HOSP-001-DEPT-DIAG-kpi_002-20260521,DPKG-PKG-EP-HOSP-001-DEPT-DIAG-kpi_002-20260521,Ready with Conditions, This package is complete enough for management review with non-blocking conditions remaining.,None,See secondary condition register,See transition register,See responsible role register,Review and validate; no automatic decision,This is not an approval or recommendation,Current readiness: Ready with Conditions. This package is complete enough for management review with non-blocking conditions remaining. Core information is available but some warnings or provisional matters require attention. Management can review the options but must confirm specified matters. Resolve Ready with Conditions before readiness can advance. Responsible party varies by condition; see responsible role register. Permitted action: review and validate; no automatic decision. This classification supports management routing and does not constitute approval.,Explanation supports routing only
EXP-DR-DSC-PKG-EP-HOSP-001-DEPT-DIAG-kpi_002-20260615,DR-DSC-PKG-EP-HOSP-001-DEPT-DIAG-kpi_002-20260615,DSC-PKG-EP-HOSP-001-DEPT-DIAG-kpi_002-20260615,DPKG-PKG-EP-HOSP-001-DEPT-DIAG-kpi_002-20260615,Ready with Conditions, This package is complete enough for management review with non-blocking conditions remaining.,None,See secondary condition register,See transition register,See responsible role register,Review and validate; no automatic decision,This is not an approval or recommendation,Current readiness: Ready with Conditions. This package is complete enough for management review with non-blocking conditions remaining. Core information is available but some warnings or provisional matters require attention. Management can review the options but must confirm specified matters. Resolve Ready with Conditions before readiness can advance. Responsible party varies by condition; see responsible role register. Permitted action: review and validate; no automatic decision. This classification supports management routing and does not constitute approval.,Explanation supports routing only
EXP-DR-DSC-PKG-EP-HOSP-001-DEPT-DIAG-kpi_002-20260621,DR-DSC-PKG-EP-HOSP-001-DEPT-DIAG-kpi_002-20260621,DSC-PKG-EP-HOSP-001-DEPT-DIAG-kpi_002-20260621,DPKG-PKG-EP-HOSP-001-DEPT-DIAG-kpi_002-20260621,Requires Lineage Completion, Source-to-decision lineage is incomplete or orphan references exist.,Requires Lineage Completion,See secondary condition register,See transition register,See responsible role register,Review and validate; no automatic decision,This is not an approval or recommendation,Current readiness: Requires Lineage Completion. Source-to-decision lineage is incomplete or orphan references exist. The decision record cannot be fully traced without completing lineage. Main blocking condition: Requires Lineage Completion. Resolve Requires Lineage Completion before readiness can advance. Responsible party varies by condition; see responsible role register. Permitted action: review and validate; no automatic decision. This classification supports management routing and does not constitute approval.,Explanation supports routing only
EXP-DR-DSC-PKG-EP-HOSP-001-DEPT-DIAG-kpi_002-20260626,DR-DSC-PKG-EP-HOSP-001-DEPT-DIAG-kpi_002-20260626,DSC-PKG-EP-HOSP-001-DEPT-DIAG-kpi_002-20260626,DPKG-PKG-EP-HOSP-001-DEPT-DIAG-kpi_002-20260626,Requires Stakeholder Validation, A material input or assumption requires responsible-owner confirmation.,Requires Stakeholder Validation,See secondary condition register,See transition register,See responsible role register,Review and validate; no automatic decision,This is not an approval or recommendation,Current readiness: Requires Stakeholder Validation. A material input or assumption requires responsible-owner confirmation. Stakeholder confirmation is blocking and cannot be safely resolved analytically. Main blocking condition: Requires Stakeholder Validation. Resolve Requires Stakeholder Validation before readiness can advance. Responsible party varies by condition; see responsible role register. Permitted action: review and validate; no automatic decision. This classification supports management routing and does not constitute approval.,Explanation supports routing only
EXP-DR-DSC-PKG-EP-HOSP-001-DEPT-DIAG-kpi_002-20260720,DR-DSC-PKG-EP-HOSP-001-DEPT-DIAG-kpi_002-20260720,DSC-PKG-EP-HOSP-001-DEPT-DIAG-kpi_002-20260720,DPKG-PKG-EP-HOSP-001-DEPT-DIAG-kpi_002-20260720,Ready with Conditions, This package is complete enough for management review with non-blocking conditions remaining.,None,See secondary condition register,See transition register,See responsible role register,Review and validate; no automatic decision,This is not an approval or recommendation,Current readiness: Ready with Conditions. This package is complete enough for management review with non-blocking conditions remaining. Core information is available but some warnings or provisional matters require attention. Management can review the options but must confirm specified matters. Resolve Ready with Conditions before readiness can advance. Responsible party varies by condition; see responsible role register. Permitted action: review and validate; no automatic decision. This classification supports management routing and does not constitute approval.,Explanation supports routing only
EXP-DR-DSC-PKG-EP-HOSP-001-DEPT-DIAG-kpi_002-20260727,DR-DSC-PKG-EP-HOSP-001-DEPT-DIAG-kpi_002-20260727,DSC-PKG-EP-HOSP-001-DEPT-DIAG-kpi_002-20260727,DPKG-PKG-EP-HOSP-001-DEPT-DIAG-kpi_002-20260727,Requires Stakeholder Validation, A material input or assumption requires responsible-owner confirmation.,Requires Stakeholder Validation,See secondary condition register,See transition register,See responsible role register,Review and validate; no automatic decision,This is not an approval or recommendation,Current readiness: Requires Stakeholder Validation. A material input or assumption requires responsible-owner confirmation. Stakeholder confirmation is blocking and cannot be safely resolved analytically. Main blocking condition: Requires Stakeholder Validation. Resolve Requires Stakeholder Validation before readiness can advance. Responsible party varies by condition; see responsible role register. Permitted action: review and validate; no automatic decision. This classification supports management routing and does not constitute approval.,Explanation supports routing only
EXP-DR-DSC-PKG-EP-HOSP-001-DEPT-DIAG-kpi_002-20260910,DR-DSC-PKG-EP-HOSP-001-DEPT-DIAG-kpi_002-20260910,DSC-PKG-EP-HOSP-001-DEPT-DIAG-kpi_002-20260910,DPKG-PKG-EP-HOSP-001-DEPT-DIAG-kpi_002-20260910,Not Suitable for Decision Use, The package is materially incomplete or the analysis is incompatible with the intended decision.,Not Suitable for Decision Use,See secondary condition register,See transition register,See responsible role register,Review and validate; no automatic decision,This is not an approval or recommendation,Current readiness: Not Suitable for Decision Use. The package is materially incomplete or the analysis is incompatible with the intended decision. Evidence or lineage defects are severe. Governance restrictions prevent use in current form. Main blocking condition: Not Suitable for Decision Use. Resolve Not Suitable for Decision Use before readiness can advance. Responsible party varies by condition; see responsible role register. Permitted action: review and validate; no automatic decision. This classification supports management routing and does not constitute approval.,Explanation supports routing only
EXP-DR-DSC-PKG-EP-HOSP-001-DEPT-DIAG-kpi_002-20260915,DR-DSC-PKG-EP-HOSP-001-DEPT-DIAG-kpi_002-20260915,DSC-PKG-EP-HOSP-001-DEPT-DIAG-kpi_002-20260915,DPKG-PKG-EP-HOSP-001-DEPT-DIAG-kpi_002-20260915,Ready with Conditions, This package is complete enough for management review with non-blocking conditions remaining.,None,See secondary condition register,See transition register,See responsible role register,Review and validate; no automatic decision,This is not an approval or recommendation,Current readiness: Ready with Conditions. This package is complete enough for management review with non-blocking conditions remaining. Core information is available but some warnings or provisional matters require attention. Management can review the options but must confirm specified matters. Resolve Ready with Conditions before readiness can advance. Responsible party varies by condition; see responsible role register. Permitted action: review and validate; no automatic decision. This classification supports management routing and does not constitute approval.,Explanation supports routing only
EXP-DR-DSC-PKG-EP-HOSP-001-DEPT-DIAG-kpi_002-20260921,DR-DSC-PKG-EP-HOSP-001-DEPT-DIAG-kpi_002-20260921,DSC-PKG-EP-HOSP-001-DEPT-DIAG-kpi_002-20260921,DPKG-PKG-EP-HOSP-001-DEPT-DIAG-kpi_002-20260921,Ready for Integrated Management Review, This package has passed all mandatory gates and is ready for management review.,None,See secondary condition register,See transition register,See responsible role register,Review and validate; no automatic decision,This is not an approval or recommendation,"Current readiness: Ready for Integrated Management Review. This package has passed all mandatory gates and is ready for management review. Core risk, recommendation, scenario, and financial information is available. No absolute exclusion applies. Management can review the options and confirm specified matters. Management review may proceed. Responsible party varies by condition; see responsible role register. Permitted action: review and validate; no automatic decision. This classification supports management routing and does not constitute approval.",Explanation supports routing only
EXP-DR-DSC-PKG-EP-HOSP-001-DEPT-DIAG-kpi_002-20260930,DR-DSC-PKG-EP-HOSP-001-DEPT-DIAG-kpi_002-20260930,DSC-PKG-EP-HOSP-001-DEPT-DIAG-kpi_002-20260930,DPKG-PKG-EP-HOSP-001-DEPT-DIAG-kpi_002-20260930,Ready for Integrated Management Review, This package has passed all mandatory gates and is ready for management review.,None,See secondary condition register,See transition register,See responsible role register,Review and validate; no automatic decision,This is not an approval or recommendation,"Current readiness: Ready for Integrated Management Review. This package has passed all mandatory gates and is ready for management review. Core risk, recommendation, scenario, and financial information is available. No absolute exclusion applies. Management can review the options and confirm specified matters. Management review may proceed. Responsible party varies by condition; see responsible role register. Permitted action: review and validate; no automatic decision. This classification supports management routing and does not constitute approval.",Explanation supports routing only
EXP-DR-DSC-PKG-EP-HOSP-001-DEPT-DIAG-kpi_002-20261015,DR-DSC-PKG-EP-HOSP-001-DEPT-DIAG-kpi_002-20261015,DSC-PKG-EP-HOSP-001-DEPT-DIAG-kpi_002-20261015,DPKG-PKG-EP-HOSP-001-DEPT-DIAG-kpi_002-20261015,Ready for Integrated Management Review, This package has passed all mandatory gates and is ready for management review.,None,See secondary condition register,See transition register,See responsible role register,Review and validate; no automatic decision,This is not an approval or recommendation,"Current readiness: Ready for Integrated Management Review. This package has passed all mandatory gates and is ready for management review. Core risk, recommendation, scenario, and financial information is available. No absolute exclusion applies. Management can review the options and confirm specified matters. Management review may proceed. Responsible party varies by condition; see responsible role register. Permitted action: review and validate; no automatic decision. This classification supports management routing and does not constitute approval.",Explanation supports routing only
EXP-DR-DSC-PKG-EP-HOSP-001-DEPT-DIAG-kpi_002-20261019,DR-DSC-PKG-EP-HOSP-001-DEPT-DIAG-kpi_002-20261019,DSC-PKG-EP-HOSP-001-DEPT-DIAG-kpi_002-20261019,DPKG-PKG-EP-HOSP-001-DEPT-DIAG-kpi_002-20261019,Ready with Conditions, This package is complete enough for management review with non-blocking conditions remaining.,None,See secondary condition register,See transition register,See responsible role register,Review and validate; no automatic decision,This is not an approval or recommendation,Current readiness: Ready with Conditions. This package is complete enough for management review with non-blocking conditions remaining. Core information is available but some warnings or provisional matters require attention. Management can review the options but must confirm specified matters. Resolve Ready with Conditions before readiness can advance. Responsible party varies by condition; see responsible role register. Permitted action: review and validate; no automatic decision. This classification supports management routing and does not constitute approval.,Explanation supports routing only
EXP-DR-DSC-PKG-EP-HOSP-001-DEPT-DIAG-kpi_002-20261027,DR-DSC-PKG-EP-HOSP-001-DEPT-DIAG-kpi_002-20261027,DSC-PKG-EP-HOSP-001-DEPT-DIAG-kpi_002-20261027,DPKG-PKG-EP-HOSP-001-DEPT-DIAG-kpi_002-20261027,Requires Financial Input, A mandatory financial input is missing or incomplete.,Requires Financial Input,See secondary condition register,See transition register,See responsible role register,Review and validate; no automatic decision,This is not an approval or recommendation,Current readiness: Requires Financial Input. A mandatory financial input is missing or incomplete. Financial comparison would be materially misleading without complete data. Required cost or benefit information must be provided. Main blocking condition: Requires Financial Input. Resolve Requires Financial Input before readiness can advance. Responsible party varies by condition; see responsible role register. Permitted action: review and validate; no automatic decision. This classification supports management routing and does not constitute approval.,Explanation supports routing only
EXP-DR-DSC-PKG-EP-HOSP-001-DEPT-DIAG-kpi_002-20261111,DR-DSC-PKG-EP-HOSP-001-DEPT-DIAG-kpi_002-20261111,DSC-PKG-EP-HOSP-001-DEPT-DIAG-kpi_002-20261111,DPKG-PKG-EP-HOSP-001-DEPT-DIAG-kpi_002-20261111,Ready with Conditions, This package is complete enough for management review with non-blocking conditions remaining.,None,See secondary condition register,See transition register,See responsible role register,Review and validate; no automatic decision,This is not an approval or recommendation,Current readiness: Ready with Conditions. This package is complete enough for management review with non-blocking conditions remaining. Core information is available but some warnings or provisional matters require attention. Management can review the options but must confirm specified matters. Resolve Ready with Conditions before readiness can advance. Responsible party varies by condition; see responsible role register. Permitted action: review and validate; no automatic decision. This classification supports management routing and does not constitute approval.,Explanation supports routing only
EXP-DR-DSC-PKG-EP-HOSP-001-DEPT-DIAG-kpi_002-20261115,DR-DSC-PKG-EP-HOSP-001-DEPT-DIAG-kpi_002-20261115,DSC-PKG-EP-HOSP-001-DEPT-DIAG-kpi_002-20261115,DPKG-PKG-EP-HOSP-001-DEPT-DIAG-kpi_002-20261115,Ready with Conditions, This package is complete enough for management review with non-blocking conditions remaining.,None,See secondary condition register,See transition register,See responsible role register,Review and validate; no automatic decision,This is not an approval or recommendation,Current readiness: Ready with Conditions. This package is complete enough for management review with non-blocking conditions remaining. Core information is available but some warnings or provisional matters require attention. Management can review the options but must confirm specified matters. Resolve Ready with Conditions before readiness can advance. Responsible party varies by condition; see responsible role register. Permitted action: review and validate; no automatic decision. This classification supports management routing and does not constitute approval.,Explanation supports routing only
EXP-DR-DSC-PKG-EP-HOSP-001-DEPT-DIAG-kpi_002-20261126,DR-DSC-PKG-EP-HOSP-001-DEPT-DIAG-kpi_002-20261126,DSC-PKG-EP-HOSP-001-DEPT-DIAG-kpi_002-20261126,DPKG-PKG-EP-HOSP-001-DEPT-DIAG-kpi_002-20261126,Ready with Conditions, This package is complete enough for management review with non-blocking conditions remaining.,None,See secondary condition register,See transition register,See responsible role register,Review and validate; no automatic decision,This is not an approval or recommendation,Current readiness: Ready with Conditions. This package is complete enough for management review with non-blocking conditions remaining. Core information is available but some warnings or provisional matters require attention. Management can review the options but must confirm specified matters. Resolve Ready with Conditions before readiness can advance. Responsible party varies by condition; see responsible role register. Permitted action: review and validate; no automatic decision. This classification supports management routing and does not constitute approval.,Explanation supports routing only
EXP-DR-DSC-PKG-EP-HOSP-001-DEPT-DIAG-kpi_002-20261202,DR-DSC-PKG-EP-HOSP-001-DEPT-DIAG-kpi_002-20261202,DSC-PKG-EP-HOSP-001-DEPT-DIAG-kpi_002-20261202,DPKG-PKG-EP-HOSP-001-DEPT-DIAG-kpi_002-20261202,Ready for Integrated Management Review, This package has passed all mandatory gates and is ready for management review.,None,See secondary condition register,See transition register,See responsible role register,Review and validate; no automatic decision,This is not an approval or recommendation,"Current readiness: Ready for Integrated Management Review. This package has passed all mandatory gates and is ready for management review. Core risk, recommendation, scenario, and financial information is available. No absolute exclusion applies. Management can review the options and confirm specified matters. Management review may proceed. Responsible party varies by condition; see responsible role register. Permitted action: review and validate; no automatic decision. This classification supports management routing and does not constitute approval.",Explanation supports routing only
EXP-DR-DSC-PKG-EP-HOSP-001-DEPT-DIAG-kpi_002-20261207,DR-DSC-PKG-EP-HOSP-001-DEPT-DIAG-kpi_002-20261207,DSC-PKG-EP-HOSP-001-DEPT-DIAG-kpi_002-20261207,DPKG-PKG-EP-HOSP-001-DEPT-DIAG-kpi_002-20261207,Requires Benefit Validation, Financial benefit is used but benefit eligibility is unresolved.,Requires Benefit Validation,See secondary condition register,See transition register,See responsible role register,Review and validate; no automatic decision,This is not an approval or recommendation,Current readiness: Requires Benefit Validation. Financial benefit is used but benefit eligibility is unresolved. The avoided-cost relationship requires validation before it can be relied upon. Main blocking condition: Requires Benefit Validation. Resolve Requires Benefit Validation before readiness can advance. Responsible party varies by condition; see responsible role register. Permitted action: review and validate; no automatic decision. This classification supports management routing and does not constitute approval.,Explanation supports routing only
EXP-DR-DSC-PKG-EP-HOSP-001-DEPT-DIAG-kpi_002-20261227,DR-DSC-PKG-EP-HOSP-001-DEPT-DIAG-kpi_002-20261227,DSC-PKG-EP-HOSP-001-DEPT-DIAG-kpi_002-20261227,DPKG-PKG-EP-HOSP-001-DEPT-DIAG-kpi_002-20261227,Requires Additional Scenario Analysis, The comparator set is incomplete or existing scenario results are insufficient.,Requires Additional Scenario Analysis,See secondary condition register,See transition register,See responsible role register,Review and validate; no automatic decision,This is not an approval or recommendation,Current readiness: Requires Additional Scenario Analysis. The comparator set is incomplete or existing scenario results are insufficient. Additional modelling is required before comparison can be completed. Main blocking condition: Requires Additional Scenario Analysis. Resolve Requires Additional Scenario Analysis before readiness can advance. Responsible party varies by condition; see responsible role register. Permitted action: review and validate; no automatic decision. This classification supports management routing and does not constitute approval.,Explanation supports routing only
EXP-DR-DSC-PKG-EP-HOSP-001-DEPT-DIAG-kpi_004-20260402,DR-DSC-PKG-EP-HOSP-001-DEPT-DIAG-kpi_004-20260402,DSC-PKG-EP-HOSP-001-DEPT-DIAG-kpi_004-20260402,DPKG-PKG-EP-HOSP-001-DEPT-DIAG-kpi_004-20260402,Ready with Conditions, This package is complete enough for management review with non-blocking conditions remaining.,None,See secondary condition register,See transition register,See responsible role register,Review and validate; no automatic decision,This is not an approval or recommendation,Current readiness: Ready with Conditions. This package is complete enough for management review with non-blocking conditions remaining. Core information is available but some warnings or provisional matters require attention. Management can review the options but must confirm specified matters. Resolve Ready with Conditions before readiness can advance. Responsible party varies by condition; see responsible role register. Permitted action: review and validate; no automatic decision. This classification supports management routing and does not constitute approval.,Explanation supports routing only
EXP-DR-DSC-PKG-EP-HOSP-001-DEPT-DIAG-kpi_004-20260412,DR-DSC-PKG-EP-HOSP-001-DEPT-DIAG-kpi_004-20260412,DSC-PKG-EP-HOSP-001-DEPT-DIAG-kpi_004-20260412,DPKG-PKG-EP-HOSP-001-DEPT-DIAG-kpi_004-20260412,Ready with Conditions, This package is complete enough for management review with non-blocking conditions remaining.,None,See secondary condition register,See transition register,See responsible role register,Review and validate; no automatic decision,This is not an approval or recommendation,Current readiness: Ready with Conditions. This package is complete enough for management review with non-blocking conditions remaining. Core information is available but some warnings or provisional matters require attention. Management can review the options but must confirm specified matters. Resolve Ready with Conditions before readiness can advance. Responsible party varies by condition; see responsible role register. Permitted action: review and validate; no automatic decision. This classification supports management routing and does not constitute approval.,Explanation supports routing only
EXP-DR-DSC-PKG-EP-HOSP-001-DEPT-DIAG-kpi_004-20260421,DR-DSC-PKG-EP-HOSP-001-DEPT-DIAG-kpi_004-20260421,DSC-PKG-EP-HOSP-001-DEPT-DIAG-kpi_004-20260421,DPKG-PKG-EP-HOSP-001-DEPT-DIAG-kpi_004-20260421,Not Suitable for Decision Use, The package is materially incomplete or the analysis is incompatible with the intended decision.,Not Suitable for Decision Use,See secondary condition register,See transition register,See responsible role register,Review and validate; no automatic decision,This is not an approval or recommendation,Current readiness: Not Suitable for Decision Use. The package is materially incomplete or the analysis is incompatible with the intended decision. Evidence or lineage defects are severe. Governance restrictions prevent use in current form. Main blocking condition: Not Suitable for Decision Use. Resolve Not Suitable for Decision Use before readiness can advance. Responsible party varies by condition; see responsible role register. Permitted action: review and validate; no automatic decision. This classification supports management routing and does not constitute approval.,Explanation supports routing only
EXP-DR-DSC-PKG-EP-HOSP-001-DEPT-DIAG-kpi_004-20260428,DR-DSC-PKG-EP-HOSP-001-DEPT-DIAG-kpi_004-20260428,DSC-PKG-EP-HOSP-001-DEPT-DIAG-kpi_004-20260428,DPKG-PKG-EP-HOSP-001-DEPT-DIAG-kpi_004-20260428,Non-Quantitative, Scenario or financial comparison cannot be quantified for this case.,None,See secondary condition register,See transition register,See responsible role register,Review and validate; no automatic decision,This is not an approval or recommendation,Current readiness: Non-Quantitative. Scenario or financial comparison cannot be quantified for this case. Narrative review or monitoring remains possible. No fabricated quantitative value has been introduced. Resolve Non-Quantitative before readiness can advance. Responsible party varies by condition; see responsible role register. Permitted action: review and validate; no automatic decision. This classification supports management routing and does not constitute approval.,Explanation supports routing only
EXP-DR-DSC-PKG-EP-HOSP-001-DEPT-DIAG-kpi_004-20260531,DR-DSC-PKG-EP-HOSP-001-DEPT-DIAG-kpi_004-20260531,DSC-PKG-EP-HOSP-001-DEPT-DIAG-kpi_004-20260531,DPKG-PKG-EP-HOSP-001-DEPT-DIAG-kpi_004-20260531,Requires Stakeholder Validation, A material input or assumption requires responsible-owner confirmation.,Requires Stakeholder Validation,See secondary condition register,See transition register,See responsible role register,Review and validate; no automatic decision,This is not an approval or recommendation,Current readiness: Requires Stakeholder Validation. A material input or assumption requires responsible-owner confirmation. Stakeholder confirmation is blocking and cannot be safely resolved analytically. Main blocking condition: Requires Stakeholder Validation. Resolve Requires Stakeholder Validation before readiness can advance. Responsible party varies by condition; see responsible role register. Permitted action: review and validate; no automatic decision. This classification supports management routing and does not constitute approval.,Explanation supports routing only
EXP-DR-DSC-PKG-EP-HOSP-001-DEPT-DIAG-kpi_004-20260614,DR-DSC-PKG-EP-HOSP-001-DEPT-DIAG-kpi_004-20260614,DSC-PKG-EP-HOSP-001-DEPT-DIAG-kpi_004-20260614,DPKG-PKG-EP-HOSP-001-DEPT-DIAG-kpi_004-20260614,Ready with Conditions, This package is complete enough for management review with non-blocking conditions remaining.,None,See secondary condition register,See transition register,See responsible role register,Review and validate; no automatic decision,This is not an approval or recommendation,Current readiness: Ready with Conditions. This package is complete enough for management review with non-blocking conditions remaining. Core information is available but some warnings or provisional matters require attention. Management can review the options but must confirm specified matters. Resolve Ready with Conditions before readiness can advance. Responsible party varies by condition; see responsible role register. Permitted action: review and validate; no automatic decision. This classification supports management routing and does not constitute approval.,Explanation supports routing only
EXP-DR-DSC-PKG-EP-HOSP-001-DEPT-DIAG-kpi_004-20260707,DR-DSC-PKG-EP-HOSP-001-DEPT-DIAG-kpi_004-20260707,DSC-PKG-EP-HOSP-001-DEPT-DIAG-kpi_004-20260707,DPKG-PKG-EP-HOSP-001-DEPT-DIAG-kpi_004-20260707,Ready with Conditions, This package is complete enough for management review with non-blocking conditions remaining.,None,See secondary condition register,See transition register,See responsible role register,Review and validate; no automatic decision,This is not an approval or recommendation,Current readiness: Ready with Conditions. This package is complete enough for management review with non-blocking conditions remaining. Core information is available but some warnings or provisional matters require attention. Management can review the options but must confirm specified matters. Resolve Ready with Conditions before readiness can advance. Responsible party varies by condition; see responsible role register. Permitted action: review and validate; no automatic decision. This classification supports management routing and does not constitute approval.,Explanation supports routing only
EXP-DR-DSC-PKG-EP-HOSP-001-DEPT-DIAG-kpi_005-20260107,DR-DSC-PKG-EP-HOSP-001-DEPT-DIAG-kpi_005-20260107,DSC-PKG-EP-HOSP-001-DEPT-DIAG-kpi_005-20260107,DPKG-PKG-EP-HOSP-001-DEPT-DIAG-kpi_005-20260107,Monitoring Only, This case does not currently require active intervention review.,None,See secondary condition register,See transition register,See responsible role register,Review and validate; no automatic decision,This is not an approval or recommendation,Current readiness: Monitoring Only. This case does not currently require active intervention review. The analytical route calls for continued observation. Monitoring requirements are present and escalation triggers are defined. Continue monitoring until escalation trigger is met. Responsible party varies by condition; see responsible role register. Permitted action: review and validate; no automatic decision. This classification supports management routing and does not constitute approval.,Explanation supports routing only
EXP-DR-DSC-PKG-EP-HOSP-001-DEPT-DIAG-kpi_005-20260116,DR-DSC-PKG-EP-HOSP-001-DEPT-DIAG-kpi_005-20260116,DSC-PKG-EP-HOSP-001-DEPT-DIAG-kpi_005-20260116,DPKG-PKG-EP-HOSP-001-DEPT-DIAG-kpi_005-20260116,Monitoring Only, This case does not currently require active intervention review.,None,See secondary condition register,See transition register,See responsible role register,Review and validate; no automatic decision,This is not an approval or recommendation,Current readiness: Monitoring Only. This case does not currently require active intervention review. The analytical route calls for continued observation. Monitoring requirements are present and escalation triggers are defined. Continue monitoring until escalation trigger is met. Responsible party varies by condition; see responsible role register. Permitted action: review and validate; no automatic decision. This classification supports management routing and does not constitute approval.,Explanation supports routing only
EXP-DR-DSC-PKG-EP-HOSP-001-DEPT-DIAG-kpi_005-20260123,DR-DSC-PKG-EP-HOSP-001-DEPT-DIAG-kpi_005-20260123,DSC-PKG-EP-HOSP-001-DEPT-DIAG-kpi_005-20260123,DPKG-PKG-EP-HOSP-001-DEPT-DIAG-kpi_005-20260123,Monitoring Only, This case does not currently require active intervention review.,None,See secondary condition register,See transition register,See responsible role register,Review and validate; no automatic decision,This is not an approval or recommendation,Current readiness: Monitoring Only. This case does not currently require active intervention review. The analytical route calls for continued observation. Monitoring requirements are present and escalation triggers are defined. Continue monitoring until escalation trigger is met. Responsible party varies by condition; see responsible role register. Permitted action: review and validate; no automatic decision. This classification supports management routing and does not constitute approval.,Explanation supports routing only
EXP-DR-DSC-PKG-EP-HOSP-001-DEPT-DIAG-kpi_005-20260130,DR-DSC-PKG-EP-HOSP-001-DEPT-DIAG-kpi_005-20260130,DSC-PKG-EP-HOSP-001-DEPT-DIAG-kpi_005-20260130,DPKG-PKG-EP-HOSP-001-DEPT-DIAG-kpi_005-20260130,Monitoring Only, This case does not currently require active intervention review.,None,See secondary condition register,See transition register,See responsible role register,Review and validate; no automatic decision,This is not an approval or recommendation,Current readiness: Monitoring Only. This case does not currently require active intervention review. The analytical route calls for continued observation. Monitoring requirements are present and escalation triggers are defined. Continue monitoring until escalation trigger is met. Responsible party varies by condition; see responsible role register. Permitted action: review and validate; no automatic decision. This classification supports management routing and does not constitute approval.,Explanation supports routing only
EXP-DR-DSC-PKG-EP-HOSP-001-DEPT-DIAG-kpi_005-20260207,DR-DSC-PKG-EP-HOSP-001-DEPT-DIAG-kpi_005-20260207,DSC-PKG-EP-HOSP-001-DEPT-DIAG-kpi_005-20260207,DPKG-PKG-EP-HOSP-001-DEPT-DIAG-kpi_005-20260207,Monitoring Only, This case does not currently require active intervention review.,None,See secondary condition register,See transition register,See responsible role register,Review and validate; no automatic decision,This is not an approval or recommendation,Current readiness: Monitoring Only. This case does not currently require active intervention review. The analytical route calls for continued observation. Monitoring requirements are present and escalation triggers are defined. Continue monitoring until escalation trigger is met. Responsible party varies by condition; see responsible role register. Permitted action: review and validate; no automatic decision. This classification supports management routing and does not constitute approval.,Explanation supports routing only
EXP-DR-DSC-PKG-EP-HOSP-001-DEPT-DIAG-kpi_005-20260213,DR-DSC-PKG-EP-HOSP-001-DEPT-DIAG-kpi_005-20260213,DSC-PKG-EP-HOSP-001-DEPT-DIAG-kpi_005-20260213,DPKG-PKG-EP-HOSP-001-DEPT-DIAG-kpi_005-20260213,Monitoring Only, This case does not currently require active intervention review.,None,See secondary condition register,See transition register,See responsible role register,Review and validate; no automatic decision,This is not an approval or recommendation,Current readiness: Monitoring Only. This case does not currently require active intervention review. The analytical route calls for continued observation. Monitoring requirements are present and escalation triggers are defined. Continue monitoring until escalation trigger is met. Responsible party varies by condition; see responsible role register. Permitted action: review and validate; no automatic decision. This classification supports management routing and does not constitute approval.,Explanation supports routing only
EXP-DR-DSC-PKG-EP-HOSP-001-DEPT-DIAG-kpi_005-20260220,DR-DSC-PKG-EP-HOSP-001-DEPT-DIAG-kpi_005-20260220,DSC-PKG-EP-HOSP-001-DEPT-DIAG-kpi_005-20260220,DPKG-PKG-EP-HOSP-001-DEPT-DIAG-kpi_005-20260220,Monitoring Only, This case does not currently require active intervention review.,None,See secondary condition register,See transition register,See responsible role register,Review and validate; no automatic decision,This is not an approval or recommendation,Current readiness: Monitoring Only. This case does not currently require active intervention review. The analytical route calls for continued observation. Monitoring requirements are present and escalation triggers are defined. Continue monitoring until escalation trigger is met. Responsible party varies by condition; see responsible role register. Permitted action: review and validate; no automatic decision. This classification supports management routing and does not constitute approval.,Explanation supports routing only
EXP-DR-DSC-PKG-EP-HOSP-001-DEPT-DIAG-kpi_005-20260302,DR-DSC-PKG-EP-HOSP-001-DEPT-DIAG-kpi_005-20260302,DSC-PKG-EP-HOSP-001-DEPT-DIAG-kpi_005-20260302,DPKG-PKG-EP-HOSP-001-DEPT-DIAG-kpi_005-20260302,Monitoring Only, This case does not currently require active intervention review.,None,See secondary condition register,See transition register,See responsible role register,Review and validate; no automatic decision,This is not an approval or recommendation,Current readiness: Monitoring Only. This case does not currently require active intervention review. The analytical route calls for continued observation. Monitoring requirements are present and escalation triggers are defined. Continue monitoring until escalation trigger is met. Responsible party varies by condition; see responsible role register. Permitted action: review and validate; no automatic decision. This classification supports management routing and does not constitute approval.,Explanation supports routing only
EXP-DR-DSC-PKG-EP-HOSP-001-DEPT-DIAG-kpi_005-20260317,DR-DSC-PKG-EP-HOSP-001-DEPT-DIAG-kpi_005-20260317,DSC-PKG-EP-HOSP-001-DEPT-DIAG-kpi_005-20260317,DPKG-PKG-EP-HOSP-001-DEPT-DIAG-kpi_005-20260317,Monitoring Only, This case does not currently require active intervention review.,None,See secondary condition register,See transition register,See responsible role register,Review and validate; no automatic decision,This is not an approval or recommendation,Current readiness: Monitoring Only. This case does not currently require active intervention review. The analytical route calls for continued observation. Monitoring requirements are present and escalation triggers are defined. Continue monitoring until escalation trigger is met. Responsible party varies by condition; see responsible role register. Permitted action: review and validate; no automatic decision. This classification supports management routing and does not constitute approval.,Explanation supports routing only
EXP-DR-DSC-PKG-EP-HOSP-001-DEPT-DIAG-kpi_005-20260324,DR-DSC-PKG-EP-HOSP-001-DEPT-DIAG-kpi_005-20260324,DSC-PKG-EP-HOSP-001-DEPT-DIAG-kpi_005-20260324,DPKG-PKG-EP-HOSP-001-DEPT-DIAG-kpi_005-20260324,Monitoring Only, This case does not currently require active intervention review.,None,See secondary condition register,See transition register,See responsible role register,Review and validate; no automatic decision,This is not an approval or recommendation,Current readiness: Monitoring Only. This case does not currently require active intervention review. The analytical route calls for continued observation. Monitoring requirements are present and escalation triggers are defined. Continue monitoring until escalation trigger is met. Responsible party varies by condition; see responsible role register. Permitted action: review and validate; no automatic decision. This classification supports management routing and does not constitute approval.,Explanation supports routing only
EXP-DR-DSC-PKG-EP-HOSP-001-DEPT-DIAG-kpi_005-20260410,DR-DSC-PKG-EP-HOSP-001-DEPT-DIAG-kpi_005-20260410,DSC-PKG-EP-HOSP-001-DEPT-DIAG-kpi_005-20260410,DPKG-PKG-EP-HOSP-001-DEPT-DIAG-kpi_005-20260410,Monitoring Only, This case does not currently require active intervention review.,None,See secondary condition register,See transition register,See responsible role register,Review and validate; no automatic decision,This is not an approval or recommendation,Current readiness: Monitoring Only. This case does not currently require active intervention review. The analytical route calls for continued observation. Monitoring requirements are present and escalation triggers are defined. Continue monitoring until escalation trigger is met. Responsible party varies by condition; see responsible role register. Permitted action: review and validate; no automatic decision. This classification supports management routing and does not constitute approval.,Explanation supports routing only
EXP-DR-DSC-PKG-EP-HOSP-001-DEPT-DIAG-kpi_005-20260420,DR-DSC-PKG-EP-HOSP-001-DEPT-DIAG-kpi_005-20260420,DSC-PKG-EP-HOSP-001-DEPT-DIAG-kpi_005-20260420,DPKG-PKG-EP-HOSP-001-DEPT-DIAG-kpi_005-20260420,Monitoring Only, This case does not currently require active intervention review.,None,See secondary condition register,See transition register,See responsible role register,Review and validate; no automatic decision,This is not an approval or recommendation,Current readiness: Monitoring Only. This case does not currently require active intervention review. The analytical route calls for continued observation. Monitoring requirements are present and escalation triggers are defined. Continue monitoring until escalation trigger is met. Responsible party varies by condition; see responsible role register. Permitted action: review and validate; no automatic decision. This classification supports management routing and does not constitute approval.,Explanation supports routing only
EXP-DR-DSC-PKG-EP-HOSP-001-DEPT-DIAG-kpi_005-20260506,DR-DSC-PKG-EP-HOSP-001-DEPT-DIAG-kpi_005-20260506,DSC-PKG-EP-HOSP-001-DEPT-DIAG-kpi_005-20260506,DPKG-PKG-EP-HOSP-001-DEPT-DIAG-kpi_005-20260506,Monitoring Only, This case does not currently require active intervention review.,None,See secondary condition register,See transition register,See responsible role register,Review and validate; no automatic decision,This is not an approval or recommendation,Current readiness: Monitoring Only. This case does not currently require active intervention review. The analytical route calls for continued observation. Monitoring requirements are present and escalation triggers are defined. Continue monitoring until escalation trigger is met. Responsible party varies by condition; see responsible role register. Permitted action: review and validate; no automatic decision. This classification supports management routing and does not constitute approval.,Explanation supports routing only
EXP-DR-DSC-PKG-EP-HOSP-001-DEPT-DIAG-kpi_005-20260528,DR-DSC-PKG-EP-HOSP-001-DEPT-DIAG-kpi_005-20260528,DSC-PKG-EP-HOSP-001-DEPT-DIAG-kpi_005-20260528,DPKG-PKG-EP-HOSP-001-DEPT-DIAG-kpi_005-20260528,Monitoring Only, This case does not currently require active intervention review.,None,See secondary condition register,See transition register,See responsible role register,Review and validate; no automatic decision,This is not an approval or recommendation,Current readiness: Monitoring Only. This case does not currently require active intervention review. The analytical route calls for continued observation. Monitoring requirements are present and escalation triggers are defined. Continue monitoring until escalation trigger is met. Responsible party varies by condition; see responsible role register. Permitted action: review and validate; no automatic decision. This classification supports management routing and does not constitute approval.,Explanation supports routing only
EXP-DR-DSC-PKG-EP-HOSP-001-DEPT-DIAG-kpi_005-20260629,DR-DSC-PKG-EP-HOSP-001-DEPT-DIAG-kpi_005-20260629,DSC-PKG-EP-HOSP-001-DEPT-DIAG-kpi_005-20260629,DPKG-PKG-EP-HOSP-001-DEPT-DIAG-kpi_005-20260629,Monitoring Only, This case does not currently require active intervention review.,None,See secondary condition register,See transition register,See responsible role register,Review and validate; no automatic decision,This is not an approval or recommendation,Current readiness: Monitoring Only. This case does not currently require active intervention review. The analytical route calls for continued observation. Monitoring requirements are present and escalation triggers are defined. Continue monitoring until escalation trigger is met. Responsible party varies by condition; see responsible role register. Permitted action: review and validate; no automatic decision. This classification supports management routing and does not constitute approval.,Explanation supports routing only
EXP-DR-DSC-PKG-EP-HOSP-001-DEPT-DIAG-kpi_005-20260817,DR-DSC-PKG-EP-HOSP-001-DEPT-DIAG-kpi_005-20260817,DSC-PKG-EP-HOSP-001-DEPT-DIAG-kpi_005-20260817,DPKG-PKG-EP-HOSP-001-DEPT-DIAG-kpi_005-20260817,Monitoring Only, This case does not currently require active intervention review.,None,See secondary condition register,See transition register,See responsible role register,Review and validate; no automatic decision,This is not an approval or recommendation,Current readiness: Monitoring Only. This case does not currently require active intervention review. The analytical route calls for continued observation. Monitoring requirements are present and escalation triggers are defined. Continue monitoring until escalation trigger is met. Responsible party varies by condition; see responsible role register. Permitted action: review and validate; no automatic decision. This classification supports management routing and does not constitute approval.,Explanation supports routing only
EXP-DR-DSC-PKG-EP-HOSP-001-DEPT-DIAG-kpi_005-20260830,DR-DSC-PKG-EP-HOSP-001-DEPT-DIAG-kpi_005-20260830,DSC-PKG-EP-HOSP-001-DEPT-DIAG-kpi_005-20260830,DPKG-PKG-EP-HOSP-001-DEPT-DIAG-kpi_005-20260830,Monitoring Only, This case does not currently require active intervention review.,None,See secondary condition register,See transition register,See responsible role register,Review and validate; no automatic decision,This is not an approval or recommendation,Current readiness: Monitoring Only. This case does not currently require active intervention review. The analytical route calls for continued observation. Monitoring requirements are present and escalation triggers are defined. Continue monitoring until escalation trigger is met. Responsible party varies by condition; see responsible role register. Permitted action: review and validate; no automatic decision. This classification supports management routing and does not constitute approval.,Explanation supports routing only
EXP-DR-DSC-PKG-EP-HOSP-001-DEPT-DIAG-kpi_005-20260904,DR-DSC-PKG-EP-HOSP-001-DEPT-DIAG-kpi_005-20260904,DSC-PKG-EP-HOSP-001-DEPT-DIAG-kpi_005-20260904,DPKG-PKG-EP-HOSP-001-DEPT-DIAG-kpi_005-20260904,Monitoring Only, This case does not currently require active intervention review.,None,See secondary condition register,See transition register,See responsible role register,Review and validate; no automatic decision,This is not an approval or recommendation,Current readiness: Monitoring Only. This case does not currently require active intervention review. The analytical route calls for continued observation. Monitoring requirements are present and escalation triggers are defined. Continue monitoring until escalation trigger is met. Responsible party varies by condition; see responsible role register. Permitted action: review and validate; no automatic decision. This classification supports management routing and does not constitute approval.,Explanation supports routing only
EXP-DR-DSC-PKG-EP-HOSP-001-DEPT-DIAG-kpi_005-20260911,DR-DSC-PKG-EP-HOSP-001-DEPT-DIAG-kpi_005-20260911,DSC-PKG-EP-HOSP-001-DEPT-DIAG-kpi_005-20260911,DPKG-PKG-EP-HOSP-001-DEPT-DIAG-kpi_005-20260911,Monitoring Only, This case does not currently require active intervention review.,None,See secondary condition register,See transition register,See responsible role register,Review and validate; no automatic decision,This is not an approval or recommendation,Current readiness: Monitoring Only. This case does not currently require active intervention review. The analytical route calls for continued observation. Monitoring requirements are present and escalation triggers are defined. Continue monitoring until escalation trigger is met. Responsible party varies by condition; see responsible role register. Permitted action: review and validate; no automatic decision. This classification supports management routing and does not constitute approval.,Explanation supports routing only
EXP-DR-DSC-PKG-EP-HOSP-001-DEPT-DIAG-kpi_005-20260923,DR-DSC-PKG-EP-HOSP-001-DEPT-DIAG-kpi_005-20260923,DSC-PKG-EP-HOSP-001-DEPT-DIAG-kpi_005-20260923,DPKG-PKG-EP-HOSP-001-DEPT-DIAG-kpi_005-20260923,Monitoring Only, This case does not currently require active intervention review.,None,See secondary condition register,See transition register,See responsible role register,Review and validate; no automatic decision,This is not an approval or recommendation,Current readiness: Monitoring Only. This case does not currently require active intervention review. The analytical route calls for continued observation. Monitoring requirements are present and escalation triggers are defined. Continue monitoring until escalation trigger is met. Responsible party varies by condition; see responsible role register. Permitted action: review and validate; no automatic decision. This classification supports management routing and does not constitute approval.,Explanation supports routing only
EXP-DR-DSC-PKG-EP-HOSP-001-DEPT-DIAG-kpi_005-20261003,DR-DSC-PKG-EP-HOSP-001-DEPT-DIAG-kpi_005-20261003,DSC-PKG-EP-HOSP-001-DEPT-DIAG-kpi_005-20261003,DPKG-PKG-EP-HOSP-001-DEPT-DIAG-kpi_005-20261003,Monitoring Only, This case does not currently require active intervention review.,None,See secondary condition register,See transition register,See responsible role register,Review and validate; no automatic decision,This is not an approval or recommendation,Current readiness: Monitoring Only. This case does not currently require active intervention review. The analytical route calls for continued observation. Monitoring requirements are present and escalation triggers are defined. Continue monitoring until escalation trigger is met. Responsible party varies by condition; see responsible role register. Permitted action: review and validate; no automatic decision. This classification supports management routing and does not constitute approval.,Explanation supports routing only
EXP-DR-DSC-PKG-EP-HOSP-001-DEPT-DIAG-kpi_005-20261009,DR-DSC-PKG-EP-HOSP-001-DEPT-DIAG-kpi_005-20261009,DSC-PKG-EP-HOSP-001-DEPT-DIAG-kpi_005-20261009,DPKG-PKG-EP-HOSP-001-DEPT-DIAG-kpi_005-20261009,Monitoring Only, This case does not currently require active intervention review.,None,See secondary condition register,See transition register,See responsible role register,Review and validate; no automatic decision,This is not an approval or recommendation,Current readiness: Monitoring Only. This case does not currently require active intervention review. The analytical route calls for continued observation. Monitoring requirements are present and escalation triggers are defined. Continue monitoring until escalation trigger is met. Responsible party varies by condition; see responsible role register. Permitted action: review and validate; no automatic decision. This classification supports management routing and does not constitute approval.,Explanation supports routing only
EXP-DR-DSC-PKG-EP-HOSP-001-DEPT-DIAG-kpi_005-20261014,DR-DSC-PKG-EP-HOSP-001-DEPT-DIAG-kpi_005-20261014,DSC-PKG-EP-HOSP-001-DEPT-DIAG-kpi_005-20261014,DPKG-PKG-EP-HOSP-001-DEPT-DIAG-kpi_005-20261014,Monitoring Only, This case does not currently require active intervention review.,None,See secondary condition register,See transition register,See responsible role register,Review and validate; no automatic decision,This is not an approval or recommendation,Current readiness: Monitoring Only. This case does not currently require active intervention review. The analytical route calls for continued observation. Monitoring requirements are present and escalation triggers are defined. Continue monitoring until escalation trigger is met. Responsible party varies by condition; see responsible role register. Permitted action: review and validate; no automatic decision. This classification supports management routing and does not constitute approval.,Explanation supports routing only
EXP-DR-DSC-PKG-EP-HOSP-001-DEPT-DIAG-kpi_005-20261026,DR-DSC-PKG-EP-HOSP-001-DEPT-DIAG-kpi_005-20261026,DSC-PKG-EP-HOSP-001-DEPT-DIAG-kpi_005-20261026,DPKG-PKG-EP-HOSP-001-DEPT-DIAG-kpi_005-20261026,Monitoring Only, This case does not currently require active intervention review.,None,See secondary condition register,See transition register,See responsible role register,Review and validate; no automatic decision,This is not an approval or recommendation,Current readiness: Monitoring Only. This case does not currently require active intervention review. The analytical route calls for continued observation. Monitoring requirements are present and escalation triggers are defined. Continue monitoring until escalation trigger is met. Responsible party varies by condition; see responsible role register. Permitted action: review and validate; no automatic decision. This classification supports management routing and does not constitute approval.,Explanation supports routing only
EXP-DR-DSC-PKG-EP-HOSP-001-DEPT-DIAG-kpi_005-20261102,DR-DSC-PKG-EP-HOSP-001-DEPT-DIAG-kpi_005-20261102,DSC-PKG-EP-HOSP-001-DEPT-DIAG-kpi_005-20261102,DPKG-PKG-EP-HOSP-001-DEPT-DIAG-kpi_005-20261102,Monitoring Only, This case does not currently require active intervention review.,None,See secondary condition register,See transition register,See responsible role register,Review and validate; no automatic decision,This is not an approval or recommendation,Current readiness: Monitoring Only. This case does not currently require active intervention review. The analytical route calls for continued observation. Monitoring requirements are present and escalation triggers are defined. Continue monitoring until escalation trigger is met. Responsible party varies by condition; see responsible role register. Permitted action: review and validate; no automatic decision. This classification supports management routing and does not constitute approval.,Explanation supports routing only
EXP-DR-DSC-PKG-EP-HOSP-001-DEPT-DIAG-kpi_005-20261119,DR-DSC-PKG-EP-HOSP-001-DEPT-DIAG-kpi_005-20261119,DSC-PKG-EP-HOSP-001-DEPT-DIAG-kpi_005-20261119,DPKG-PKG-EP-HOSP-001-DEPT-DIAG-kpi_005-20261119,Monitoring Only, This case does not currently require active intervention review.,None,See secondary condition register,See transition register,See responsible role register,Review and validate; no automatic decision,This is not an approval or recommendation,Current readiness: Monitoring Only. This case does not currently require active intervention review. The analytical route calls for continued observation. Monitoring requirements are present and escalation triggers are defined. Continue monitoring until escalation trigger is met. Responsible party varies by condition; see responsible role register. Permitted action: review and validate; no automatic decision. This classification supports management routing and does not constitute approval.,Explanation supports routing only
EXP-DR-DSC-PKG-EP-HOSP-001-DEPT-DIAG-kpi_005-20261125,DR-DSC-PKG-EP-HOSP-001-DEPT-DIAG-kpi_005-20261125,DSC-PKG-EP-HOSP-001-DEPT-DIAG-kpi_005-20261125,DPKG-PKG-EP-HOSP-001-DEPT-DIAG-kpi_005-20261125,Monitoring Only, This case does not currently require active intervention review.,None,See secondary condition register,See transition register,See responsible role register,Review and validate; no automatic decision,This is not an approval or recommendation,Current readiness: Monitoring Only. This case does not currently require active intervention review. The analytical route calls for continued observation. Monitoring requirements are present and escalation triggers are defined. Continue monitoring until escalation trigger is met. Responsible party varies by condition; see responsible role register. Permitted action: review and validate; no automatic decision. This classification supports management routing and does not constitute approval.,Explanation supports routing only
EXP-DR-DSC-PKG-EP-HOSP-001-DEPT-DIAG-kpi_005-20261205,DR-DSC-PKG-EP-HOSP-001-DEPT-DIAG-kpi_005-20261205,DSC-PKG-EP-HOSP-001-DEPT-DIAG-kpi_005-20261205,DPKG-PKG-EP-HOSP-001-DEPT-DIAG-kpi_005-20261205,Monitoring Only, This case does not currently require active intervention review.,None,See secondary condition register,See transition register,See responsible role register,Review and validate; no automatic decision,This is not an approval or recommendation,Current readiness: Monitoring Only. This case does not currently require active intervention review. The analytical route calls for continued observation. Monitoring requirements are present and escalation triggers are defined. Continue monitoring until escalation trigger is met. Responsible party varies by condition; see responsible role register. Permitted action: review and validate; no automatic decision. This classification supports management routing and does not constitute approval.,Explanation supports routing only
EXP-DR-DSC-PKG-EP-HOSP-001-DEPT-DIAG-kpi_005-20261209,DR-DSC-PKG-EP-HOSP-001-DEPT-DIAG-kpi_005-20261209,DSC-PKG-EP-HOSP-001-DEPT-DIAG-kpi_005-20261209,DPKG-PKG-EP-HOSP-001-DEPT-DIAG-kpi_005-20261209,Monitoring Only, This case does not currently require active intervention review.,None,See secondary condition register,See transition register,See responsible role register,Review and validate; no automatic decision,This is not an approval or recommendation,Current readiness: Monitoring Only. This case does not currently require active intervention review. The analytical route calls for continued observation. Monitoring requirements are present and escalation triggers are defined. Continue monitoring until escalation trigger is met. Responsible party varies by condition; see responsible role register. Permitted action: review and validate; no automatic decision. This classification supports management routing and does not constitute approval.,Explanation supports routing only
EXP-DR-DSC-PKG-EP-HOSP-001-DEPT-DIAG-kpi_005-20261219,DR-DSC-PKG-EP-HOSP-001-DEPT-DIAG-kpi_005-20261219,DSC-PKG-EP-HOSP-001-DEPT-DIAG-kpi_005-20261219,DPKG-PKG-EP-HOSP-001-DEPT-DIAG-kpi_005-20261219,Monitoring Only, This case does not currently require active intervention review.,None,See secondary condition register,See transition register,See responsible role register,Review and validate; no automatic decision,This is not an approval or recommendation,Current readiness: Monitoring Only. This case does not currently require active intervention review. The analytical route calls for continued observation. Monitoring requirements are present and escalation triggers are defined. Continue monitoring until escalation trigger is met. Responsible party varies by condition; see responsible role register. Permitted action: review and validate; no automatic decision. This classification supports management routing and does not constitute approval.,Explanation supports routing only
EXP-DR-DSC-PKG-EP-HOSP-001-DEPT-DIAG-kpi_006-20260126,DR-DSC-PKG-EP-HOSP-001-DEPT-DIAG-kpi_006-20260126,DSC-PKG-EP-HOSP-001-DEPT-DIAG-kpi_006-20260126,DPKG-PKG-EP-HOSP-001-DEPT-DIAG-kpi_006-20260126,Monitoring Only, This case does not currently require active intervention review.,None,See secondary condition register,See transition register,See responsible role register,Review and validate; no automatic decision,This is not an approval or recommendation,Current readiness: Monitoring Only. This case does not currently require active intervention review. The analytical route calls for continued observation. Monitoring requirements are present and escalation triggers are defined. Continue monitoring until escalation trigger is met. Responsible party varies by condition; see responsible role register. Permitted action: review and validate; no automatic decision. This classification supports management routing and does not constitute approval.,Explanation supports routing only
EXP-DR-DSC-PKG-EP-HOSP-001-DEPT-DIAG-kpi_006-20260218,DR-DSC-PKG-EP-HOSP-001-DEPT-DIAG-kpi_006-20260218,DSC-PKG-EP-HOSP-001-DEPT-DIAG-kpi_006-20260218,DPKG-PKG-EP-HOSP-001-DEPT-DIAG-kpi_006-20260218,Monitoring Only, This case does not currently require active intervention review.,None,See secondary condition register,See transition register,See responsible role register,Review and validate; no automatic decision,This is not an approval or recommendation,Current readiness: Monitoring Only. This case does not currently require active intervention review. The analytical route calls for continued observation. Monitoring requirements are present and escalation triggers are defined. Continue monitoring until escalation trigger is met. Responsible party varies by condition; see responsible role register. Permitted action: review and validate; no automatic decision. This classification supports management routing and does not constitute approval.,Explanation supports routing only
EXP-DR-DSC-PKG-EP-HOSP-001-DEPT-DIAG-kpi_006-20260224,DR-DSC-PKG-EP-HOSP-001-DEPT-DIAG-kpi_006-20260224,DSC-PKG-EP-HOSP-001-DEPT-DIAG-kpi_006-20260224,DPKG-PKG-EP-HOSP-001-DEPT-DIAG-kpi_006-20260224,Monitoring Only, This case does not currently require active intervention review.,None,See secondary condition register,See transition register,See responsible role register,Review and validate; no automatic decision,This is not an approval or recommendation,Current readiness: Monitoring Only. This case does not currently require active intervention review. The analytical route calls for continued observation. Monitoring requirements are present and escalation triggers are defined. Continue monitoring until escalation trigger is met. Responsible party varies by condition; see responsible role register. Permitted action: review and validate; no automatic decision. This classification supports management routing and does not constitute approval.,Explanation supports routing only
EXP-DR-DSC-PKG-EP-HOSP-001-DEPT-DIAG-kpi_006-20260319,DR-DSC-PKG-EP-HOSP-001-DEPT-DIAG-kpi_006-20260319,DSC-PKG-EP-HOSP-001-DEPT-DIAG-kpi_006-20260319,DPKG-PKG-EP-HOSP-001-DEPT-DIAG-kpi_006-20260319,Monitoring Only, This case does not currently require active intervention review.,None,See secondary condition register,See transition register,See responsible role register,Review and validate; no automatic decision,This is not an approval or recommendation,Current readiness: Monitoring Only. This case does not currently require active intervention review. The analytical route calls for continued observation. Monitoring requirements are present and escalation triggers are defined. Continue monitoring until escalation trigger is met. Responsible party varies by condition; see responsible role register. Permitted action: review and validate; no automatic decision. This classification supports management routing and does not constitute approval.,Explanation supports routing only
EXP-DR-DSC-PKG-EP-HOSP-001-DEPT-DIAG-kpi_006-20260331,DR-DSC-PKG-EP-HOSP-001-DEPT-DIAG-kpi_006-20260331,DSC-PKG-EP-HOSP-001-DEPT-DIAG-kpi_006-20260331,DPKG-PKG-EP-HOSP-001-DEPT-DIAG-kpi_006-20260331,Monitoring Only, This case does not currently require active intervention review.,None,See secondary condition register,See transition register,See responsible role register,Review and validate; no automatic decision,This is not an approval or recommendation,Current readiness: Monitoring Only. This case does not currently require active intervention review. The analytical route calls for continued observation. Monitoring requirements are present and escalation triggers are defined. Continue monitoring until escalation trigger is met. Responsible party varies by condition; see responsible role register. Permitted action: review and validate; no automatic decision. This classification supports management routing and does not constitute approval.,Explanation supports routing only
EXP-DR-DSC-PKG-EP-HOSP-001-DEPT-DIAG-kpi_006-20260416,DR-DSC-PKG-EP-HOSP-001-DEPT-DIAG-kpi_006-20260416,DSC-PKG-EP-HOSP-001-DEPT-DIAG-kpi_006-20260416,DPKG-PKG-EP-HOSP-001-DEPT-DIAG-kpi_006-20260416,Monitoring Only, This case does not currently require active intervention review.,None,See secondary condition register,See transition register,See responsible role register,Review and validate; no automatic decision,This is not an approval or recommendation,Current readiness: Monitoring Only. This case does not currently require active intervention review. The analytical route calls for continued observation. Monitoring requirements are present and escalation triggers are defined. Continue monitoring until escalation trigger is met. Responsible party varies by condition; see responsible role register. Permitted action: review and validate; no automatic decision. This classification supports management routing and does not constitute approval.,Explanation supports routing only
EXP-DR-DSC-PKG-EP-HOSP-001-DEPT-DIAG-kpi_006-20260425,DR-DSC-PKG-EP-HOSP-001-DEPT-DIAG-kpi_006-20260425,DSC-PKG-EP-HOSP-001-DEPT-DIAG-kpi_006-20260425,DPKG-PKG-EP-HOSP-001-DEPT-DIAG-kpi_006-20260425,Monitoring Only, This case does not currently require active intervention review.,None,See secondary condition register,See transition register,See responsible role register,Review and validate; no automatic decision,This is not an approval or recommendation,Current readiness: Monitoring Only. This case does not currently require active intervention review. The analytical route calls for continued observation. Monitoring requirements are present and escalation triggers are defined. Continue monitoring until escalation trigger is met. Responsible party varies by condition; see responsible role register. Permitted action: review and validate; no automatic decision. This classification supports management routing and does not constitute approval.,Explanation supports routing only
EXP-DR-DSC-PKG-EP-HOSP-001-DEPT-DIAG-kpi_006-20260504,DR-DSC-PKG-EP-HOSP-001-DEPT-DIAG-kpi_006-20260504,DSC-PKG-EP-HOSP-001-DEPT-DIAG-kpi_006-20260504,DPKG-PKG-EP-HOSP-001-DEPT-DIAG-kpi_006-20260504,Monitoring Only, This case does not currently require active intervention review.,None,See secondary condition register,See transition register,See responsible role register,Review and validate; no automatic decision,This is not an approval or recommendation,Current readiness: Monitoring Only. This case does not currently require active intervention review. The analytical route calls for continued observation. Monitoring requirements are present and escalation triggers are defined. Continue monitoring until escalation trigger is met. Responsible party varies by condition; see responsible role register. Permitted action: review and validate; no automatic decision. This classification supports management routing and does not constitute approval.,Explanation supports routing only
EXP-DR-DSC-PKG-EP-HOSP-001-DEPT-DIAG-kpi_006-20260523,DR-DSC-PKG-EP-HOSP-001-DEPT-DIAG-kpi_006-20260523,DSC-PKG-EP-HOSP-001-DEPT-DIAG-kpi_006-20260523,DPKG-PKG-EP-HOSP-001-DEPT-DIAG-kpi_006-20260523,Monitoring Only, This case does not currently require active intervention review.,None,See secondary condition register,See transition register,See responsible role register,Review and validate; no automatic decision,This is not an approval or recommendation,Current readiness: Monitoring Only. This case does not currently require active intervention review. The analytical route calls for continued observation. Monitoring requirements are present and escalation triggers are defined. Continue monitoring until escalation trigger is met. Responsible party varies by condition; see responsible role register. Permitted action: review and validate; no automatic decision. This classification supports management routing and does not constitute approval.,Explanation supports routing only
EXP-DR-DSC-PKG-EP-HOSP-001-DEPT-DIAG-kpi_006-20260611,DR-DSC-PKG-EP-HOSP-001-DEPT-DIAG-kpi_006-20260611,DSC-PKG-EP-HOSP-001-DEPT-DIAG-kpi_006-20260611,DPKG-PKG-EP-HOSP-001-DEPT-DIAG-kpi_006-20260611,Monitoring Only, This case does not currently require active intervention review.,None,See secondary condition register,See transition register,See responsible role register,Review and validate; no automatic decision,This is not an approval or recommendation,Current readiness: Monitoring Only. This case does not currently require active intervention review. The analytical route calls for continued observation. Monitoring requirements are present and escalation triggers are defined. Continue monitoring until escalation trigger is met. Responsible party varies by condition; see responsible role register. Permitted action: review and validate; no automatic decision. This classification supports management routing and does not constitute approval.,Explanation supports routing only
EXP-DR-DSC-PKG-EP-HOSP-001-DEPT-DIAG-kpi_006-20260702,DR-DSC-PKG-EP-HOSP-001-DEPT-DIAG-kpi_006-20260702,DSC-PKG-EP-HOSP-001-DEPT-DIAG-kpi_006-20260702,DPKG-PKG-EP-HOSP-001-DEPT-DIAG-kpi_006-20260702,Monitoring Only, This case does not currently require active intervention review.,None,See secondary condition register,See transition register,See responsible role register,Review and validate; no automatic decision,This is not an approval or recommendation,Current readiness: Monitoring Only. This case does not currently require active intervention review. The analytical route calls for continued observation. Monitoring requirements are present and escalation triggers are defined. Continue monitoring until escalation trigger is met. Responsible party varies by condition; see responsible role register. Permitted action: review and validate; no automatic decision. This classification supports management routing and does not constitute approval.,Explanation supports routing only
EXP-DR-DSC-PKG-EP-HOSP-001-DEPT-DIAG-kpi_006-20260728,DR-DSC-PKG-EP-HOSP-001-DEPT-DIAG-kpi_006-20260728,DSC-PKG-EP-HOSP-001-DEPT-DIAG-kpi_006-20260728,DPKG-PKG-EP-HOSP-001-DEPT-DIAG-kpi_006-20260728,Monitoring Only, This case does not currently require active intervention review.,None,See secondary condition register,See transition register,See responsible role register,Review and validate; no automatic decision,This is not an approval or recommendation,Current readiness: Monitoring Only. This case does not currently require active intervention review. The analytical route calls for continued observation. Monitoring requirements are present and escalation triggers are defined. Continue monitoring until escalation trigger is met. Responsible party varies by condition; see responsible role register. Permitted action: review and validate; no automatic decision. This classification supports management routing and does not constitute approval.,Explanation supports routing only
EXP-DR-DSC-PKG-EP-HOSP-001-DEPT-DIAG-kpi_006-20260813,DR-DSC-PKG-EP-HOSP-001-DEPT-DIAG-kpi_006-20260813,DSC-PKG-EP-HOSP-001-DEPT-DIAG-kpi_006-20260813,DPKG-PKG-EP-HOSP-001-DEPT-DIAG-kpi_006-20260813,Monitoring Only, This case does not currently require active intervention review.,None,See secondary condition register,See transition register,See responsible role register,Review and validate; no automatic decision,This is not an approval or recommendation,Current readiness: Monitoring Only. This case does not currently require active intervention review. The analytical route calls for continued observation. Monitoring requirements are present and escalation triggers are defined. Continue monitoring until escalation trigger is met. Responsible party varies by condition; see responsible role register. Permitted action: review and validate; no automatic decision. This classification supports management routing and does not constitute approval.,Explanation supports routing only
EXP-DR-DSC-PKG-EP-HOSP-001-DEPT-DIAG-kpi_006-20260828,DR-DSC-PKG-EP-HOSP-001-DEPT-DIAG-kpi_006-20260828,DSC-PKG-EP-HOSP-001-DEPT-DIAG-kpi_006-20260828,DPKG-PKG-EP-HOSP-001-DEPT-DIAG-kpi_006-20260828,Monitoring Only, This case does not currently require active intervention review.,None,See secondary condition register,See transition register,See responsible role register,Review and validate; no automatic decision,This is not an approval or recommendation,Current readiness: Monitoring Only. This case does not currently require active intervention review. The analytical route calls for continued observation. Monitoring requirements are present and escalation triggers are defined. Continue monitoring until escalation trigger is met. Responsible party varies by condition; see responsible role register. Permitted action: review and validate; no automatic decision. This classification supports management routing and does not constitute approval.,Explanation supports routing only
EXP-DR-DSC-PKG-EP-HOSP-001-DEPT-DIAG-kpi_006-20260902,DR-DSC-PKG-EP-HOSP-001-DEPT-DIAG-kpi_006-20260902,DSC-PKG-EP-HOSP-001-DEPT-DIAG-kpi_006-20260902,DPKG-PKG-EP-HOSP-001-DEPT-DIAG-kpi_006-20260902,Monitoring Only, This case does not currently require active intervention review.,None,See secondary condition register,See transition register,See responsible role register,Review and validate; no automatic decision,This is not an approval or recommendation,Current readiness: Monitoring Only. This case does not currently require active intervention review. The analytical route calls for continued observation. Monitoring requirements are present and escalation triggers are defined. Continue monitoring until escalation trigger is met. Responsible party varies by condition; see responsible role register. Permitted action: review and validate; no automatic decision. This classification supports management routing and does not constitute approval.,Explanation supports routing only
EXP-DR-DSC-PKG-EP-HOSP-001-DEPT-DIAG-kpi_006-20260920,DR-DSC-PKG-EP-HOSP-001-DEPT-DIAG-kpi_006-20260920,DSC-PKG-EP-HOSP-001-DEPT-DIAG-kpi_006-20260920,DPKG-PKG-EP-HOSP-001-DEPT-DIAG-kpi_006-20260920,Monitoring Only, This case does not currently require active intervention review.,None,See secondary condition register,See transition register,See responsible role register,Review and validate; no automatic decision,This is not an approval or recommendation,Current readiness: Monitoring Only. This case does not currently require active intervention review. The analytical route calls for continued observation. Monitoring requirements are present and escalation triggers are defined. Continue monitoring until escalation trigger is met. Responsible party varies by condition; see responsible role register. Permitted action: review and validate; no automatic decision. This classification supports management routing and does not constitute approval.,Explanation supports routing only
EXP-DR-DSC-PKG-EP-HOSP-001-DEPT-DIAG-kpi_006-20260925,DR-DSC-PKG-EP-HOSP-001-DEPT-DIAG-kpi_006-20260925,DSC-PKG-EP-HOSP-001-DEPT-DIAG-kpi_006-20260925,DPKG-PKG-EP-HOSP-001-DEPT-DIAG-kpi_006-20260925,Monitoring Only, This case does not currently require active intervention review.,None,See secondary condition register,See transition register,See responsible role register,Review and validate; no automatic decision,This is not an approval or recommendation,Current readiness: Monitoring Only. This case does not currently require active intervention review. The analytical route calls for continued observation. Monitoring requirements are present and escalation triggers are defined. Continue monitoring until escalation trigger is met. Responsible party varies by condition; see responsible role register. Permitted action: review and validate; no automatic decision. This classification supports management routing and does not constitute approval.,Explanation supports routing only
EXP-DR-DSC-PKG-EP-HOSP-001-DEPT-DIAG-kpi_006-20261007,DR-DSC-PKG-EP-HOSP-001-DEPT-DIAG-kpi_006-20261007,DSC-PKG-EP-HOSP-001-DEPT-DIAG-kpi_006-20261007,DPKG-PKG-EP-HOSP-001-DEPT-DIAG-kpi_006-20261007,Monitoring Only, This case does not currently require active intervention review.,None,See secondary condition register,See transition register,See responsible role register,Review and validate; no automatic decision,This is not an approval or recommendation,Current readiness: Monitoring Only. This case does not currently require active intervention review. The analytical route calls for continued observation. Monitoring requirements are present and escalation triggers are defined. Continue monitoring until escalation trigger is met. Responsible party varies by condition; see responsible role register. Permitted action: review and validate; no automatic decision. This classification supports management routing and does not constitute approval.,Explanation supports routing only
EXP-DR-DSC-PKG-EP-HOSP-001-DEPT-DIAG-kpi_006-20261025,DR-DSC-PKG-EP-HOSP-001-DEPT-DIAG-kpi_006-20261025,DSC-PKG-EP-HOSP-001-DEPT-DIAG-kpi_006-20261025,DPKG-PKG-EP-HOSP-001-DEPT-DIAG-kpi_006-20261025,Monitoring Only, This case does not currently require active intervention review.,None,See secondary condition register,See transition register,See responsible role register,Review and validate; no automatic decision,This is not an approval or recommendation,Current readiness: Monitoring Only. This case does not currently require active intervention review. The analytical route calls for continued observation. Monitoring requirements are present and escalation triggers are defined. Continue monitoring until escalation trigger is met. Responsible party varies by condition; see responsible role register. Permitted action: review and validate; no automatic decision. This classification supports management routing and does not constitute approval.,Explanation supports routing only
EXP-DR-DSC-PKG-EP-HOSP-001-DEPT-DIAG-kpi_006-20261114,DR-DSC-PKG-EP-HOSP-001-DEPT-DIAG-kpi_006-20261114,DSC-PKG-EP-HOSP-001-DEPT-DIAG-kpi_006-20261114,DPKG-PKG-EP-HOSP-001-DEPT-DIAG-kpi_006-20261114,Monitoring Only, This case does not currently require active intervention review.,None,See secondary condition register,See transition register,See responsible role register,Review and validate; no automatic decision,This is not an approval or recommendation,Current readiness: Monitoring Only. This case does not currently require active intervention review. The analytical route calls for continued observation. Monitoring requirements are present and escalation triggers are defined. Continue monitoring until escalation trigger is met. Responsible party varies by condition; see responsible role register. Permitted action: review and validate; no automatic decision. This classification supports management routing and does not constitute approval.,Explanation supports routing only
EXP-DR-DSC-PKG-EP-HOSP-001-DEPT-DIAG-kpi_006-20261206,DR-DSC-PKG-EP-HOSP-001-DEPT-DIAG-kpi_006-20261206,DSC-PKG-EP-HOSP-001-DEPT-DIAG-kpi_006-20261206,DPKG-PKG-EP-HOSP-001-DEPT-DIAG-kpi_006-20261206,Monitoring Only, This case does not currently require active intervention review.,None,See secondary condition register,See transition register,See responsible role register,Review and validate; no automatic decision,This is not an approval or recommendation,Current readiness: Monitoring Only. This case does not currently require active intervention review. The analytical route calls for continued observation. Monitoring requirements are present and escalation triggers are defined. Continue monitoring until escalation trigger is met. Responsible party varies by condition; see responsible role register. Permitted action: review and validate; no automatic decision. This classification supports management routing and does not constitute approval.,Explanation supports routing only
EXP-DR-DSC-PKG-EP-HOSP-001-DEPT-ED-kpi_001-20260107,DR-DSC-PKG-EP-HOSP-001-DEPT-ED-kpi_001-20260107,DSC-PKG-EP-HOSP-001-DEPT-ED-kpi_001-20260107,DPKG-PKG-EP-HOSP-001-DEPT-ED-kpi_001-20260107,Requires Stakeholder Validation, A material input or assumption requires responsible-owner confirmation.,Requires Stakeholder Validation,See secondary condition register,See transition register,See responsible role register,Review and validate; no automatic decision,This is not an approval or recommendation,Current readiness: Requires Stakeholder Validation. A material input or assumption requires responsible-owner confirmation. Stakeholder confirmation is blocking and cannot be safely resolved analytically. Main blocking condition: Requires Stakeholder Validation. Resolve Requires Stakeholder Validation before readiness can advance. Responsible party varies by condition; see responsible role register. Permitted action: review and validate; no automatic decision. This classification supports management routing and does not constitute approval.,Explanation supports routing only
EXP-DR-DSC-PKG-EP-HOSP-001-DEPT-ED-kpi_001-20260201,DR-DSC-PKG-EP-HOSP-001-DEPT-ED-kpi_001-20260201,DSC-PKG-EP-HOSP-001-DEPT-ED-kpi_001-20260201,DPKG-PKG-EP-HOSP-001-DEPT-ED-kpi_001-20260201,Requires Lineage Completion, Source-to-decision lineage is incomplete or orphan references exist.,Requires Lineage Completion,See secondary condition register,See transition register,See responsible role register,Review and validate; no automatic decision,This is not an approval or recommendation,Current readiness: Requires Lineage Completion. Source-to-decision lineage is incomplete or orphan references exist. The decision record cannot be fully traced without completing lineage. Main blocking condition: Requires Lineage Completion. Resolve Requires Lineage Completion before readiness can advance. Responsible party varies by condition; see responsible role register. Permitted action: review and validate; no automatic decision. This classification supports management routing and does not constitute approval.,Explanation supports routing only
EXP-DR-DSC-PKG-EP-HOSP-001-DEPT-ED-kpi_001-20260211,DR-DSC-PKG-EP-HOSP-001-DEPT-ED-kpi_001-20260211,DSC-PKG-EP-HOSP-001-DEPT-ED-kpi_001-20260211,DPKG-PKG-EP-HOSP-001-DEPT-ED-kpi_001-20260211,Ready with Conditions, This package is complete enough for management review with non-blocking conditions remaining.,None,See secondary condition register,See transition register,See responsible role register,Review and validate; no automatic decision,This is not an approval or recommendation,Current readiness: Ready with Conditions. This package is complete enough for management review with non-blocking conditions remaining. Core information is available but some warnings or provisional matters require attention. Management can review the options but must confirm specified matters. Resolve Ready with Conditions before readiness can advance. Responsible party varies by condition; see responsible role register. Permitted action: review and validate; no automatic decision. This classification supports management routing and does not constitute approval.,Explanation supports routing only
EXP-DR-DSC-PKG-EP-HOSP-001-DEPT-ED-kpi_001-20260303,DR-DSC-PKG-EP-HOSP-001-DEPT-ED-kpi_001-20260303,DSC-PKG-EP-HOSP-001-DEPT-ED-kpi_001-20260303,DPKG-PKG-EP-HOSP-001-DEPT-ED-kpi_001-20260303,Ready with Conditions, This package is complete enough for management review with non-blocking conditions remaining.,None,See secondary condition register,See transition register,See responsible role register,Review and validate; no automatic decision,This is not an approval or recommendation,Current readiness: Ready with Conditions. This package is complete enough for management review with non-blocking conditions remaining. Core information is available but some warnings or provisional matters require attention. Management can review the options but must confirm specified matters. Resolve Ready with Conditions before readiness can advance. Responsible party varies by condition; see responsible role register. Permitted action: review and validate; no automatic decision. This classification supports management routing and does not constitute approval.,Explanation supports routing only
EXP-DR-DSC-PKG-EP-HOSP-001-DEPT-ED-kpi_001-20260319,DR-DSC-PKG-EP-HOSP-001-DEPT-ED-kpi_001-20260319,DSC-PKG-EP-HOSP-001-DEPT-ED-kpi_001-20260319,DPKG-PKG-EP-HOSP-001-DEPT-ED-kpi_001-20260319,Ready with Conditions, This package is complete enough for management review with non-blocking conditions remaining.,None,See secondary condition register,See transition register,See responsible role register,Review and validate; no automatic decision,This is not an approval or recommendation,Current readiness: Ready with Conditions. This package is complete enough for management review with non-blocking conditions remaining. Core information is available but some warnings or provisional matters require attention. Management can review the options but must confirm specified matters. Resolve Ready with Conditions before readiness can advance. Responsible party varies by condition; see responsible role register. Permitted action: review and validate; no automatic decision. This classification supports management routing and does not constitute approval.,Explanation supports routing only
EXP-DR-DSC-PKG-EP-HOSP-001-DEPT-ED-kpi_001-20260402,DR-DSC-PKG-EP-HOSP-001-DEPT-ED-kpi_001-20260402,DSC-PKG-EP-HOSP-001-DEPT-ED-kpi_001-20260402,DPKG-PKG-EP-HOSP-001-DEPT-ED-kpi_001-20260402,Requires Assumption Validation, Scenario or recommendation assumptions remain materially unconfirmed.,Requires Assumption Validation,See secondary condition register,See transition register,See responsible role register,Review and validate; no automatic decision,This is not an approval or recommendation,Current readiness: Requires Assumption Validation. Scenario or recommendation assumptions remain materially unconfirmed. Management review would be misleading without confirmation of key assumptions. Comparator assumptions require validation before proceeding. Main blocking condition: Requires Assumption Validation. Resolve Requires Assumption Validation before readiness can advance. Responsible party varies by condition; see responsible role register. Permitted action: review and validate; no automatic decision. This classification supports management routing and does not constitute approval.,Explanation supports routing only
EXP-DR-DSC-PKG-EP-HOSP-001-DEPT-ED-kpi_001-20260502,DR-DSC-PKG-EP-HOSP-001-DEPT-ED-kpi_001-20260502,DSC-PKG-EP-HOSP-001-DEPT-ED-kpi_001-20260502,DPKG-PKG-EP-HOSP-001-DEPT-ED-kpi_001-20260502,Requires Evidence Completion, Required evidence references are missing or applicable analytical phases are not covered.,Requires Evidence Completion,See secondary condition register,See transition register,See responsible role register,Review and validate; no automatic decision,This is not an approval or recommendation,Current readiness: Requires Evidence Completion. Required evidence references are missing or applicable analytical phases are not covered. Evidence completeness is insufficient for management review. Main blocking condition: Requires Evidence Completion. Resolve Requires Evidence Completion before readiness can advance. Responsible party varies by condition; see responsible role register. Permitted action: review and validate; no automatic decision. This classification supports management routing and does not constitute approval.,Explanation supports routing only
EXP-DR-DSC-PKG-EP-HOSP-001-DEPT-ED-kpi_001-20260509,DR-DSC-PKG-EP-HOSP-001-DEPT-ED-kpi_001-20260509,DSC-PKG-EP-HOSP-001-DEPT-ED-kpi_001-20260509,DPKG-PKG-EP-HOSP-001-DEPT-ED-kpi_001-20260509,Requires Stakeholder Validation, A material input or assumption requires responsible-owner confirmation.,Requires Stakeholder Validation,See secondary condition register,See transition register,See responsible role register,Review and validate; no automatic decision,This is not an approval or recommendation,Current readiness: Requires Stakeholder Validation. A material input or assumption requires responsible-owner confirmation. Stakeholder confirmation is blocking and cannot be safely resolved analytically. Main blocking condition: Requires Stakeholder Validation. Resolve Requires Stakeholder Validation before readiness can advance. Responsible party varies by condition; see responsible role register. Permitted action: review and validate; no automatic decision. This classification supports management routing and does not constitute approval.,Explanation supports routing only
EXP-DR-DSC-PKG-EP-HOSP-001-DEPT-ED-kpi_001-20260522,DR-DSC-PKG-EP-HOSP-001-DEPT-ED-kpi_001-20260522,DSC-PKG-EP-HOSP-001-DEPT-ED-kpi_001-20260522,DPKG-PKG-EP-HOSP-001-DEPT-ED-kpi_001-20260522,Ready for Integrated Management Review, This package has passed all mandatory gates and is ready for management review.,None,See secondary condition register,See transition register,See responsible role register,Review and validate; no automatic decision,This is not an approval or recommendation,"Current readiness: Ready for Integrated Management Review. This package has passed all mandatory gates and is ready for management review. Core risk, recommendation, scenario, and financial information is available. No absolute exclusion applies. Management can review the options and confirm specified matters. Management review may proceed. Responsible party varies by condition; see responsible role register. Permitted action: review and validate; no automatic decision. This classification supports management routing and does not constitute approval.",Explanation supports routing only
EXP-DR-DSC-PKG-EP-HOSP-001-DEPT-ED-kpi_001-20260531,DR-DSC-PKG-EP-HOSP-001-DEPT-ED-kpi_001-20260531,DSC-PKG-EP-HOSP-001-DEPT-ED-kpi_001-20260531,DPKG-PKG-EP-HOSP-001-DEPT-ED-kpi_001-20260531,Requires Evidence Completion, Required evidence references are missing or applicable analytical phases are not covered.,Requires Evidence Completion,See secondary condition register,See transition register,See responsible role register,Review and validate; no automatic decision,This is not an approval or recommendation,Current readiness: Requires Evidence Completion. Required evidence references are missing or applicable analytical phases are not covered. Evidence completeness is insufficient for management review. Main blocking condition: Requires Evidence Completion. Resolve Requires Evidence Completion before readiness can advance. Responsible party varies by condition; see responsible role register. Permitted action: review and validate; no automatic decision. This classification supports management routing and does not constitute approval.,Explanation supports routing only
EXP-DR-DSC-PKG-EP-HOSP-001-DEPT-ED-kpi_001-20260604,DR-DSC-PKG-EP-HOSP-001-DEPT-ED-kpi_001-20260604,DSC-PKG-EP-HOSP-001-DEPT-ED-kpi_001-20260604,DPKG-PKG-EP-HOSP-001-DEPT-ED-kpi_001-20260604,Requires Stakeholder Validation, A material input or assumption requires responsible-owner confirmation.,Requires Stakeholder Validation,See secondary condition register,See transition register,See responsible role register,Review and validate; no automatic decision,This is not an approval or recommendation,Current readiness: Requires Stakeholder Validation. A material input or assumption requires responsible-owner confirmation. Stakeholder confirmation is blocking and cannot be safely resolved analytically. Main blocking condition: Requires Stakeholder Validation. Resolve Requires Stakeholder Validation before readiness can advance. Responsible party varies by condition; see responsible role register. Permitted action: review and validate; no automatic decision. This classification supports management routing and does not constitute approval.,Explanation supports routing only
EXP-DR-DSC-PKG-EP-HOSP-001-DEPT-ED-kpi_001-20260624,DR-DSC-PKG-EP-HOSP-001-DEPT-ED-kpi_001-20260624,DSC-PKG-EP-HOSP-001-DEPT-ED-kpi_001-20260624,DPKG-PKG-EP-HOSP-001-DEPT-ED-kpi_001-20260624,Requires Stakeholder Validation, A material input or assumption requires responsible-owner confirmation.,Requires Stakeholder Validation,See secondary condition register,See transition register,See responsible role register,Review and validate; no automatic decision,This is not an approval or recommendation,Current readiness: Requires Stakeholder Validation. A material input or assumption requires responsible-owner confirmation. Stakeholder confirmation is blocking and cannot be safely resolved analytically. Main blocking condition: Requires Stakeholder Validation. Resolve Requires Stakeholder Validation before readiness can advance. Responsible party varies by condition; see responsible role register. Permitted action: review and validate; no automatic decision. This classification supports management routing and does not constitute approval.,Explanation supports routing only
EXP-DR-DSC-PKG-EP-HOSP-001-DEPT-ED-kpi_001-20260705,DR-DSC-PKG-EP-HOSP-001-DEPT-ED-kpi_001-20260705,DSC-PKG-EP-HOSP-001-DEPT-ED-kpi_001-20260705,DPKG-PKG-EP-HOSP-001-DEPT-ED-kpi_001-20260705,Ready with Conditions, This package is complete enough for management review with non-blocking conditions remaining.,None,See secondary condition register,See transition register,See responsible role register,Review and validate; no automatic decision,This is not an approval or recommendation,Current readiness: Ready with Conditions. This package is complete enough for management review with non-blocking conditions remaining. Core information is available but some warnings or provisional matters require attention. Management can review the options but must confirm specified matters. Resolve Ready with Conditions before readiness can advance. Responsible party varies by condition; see responsible role register. Permitted action: review and validate; no automatic decision. This classification supports management routing and does not constitute approval.,Explanation supports routing only
EXP-DR-DSC-PKG-EP-HOSP-001-DEPT-ED-kpi_001-20260713,DR-DSC-PKG-EP-HOSP-001-DEPT-ED-kpi_001-20260713,DSC-PKG-EP-HOSP-001-DEPT-ED-kpi_001-20260713,DPKG-PKG-EP-HOSP-001-DEPT-ED-kpi_001-20260713,Requires Stakeholder Validation, A material input or assumption requires responsible-owner confirmation.,Requires Stakeholder Validation,See secondary condition register,See transition register,See responsible role register,Review and validate; no automatic decision,This is not an approval or recommendation,Current readiness: Requires Stakeholder Validation. A material input or assumption requires responsible-owner confirmation. Stakeholder confirmation is blocking and cannot be safely resolved analytically. Main blocking condition: Requires Stakeholder Validation. Resolve Requires Stakeholder Validation before readiness can advance. Responsible party varies by condition; see responsible role register. Permitted action: review and validate; no automatic decision. This classification supports management routing and does not constitute approval.,Explanation supports routing only
EXP-DR-DSC-PKG-EP-HOSP-001-DEPT-ED-kpi_001-20260727,DR-DSC-PKG-EP-HOSP-001-DEPT-ED-kpi_001-20260727,DSC-PKG-EP-HOSP-001-DEPT-ED-kpi_001-20260727,DPKG-PKG-EP-HOSP-001-DEPT-ED-kpi_001-20260727,Requires Assumption Validation, Scenario or recommendation assumptions remain materially unconfirmed.,Requires Assumption Validation,See secondary condition register,See transition register,See responsible role register,Review and validate; no automatic decision,This is not an approval or recommendation,Current readiness: Requires Assumption Validation. Scenario or recommendation assumptions remain materially unconfirmed. Management review would be misleading without confirmation of key assumptions. Comparator assumptions require validation before proceeding. Main blocking condition: Requires Assumption Validation. Resolve Requires Assumption Validation before readiness can advance. Responsible party varies by condition; see responsible role register. Permitted action: review and validate; no automatic decision. This classification supports management routing and does not constitute approval.,Explanation supports routing only
EXP-DR-DSC-PKG-EP-HOSP-001-DEPT-ED-kpi_001-20260930,DR-DSC-PKG-EP-HOSP-001-DEPT-ED-kpi_001-20260930,DSC-PKG-EP-HOSP-001-DEPT-ED-kpi_001-20260930,DPKG-PKG-EP-HOSP-001-DEPT-ED-kpi_001-20260930,Ready for Integrated Management Review, This package has passed all mandatory gates and is ready for management review.,None,See secondary condition register,See transition register,See responsible role register,Review and validate; no automatic decision,This is not an approval or recommendation,"Current readiness: Ready for Integrated Management Review. This package has passed all mandatory gates and is ready for management review. Core risk, recommendation, scenario, and financial information is available. No absolute exclusion applies. Management can review the options and confirm specified matters. Management review may proceed. Responsible party varies by condition; see responsible role register. Permitted action: review and validate; no automatic decision. This classification supports management routing and does not constitute approval.",Explanation supports routing only
EXP-DR-DSC-PKG-EP-HOSP-001-DEPT-ED-kpi_001-20261008,DR-DSC-PKG-EP-HOSP-001-DEPT-ED-kpi_001-20261008,DSC-PKG-EP-HOSP-001-DEPT-ED-kpi_001-20261008,DPKG-PKG-EP-HOSP-001-DEPT-ED-kpi_001-20261008,Requires Baseline Validation," The baseline is missing, stale, inconsistent, or not representative.",Requires Baseline Validation,See secondary condition register,See transition register,See responsible role register,Review and validate; no automatic decision,This is not an approval or recommendation,"Current readiness: Requires Baseline Validation. The baseline is missing, stale, inconsistent, or not representative. Baseline validation status is blocking further progression. A valid baseline must be established before management review. Main blocking condition: Requires Baseline Validation. Resolve Requires Baseline Validation before readiness can advance. Responsible party varies by condition; see responsible role register. Permitted action: review and validate; no automatic decision. This classification supports management routing and does not constitute approval.",Explanation supports routing only
EXP-DR-DSC-PKG-EP-HOSP-001-DEPT-ED-kpi_001-20261014,DR-DSC-PKG-EP-HOSP-001-DEPT-ED-kpi_001-20261014,DSC-PKG-EP-HOSP-001-DEPT-ED-kpi_001-20261014,DPKG-PKG-EP-HOSP-001-DEPT-ED-kpi_001-20261014,Requires Evidence Completion, Required evidence references are missing or applicable analytical phases are not covered.,Requires Evidence Completion,See secondary condition register,See transition register,See responsible role register,Review and validate; no automatic decision,This is not an approval or recommendation,Current readiness: Requires Evidence Completion. Required evidence references are missing or applicable analytical phases are not covered. Evidence completeness is insufficient for management review. Main blocking condition: Requires Evidence Completion. Resolve Requires Evidence Completion before readiness can advance. Responsible party varies by condition; see responsible role register. Permitted action: review and validate; no automatic decision. This classification supports management routing and does not constitute approval.,Explanation supports routing only
EXP-DR-DSC-PKG-EP-HOSP-001-DEPT-ED-kpi_001-20261101,DR-DSC-PKG-EP-HOSP-001-DEPT-ED-kpi_001-20261101,DSC-PKG-EP-HOSP-001-DEPT-ED-kpi_001-20261101,DPKG-PKG-EP-HOSP-001-DEPT-ED-kpi_001-20261101,Requires Assumption Validation, Scenario or recommendation assumptions remain materially unconfirmed.,Requires Assumption Validation,See secondary condition register,See transition register,See responsible role register,Review and validate; no automatic decision,This is not an approval or recommendation,Current readiness: Requires Assumption Validation. Scenario or recommendation assumptions remain materially unconfirmed. Management review would be misleading without confirmation of key assumptions. Comparator assumptions require validation before proceeding. Main blocking condition: Requires Assumption Validation. Resolve Requires Assumption Validation before readiness can advance. Responsible party varies by condition; see responsible role register. Permitted action: review and validate; no automatic decision. This classification supports management routing and does not constitute approval.,Explanation supports routing only
EXP-DR-DSC-PKG-EP-HOSP-001-DEPT-ED-kpi_001-20261113,DR-DSC-PKG-EP-HOSP-001-DEPT-ED-kpi_001-20261113,DSC-PKG-EP-HOSP-001-DEPT-ED-kpi_001-20261113,DPKG-PKG-EP-HOSP-001-DEPT-ED-kpi_001-20261113,Ready for Integrated Management Review, This package has passed all mandatory gates and is ready for management review.,None,See secondary condition register,See transition register,See responsible role register,Review and validate; no automatic decision,This is not an approval or recommendation,"Current readiness: Ready for Integrated Management Review. This package has passed all mandatory gates and is ready for management review. Core risk, recommendation, scenario, and financial information is available. No absolute exclusion applies. Management can review the options and confirm specified matters. Management review may proceed. Responsible party varies by condition; see responsible role register. Permitted action: review and validate; no automatic decision. This classification supports management routing and does not constitute approval.",Explanation supports routing only
EXP-DR-DSC-PKG-EP-HOSP-001-DEPT-ED-kpi_001-20261227,DR-DSC-PKG-EP-HOSP-001-DEPT-ED-kpi_001-20261227,DSC-PKG-EP-HOSP-001-DEPT-ED-kpi_001-20261227,DPKG-PKG-EP-HOSP-001-DEPT-ED-kpi_001-20261227,Ready with Conditions, This package is complete enough for management review with non-blocking conditions remaining.,None,See secondary condition register,See transition register,See responsible role register,Review and validate; no automatic decision,This is not an approval or recommendation,Current readiness: Ready with Conditions. This package is complete enough for management review with non-blocking conditions remaining. Core information is available but some warnings or provisional matters require attention. Management can review the options but must confirm specified matters. Resolve Ready with Conditions before readiness can advance. Responsible party varies by condition; see responsible role register. Permitted action: review and validate; no automatic decision. This classification supports management routing and does not constitute approval.,Explanation supports routing only
EXP-DR-DSC-PKG-EP-HOSP-001-DEPT-ED-kpi_002-20260106,DR-DSC-PKG-EP-HOSP-001-DEPT-ED-kpi_002-20260106,DSC-PKG-EP-HOSP-001-DEPT-ED-kpi_002-20260106,DPKG-PKG-EP-HOSP-001-DEPT-ED-kpi_002-20260106,Requires Evidence Completion, Required evidence references are missing or applicable analytical phases are not covered.,Requires Evidence Completion,See secondary condition register,See transition register,See responsible role register,Review and validate; no automatic decision,This is not an approval or recommendation,Current readiness: Requires Evidence Completion. Required evidence references are missing or applicable analytical phases are not covered. Evidence completeness is insufficient for management review. Main blocking condition: Requires Evidence Completion. Resolve Requires Evidence Completion before readiness can advance. Responsible party varies by condition; see responsible role register. Permitted action: review and validate; no automatic decision. This classification supports management routing and does not constitute approval.,Explanation supports routing only
EXP-DR-DSC-PKG-EP-HOSP-001-DEPT-ED-kpi_002-20260207,DR-DSC-PKG-EP-HOSP-001-DEPT-ED-kpi_002-20260207,DSC-PKG-EP-HOSP-001-DEPT-ED-kpi_002-20260207,DPKG-PKG-EP-HOSP-001-DEPT-ED-kpi_002-20260207,Requires Baseline Validation," The baseline is missing, stale, inconsistent, or not representative.",Requires Baseline Validation,See secondary condition register,See transition register,See responsible role register,Review and validate; no automatic decision,This is not an approval or recommendation,"Current readiness: Requires Baseline Validation. The baseline is missing, stale, inconsistent, or not representative. Baseline validation status is blocking further progression. A valid baseline must be established before management review. Main blocking condition: Requires Baseline Validation. Resolve Requires Baseline Validation before readiness can advance. Responsible party varies by condition; see responsible role register. Permitted action: review and validate; no automatic decision. This classification supports management routing and does not constitute approval.",Explanation supports routing only
EXP-DR-DSC-PKG-EP-HOSP-001-DEPT-ED-kpi_002-20260310,DR-DSC-PKG-EP-HOSP-001-DEPT-ED-kpi_002-20260310,DSC-PKG-EP-HOSP-001-DEPT-ED-kpi_002-20260310,DPKG-PKG-EP-HOSP-001-DEPT-ED-kpi_002-20260310,Ready with Conditions, This package is complete enough for management review with non-blocking conditions remaining.,None,See secondary condition register,See transition register,See responsible role register,Review and validate; no automatic decision,This is not an approval or recommendation,Current readiness: Ready with Conditions. This package is complete enough for management review with non-blocking conditions remaining. Core information is available but some warnings or provisional matters require attention. Management can review the options but must confirm specified matters. Resolve Ready with Conditions before readiness can advance. Responsible party varies by condition; see responsible role register. Permitted action: review and validate; no automatic decision. This classification supports management routing and does not constitute approval.,Explanation supports routing only
EXP-DR-DSC-PKG-EP-HOSP-001-DEPT-ED-kpi_002-20260421,DR-DSC-PKG-EP-HOSP-001-DEPT-ED-kpi_002-20260421,DSC-PKG-EP-HOSP-001-DEPT-ED-kpi_002-20260421,DPKG-PKG-EP-HOSP-001-DEPT-ED-kpi_002-20260421,Requires Stakeholder Validation, A material input or assumption requires responsible-owner confirmation.,Requires Stakeholder Validation,See secondary condition register,See transition register,See responsible role register,Review and validate; no automatic decision,This is not an approval or recommendation,Current readiness: Requires Stakeholder Validation. A material input or assumption requires responsible-owner confirmation. Stakeholder confirmation is blocking and cannot be safely resolved analytically. Main blocking condition: Requires Stakeholder Validation. Resolve Requires Stakeholder Validation before readiness can advance. Responsible party varies by condition; see responsible role register. Permitted action: review and validate; no automatic decision. This classification supports management routing and does not constitute approval.,Explanation supports routing only
EXP-DR-DSC-PKG-EP-HOSP-001-DEPT-ED-kpi_002-20260425,DR-DSC-PKG-EP-HOSP-001-DEPT-ED-kpi_002-20260425,DSC-PKG-EP-HOSP-001-DEPT-ED-kpi_002-20260425,DPKG-PKG-EP-HOSP-001-DEPT-ED-kpi_002-20260425,Requires Baseline Validation," The baseline is missing, stale, inconsistent, or not representative.",Requires Baseline Validation,See secondary condition register,See transition register,See responsible role register,Review and validate; no automatic decision,This is not an approval or recommendation,"Current readiness: Requires Baseline Validation. The baseline is missing, stale, inconsistent, or not representative. Baseline validation status is blocking further progression. A valid baseline must be established before management review. Main blocking condition: Requires Baseline Validation. Resolve Requires Baseline Validation before readiness can advance. Responsible party varies by condition; see responsible role register. Permitted action: review and validate; no automatic decision. This classification supports management routing and does not constitute approval.",Explanation supports routing only
EXP-DR-DSC-PKG-EP-HOSP-001-DEPT-ED-kpi_002-20260521,DR-DSC-PKG-EP-HOSP-001-DEPT-ED-kpi_002-20260521,DSC-PKG-EP-HOSP-001-DEPT-ED-kpi_002-20260521,DPKG-PKG-EP-HOSP-001-DEPT-ED-kpi_002-20260521,Ready with Conditions, This package is complete enough for management review with non-blocking conditions remaining.,None,See secondary condition register,See transition register,See responsible role register,Review and validate; no automatic decision,This is not an approval or recommendation,Current readiness: Ready with Conditions. This package is complete enough for management review with non-blocking conditions remaining. Core information is available but some warnings or provisional matters require attention. Management can review the options but must confirm specified matters. Resolve Ready with Conditions before readiness can advance. Responsible party varies by condition; see responsible role register. Permitted action: review and validate; no automatic decision. This classification supports management routing and does not constitute approval.,Explanation supports routing only
EXP-DR-DSC-PKG-EP-HOSP-001-DEPT-ED-kpi_002-20260603,DR-DSC-PKG-EP-HOSP-001-DEPT-ED-kpi_002-20260603,DSC-PKG-EP-HOSP-001-DEPT-ED-kpi_002-20260603,DPKG-PKG-EP-HOSP-001-DEPT-ED-kpi_002-20260603,Requires Budget Data, Affordability or budget sufficiency is required but no authoritative budget is available.,Requires Budget Data,See secondary condition register,See transition register,See responsible role register,Review and validate; no automatic decision,This is not an approval or recommendation,Current readiness: Requires Budget Data. Affordability or budget sufficiency is required but no authoritative budget is available. Budget data must be supplied before financial readiness can be confirmed. Main blocking condition: Requires Budget Data. Resolve Requires Budget Data before readiness can advance. Responsible party varies by condition; see responsible role register. Permitted action: review and validate; no automatic decision. This classification supports management routing and does not constitute approval.,Explanation supports routing only
EXP-DR-DSC-PKG-EP-HOSP-001-DEPT-ED-kpi_002-20260610,DR-DSC-PKG-EP-HOSP-001-DEPT-ED-kpi_002-20260610,DSC-PKG-EP-HOSP-001-DEPT-ED-kpi_002-20260610,DPKG-PKG-EP-HOSP-001-DEPT-ED-kpi_002-20260610,Requires Financial Input, A mandatory financial input is missing or incomplete.,Requires Financial Input,See secondary condition register,See transition register,See responsible role register,Review and validate; no automatic decision,This is not an approval or recommendation,Current readiness: Requires Financial Input. A mandatory financial input is missing or incomplete. Financial comparison would be materially misleading without complete data. Required cost or benefit information must be provided. Main blocking condition: Requires Financial Input. Resolve Requires Financial Input before readiness can advance. Responsible party varies by condition; see responsible role register. Permitted action: review and validate; no automatic decision. This classification supports management routing and does not constitute approval.,Explanation supports routing only
EXP-DR-DSC-PKG-EP-HOSP-001-DEPT-ED-kpi_002-20260614,DR-DSC-PKG-EP-HOSP-001-DEPT-ED-kpi_002-20260614,DSC-PKG-EP-HOSP-001-DEPT-ED-kpi_002-20260614,DPKG-PKG-EP-HOSP-001-DEPT-ED-kpi_002-20260614,Requires Lineage Completion, Source-to-decision lineage is incomplete or orphan references exist.,Requires Lineage Completion,See secondary condition register,See transition register,See responsible role register,Review and validate; no automatic decision,This is not an approval or recommendation,Current readiness: Requires Lineage Completion. Source-to-decision lineage is incomplete or orphan references exist. The decision record cannot be fully traced without completing lineage. Main blocking condition: Requires Lineage Completion. Resolve Requires Lineage Completion before readiness can advance. Responsible party varies by condition; see responsible role register. Permitted action: review and validate; no automatic decision. This classification supports management routing and does not constitute approval.,Explanation supports routing only
EXP-DR-DSC-PKG-EP-HOSP-001-DEPT-ED-kpi_002-20260626,DR-DSC-PKG-EP-HOSP-001-DEPT-ED-kpi_002-20260626,DSC-PKG-EP-HOSP-001-DEPT-ED-kpi_002-20260626,DPKG-PKG-EP-HOSP-001-DEPT-ED-kpi_002-20260626,Ready with Conditions, This package is complete enough for management review with non-blocking conditions remaining.,None,See secondary condition register,See transition register,See responsible role register,Review and validate; no automatic decision,This is not an approval or recommendation,Current readiness: Ready with Conditions. This package is complete enough for management review with non-blocking conditions remaining. Core information is available but some warnings or provisional matters require attention. Management can review the options but must confirm specified matters. Resolve Ready with Conditions before readiness can advance. Responsible party varies by condition; see responsible role register. Permitted action: review and validate; no automatic decision. This classification supports management routing and does not constitute approval.,Explanation supports routing only
EXP-DR-DSC-PKG-EP-HOSP-001-DEPT-ED-kpi_002-20260707,DR-DSC-PKG-EP-HOSP-001-DEPT-ED-kpi_002-20260707,DSC-PKG-EP-HOSP-001-DEPT-ED-kpi_002-20260707,DPKG-PKG-EP-HOSP-001-DEPT-ED-kpi_002-20260707,Requires Baseline Validation," The baseline is missing, stale, inconsistent, or not representative.",Requires Baseline Validation,See secondary condition register,See transition register,See responsible role register,Review and validate; no automatic decision,This is not an approval or recommendation,"Current readiness: Requires Baseline Validation. The baseline is missing, stale, inconsistent, or not representative. Baseline validation status is blocking further progression. A valid baseline must be established before management review. Main blocking condition: Requires Baseline Validation. Resolve Requires Baseline Validation before readiness can advance. Responsible party varies by condition; see responsible role register. Permitted action: review and validate; no automatic decision. This classification supports management routing and does not constitute approval.",Explanation supports routing only
EXP-DR-DSC-PKG-EP-HOSP-001-DEPT-ED-kpi_002-20260818,DR-DSC-PKG-EP-HOSP-001-DEPT-ED-kpi_002-20260818,DSC-PKG-EP-HOSP-001-DEPT-ED-kpi_002-20260818,DPKG-PKG-EP-HOSP-001-DEPT-ED-kpi_002-20260818,Ready with Conditions, This package is complete enough for management review with non-blocking conditions remaining.,None,See secondary condition register,See transition register,See responsible role register,Review and validate; no automatic decision,This is not an approval or recommendation,Current readiness: Ready with Conditions. This package is complete enough for management review with non-blocking conditions remaining. Core information is available but some warnings or provisional matters require attention. Management can review the options but must confirm specified matters. Resolve Ready with Conditions before readiness can advance. Responsible party varies by condition; see responsible role register. Permitted action: review and validate; no automatic decision. This classification supports management routing and does not constitute approval.,Explanation supports routing only
EXP-DR-DSC-PKG-EP-HOSP-001-DEPT-ED-kpi_002-20260923,DR-DSC-PKG-EP-HOSP-001-DEPT-ED-kpi_002-20260923,DSC-PKG-EP-HOSP-001-DEPT-ED-kpi_002-20260923,DPKG-PKG-EP-HOSP-001-DEPT-ED-kpi_002-20260923,Ready with Conditions, This package is complete enough for management review with non-blocking conditions remaining.,None,See secondary condition register,See transition register,See responsible role register,Review and validate; no automatic decision,This is not an approval or recommendation,Current readiness: Ready with Conditions. This package is complete enough for management review with non-blocking conditions remaining. Core information is available but some warnings or provisional matters require attention. Management can review the options but must confirm specified matters. Resolve Ready with Conditions before readiness can advance. Responsible party varies by condition; see responsible role register. Permitted action: review and validate; no automatic decision. This classification supports management routing and does not constitute approval.,Explanation supports routing only
EXP-DR-DSC-PKG-EP-HOSP-001-DEPT-ED-kpi_002-20261005,DR-DSC-PKG-EP-HOSP-001-DEPT-ED-kpi_002-20261005,DSC-PKG-EP-HOSP-001-DEPT-ED-kpi_002-20261005,DPKG-PKG-EP-HOSP-001-DEPT-ED-kpi_002-20261005,Ready for Integrated Management Review, This package has passed all mandatory gates and is ready for management review.,None,See secondary condition register,See transition register,See responsible role register,Review and validate; no automatic decision,This is not an approval or recommendation,"Current readiness: Ready for Integrated Management Review. This package has passed all mandatory gates and is ready for management review. Core risk, recommendation, scenario, and financial information is available. No absolute exclusion applies. Management can review the options and confirm specified matters. Management review may proceed. Responsible party varies by condition; see responsible role register. Permitted action: review and validate; no automatic decision. This classification supports management routing and does not constitute approval.",Explanation supports routing only
EXP-DR-DSC-PKG-EP-HOSP-001-DEPT-ED-kpi_002-20261013,DR-DSC-PKG-EP-HOSP-001-DEPT-ED-kpi_002-20261013,DSC-PKG-EP-HOSP-001-DEPT-ED-kpi_002-20261013,DPKG-PKG-EP-HOSP-001-DEPT-ED-kpi_002-20261013,Ready with Conditions, This package is complete enough for management review with non-blocking conditions remaining.,None,See secondary condition register,See transition register,See responsible role register,Review and validate; no automatic decision,This is not an approval or recommendation,Current readiness: Ready with Conditions. This package is complete enough for management review with non-blocking conditions remaining. Core information is available but some warnings or provisional matters require attention. Management can review the options but must confirm specified matters. Resolve Ready with Conditions before readiness can advance. Responsible party varies by condition; see responsible role register. Permitted action: review and validate; no automatic decision. This classification supports management routing and does not constitute approval.,Explanation supports routing only
EXP-DR-DSC-PKG-EP-HOSP-001-DEPT-ED-kpi_002-20261026,DR-DSC-PKG-EP-HOSP-001-DEPT-ED-kpi_002-20261026,DSC-PKG-EP-HOSP-001-DEPT-ED-kpi_002-20261026,DPKG-PKG-EP-HOSP-001-DEPT-ED-kpi_002-20261026,Ready with Conditions, This package is complete enough for management review with non-blocking conditions remaining.,None,See secondary condition register,See transition register,See responsible role register,Review and validate; no automatic decision,This is not an approval or recommendation,Current readiness: Ready with Conditions. This package is complete enough for management review with non-blocking conditions remaining. Core information is available but some warnings or provisional matters require attention. Management can review the options but must confirm specified matters. Resolve Ready with Conditions before readiness can advance. Responsible party varies by condition; see responsible role register. Permitted action: review and validate; no automatic decision. This classification supports management routing and does not constitute approval.,Explanation supports routing only
EXP-DR-DSC-PKG-EP-HOSP-001-DEPT-ED-kpi_002-20261102,DR-DSC-PKG-EP-HOSP-001-DEPT-ED-kpi_002-20261102,DSC-PKG-EP-HOSP-001-DEPT-ED-kpi_002-20261102,DPKG-PKG-EP-HOSP-001-DEPT-ED-kpi_002-20261102,Ready for Integrated Management Review, This package has passed all mandatory gates and is ready for management review.,None,See secondary condition register,See transition register,See responsible role register,Review and validate; no automatic decision,This is not an approval or recommendation,"Current readiness: Ready for Integrated Management Review. This package has passed all mandatory gates and is ready for management review. Core risk, recommendation, scenario, and financial information is available. No absolute exclusion applies. Management can review the options and confirm specified matters. Management review may proceed. Responsible party varies by condition; see responsible role register. Permitted action: review and validate; no automatic decision. This classification supports management routing and does not constitute approval.",Explanation supports routing only
EXP-DR-DSC-PKG-EP-HOSP-001-DEPT-ED-kpi_002-20261109,DR-DSC-PKG-EP-HOSP-001-DEPT-ED-kpi_002-20261109,DSC-PKG-EP-HOSP-001-DEPT-ED-kpi_002-20261109,DPKG-PKG-EP-HOSP-001-DEPT-ED-kpi_002-20261109,Ready for Integrated Management Review, This package has passed all mandatory gates and is ready for management review.,None,See secondary condition register,See transition register,See responsible role register,Review and validate; no automatic decision,This is not an approval or recommendation,"Current readiness: Ready for Integrated Management Review. This package has passed all mandatory gates and is ready for management review. Core risk, recommendation, scenario, and financial information is available. No absolute exclusion applies. Management can review the options and confirm specified matters. Management review may proceed. Responsible party varies by condition; see responsible role register. Permitted action: review and validate; no automatic decision. This classification supports management routing and does not constitute approval.",Explanation supports routing only
EXP-DR-DSC-PKG-EP-HOSP-001-DEPT-ED-kpi_002-20261127,DR-DSC-PKG-EP-HOSP-001-DEPT-ED-kpi_002-20261127,DSC-PKG-EP-HOSP-001-DEPT-ED-kpi_002-20261127,DPKG-PKG-EP-HOSP-001-DEPT-ED-kpi_002-20261127,Ready for Integrated Management Review, This package has passed all mandatory gates and is ready for management review.,None,See secondary condition register,See transition register,See responsible role register,Review and validate; no automatic decision,This is not an approval or recommendation,"Current readiness: Ready for Integrated Management Review. This package has passed all mandatory gates and is ready for management review. Core risk, recommendation, scenario, and financial information is available. No absolute exclusion applies. Management can review the options and confirm specified matters. Management review may proceed. Responsible party varies by condition; see responsible role register. Permitted action: review and validate; no automatic decision. This classification supports management routing and does not constitute approval.",Explanation supports routing only
EXP-DR-DSC-PKG-EP-HOSP-001-DEPT-ED-kpi_002-20261212,DR-DSC-PKG-EP-HOSP-001-DEPT-ED-kpi_002-20261212,DSC-PKG-EP-HOSP-001-DEPT-ED-kpi_002-20261212,DPKG-PKG-EP-HOSP-001-DEPT-ED-kpi_002-20261212,Ready with Conditions, This package is complete enough for management review with non-blocking conditions remaining.,None,See secondary condition register,See transition register,See responsible role register,Review and validate; no automatic decision,This is not an approval or recommendation,Current readiness: Ready with Conditions. This package is complete enough for management review with non-blocking conditions remaining. Core information is available but some warnings or provisional matters require attention. Management can review the options but must confirm specified matters. Resolve Ready with Conditions before readiness can advance. Responsible party varies by condition; see responsible role register. Permitted action: review and validate; no automatic decision. This classification supports management routing and does not constitute approval.,Explanation supports routing only
EXP-DR-DSC-PKG-EP-HOSP-001-DEPT-ED-kpi_002-20261217,DR-DSC-PKG-EP-HOSP-001-DEPT-ED-kpi_002-20261217,DSC-PKG-EP-HOSP-001-DEPT-ED-kpi_002-20261217,DPKG-PKG-EP-HOSP-001-DEPT-ED-kpi_002-20261217,Requires Stakeholder Validation, A material input or assumption requires responsible-owner confirmation.,Requires Stakeholder Validation,See secondary condition register,See transition register,See responsible role register,Review and validate; no automatic decision,This is not an approval or recommendation,Current readiness: Requires Stakeholder Validation. A material input or assumption requires responsible-owner confirmation. Stakeholder confirmation is blocking and cannot be safely resolved analytically. Main blocking condition: Requires Stakeholder Validation. Resolve Requires Stakeholder Validation before readiness can advance. Responsible party varies by condition; see responsible role register. Permitted action: review and validate; no automatic decision. This classification supports management routing and does not constitute approval.,Explanation supports routing only
EXP-DR-DSC-PKG-EP-HOSP-001-DEPT-ED-kpi_004-20260404,DR-DSC-PKG-EP-HOSP-001-DEPT-ED-kpi_004-20260404,DSC-PKG-EP-HOSP-001-DEPT-ED-kpi_004-20260404,DPKG-PKG-EP-HOSP-001-DEPT-ED-kpi_004-20260404,Non-Quantitative, Scenario or financial comparison cannot be quantified for this case.,None,See secondary condition register,See transition register,See responsible role register,Review and validate; no automatic decision,This is not an approval or recommendation,Current readiness: Non-Quantitative. Scenario or financial comparison cannot be quantified for this case. Narrative review or monitoring remains possible. No fabricated quantitative value has been introduced. Resolve Non-Quantitative before readiness can advance. Responsible party varies by condition; see responsible role register. Permitted action: review and validate; no automatic decision. This classification supports management routing and does not constitute approval.,Explanation supports routing only
EXP-DR-DSC-PKG-EP-HOSP-001-DEPT-ED-kpi_004-20260413,DR-DSC-PKG-EP-HOSP-001-DEPT-ED-kpi_004-20260413,DSC-PKG-EP-HOSP-001-DEPT-ED-kpi_004-20260413,DPKG-PKG-EP-HOSP-001-DEPT-ED-kpi_004-20260413,Non-Quantitative, Scenario or financial comparison cannot be quantified for this case.,None,See secondary condition register,See transition register,See responsible role register,Review and validate; no automatic decision,This is not an approval or recommendation,Current readiness: Non-Quantitative. Scenario or financial comparison cannot be quantified for this case. Narrative review or monitoring remains possible. No fabricated quantitative value has been introduced. Resolve Non-Quantitative before readiness can advance. Responsible party varies by condition; see responsible role register. Permitted action: review and validate; no automatic decision. This classification supports management routing and does not constitute approval.,Explanation supports routing only
EXP-DR-DSC-PKG-EP-HOSP-001-DEPT-ED-kpi_004-20260427,DR-DSC-PKG-EP-HOSP-001-DEPT-ED-kpi_004-20260427,DSC-PKG-EP-HOSP-001-DEPT-ED-kpi_004-20260427,DPKG-PKG-EP-HOSP-001-DEPT-ED-kpi_004-20260427,Non-Quantitative, Scenario or financial comparison cannot be quantified for this case.,None,See secondary condition register,See transition register,See responsible role register,Review and validate; no automatic decision,This is not an approval or recommendation,Current readiness: Non-Quantitative. Scenario or financial comparison cannot be quantified for this case. Narrative review or monitoring remains possible. No fabricated quantitative value has been introduced. Resolve Non-Quantitative before readiness can advance. Responsible party varies by condition; see responsible role register. Permitted action: review and validate; no automatic decision. This classification supports management routing and does not constitute approval.,Explanation supports routing only
EXP-DR-DSC-PKG-EP-HOSP-001-DEPT-ED-kpi_004-20260503,DR-DSC-PKG-EP-HOSP-001-DEPT-ED-kpi_004-20260503,DSC-PKG-EP-HOSP-001-DEPT-ED-kpi_004-20260503,DPKG-PKG-EP-HOSP-001-DEPT-ED-kpi_004-20260503,Non-Quantitative, Scenario or financial comparison cannot be quantified for this case.,None,See secondary condition register,See transition register,See responsible role register,Review and validate; no automatic decision,This is not an approval or recommendation,Current readiness: Non-Quantitative. Scenario or financial comparison cannot be quantified for this case. Narrative review or monitoring remains possible. No fabricated quantitative value has been introduced. Resolve Non-Quantitative before readiness can advance. Responsible party varies by condition; see responsible role register. Permitted action: review and validate; no automatic decision. This classification supports management routing and does not constitute approval.,Explanation supports routing only
EXP-DR-DSC-PKG-EP-HOSP-001-DEPT-ED-kpi_004-20260508,DR-DSC-PKG-EP-HOSP-001-DEPT-ED-kpi_004-20260508,DSC-PKG-EP-HOSP-001-DEPT-ED-kpi_004-20260508,DPKG-PKG-EP-HOSP-001-DEPT-ED-kpi_004-20260508,Non-Quantitative, Scenario or financial comparison cannot be quantified for this case.,None,See secondary condition register,See transition register,See responsible role register,Review and validate; no automatic decision,This is not an approval or recommendation,Current readiness: Non-Quantitative. Scenario or financial comparison cannot be quantified for this case. Narrative review or monitoring remains possible. No fabricated quantitative value has been introduced. Resolve Non-Quantitative before readiness can advance. Responsible party varies by condition; see responsible role register. Permitted action: review and validate; no automatic decision. This classification supports management routing and does not constitute approval.,Explanation supports routing only
EXP-DR-DSC-PKG-EP-HOSP-001-DEPT-ED-kpi_004-20260601,DR-DSC-PKG-EP-HOSP-001-DEPT-ED-kpi_004-20260601,DSC-PKG-EP-HOSP-001-DEPT-ED-kpi_004-20260601,DPKG-PKG-EP-HOSP-001-DEPT-ED-kpi_004-20260601,Requires Additional Scenario Analysis, The comparator set is incomplete or existing scenario results are insufficient.,Requires Additional Scenario Analysis,See secondary condition register,See transition register,See responsible role register,Review and validate; no automatic decision,This is not an approval or recommendation,Current readiness: Requires Additional Scenario Analysis. The comparator set is incomplete or existing scenario results are insufficient. Additional modelling is required before comparison can be completed. Main blocking condition: Requires Additional Scenario Analysis. Resolve Requires Additional Scenario Analysis before readiness can advance. Responsible party varies by condition; see responsible role register. Permitted action: review and validate; no automatic decision. This classification supports management routing and does not constitute approval.,Explanation supports routing only
EXP-DR-DSC-PKG-EP-HOSP-001-DEPT-ED-kpi_004-20260606,DR-DSC-PKG-EP-HOSP-001-DEPT-ED-kpi_004-20260606,DSC-PKG-EP-HOSP-001-DEPT-ED-kpi_004-20260606,DPKG-PKG-EP-HOSP-001-DEPT-ED-kpi_004-20260606,Ready with Conditions, This package is complete enough for management review with non-blocking conditions remaining.,None,See secondary condition register,See transition register,See responsible role register,Review and validate; no automatic decision,This is not an approval or recommendation,Current readiness: Ready with Conditions. This package is complete enough for management review with non-blocking conditions remaining. Core information is available but some warnings or provisional matters require attention. Management can review the options but must confirm specified matters. Resolve Ready with Conditions before readiness can advance. Responsible party varies by condition; see responsible role register. Permitted action: review and validate; no automatic decision. This classification supports management routing and does not constitute approval.,Explanation supports routing only
EXP-DR-DSC-PKG-EP-HOSP-001-DEPT-ED-kpi_004-20260716,DR-DSC-PKG-EP-HOSP-001-DEPT-ED-kpi_004-20260716,DSC-PKG-EP-HOSP-001-DEPT-ED-kpi_004-20260716,DPKG-PKG-EP-HOSP-001-DEPT-ED-kpi_004-20260716,Ready for Integrated Management Review, This package has passed all mandatory gates and is ready for management review.,None,See secondary condition register,See transition register,See responsible role register,Review and validate; no automatic decision,This is not an approval or recommendation,"Current readiness: Ready for Integrated Management Review. This package has passed all mandatory gates and is ready for management review. Core risk, recommendation, scenario, and financial information is available. No absolute exclusion applies. Management can review the options and confirm specified matters. Management review may proceed. Responsible party varies by condition; see responsible role register. Permitted action: review and validate; no automatic decision. This classification supports management routing and does not constitute approval.",Explanation supports routing only
EXP-DR-DSC-PKG-EP-HOSP-001-DEPT-ED-kpi_005-20260209,DR-DSC-PKG-EP-HOSP-001-DEPT-ED-kpi_005-20260209,DSC-PKG-EP-HOSP-001-DEPT-ED-kpi_005-20260209,DPKG-PKG-EP-HOSP-001-DEPT-ED-kpi_005-20260209,Monitoring Only, This case does not currently require active intervention review.,None,See secondary condition register,See transition register,See responsible role register,Review and validate; no automatic decision,This is not an approval or recommendation,Current readiness: Monitoring Only. This case does not currently require active intervention review. The analytical route calls for continued observation. Monitoring requirements are present and escalation triggers are defined. Continue monitoring until escalation trigger is met. Responsible party varies by condition; see responsible role register. Permitted action: review and validate; no automatic decision. This classification supports management routing and does not constitute approval.,Explanation supports routing only
EXP-DR-DSC-PKG-EP-HOSP-001-DEPT-ED-kpi_005-20260216,DR-DSC-PKG-EP-HOSP-001-DEPT-ED-kpi_005-20260216,DSC-PKG-EP-HOSP-001-DEPT-ED-kpi_005-20260216,DPKG-PKG-EP-HOSP-001-DEPT-ED-kpi_005-20260216,Monitoring Only, This case does not currently require active intervention review.,None,See secondary condition register,See transition register,See responsible role register,Review and validate; no automatic decision,This is not an approval or recommendation,Current readiness: Monitoring Only. This case does not currently require active intervention review. The analytical route calls for continued observation. Monitoring requirements are present and escalation triggers are defined. Continue monitoring until escalation trigger is met. Responsible party varies by condition; see responsible role register. Permitted action: review and validate; no automatic decision. This classification supports management routing and does not constitute approval.,Explanation supports routing only
EXP-DR-DSC-PKG-EP-HOSP-001-DEPT-ED-kpi_005-20260312,DR-DSC-PKG-EP-HOSP-001-DEPT-ED-kpi_005-20260312,DSC-PKG-EP-HOSP-001-DEPT-ED-kpi_005-20260312,DPKG-PKG-EP-HOSP-001-DEPT-ED-kpi_005-20260312,Monitoring Only, This case does not currently require active intervention review.,None,See secondary condition register,See transition register,See responsible role register,Review and validate; no automatic decision,This is not an approval or recommendation,Current readiness: Monitoring Only. This case does not currently require active intervention review. The analytical route calls for continued observation. Monitoring requirements are present and escalation triggers are defined. Continue monitoring until escalation trigger is met. Responsible party varies by condition; see responsible role register. Permitted action: review and validate; no automatic decision. This classification supports management routing and does not constitute approval.,Explanation supports routing only
EXP-DR-DSC-PKG-EP-HOSP-001-DEPT-ED-kpi_005-20260510,DR-DSC-PKG-EP-HOSP-001-DEPT-ED-kpi_005-20260510,DSC-PKG-EP-HOSP-001-DEPT-ED-kpi_005-20260510,DPKG-PKG-EP-HOSP-001-DEPT-ED-kpi_005-20260510,Monitoring Only, This case does not currently require active intervention review.,None,See secondary condition register,See transition register,See responsible role register,Review and validate; no automatic decision,This is not an approval or recommendation,Current readiness: Monitoring Only. This case does not currently require active intervention review. The analytical route calls for continued observation. Monitoring requirements are present and escalation triggers are defined. Continue monitoring until escalation trigger is met. Responsible party varies by condition; see responsible role register. Permitted action: review and validate; no automatic decision. This classification supports management routing and does not constitute approval.,Explanation supports routing only
EXP-DR-DSC-PKG-EP-HOSP-001-DEPT-ED-kpi_005-20260719,DR-DSC-PKG-EP-HOSP-001-DEPT-ED-kpi_005-20260719,DSC-PKG-EP-HOSP-001-DEPT-ED-kpi_005-20260719,DPKG-PKG-EP-HOSP-001-DEPT-ED-kpi_005-20260719,Monitoring Only, This case does not currently require active intervention review.,None,See secondary condition register,See transition register,See responsible role register,Review and validate; no automatic decision,This is not an approval or recommendation,Current readiness: Monitoring Only. This case does not currently require active intervention review. The analytical route calls for continued observation. Monitoring requirements are present and escalation triggers are defined. Continue monitoring until escalation trigger is met. Responsible party varies by condition; see responsible role register. Permitted action: review and validate; no automatic decision. This classification supports management routing and does not constitute approval.,Explanation supports routing only
EXP-DR-DSC-PKG-EP-HOSP-001-DEPT-ED-kpi_005-20260913,DR-DSC-PKG-EP-HOSP-001-DEPT-ED-kpi_005-20260913,DSC-PKG-EP-HOSP-001-DEPT-ED-kpi_005-20260913,DPKG-PKG-EP-HOSP-001-DEPT-ED-kpi_005-20260913,Monitoring Only, This case does not currently require active intervention review.,None,See secondary condition register,See transition register,See responsible role register,Review and validate; no automatic decision,This is not an approval or recommendation,Current readiness: Monitoring Only. This case does not currently require active intervention review. The analytical route calls for continued observation. Monitoring requirements are present and escalation triggers are defined. Continue monitoring until escalation trigger is met. Responsible party varies by condition; see responsible role register. Permitted action: review and validate; no automatic decision. This classification supports management routing and does not constitute approval.,Explanation supports routing only
EXP-DR-DSC-PKG-EP-HOSP-001-DEPT-ED-kpi_005-20260917,DR-DSC-PKG-EP-HOSP-001-DEPT-ED-kpi_005-20260917,DSC-PKG-EP-HOSP-001-DEPT-ED-kpi_005-20260917,DPKG-PKG-EP-HOSP-001-DEPT-ED-kpi_005-20260917,Monitoring Only, This case does not currently require active intervention review.,None,See secondary condition register,See transition register,See responsible role register,Review and validate; no automatic decision,This is not an approval or recommendation,Current readiness: Monitoring Only. This case does not currently require active intervention review. The analytical route calls for continued observation. Monitoring requirements are present and escalation triggers are defined. Continue monitoring until escalation trigger is met. Responsible party varies by condition; see responsible role register. Permitted action: review and validate; no automatic decision. This classification supports management routing and does not constitute approval.,Explanation supports routing only
EXP-DR-DSC-PKG-EP-HOSP-001-DEPT-ED-kpi_005-20261116,DR-DSC-PKG-EP-HOSP-001-DEPT-ED-kpi_005-20261116,DSC-PKG-EP-HOSP-001-DEPT-ED-kpi_005-20261116,DPKG-PKG-EP-HOSP-001-DEPT-ED-kpi_005-20261116,Monitoring Only, This case does not currently require active intervention review.,None,See secondary condition register,See transition register,See responsible role register,Review and validate; no automatic decision,This is not an approval or recommendation,Current readiness: Monitoring Only. This case does not currently require active intervention review. The analytical route calls for continued observation. Monitoring requirements are present and escalation triggers are defined. Continue monitoring until escalation trigger is met. Responsible party varies by condition; see responsible role register. Permitted action: review and validate; no automatic decision. This classification supports management routing and does not constitute approval.,Explanation supports routing only
EXP-DR-DSC-PKG-EP-HOSP-001-DEPT-ED-kpi_006-20260128,DR-DSC-PKG-EP-HOSP-001-DEPT-ED-kpi_006-20260128,DSC-PKG-EP-HOSP-001-DEPT-ED-kpi_006-20260128,DPKG-PKG-EP-HOSP-001-DEPT-ED-kpi_006-20260128,Monitoring Only, This case does not currently require active intervention review.,None,See secondary condition register,See transition register,See responsible role register,Review and validate; no automatic decision,This is not an approval or recommendation,Current readiness: Monitoring Only. This case does not currently require active intervention review. The analytical route calls for continued observation. Monitoring requirements are present and escalation triggers are defined. Continue monitoring until escalation trigger is met. Responsible party varies by condition; see responsible role register. Permitted action: review and validate; no automatic decision. This classification supports management routing and does not constitute approval.,Explanation supports routing only
EXP-DR-DSC-PKG-EP-HOSP-001-DEPT-ED-kpi_006-20260309,DR-DSC-PKG-EP-HOSP-001-DEPT-ED-kpi_006-20260309,DSC-PKG-EP-HOSP-001-DEPT-ED-kpi_006-20260309,DPKG-PKG-EP-HOSP-001-DEPT-ED-kpi_006-20260309,Monitoring Only, This case does not currently require active intervention review.,None,See secondary condition register,See transition register,See responsible role register,Review and validate; no automatic decision,This is not an approval or recommendation,Current readiness: Monitoring Only. This case does not currently require active intervention review. The analytical route calls for continued observation. Monitoring requirements are present and escalation triggers are defined. Continue monitoring until escalation trigger is met. Responsible party varies by condition; see responsible role register. Permitted action: review and validate; no automatic decision. This classification supports management routing and does not constitute approval.,Explanation supports routing only
EXP-DR-DSC-PKG-EP-HOSP-001-DEPT-ED-kpi_006-20260318,DR-DSC-PKG-EP-HOSP-001-DEPT-ED-kpi_006-20260318,DSC-PKG-EP-HOSP-001-DEPT-ED-kpi_006-20260318,DPKG-PKG-EP-HOSP-001-DEPT-ED-kpi_006-20260318,Monitoring Only, This case does not currently require active intervention review.,None,See secondary condition register,See transition register,See responsible role register,Review and validate; no automatic decision,This is not an approval or recommendation,Current readiness: Monitoring Only. This case does not currently require active intervention review. The analytical route calls for continued observation. Monitoring requirements are present and escalation triggers are defined. Continue monitoring until escalation trigger is met. Responsible party varies by condition; see responsible role register. Permitted action: review and validate; no automatic decision. This classification supports management routing and does not constitute approval.,Explanation supports routing only
EXP-DR-DSC-PKG-EP-HOSP-001-DEPT-ED-kpi_006-20260323,DR-DSC-PKG-EP-HOSP-001-DEPT-ED-kpi_006-20260323,DSC-PKG-EP-HOSP-001-DEPT-ED-kpi_006-20260323,DPKG-PKG-EP-HOSP-001-DEPT-ED-kpi_006-20260323,Monitoring Only, This case does not currently require active intervention review.,None,See secondary condition register,See transition register,See responsible role register,Review and validate; no automatic decision,This is not an approval or recommendation,Current readiness: Monitoring Only. This case does not currently require active intervention review. The analytical route calls for continued observation. Monitoring requirements are present and escalation triggers are defined. Continue monitoring until escalation trigger is met. Responsible party varies by condition; see responsible role register. Permitted action: review and validate; no automatic decision. This classification supports management routing and does not constitute approval.,Explanation supports routing only
EXP-DR-DSC-PKG-EP-HOSP-001-DEPT-ED-kpi_006-20260330,DR-DSC-PKG-EP-HOSP-001-DEPT-ED-kpi_006-20260330,DSC-PKG-EP-HOSP-001-DEPT-ED-kpi_006-20260330,DPKG-PKG-EP-HOSP-001-DEPT-ED-kpi_006-20260330,Monitoring Only, This case does not currently require active intervention review.,None,See secondary condition register,See transition register,See responsible role register,Review and validate; no automatic decision,This is not an approval or recommendation,Current readiness: Monitoring Only. This case does not currently require active intervention review. The analytical route calls for continued observation. Monitoring requirements are present and escalation triggers are defined. Continue monitoring until escalation trigger is met. Responsible party varies by condition; see responsible role register. Permitted action: review and validate; no automatic decision. This classification supports management routing and does not constitute approval.,Explanation supports routing only
EXP-DR-DSC-PKG-EP-HOSP-001-DEPT-ED-kpi_006-20260412,DR-DSC-PKG-EP-HOSP-001-DEPT-ED-kpi_006-20260412,DSC-PKG-EP-HOSP-001-DEPT-ED-kpi_006-20260412,DPKG-PKG-EP-HOSP-001-DEPT-ED-kpi_006-20260412,Monitoring Only, This case does not currently require active intervention review.,None,See secondary condition register,See transition register,See responsible role register,Review and validate; no automatic decision,This is not an approval or recommendation,Current readiness: Monitoring Only. This case does not currently require active intervention review. The analytical route calls for continued observation. Monitoring requirements are present and escalation triggers are defined. Continue monitoring until escalation trigger is met. Responsible party varies by condition; see responsible role register. Permitted action: review and validate; no automatic decision. This classification supports management routing and does not constitute approval.,Explanation supports routing only
EXP-DR-DSC-PKG-EP-HOSP-001-DEPT-ED-kpi_006-20260702,DR-DSC-PKG-EP-HOSP-001-DEPT-ED-kpi_006-20260702,DSC-PKG-EP-HOSP-001-DEPT-ED-kpi_006-20260702,DPKG-PKG-EP-HOSP-001-DEPT-ED-kpi_006-20260702,Monitoring Only, This case does not currently require active intervention review.,None,See secondary condition register,See transition register,See responsible role register,Review and validate; no automatic decision,This is not an approval or recommendation,Current readiness: Monitoring Only. This case does not currently require active intervention review. The analytical route calls for continued observation. Monitoring requirements are present and escalation triggers are defined. Continue monitoring until escalation trigger is met. Responsible party varies by condition; see responsible role register. Permitted action: review and validate; no automatic decision. This classification supports management routing and does not constitute approval.,Explanation supports routing only
EXP-DR-DSC-PKG-EP-HOSP-001-DEPT-ED-kpi_006-20260712,DR-DSC-PKG-EP-HOSP-001-DEPT-ED-kpi_006-20260712,DSC-PKG-EP-HOSP-001-DEPT-ED-kpi_006-20260712,DPKG-PKG-EP-HOSP-001-DEPT-ED-kpi_006-20260712,Monitoring Only, This case does not currently require active intervention review.,None,See secondary condition register,See transition register,See responsible role register,Review and validate; no automatic decision,This is not an approval or recommendation,Current readiness: Monitoring Only. This case does not currently require active intervention review. The analytical route calls for continued observation. Monitoring requirements are present and escalation triggers are defined. Continue monitoring until escalation trigger is met. Responsible party varies by condition; see responsible role register. Permitted action: review and validate; no automatic decision. This classification supports management routing and does not constitute approval.,Explanation supports routing only
EXP-DR-DSC-PKG-EP-HOSP-001-DEPT-ED-kpi_006-20260731,DR-DSC-PKG-EP-HOSP-001-DEPT-ED-kpi_006-20260731,DSC-PKG-EP-HOSP-001-DEPT-ED-kpi_006-20260731,DPKG-PKG-EP-HOSP-001-DEPT-ED-kpi_006-20260731,Monitoring Only, This case does not currently require active intervention review.,None,See secondary condition register,See transition register,See responsible role register,Review and validate; no automatic decision,This is not an approval or recommendation,Current readiness: Monitoring Only. This case does not currently require active intervention review. The analytical route calls for continued observation. Monitoring requirements are present and escalation triggers are defined. Continue monitoring until escalation trigger is met. Responsible party varies by condition; see responsible role register. Permitted action: review and validate; no automatic decision. This classification supports management routing and does not constitute approval.,Explanation supports routing only
EXP-DR-DSC-PKG-EP-HOSP-001-DEPT-ED-kpi_006-20260805,DR-DSC-PKG-EP-HOSP-001-DEPT-ED-kpi_006-20260805,DSC-PKG-EP-HOSP-001-DEPT-ED-kpi_006-20260805,DPKG-PKG-EP-HOSP-001-DEPT-ED-kpi_006-20260805,Monitoring Only, This case does not currently require active intervention review.,None,See secondary condition register,See transition register,See responsible role register,Review and validate; no automatic decision,This is not an approval or recommendation,Current readiness: Monitoring Only. This case does not currently require active intervention review. The analytical route calls for continued observation. Monitoring requirements are present and escalation triggers are defined. Continue monitoring until escalation trigger is met. Responsible party varies by condition; see responsible role register. Permitted action: review and validate; no automatic decision. This classification supports management routing and does not constitute approval.,Explanation supports routing only
EXP-DR-DSC-PKG-EP-HOSP-001-DEPT-ED-kpi_006-20260902,DR-DSC-PKG-EP-HOSP-001-DEPT-ED-kpi_006-20260902,DSC-PKG-EP-HOSP-001-DEPT-ED-kpi_006-20260902,DPKG-PKG-EP-HOSP-001-DEPT-ED-kpi_006-20260902,Monitoring Only, This case does not currently require active intervention review.,None,See secondary condition register,See transition register,See responsible role register,Review and validate; no automatic decision,This is not an approval or recommendation,Current readiness: Monitoring Only. This case does not currently require active intervention review. The analytical route calls for continued observation. Monitoring requirements are present and escalation triggers are defined. Continue monitoring until escalation trigger is met. Responsible party varies by condition; see responsible role register. Permitted action: review and validate; no automatic decision. This classification supports management routing and does not constitute approval.,Explanation supports routing only
EXP-DR-DSC-PKG-EP-HOSP-001-DEPT-ED-kpi_006-20260909,DR-DSC-PKG-EP-HOSP-001-DEPT-ED-kpi_006-20260909,DSC-PKG-EP-HOSP-001-DEPT-ED-kpi_006-20260909,DPKG-PKG-EP-HOSP-001-DEPT-ED-kpi_006-20260909,Monitoring Only, This case does not currently require active intervention review.,None,See secondary condition register,See transition register,See responsible role register,Review and validate; no automatic decision,This is not an approval or recommendation,Current readiness: Monitoring Only. This case does not currently require active intervention review. The analytical route calls for continued observation. Monitoring requirements are present and escalation triggers are defined. Continue monitoring until escalation trigger is met. Responsible party varies by condition; see responsible role register. Permitted action: review and validate; no automatic decision. This classification supports management routing and does not constitute approval.,Explanation supports routing only
EXP-DR-DSC-PKG-EP-HOSP-001-DEPT-ED-kpi_006-20260914,DR-DSC-PKG-EP-HOSP-001-DEPT-ED-kpi_006-20260914,DSC-PKG-EP-HOSP-001-DEPT-ED-kpi_006-20260914,DPKG-PKG-EP-HOSP-001-DEPT-ED-kpi_006-20260914,Monitoring Only, This case does not currently require active intervention review.,None,See secondary condition register,See transition register,See responsible role register,Review and validate; no automatic decision,This is not an approval or recommendation,Current readiness: Monitoring Only. This case does not currently require active intervention review. The analytical route calls for continued observation. Monitoring requirements are present and escalation triggers are defined. Continue monitoring until escalation trigger is met. Responsible party varies by condition; see responsible role register. Permitted action: review and validate; no automatic decision. This classification supports management routing and does not constitute approval.,Explanation supports routing only
EXP-DR-DSC-PKG-EP-HOSP-001-DEPT-ED-kpi_006-20260921,DR-DSC-PKG-EP-HOSP-001-DEPT-ED-kpi_006-20260921,DSC-PKG-EP-HOSP-001-DEPT-ED-kpi_006-20260921,DPKG-PKG-EP-HOSP-001-DEPT-ED-kpi_006-20260921,Monitoring Only, This case does not currently require active intervention review.,None,See secondary condition register,See transition register,See responsible role register,Review and validate; no automatic decision,This is not an approval or recommendation,Current readiness: Monitoring Only. This case does not currently require active intervention review. The analytical route calls for continued observation. Monitoring requirements are present and escalation triggers are defined. Continue monitoring until escalation trigger is met. Responsible party varies by condition; see responsible role register. Permitted action: review and validate; no automatic decision. This classification supports management routing and does not constitute approval.,Explanation supports routing only
EXP-DR-DSC-PKG-EP-HOSP-001-DEPT-ED-kpi_006-20261004,DR-DSC-PKG-EP-HOSP-001-DEPT-ED-kpi_006-20261004,DSC-PKG-EP-HOSP-001-DEPT-ED-kpi_006-20261004,DPKG-PKG-EP-HOSP-001-DEPT-ED-kpi_006-20261004,Monitoring Only, This case does not currently require active intervention review.,None,See secondary condition register,See transition register,See responsible role register,Review and validate; no automatic decision,This is not an approval or recommendation,Current readiness: Monitoring Only. This case does not currently require active intervention review. The analytical route calls for continued observation. Monitoring requirements are present and escalation triggers are defined. Continue monitoring until escalation trigger is met. Responsible party varies by condition; see responsible role register. Permitted action: review and validate; no automatic decision. This classification supports management routing and does not constitute approval.,Explanation supports routing only
EXP-DR-DSC-PKG-EP-HOSP-001-DEPT-ED-kpi_006-20261111,DR-DSC-PKG-EP-HOSP-001-DEPT-ED-kpi_006-20261111,DSC-PKG-EP-HOSP-001-DEPT-ED-kpi_006-20261111,DPKG-PKG-EP-HOSP-001-DEPT-ED-kpi_006-20261111,Monitoring Only, This case does not currently require active intervention review.,None,See secondary condition register,See transition register,See responsible role register,Review and validate; no automatic decision,This is not an approval or recommendation,Current readiness: Monitoring Only. This case does not currently require active intervention review. The analytical route calls for continued observation. Monitoring requirements are present and escalation triggers are defined. Continue monitoring until escalation trigger is met. Responsible party varies by condition; see responsible role register. Permitted action: review and validate; no automatic decision. This classification supports management routing and does not constitute approval.,Explanation supports routing only
EXP-DR-DSC-PKG-EP-HOSP-001-DEPT-ED-kpi_006-20261118,DR-DSC-PKG-EP-HOSP-001-DEPT-ED-kpi_006-20261118,DSC-PKG-EP-HOSP-001-DEPT-ED-kpi_006-20261118,DPKG-PKG-EP-HOSP-001-DEPT-ED-kpi_006-20261118,Monitoring Only, This case does not currently require active intervention review.,None,See secondary condition register,See transition register,See responsible role register,Review and validate; no automatic decision,This is not an approval or recommendation,Current readiness: Monitoring Only. This case does not currently require active intervention review. The analytical route calls for continued observation. Monitoring requirements are present and escalation triggers are defined. Continue monitoring until escalation trigger is met. Responsible party varies by condition; see responsible role register. Permitted action: review and validate; no automatic decision. This classification supports management routing and does not constitute approval.,Explanation supports routing only
EXP-DR-DSC-PKG-EP-HOSP-001-DEPT-ED-kpi_006-20261129,DR-DSC-PKG-EP-HOSP-001-DEPT-ED-kpi_006-20261129,DSC-PKG-EP-HOSP-001-DEPT-ED-kpi_006-20261129,DPKG-PKG-EP-HOSP-001-DEPT-ED-kpi_006-20261129,Monitoring Only, This case does not currently require active intervention review.,None,See secondary condition register,See transition register,See responsible role register,Review and validate; no automatic decision,This is not an approval or recommendation,Current readiness: Monitoring Only. This case does not currently require active intervention review. The analytical route calls for continued observation. Monitoring requirements are present and escalation triggers are defined. Continue monitoring until escalation trigger is met. Responsible party varies by condition; see responsible role register. Permitted action: review and validate; no automatic decision. This classification supports management routing and does not constitute approval.,Explanation supports routing only
EXP-DR-DSC-PKG-EP-HOSP-001-DEPT-ED-kpi_006-20261203,DR-DSC-PKG-EP-HOSP-001-DEPT-ED-kpi_006-20261203,DSC-PKG-EP-HOSP-001-DEPT-ED-kpi_006-20261203,DPKG-PKG-EP-HOSP-001-DEPT-ED-kpi_006-20261203,Monitoring Only, This case does not currently require active intervention review.,None,See secondary condition register,See transition register,See responsible role register,Review and validate; no automatic decision,This is not an approval or recommendation,Current readiness: Monitoring Only. This case does not currently require active intervention review. The analytical route calls for continued observation. Monitoring requirements are present and escalation triggers are defined. Continue monitoring until escalation trigger is met. Responsible party varies by condition; see responsible role register. Permitted action: review and validate; no automatic decision. This classification supports management routing and does not constitute approval.,Explanation supports routing only
EXP-DR-DSC-PKG-EP-HOSP-001-DEPT-ED-kpi_006-20261210,DR-DSC-PKG-EP-HOSP-001-DEPT-ED-kpi_006-20261210,DSC-PKG-EP-HOSP-001-DEPT-ED-kpi_006-20261210,DPKG-PKG-EP-HOSP-001-DEPT-ED-kpi_006-20261210,Monitoring Only, This case does not currently require active intervention review.,None,See secondary condition register,See transition register,See responsible role register,Review and validate; no automatic decision,This is not an approval or recommendation,Current readiness: Monitoring Only. This case does not currently require active intervention review. The analytical route calls for continued observation. Monitoring requirements are present and escalation triggers are defined. Continue monitoring until escalation trigger is met. Responsible party varies by condition; see responsible role register. Permitted action: review and validate; no automatic decision. This classification supports management routing and does not constitute approval.,Explanation supports routing only
EXP-DR-DSC-PKG-EP-HOSP-001-DEPT-ED-kpi_006-20261224,DR-DSC-PKG-EP-HOSP-001-DEPT-ED-kpi_006-20261224,DSC-PKG-EP-HOSP-001-DEPT-ED-kpi_006-20261224,DPKG-PKG-EP-HOSP-001-DEPT-ED-kpi_006-20261224,Monitoring Only, This case does not currently require active intervention review.,None,See secondary condition register,See transition register,See responsible role register,Review and validate; no automatic decision,This is not an approval or recommendation,Current readiness: Monitoring Only. This case does not currently require active intervention review. The analytical route calls for continued observation. Monitoring requirements are present and escalation triggers are defined. Continue monitoring until escalation trigger is met. Responsible party varies by condition; see responsible role register. Permitted action: review and validate; no automatic decision. This classification supports management routing and does not constitute approval.,Explanation supports routing only
EXP-DR-DSC-PKG-EP-HOSP-001-DEPT-ICU-kpi_001-20260106,DR-DSC-PKG-EP-HOSP-001-DEPT-ICU-kpi_001-20260106,DSC-PKG-EP-HOSP-001-DEPT-ICU-kpi_001-20260106,DPKG-PKG-EP-HOSP-001-DEPT-ICU-kpi_001-20260106,Ready with Conditions, This package is complete enough for management review with non-blocking conditions remaining.,None,See secondary condition register,See transition register,See responsible role register,Review and validate; no automatic decision,This is not an approval or recommendation,Current readiness: Ready with Conditions. This package is complete enough for management review with non-blocking conditions remaining. Core information is available but some warnings or provisional matters require attention. Management can review the options but must confirm specified matters. Resolve Ready with Conditions before readiness can advance. Responsible party varies by condition; see responsible role register. Permitted action: review and validate; no automatic decision. This classification supports management routing and does not constitute approval.,Explanation supports routing only
EXP-DR-DSC-PKG-EP-HOSP-001-DEPT-ICU-kpi_001-20260114,DR-DSC-PKG-EP-HOSP-001-DEPT-ICU-kpi_001-20260114,DSC-PKG-EP-HOSP-001-DEPT-ICU-kpi_001-20260114,DPKG-PKG-EP-HOSP-001-DEPT-ICU-kpi_001-20260114,Requires Evidence Completion, Required evidence references are missing or applicable analytical phases are not covered.,Requires Evidence Completion,See secondary condition register,See transition register,See responsible role register,Review and validate; no automatic decision,This is not an approval or recommendation,Current readiness: Requires Evidence Completion. Required evidence references are missing or applicable analytical phases are not covered. Evidence completeness is insufficient for management review. Main blocking condition: Requires Evidence Completion. Resolve Requires Evidence Completion before readiness can advance. Responsible party varies by condition; see responsible role register. Permitted action: review and validate; no automatic decision. This classification supports management routing and does not constitute approval.,Explanation supports routing only
EXP-DR-DSC-PKG-EP-HOSP-001-DEPT-ICU-kpi_001-20260211,DR-DSC-PKG-EP-HOSP-001-DEPT-ICU-kpi_001-20260211,DSC-PKG-EP-HOSP-001-DEPT-ICU-kpi_001-20260211,DPKG-PKG-EP-HOSP-001-DEPT-ICU-kpi_001-20260211,Ready with Conditions, This package is complete enough for management review with non-blocking conditions remaining.,None,See secondary condition register,See transition register,See responsible role register,Review and validate; no automatic decision,This is not an approval or recommendation,Current readiness: Ready with Conditions. This package is complete enough for management review with non-blocking conditions remaining. Core information is available but some warnings or provisional matters require attention. Management can review the options but must confirm specified matters. Resolve Ready with Conditions before readiness can advance. Responsible party varies by condition; see responsible role register. Permitted action: review and validate; no automatic decision. This classification supports management routing and does not constitute approval.,Explanation supports routing only
EXP-DR-DSC-PKG-EP-HOSP-001-DEPT-ICU-kpi_001-20260216,DR-DSC-PKG-EP-HOSP-001-DEPT-ICU-kpi_001-20260216,DSC-PKG-EP-HOSP-001-DEPT-ICU-kpi_001-20260216,DPKG-PKG-EP-HOSP-001-DEPT-ICU-kpi_001-20260216,Ready with Conditions, This package is complete enough for management review with non-blocking conditions remaining.,None,See secondary condition register,See transition register,See responsible role register,Review and validate; no automatic decision,This is not an approval or recommendation,Current readiness: Ready with Conditions. This package is complete enough for management review with non-blocking conditions remaining. Core information is available but some warnings or provisional matters require attention. Management can review the options but must confirm specified matters. Resolve Ready with Conditions before readiness can advance. Responsible party varies by condition; see responsible role register. Permitted action: review and validate; no automatic decision. This classification supports management routing and does not constitute approval.,Explanation supports routing only
EXP-DR-DSC-PKG-EP-HOSP-001-DEPT-ICU-kpi_001-20260323,DR-DSC-PKG-EP-HOSP-001-DEPT-ICU-kpi_001-20260323,DSC-PKG-EP-HOSP-001-DEPT-ICU-kpi_001-20260323,DPKG-PKG-EP-HOSP-001-DEPT-ICU-kpi_001-20260323,Requires Assumption Validation, Scenario or recommendation assumptions remain materially unconfirmed.,Requires Assumption Validation,See secondary condition register,See transition register,See responsible role register,Review and validate; no automatic decision,This is not an approval or recommendation,Current readiness: Requires Assumption Validation. Scenario or recommendation assumptions remain materially unconfirmed. Management review would be misleading without confirmation of key assumptions. Comparator assumptions require validation before proceeding. Main blocking condition: Requires Assumption Validation. Resolve Requires Assumption Validation before readiness can advance. Responsible party varies by condition; see responsible role register. Permitted action: review and validate; no automatic decision. This classification supports management routing and does not constitute approval.,Explanation supports routing only
EXP-DR-DSC-PKG-EP-HOSP-001-DEPT-ICU-kpi_001-20260407,DR-DSC-PKG-EP-HOSP-001-DEPT-ICU-kpi_001-20260407,DSC-PKG-EP-HOSP-001-DEPT-ICU-kpi_001-20260407,DPKG-PKG-EP-HOSP-001-DEPT-ICU-kpi_001-20260407,Ready with Conditions, This package is complete enough for management review with non-blocking conditions remaining.,None,See secondary condition register,See transition register,See responsible role register,Review and validate; no automatic decision,This is not an approval or recommendation,Current readiness: Ready with Conditions. This package is complete enough for management review with non-blocking conditions remaining. Core information is available but some warnings or provisional matters require attention. Management can review the options but must confirm specified matters. Resolve Ready with Conditions before readiness can advance. Responsible party varies by condition; see responsible role register. Permitted action: review and validate; no automatic decision. This classification supports management routing and does not constitute approval.,Explanation supports routing only
EXP-DR-DSC-PKG-EP-HOSP-001-DEPT-ICU-kpi_001-20260426,DR-DSC-PKG-EP-HOSP-001-DEPT-ICU-kpi_001-20260426,DSC-PKG-EP-HOSP-001-DEPT-ICU-kpi_001-20260426,DPKG-PKG-EP-HOSP-001-DEPT-ICU-kpi_001-20260426,Ready with Conditions, This package is complete enough for management review with non-blocking conditions remaining.,None,See secondary condition register,See transition register,See responsible role register,Review and validate; no automatic decision,This is not an approval or recommendation,Current readiness: Ready with Conditions. This package is complete enough for management review with non-blocking conditions remaining. Core information is available but some warnings or provisional matters require attention. Management can review the options but must confirm specified matters. Resolve Ready with Conditions before readiness can advance. Responsible party varies by condition; see responsible role register. Permitted action: review and validate; no automatic decision. This classification supports management routing and does not constitute approval.,Explanation supports routing only
EXP-DR-DSC-PKG-EP-HOSP-001-DEPT-ICU-kpi_001-20260505,DR-DSC-PKG-EP-HOSP-001-DEPT-ICU-kpi_001-20260505,DSC-PKG-EP-HOSP-001-DEPT-ICU-kpi_001-20260505,DPKG-PKG-EP-HOSP-001-DEPT-ICU-kpi_001-20260505,Requires Baseline Validation," The baseline is missing, stale, inconsistent, or not representative.",Requires Baseline Validation,See secondary condition register,See transition register,See responsible role register,Review and validate; no automatic decision,This is not an approval or recommendation,"Current readiness: Requires Baseline Validation. The baseline is missing, stale, inconsistent, or not representative. Baseline validation status is blocking further progression. A valid baseline must be established before management review. Main blocking condition: Requires Baseline Validation. Resolve Requires Baseline Validation before readiness can advance. Responsible party varies by condition; see responsible role register. Permitted action: review and validate; no automatic decision. This classification supports management routing and does not constitute approval.",Explanation supports routing only
EXP-DR-DSC-PKG-EP-HOSP-001-DEPT-ICU-kpi_001-20260513,DR-DSC-PKG-EP-HOSP-001-DEPT-ICU-kpi_001-20260513,DSC-PKG-EP-HOSP-001-DEPT-ICU-kpi_001-20260513,DPKG-PKG-EP-HOSP-001-DEPT-ICU-kpi_001-20260513,Requires Stakeholder Validation, A material input or assumption requires responsible-owner confirmation.,Requires Stakeholder Validation,See secondary condition register,See transition register,See responsible role register,Review and validate; no automatic decision,This is not an approval or recommendation,Current readiness: Requires Stakeholder Validation. A material input or assumption requires responsible-owner confirmation. Stakeholder confirmation is blocking and cannot be safely resolved analytically. Main blocking condition: Requires Stakeholder Validation. Resolve Requires Stakeholder Validation before readiness can advance. Responsible party varies by condition; see responsible role register. Permitted action: review and validate; no automatic decision. This classification supports management routing and does not constitute approval.,Explanation supports routing only
EXP-DR-DSC-PKG-EP-HOSP-001-DEPT-ICU-kpi_001-20260528,DR-DSC-PKG-EP-HOSP-001-DEPT-ICU-kpi_001-20260528,DSC-PKG-EP-HOSP-001-DEPT-ICU-kpi_001-20260528,DPKG-PKG-EP-HOSP-001-DEPT-ICU-kpi_001-20260528,Ready for Integrated Management Review, This package has passed all mandatory gates and is ready for management review.,None,See secondary condition register,See transition register,See responsible role register,Review and validate; no automatic decision,This is not an approval or recommendation,"Current readiness: Ready for Integrated Management Review. This package has passed all mandatory gates and is ready for management review. Core risk, recommendation, scenario, and financial information is available. No absolute exclusion applies. Management can review the options and confirm specified matters. Management review may proceed. Responsible party varies by condition; see responsible role register. Permitted action: review and validate; no automatic decision. This classification supports management routing and does not constitute approval.",Explanation supports routing only
EXP-DR-DSC-PKG-EP-HOSP-001-DEPT-ICU-kpi_001-20260612,DR-DSC-PKG-EP-HOSP-001-DEPT-ICU-kpi_001-20260612,DSC-PKG-EP-HOSP-001-DEPT-ICU-kpi_001-20260612,DPKG-PKG-EP-HOSP-001-DEPT-ICU-kpi_001-20260612,Requires Assumption Validation, Scenario or recommendation assumptions remain materially unconfirmed.,Requires Assumption Validation,See secondary condition register,See transition register,See responsible role register,Review and validate; no automatic decision,This is not an approval or recommendation,Current readiness: Requires Assumption Validation. Scenario or recommendation assumptions remain materially unconfirmed. Management review would be misleading without confirmation of key assumptions. Comparator assumptions require validation before proceeding. Main blocking condition: Requires Assumption Validation. Resolve Requires Assumption Validation before readiness can advance. Responsible party varies by condition; see responsible role register. Permitted action: review and validate; no automatic decision. This classification supports management routing and does not constitute approval.,Explanation supports routing only
EXP-DR-DSC-PKG-EP-HOSP-001-DEPT-ICU-kpi_001-20260707,DR-DSC-PKG-EP-HOSP-001-DEPT-ICU-kpi_001-20260707,DSC-PKG-EP-HOSP-001-DEPT-ICU-kpi_001-20260707,DPKG-PKG-EP-HOSP-001-DEPT-ICU-kpi_001-20260707,Requires Evidence Completion, Required evidence references are missing or applicable analytical phases are not covered.,Requires Evidence Completion,See secondary condition register,See transition register,See responsible role register,Review and validate; no automatic decision,This is not an approval or recommendation,Current readiness: Requires Evidence Completion. Required evidence references are missing or applicable analytical phases are not covered. Evidence completeness is insufficient for management review. Main blocking condition: Requires Evidence Completion. Resolve Requires Evidence Completion before readiness can advance. Responsible party varies by condition; see responsible role register. Permitted action: review and validate; no automatic decision. This classification supports management routing and does not constitute approval.,Explanation supports routing only
EXP-DR-DSC-PKG-EP-HOSP-001-DEPT-ICU-kpi_001-20260801,DR-DSC-PKG-EP-HOSP-001-DEPT-ICU-kpi_001-20260801,DSC-PKG-EP-HOSP-001-DEPT-ICU-kpi_001-20260801,DPKG-PKG-EP-HOSP-001-DEPT-ICU-kpi_001-20260801,Requires Lineage Completion, Source-to-decision lineage is incomplete or orphan references exist.,Requires Lineage Completion,See secondary condition register,See transition register,See responsible role register,Review and validate; no automatic decision,This is not an approval or recommendation,Current readiness: Requires Lineage Completion. Source-to-decision lineage is incomplete or orphan references exist. The decision record cannot be fully traced without completing lineage. Main blocking condition: Requires Lineage Completion. Resolve Requires Lineage Completion before readiness can advance. Responsible party varies by condition; see responsible role register. Permitted action: review and validate; no automatic decision. This classification supports management routing and does not constitute approval.,Explanation supports routing only
EXP-DR-DSC-PKG-EP-HOSP-001-DEPT-ICU-kpi_001-20260830,DR-DSC-PKG-EP-HOSP-001-DEPT-ICU-kpi_001-20260830,DSC-PKG-EP-HOSP-001-DEPT-ICU-kpi_001-20260830,DPKG-PKG-EP-HOSP-001-DEPT-ICU-kpi_001-20260830,Ready with Conditions, This package is complete enough for management review with non-blocking conditions remaining.,None,See secondary condition register,See transition register,See responsible role register,Review and validate; no automatic decision,This is not an approval or recommendation,Current readiness: Ready with Conditions. This package is complete enough for management review with non-blocking conditions remaining. Core information is available but some warnings or provisional matters require attention. Management can review the options but must confirm specified matters. Resolve Ready with Conditions before readiness can advance. Responsible party varies by condition; see responsible role register. Permitted action: review and validate; no automatic decision. This classification supports management routing and does not constitute approval.,Explanation supports routing only
EXP-DR-DSC-PKG-EP-HOSP-001-DEPT-ICU-kpi_001-20260914,DR-DSC-PKG-EP-HOSP-001-DEPT-ICU-kpi_001-20260914,DSC-PKG-EP-HOSP-001-DEPT-ICU-kpi_001-20260914,DPKG-PKG-EP-HOSP-001-DEPT-ICU-kpi_001-20260914,Requires Budget Data, Affordability or budget sufficiency is required but no authoritative budget is available.,Requires Budget Data,See secondary condition register,See transition register,See responsible role register,Review and validate; no automatic decision,This is not an approval or recommendation,Current readiness: Requires Budget Data. Affordability or budget sufficiency is required but no authoritative budget is available. Budget data must be supplied before financial readiness can be confirmed. Main blocking condition: Requires Budget Data. Resolve Requires Budget Data before readiness can advance. Responsible party varies by condition; see responsible role register. Permitted action: review and validate; no automatic decision. This classification supports management routing and does not constitute approval.,Explanation supports routing only
EXP-DR-DSC-PKG-EP-HOSP-001-DEPT-ICU-kpi_001-20260922,DR-DSC-PKG-EP-HOSP-001-DEPT-ICU-kpi_001-20260922,DSC-PKG-EP-HOSP-001-DEPT-ICU-kpi_001-20260922,DPKG-PKG-EP-HOSP-001-DEPT-ICU-kpi_001-20260922,Ready for Integrated Management Review, This package has passed all mandatory gates and is ready for management review.,None,See secondary condition register,See transition register,See responsible role register,Review and validate; no automatic decision,This is not an approval or recommendation,"Current readiness: Ready for Integrated Management Review. This package has passed all mandatory gates and is ready for management review. Core risk, recommendation, scenario, and financial information is available. No absolute exclusion applies. Management can review the options and confirm specified matters. Management review may proceed. Responsible party varies by condition; see responsible role register. Permitted action: review and validate; no automatic decision. This classification supports management routing and does not constitute approval.",Explanation supports routing only
EXP-DR-DSC-PKG-EP-HOSP-001-DEPT-ICU-kpi_001-20261105,DR-DSC-PKG-EP-HOSP-001-DEPT-ICU-kpi_001-20261105,DSC-PKG-EP-HOSP-001-DEPT-ICU-kpi_001-20261105,DPKG-PKG-EP-HOSP-001-DEPT-ICU-kpi_001-20261105,Requires Assumption Validation, Scenario or recommendation assumptions remain materially unconfirmed.,Requires Assumption Validation,See secondary condition register,See transition register,See responsible role register,Review and validate; no automatic decision,This is not an approval or recommendation,Current readiness: Requires Assumption Validation. Scenario or recommendation assumptions remain materially unconfirmed. Management review would be misleading without confirmation of key assumptions. Comparator assumptions require validation before proceeding. Main blocking condition: Requires Assumption Validation. Resolve Requires Assumption Validation before readiness can advance. Responsible party varies by condition; see responsible role register. Permitted action: review and validate; no automatic decision. This classification supports management routing and does not constitute approval.,Explanation supports routing only
EXP-DR-DSC-PKG-EP-HOSP-001-DEPT-ICU-kpi_001-20261111,DR-DSC-PKG-EP-HOSP-001-DEPT-ICU-kpi_001-20261111,DSC-PKG-EP-HOSP-001-DEPT-ICU-kpi_001-20261111,DPKG-PKG-EP-HOSP-001-DEPT-ICU-kpi_001-20261111,Requires Assumption Validation, Scenario or recommendation assumptions remain materially unconfirmed.,Requires Assumption Validation,See secondary condition register,See transition register,See responsible role register,Review and validate; no automatic decision,This is not an approval or recommendation,Current readiness: Requires Assumption Validation. Scenario or recommendation assumptions remain materially unconfirmed. Management review would be misleading without confirmation of key assumptions. Comparator assumptions require validation before proceeding. Main blocking condition: Requires Assumption Validation. Resolve Requires Assumption Validation before readiness can advance. Responsible party varies by condition; see responsible role register. Permitted action: review and validate; no automatic decision. This classification supports management routing and does not constitute approval.,Explanation supports routing only
EXP-DR-DSC-PKG-EP-HOSP-001-DEPT-ICU-kpi_001-20261130,DR-DSC-PKG-EP-HOSP-001-DEPT-ICU-kpi_001-20261130,DSC-PKG-EP-HOSP-001-DEPT-ICU-kpi_001-20261130,DPKG-PKG-EP-HOSP-001-DEPT-ICU-kpi_001-20261130,Ready with Conditions, This package is complete enough for management review with non-blocking conditions remaining.,None,See secondary condition register,See transition register,See responsible role register,Review and validate; no automatic decision,This is not an approval or recommendation,Current readiness: Ready with Conditions. This package is complete enough for management review with non-blocking conditions remaining. Core information is available but some warnings or provisional matters require attention. Management can review the options but must confirm specified matters. Resolve Ready with Conditions before readiness can advance. Responsible party varies by condition; see responsible role register. Permitted action: review and validate; no automatic decision. This classification supports management routing and does not constitute approval.,Explanation supports routing only
EXP-DR-DSC-PKG-EP-HOSP-001-DEPT-ICU-kpi_001-20261227,DR-DSC-PKG-EP-HOSP-001-DEPT-ICU-kpi_001-20261227,DSC-PKG-EP-HOSP-001-DEPT-ICU-kpi_001-20261227,DPKG-PKG-EP-HOSP-001-DEPT-ICU-kpi_001-20261227,Requires Assumption Validation, Scenario or recommendation assumptions remain materially unconfirmed.,Requires Assumption Validation,See secondary condition register,See transition register,See responsible role register,Review and validate; no automatic decision,This is not an approval or recommendation,Current readiness: Requires Assumption Validation. Scenario or recommendation assumptions remain materially unconfirmed. Management review would be misleading without confirmation of key assumptions. Comparator assumptions require validation before proceeding. Main blocking condition: Requires Assumption Validation. Resolve Requires Assumption Validation before readiness can advance. Responsible party varies by condition; see responsible role register. Permitted action: review and validate; no automatic decision. This classification supports management routing and does not constitute approval.,Explanation supports routing only
EXP-DR-DSC-PKG-EP-HOSP-001-DEPT-ICU-kpi_002-20260109,DR-DSC-PKG-EP-HOSP-001-DEPT-ICU-kpi_002-20260109,DSC-PKG-EP-HOSP-001-DEPT-ICU-kpi_002-20260109,DPKG-PKG-EP-HOSP-001-DEPT-ICU-kpi_002-20260109,Requires Evidence Completion, Required evidence references are missing or applicable analytical phases are not covered.,Requires Evidence Completion,See secondary condition register,See transition register,See responsible role register,Review and validate; no automatic decision,This is not an approval or recommendation,Current readiness: Requires Evidence Completion. Required evidence references are missing or applicable analytical phases are not covered. Evidence completeness is insufficient for management review. Main blocking condition: Requires Evidence Completion. Resolve Requires Evidence Completion before readiness can advance. Responsible party varies by condition; see responsible role register. Permitted action: review and validate; no automatic decision. This classification supports management routing and does not constitute approval.,Explanation supports routing only
EXP-DR-DSC-PKG-EP-HOSP-001-DEPT-ICU-kpi_002-20260126,DR-DSC-PKG-EP-HOSP-001-DEPT-ICU-kpi_002-20260126,DSC-PKG-EP-HOSP-001-DEPT-ICU-kpi_002-20260126,DPKG-PKG-EP-HOSP-001-DEPT-ICU-kpi_002-20260126,Ready for Integrated Management Review, This package has passed all mandatory gates and is ready for management review.,None,See secondary condition register,See transition register,See responsible role register,Review and validate; no automatic decision,This is not an approval or recommendation,"Current readiness: Ready for Integrated Management Review. This package has passed all mandatory gates and is ready for management review. Core risk, recommendation, scenario, and financial information is available. No absolute exclusion applies. Management can review the options and confirm specified matters. Management review may proceed. Responsible party varies by condition; see responsible role register. Permitted action: review and validate; no automatic decision. This classification supports management routing and does not constitute approval.",Explanation supports routing only
EXP-DR-DSC-PKG-EP-HOSP-001-DEPT-ICU-kpi_002-20260219,DR-DSC-PKG-EP-HOSP-001-DEPT-ICU-kpi_002-20260219,DSC-PKG-EP-HOSP-001-DEPT-ICU-kpi_002-20260219,DPKG-PKG-EP-HOSP-001-DEPT-ICU-kpi_002-20260219,Requires Lineage Completion, Source-to-decision lineage is incomplete or orphan references exist.,Requires Lineage Completion,See secondary condition register,See transition register,See responsible role register,Review and validate; no automatic decision,This is not an approval or recommendation,Current readiness: Requires Lineage Completion. Source-to-decision lineage is incomplete or orphan references exist. The decision record cannot be fully traced without completing lineage. Main blocking condition: Requires Lineage Completion. Resolve Requires Lineage Completion before readiness can advance. Responsible party varies by condition; see responsible role register. Permitted action: review and validate; no automatic decision. This classification supports management routing and does not constitute approval.,Explanation supports routing only
EXP-DR-DSC-PKG-EP-HOSP-001-DEPT-ICU-kpi_002-20260227,DR-DSC-PKG-EP-HOSP-001-DEPT-ICU-kpi_002-20260227,DSC-PKG-EP-HOSP-001-DEPT-ICU-kpi_002-20260227,DPKG-PKG-EP-HOSP-001-DEPT-ICU-kpi_002-20260227,Requires Stakeholder Validation, A material input or assumption requires responsible-owner confirmation.,Requires Stakeholder Validation,See secondary condition register,See transition register,See responsible role register,Review and validate; no automatic decision,This is not an approval or recommendation,Current readiness: Requires Stakeholder Validation. A material input or assumption requires responsible-owner confirmation. Stakeholder confirmation is blocking and cannot be safely resolved analytically. Main blocking condition: Requires Stakeholder Validation. Resolve Requires Stakeholder Validation before readiness can advance. Responsible party varies by condition; see responsible role register. Permitted action: review and validate; no automatic decision. This classification supports management routing and does not constitute approval.,Explanation supports routing only
EXP-DR-DSC-PKG-EP-HOSP-001-DEPT-ICU-kpi_002-20260305,DR-DSC-PKG-EP-HOSP-001-DEPT-ICU-kpi_002-20260305,DSC-PKG-EP-HOSP-001-DEPT-ICU-kpi_002-20260305,DPKG-PKG-EP-HOSP-001-DEPT-ICU-kpi_002-20260305,Ready with Conditions, This package is complete enough for management review with non-blocking conditions remaining.,None,See secondary condition register,See transition register,See responsible role register,Review and validate; no automatic decision,This is not an approval or recommendation,Current readiness: Ready with Conditions. This package is complete enough for management review with non-blocking conditions remaining. Core information is available but some warnings or provisional matters require attention. Management can review the options but must confirm specified matters. Resolve Ready with Conditions before readiness can advance. Responsible party varies by condition; see responsible role register. Permitted action: review and validate; no automatic decision. This classification supports management routing and does not constitute approval.,Explanation supports routing only
EXP-DR-DSC-PKG-EP-HOSP-001-DEPT-ICU-kpi_002-20260315,DR-DSC-PKG-EP-HOSP-001-DEPT-ICU-kpi_002-20260315,DSC-PKG-EP-HOSP-001-DEPT-ICU-kpi_002-20260315,DPKG-PKG-EP-HOSP-001-DEPT-ICU-kpi_002-20260315,Ready with Conditions, This package is complete enough for management review with non-blocking conditions remaining.,None,See secondary condition register,See transition register,See responsible role register,Review and validate; no automatic decision,This is not an approval or recommendation,Current readiness: Ready with Conditions. This package is complete enough for management review with non-blocking conditions remaining. Core information is available but some warnings or provisional matters require attention. Management can review the options but must confirm specified matters. Resolve Ready with Conditions before readiness can advance. Responsible party varies by condition; see responsible role register. Permitted action: review and validate; no automatic decision. This classification supports management routing and does not constitute approval.,Explanation supports routing only
EXP-DR-DSC-PKG-EP-HOSP-001-DEPT-ICU-kpi_002-20260406,DR-DSC-PKG-EP-HOSP-001-DEPT-ICU-kpi_002-20260406,DSC-PKG-EP-HOSP-001-DEPT-ICU-kpi_002-20260406,DPKG-PKG-EP-HOSP-001-DEPT-ICU-kpi_002-20260406,Ready with Conditions, This package is complete enough for management review with non-blocking conditions remaining.,None,See secondary condition register,See transition register,See responsible role register,Review and validate; no automatic decision,This is not an approval or recommendation,Current readiness: Ready with Conditions. This package is complete enough for management review with non-blocking conditions remaining. Core information is available but some warnings or provisional matters require attention. Management can review the options but must confirm specified matters. Resolve Ready with Conditions before readiness can advance. Responsible party varies by condition; see responsible role register. Permitted action: review and validate; no automatic decision. This classification supports management routing and does not constitute approval.,Explanation supports routing only
EXP-DR-DSC-PKG-EP-HOSP-001-DEPT-ICU-kpi_002-20260422,DR-DSC-PKG-EP-HOSP-001-DEPT-ICU-kpi_002-20260422,DSC-PKG-EP-HOSP-001-DEPT-ICU-kpi_002-20260422,DPKG-PKG-EP-HOSP-001-DEPT-ICU-kpi_002-20260422,Ready with Conditions, This package is complete enough for management review with non-blocking conditions remaining.,None,See secondary condition register,See transition register,See responsible role register,Review and validate; no automatic decision,This is not an approval or recommendation,Current readiness: Ready with Conditions. This package is complete enough for management review with non-blocking conditions remaining. Core information is available but some warnings or provisional matters require attention. Management can review the options but must confirm specified matters. Resolve Ready with Conditions before readiness can advance. Responsible party varies by condition; see responsible role register. Permitted action: review and validate; no automatic decision. This classification supports management routing and does not constitute approval.,Explanation supports routing only
EXP-DR-DSC-PKG-EP-HOSP-001-DEPT-ICU-kpi_002-20260429,DR-DSC-PKG-EP-HOSP-001-DEPT-ICU-kpi_002-20260429,DSC-PKG-EP-HOSP-001-DEPT-ICU-kpi_002-20260429,DPKG-PKG-EP-HOSP-001-DEPT-ICU-kpi_002-20260429,Ready with Conditions, This package is complete enough for management review with non-blocking conditions remaining.,None,See secondary condition register,See transition register,See responsible role register,Review and validate; no automatic decision,This is not an approval or recommendation,Current readiness: Ready with Conditions. This package is complete enough for management review with non-blocking conditions remaining. Core information is available but some warnings or provisional matters require attention. Management can review the options but must confirm specified matters. Resolve Ready with Conditions before readiness can advance. Responsible party varies by condition; see responsible role register. Permitted action: review and validate; no automatic decision. This classification supports management routing and does not constitute approval.,Explanation supports routing only
EXP-DR-DSC-PKG-EP-HOSP-001-DEPT-ICU-kpi_002-20260522,DR-DSC-PKG-EP-HOSP-001-DEPT-ICU-kpi_002-20260522,DSC-PKG-EP-HOSP-001-DEPT-ICU-kpi_002-20260522,DPKG-PKG-EP-HOSP-001-DEPT-ICU-kpi_002-20260522,Ready for Integrated Management Review, This package has passed all mandatory gates and is ready for management review.,None,See secondary condition register,See transition register,See responsible role register,Review and validate; no automatic decision,This is not an approval or recommendation,"Current readiness: Ready for Integrated Management Review. This package has passed all mandatory gates and is ready for management review. Core risk, recommendation, scenario, and financial information is available. No absolute exclusion applies. Management can review the options and confirm specified matters. Management review may proceed. Responsible party varies by condition; see responsible role register. Permitted action: review and validate; no automatic decision. This classification supports management routing and does not constitute approval.",Explanation supports routing only
EXP-DR-DSC-PKG-EP-HOSP-001-DEPT-ICU-kpi_002-20260530,DR-DSC-PKG-EP-HOSP-001-DEPT-ICU-kpi_002-20260530,DSC-PKG-EP-HOSP-001-DEPT-ICU-kpi_002-20260530,DPKG-PKG-EP-HOSP-001-DEPT-ICU-kpi_002-20260530,Ready with Conditions, This package is complete enough for management review with non-blocking conditions remaining.,None,See secondary condition register,See transition register,See responsible role register,Review and validate; no automatic decision,This is not an approval or recommendation,Current readiness: Ready with Conditions. This package is complete enough for management review with non-blocking conditions remaining. Core information is available but some warnings or provisional matters require attention. Management can review the options but must confirm specified matters. Resolve Ready with Conditions before readiness can advance. Responsible party varies by condition; see responsible role register. Permitted action: review and validate; no automatic decision. This classification supports management routing and does not constitute approval.,Explanation supports routing only
EXP-DR-DSC-PKG-EP-HOSP-001-DEPT-ICU-kpi_002-20260615,DR-DSC-PKG-EP-HOSP-001-DEPT-ICU-kpi_002-20260615,DSC-PKG-EP-HOSP-001-DEPT-ICU-kpi_002-20260615,DPKG-PKG-EP-HOSP-001-DEPT-ICU-kpi_002-20260615,Ready for Integrated Management Review, This package has passed all mandatory gates and is ready for management review.,None,See secondary condition register,See transition register,See responsible role register,Review and validate; no automatic decision,This is not an approval or recommendation,"Current readiness: Ready for Integrated Management Review. This package has passed all mandatory gates and is ready for management review. Core risk, recommendation, scenario, and financial information is available. No absolute exclusion applies. Management can review the options and confirm specified matters. Management review may proceed. Responsible party varies by condition; see responsible role register. Permitted action: review and validate; no automatic decision. This classification supports management routing and does not constitute approval.",Explanation supports routing only
EXP-DR-DSC-PKG-EP-HOSP-001-DEPT-ICU-kpi_002-20260630,DR-DSC-PKG-EP-HOSP-001-DEPT-ICU-kpi_002-20260630,DSC-PKG-EP-HOSP-001-DEPT-ICU-kpi_002-20260630,DPKG-PKG-EP-HOSP-001-DEPT-ICU-kpi_002-20260630,Requires Stakeholder Validation, A material input or assumption requires responsible-owner confirmation.,Requires Stakeholder Validation,See secondary condition register,See transition register,See responsible role register,Review and validate; no automatic decision,This is not an approval or recommendation,Current readiness: Requires Stakeholder Validation. A material input or assumption requires responsible-owner confirmation. Stakeholder confirmation is blocking and cannot be safely resolved analytically. Main blocking condition: Requires Stakeholder Validation. Resolve Requires Stakeholder Validation before readiness can advance. Responsible party varies by condition; see responsible role register. Permitted action: review and validate; no automatic decision. This classification supports management routing and does not constitute approval.,Explanation supports routing only
EXP-DR-DSC-PKG-EP-HOSP-001-DEPT-ICU-kpi_002-20260718,DR-DSC-PKG-EP-HOSP-001-DEPT-ICU-kpi_002-20260718,DSC-PKG-EP-HOSP-001-DEPT-ICU-kpi_002-20260718,DPKG-PKG-EP-HOSP-001-DEPT-ICU-kpi_002-20260718,Ready for Integrated Management Review, This package has passed all mandatory gates and is ready for management review.,None,See secondary condition register,See transition register,See responsible role register,Review and validate; no automatic decision,This is not an approval or recommendation,"Current readiness: Ready for Integrated Management Review. This package has passed all mandatory gates and is ready for management review. Core risk, recommendation, scenario, and financial information is available. No absolute exclusion applies. Management can review the options and confirm specified matters. Management review may proceed. Responsible party varies by condition; see responsible role register. Permitted action: review and validate; no automatic decision. This classification supports management routing and does not constitute approval.",Explanation supports routing only
EXP-DR-DSC-PKG-EP-HOSP-001-DEPT-ICU-kpi_002-20260818,DR-DSC-PKG-EP-HOSP-001-DEPT-ICU-kpi_002-20260818,DSC-PKG-EP-HOSP-001-DEPT-ICU-kpi_002-20260818,DPKG-PKG-EP-HOSP-001-DEPT-ICU-kpi_002-20260818,Ready with Conditions, This package is complete enough for management review with non-blocking conditions remaining.,None,See secondary condition register,See transition register,See responsible role register,Review and validate; no automatic decision,This is not an approval or recommendation,Current readiness: Ready with Conditions. This package is complete enough for management review with non-blocking conditions remaining. Core information is available but some warnings or provisional matters require attention. Management can review the options but must confirm specified matters. Resolve Ready with Conditions before readiness can advance. Responsible party varies by condition; see responsible role register. Permitted action: review and validate; no automatic decision. This classification supports management routing and does not constitute approval.,Explanation supports routing only
EXP-DR-DSC-PKG-EP-HOSP-001-DEPT-ICU-kpi_002-20260911,DR-DSC-PKG-EP-HOSP-001-DEPT-ICU-kpi_002-20260911,DSC-PKG-EP-HOSP-001-DEPT-ICU-kpi_002-20260911,DPKG-PKG-EP-HOSP-001-DEPT-ICU-kpi_002-20260911,Ready with Conditions, This package is complete enough for management review with non-blocking conditions remaining.,None,See secondary condition register,See transition register,See responsible role register,Review and validate; no automatic decision,This is not an approval or recommendation,Current readiness: Ready with Conditions. This package is complete enough for management review with non-blocking conditions remaining. Core information is available but some warnings or provisional matters require attention. Management can review the options but must confirm specified matters. Resolve Ready with Conditions before readiness can advance. Responsible party varies by condition; see responsible role register. Permitted action: review and validate; no automatic decision. This classification supports management routing and does not constitute approval.,Explanation supports routing only
EXP-DR-DSC-PKG-EP-HOSP-001-DEPT-ICU-kpi_002-20261014,DR-DSC-PKG-EP-HOSP-001-DEPT-ICU-kpi_002-20261014,DSC-PKG-EP-HOSP-001-DEPT-ICU-kpi_002-20261014,DPKG-PKG-EP-HOSP-001-DEPT-ICU-kpi_002-20261014,Requires Evidence Completion, Required evidence references are missing or applicable analytical phases are not covered.,Requires Evidence Completion,See secondary condition register,See transition register,See responsible role register,Review and validate; no automatic decision,This is not an approval or recommendation,Current readiness: Requires Evidence Completion. Required evidence references are missing or applicable analytical phases are not covered. Evidence completeness is insufficient for management review. Main blocking condition: Requires Evidence Completion. Resolve Requires Evidence Completion before readiness can advance. Responsible party varies by condition; see responsible role register. Permitted action: review and validate; no automatic decision. This classification supports management routing and does not constitute approval.,Explanation supports routing only
EXP-DR-DSC-PKG-EP-HOSP-001-DEPT-ICU-kpi_002-20261019,DR-DSC-PKG-EP-HOSP-001-DEPT-ICU-kpi_002-20261019,DSC-PKG-EP-HOSP-001-DEPT-ICU-kpi_002-20261019,DPKG-PKG-EP-HOSP-001-DEPT-ICU-kpi_002-20261019,Ready with Conditions, This package is complete enough for management review with non-blocking conditions remaining.,None,See secondary condition register,See transition register,See responsible role register,Review and validate; no automatic decision,This is not an approval or recommendation,Current readiness: Ready with Conditions. This package is complete enough for management review with non-blocking conditions remaining. Core information is available but some warnings or provisional matters require attention. Management can review the options but must confirm specified matters. Resolve Ready with Conditions before readiness can advance. Responsible party varies by condition; see responsible role register. Permitted action: review and validate; no automatic decision. This classification supports management routing and does not constitute approval.,Explanation supports routing only
EXP-DR-DSC-PKG-EP-HOSP-001-DEPT-ICU-kpi_002-20261026,DR-DSC-PKG-EP-HOSP-001-DEPT-ICU-kpi_002-20261026,DSC-PKG-EP-HOSP-001-DEPT-ICU-kpi_002-20261026,DPKG-PKG-EP-HOSP-001-DEPT-ICU-kpi_002-20261026,Requires Additional Scenario Analysis, The comparator set is incomplete or existing scenario results are insufficient.,Requires Additional Scenario Analysis,See secondary condition register,See transition register,See responsible role register,Review and validate; no automatic decision,This is not an approval or recommendation,Current readiness: Requires Additional Scenario Analysis. The comparator set is incomplete or existing scenario results are insufficient. Additional modelling is required before comparison can be completed. Main blocking condition: Requires Additional Scenario Analysis. Resolve Requires Additional Scenario Analysis before readiness can advance. Responsible party varies by condition; see responsible role register. Permitted action: review and validate; no automatic decision. This classification supports management routing and does not constitute approval.,Explanation supports routing only
EXP-DR-DSC-PKG-EP-HOSP-001-DEPT-ICU-kpi_002-20261118,DR-DSC-PKG-EP-HOSP-001-DEPT-ICU-kpi_002-20261118,DSC-PKG-EP-HOSP-001-DEPT-ICU-kpi_002-20261118,DPKG-PKG-EP-HOSP-001-DEPT-ICU-kpi_002-20261118,Requires Evidence Completion, Required evidence references are missing or applicable analytical phases are not covered.,Requires Evidence Completion,See secondary condition register,See transition register,See responsible role register,Review and validate; no automatic decision,This is not an approval or recommendation,Current readiness: Requires Evidence Completion. Required evidence references are missing or applicable analytical phases are not covered. Evidence completeness is insufficient for management review. Main blocking condition: Requires Evidence Completion. Resolve Requires Evidence Completion before readiness can advance. Responsible party varies by condition; see responsible role register. Permitted action: review and validate; no automatic decision. This classification supports management routing and does not constitute approval.,Explanation supports routing only
EXP-DR-DSC-PKG-EP-HOSP-001-DEPT-ICU-kpi_002-20261129,DR-DSC-PKG-EP-HOSP-001-DEPT-ICU-kpi_002-20261129,DSC-PKG-EP-HOSP-001-DEPT-ICU-kpi_002-20261129,DPKG-PKG-EP-HOSP-001-DEPT-ICU-kpi_002-20261129,Requires Evidence Completion, Required evidence references are missing or applicable analytical phases are not covered.,Requires Evidence Completion,See secondary condition register,See transition register,See responsible role register,Review and validate; no automatic decision,This is not an approval or recommendation,Current readiness: Requires Evidence Completion. Required evidence references are missing or applicable analytical phases are not covered. Evidence completeness is insufficient for management review. Main blocking condition: Requires Evidence Completion. Resolve Requires Evidence Completion before readiness can advance. Responsible party varies by condition; see responsible role register. Permitted action: review and validate; no automatic decision. This classification supports management routing and does not constitute approval.,Explanation supports routing only
EXP-DR-DSC-PKG-EP-HOSP-001-DEPT-ICU-kpi_002-20261207,DR-DSC-PKG-EP-HOSP-001-DEPT-ICU-kpi_002-20261207,DSC-PKG-EP-HOSP-001-DEPT-ICU-kpi_002-20261207,DPKG-PKG-EP-HOSP-001-DEPT-ICU-kpi_002-20261207,Ready for Integrated Management Review, This package has passed all mandatory gates and is ready for management review.,None,See secondary condition register,See transition register,See responsible role register,Review and validate; no automatic decision,This is not an approval or recommendation,"Current readiness: Ready for Integrated Management Review. This package has passed all mandatory gates and is ready for management review. Core risk, recommendation, scenario, and financial information is available. No absolute exclusion applies. Management can review the options and confirm specified matters. Management review may proceed. Responsible party varies by condition; see responsible role register. Permitted action: review and validate; no automatic decision. This classification supports management routing and does not constitute approval.",Explanation supports routing only
EXP-DR-DSC-PKG-EP-HOSP-001-DEPT-ICU-kpi_002-20261213,DR-DSC-PKG-EP-HOSP-001-DEPT-ICU-kpi_002-20261213,DSC-PKG-EP-HOSP-001-DEPT-ICU-kpi_002-20261213,DPKG-PKG-EP-HOSP-001-DEPT-ICU-kpi_002-20261213,Requires Baseline Validation," The baseline is missing, stale, inconsistent, or not representative.",Requires Baseline Validation,See secondary condition register,See transition register,See responsible role register,Review and validate; no automatic decision,This is not an approval or recommendation,"Current readiness: Requires Baseline Validation. The baseline is missing, stale, inconsistent, or not representative. Baseline validation status is blocking further progression. A valid baseline must be established before management review. Main blocking condition: Requires Baseline Validation. Resolve Requires Baseline Validation before readiness can advance. Responsible party varies by condition; see responsible role register. Permitted action: review and validate; no automatic decision. This classification supports management routing and does not constitute approval.",Explanation supports routing only
EXP-DR-DSC-PKG-EP-HOSP-001-DEPT-ICU-kpi_002-20261217,DR-DSC-PKG-EP-HOSP-001-DEPT-ICU-kpi_002-20261217,DSC-PKG-EP-HOSP-001-DEPT-ICU-kpi_002-20261217,DPKG-PKG-EP-HOSP-001-DEPT-ICU-kpi_002-20261217,Requires Stakeholder Validation, A material input or assumption requires responsible-owner confirmation.,Requires Stakeholder Validation,See secondary condition register,See transition register,See responsible role register,Review and validate; no automatic decision,This is not an approval or recommendation,Current readiness: Requires Stakeholder Validation. A material input or assumption requires responsible-owner confirmation. Stakeholder confirmation is blocking and cannot be safely resolved analytically. Main blocking condition: Requires Stakeholder Validation. Resolve Requires Stakeholder Validation before readiness can advance. Responsible party varies by condition; see responsible role register. Permitted action: review and validate; no automatic decision. This classification supports management routing and does not constitute approval.,Explanation supports routing only
EXP-DR-DSC-PKG-EP-HOSP-001-DEPT-ICU-kpi_002-20261231,DR-DSC-PKG-EP-HOSP-001-DEPT-ICU-kpi_002-20261231,DSC-PKG-EP-HOSP-001-DEPT-ICU-kpi_002-20261231,DPKG-PKG-EP-HOSP-001-DEPT-ICU-kpi_002-20261231,Ready with Conditions, This package is complete enough for management review with non-blocking conditions remaining.,None,See secondary condition register,See transition register,See responsible role register,Review and validate; no automatic decision,This is not an approval or recommendation,Current readiness: Ready with Conditions. This package is complete enough for management review with non-blocking conditions remaining. Core information is available but some warnings or provisional matters require attention. Management can review the options but must confirm specified matters. Resolve Ready with Conditions before readiness can advance. Responsible party varies by condition; see responsible role register. Permitted action: review and validate; no automatic decision. This classification supports management routing and does not constitute approval.,Explanation supports routing only
EXP-DR-DSC-PKG-EP-HOSP-001-DEPT-ICU-kpi_003-20260107,DR-DSC-PKG-EP-HOSP-001-DEPT-ICU-kpi_003-20260107,DSC-PKG-EP-HOSP-001-DEPT-ICU-kpi_003-20260107,DPKG-PKG-EP-HOSP-001-DEPT-ICU-kpi_003-20260107,Monitoring Only, This case does not currently require active intervention review.,None,See secondary condition register,See transition register,See responsible role register,Review and validate; no automatic decision,This is not an approval or recommendation,Current readiness: Monitoring Only. This case does not currently require active intervention review. The analytical route calls for continued observation. Monitoring requirements are present and escalation triggers are defined. Continue monitoring until escalation trigger is met. Responsible party varies by condition; see responsible role register. Permitted action: review and validate; no automatic decision. This classification supports management routing and does not constitute approval.,Explanation supports routing only
EXP-DR-DSC-PKG-EP-HOSP-001-DEPT-ICU-kpi_003-20260121,DR-DSC-PKG-EP-HOSP-001-DEPT-ICU-kpi_003-20260121,DSC-PKG-EP-HOSP-001-DEPT-ICU-kpi_003-20260121,DPKG-PKG-EP-HOSP-001-DEPT-ICU-kpi_003-20260121,Monitoring Only, This case does not currently require active intervention review.,None,See secondary condition register,See transition register,See responsible role register,Review and validate; no automatic decision,This is not an approval or recommendation,Current readiness: Monitoring Only. This case does not currently require active intervention review. The analytical route calls for continued observation. Monitoring requirements are present and escalation triggers are defined. Continue monitoring until escalation trigger is met. Responsible party varies by condition; see responsible role register. Permitted action: review and validate; no automatic decision. This classification supports management routing and does not constitute approval.,Explanation supports routing only
EXP-DR-DSC-PKG-EP-HOSP-001-DEPT-ICU-kpi_003-20260128,DR-DSC-PKG-EP-HOSP-001-DEPT-ICU-kpi_003-20260128,DSC-PKG-EP-HOSP-001-DEPT-ICU-kpi_003-20260128,DPKG-PKG-EP-HOSP-001-DEPT-ICU-kpi_003-20260128,Monitoring Only, This case does not currently require active intervention review.,None,See secondary condition register,See transition register,See responsible role register,Review and validate; no automatic decision,This is not an approval or recommendation,Current readiness: Monitoring Only. This case does not currently require active intervention review. The analytical route calls for continued observation. Monitoring requirements are present and escalation triggers are defined. Continue monitoring until escalation trigger is met. Responsible party varies by condition; see responsible role register. Permitted action: review and validate; no automatic decision. This classification supports management routing and does not constitute approval.,Explanation supports routing only
EXP-DR-DSC-PKG-EP-HOSP-001-DEPT-ICU-kpi_003-20260202,DR-DSC-PKG-EP-HOSP-001-DEPT-ICU-kpi_003-20260202,DSC-PKG-EP-HOSP-001-DEPT-ICU-kpi_003-20260202,DPKG-PKG-EP-HOSP-001-DEPT-ICU-kpi_003-20260202,Monitoring Only, This case does not currently require active intervention review.,None,See secondary condition register,See transition register,See responsible role register,Review and validate; no automatic decision,This is not an approval or recommendation,Current readiness: Monitoring Only. This case does not currently require active intervention review. The analytical route calls for continued observation. Monitoring requirements are present and escalation triggers are defined. Continue monitoring until escalation trigger is met. Responsible party varies by condition; see responsible role register. Permitted action: review and validate; no automatic decision. This classification supports management routing and does not constitute approval.,Explanation supports routing only
EXP-DR-DSC-PKG-EP-HOSP-001-DEPT-ICU-kpi_003-20260208,DR-DSC-PKG-EP-HOSP-001-DEPT-ICU-kpi_003-20260208,DSC-PKG-EP-HOSP-001-DEPT-ICU-kpi_003-20260208,DPKG-PKG-EP-HOSP-001-DEPT-ICU-kpi_003-20260208,Monitoring Only, This case does not currently require active intervention review.,None,See secondary condition register,See transition register,See responsible role register,Review and validate; no automatic decision,This is not an approval or recommendation,Current readiness: Monitoring Only. This case does not currently require active intervention review. The analytical route calls for continued observation. Monitoring requirements are present and escalation triggers are defined. Continue monitoring until escalation trigger is met. Responsible party varies by condition; see responsible role register. Permitted action: review and validate; no automatic decision. This classification supports management routing and does not constitute approval.,Explanation supports routing only
EXP-DR-DSC-PKG-EP-HOSP-001-DEPT-ICU-kpi_003-20260218,DR-DSC-PKG-EP-HOSP-001-DEPT-ICU-kpi_003-20260218,DSC-PKG-EP-HOSP-001-DEPT-ICU-kpi_003-20260218,DPKG-PKG-EP-HOSP-001-DEPT-ICU-kpi_003-20260218,Monitoring Only, This case does not currently require active intervention review.,None,See secondary condition register,See transition register,See responsible role register,Review and validate; no automatic decision,This is not an approval or recommendation,Current readiness: Monitoring Only. This case does not currently require active intervention review. The analytical route calls for continued observation. Monitoring requirements are present and escalation triggers are defined. Continue monitoring until escalation trigger is met. Responsible party varies by condition; see responsible role register. Permitted action: review and validate; no automatic decision. This classification supports management routing and does not constitute approval.,Explanation supports routing only
EXP-DR-DSC-PKG-EP-HOSP-001-DEPT-ICU-kpi_003-20260307,DR-DSC-PKG-EP-HOSP-001-DEPT-ICU-kpi_003-20260307,DSC-PKG-EP-HOSP-001-DEPT-ICU-kpi_003-20260307,DPKG-PKG-EP-HOSP-001-DEPT-ICU-kpi_003-20260307,Monitoring Only, This case does not currently require active intervention review.,None,See secondary condition register,See transition register,See responsible role register,Review and validate; no automatic decision,This is not an approval or recommendation,Current readiness: Monitoring Only. This case does not currently require active intervention review. The analytical route calls for continued observation. Monitoring requirements are present and escalation triggers are defined. Continue monitoring until escalation trigger is met. Responsible party varies by condition; see responsible role register. Permitted action: review and validate; no automatic decision. This classification supports management routing and does not constitute approval.,Explanation supports routing only
EXP-DR-DSC-PKG-EP-HOSP-001-DEPT-ICU-kpi_003-20260322,DR-DSC-PKG-EP-HOSP-001-DEPT-ICU-kpi_003-20260322,DSC-PKG-EP-HOSP-001-DEPT-ICU-kpi_003-20260322,DPKG-PKG-EP-HOSP-001-DEPT-ICU-kpi_003-20260322,Monitoring Only, This case does not currently require active intervention review.,None,See secondary condition register,See transition register,See responsible role register,Review and validate; no automatic decision,This is not an approval or recommendation,Current readiness: Monitoring Only. This case does not currently require active intervention review. The analytical route calls for continued observation. Monitoring requirements are present and escalation triggers are defined. Continue monitoring until escalation trigger is met. Responsible party varies by condition; see responsible role register. Permitted action: review and validate; no automatic decision. This classification supports management routing and does not constitute approval.,Explanation supports routing only
EXP-DR-DSC-PKG-EP-HOSP-001-DEPT-ICU-kpi_003-20260326,DR-DSC-PKG-EP-HOSP-001-DEPT-ICU-kpi_003-20260326,DSC-PKG-EP-HOSP-001-DEPT-ICU-kpi_003-20260326,DPKG-PKG-EP-HOSP-001-DEPT-ICU-kpi_003-20260326,Monitoring Only, This case does not currently require active intervention review.,None,See secondary condition register,See transition register,See responsible role register,Review and validate; no automatic decision,This is not an approval or recommendation,Current readiness: Monitoring Only. This case does not currently require active intervention review. The analytical route calls for continued observation. Monitoring requirements are present and escalation triggers are defined. Continue monitoring until escalation trigger is met. Responsible party varies by condition; see responsible role register. Permitted action: review and validate; no automatic decision. This classification supports management routing and does not constitute approval.,Explanation supports routing only
EXP-DR-DSC-PKG-EP-HOSP-001-DEPT-ICU-kpi_003-20260415,DR-DSC-PKG-EP-HOSP-001-DEPT-ICU-kpi_003-20260415,DSC-PKG-EP-HOSP-001-DEPT-ICU-kpi_003-20260415,DPKG-PKG-EP-HOSP-001-DEPT-ICU-kpi_003-20260415,Monitoring Only, This case does not currently require active intervention review.,None,See secondary condition register,See transition register,See responsible role register,Review and validate; no automatic decision,This is not an approval or recommendation,Current readiness: Monitoring Only. This case does not currently require active intervention review. The analytical route calls for continued observation. Monitoring requirements are present and escalation triggers are defined. Continue monitoring until escalation trigger is met. Responsible party varies by condition; see responsible role register. Permitted action: review and validate; no automatic decision. This classification supports management routing and does not constitute approval.,Explanation supports routing only
EXP-DR-DSC-PKG-EP-HOSP-001-DEPT-ICU-kpi_003-20260428,DR-DSC-PKG-EP-HOSP-001-DEPT-ICU-kpi_003-20260428,DSC-PKG-EP-HOSP-001-DEPT-ICU-kpi_003-20260428,DPKG-PKG-EP-HOSP-001-DEPT-ICU-kpi_003-20260428,Monitoring Only, This case does not currently require active intervention review.,None,See secondary condition register,See transition register,See responsible role register,Review and validate; no automatic decision,This is not an approval or recommendation,Current readiness: Monitoring Only. This case does not currently require active intervention review. The analytical route calls for continued observation. Monitoring requirements are present and escalation triggers are defined. Continue monitoring until escalation trigger is met. Responsible party varies by condition; see responsible role register. Permitted action: review and validate; no automatic decision. This classification supports management routing and does not constitute approval.,Explanation supports routing only
EXP-DR-DSC-PKG-EP-HOSP-001-DEPT-ICU-kpi_003-20260527,DR-DSC-PKG-EP-HOSP-001-DEPT-ICU-kpi_003-20260527,DSC-PKG-EP-HOSP-001-DEPT-ICU-kpi_003-20260527,DPKG-PKG-EP-HOSP-001-DEPT-ICU-kpi_003-20260527,Monitoring Only, This case does not currently require active intervention review.,None,See secondary condition register,See transition register,See responsible role register,Review and validate; no automatic decision,This is not an approval or recommendation,Current readiness: Monitoring Only. This case does not currently require active intervention review. The analytical route calls for continued observation. Monitoring requirements are present and escalation triggers are defined. Continue monitoring until escalation trigger is met. Responsible party varies by condition; see responsible role register. Permitted action: review and validate; no automatic decision. This classification supports management routing and does not constitute approval.,Explanation supports routing only
EXP-DR-DSC-PKG-EP-HOSP-001-DEPT-ICU-kpi_003-20260604,DR-DSC-PKG-EP-HOSP-001-DEPT-ICU-kpi_003-20260604,DSC-PKG-EP-HOSP-001-DEPT-ICU-kpi_003-20260604,DPKG-PKG-EP-HOSP-001-DEPT-ICU-kpi_003-20260604,Monitoring Only, This case does not currently require active intervention review.,None,See secondary condition register,See transition register,See responsible role register,Review and validate; no automatic decision,This is not an approval or recommendation,Current readiness: Monitoring Only. This case does not currently require active intervention review. The analytical route calls for continued observation. Monitoring requirements are present and escalation triggers are defined. Continue monitoring until escalation trigger is met. Responsible party varies by condition; see responsible role register. Permitted action: review and validate; no automatic decision. This classification supports management routing and does not constitute approval.,Explanation supports routing only
EXP-DR-DSC-PKG-EP-HOSP-001-DEPT-ICU-kpi_003-20260620,DR-DSC-PKG-EP-HOSP-001-DEPT-ICU-kpi_003-20260620,DSC-PKG-EP-HOSP-001-DEPT-ICU-kpi_003-20260620,DPKG-PKG-EP-HOSP-001-DEPT-ICU-kpi_003-20260620,Monitoring Only, This case does not currently require active intervention review.,None,See secondary condition register,See transition register,See responsible role register,Review and validate; no automatic decision,This is not an approval or recommendation,Current readiness: Monitoring Only. This case does not currently require active intervention review. The analytical route calls for continued observation. Monitoring requirements are present and escalation triggers are defined. Continue monitoring until escalation trigger is met. Responsible party varies by condition; see responsible role register. Permitted action: review and validate; no automatic decision. This classification supports management routing and does not constitute approval.,Explanation supports routing only
EXP-DR-DSC-PKG-EP-HOSP-001-DEPT-ICU-kpi_003-20260708,DR-DSC-PKG-EP-HOSP-001-DEPT-ICU-kpi_003-20260708,DSC-PKG-EP-HOSP-001-DEPT-ICU-kpi_003-20260708,DPKG-PKG-EP-HOSP-001-DEPT-ICU-kpi_003-20260708,Monitoring Only, This case does not currently require active intervention review.,None,See secondary condition register,See transition register,See responsible role register,Review and validate; no automatic decision,This is not an approval or recommendation,Current readiness: Monitoring Only. This case does not currently require active intervention review. The analytical route calls for continued observation. Monitoring requirements are present and escalation triggers are defined. Continue monitoring until escalation trigger is met. Responsible party varies by condition; see responsible role register. Permitted action: review and validate; no automatic decision. This classification supports management routing and does not constitute approval.,Explanation supports routing only
EXP-DR-DSC-PKG-EP-HOSP-001-DEPT-ICU-kpi_003-20260804,DR-DSC-PKG-EP-HOSP-001-DEPT-ICU-kpi_003-20260804,DSC-PKG-EP-HOSP-001-DEPT-ICU-kpi_003-20260804,DPKG-PKG-EP-HOSP-001-DEPT-ICU-kpi_003-20260804,Monitoring Only, This case does not currently require active intervention review.,None,See secondary condition register,See transition register,See responsible role register,Review and validate; no automatic decision,This is not an approval or recommendation,Current readiness: Monitoring Only. This case does not currently require active intervention review. The analytical route calls for continued observation. Monitoring requirements are present and escalation triggers are defined. Continue monitoring until escalation trigger is met. Responsible party varies by condition; see responsible role register. Permitted action: review and validate; no automatic decision. This classification supports management routing and does not constitute approval.,Explanation supports routing only
EXP-DR-DSC-PKG-EP-HOSP-001-DEPT-ICU-kpi_003-20260821,DR-DSC-PKG-EP-HOSP-001-DEPT-ICU-kpi_003-20260821,DSC-PKG-EP-HOSP-001-DEPT-ICU-kpi_003-20260821,DPKG-PKG-EP-HOSP-001-DEPT-ICU-kpi_003-20260821,Monitoring Only, This case does not currently require active intervention review.,None,See secondary condition register,See transition register,See responsible role register,Review and validate; no automatic decision,This is not an approval or recommendation,Current readiness: Monitoring Only. This case does not currently require active intervention review. The analytical route calls for continued observation. Monitoring requirements are present and escalation triggers are defined. Continue monitoring until escalation trigger is met. Responsible party varies by condition; see responsible role register. Permitted action: review and validate; no automatic decision. This classification supports management routing and does not constitute approval.,Explanation supports routing only
EXP-DR-DSC-PKG-EP-HOSP-001-DEPT-ICU-kpi_003-20260828,DR-DSC-PKG-EP-HOSP-001-DEPT-ICU-kpi_003-20260828,DSC-PKG-EP-HOSP-001-DEPT-ICU-kpi_003-20260828,DPKG-PKG-EP-HOSP-001-DEPT-ICU-kpi_003-20260828,Monitoring Only, This case does not currently require active intervention review.,None,See secondary condition register,See transition register,See responsible role register,Review and validate; no automatic decision,This is not an approval or recommendation,Current readiness: Monitoring Only. This case does not currently require active intervention review. The analytical route calls for continued observation. Monitoring requirements are present and escalation triggers are defined. Continue monitoring until escalation trigger is met. Responsible party varies by condition; see responsible role register. Permitted action: review and validate; no automatic decision. This classification supports management routing and does not constitute approval.,Explanation supports routing only
EXP-DR-DSC-PKG-EP-HOSP-001-DEPT-ICU-kpi_003-20260901,DR-DSC-PKG-EP-HOSP-001-DEPT-ICU-kpi_003-20260901,DSC-PKG-EP-HOSP-001-DEPT-ICU-kpi_003-20260901,DPKG-PKG-EP-HOSP-001-DEPT-ICU-kpi_003-20260901,Monitoring Only, This case does not currently require active intervention review.,None,See secondary condition register,See transition register,See responsible role register,Review and validate; no automatic decision,This is not an approval or recommendation,Current readiness: Monitoring Only. This case does not currently require active intervention review. The analytical route calls for continued observation. Monitoring requirements are present and escalation triggers are defined. Continue monitoring until escalation trigger is met. Responsible party varies by condition; see responsible role register. Permitted action: review and validate; no automatic decision. This classification supports management routing and does not constitute approval.,Explanation supports routing only
EXP-DR-DSC-PKG-EP-HOSP-001-DEPT-ICU-kpi_003-20260912,DR-DSC-PKG-EP-HOSP-001-DEPT-ICU-kpi_003-20260912,DSC-PKG-EP-HOSP-001-DEPT-ICU-kpi_003-20260912,DPKG-PKG-EP-HOSP-001-DEPT-ICU-kpi_003-20260912,Monitoring Only, This case does not currently require active intervention review.,None,See secondary condition register,See transition register,See responsible role register,Review and validate; no automatic decision,This is not an approval or recommendation,Current readiness: Monitoring Only. This case does not currently require active intervention review. The analytical route calls for continued observation. Monitoring requirements are present and escalation triggers are defined. Continue monitoring until escalation trigger is met. Responsible party varies by condition; see responsible role register. Permitted action: review and validate; no automatic decision. This classification supports management routing and does not constitute approval.,Explanation supports routing only
EXP-DR-DSC-PKG-EP-HOSP-001-DEPT-ICU-kpi_003-20260926,DR-DSC-PKG-EP-HOSP-001-DEPT-ICU-kpi_003-20260926,DSC-PKG-EP-HOSP-001-DEPT-ICU-kpi_003-20260926,DPKG-PKG-EP-HOSP-001-DEPT-ICU-kpi_003-20260926,Monitoring Only, This case does not currently require active intervention review.,None,See secondary condition register,See transition register,See responsible role register,Review and validate; no automatic decision,This is not an approval or recommendation,Current readiness: Monitoring Only. This case does not currently require active intervention review. The analytical route calls for continued observation. Monitoring requirements are present and escalation triggers are defined. Continue monitoring until escalation trigger is met. Responsible party varies by condition; see responsible role register. Permitted action: review and validate; no automatic decision. This classification supports management routing and does not constitute approval.,Explanation supports routing only
EXP-DR-DSC-PKG-EP-HOSP-001-DEPT-ICU-kpi_003-20261001,DR-DSC-PKG-EP-HOSP-001-DEPT-ICU-kpi_003-20261001,DSC-PKG-EP-HOSP-001-DEPT-ICU-kpi_003-20261001,DPKG-PKG-EP-HOSP-001-DEPT-ICU-kpi_003-20261001,Monitoring Only, This case does not currently require active intervention review.,None,See secondary condition register,See transition register,See responsible role register,Review and validate; no automatic decision,This is not an approval or recommendation,Current readiness: Monitoring Only. This case does not currently require active intervention review. The analytical route calls for continued observation. Monitoring requirements are present and escalation triggers are defined. Continue monitoring until escalation trigger is met. Responsible party varies by condition; see responsible role register. Permitted action: review and validate; no automatic decision. This classification supports management routing and does not constitute approval.,Explanation supports routing only
EXP-DR-DSC-PKG-EP-HOSP-001-DEPT-ICU-kpi_003-20261007,DR-DSC-PKG-EP-HOSP-001-DEPT-ICU-kpi_003-20261007,DSC-PKG-EP-HOSP-001-DEPT-ICU-kpi_003-20261007,DPKG-PKG-EP-HOSP-001-DEPT-ICU-kpi_003-20261007,Monitoring Only, This case does not currently require active intervention review.,None,See secondary condition register,See transition register,See responsible role register,Review and validate; no automatic decision,This is not an approval or recommendation,Current readiness: Monitoring Only. This case does not currently require active intervention review. The analytical route calls for continued observation. Monitoring requirements are present and escalation triggers are defined. Continue monitoring until escalation trigger is met. Responsible party varies by condition; see responsible role register. Permitted action: review and validate; no automatic decision. This classification supports management routing and does not constitute approval.,Explanation supports routing only
EXP-DR-DSC-PKG-EP-HOSP-001-DEPT-ICU-kpi_003-20261020,DR-DSC-PKG-EP-HOSP-001-DEPT-ICU-kpi_003-20261020,DSC-PKG-EP-HOSP-001-DEPT-ICU-kpi_003-20261020,DPKG-PKG-EP-HOSP-001-DEPT-ICU-kpi_003-20261020,Monitoring Only, This case does not currently require active intervention review.,None,See secondary condition register,See transition register,See responsible role register,Review and validate; no automatic decision,This is not an approval or recommendation,Current readiness: Monitoring Only. This case does not currently require active intervention review. The analytical route calls for continued observation. Monitoring requirements are present and escalation triggers are defined. Continue monitoring until escalation trigger is met. Responsible party varies by condition; see responsible role register. Permitted action: review and validate; no automatic decision. This classification supports management routing and does not constitute approval.,Explanation supports routing only
EXP-DR-DSC-PKG-EP-HOSP-001-DEPT-ICU-kpi_003-20261025,DR-DSC-PKG-EP-HOSP-001-DEPT-ICU-kpi_003-20261025,DSC-PKG-EP-HOSP-001-DEPT-ICU-kpi_003-20261025,DPKG-PKG-EP-HOSP-001-DEPT-ICU-kpi_003-20261025,Monitoring Only, This case does not currently require active intervention review.,None,See secondary condition register,See transition register,See responsible role register,Review and validate; no automatic decision,This is not an approval or recommendation,Current readiness: Monitoring Only. This case does not currently require active intervention review. The analytical route calls for continued observation. Monitoring requirements are present and escalation triggers are defined. Continue monitoring until escalation trigger is met. Responsible party varies by condition; see responsible role register. Permitted action: review and validate; no automatic decision. This classification supports management routing and does not constitute approval.,Explanation supports routing only
EXP-DR-DSC-PKG-EP-HOSP-001-DEPT-ICU-kpi_003-20261101,DR-DSC-PKG-EP-HOSP-001-DEPT-ICU-kpi_003-20261101,DSC-PKG-EP-HOSP-001-DEPT-ICU-kpi_003-20261101,DPKG-PKG-EP-HOSP-001-DEPT-ICU-kpi_003-20261101,Monitoring Only, This case does not currently require active intervention review.,None,See secondary condition register,See transition register,See responsible role register,Review and validate; no automatic decision,This is not an approval or recommendation,Current readiness: Monitoring Only. This case does not currently require active intervention review. The analytical route calls for continued observation. Monitoring requirements are present and escalation triggers are defined. Continue monitoring until escalation trigger is met. Responsible party varies by condition; see responsible role register. Permitted action: review and validate; no automatic decision. This classification supports management routing and does not constitute approval.,Explanation supports routing only
EXP-DR-DSC-PKG-EP-HOSP-001-DEPT-ICU-kpi_003-20261109,DR-DSC-PKG-EP-HOSP-001-DEPT-ICU-kpi_003-20261109,DSC-PKG-EP-HOSP-001-DEPT-ICU-kpi_003-20261109,DPKG-PKG-EP-HOSP-001-DEPT-ICU-kpi_003-20261109,Monitoring Only, This case does not currently require active intervention review.,None,See secondary condition register,See transition register,See responsible role register,Review and validate; no automatic decision,This is not an approval or recommendation,Current readiness: Monitoring Only. This case does not currently require active intervention review. The analytical route calls for continued observation. Monitoring requirements are present and escalation triggers are defined. Continue monitoring until escalation trigger is met. Responsible party varies by condition; see responsible role register. Permitted action: review and validate; no automatic decision. This classification supports management routing and does not constitute approval.,Explanation supports routing only
EXP-DR-DSC-PKG-EP-HOSP-001-DEPT-ICU-kpi_003-20261125,DR-DSC-PKG-EP-HOSP-001-DEPT-ICU-kpi_003-20261125,DSC-PKG-EP-HOSP-001-DEPT-ICU-kpi_003-20261125,DPKG-PKG-EP-HOSP-001-DEPT-ICU-kpi_003-20261125,Monitoring Only, This case does not currently require active intervention review.,None,See secondary condition register,See transition register,See responsible role register,Review and validate; no automatic decision,This is not an approval or recommendation,Current readiness: Monitoring Only. This case does not currently require active intervention review. The analytical route calls for continued observation. Monitoring requirements are present and escalation triggers are defined. Continue monitoring until escalation trigger is met. Responsible party varies by condition; see responsible role register. Permitted action: review and validate; no automatic decision. This classification supports management routing and does not constitute approval.,Explanation supports routing only
EXP-DR-DSC-PKG-EP-HOSP-001-DEPT-ICU-kpi_003-20261202,DR-DSC-PKG-EP-HOSP-001-DEPT-ICU-kpi_003-20261202,DSC-PKG-EP-HOSP-001-DEPT-ICU-kpi_003-20261202,DPKG-PKG-EP-HOSP-001-DEPT-ICU-kpi_003-20261202,Monitoring Only, This case does not currently require active intervention review.,None,See secondary condition register,See transition register,See responsible role register,Review and validate; no automatic decision,This is not an approval or recommendation,Current readiness: Monitoring Only. This case does not currently require active intervention review. The analytical route calls for continued observation. Monitoring requirements are present and escalation triggers are defined. Continue monitoring until escalation trigger is met. Responsible party varies by condition; see responsible role register. Permitted action: review and validate; no automatic decision. This classification supports management routing and does not constitute approval.,Explanation supports routing only
EXP-DR-DSC-PKG-EP-HOSP-001-DEPT-ICU-kpi_003-20261211,DR-DSC-PKG-EP-HOSP-001-DEPT-ICU-kpi_003-20261211,DSC-PKG-EP-HOSP-001-DEPT-ICU-kpi_003-20261211,DPKG-PKG-EP-HOSP-001-DEPT-ICU-kpi_003-20261211,Monitoring Only, This case does not currently require active intervention review.,None,See secondary condition register,See transition register,See responsible role register,Review and validate; no automatic decision,This is not an approval or recommendation,Current readiness: Monitoring Only. This case does not currently require active intervention review. The analytical route calls for continued observation. Monitoring requirements are present and escalation triggers are defined. Continue monitoring until escalation trigger is met. Responsible party varies by condition; see responsible role register. Permitted action: review and validate; no automatic decision. This classification supports management routing and does not constitute approval.,Explanation supports routing only
EXP-DR-DSC-PKG-EP-HOSP-001-DEPT-ICU-kpi_003-20261215,DR-DSC-PKG-EP-HOSP-001-DEPT-ICU-kpi_003-20261215,DSC-PKG-EP-HOSP-001-DEPT-ICU-kpi_003-20261215,DPKG-PKG-EP-HOSP-001-DEPT-ICU-kpi_003-20261215,Monitoring Only, This case does not currently require active intervention review.,None,See secondary condition register,See transition register,See responsible role register,Review and validate; no automatic decision,This is not an approval or recommendation,Current readiness: Monitoring Only. This case does not currently require active intervention review. The analytical route calls for continued observation. Monitoring requirements are present and escalation triggers are defined. Continue monitoring until escalation trigger is met. Responsible party varies by condition; see responsible role register. Permitted action: review and validate; no automatic decision. This classification supports management routing and does not constitute approval.,Explanation supports routing only
EXP-DR-DSC-PKG-EP-HOSP-001-DEPT-ICU-kpi_003-20261219,DR-DSC-PKG-EP-HOSP-001-DEPT-ICU-kpi_003-20261219,DSC-PKG-EP-HOSP-001-DEPT-ICU-kpi_003-20261219,DPKG-PKG-EP-HOSP-001-DEPT-ICU-kpi_003-20261219,Monitoring Only, This case does not currently require active intervention review.,None,See secondary condition register,See transition register,See responsible role register,Review and validate; no automatic decision,This is not an approval or recommendation,Current readiness: Monitoring Only. This case does not currently require active intervention review. The analytical route calls for continued observation. Monitoring requirements are present and escalation triggers are defined. Continue monitoring until escalation trigger is met. Responsible party varies by condition; see responsible role register. Permitted action: review and validate; no automatic decision. This classification supports management routing and does not constitute approval.,Explanation supports routing only
EXP-DR-DSC-PKG-EP-HOSP-001-DEPT-ICU-kpi_003-20261224,DR-DSC-PKG-EP-HOSP-001-DEPT-ICU-kpi_003-20261224,DSC-PKG-EP-HOSP-001-DEPT-ICU-kpi_003-20261224,DPKG-PKG-EP-HOSP-001-DEPT-ICU-kpi_003-20261224,Monitoring Only, This case does not currently require active intervention review.,None,See secondary condition register,See transition register,See responsible role register,Review and validate; no automatic decision,This is not an approval or recommendation,Current readiness: Monitoring Only. This case does not currently require active intervention review. The analytical route calls for continued observation. Monitoring requirements are present and escalation triggers are defined. Continue monitoring until escalation trigger is met. Responsible party varies by condition; see responsible role register. Permitted action: review and validate; no automatic decision. This classification supports management routing and does not constitute approval.,Explanation supports routing only
EXP-DR-DSC-PKG-EP-HOSP-001-DEPT-ICU-kpi_006-20260215,DR-DSC-PKG-EP-HOSP-001-DEPT-ICU-kpi_006-20260215,DSC-PKG-EP-HOSP-001-DEPT-ICU-kpi_006-20260215,DPKG-PKG-EP-HOSP-001-DEPT-ICU-kpi_006-20260215,Monitoring Only, This case does not currently require active intervention review.,None,See secondary condition register,See transition register,See responsible role register,Review and validate; no automatic decision,This is not an approval or recommendation,Current readiness: Monitoring Only. This case does not currently require active intervention review. The analytical route calls for continued observation. Monitoring requirements are present and escalation triggers are defined. Continue monitoring until escalation trigger is met. Responsible party varies by condition; see responsible role register. Permitted action: review and validate; no automatic decision. This classification supports management routing and does not constitute approval.,Explanation supports routing only
EXP-DR-DSC-PKG-EP-HOSP-001-DEPT-ICU-kpi_006-20260403,DR-DSC-PKG-EP-HOSP-001-DEPT-ICU-kpi_006-20260403,DSC-PKG-EP-HOSP-001-DEPT-ICU-kpi_006-20260403,DPKG-PKG-EP-HOSP-001-DEPT-ICU-kpi_006-20260403,Monitoring Only, This case does not currently require active intervention review.,None,See secondary condition register,See transition register,See responsible role register,Review and validate; no automatic decision,This is not an approval or recommendation,Current readiness: Monitoring Only. This case does not currently require active intervention review. The analytical route calls for continued observation. Monitoring requirements are present and escalation triggers are defined. Continue monitoring until escalation trigger is met. Responsible party varies by condition; see responsible role register. Permitted action: review and validate; no automatic decision. This classification supports management routing and does not constitute approval.,Explanation supports routing only
EXP-DR-DSC-PKG-EP-HOSP-001-DEPT-ICU-kpi_006-20260411,DR-DSC-PKG-EP-HOSP-001-DEPT-ICU-kpi_006-20260411,DSC-PKG-EP-HOSP-001-DEPT-ICU-kpi_006-20260411,DPKG-PKG-EP-HOSP-001-DEPT-ICU-kpi_006-20260411,Monitoring Only, This case does not currently require active intervention review.,None,See secondary condition register,See transition register,See responsible role register,Review and validate; no automatic decision,This is not an approval or recommendation,Current readiness: Monitoring Only. This case does not currently require active intervention review. The analytical route calls for continued observation. Monitoring requirements are present and escalation triggers are defined. Continue monitoring until escalation trigger is met. Responsible party varies by condition; see responsible role register. Permitted action: review and validate; no automatic decision. This classification supports management routing and does not constitute approval.,Explanation supports routing only
EXP-DR-DSC-PKG-EP-HOSP-001-DEPT-ICU-kpi_006-20260509,DR-DSC-PKG-EP-HOSP-001-DEPT-ICU-kpi_006-20260509,DSC-PKG-EP-HOSP-001-DEPT-ICU-kpi_006-20260509,DPKG-PKG-EP-HOSP-001-DEPT-ICU-kpi_006-20260509,Monitoring Only, This case does not currently require active intervention review.,None,See secondary condition register,See transition register,See responsible role register,Review and validate; no automatic decision,This is not an approval or recommendation,Current readiness: Monitoring Only. This case does not currently require active intervention review. The analytical route calls for continued observation. Monitoring requirements are present and escalation triggers are defined. Continue monitoring until escalation trigger is met. Responsible party varies by condition; see responsible role register. Permitted action: review and validate; no automatic decision. This classification supports management routing and does not constitute approval.,Explanation supports routing only
EXP-DR-DSC-PKG-EP-HOSP-001-DEPT-ICU-kpi_006-20260515,DR-DSC-PKG-EP-HOSP-001-DEPT-ICU-kpi_006-20260515,DSC-PKG-EP-HOSP-001-DEPT-ICU-kpi_006-20260515,DPKG-PKG-EP-HOSP-001-DEPT-ICU-kpi_006-20260515,Monitoring Only, This case does not currently require active intervention review.,None,See secondary condition register,See transition register,See responsible role register,Review and validate; no automatic decision,This is not an approval or recommendation,Current readiness: Monitoring Only. This case does not currently require active intervention review. The analytical route calls for continued observation. Monitoring requirements are present and escalation triggers are defined. Continue monitoring until escalation trigger is met. Responsible party varies by condition; see responsible role register. Permitted action: review and validate; no automatic decision. This classification supports management routing and does not constitute approval.,Explanation supports routing only
EXP-DR-DSC-PKG-EP-HOSP-001-DEPT-ICU-kpi_006-20260603,DR-DSC-PKG-EP-HOSP-001-DEPT-ICU-kpi_006-20260603,DSC-PKG-EP-HOSP-001-DEPT-ICU-kpi_006-20260603,DPKG-PKG-EP-HOSP-001-DEPT-ICU-kpi_006-20260603,Monitoring Only, This case does not currently require active intervention review.,None,See secondary condition register,See transition register,See responsible role register,Review and validate; no automatic decision,This is not an approval or recommendation,Current readiness: Monitoring Only. This case does not currently require active intervention review. The analytical route calls for continued observation. Monitoring requirements are present and escalation triggers are defined. Continue monitoring until escalation trigger is met. Responsible party varies by condition; see responsible role register. Permitted action: review and validate; no automatic decision. This classification supports management routing and does not constitute approval.,Explanation supports routing only
EXP-DR-DSC-PKG-EP-HOSP-001-DEPT-ICU-kpi_006-20260619,DR-DSC-PKG-EP-HOSP-001-DEPT-ICU-kpi_006-20260619,DSC-PKG-EP-HOSP-001-DEPT-ICU-kpi_006-20260619,DPKG-PKG-EP-HOSP-001-DEPT-ICU-kpi_006-20260619,Monitoring Only, This case does not currently require active intervention review.,None,See secondary condition register,See transition register,See responsible role register,Review and validate; no automatic decision,This is not an approval or recommendation,Current readiness: Monitoring Only. This case does not currently require active intervention review. The analytical route calls for continued observation. Monitoring requirements are present and escalation triggers are defined. Continue monitoring until escalation trigger is met. Responsible party varies by condition; see responsible role register. Permitted action: review and validate; no automatic decision. This classification supports management routing and does not constitute approval.,Explanation supports routing only
EXP-DR-DSC-PKG-EP-HOSP-001-DEPT-ICU-kpi_006-20260623,DR-DSC-PKG-EP-HOSP-001-DEPT-ICU-kpi_006-20260623,DSC-PKG-EP-HOSP-001-DEPT-ICU-kpi_006-20260623,DPKG-PKG-EP-HOSP-001-DEPT-ICU-kpi_006-20260623,Monitoring Only, This case does not currently require active intervention review.,None,See secondary condition register,See transition register,See responsible role register,Review and validate; no automatic decision,This is not an approval or recommendation,Current readiness: Monitoring Only. This case does not currently require active intervention review. The analytical route calls for continued observation. Monitoring requirements are present and escalation triggers are defined. Continue monitoring until escalation trigger is met. Responsible party varies by condition; see responsible role register. Permitted action: review and validate; no automatic decision. This classification supports management routing and does not constitute approval.,Explanation supports routing only
EXP-DR-DSC-PKG-EP-HOSP-001-DEPT-ICU-kpi_006-20260628,DR-DSC-PKG-EP-HOSP-001-DEPT-ICU-kpi_006-20260628,DSC-PKG-EP-HOSP-001-DEPT-ICU-kpi_006-20260628,DPKG-PKG-EP-HOSP-001-DEPT-ICU-kpi_006-20260628,Monitoring Only, This case does not currently require active intervention review.,None,See secondary condition register,See transition register,See responsible role register,Review and validate; no automatic decision,This is not an approval or recommendation,Current readiness: Monitoring Only. This case does not currently require active intervention review. The analytical route calls for continued observation. Monitoring requirements are present and escalation triggers are defined. Continue monitoring until escalation trigger is met. Responsible party varies by condition; see responsible role register. Permitted action: review and validate; no automatic decision. This classification supports management routing and does not constitute approval.,Explanation supports routing only
EXP-DR-DSC-PKG-EP-HOSP-001-DEPT-ICU-kpi_006-20260716,DR-DSC-PKG-EP-HOSP-001-DEPT-ICU-kpi_006-20260716,DSC-PKG-EP-HOSP-001-DEPT-ICU-kpi_006-20260716,DPKG-PKG-EP-HOSP-001-DEPT-ICU-kpi_006-20260716,Monitoring Only, This case does not currently require active intervention review.,None,See secondary condition register,See transition register,See responsible role register,Review and validate; no automatic decision,This is not an approval or recommendation,Current readiness: Monitoring Only. This case does not currently require active intervention review. The analytical route calls for continued observation. Monitoring requirements are present and escalation triggers are defined. Continue monitoring until escalation trigger is met. Responsible party varies by condition; see responsible role register. Permitted action: review and validate; no automatic decision. This classification supports management routing and does not constitute approval.,Explanation supports routing only
EXP-DR-DSC-PKG-EP-HOSP-001-DEPT-ICU-kpi_006-20260725,DR-DSC-PKG-EP-HOSP-001-DEPT-ICU-kpi_006-20260725,DSC-PKG-EP-HOSP-001-DEPT-ICU-kpi_006-20260725,DPKG-PKG-EP-HOSP-001-DEPT-ICU-kpi_006-20260725,Monitoring Only, This case does not currently require active intervention review.,None,See secondary condition register,See transition register,See responsible role register,Review and validate; no automatic decision,This is not an approval or recommendation,Current readiness: Monitoring Only. This case does not currently require active intervention review. The analytical route calls for continued observation. Monitoring requirements are present and escalation triggers are defined. Continue monitoring until escalation trigger is met. Responsible party varies by condition; see responsible role register. Permitted action: review and validate; no automatic decision. This classification supports management routing and does not constitute approval.,Explanation supports routing only
EXP-DR-DSC-PKG-EP-HOSP-001-DEPT-ICU-kpi_006-20260730,DR-DSC-PKG-EP-HOSP-001-DEPT-ICU-kpi_006-20260730,DSC-PKG-EP-HOSP-001-DEPT-ICU-kpi_006-20260730,DPKG-PKG-EP-HOSP-001-DEPT-ICU-kpi_006-20260730,Monitoring Only, This case does not currently require active intervention review.,None,See secondary condition register,See transition register,See responsible role register,Review and validate; no automatic decision,This is not an approval or recommendation,Current readiness: Monitoring Only. This case does not currently require active intervention review. The analytical route calls for continued observation. Monitoring requirements are present and escalation triggers are defined. Continue monitoring until escalation trigger is met. Responsible party varies by condition; see responsible role register. Permitted action: review and validate; no automatic decision. This classification supports management routing and does not constitute approval.,Explanation supports routing only
EXP-DR-DSC-PKG-EP-HOSP-001-DEPT-ICU-kpi_006-20260809,DR-DSC-PKG-EP-HOSP-001-DEPT-ICU-kpi_006-20260809,DSC-PKG-EP-HOSP-001-DEPT-ICU-kpi_006-20260809,DPKG-PKG-EP-HOSP-001-DEPT-ICU-kpi_006-20260809,Monitoring Only, This case does not currently require active intervention review.,None,See secondary condition register,See transition register,See responsible role register,Review and validate; no automatic decision,This is not an approval or recommendation,Current readiness: Monitoring Only. This case does not currently require active intervention review. The analytical route calls for continued observation. Monitoring requirements are present and escalation triggers are defined. Continue monitoring until escalation trigger is met. Responsible party varies by condition; see responsible role register. Permitted action: review and validate; no automatic decision. This classification supports management routing and does not constitute approval.,Explanation supports routing only
EXP-DR-DSC-PKG-EP-HOSP-001-DEPT-ICU-kpi_006-20260824,DR-DSC-PKG-EP-HOSP-001-DEPT-ICU-kpi_006-20260824,DSC-PKG-EP-HOSP-001-DEPT-ICU-kpi_006-20260824,DPKG-PKG-EP-HOSP-001-DEPT-ICU-kpi_006-20260824,Monitoring Only, This case does not currently require active intervention review.,None,See secondary condition register,See transition register,See responsible role register,Review and validate; no automatic decision,This is not an approval or recommendation,Current readiness: Monitoring Only. This case does not currently require active intervention review. The analytical route calls for continued observation. Monitoring requirements are present and escalation triggers are defined. Continue monitoring until escalation trigger is met. Responsible party varies by condition; see responsible role register. Permitted action: review and validate; no automatic decision. This classification supports management routing and does not constitute approval.,Explanation supports routing only
EXP-DR-DSC-PKG-EP-HOSP-001-DEPT-ICU-kpi_006-20260903,DR-DSC-PKG-EP-HOSP-001-DEPT-ICU-kpi_006-20260903,DSC-PKG-EP-HOSP-001-DEPT-ICU-kpi_006-20260903,DPKG-PKG-EP-HOSP-001-DEPT-ICU-kpi_006-20260903,Monitoring Only, This case does not currently require active intervention review.,None,See secondary condition register,See transition register,See responsible role register,Review and validate; no automatic decision,This is not an approval or recommendation,Current readiness: Monitoring Only. This case does not currently require active intervention review. The analytical route calls for continued observation. Monitoring requirements are present and escalation triggers are defined. Continue monitoring until escalation trigger is met. Responsible party varies by condition; see responsible role register. Permitted action: review and validate; no automatic decision. This classification supports management routing and does not constitute approval.,Explanation supports routing only
EXP-DR-DSC-PKG-EP-HOSP-001-DEPT-ICU-kpi_006-20260910,DR-DSC-PKG-EP-HOSP-001-DEPT-ICU-kpi_006-20260910,DSC-PKG-EP-HOSP-001-DEPT-ICU-kpi_006-20260910,DPKG-PKG-EP-HOSP-001-DEPT-ICU-kpi_006-20260910,Monitoring Only, This case does not currently require active intervention review.,None,See secondary condition register,See transition register,See responsible role register,Review and validate; no automatic decision,This is not an approval or recommendation,Current readiness: Monitoring Only. This case does not currently require active intervention review. The analytical route calls for continued observation. Monitoring requirements are present and escalation triggers are defined. Continue monitoring until escalation trigger is met. Responsible party varies by condition; see responsible role register. Permitted action: review and validate; no automatic decision. This classification supports management routing and does not constitute approval.,Explanation supports routing only
EXP-DR-DSC-PKG-EP-HOSP-001-DEPT-ICU-kpi_006-20261012,DR-DSC-PKG-EP-HOSP-001-DEPT-ICU-kpi_006-20261012,DSC-PKG-EP-HOSP-001-DEPT-ICU-kpi_006-20261012,DPKG-PKG-EP-HOSP-001-DEPT-ICU-kpi_006-20261012,Monitoring Only, This case does not currently require active intervention review.,None,See secondary condition register,See transition register,See responsible role register,Review and validate; no automatic decision,This is not an approval or recommendation,Current readiness: Monitoring Only. This case does not currently require active intervention review. The analytical route calls for continued observation. Monitoring requirements are present and escalation triggers are defined. Continue monitoring until escalation trigger is met. Responsible party varies by condition; see responsible role register. Permitted action: review and validate; no automatic decision. This classification supports management routing and does not constitute approval.,Explanation supports routing only
EXP-DR-DSC-PKG-EP-HOSP-001-DEPT-ICU-kpi_006-20261022,DR-DSC-PKG-EP-HOSP-001-DEPT-ICU-kpi_006-20261022,DSC-PKG-EP-HOSP-001-DEPT-ICU-kpi_006-20261022,DPKG-PKG-EP-HOSP-001-DEPT-ICU-kpi_006-20261022,Monitoring Only, This case does not currently require active intervention review.,None,See secondary condition register,See transition register,See responsible role register,Review and validate; no automatic decision,This is not an approval or recommendation,Current readiness: Monitoring Only. This case does not currently require active intervention review. The analytical route calls for continued observation. Monitoring requirements are present and escalation triggers are defined. Continue monitoring until escalation trigger is met. Responsible party varies by condition; see responsible role register. Permitted action: review and validate; no automatic decision. This classification supports management routing and does not constitute approval.,Explanation supports routing only
EXP-DR-DSC-PKG-EP-HOSP-001-DEPT-ICU-kpi_006-20261112,DR-DSC-PKG-EP-HOSP-001-DEPT-ICU-kpi_006-20261112,DSC-PKG-EP-HOSP-001-DEPT-ICU-kpi_006-20261112,DPKG-PKG-EP-HOSP-001-DEPT-ICU-kpi_006-20261112,Monitoring Only, This case does not currently require active intervention review.,None,See secondary condition register,See transition register,See responsible role register,Review and validate; no automatic decision,This is not an approval or recommendation,Current readiness: Monitoring Only. This case does not currently require active intervention review. The analytical route calls for continued observation. Monitoring requirements are present and escalation triggers are defined. Continue monitoring until escalation trigger is met. Responsible party varies by condition; see responsible role register. Permitted action: review and validate; no automatic decision. This classification supports management routing and does not constitute approval.,Explanation supports routing only
EXP-DR-DSC-PKG-EP-HOSP-001-DEPT-ICU-kpi_006-20261117,DR-DSC-PKG-EP-HOSP-001-DEPT-ICU-kpi_006-20261117,DSC-PKG-EP-HOSP-001-DEPT-ICU-kpi_006-20261117,DPKG-PKG-EP-HOSP-001-DEPT-ICU-kpi_006-20261117,Monitoring Only, This case does not currently require active intervention review.,None,See secondary condition register,See transition register,See responsible role register,Review and validate; no automatic decision,This is not an approval or recommendation,Current readiness: Monitoring Only. This case does not currently require active intervention review. The analytical route calls for continued observation. Monitoring requirements are present and escalation triggers are defined. Continue monitoring until escalation trigger is met. Responsible party varies by condition; see responsible role register. Permitted action: review and validate; no automatic decision. This classification supports management routing and does not constitute approval.,Explanation supports routing only
EXP-DR-DSC-PKG-EP-HOSP-001-DEPT-ICU-kpi_006-20261126,DR-DSC-PKG-EP-HOSP-001-DEPT-ICU-kpi_006-20261126,DSC-PKG-EP-HOSP-001-DEPT-ICU-kpi_006-20261126,DPKG-PKG-EP-HOSP-001-DEPT-ICU-kpi_006-20261126,Monitoring Only, This case does not currently require active intervention review.,None,See secondary condition register,See transition register,See responsible role register,Review and validate; no automatic decision,This is not an approval or recommendation,Current readiness: Monitoring Only. This case does not currently require active intervention review. The analytical route calls for continued observation. Monitoring requirements are present and escalation triggers are defined. Continue monitoring until escalation trigger is met. Responsible party varies by condition; see responsible role register. Permitted action: review and validate; no automatic decision. This classification supports management routing and does not constitute approval.,Explanation supports routing only
EXP-DR-DSC-PKG-EP-HOSP-001-DEPT-ICU-kpi_006-20261205,DR-DSC-PKG-EP-HOSP-001-DEPT-ICU-kpi_006-20261205,DSC-PKG-EP-HOSP-001-DEPT-ICU-kpi_006-20261205,DPKG-PKG-EP-HOSP-001-DEPT-ICU-kpi_006-20261205,Monitoring Only, This case does not currently require active intervention review.,None,See secondary condition register,See transition register,See responsible role register,Review and validate; no automatic decision,This is not an approval or recommendation,Current readiness: Monitoring Only. This case does not currently require active intervention review. The analytical route calls for continued observation. Monitoring requirements are present and escalation triggers are defined. Continue monitoring until escalation trigger is met. Responsible party varies by condition; see responsible role register. Permitted action: review and validate; no automatic decision. This classification supports management routing and does not constitute approval.,Explanation supports routing only
EXP-DR-DSC-PKG-EP-HOSP-001-DEPT-ICU-kpi_006-20261216,DR-DSC-PKG-EP-HOSP-001-DEPT-ICU-kpi_006-20261216,DSC-PKG-EP-HOSP-001-DEPT-ICU-kpi_006-20261216,DPKG-PKG-EP-HOSP-001-DEPT-ICU-kpi_006-20261216,Monitoring Only, This case does not currently require active intervention review.,None,See secondary condition register,See transition register,See responsible role register,Review and validate; no automatic decision,This is not an approval or recommendation,Current readiness: Monitoring Only. This case does not currently require active intervention review. The analytical route calls for continued observation. Monitoring requirements are present and escalation triggers are defined. Continue monitoring until escalation trigger is met. Responsible party varies by condition; see responsible role register. Permitted action: review and validate; no automatic decision. This classification supports management routing and does not constitute approval.,Explanation supports routing only
EXP-DR-DSC-PKG-EP-HOSP-001-DEPT-ICU-kpi_006-20261220,DR-DSC-PKG-EP-HOSP-001-DEPT-ICU-kpi_006-20261220,DSC-PKG-EP-HOSP-001-DEPT-ICU-kpi_006-20261220,DPKG-PKG-EP-HOSP-001-DEPT-ICU-kpi_006-20261220,Monitoring Only, This case does not currently require active intervention review.,None,See secondary condition register,See transition register,See responsible role register,Review and validate; no automatic decision,This is not an approval or recommendation,Current readiness: Monitoring Only. This case does not currently require active intervention review. The analytical route calls for continued observation. Monitoring requirements are present and escalation triggers are defined. Continue monitoring until escalation trigger is met. Responsible party varies by condition; see responsible role register. Permitted action: review and validate; no automatic decision. This classification supports management routing and does not constitute approval.,Explanation supports routing only
EXP-DR-DSC-PKG-EP-HOSP-001-DEPT-MED-kpi_001-20260116,DR-DSC-PKG-EP-HOSP-001-DEPT-MED-kpi_001-20260116,DSC-PKG-EP-HOSP-001-DEPT-MED-kpi_001-20260116,DPKG-PKG-EP-HOSP-001-DEPT-MED-kpi_001-20260116,Ready with Conditions, This package is complete enough for management review with non-blocking conditions remaining.,None,See secondary condition register,See transition register,See responsible role register,Review and validate; no automatic decision,This is not an approval or recommendation,Current readiness: Ready with Conditions. This package is complete enough for management review with non-blocking conditions remaining. Core information is available but some warnings or provisional matters require attention. Management can review the options but must confirm specified matters. Resolve Ready with Conditions before readiness can advance. Responsible party varies by condition; see responsible role register. Permitted action: review and validate; no automatic decision. This classification supports management routing and does not constitute approval.,Explanation supports routing only
EXP-DR-DSC-PKG-EP-HOSP-001-DEPT-MED-kpi_001-20260208,DR-DSC-PKG-EP-HOSP-001-DEPT-MED-kpi_001-20260208,DSC-PKG-EP-HOSP-001-DEPT-MED-kpi_001-20260208,DPKG-PKG-EP-HOSP-001-DEPT-MED-kpi_001-20260208,Ready with Conditions, This package is complete enough for management review with non-blocking conditions remaining.,None,See secondary condition register,See transition register,See responsible role register,Review and validate; no automatic decision,This is not an approval or recommendation,Current readiness: Ready with Conditions. This package is complete enough for management review with non-blocking conditions remaining. Core information is available but some warnings or provisional matters require attention. Management can review the options but must confirm specified matters. Resolve Ready with Conditions before readiness can advance. Responsible party varies by condition; see responsible role register. Permitted action: review and validate; no automatic decision. This classification supports management routing and does not constitute approval.,Explanation supports routing only
EXP-DR-DSC-PKG-EP-HOSP-001-DEPT-MED-kpi_001-20260330,DR-DSC-PKG-EP-HOSP-001-DEPT-MED-kpi_001-20260330,DSC-PKG-EP-HOSP-001-DEPT-MED-kpi_001-20260330,DPKG-PKG-EP-HOSP-001-DEPT-MED-kpi_001-20260330,Ready with Conditions, This package is complete enough for management review with non-blocking conditions remaining.,None,See secondary condition register,See transition register,See responsible role register,Review and validate; no automatic decision,This is not an approval or recommendation,Current readiness: Ready with Conditions. This package is complete enough for management review with non-blocking conditions remaining. Core information is available but some warnings or provisional matters require attention. Management can review the options but must confirm specified matters. Resolve Ready with Conditions before readiness can advance. Responsible party varies by condition; see responsible role register. Permitted action: review and validate; no automatic decision. This classification supports management routing and does not constitute approval.,Explanation supports routing only
EXP-DR-DSC-PKG-EP-HOSP-001-DEPT-MED-kpi_001-20260408,DR-DSC-PKG-EP-HOSP-001-DEPT-MED-kpi_001-20260408,DSC-PKG-EP-HOSP-001-DEPT-MED-kpi_001-20260408,DPKG-PKG-EP-HOSP-001-DEPT-MED-kpi_001-20260408,Requires Baseline Validation," The baseline is missing, stale, inconsistent, or not representative.",Requires Baseline Validation,See secondary condition register,See transition register,See responsible role register,Review and validate; no automatic decision,This is not an approval or recommendation,"Current readiness: Requires Baseline Validation. The baseline is missing, stale, inconsistent, or not representative. Baseline validation status is blocking further progression. A valid baseline must be established before management review. Main blocking condition: Requires Baseline Validation. Resolve Requires Baseline Validation before readiness can advance. Responsible party varies by condition; see responsible role register. Permitted action: review and validate; no automatic decision. This classification supports management routing and does not constitute approval.",Explanation supports routing only
EXP-DR-DSC-PKG-EP-HOSP-001-DEPT-MED-kpi_001-20260421,DR-DSC-PKG-EP-HOSP-001-DEPT-MED-kpi_001-20260421,DSC-PKG-EP-HOSP-001-DEPT-MED-kpi_001-20260421,DPKG-PKG-EP-HOSP-001-DEPT-MED-kpi_001-20260421,Requires Stakeholder Validation, A material input or assumption requires responsible-owner confirmation.,Requires Stakeholder Validation,See secondary condition register,See transition register,See responsible role register,Review and validate; no automatic decision,This is not an approval or recommendation,Current readiness: Requires Stakeholder Validation. A material input or assumption requires responsible-owner confirmation. Stakeholder confirmation is blocking and cannot be safely resolved analytically. Main blocking condition: Requires Stakeholder Validation. Resolve Requires Stakeholder Validation before readiness can advance. Responsible party varies by condition; see responsible role register. Permitted action: review and validate; no automatic decision. This classification supports management routing and does not constitute approval.,Explanation supports routing only
EXP-DR-DSC-PKG-EP-HOSP-001-DEPT-MED-kpi_001-20260502,DR-DSC-PKG-EP-HOSP-001-DEPT-MED-kpi_001-20260502,DSC-PKG-EP-HOSP-001-DEPT-MED-kpi_001-20260502,DPKG-PKG-EP-HOSP-001-DEPT-MED-kpi_001-20260502,Ready for Integrated Management Review, This package has passed all mandatory gates and is ready for management review.,None,See secondary condition register,See transition register,See responsible role register,Review and validate; no automatic decision,This is not an approval or recommendation,"Current readiness: Ready for Integrated Management Review. This package has passed all mandatory gates and is ready for management review. Core risk, recommendation, scenario, and financial information is available. No absolute exclusion applies. Management can review the options and confirm specified matters. Management review may proceed. Responsible party varies by condition; see responsible role register. Permitted action: review and validate; no automatic decision. This classification supports management routing and does not constitute approval.",Explanation supports routing only
EXP-DR-DSC-PKG-EP-HOSP-001-DEPT-MED-kpi_001-20260605,DR-DSC-PKG-EP-HOSP-001-DEPT-MED-kpi_001-20260605,DSC-PKG-EP-HOSP-001-DEPT-MED-kpi_001-20260605,DPKG-PKG-EP-HOSP-001-DEPT-MED-kpi_001-20260605,Requires Evidence Completion, Required evidence references are missing or applicable analytical phases are not covered.,Requires Evidence Completion,See secondary condition register,See transition register,See responsible role register,Review and validate; no automatic decision,This is not an approval or recommendation,Current readiness: Requires Evidence Completion. Required evidence references are missing or applicable analytical phases are not covered. Evidence completeness is insufficient for management review. Main blocking condition: Requires Evidence Completion. Resolve Requires Evidence Completion before readiness can advance. Responsible party varies by condition; see responsible role register. Permitted action: review and validate; no automatic decision. This classification supports management routing and does not constitute approval.,Explanation supports routing only
EXP-DR-DSC-PKG-EP-HOSP-001-DEPT-MED-kpi_001-20260616,DR-DSC-PKG-EP-HOSP-001-DEPT-MED-kpi_001-20260616,DSC-PKG-EP-HOSP-001-DEPT-MED-kpi_001-20260616,DPKG-PKG-EP-HOSP-001-DEPT-MED-kpi_001-20260616,Ready with Conditions, This package is complete enough for management review with non-blocking conditions remaining.,None,See secondary condition register,See transition register,See responsible role register,Review and validate; no automatic decision,This is not an approval or recommendation,Current readiness: Ready with Conditions. This package is complete enough for management review with non-blocking conditions remaining. Core information is available but some warnings or provisional matters require attention. Management can review the options but must confirm specified matters. Resolve Ready with Conditions before readiness can advance. Responsible party varies by condition; see responsible role register. Permitted action: review and validate; no automatic decision. This classification supports management routing and does not constitute approval.,Explanation supports routing only
EXP-DR-DSC-PKG-EP-HOSP-001-DEPT-MED-kpi_001-20260717,DR-DSC-PKG-EP-HOSP-001-DEPT-MED-kpi_001-20260717,DSC-PKG-EP-HOSP-001-DEPT-MED-kpi_001-20260717,DPKG-PKG-EP-HOSP-001-DEPT-MED-kpi_001-20260717,Requires Benefit Validation, Financial benefit is used but benefit eligibility is unresolved.,Requires Benefit Validation,See secondary condition register,See transition register,See responsible role register,Review and validate; no automatic decision,This is not an approval or recommendation,Current readiness: Requires Benefit Validation. Financial benefit is used but benefit eligibility is unresolved. The avoided-cost relationship requires validation before it can be relied upon. Main blocking condition: Requires Benefit Validation. Resolve Requires Benefit Validation before readiness can advance. Responsible party varies by condition; see responsible role register. Permitted action: review and validate; no automatic decision. This classification supports management routing and does not constitute approval.,Explanation supports routing only
EXP-DR-DSC-PKG-EP-HOSP-001-DEPT-MED-kpi_001-20260723,DR-DSC-PKG-EP-HOSP-001-DEPT-MED-kpi_001-20260723,DSC-PKG-EP-HOSP-001-DEPT-MED-kpi_001-20260723,DPKG-PKG-EP-HOSP-001-DEPT-MED-kpi_001-20260723,Requires Stakeholder Validation, A material input or assumption requires responsible-owner confirmation.,Requires Stakeholder Validation,See secondary condition register,See transition register,See responsible role register,Review and validate; no automatic decision,This is not an approval or recommendation,Current readiness: Requires Stakeholder Validation. A material input or assumption requires responsible-owner confirmation. Stakeholder confirmation is blocking and cannot be safely resolved analytically. Main blocking condition: Requires Stakeholder Validation. Resolve Requires Stakeholder Validation before readiness can advance. Responsible party varies by condition; see responsible role register. Permitted action: review and validate; no automatic decision. This classification supports management routing and does not constitute approval.,Explanation supports routing only
EXP-DR-DSC-PKG-EP-HOSP-001-DEPT-MED-kpi_001-20260728,DR-DSC-PKG-EP-HOSP-001-DEPT-MED-kpi_001-20260728,DSC-PKG-EP-HOSP-001-DEPT-MED-kpi_001-20260728,DPKG-PKG-EP-HOSP-001-DEPT-MED-kpi_001-20260728,Ready with Conditions, This package is complete enough for management review with non-blocking conditions remaining.,None,See secondary condition register,See transition register,See responsible role register,Review and validate; no automatic decision,This is not an approval or recommendation,Current readiness: Ready with Conditions. This package is complete enough for management review with non-blocking conditions remaining. Core information is available but some warnings or provisional matters require attention. Management can review the options but must confirm specified matters. Resolve Ready with Conditions before readiness can advance. Responsible party varies by condition; see responsible role register. Permitted action: review and validate; no automatic decision. This classification supports management routing and does not constitute approval.,Explanation supports routing only
EXP-DR-DSC-PKG-EP-HOSP-001-DEPT-MED-kpi_001-20260916,DR-DSC-PKG-EP-HOSP-001-DEPT-MED-kpi_001-20260916,DSC-PKG-EP-HOSP-001-DEPT-MED-kpi_001-20260916,DPKG-PKG-EP-HOSP-001-DEPT-MED-kpi_001-20260916,Ready for Integrated Management Review, This package has passed all mandatory gates and is ready for management review.,None,See secondary condition register,See transition register,See responsible role register,Review and validate; no automatic decision,This is not an approval or recommendation,"Current readiness: Ready for Integrated Management Review. This package has passed all mandatory gates and is ready for management review. Core risk, recommendation, scenario, and financial information is available. No absolute exclusion applies. Management can review the options and confirm specified matters. Management review may proceed. Responsible party varies by condition; see responsible role register. Permitted action: review and validate; no automatic decision. This classification supports management routing and does not constitute approval.",Explanation supports routing only
EXP-DR-DSC-PKG-EP-HOSP-001-DEPT-MED-kpi_001-20261008,DR-DSC-PKG-EP-HOSP-001-DEPT-MED-kpi_001-20261008,DSC-PKG-EP-HOSP-001-DEPT-MED-kpi_001-20261008,DPKG-PKG-EP-HOSP-001-DEPT-MED-kpi_001-20261008,Requires Stakeholder Validation, A material input or assumption requires responsible-owner confirmation.,Requires Stakeholder Validation,See secondary condition register,See transition register,See responsible role register,Review and validate; no automatic decision,This is not an approval or recommendation,Current readiness: Requires Stakeholder Validation. A material input or assumption requires responsible-owner confirmation. Stakeholder confirmation is blocking and cannot be safely resolved analytically. Main blocking condition: Requires Stakeholder Validation. Resolve Requires Stakeholder Validation before readiness can advance. Responsible party varies by condition; see responsible role register. Permitted action: review and validate; no automatic decision. This classification supports management routing and does not constitute approval.,Explanation supports routing only
EXP-DR-DSC-PKG-EP-HOSP-001-DEPT-MED-kpi_001-20261102,DR-DSC-PKG-EP-HOSP-001-DEPT-MED-kpi_001-20261102,DSC-PKG-EP-HOSP-001-DEPT-MED-kpi_001-20261102,DPKG-PKG-EP-HOSP-001-DEPT-MED-kpi_001-20261102,Requires Baseline Validation," The baseline is missing, stale, inconsistent, or not representative.",Requires Baseline Validation,See secondary condition register,See transition register,See responsible role register,Review and validate; no automatic decision,This is not an approval or recommendation,"Current readiness: Requires Baseline Validation. The baseline is missing, stale, inconsistent, or not representative. Baseline validation status is blocking further progression. A valid baseline must be established before management review. Main blocking condition: Requires Baseline Validation. Resolve Requires Baseline Validation before readiness can advance. Responsible party varies by condition; see responsible role register. Permitted action: review and validate; no automatic decision. This classification supports management routing and does not constitute approval.",Explanation supports routing only
EXP-DR-DSC-PKG-EP-HOSP-001-DEPT-MED-kpi_001-20261107,DR-DSC-PKG-EP-HOSP-001-DEPT-MED-kpi_001-20261107,DSC-PKG-EP-HOSP-001-DEPT-MED-kpi_001-20261107,DPKG-PKG-EP-HOSP-001-DEPT-MED-kpi_001-20261107,Requires Additional Scenario Analysis, The comparator set is incomplete or existing scenario results are insufficient.,Requires Additional Scenario Analysis,See secondary condition register,See transition register,See responsible role register,Review and validate; no automatic decision,This is not an approval or recommendation,Current readiness: Requires Additional Scenario Analysis. The comparator set is incomplete or existing scenario results are insufficient. Additional modelling is required before comparison can be completed. Main blocking condition: Requires Additional Scenario Analysis. Resolve Requires Additional Scenario Analysis before readiness can advance. Responsible party varies by condition; see responsible role register. Permitted action: review and validate; no automatic decision. This classification supports management routing and does not constitute approval.,Explanation supports routing only
EXP-DR-DSC-PKG-EP-HOSP-001-DEPT-MED-kpi_001-20261219,DR-DSC-PKG-EP-HOSP-001-DEPT-MED-kpi_001-20261219,DSC-PKG-EP-HOSP-001-DEPT-MED-kpi_001-20261219,DPKG-PKG-EP-HOSP-001-DEPT-MED-kpi_001-20261219,Ready with Conditions, This package is complete enough for management review with non-blocking conditions remaining.,None,See secondary condition register,See transition register,See responsible role register,Review and validate; no automatic decision,This is not an approval or recommendation,Current readiness: Ready with Conditions. This package is complete enough for management review with non-blocking conditions remaining. Core information is available but some warnings or provisional matters require attention. Management can review the options but must confirm specified matters. Resolve Ready with Conditions before readiness can advance. Responsible party varies by condition; see responsible role register. Permitted action: review and validate; no automatic decision. This classification supports management routing and does not constitute approval.,Explanation supports routing only
EXP-DR-DSC-PKG-EP-HOSP-001-DEPT-MED-kpi_001-20261228,DR-DSC-PKG-EP-HOSP-001-DEPT-MED-kpi_001-20261228,DSC-PKG-EP-HOSP-001-DEPT-MED-kpi_001-20261228,DPKG-PKG-EP-HOSP-001-DEPT-MED-kpi_001-20261228,Ready with Conditions, This package is complete enough for management review with non-blocking conditions remaining.,None,See secondary condition register,See transition register,See responsible role register,Review and validate; no automatic decision,This is not an approval or recommendation,Current readiness: Ready with Conditions. This package is complete enough for management review with non-blocking conditions remaining. Core information is available but some warnings or provisional matters require attention. Management can review the options but must confirm specified matters. Resolve Ready with Conditions before readiness can advance. Responsible party varies by condition; see responsible role register. Permitted action: review and validate; no automatic decision. This classification supports management routing and does not constitute approval.,Explanation supports routing only
EXP-DR-DSC-PKG-EP-HOSP-001-DEPT-MED-kpi_002-20260128,DR-DSC-PKG-EP-HOSP-001-DEPT-MED-kpi_002-20260128,DSC-PKG-EP-HOSP-001-DEPT-MED-kpi_002-20260128,DPKG-PKG-EP-HOSP-001-DEPT-MED-kpi_002-20260128,Ready with Conditions, This package is complete enough for management review with non-blocking conditions remaining.,None,See secondary condition register,See transition register,See responsible role register,Review and validate; no automatic decision,This is not an approval or recommendation,Current readiness: Ready with Conditions. This package is complete enough for management review with non-blocking conditions remaining. Core information is available but some warnings or provisional matters require attention. Management can review the options but must confirm specified matters. Resolve Ready with Conditions before readiness can advance. Responsible party varies by condition; see responsible role register. Permitted action: review and validate; no automatic decision. This classification supports management routing and does not constitute approval.,Explanation supports routing only
EXP-DR-DSC-PKG-EP-HOSP-001-DEPT-MED-kpi_002-20260209,DR-DSC-PKG-EP-HOSP-001-DEPT-MED-kpi_002-20260209,DSC-PKG-EP-HOSP-001-DEPT-MED-kpi_002-20260209,DPKG-PKG-EP-HOSP-001-DEPT-MED-kpi_002-20260209,Ready for Integrated Management Review, This package has passed all mandatory gates and is ready for management review.,None,See secondary condition register,See transition register,See responsible role register,Review and validate; no automatic decision,This is not an approval or recommendation,"Current readiness: Ready for Integrated Management Review. This package has passed all mandatory gates and is ready for management review. Core risk, recommendation, scenario, and financial information is available. No absolute exclusion applies. Management can review the options and confirm specified matters. Management review may proceed. Responsible party varies by condition; see responsible role register. Permitted action: review and validate; no automatic decision. This classification supports management routing and does not constitute approval.",Explanation supports routing only
EXP-DR-DSC-PKG-EP-HOSP-001-DEPT-MED-kpi_002-20260222,DR-DSC-PKG-EP-HOSP-001-DEPT-MED-kpi_002-20260222,DSC-PKG-EP-HOSP-001-DEPT-MED-kpi_002-20260222,DPKG-PKG-EP-HOSP-001-DEPT-MED-kpi_002-20260222,Ready with Conditions, This package is complete enough for management review with non-blocking conditions remaining.,None,See secondary condition register,See transition register,See responsible role register,Review and validate; no automatic decision,This is not an approval or recommendation,Current readiness: Ready with Conditions. This package is complete enough for management review with non-blocking conditions remaining. Core information is available but some warnings or provisional matters require attention. Management can review the options but must confirm specified matters. Resolve Ready with Conditions before readiness can advance. Responsible party varies by condition; see responsible role register. Permitted action: review and validate; no automatic decision. This classification supports management routing and does not constitute approval.,Explanation supports routing only
EXP-DR-DSC-PKG-EP-HOSP-001-DEPT-MED-kpi_002-20260322,DR-DSC-PKG-EP-HOSP-001-DEPT-MED-kpi_002-20260322,DSC-PKG-EP-HOSP-001-DEPT-MED-kpi_002-20260322,DPKG-PKG-EP-HOSP-001-DEPT-MED-kpi_002-20260322,Requires Baseline Validation," The baseline is missing, stale, inconsistent, or not representative.",Requires Baseline Validation,See secondary condition register,See transition register,See responsible role register,Review and validate; no automatic decision,This is not an approval or recommendation,"Current readiness: Requires Baseline Validation. The baseline is missing, stale, inconsistent, or not representative. Baseline validation status is blocking further progression. A valid baseline must be established before management review. Main blocking condition: Requires Baseline Validation. Resolve Requires Baseline Validation before readiness can advance. Responsible party varies by condition; see responsible role register. Permitted action: review and validate; no automatic decision. This classification supports management routing and does not constitute approval.",Explanation supports routing only
EXP-DR-DSC-PKG-EP-HOSP-001-DEPT-MED-kpi_002-20260403,DR-DSC-PKG-EP-HOSP-001-DEPT-MED-kpi_002-20260403,DSC-PKG-EP-HOSP-001-DEPT-MED-kpi_002-20260403,DPKG-PKG-EP-HOSP-001-DEPT-MED-kpi_002-20260403,Requires Baseline Validation," The baseline is missing, stale, inconsistent, or not representative.",Requires Baseline Validation,See secondary condition register,See transition register,See responsible role register,Review and validate; no automatic decision,This is not an approval or recommendation,"Current readiness: Requires Baseline Validation. The baseline is missing, stale, inconsistent, or not representative. Baseline validation status is blocking further progression. A valid baseline must be established before management review. Main blocking condition: Requires Baseline Validation. Resolve Requires Baseline Validation before readiness can advance. Responsible party varies by condition; see responsible role register. Permitted action: review and validate; no automatic decision. This classification supports management routing and does not constitute approval.",Explanation supports routing only
EXP-DR-DSC-PKG-EP-HOSP-001-DEPT-MED-kpi_002-20260411,DR-DSC-PKG-EP-HOSP-001-DEPT-MED-kpi_002-20260411,DSC-PKG-EP-HOSP-001-DEPT-MED-kpi_002-20260411,DPKG-PKG-EP-HOSP-001-DEPT-MED-kpi_002-20260411,Requires Stakeholder Validation, A material input or assumption requires responsible-owner confirmation.,Requires Stakeholder Validation,See secondary condition register,See transition register,See responsible role register,Review and validate; no automatic decision,This is not an approval or recommendation,Current readiness: Requires Stakeholder Validation. A material input or assumption requires responsible-owner confirmation. Stakeholder confirmation is blocking and cannot be safely resolved analytically. Main blocking condition: Requires Stakeholder Validation. Resolve Requires Stakeholder Validation before readiness can advance. Responsible party varies by condition; see responsible role register. Permitted action: review and validate; no automatic decision. This classification supports management routing and does not constitute approval.,Explanation supports routing only
EXP-DR-DSC-PKG-EP-HOSP-001-DEPT-MED-kpi_002-20260505,DR-DSC-PKG-EP-HOSP-001-DEPT-MED-kpi_002-20260505,DSC-PKG-EP-HOSP-001-DEPT-MED-kpi_002-20260505,DPKG-PKG-EP-HOSP-001-DEPT-MED-kpi_002-20260505,Ready for Integrated Management Review, This package has passed all mandatory gates and is ready for management review.,None,See secondary condition register,See transition register,See responsible role register,Review and validate; no automatic decision,This is not an approval or recommendation,"Current readiness: Ready for Integrated Management Review. This package has passed all mandatory gates and is ready for management review. Core risk, recommendation, scenario, and financial information is available. No absolute exclusion applies. Management can review the options and confirm specified matters. Management review may proceed. Responsible party varies by condition; see responsible role register. Permitted action: review and validate; no automatic decision. This classification supports management routing and does not constitute approval.",Explanation supports routing only
EXP-DR-DSC-PKG-EP-HOSP-001-DEPT-MED-kpi_002-20260601,DR-DSC-PKG-EP-HOSP-001-DEPT-MED-kpi_002-20260601,DSC-PKG-EP-HOSP-001-DEPT-MED-kpi_002-20260601,DPKG-PKG-EP-HOSP-001-DEPT-MED-kpi_002-20260601,Ready for Integrated Management Review, This package has passed all mandatory gates and is ready for management review.,None,See secondary condition register,See transition register,See responsible role register,Review and validate; no automatic decision,This is not an approval or recommendation,"Current readiness: Ready for Integrated Management Review. This package has passed all mandatory gates and is ready for management review. Core risk, recommendation, scenario, and financial information is available. No absolute exclusion applies. Management can review the options and confirm specified matters. Management review may proceed. Responsible party varies by condition; see responsible role register. Permitted action: review and validate; no automatic decision. This classification supports management routing and does not constitute approval.",Explanation supports routing only
EXP-DR-DSC-PKG-EP-HOSP-001-DEPT-MED-kpi_002-20260608,DR-DSC-PKG-EP-HOSP-001-DEPT-MED-kpi_002-20260608,DSC-PKG-EP-HOSP-001-DEPT-MED-kpi_002-20260608,DPKG-PKG-EP-HOSP-001-DEPT-MED-kpi_002-20260608,Ready with Conditions, This package is complete enough for management review with non-blocking conditions remaining.,None,See secondary condition register,See transition register,See responsible role register,Review and validate; no automatic decision,This is not an approval or recommendation,Current readiness: Ready with Conditions. This package is complete enough for management review with non-blocking conditions remaining. Core information is available but some warnings or provisional matters require attention. Management can review the options but must confirm specified matters. Resolve Ready with Conditions before readiness can advance. Responsible party varies by condition; see responsible role register. Permitted action: review and validate; no automatic decision. This classification supports management routing and does not constitute approval.,Explanation supports routing only
EXP-DR-DSC-PKG-EP-HOSP-001-DEPT-MED-kpi_002-20260617,DR-DSC-PKG-EP-HOSP-001-DEPT-MED-kpi_002-20260617,DSC-PKG-EP-HOSP-001-DEPT-MED-kpi_002-20260617,DPKG-PKG-EP-HOSP-001-DEPT-MED-kpi_002-20260617,Ready with Conditions, This package is complete enough for management review with non-blocking conditions remaining.,None,See secondary condition register,See transition register,See responsible role register,Review and validate; no automatic decision,This is not an approval or recommendation,Current readiness: Ready with Conditions. This package is complete enough for management review with non-blocking conditions remaining. Core information is available but some warnings or provisional matters require attention. Management can review the options but must confirm specified matters. Resolve Ready with Conditions before readiness can advance. Responsible party varies by condition; see responsible role register. Permitted action: review and validate; no automatic decision. This classification supports management routing and does not constitute approval.,Explanation supports routing only
EXP-DR-DSC-PKG-EP-HOSP-001-DEPT-MED-kpi_002-20260624,DR-DSC-PKG-EP-HOSP-001-DEPT-MED-kpi_002-20260624,DSC-PKG-EP-HOSP-001-DEPT-MED-kpi_002-20260624,DPKG-PKG-EP-HOSP-001-DEPT-MED-kpi_002-20260624,Ready for Integrated Management Review, This package has passed all mandatory gates and is ready for management review.,None,See secondary condition register,See transition register,See responsible role register,Review and validate; no automatic decision,This is not an approval or recommendation,"Current readiness: Ready for Integrated Management Review. This package has passed all mandatory gates and is ready for management review. Core risk, recommendation, scenario, and financial information is available. No absolute exclusion applies. Management can review the options and confirm specified matters. Management review may proceed. Responsible party varies by condition; see responsible role register. Permitted action: review and validate; no automatic decision. This classification supports management routing and does not constitute approval.",Explanation supports routing only
EXP-DR-DSC-PKG-EP-HOSP-001-DEPT-MED-kpi_002-20260701,DR-DSC-PKG-EP-HOSP-001-DEPT-MED-kpi_002-20260701,DSC-PKG-EP-HOSP-001-DEPT-MED-kpi_002-20260701,DPKG-PKG-EP-HOSP-001-DEPT-MED-kpi_002-20260701,Requires Evidence Completion, Required evidence references are missing or applicable analytical phases are not covered.,Requires Evidence Completion,See secondary condition register,See transition register,See responsible role register,Review and validate; no automatic decision,This is not an approval or recommendation,Current readiness: Requires Evidence Completion. Required evidence references are missing or applicable analytical phases are not covered. Evidence completeness is insufficient for management review. Main blocking condition: Requires Evidence Completion. Resolve Requires Evidence Completion before readiness can advance. Responsible party varies by condition; see responsible role register. Permitted action: review and validate; no automatic decision. This classification supports management routing and does not constitute approval.,Explanation supports routing only
EXP-DR-DSC-PKG-EP-HOSP-001-DEPT-MED-kpi_002-20260709,DR-DSC-PKG-EP-HOSP-001-DEPT-MED-kpi_002-20260709,DSC-PKG-EP-HOSP-001-DEPT-MED-kpi_002-20260709,DPKG-PKG-EP-HOSP-001-DEPT-MED-kpi_002-20260709,Requires Evidence Completion, Required evidence references are missing or applicable analytical phases are not covered.,Requires Evidence Completion,See secondary condition register,See transition register,See responsible role register,Review and validate; no automatic decision,This is not an approval or recommendation,Current readiness: Requires Evidence Completion. Required evidence references are missing or applicable analytical phases are not covered. Evidence completeness is insufficient for management review. Main blocking condition: Requires Evidence Completion. Resolve Requires Evidence Completion before readiness can advance. Responsible party varies by condition; see responsible role register. Permitted action: review and validate; no automatic decision. This classification supports management routing and does not constitute approval.,Explanation supports routing only
EXP-DR-DSC-PKG-EP-HOSP-001-DEPT-MED-kpi_002-20260802,DR-DSC-PKG-EP-HOSP-001-DEPT-MED-kpi_002-20260802,DSC-PKG-EP-HOSP-001-DEPT-MED-kpi_002-20260802,DPKG-PKG-EP-HOSP-001-DEPT-MED-kpi_002-20260802,Ready with Conditions, This package is complete enough for management review with non-blocking conditions remaining.,None,See secondary condition register,See transition register,See responsible role register,Review and validate; no automatic decision,This is not an approval or recommendation,Current readiness: Ready with Conditions. This package is complete enough for management review with non-blocking conditions remaining. Core information is available but some warnings or provisional matters require attention. Management can review the options but must confirm specified matters. Resolve Ready with Conditions before readiness can advance. Responsible party varies by condition; see responsible role register. Permitted action: review and validate; no automatic decision. This classification supports management routing and does not constitute approval.,Explanation supports routing only
EXP-DR-DSC-PKG-EP-HOSP-001-DEPT-MED-kpi_002-20261111,DR-DSC-PKG-EP-HOSP-001-DEPT-MED-kpi_002-20261111,DSC-PKG-EP-HOSP-001-DEPT-MED-kpi_002-20261111,DPKG-PKG-EP-HOSP-001-DEPT-MED-kpi_002-20261111,Requires Lineage Completion, Source-to-decision lineage is incomplete or orphan references exist.,Requires Lineage Completion,See secondary condition register,See transition register,See responsible role register,Review and validate; no automatic decision,This is not an approval or recommendation,Current readiness: Requires Lineage Completion. Source-to-decision lineage is incomplete or orphan references exist. The decision record cannot be fully traced without completing lineage. Main blocking condition: Requires Lineage Completion. Resolve Requires Lineage Completion before readiness can advance. Responsible party varies by condition; see responsible role register. Permitted action: review and validate; no automatic decision. This classification supports management routing and does not constitute approval.,Explanation supports routing only
EXP-DR-DSC-PKG-EP-HOSP-001-DEPT-MED-kpi_003-20260405,DR-DSC-PKG-EP-HOSP-001-DEPT-MED-kpi_003-20260405,DSC-PKG-EP-HOSP-001-DEPT-MED-kpi_003-20260405,DPKG-PKG-EP-HOSP-001-DEPT-MED-kpi_003-20260405,Monitoring Only, This case does not currently require active intervention review.,None,See secondary condition register,See transition register,See responsible role register,Review and validate; no automatic decision,This is not an approval or recommendation,Current readiness: Monitoring Only. This case does not currently require active intervention review. The analytical route calls for continued observation. Monitoring requirements are present and escalation triggers are defined. Continue monitoring until escalation trigger is met. Responsible party varies by condition; see responsible role register. Permitted action: review and validate; no automatic decision. This classification supports management routing and does not constitute approval.,Explanation supports routing only
EXP-DR-DSC-PKG-EP-HOSP-001-DEPT-MED-kpi_003-20260412,DR-DSC-PKG-EP-HOSP-001-DEPT-MED-kpi_003-20260412,DSC-PKG-EP-HOSP-001-DEPT-MED-kpi_003-20260412,DPKG-PKG-EP-HOSP-001-DEPT-MED-kpi_003-20260412,Monitoring Only, This case does not currently require active intervention review.,None,See secondary condition register,See transition register,See responsible role register,Review and validate; no automatic decision,This is not an approval or recommendation,Current readiness: Monitoring Only. This case does not currently require active intervention review. The analytical route calls for continued observation. Monitoring requirements are present and escalation triggers are defined. Continue monitoring until escalation trigger is met. Responsible party varies by condition; see responsible role register. Permitted action: review and validate; no automatic decision. This classification supports management routing and does not constitute approval.,Explanation supports routing only
EXP-DR-DSC-PKG-EP-HOSP-001-DEPT-MED-kpi_003-20260429,DR-DSC-PKG-EP-HOSP-001-DEPT-MED-kpi_003-20260429,DSC-PKG-EP-HOSP-001-DEPT-MED-kpi_003-20260429,DPKG-PKG-EP-HOSP-001-DEPT-MED-kpi_003-20260429,Monitoring Only, This case does not currently require active intervention review.,None,See secondary condition register,See transition register,See responsible role register,Review and validate; no automatic decision,This is not an approval or recommendation,Current readiness: Monitoring Only. This case does not currently require active intervention review. The analytical route calls for continued observation. Monitoring requirements are present and escalation triggers are defined. Continue monitoring until escalation trigger is met. Responsible party varies by condition; see responsible role register. Permitted action: review and validate; no automatic decision. This classification supports management routing and does not constitute approval.,Explanation supports routing only
EXP-DR-DSC-PKG-EP-HOSP-001-DEPT-MED-kpi_003-20260506,DR-DSC-PKG-EP-HOSP-001-DEPT-MED-kpi_003-20260506,DSC-PKG-EP-HOSP-001-DEPT-MED-kpi_003-20260506,DPKG-PKG-EP-HOSP-001-DEPT-MED-kpi_003-20260506,Monitoring Only, This case does not currently require active intervention review.,None,See secondary condition register,See transition register,See responsible role register,Review and validate; no automatic decision,This is not an approval or recommendation,Current readiness: Monitoring Only. This case does not currently require active intervention review. The analytical route calls for continued observation. Monitoring requirements are present and escalation triggers are defined. Continue monitoring until escalation trigger is met. Responsible party varies by condition; see responsible role register. Permitted action: review and validate; no automatic decision. This classification supports management routing and does not constitute approval.,Explanation supports routing only
EXP-DR-DSC-PKG-EP-HOSP-001-DEPT-MED-kpi_003-20260510,DR-DSC-PKG-EP-HOSP-001-DEPT-MED-kpi_003-20260510,DSC-PKG-EP-HOSP-001-DEPT-MED-kpi_003-20260510,DPKG-PKG-EP-HOSP-001-DEPT-MED-kpi_003-20260510,Monitoring Only, This case does not currently require active intervention review.,None,See secondary condition register,See transition register,See responsible role register,Review and validate; no automatic decision,This is not an approval or recommendation,Current readiness: Monitoring Only. This case does not currently require active intervention review. The analytical route calls for continued observation. Monitoring requirements are present and escalation triggers are defined. Continue monitoring until escalation trigger is met. Responsible party varies by condition; see responsible role register. Permitted action: review and validate; no automatic decision. This classification supports management routing and does not constitute approval.,Explanation supports routing only
EXP-DR-DSC-PKG-EP-HOSP-001-DEPT-MED-kpi_003-20260519,DR-DSC-PKG-EP-HOSP-001-DEPT-MED-kpi_003-20260519,DSC-PKG-EP-HOSP-001-DEPT-MED-kpi_003-20260519,DPKG-PKG-EP-HOSP-001-DEPT-MED-kpi_003-20260519,Monitoring Only, This case does not currently require active intervention review.,None,See secondary condition register,See transition register,See responsible role register,Review and validate; no automatic decision,This is not an approval or recommendation,Current readiness: Monitoring Only. This case does not currently require active intervention review. The analytical route calls for continued observation. Monitoring requirements are present and escalation triggers are defined. Continue monitoring until escalation trigger is met. Responsible party varies by condition; see responsible role register. Permitted action: review and validate; no automatic decision. This classification supports management routing and does not constitute approval.,Explanation supports routing only
EXP-DR-DSC-PKG-EP-HOSP-001-DEPT-MED-kpi_003-20260527,DR-DSC-PKG-EP-HOSP-001-DEPT-MED-kpi_003-20260527,DSC-PKG-EP-HOSP-001-DEPT-MED-kpi_003-20260527,DPKG-PKG-EP-HOSP-001-DEPT-MED-kpi_003-20260527,Monitoring Only, This case does not currently require active intervention review.,None,See secondary condition register,See transition register,See responsible role register,Review and validate; no automatic decision,This is not an approval or recommendation,Current readiness: Monitoring Only. This case does not currently require active intervention review. The analytical route calls for continued observation. Monitoring requirements are present and escalation triggers are defined. Continue monitoring until escalation trigger is met. Responsible party varies by condition; see responsible role register. Permitted action: review and validate; no automatic decision. This classification supports management routing and does not constitute approval.,Explanation supports routing only
EXP-DR-DSC-PKG-EP-HOSP-001-DEPT-MED-kpi_003-20260621,DR-DSC-PKG-EP-HOSP-001-DEPT-MED-kpi_003-20260621,DSC-PKG-EP-HOSP-001-DEPT-MED-kpi_003-20260621,DPKG-PKG-EP-HOSP-001-DEPT-MED-kpi_003-20260621,Monitoring Only, This case does not currently require active intervention review.,None,See secondary condition register,See transition register,See responsible role register,Review and validate; no automatic decision,This is not an approval or recommendation,Current readiness: Monitoring Only. This case does not currently require active intervention review. The analytical route calls for continued observation. Monitoring requirements are present and escalation triggers are defined. Continue monitoring until escalation trigger is met. Responsible party varies by condition; see responsible role register. Permitted action: review and validate; no automatic decision. This classification supports management routing and does not constitute approval.,Explanation supports routing only
EXP-DR-DSC-PKG-EP-HOSP-001-DEPT-MED-kpi_003-20260626,DR-DSC-PKG-EP-HOSP-001-DEPT-MED-kpi_003-20260626,DSC-PKG-EP-HOSP-001-DEPT-MED-kpi_003-20260626,DPKG-PKG-EP-HOSP-001-DEPT-MED-kpi_003-20260626,Monitoring Only, This case does not currently require active intervention review.,None,See secondary condition register,See transition register,See responsible role register,Review and validate; no automatic decision,This is not an approval or recommendation,Current readiness: Monitoring Only. This case does not currently require active intervention review. The analytical route calls for continued observation. Monitoring requirements are present and escalation triggers are defined. Continue monitoring until escalation trigger is met. Responsible party varies by condition; see responsible role register. Permitted action: review and validate; no automatic decision. This classification supports management routing and does not constitute approval.,Explanation supports routing only
EXP-DR-DSC-PKG-EP-HOSP-001-DEPT-MED-kpi_003-20260704,DR-DSC-PKG-EP-HOSP-001-DEPT-MED-kpi_003-20260704,DSC-PKG-EP-HOSP-001-DEPT-MED-kpi_003-20260704,DPKG-PKG-EP-HOSP-001-DEPT-MED-kpi_003-20260704,Monitoring Only, This case does not currently require active intervention review.,None,See secondary condition register,See transition register,See responsible role register,Review and validate; no automatic decision,This is not an approval or recommendation,Current readiness: Monitoring Only. This case does not currently require active intervention review. The analytical route calls for continued observation. Monitoring requirements are present and escalation triggers are defined. Continue monitoring until escalation trigger is met. Responsible party varies by condition; see responsible role register. Permitted action: review and validate; no automatic decision. This classification supports management routing and does not constitute approval.,Explanation supports routing only
EXP-DR-DSC-PKG-EP-HOSP-001-DEPT-MED-kpi_003-20260711,DR-DSC-PKG-EP-HOSP-001-DEPT-MED-kpi_003-20260711,DSC-PKG-EP-HOSP-001-DEPT-MED-kpi_003-20260711,DPKG-PKG-EP-HOSP-001-DEPT-MED-kpi_003-20260711,Monitoring Only, This case does not currently require active intervention review.,None,See secondary condition register,See transition register,See responsible role register,Review and validate; no automatic decision,This is not an approval or recommendation,Current readiness: Monitoring Only. This case does not currently require active intervention review. The analytical route calls for continued observation. Monitoring requirements are present and escalation triggers are defined. Continue monitoring until escalation trigger is met. Responsible party varies by condition; see responsible role register. Permitted action: review and validate; no automatic decision. This classification supports management routing and does not constitute approval.,Explanation supports routing only
EXP-DR-DSC-PKG-EP-HOSP-001-DEPT-MED-kpi_003-20260715,DR-DSC-PKG-EP-HOSP-001-DEPT-MED-kpi_003-20260715,DSC-PKG-EP-HOSP-001-DEPT-MED-kpi_003-20260715,DPKG-PKG-EP-HOSP-001-DEPT-MED-kpi_003-20260715,Monitoring Only, This case does not currently require active intervention review.,None,See secondary condition register,See transition register,See responsible role register,Review and validate; no automatic decision,This is not an approval or recommendation,Current readiness: Monitoring Only. This case does not currently require active intervention review. The analytical route calls for continued observation. Monitoring requirements are present and escalation triggers are defined. Continue monitoring until escalation trigger is met. Responsible party varies by condition; see responsible role register. Permitted action: review and validate; no automatic decision. This classification supports management routing and does not constitute approval.,Explanation supports routing only
EXP-DR-DSC-PKG-EP-HOSP-001-DEPT-MED-kpi_003-20260722,DR-DSC-PKG-EP-HOSP-001-DEPT-MED-kpi_003-20260722,DSC-PKG-EP-HOSP-001-DEPT-MED-kpi_003-20260722,DPKG-PKG-EP-HOSP-001-DEPT-MED-kpi_003-20260722,Monitoring Only, This case does not currently require active intervention review.,None,See secondary condition register,See transition register,See responsible role register,Review and validate; no automatic decision,This is not an approval or recommendation,Current readiness: Monitoring Only. This case does not currently require active intervention review. The analytical route calls for continued observation. Monitoring requirements are present and escalation triggers are defined. Continue monitoring until escalation trigger is met. Responsible party varies by condition; see responsible role register. Permitted action: review and validate; no automatic decision. This classification supports management routing and does not constitute approval.,Explanation supports routing only
EXP-DR-DSC-PKG-EP-HOSP-001-DEPT-MED-kpi_003-20260731,DR-DSC-PKG-EP-HOSP-001-DEPT-MED-kpi_003-20260731,DSC-PKG-EP-HOSP-001-DEPT-MED-kpi_003-20260731,DPKG-PKG-EP-HOSP-001-DEPT-MED-kpi_003-20260731,Monitoring Only, This case does not currently require active intervention review.,None,See secondary condition register,See transition register,See responsible role register,Review and validate; no automatic decision,This is not an approval or recommendation,Current readiness: Monitoring Only. This case does not currently require active intervention review. The analytical route calls for continued observation. Monitoring requirements are present and escalation triggers are defined. Continue monitoring until escalation trigger is met. Responsible party varies by condition; see responsible role register. Permitted action: review and validate; no automatic decision. This classification supports management routing and does not constitute approval.,Explanation supports routing only
EXP-DR-DSC-PKG-EP-HOSP-001-DEPT-MED-kpi_006-20260224,DR-DSC-PKG-EP-HOSP-001-DEPT-MED-kpi_006-20260224,DSC-PKG-EP-HOSP-001-DEPT-MED-kpi_006-20260224,DPKG-PKG-EP-HOSP-001-DEPT-MED-kpi_006-20260224,Monitoring Only, This case does not currently require active intervention review.,None,See secondary condition register,See transition register,See responsible role register,Review and validate; no automatic decision,This is not an approval or recommendation,Current readiness: Monitoring Only. This case does not currently require active intervention review. The analytical route calls for continued observation. Monitoring requirements are present and escalation triggers are defined. Continue monitoring until escalation trigger is met. Responsible party varies by condition; see responsible role register. Permitted action: review and validate; no automatic decision. This classification supports management routing and does not constitute approval.,Explanation supports routing only
EXP-DR-DSC-PKG-EP-HOSP-001-DEPT-MED-kpi_006-20260313,DR-DSC-PKG-EP-HOSP-001-DEPT-MED-kpi_006-20260313,DSC-PKG-EP-HOSP-001-DEPT-MED-kpi_006-20260313,DPKG-PKG-EP-HOSP-001-DEPT-MED-kpi_006-20260313,Monitoring Only, This case does not currently require active intervention review.,None,See secondary condition register,See transition register,See responsible role register,Review and validate; no automatic decision,This is not an approval or recommendation,Current readiness: Monitoring Only. This case does not currently require active intervention review. The analytical route calls for continued observation. Monitoring requirements are present and escalation triggers are defined. Continue monitoring until escalation trigger is met. Responsible party varies by condition; see responsible role register. Permitted action: review and validate; no automatic decision. This classification supports management routing and does not constitute approval.,Explanation supports routing only
EXP-DR-DSC-PKG-EP-HOSP-001-DEPT-MED-kpi_006-20260410,DR-DSC-PKG-EP-HOSP-001-DEPT-MED-kpi_006-20260410,DSC-PKG-EP-HOSP-001-DEPT-MED-kpi_006-20260410,DPKG-PKG-EP-HOSP-001-DEPT-MED-kpi_006-20260410,Monitoring Only, This case does not currently require active intervention review.,None,See secondary condition register,See transition register,See responsible role register,Review and validate; no automatic decision,This is not an approval or recommendation,Current readiness: Monitoring Only. This case does not currently require active intervention review. The analytical route calls for continued observation. Monitoring requirements are present and escalation triggers are defined. Continue monitoring until escalation trigger is met. Responsible party varies by condition; see responsible role register. Permitted action: review and validate; no automatic decision. This classification supports management routing and does not constitute approval.,Explanation supports routing only
EXP-DR-DSC-PKG-EP-HOSP-001-DEPT-MED-kpi_006-20260418,DR-DSC-PKG-EP-HOSP-001-DEPT-MED-kpi_006-20260418,DSC-PKG-EP-HOSP-001-DEPT-MED-kpi_006-20260418,DPKG-PKG-EP-HOSP-001-DEPT-MED-kpi_006-20260418,Monitoring Only, This case does not currently require active intervention review.,None,See secondary condition register,See transition register,See responsible role register,Review and validate; no automatic decision,This is not an approval or recommendation,Current readiness: Monitoring Only. This case does not currently require active intervention review. The analytical route calls for continued observation. Monitoring requirements are present and escalation triggers are defined. Continue monitoring until escalation trigger is met. Responsible party varies by condition; see responsible role register. Permitted action: review and validate; no automatic decision. This classification supports management routing and does not constitute approval.,Explanation supports routing only
EXP-DR-DSC-PKG-EP-HOSP-001-DEPT-MED-kpi_006-20260428,DR-DSC-PKG-EP-HOSP-001-DEPT-MED-kpi_006-20260428,DSC-PKG-EP-HOSP-001-DEPT-MED-kpi_006-20260428,DPKG-PKG-EP-HOSP-001-DEPT-MED-kpi_006-20260428,Monitoring Only, This case does not currently require active intervention review.,None,See secondary condition register,See transition register,See responsible role register,Review and validate; no automatic decision,This is not an approval or recommendation,Current readiness: Monitoring Only. This case does not currently require active intervention review. The analytical route calls for continued observation. Monitoring requirements are present and escalation triggers are defined. Continue monitoring until escalation trigger is met. Responsible party varies by condition; see responsible role register. Permitted action: review and validate; no automatic decision. This classification supports management routing and does not constitute approval.,Explanation supports routing only
EXP-DR-DSC-PKG-EP-HOSP-001-DEPT-MED-kpi_006-20260503,DR-DSC-PKG-EP-HOSP-001-DEPT-MED-kpi_006-20260503,DSC-PKG-EP-HOSP-001-DEPT-MED-kpi_006-20260503,DPKG-PKG-EP-HOSP-001-DEPT-MED-kpi_006-20260503,Monitoring Only, This case does not currently require active intervention review.,None,See secondary condition register,See transition register,See responsible role register,Review and validate; no automatic decision,This is not an approval or recommendation,Current readiness: Monitoring Only. This case does not currently require active intervention review. The analytical route calls for continued observation. Monitoring requirements are present and escalation triggers are defined. Continue monitoring until escalation trigger is met. Responsible party varies by condition; see responsible role register. Permitted action: review and validate; no automatic decision. This classification supports management routing and does not constitute approval.,Explanation supports routing only
EXP-DR-DSC-PKG-EP-HOSP-001-DEPT-MED-kpi_006-20260522,DR-DSC-PKG-EP-HOSP-001-DEPT-MED-kpi_006-20260522,DSC-PKG-EP-HOSP-001-DEPT-MED-kpi_006-20260522,DPKG-PKG-EP-HOSP-001-DEPT-MED-kpi_006-20260522,Monitoring Only, This case does not currently require active intervention review.,None,See secondary condition register,See transition register,See responsible role register,Review and validate; no automatic decision,This is not an approval or recommendation,Current readiness: Monitoring Only. This case does not currently require active intervention review. The analytical route calls for continued observation. Monitoring requirements are present and escalation triggers are defined. Continue monitoring until escalation trigger is met. Responsible party varies by condition; see responsible role register. Permitted action: review and validate; no automatic decision. This classification supports management routing and does not constitute approval.,Explanation supports routing only
EXP-DR-DSC-PKG-EP-HOSP-001-DEPT-MED-kpi_006-20260603,DR-DSC-PKG-EP-HOSP-001-DEPT-MED-kpi_006-20260603,DSC-PKG-EP-HOSP-001-DEPT-MED-kpi_006-20260603,DPKG-PKG-EP-HOSP-001-DEPT-MED-kpi_006-20260603,Monitoring Only, This case does not currently require active intervention review.,None,See secondary condition register,See transition register,See responsible role register,Review and validate; no automatic decision,This is not an approval or recommendation,Current readiness: Monitoring Only. This case does not currently require active intervention review. The analytical route calls for continued observation. Monitoring requirements are present and escalation triggers are defined. Continue monitoring until escalation trigger is met. Responsible party varies by condition; see responsible role register. Permitted action: review and validate; no automatic decision. This classification supports management routing and does not constitute approval.,Explanation supports routing only
EXP-DR-DSC-PKG-EP-HOSP-001-DEPT-MED-kpi_006-20260619,DR-DSC-PKG-EP-HOSP-001-DEPT-MED-kpi_006-20260619,DSC-PKG-EP-HOSP-001-DEPT-MED-kpi_006-20260619,DPKG-PKG-EP-HOSP-001-DEPT-MED-kpi_006-20260619,Monitoring Only, This case does not currently require active intervention review.,None,See secondary condition register,See transition register,See responsible role register,Review and validate; no automatic decision,This is not an approval or recommendation,Current readiness: Monitoring Only. This case does not currently require active intervention review. The analytical route calls for continued observation. Monitoring requirements are present and escalation triggers are defined. Continue monitoring until escalation trigger is met. Responsible party varies by condition; see responsible role register. Permitted action: review and validate; no automatic decision. This classification supports management routing and does not constitute approval.,Explanation supports routing only
EXP-DR-DSC-PKG-EP-HOSP-001-DEPT-MED-kpi_006-20260629,DR-DSC-PKG-EP-HOSP-001-DEPT-MED-kpi_006-20260629,DSC-PKG-EP-HOSP-001-DEPT-MED-kpi_006-20260629,DPKG-PKG-EP-HOSP-001-DEPT-MED-kpi_006-20260629,Monitoring Only, This case does not currently require active intervention review.,None,See secondary condition register,See transition register,See responsible role register,Review and validate; no automatic decision,This is not an approval or recommendation,Current readiness: Monitoring Only. This case does not currently require active intervention review. The analytical route calls for continued observation. Monitoring requirements are present and escalation triggers are defined. Continue monitoring until escalation trigger is met. Responsible party varies by condition; see responsible role register. Permitted action: review and validate; no automatic decision. This classification supports management routing and does not constitute approval.,Explanation supports routing only
EXP-DR-DSC-PKG-EP-HOSP-001-DEPT-MED-kpi_006-20260703,DR-DSC-PKG-EP-HOSP-001-DEPT-MED-kpi_006-20260703,DSC-PKG-EP-HOSP-001-DEPT-MED-kpi_006-20260703,DPKG-PKG-EP-HOSP-001-DEPT-MED-kpi_006-20260703,Monitoring Only, This case does not currently require active intervention review.,None,See secondary condition register,See transition register,See responsible role register,Review and validate; no automatic decision,This is not an approval or recommendation,Current readiness: Monitoring Only. This case does not currently require active intervention review. The analytical route calls for continued observation. Monitoring requirements are present and escalation triggers are defined. Continue monitoring until escalation trigger is met. Responsible party varies by condition; see responsible role register. Permitted action: review and validate; no automatic decision. This classification supports management routing and does not constitute approval.,Explanation supports routing only
EXP-DR-DSC-PKG-EP-HOSP-001-DEPT-MED-kpi_006-20260710,DR-DSC-PKG-EP-HOSP-001-DEPT-MED-kpi_006-20260710,DSC-PKG-EP-HOSP-001-DEPT-MED-kpi_006-20260710,DPKG-PKG-EP-HOSP-001-DEPT-MED-kpi_006-20260710,Monitoring Only, This case does not currently require active intervention review.,None,See secondary condition register,See transition register,See responsible role register,Review and validate; no automatic decision,This is not an approval or recommendation,Current readiness: Monitoring Only. This case does not currently require active intervention review. The analytical route calls for continued observation. Monitoring requirements are present and escalation triggers are defined. Continue monitoring until escalation trigger is met. Responsible party varies by condition; see responsible role register. Permitted action: review and validate; no automatic decision. This classification supports management routing and does not constitute approval.,Explanation supports routing only
EXP-DR-DSC-PKG-EP-HOSP-001-DEPT-MED-kpi_006-20260719,DR-DSC-PKG-EP-HOSP-001-DEPT-MED-kpi_006-20260719,DSC-PKG-EP-HOSP-001-DEPT-MED-kpi_006-20260719,DPKG-PKG-EP-HOSP-001-DEPT-MED-kpi_006-20260719,Monitoring Only, This case does not currently require active intervention review.,None,See secondary condition register,See transition register,See responsible role register,Review and validate; no automatic decision,This is not an approval or recommendation,Current readiness: Monitoring Only. This case does not currently require active intervention review. The analytical route calls for continued observation. Monitoring requirements are present and escalation triggers are defined. Continue monitoring until escalation trigger is met. Responsible party varies by condition; see responsible role register. Permitted action: review and validate; no automatic decision. This classification supports management routing and does not constitute approval.,Explanation supports routing only
EXP-DR-DSC-PKG-EP-HOSP-001-DEPT-MED-kpi_006-20260726,DR-DSC-PKG-EP-HOSP-001-DEPT-MED-kpi_006-20260726,DSC-PKG-EP-HOSP-001-DEPT-MED-kpi_006-20260726,DPKG-PKG-EP-HOSP-001-DEPT-MED-kpi_006-20260726,Monitoring Only, This case does not currently require active intervention review.,None,See secondary condition register,See transition register,See responsible role register,Review and validate; no automatic decision,This is not an approval or recommendation,Current readiness: Monitoring Only. This case does not currently require active intervention review. The analytical route calls for continued observation. Monitoring requirements are present and escalation triggers are defined. Continue monitoring until escalation trigger is met. Responsible party varies by condition; see responsible role register. Permitted action: review and validate; no automatic decision. This classification supports management routing and does not constitute approval.,Explanation supports routing only
EXP-DR-DSC-PKG-EP-HOSP-001-DEPT-MED-kpi_006-20260903,DR-DSC-PKG-EP-HOSP-001-DEPT-MED-kpi_006-20260903,DSC-PKG-EP-HOSP-001-DEPT-MED-kpi_006-20260903,DPKG-PKG-EP-HOSP-001-DEPT-MED-kpi_006-20260903,Monitoring Only, This case does not currently require active intervention review.,None,See secondary condition register,See transition register,See responsible role register,Review and validate; no automatic decision,This is not an approval or recommendation,Current readiness: Monitoring Only. This case does not currently require active intervention review. The analytical route calls for continued observation. Monitoring requirements are present and escalation triggers are defined. Continue monitoring until escalation trigger is met. Responsible party varies by condition; see responsible role register. Permitted action: review and validate; no automatic decision. This classification supports management routing and does not constitute approval.,Explanation supports routing only
EXP-DR-DSC-PKG-EP-HOSP-001-DEPT-MED-kpi_006-20261001,DR-DSC-PKG-EP-HOSP-001-DEPT-MED-kpi_006-20261001,DSC-PKG-EP-HOSP-001-DEPT-MED-kpi_006-20261001,DPKG-PKG-EP-HOSP-001-DEPT-MED-kpi_006-20261001,Monitoring Only, This case does not currently require active intervention review.,None,See secondary condition register,See transition register,See responsible role register,Review and validate; no automatic decision,This is not an approval or recommendation,Current readiness: Monitoring Only. This case does not currently require active intervention review. The analytical route calls for continued observation. Monitoring requirements are present and escalation triggers are defined. Continue monitoring until escalation trigger is met. Responsible party varies by condition; see responsible role register. Permitted action: review and validate; no automatic decision. This classification supports management routing and does not constitute approval.,Explanation supports routing only
EXP-DR-DSC-PKG-EP-HOSP-001-DEPT-MED-kpi_006-20261012,DR-DSC-PKG-EP-HOSP-001-DEPT-MED-kpi_006-20261012,DSC-PKG-EP-HOSP-001-DEPT-MED-kpi_006-20261012,DPKG-PKG-EP-HOSP-001-DEPT-MED-kpi_006-20261012,Monitoring Only, This case does not currently require active intervention review.,None,See secondary condition register,See transition register,See responsible role register,Review and validate; no automatic decision,This is not an approval or recommendation,Current readiness: Monitoring Only. This case does not currently require active intervention review. The analytical route calls for continued observation. Monitoring requirements are present and escalation triggers are defined. Continue monitoring until escalation trigger is met. Responsible party varies by condition; see responsible role register. Permitted action: review and validate; no automatic decision. This classification supports management routing and does not constitute approval.,Explanation supports routing only
EXP-DR-DSC-PKG-EP-HOSP-001-DEPT-MED-kpi_006-20261025,DR-DSC-PKG-EP-HOSP-001-DEPT-MED-kpi_006-20261025,DSC-PKG-EP-HOSP-001-DEPT-MED-kpi_006-20261025,DPKG-PKG-EP-HOSP-001-DEPT-MED-kpi_006-20261025,Monitoring Only, This case does not currently require active intervention review.,None,See secondary condition register,See transition register,See responsible role register,Review and validate; no automatic decision,This is not an approval or recommendation,Current readiness: Monitoring Only. This case does not currently require active intervention review. The analytical route calls for continued observation. Monitoring requirements are present and escalation triggers are defined. Continue monitoring until escalation trigger is met. Responsible party varies by condition; see responsible role register. Permitted action: review and validate; no automatic decision. This classification supports management routing and does not constitute approval.,Explanation supports routing only
EXP-DR-DSC-PKG-EP-HOSP-001-DEPT-MED-kpi_006-20261120,DR-DSC-PKG-EP-HOSP-001-DEPT-MED-kpi_006-20261120,DSC-PKG-EP-HOSP-001-DEPT-MED-kpi_006-20261120,DPKG-PKG-EP-HOSP-001-DEPT-MED-kpi_006-20261120,Monitoring Only, This case does not currently require active intervention review.,None,See secondary condition register,See transition register,See responsible role register,Review and validate; no automatic decision,This is not an approval or recommendation,Current readiness: Monitoring Only. This case does not currently require active intervention review. The analytical route calls for continued observation. Monitoring requirements are present and escalation triggers are defined. Continue monitoring until escalation trigger is met. Responsible party varies by condition; see responsible role register. Permitted action: review and validate; no automatic decision. This classification supports management routing and does not constitute approval.,Explanation supports routing only
EXP-DR-DSC-PKG-EP-HOSP-001-DEPT-MED-kpi_006-20261125,DR-DSC-PKG-EP-HOSP-001-DEPT-MED-kpi_006-20261125,DSC-PKG-EP-HOSP-001-DEPT-MED-kpi_006-20261125,DPKG-PKG-EP-HOSP-001-DEPT-MED-kpi_006-20261125,Monitoring Only, This case does not currently require active intervention review.,None,See secondary condition register,See transition register,See responsible role register,Review and validate; no automatic decision,This is not an approval or recommendation,Current readiness: Monitoring Only. This case does not currently require active intervention review. The analytical route calls for continued observation. Monitoring requirements are present and escalation triggers are defined. Continue monitoring until escalation trigger is met. Responsible party varies by condition; see responsible role register. Permitted action: review and validate; no automatic decision. This classification supports management routing and does not constitute approval.,Explanation supports routing only
EXP-DR-DSC-PKG-EP-HOSP-001-DEPT-MED-kpi_006-20261129,DR-DSC-PKG-EP-HOSP-001-DEPT-MED-kpi_006-20261129,DSC-PKG-EP-HOSP-001-DEPT-MED-kpi_006-20261129,DPKG-PKG-EP-HOSP-001-DEPT-MED-kpi_006-20261129,Monitoring Only, This case does not currently require active intervention review.,None,See secondary condition register,See transition register,See responsible role register,Review and validate; no automatic decision,This is not an approval or recommendation,Current readiness: Monitoring Only. This case does not currently require active intervention review. The analytical route calls for continued observation. Monitoring requirements are present and escalation triggers are defined. Continue monitoring until escalation trigger is met. Responsible party varies by condition; see responsible role register. Permitted action: review and validate; no automatic decision. This classification supports management routing and does not constitute approval.,Explanation supports routing only
EXP-DR-DSC-PKG-EP-HOSP-001-DEPT-MED-kpi_006-20261212,DR-DSC-PKG-EP-HOSP-001-DEPT-MED-kpi_006-20261212,DSC-PKG-EP-HOSP-001-DEPT-MED-kpi_006-20261212,DPKG-PKG-EP-HOSP-001-DEPT-MED-kpi_006-20261212,Monitoring Only, This case does not currently require active intervention review.,None,See secondary condition register,See transition register,See responsible role register,Review and validate; no automatic decision,This is not an approval or recommendation,Current readiness: Monitoring Only. This case does not currently require active intervention review. The analytical route calls for continued observation. Monitoring requirements are present and escalation triggers are defined. Continue monitoring until escalation trigger is met. Responsible party varies by condition; see responsible role register. Permitted action: review and validate; no automatic decision. This classification supports management routing and does not constitute approval.,Explanation supports routing only
EXP-DR-DSC-PKG-EP-HOSP-001-DEPT-MED-kpi_006-20261216,DR-DSC-PKG-EP-HOSP-001-DEPT-MED-kpi_006-20261216,DSC-PKG-EP-HOSP-001-DEPT-MED-kpi_006-20261216,DPKG-PKG-EP-HOSP-001-DEPT-MED-kpi_006-20261216,Monitoring Only, This case does not currently require active intervention review.,None,See secondary condition register,See transition register,See responsible role register,Review and validate; no automatic decision,This is not an approval or recommendation,Current readiness: Monitoring Only. This case does not currently require active intervention review. The analytical route calls for continued observation. Monitoring requirements are present and escalation triggers are defined. Continue monitoring until escalation trigger is met. Responsible party varies by condition; see responsible role register. Permitted action: review and validate; no automatic decision. This classification supports management routing and does not constitute approval.,Explanation supports routing only
EXP-DR-DSC-PKG-EP-HOSP-001-DEPT-MED-kpi_006-20261226,DR-DSC-PKG-EP-HOSP-001-DEPT-MED-kpi_006-20261226,DSC-PKG-EP-HOSP-001-DEPT-MED-kpi_006-20261226,DPKG-PKG-EP-HOSP-001-DEPT-MED-kpi_006-20261226,Monitoring Only, This case does not currently require active intervention review.,None,See secondary condition register,See transition register,See responsible role register,Review and validate; no automatic decision,This is not an approval or recommendation,Current readiness: Monitoring Only. This case does not currently require active intervention review. The analytical route calls for continued observation. Monitoring requirements are present and escalation triggers are defined. Continue monitoring until escalation trigger is met. Responsible party varies by condition; see responsible role register. Permitted action: review and validate; no automatic decision. This classification supports management routing and does not constitute approval.,Explanation supports routing only
EXP-DR-DSC-PKG-EP-HOSP-001-DEPT-OPC-kpi_001-20260107,DR-DSC-PKG-EP-HOSP-001-DEPT-OPC-kpi_001-20260107,DSC-PKG-EP-HOSP-001-DEPT-OPC-kpi_001-20260107,DPKG-PKG-EP-HOSP-001-DEPT-OPC-kpi_001-20260107,Requires Stakeholder Validation, A material input or assumption requires responsible-owner confirmation.,Requires Stakeholder Validation,See secondary condition register,See transition register,See responsible role register,Review and validate; no automatic decision,This is not an approval or recommendation,Current readiness: Requires Stakeholder Validation. A material input or assumption requires responsible-owner confirmation. Stakeholder confirmation is blocking and cannot be safely resolved analytically. Main blocking condition: Requires Stakeholder Validation. Resolve Requires Stakeholder Validation before readiness can advance. Responsible party varies by condition; see responsible role register. Permitted action: review and validate; no automatic decision. This classification supports management routing and does not constitute approval.,Explanation supports routing only
EXP-DR-DSC-PKG-EP-HOSP-001-DEPT-OPC-kpi_001-20260122,DR-DSC-PKG-EP-HOSP-001-DEPT-OPC-kpi_001-20260122,DSC-PKG-EP-HOSP-001-DEPT-OPC-kpi_001-20260122,DPKG-PKG-EP-HOSP-001-DEPT-OPC-kpi_001-20260122,Requires Assumption Validation, Scenario or recommendation assumptions remain materially unconfirmed.,Requires Assumption Validation,See secondary condition register,See transition register,See responsible role register,Review and validate; no automatic decision,This is not an approval or recommendation,Current readiness: Requires Assumption Validation. Scenario or recommendation assumptions remain materially unconfirmed. Management review would be misleading without confirmation of key assumptions. Comparator assumptions require validation before proceeding. Main blocking condition: Requires Assumption Validation. Resolve Requires Assumption Validation before readiness can advance. Responsible party varies by condition; see responsible role register. Permitted action: review and validate; no automatic decision. This classification supports management routing and does not constitute approval.,Explanation supports routing only
EXP-DR-DSC-PKG-EP-HOSP-001-DEPT-OPC-kpi_001-20260305,DR-DSC-PKG-EP-HOSP-001-DEPT-OPC-kpi_001-20260305,DSC-PKG-EP-HOSP-001-DEPT-OPC-kpi_001-20260305,DPKG-PKG-EP-HOSP-001-DEPT-OPC-kpi_001-20260305,Requires Assumption Validation, Scenario or recommendation assumptions remain materially unconfirmed.,Requires Assumption Validation,See secondary condition register,See transition register,See responsible role register,Review and validate; no automatic decision,This is not an approval or recommendation,Current readiness: Requires Assumption Validation. Scenario or recommendation assumptions remain materially unconfirmed. Management review would be misleading without confirmation of key assumptions. Comparator assumptions require validation before proceeding. Main blocking condition: Requires Assumption Validation. Resolve Requires Assumption Validation before readiness can advance. Responsible party varies by condition; see responsible role register. Permitted action: review and validate; no automatic decision. This classification supports management routing and does not constitute approval.,Explanation supports routing only
EXP-DR-DSC-PKG-EP-HOSP-001-DEPT-OPC-kpi_001-20260314,DR-DSC-PKG-EP-HOSP-001-DEPT-OPC-kpi_001-20260314,DSC-PKG-EP-HOSP-001-DEPT-OPC-kpi_001-20260314,DPKG-PKG-EP-HOSP-001-DEPT-OPC-kpi_001-20260314,Requires Lineage Completion, Source-to-decision lineage is incomplete or orphan references exist.,Requires Lineage Completion,See secondary condition register,See transition register,See responsible role register,Review and validate; no automatic decision,This is not an approval or recommendation,Current readiness: Requires Lineage Completion. Source-to-decision lineage is incomplete or orphan references exist. The decision record cannot be fully traced without completing lineage. Main blocking condition: Requires Lineage Completion. Resolve Requires Lineage Completion before readiness can advance. Responsible party varies by condition; see responsible role register. Permitted action: review and validate; no automatic decision. This classification supports management routing and does not constitute approval.,Explanation supports routing only
EXP-DR-DSC-PKG-EP-HOSP-001-DEPT-OPC-kpi_001-20260325,DR-DSC-PKG-EP-HOSP-001-DEPT-OPC-kpi_001-20260325,DSC-PKG-EP-HOSP-001-DEPT-OPC-kpi_001-20260325,DPKG-PKG-EP-HOSP-001-DEPT-OPC-kpi_001-20260325,Requires Assumption Validation, Scenario or recommendation assumptions remain materially unconfirmed.,Requires Assumption Validation,See secondary condition register,See transition register,See responsible role register,Review and validate; no automatic decision,This is not an approval or recommendation,Current readiness: Requires Assumption Validation. Scenario or recommendation assumptions remain materially unconfirmed. Management review would be misleading without confirmation of key assumptions. Comparator assumptions require validation before proceeding. Main blocking condition: Requires Assumption Validation. Resolve Requires Assumption Validation before readiness can advance. Responsible party varies by condition; see responsible role register. Permitted action: review and validate; no automatic decision. This classification supports management routing and does not constitute approval.,Explanation supports routing only
EXP-DR-DSC-PKG-EP-HOSP-001-DEPT-OPC-kpi_001-20260331,DR-DSC-PKG-EP-HOSP-001-DEPT-OPC-kpi_001-20260331,DSC-PKG-EP-HOSP-001-DEPT-OPC-kpi_001-20260331,DPKG-PKG-EP-HOSP-001-DEPT-OPC-kpi_001-20260331,Requires Baseline Validation," The baseline is missing, stale, inconsistent, or not representative.",Requires Baseline Validation,See secondary condition register,See transition register,See responsible role register,Review and validate; no automatic decision,This is not an approval or recommendation,"Current readiness: Requires Baseline Validation. The baseline is missing, stale, inconsistent, or not representative. Baseline validation status is blocking further progression. A valid baseline must be established before management review. Main blocking condition: Requires Baseline Validation. Resolve Requires Baseline Validation before readiness can advance. Responsible party varies by condition; see responsible role register. Permitted action: review and validate; no automatic decision. This classification supports management routing and does not constitute approval.",Explanation supports routing only
EXP-DR-DSC-PKG-EP-HOSP-001-DEPT-OPC-kpi_001-20260405,DR-DSC-PKG-EP-HOSP-001-DEPT-OPC-kpi_001-20260405,DSC-PKG-EP-HOSP-001-DEPT-OPC-kpi_001-20260405,DPKG-PKG-EP-HOSP-001-DEPT-OPC-kpi_001-20260405,Requires Assumption Validation, Scenario or recommendation assumptions remain materially unconfirmed.,Requires Assumption Validation,See secondary condition register,See transition register,See responsible role register,Review and validate; no automatic decision,This is not an approval or recommendation,Current readiness: Requires Assumption Validation. Scenario or recommendation assumptions remain materially unconfirmed. Management review would be misleading without confirmation of key assumptions. Comparator assumptions require validation before proceeding. Main blocking condition: Requires Assumption Validation. Resolve Requires Assumption Validation before readiness can advance. Responsible party varies by condition; see responsible role register. Permitted action: review and validate; no automatic decision. This classification supports management routing and does not constitute approval.,Explanation supports routing only
EXP-DR-DSC-PKG-EP-HOSP-001-DEPT-OPC-kpi_001-20260417,DR-DSC-PKG-EP-HOSP-001-DEPT-OPC-kpi_001-20260417,DSC-PKG-EP-HOSP-001-DEPT-OPC-kpi_001-20260417,DPKG-PKG-EP-HOSP-001-DEPT-OPC-kpi_001-20260417,Requires Assumption Validation, Scenario or recommendation assumptions remain materially unconfirmed.,Requires Assumption Validation,See secondary condition register,See transition register,See responsible role register,Review and validate; no automatic decision,This is not an approval or recommendation,Current readiness: Requires Assumption Validation. Scenario or recommendation assumptions remain materially unconfirmed. Management review would be misleading without confirmation of key assumptions. Comparator assumptions require validation before proceeding. Main blocking condition: Requires Assumption Validation. Resolve Requires Assumption Validation before readiness can advance. Responsible party varies by condition; see responsible role register. Permitted action: review and validate; no automatic decision. This classification supports management routing and does not constitute approval.,Explanation supports routing only
EXP-DR-DSC-PKG-EP-HOSP-001-DEPT-OPC-kpi_001-20260423,DR-DSC-PKG-EP-HOSP-001-DEPT-OPC-kpi_001-20260423,DSC-PKG-EP-HOSP-001-DEPT-OPC-kpi_001-20260423,DPKG-PKG-EP-HOSP-001-DEPT-OPC-kpi_001-20260423,Requires Lineage Completion, Source-to-decision lineage is incomplete or orphan references exist.,Requires Lineage Completion,See secondary condition register,See transition register,See responsible role register,Review and validate; no automatic decision,This is not an approval or recommendation,Current readiness: Requires Lineage Completion. Source-to-decision lineage is incomplete or orphan references exist. The decision record cannot be fully traced without completing lineage. Main blocking condition: Requires Lineage Completion. Resolve Requires Lineage Completion before readiness can advance. Responsible party varies by condition; see responsible role register. Permitted action: review and validate; no automatic decision. This classification supports management routing and does not constitute approval.,Explanation supports routing only
EXP-DR-DSC-PKG-EP-HOSP-001-DEPT-OPC-kpi_001-20260428,DR-DSC-PKG-EP-HOSP-001-DEPT-OPC-kpi_001-20260428,DSC-PKG-EP-HOSP-001-DEPT-OPC-kpi_001-20260428,DPKG-PKG-EP-HOSP-001-DEPT-OPC-kpi_001-20260428,Requires Assumption Validation, Scenario or recommendation assumptions remain materially unconfirmed.,Requires Assumption Validation,See secondary condition register,See transition register,See responsible role register,Review and validate; no automatic decision,This is not an approval or recommendation,Current readiness: Requires Assumption Validation. Scenario or recommendation assumptions remain materially unconfirmed. Management review would be misleading without confirmation of key assumptions. Comparator assumptions require validation before proceeding. Main blocking condition: Requires Assumption Validation. Resolve Requires Assumption Validation before readiness can advance. Responsible party varies by condition; see responsible role register. Permitted action: review and validate; no automatic decision. This classification supports management routing and does not constitute approval.,Explanation supports routing only
EXP-DR-DSC-PKG-EP-HOSP-001-DEPT-OPC-kpi_001-20260517,DR-DSC-PKG-EP-HOSP-001-DEPT-OPC-kpi_001-20260517,DSC-PKG-EP-HOSP-001-DEPT-OPC-kpi_001-20260517,DPKG-PKG-EP-HOSP-001-DEPT-OPC-kpi_001-20260517,Requires Stakeholder Validation, A material input or assumption requires responsible-owner confirmation.,Requires Stakeholder Validation,See secondary condition register,See transition register,See responsible role register,Review and validate; no automatic decision,This is not an approval or recommendation,Current readiness: Requires Stakeholder Validation. A material input or assumption requires responsible-owner confirmation. Stakeholder confirmation is blocking and cannot be safely resolved analytically. Main blocking condition: Requires Stakeholder Validation. Resolve Requires Stakeholder Validation before readiness can advance. Responsible party varies by condition; see responsible role register. Permitted action: review and validate; no automatic decision. This classification supports management routing and does not constitute approval.,Explanation supports routing only
EXP-DR-DSC-PKG-EP-HOSP-001-DEPT-OPC-kpi_001-20260530,DR-DSC-PKG-EP-HOSP-001-DEPT-OPC-kpi_001-20260530,DSC-PKG-EP-HOSP-001-DEPT-OPC-kpi_001-20260530,DPKG-PKG-EP-HOSP-001-DEPT-OPC-kpi_001-20260530,Requires Stakeholder Validation, A material input or assumption requires responsible-owner confirmation.,Requires Stakeholder Validation,See secondary condition register,See transition register,See responsible role register,Review and validate; no automatic decision,This is not an approval or recommendation,Current readiness: Requires Stakeholder Validation. A material input or assumption requires responsible-owner confirmation. Stakeholder confirmation is blocking and cannot be safely resolved analytically. Main blocking condition: Requires Stakeholder Validation. Resolve Requires Stakeholder Validation before readiness can advance. Responsible party varies by condition; see responsible role register. Permitted action: review and validate; no automatic decision. This classification supports management routing and does not constitute approval.,Explanation supports routing only
EXP-DR-DSC-PKG-EP-HOSP-001-DEPT-OPC-kpi_001-20260616,DR-DSC-PKG-EP-HOSP-001-DEPT-OPC-kpi_001-20260616,DSC-PKG-EP-HOSP-001-DEPT-OPC-kpi_001-20260616,DPKG-PKG-EP-HOSP-001-DEPT-OPC-kpi_001-20260616,Requires Budget Data, Affordability or budget sufficiency is required but no authoritative budget is available.,Requires Budget Data,See secondary condition register,See transition register,See responsible role register,Review and validate; no automatic decision,This is not an approval or recommendation,Current readiness: Requires Budget Data. Affordability or budget sufficiency is required but no authoritative budget is available. Budget data must be supplied before financial readiness can be confirmed. Main blocking condition: Requires Budget Data. Resolve Requires Budget Data before readiness can advance. Responsible party varies by condition; see responsible role register. Permitted action: review and validate; no automatic decision. This classification supports management routing and does not constitute approval.,Explanation supports routing only
EXP-DR-DSC-PKG-EP-HOSP-001-DEPT-OPC-kpi_001-20260622,DR-DSC-PKG-EP-HOSP-001-DEPT-OPC-kpi_001-20260622,DSC-PKG-EP-HOSP-001-DEPT-OPC-kpi_001-20260622,DPKG-PKG-EP-HOSP-001-DEPT-OPC-kpi_001-20260622,Ready for Integrated Management Review, This package has passed all mandatory gates and is ready for management review.,None,See secondary condition register,See transition register,See responsible role register,Review and validate; no automatic decision,This is not an approval or recommendation,"Current readiness: Ready for Integrated Management Review. This package has passed all mandatory gates and is ready for management review. Core risk, recommendation, scenario, and financial information is available. No absolute exclusion applies. Management can review the options and confirm specified matters. Management review may proceed. Responsible party varies by condition; see responsible role register. Permitted action: review and validate; no automatic decision. This classification supports management routing and does not constitute approval.",Explanation supports routing only
EXP-DR-DSC-PKG-EP-HOSP-001-DEPT-OPC-kpi_001-20260706,DR-DSC-PKG-EP-HOSP-001-DEPT-OPC-kpi_001-20260706,DSC-PKG-EP-HOSP-001-DEPT-OPC-kpi_001-20260706,DPKG-PKG-EP-HOSP-001-DEPT-OPC-kpi_001-20260706,Requires Stakeholder Validation, A material input or assumption requires responsible-owner confirmation.,Requires Stakeholder Validation,See secondary condition register,See transition register,See responsible role register,Review and validate; no automatic decision,This is not an approval or recommendation,Current readiness: Requires Stakeholder Validation. A material input or assumption requires responsible-owner confirmation. Stakeholder confirmation is blocking and cannot be safely resolved analytically. Main blocking condition: Requires Stakeholder Validation. Resolve Requires Stakeholder Validation before readiness can advance. Responsible party varies by condition; see responsible role register. Permitted action: review and validate; no automatic decision. This classification supports management routing and does not constitute approval.,Explanation supports routing only
EXP-DR-DSC-PKG-EP-HOSP-001-DEPT-OPC-kpi_001-20260815,DR-DSC-PKG-EP-HOSP-001-DEPT-OPC-kpi_001-20260815,DSC-PKG-EP-HOSP-001-DEPT-OPC-kpi_001-20260815,DPKG-PKG-EP-HOSP-001-DEPT-OPC-kpi_001-20260815,Requires Evidence Completion, Required evidence references are missing or applicable analytical phases are not covered.,Requires Evidence Completion,See secondary condition register,See transition register,See responsible role register,Review and validate; no automatic decision,This is not an approval or recommendation,Current readiness: Requires Evidence Completion. Required evidence references are missing or applicable analytical phases are not covered. Evidence completeness is insufficient for management review. Main blocking condition: Requires Evidence Completion. Resolve Requires Evidence Completion before readiness can advance. Responsible party varies by condition; see responsible role register. Permitted action: review and validate; no automatic decision. This classification supports management routing and does not constitute approval.,Explanation supports routing only
EXP-DR-DSC-PKG-EP-HOSP-001-DEPT-OPC-kpi_001-20260823,DR-DSC-PKG-EP-HOSP-001-DEPT-OPC-kpi_001-20260823,DSC-PKG-EP-HOSP-001-DEPT-OPC-kpi_001-20260823,DPKG-PKG-EP-HOSP-001-DEPT-OPC-kpi_001-20260823,Requires Assumption Validation, Scenario or recommendation assumptions remain materially unconfirmed.,Requires Assumption Validation,See secondary condition register,See transition register,See responsible role register,Review and validate; no automatic decision,This is not an approval or recommendation,Current readiness: Requires Assumption Validation. Scenario or recommendation assumptions remain materially unconfirmed. Management review would be misleading without confirmation of key assumptions. Comparator assumptions require validation before proceeding. Main blocking condition: Requires Assumption Validation. Resolve Requires Assumption Validation before readiness can advance. Responsible party varies by condition; see responsible role register. Permitted action: review and validate; no automatic decision. This classification supports management routing and does not constitute approval.,Explanation supports routing only
EXP-DR-DSC-PKG-EP-HOSP-001-DEPT-OPC-kpi_001-20260830,DR-DSC-PKG-EP-HOSP-001-DEPT-OPC-kpi_001-20260830,DSC-PKG-EP-HOSP-001-DEPT-OPC-kpi_001-20260830,DPKG-PKG-EP-HOSP-001-DEPT-OPC-kpi_001-20260830,Requires Assumption Validation, Scenario or recommendation assumptions remain materially unconfirmed.,Requires Assumption Validation,See secondary condition register,See transition register,See responsible role register,Review and validate; no automatic decision,This is not an approval or recommendation,Current readiness: Requires Assumption Validation. Scenario or recommendation assumptions remain materially unconfirmed. Management review would be misleading without confirmation of key assumptions. Comparator assumptions require validation before proceeding. Main blocking condition: Requires Assumption Validation. Resolve Requires Assumption Validation before readiness can advance. Responsible party varies by condition; see responsible role register. Permitted action: review and validate; no automatic decision. This classification supports management routing and does not constitute approval.,Explanation supports routing only
EXP-DR-DSC-PKG-EP-HOSP-001-DEPT-OPC-kpi_001-20260929,DR-DSC-PKG-EP-HOSP-001-DEPT-OPC-kpi_001-20260929,DSC-PKG-EP-HOSP-001-DEPT-OPC-kpi_001-20260929,DPKG-PKG-EP-HOSP-001-DEPT-OPC-kpi_001-20260929,Ready with Conditions, This package is complete enough for management review with non-blocking conditions remaining.,None,See secondary condition register,See transition register,See responsible role register,Review and validate; no automatic decision,This is not an approval or recommendation,Current readiness: Ready with Conditions. This package is complete enough for management review with non-blocking conditions remaining. Core information is available but some warnings or provisional matters require attention. Management can review the options but must confirm specified matters. Resolve Ready with Conditions before readiness can advance. Responsible party varies by condition; see responsible role register. Permitted action: review and validate; no automatic decision. This classification supports management routing and does not constitute approval.,Explanation supports routing only
EXP-DR-DSC-PKG-EP-HOSP-001-DEPT-OPC-kpi_001-20261008,DR-DSC-PKG-EP-HOSP-001-DEPT-OPC-kpi_001-20261008,DSC-PKG-EP-HOSP-001-DEPT-OPC-kpi_001-20261008,DPKG-PKG-EP-HOSP-001-DEPT-OPC-kpi_001-20261008,Requires Assumption Validation, Scenario or recommendation assumptions remain materially unconfirmed.,Requires Assumption Validation,See secondary condition register,See transition register,See responsible role register,Review and validate; no automatic decision,This is not an approval or recommendation,Current readiness: Requires Assumption Validation. Scenario or recommendation assumptions remain materially unconfirmed. Management review would be misleading without confirmation of key assumptions. Comparator assumptions require validation before proceeding. Main blocking condition: Requires Assumption Validation. Resolve Requires Assumption Validation before readiness can advance. Responsible party varies by condition; see responsible role register. Permitted action: review and validate; no automatic decision. This classification supports management routing and does not constitute approval.,Explanation supports routing only
EXP-DR-DSC-PKG-EP-HOSP-001-DEPT-OPC-kpi_001-20261017,DR-DSC-PKG-EP-HOSP-001-DEPT-OPC-kpi_001-20261017,DSC-PKG-EP-HOSP-001-DEPT-OPC-kpi_001-20261017,DPKG-PKG-EP-HOSP-001-DEPT-OPC-kpi_001-20261017,Requires Budget Data, Affordability or budget sufficiency is required but no authoritative budget is available.,Requires Budget Data,See secondary condition register,See transition register,See responsible role register,Review and validate; no automatic decision,This is not an approval or recommendation,Current readiness: Requires Budget Data. Affordability or budget sufficiency is required but no authoritative budget is available. Budget data must be supplied before financial readiness can be confirmed. Main blocking condition: Requires Budget Data. Resolve Requires Budget Data before readiness can advance. Responsible party varies by condition; see responsible role register. Permitted action: review and validate; no automatic decision. This classification supports management routing and does not constitute approval.,Explanation supports routing only
EXP-DR-DSC-PKG-EP-HOSP-001-DEPT-OPC-kpi_001-20261029,DR-DSC-PKG-EP-HOSP-001-DEPT-OPC-kpi_001-20261029,DSC-PKG-EP-HOSP-001-DEPT-OPC-kpi_001-20261029,DPKG-PKG-EP-HOSP-001-DEPT-OPC-kpi_001-20261029,Requires Assumption Validation, Scenario or recommendation assumptions remain materially unconfirmed.,Requires Assumption Validation,See secondary condition register,See transition register,See responsible role register,Review and validate; no automatic decision,This is not an approval or recommendation,Current readiness: Requires Assumption Validation. Scenario or recommendation assumptions remain materially unconfirmed. Management review would be misleading without confirmation of key assumptions. Comparator assumptions require validation before proceeding. Main blocking condition: Requires Assumption Validation. Resolve Requires Assumption Validation before readiness can advance. Responsible party varies by condition; see responsible role register. Permitted action: review and validate; no automatic decision. This classification supports management routing and does not constitute approval.,Explanation supports routing only
EXP-DR-DSC-PKG-EP-HOSP-001-DEPT-OPC-kpi_001-20261110,DR-DSC-PKG-EP-HOSP-001-DEPT-OPC-kpi_001-20261110,DSC-PKG-EP-HOSP-001-DEPT-OPC-kpi_001-20261110,DPKG-PKG-EP-HOSP-001-DEPT-OPC-kpi_001-20261110,Ready with Conditions, This package is complete enough for management review with non-blocking conditions remaining.,None,See secondary condition register,See transition register,See responsible role register,Review and validate; no automatic decision,This is not an approval or recommendation,Current readiness: Ready with Conditions. This package is complete enough for management review with non-blocking conditions remaining. Core information is available but some warnings or provisional matters require attention. Management can review the options but must confirm specified matters. Resolve Ready with Conditions before readiness can advance. Responsible party varies by condition; see responsible role register. Permitted action: review and validate; no automatic decision. This classification supports management routing and does not constitute approval.,Explanation supports routing only
EXP-DR-DSC-PKG-EP-HOSP-001-DEPT-OPC-kpi_001-20261116,DR-DSC-PKG-EP-HOSP-001-DEPT-OPC-kpi_001-20261116,DSC-PKG-EP-HOSP-001-DEPT-OPC-kpi_001-20261116,DPKG-PKG-EP-HOSP-001-DEPT-OPC-kpi_001-20261116,Requires Assumption Validation, Scenario or recommendation assumptions remain materially unconfirmed.,Requires Assumption Validation,See secondary condition register,See transition register,See responsible role register,Review and validate; no automatic decision,This is not an approval or recommendation,Current readiness: Requires Assumption Validation. Scenario or recommendation assumptions remain materially unconfirmed. Management review would be misleading without confirmation of key assumptions. Comparator assumptions require validation before proceeding. Main blocking condition: Requires Assumption Validation. Resolve Requires Assumption Validation before readiness can advance. Responsible party varies by condition; see responsible role register. Permitted action: review and validate; no automatic decision. This classification supports management routing and does not constitute approval.,Explanation supports routing only
EXP-DR-DSC-PKG-EP-HOSP-001-DEPT-OPC-kpi_001-20261128,DR-DSC-PKG-EP-HOSP-001-DEPT-OPC-kpi_001-20261128,DSC-PKG-EP-HOSP-001-DEPT-OPC-kpi_001-20261128,DPKG-PKG-EP-HOSP-001-DEPT-OPC-kpi_001-20261128,Requires Lineage Completion, Source-to-decision lineage is incomplete or orphan references exist.,Requires Lineage Completion,See secondary condition register,See transition register,See responsible role register,Review and validate; no automatic decision,This is not an approval or recommendation,Current readiness: Requires Lineage Completion. Source-to-decision lineage is incomplete or orphan references exist. The decision record cannot be fully traced without completing lineage. Main blocking condition: Requires Lineage Completion. Resolve Requires Lineage Completion before readiness can advance. Responsible party varies by condition; see responsible role register. Permitted action: review and validate; no automatic decision. This classification supports management routing and does not constitute approval.,Explanation supports routing only
EXP-DR-DSC-PKG-EP-HOSP-001-DEPT-OPC-kpi_001-20261203,DR-DSC-PKG-EP-HOSP-001-DEPT-OPC-kpi_001-20261203,DSC-PKG-EP-HOSP-001-DEPT-OPC-kpi_001-20261203,DPKG-PKG-EP-HOSP-001-DEPT-OPC-kpi_001-20261203,Requires Baseline Validation," The baseline is missing, stale, inconsistent, or not representative.",Requires Baseline Validation,See secondary condition register,See transition register,See responsible role register,Review and validate; no automatic decision,This is not an approval or recommendation,"Current readiness: Requires Baseline Validation. The baseline is missing, stale, inconsistent, or not representative. Baseline validation status is blocking further progression. A valid baseline must be established before management review. Main blocking condition: Requires Baseline Validation. Resolve Requires Baseline Validation before readiness can advance. Responsible party varies by condition; see responsible role register. Permitted action: review and validate; no automatic decision. This classification supports management routing and does not constitute approval.",Explanation supports routing only
EXP-DR-DSC-PKG-EP-HOSP-001-DEPT-OPC-kpi_001-20261209,DR-DSC-PKG-EP-HOSP-001-DEPT-OPC-kpi_001-20261209,DSC-PKG-EP-HOSP-001-DEPT-OPC-kpi_001-20261209,DPKG-PKG-EP-HOSP-001-DEPT-OPC-kpi_001-20261209,Requires Lineage Completion, Source-to-decision lineage is incomplete or orphan references exist.,Requires Lineage Completion,See secondary condition register,See transition register,See responsible role register,Review and validate; no automatic decision,This is not an approval or recommendation,Current readiness: Requires Lineage Completion. Source-to-decision lineage is incomplete or orphan references exist. The decision record cannot be fully traced without completing lineage. Main blocking condition: Requires Lineage Completion. Resolve Requires Lineage Completion before readiness can advance. Responsible party varies by condition; see responsible role register. Permitted action: review and validate; no automatic decision. This classification supports management routing and does not constitute approval.,Explanation supports routing only
EXP-DR-DSC-PKG-EP-HOSP-001-DEPT-OPC-kpi_001-20261214,DR-DSC-PKG-EP-HOSP-001-DEPT-OPC-kpi_001-20261214,DSC-PKG-EP-HOSP-001-DEPT-OPC-kpi_001-20261214,DPKG-PKG-EP-HOSP-001-DEPT-OPC-kpi_001-20261214,Requires Assumption Validation, Scenario or recommendation assumptions remain materially unconfirmed.,Requires Assumption Validation,See secondary condition register,See transition register,See responsible role register,Review and validate; no automatic decision,This is not an approval or recommendation,Current readiness: Requires Assumption Validation. Scenario or recommendation assumptions remain materially unconfirmed. Management review would be misleading without confirmation of key assumptions. Comparator assumptions require validation before proceeding. Main blocking condition: Requires Assumption Validation. Resolve Requires Assumption Validation before readiness can advance. Responsible party varies by condition; see responsible role register. Permitted action: review and validate; no automatic decision. This classification supports management routing and does not constitute approval.,Explanation supports routing only
EXP-DR-DSC-PKG-EP-HOSP-001-DEPT-OPC-kpi_001-20261219,DR-DSC-PKG-EP-HOSP-001-DEPT-OPC-kpi_001-20261219,DSC-PKG-EP-HOSP-001-DEPT-OPC-kpi_001-20261219,DPKG-PKG-EP-HOSP-001-DEPT-OPC-kpi_001-20261219,Ready with Conditions, This package is complete enough for management review with non-blocking conditions remaining.,None,See secondary condition register,See transition register,See responsible role register,Review and validate; no automatic decision,This is not an approval or recommendation,Current readiness: Ready with Conditions. This package is complete enough for management review with non-blocking conditions remaining. Core information is available but some warnings or provisional matters require attention. Management can review the options but must confirm specified matters. Resolve Ready with Conditions before readiness can advance. Responsible party varies by condition; see responsible role register. Permitted action: review and validate; no automatic decision. This classification supports management routing and does not constitute approval.,Explanation supports routing only
EXP-DR-DSC-PKG-EP-HOSP-001-DEPT-OPC-kpi_001-20261223,DR-DSC-PKG-EP-HOSP-001-DEPT-OPC-kpi_001-20261223,DSC-PKG-EP-HOSP-001-DEPT-OPC-kpi_001-20261223,DPKG-PKG-EP-HOSP-001-DEPT-OPC-kpi_001-20261223,Ready for Integrated Management Review, This package has passed all mandatory gates and is ready for management review.,None,See secondary condition register,See transition register,See responsible role register,Review and validate; no automatic decision,This is not an approval or recommendation,"Current readiness: Ready for Integrated Management Review. This package has passed all mandatory gates and is ready for management review. Core risk, recommendation, scenario, and financial information is available. No absolute exclusion applies. Management can review the options and confirm specified matters. Management review may proceed. Responsible party varies by condition; see responsible role register. Permitted action: review and validate; no automatic decision. This classification supports management routing and does not constitute approval.",Explanation supports routing only
EXP-DR-DSC-PKG-EP-HOSP-001-DEPT-OPC-kpi_002-20260118,DR-DSC-PKG-EP-HOSP-001-DEPT-OPC-kpi_002-20260118,DSC-PKG-EP-HOSP-001-DEPT-OPC-kpi_002-20260118,DPKG-PKG-EP-HOSP-001-DEPT-OPC-kpi_002-20260118,Ready for Integrated Management Review, This package has passed all mandatory gates and is ready for management review.,None,See secondary condition register,See transition register,See responsible role register,Review and validate; no automatic decision,This is not an approval or recommendation,"Current readiness: Ready for Integrated Management Review. This package has passed all mandatory gates and is ready for management review. Core risk, recommendation, scenario, and financial information is available. No absolute exclusion applies. Management can review the options and confirm specified matters. Management review may proceed. Responsible party varies by condition; see responsible role register. Permitted action: review and validate; no automatic decision. This classification supports management routing and does not constitute approval.",Explanation supports routing only
EXP-DR-DSC-PKG-EP-HOSP-001-DEPT-OPC-kpi_002-20260319,DR-DSC-PKG-EP-HOSP-001-DEPT-OPC-kpi_002-20260319,DSC-PKG-EP-HOSP-001-DEPT-OPC-kpi_002-20260319,DPKG-PKG-EP-HOSP-001-DEPT-OPC-kpi_002-20260319,Requires Baseline Validation," The baseline is missing, stale, inconsistent, or not representative.",Requires Baseline Validation,See secondary condition register,See transition register,See responsible role register,Review and validate; no automatic decision,This is not an approval or recommendation,"Current readiness: Requires Baseline Validation. The baseline is missing, stale, inconsistent, or not representative. Baseline validation status is blocking further progression. A valid baseline must be established before management review. Main blocking condition: Requires Baseline Validation. Resolve Requires Baseline Validation before readiness can advance. Responsible party varies by condition; see responsible role register. Permitted action: review and validate; no automatic decision. This classification supports management routing and does not constitute approval.",Explanation supports routing only
EXP-DR-DSC-PKG-EP-HOSP-001-DEPT-OPC-kpi_002-20260404,DR-DSC-PKG-EP-HOSP-001-DEPT-OPC-kpi_002-20260404,DSC-PKG-EP-HOSP-001-DEPT-OPC-kpi_002-20260404,DPKG-PKG-EP-HOSP-001-DEPT-OPC-kpi_002-20260404,Ready with Conditions, This package is complete enough for management review with non-blocking conditions remaining.,None,See secondary condition register,See transition register,See responsible role register,Review and validate; no automatic decision,This is not an approval or recommendation,Current readiness: Ready with Conditions. This package is complete enough for management review with non-blocking conditions remaining. Core information is available but some warnings or provisional matters require attention. Management can review the options but must confirm specified matters. Resolve Ready with Conditions before readiness can advance. Responsible party varies by condition; see responsible role register. Permitted action: review and validate; no automatic decision. This classification supports management routing and does not constitute approval.,Explanation supports routing only
EXP-DR-DSC-PKG-EP-HOSP-001-DEPT-OPC-kpi_002-20260414,DR-DSC-PKG-EP-HOSP-001-DEPT-OPC-kpi_002-20260414,DSC-PKG-EP-HOSP-001-DEPT-OPC-kpi_002-20260414,DPKG-PKG-EP-HOSP-001-DEPT-OPC-kpi_002-20260414,Ready with Conditions, This package is complete enough for management review with non-blocking conditions remaining.,None,See secondary condition register,See transition register,See responsible role register,Review and validate; no automatic decision,This is not an approval or recommendation,Current readiness: Ready with Conditions. This package is complete enough for management review with non-blocking conditions remaining. Core information is available but some warnings or provisional matters require attention. Management can review the options but must confirm specified matters. Resolve Ready with Conditions before readiness can advance. Responsible party varies by condition; see responsible role register. Permitted action: review and validate; no automatic decision. This classification supports management routing and does not constitute approval.,Explanation supports routing only
EXP-DR-DSC-PKG-EP-HOSP-001-DEPT-OPC-kpi_002-20260421,DR-DSC-PKG-EP-HOSP-001-DEPT-OPC-kpi_002-20260421,DSC-PKG-EP-HOSP-001-DEPT-OPC-kpi_002-20260421,DPKG-PKG-EP-HOSP-001-DEPT-OPC-kpi_002-20260421,Ready for Integrated Management Review, This package has passed all mandatory gates and is ready for management review.,None,See secondary condition register,See transition register,See responsible role register,Review and validate; no automatic decision,This is not an approval or recommendation,"Current readiness: Ready for Integrated Management Review. This package has passed all mandatory gates and is ready for management review. Core risk, recommendation, scenario, and financial information is available. No absolute exclusion applies. Management can review the options and confirm specified matters. Management review may proceed. Responsible party varies by condition; see responsible role register. Permitted action: review and validate; no automatic decision. This classification supports management routing and does not constitute approval.",Explanation supports routing only
EXP-DR-DSC-PKG-EP-HOSP-001-DEPT-OPC-kpi_002-20260504,DR-DSC-PKG-EP-HOSP-001-DEPT-OPC-kpi_002-20260504,DSC-PKG-EP-HOSP-001-DEPT-OPC-kpi_002-20260504,DPKG-PKG-EP-HOSP-001-DEPT-OPC-kpi_002-20260504,Requires Evidence Completion, Required evidence references are missing or applicable analytical phases are not covered.,Requires Evidence Completion,See secondary condition register,See transition register,See responsible role register,Review and validate; no automatic decision,This is not an approval or recommendation,Current readiness: Requires Evidence Completion. Required evidence references are missing or applicable analytical phases are not covered. Evidence completeness is insufficient for management review. Main blocking condition: Requires Evidence Completion. Resolve Requires Evidence Completion before readiness can advance. Responsible party varies by condition; see responsible role register. Permitted action: review and validate; no automatic decision. This classification supports management routing and does not constitute approval.,Explanation supports routing only
EXP-DR-DSC-PKG-EP-HOSP-001-DEPT-OPC-kpi_002-20260704,DR-DSC-PKG-EP-HOSP-001-DEPT-OPC-kpi_002-20260704,DSC-PKG-EP-HOSP-001-DEPT-OPC-kpi_002-20260704,DPKG-PKG-EP-HOSP-001-DEPT-OPC-kpi_002-20260704,Ready for Integrated Management Review, This package has passed all mandatory gates and is ready for management review.,None,See secondary condition register,See transition register,See responsible role register,Review and validate; no automatic decision,This is not an approval or recommendation,"Current readiness: Ready for Integrated Management Review. This package has passed all mandatory gates and is ready for management review. Core risk, recommendation, scenario, and financial information is available. No absolute exclusion applies. Management can review the options and confirm specified matters. Management review may proceed. Responsible party varies by condition; see responsible role register. Permitted action: review and validate; no automatic decision. This classification supports management routing and does not constitute approval.",Explanation supports routing only
EXP-DR-DSC-PKG-EP-HOSP-001-DEPT-OPC-kpi_002-20260826,DR-DSC-PKG-EP-HOSP-001-DEPT-OPC-kpi_002-20260826,DSC-PKG-EP-HOSP-001-DEPT-OPC-kpi_002-20260826,DPKG-PKG-EP-HOSP-001-DEPT-OPC-kpi_002-20260826,Requires Stakeholder Validation, A material input or assumption requires responsible-owner confirmation.,Requires Stakeholder Validation,See secondary condition register,See transition register,See responsible role register,Review and validate; no automatic decision,This is not an approval or recommendation,Current readiness: Requires Stakeholder Validation. A material input or assumption requires responsible-owner confirmation. Stakeholder confirmation is blocking and cannot be safely resolved analytically. Main blocking condition: Requires Stakeholder Validation. Resolve Requires Stakeholder Validation before readiness can advance. Responsible party varies by condition; see responsible role register. Permitted action: review and validate; no automatic decision. This classification supports management routing and does not constitute approval.,Explanation supports routing only
EXP-DR-DSC-PKG-EP-HOSP-001-DEPT-OPC-kpi_002-20260926,DR-DSC-PKG-EP-HOSP-001-DEPT-OPC-kpi_002-20260926,DSC-PKG-EP-HOSP-001-DEPT-OPC-kpi_002-20260926,DPKG-PKG-EP-HOSP-001-DEPT-OPC-kpi_002-20260926,Requires Additional Scenario Analysis, The comparator set is incomplete or existing scenario results are insufficient.,Requires Additional Scenario Analysis,See secondary condition register,See transition register,See responsible role register,Review and validate; no automatic decision,This is not an approval or recommendation,Current readiness: Requires Additional Scenario Analysis. The comparator set is incomplete or existing scenario results are insufficient. Additional modelling is required before comparison can be completed. Main blocking condition: Requires Additional Scenario Analysis. Resolve Requires Additional Scenario Analysis before readiness can advance. Responsible party varies by condition; see responsible role register. Permitted action: review and validate; no automatic decision. This classification supports management routing and does not constitute approval.,Explanation supports routing only
EXP-DR-DSC-PKG-EP-HOSP-001-DEPT-OPC-kpi_002-20261009,DR-DSC-PKG-EP-HOSP-001-DEPT-OPC-kpi_002-20261009,DSC-PKG-EP-HOSP-001-DEPT-OPC-kpi_002-20261009,DPKG-PKG-EP-HOSP-001-DEPT-OPC-kpi_002-20261009,Ready for Integrated Management Review, This package has passed all mandatory gates and is ready for management review.,None,See secondary condition register,See transition register,See responsible role register,Review and validate; no automatic decision,This is not an approval or recommendation,"Current readiness: Ready for Integrated Management Review. This package has passed all mandatory gates and is ready for management review. Core risk, recommendation, scenario, and financial information is available. No absolute exclusion applies. Management can review the options and confirm specified matters. Management review may proceed. Responsible party varies by condition; see responsible role register. Permitted action: review and validate; no automatic decision. This classification supports management routing and does not constitute approval.",Explanation supports routing only
EXP-DR-DSC-PKG-EP-HOSP-001-DEPT-OPC-kpi_002-20261030,DR-DSC-PKG-EP-HOSP-001-DEPT-OPC-kpi_002-20261030,DSC-PKG-EP-HOSP-001-DEPT-OPC-kpi_002-20261030,DPKG-PKG-EP-HOSP-001-DEPT-OPC-kpi_002-20261030,Ready for Integrated Management Review, This package has passed all mandatory gates and is ready for management review.,None,See secondary condition register,See transition register,See responsible role register,Review and validate; no automatic decision,This is not an approval or recommendation,"Current readiness: Ready for Integrated Management Review. This package has passed all mandatory gates and is ready for management review. Core risk, recommendation, scenario, and financial information is available. No absolute exclusion applies. Management can review the options and confirm specified matters. Management review may proceed. Responsible party varies by condition; see responsible role register. Permitted action: review and validate; no automatic decision. This classification supports management routing and does not constitute approval.",Explanation supports routing only
EXP-DR-DSC-PKG-EP-HOSP-001-DEPT-OPC-kpi_002-20261112,DR-DSC-PKG-EP-HOSP-001-DEPT-OPC-kpi_002-20261112,DSC-PKG-EP-HOSP-001-DEPT-OPC-kpi_002-20261112,DPKG-PKG-EP-HOSP-001-DEPT-OPC-kpi_002-20261112,Requires Lineage Completion, Source-to-decision lineage is incomplete or orphan references exist.,Requires Lineage Completion,See secondary condition register,See transition register,See responsible role register,Review and validate; no automatic decision,This is not an approval or recommendation,Current readiness: Requires Lineage Completion. Source-to-decision lineage is incomplete or orphan references exist. The decision record cannot be fully traced without completing lineage. Main blocking condition: Requires Lineage Completion. Resolve Requires Lineage Completion before readiness can advance. Responsible party varies by condition; see responsible role register. Permitted action: review and validate; no automatic decision. This classification supports management routing and does not constitute approval.,Explanation supports routing only
EXP-DR-DSC-PKG-EP-HOSP-001-DEPT-OPC-kpi_002-20261121,DR-DSC-PKG-EP-HOSP-001-DEPT-OPC-kpi_002-20261121,DSC-PKG-EP-HOSP-001-DEPT-OPC-kpi_002-20261121,DPKG-PKG-EP-HOSP-001-DEPT-OPC-kpi_002-20261121,Ready with Conditions, This package is complete enough for management review with non-blocking conditions remaining.,None,See secondary condition register,See transition register,See responsible role register,Review and validate; no automatic decision,This is not an approval or recommendation,Current readiness: Ready with Conditions. This package is complete enough for management review with non-blocking conditions remaining. Core information is available but some warnings or provisional matters require attention. Management can review the options but must confirm specified matters. Resolve Ready with Conditions before readiness can advance. Responsible party varies by condition; see responsible role register. Permitted action: review and validate; no automatic decision. This classification supports management routing and does not constitute approval.,Explanation supports routing only
EXP-DR-DSC-PKG-EP-HOSP-001-DEPT-OPC-kpi_002-20261226,DR-DSC-PKG-EP-HOSP-001-DEPT-OPC-kpi_002-20261226,DSC-PKG-EP-HOSP-001-DEPT-OPC-kpi_002-20261226,DPKG-PKG-EP-HOSP-001-DEPT-OPC-kpi_002-20261226,Ready for Integrated Management Review, This package has passed all mandatory gates and is ready for management review.,None,See secondary condition register,See transition register,See responsible role register,Review and validate; no automatic decision,This is not an approval or recommendation,"Current readiness: Ready for Integrated Management Review. This package has passed all mandatory gates and is ready for management review. Core risk, recommendation, scenario, and financial information is available. No absolute exclusion applies. Management can review the options and confirm specified matters. Management review may proceed. Responsible party varies by condition; see responsible role register. Permitted action: review and validate; no automatic decision. This classification supports management routing and does not constitute approval.",Explanation supports routing only
EXP-DR-DSC-PKG-EP-HOSP-001-DEPT-OPC-kpi_004-20260402,DR-DSC-PKG-EP-HOSP-001-DEPT-OPC-kpi_004-20260402,DSC-PKG-EP-HOSP-001-DEPT-OPC-kpi_004-20260402,DPKG-PKG-EP-HOSP-001-DEPT-OPC-kpi_004-20260402,Requires Budget Data, Affordability or budget sufficiency is required but no authoritative budget is available.,Requires Budget Data,See secondary condition register,See transition register,See responsible role register,Review and validate; no automatic decision,This is not an approval or recommendation,Current readiness: Requires Budget Data. Affordability or budget sufficiency is required but no authoritative budget is available. Budget data must be supplied before financial readiness can be confirmed. Main blocking condition: Requires Budget Data. Resolve Requires Budget Data before readiness can advance. Responsible party varies by condition; see responsible role register. Permitted action: review and validate; no automatic decision. This classification supports management routing and does not constitute approval.,Explanation supports routing only
EXP-DR-DSC-PKG-EP-HOSP-001-DEPT-OPC-kpi_004-20260410,DR-DSC-PKG-EP-HOSP-001-DEPT-OPC-kpi_004-20260410,DSC-PKG-EP-HOSP-001-DEPT-OPC-kpi_004-20260410,DPKG-PKG-EP-HOSP-001-DEPT-OPC-kpi_004-20260410,Requires Baseline Validation," The baseline is missing, stale, inconsistent, or not representative.",Requires Baseline Validation,See secondary condition register,See transition register,See responsible role register,Review and validate; no automatic decision,This is not an approval or recommendation,"Current readiness: Requires Baseline Validation. The baseline is missing, stale, inconsistent, or not representative. Baseline validation status is blocking further progression. A valid baseline must be established before management review. Main blocking condition: Requires Baseline Validation. Resolve Requires Baseline Validation before readiness can advance. Responsible party varies by condition; see responsible role register. Permitted action: review and validate; no automatic decision. This classification supports management routing and does not constitute approval.",Explanation supports routing only
EXP-DR-DSC-PKG-EP-HOSP-001-DEPT-OPC-kpi_004-20260420,DR-DSC-PKG-EP-HOSP-001-DEPT-OPC-kpi_004-20260420,DSC-PKG-EP-HOSP-001-DEPT-OPC-kpi_004-20260420,DPKG-PKG-EP-HOSP-001-DEPT-OPC-kpi_004-20260420,Non-Quantitative, Scenario or financial comparison cannot be quantified for this case.,None,See secondary condition register,See transition register,See responsible role register,Review and validate; no automatic decision,This is not an approval or recommendation,Current readiness: Non-Quantitative. Scenario or financial comparison cannot be quantified for this case. Narrative review or monitoring remains possible. No fabricated quantitative value has been introduced. Resolve Non-Quantitative before readiness can advance. Responsible party varies by condition; see responsible role register. Permitted action: review and validate; no automatic decision. This classification supports management routing and does not constitute approval.,Explanation supports routing only
EXP-DR-DSC-PKG-EP-HOSP-001-DEPT-OPC-kpi_004-20260430,DR-DSC-PKG-EP-HOSP-001-DEPT-OPC-kpi_004-20260430,DSC-PKG-EP-HOSP-001-DEPT-OPC-kpi_004-20260430,DPKG-PKG-EP-HOSP-001-DEPT-OPC-kpi_004-20260430,Non-Quantitative, Scenario or financial comparison cannot be quantified for this case.,None,See secondary condition register,See transition register,See responsible role register,Review and validate; no automatic decision,This is not an approval or recommendation,Current readiness: Non-Quantitative. Scenario or financial comparison cannot be quantified for this case. Narrative review or monitoring remains possible. No fabricated quantitative value has been introduced. Resolve Non-Quantitative before readiness can advance. Responsible party varies by condition; see responsible role register. Permitted action: review and validate; no automatic decision. This classification supports management routing and does not constitute approval.,Explanation supports routing only
EXP-DR-DSC-PKG-EP-HOSP-001-DEPT-OPC-kpi_004-20260505,DR-DSC-PKG-EP-HOSP-001-DEPT-OPC-kpi_004-20260505,DSC-PKG-EP-HOSP-001-DEPT-OPC-kpi_004-20260505,DPKG-PKG-EP-HOSP-001-DEPT-OPC-kpi_004-20260505,Non-Quantitative, Scenario or financial comparison cannot be quantified for this case.,None,See secondary condition register,See transition register,See responsible role register,Review and validate; no automatic decision,This is not an approval or recommendation,Current readiness: Non-Quantitative. Scenario or financial comparison cannot be quantified for this case. Narrative review or monitoring remains possible. No fabricated quantitative value has been introduced. Resolve Non-Quantitative before readiness can advance. Responsible party varies by condition; see responsible role register. Permitted action: review and validate; no automatic decision. This classification supports management routing and does not constitute approval.,Explanation supports routing only
EXP-DR-DSC-PKG-EP-HOSP-001-DEPT-OPC-kpi_004-20260509,DR-DSC-PKG-EP-HOSP-001-DEPT-OPC-kpi_004-20260509,DSC-PKG-EP-HOSP-001-DEPT-OPC-kpi_004-20260509,DPKG-PKG-EP-HOSP-001-DEPT-OPC-kpi_004-20260509,Ready for Integrated Management Review, This package has passed all mandatory gates and is ready for management review.,None,See secondary condition register,See transition register,See responsible role register,Review and validate; no automatic decision,This is not an approval or recommendation,"Current readiness: Ready for Integrated Management Review. This package has passed all mandatory gates and is ready for management review. Core risk, recommendation, scenario, and financial information is available. No absolute exclusion applies. Management can review the options and confirm specified matters. Management review may proceed. Responsible party varies by condition; see responsible role register. Permitted action: review and validate; no automatic decision. This classification supports management routing and does not constitute approval.",Explanation supports routing only
EXP-DR-DSC-PKG-EP-HOSP-001-DEPT-OPC-kpi_004-20260602,DR-DSC-PKG-EP-HOSP-001-DEPT-OPC-kpi_004-20260602,DSC-PKG-EP-HOSP-001-DEPT-OPC-kpi_004-20260602,DPKG-PKG-EP-HOSP-001-DEPT-OPC-kpi_004-20260602,Ready for Integrated Management Review, This package has passed all mandatory gates and is ready for management review.,None,See secondary condition register,See transition register,See responsible role register,Review and validate; no automatic decision,This is not an approval or recommendation,"Current readiness: Ready for Integrated Management Review. This package has passed all mandatory gates and is ready for management review. Core risk, recommendation, scenario, and financial information is available. No absolute exclusion applies. Management can review the options and confirm specified matters. Management review may proceed. Responsible party varies by condition; see responsible role register. Permitted action: review and validate; no automatic decision. This classification supports management routing and does not constitute approval.",Explanation supports routing only
EXP-DR-DSC-PKG-EP-HOSP-001-DEPT-OPC-kpi_004-20260619,DR-DSC-PKG-EP-HOSP-001-DEPT-OPC-kpi_004-20260619,DSC-PKG-EP-HOSP-001-DEPT-OPC-kpi_004-20260619,DPKG-PKG-EP-HOSP-001-DEPT-OPC-kpi_004-20260619,Ready with Conditions, This package is complete enough for management review with non-blocking conditions remaining.,None,See secondary condition register,See transition register,See responsible role register,Review and validate; no automatic decision,This is not an approval or recommendation,Current readiness: Ready with Conditions. This package is complete enough for management review with non-blocking conditions remaining. Core information is available but some warnings or provisional matters require attention. Management can review the options but must confirm specified matters. Resolve Ready with Conditions before readiness can advance. Responsible party varies by condition; see responsible role register. Permitted action: review and validate; no automatic decision. This classification supports management routing and does not constitute approval.,Explanation supports routing only
EXP-DR-DSC-PKG-EP-HOSP-001-DEPT-OPC-kpi_004-20260629,DR-DSC-PKG-EP-HOSP-001-DEPT-OPC-kpi_004-20260629,DSC-PKG-EP-HOSP-001-DEPT-OPC-kpi_004-20260629,DPKG-PKG-EP-HOSP-001-DEPT-OPC-kpi_004-20260629,Ready for Integrated Management Review, This package has passed all mandatory gates and is ready for management review.,None,See secondary condition register,See transition register,See responsible role register,Review and validate; no automatic decision,This is not an approval or recommendation,"Current readiness: Ready for Integrated Management Review. This package has passed all mandatory gates and is ready for management review. Core risk, recommendation, scenario, and financial information is available. No absolute exclusion applies. Management can review the options and confirm specified matters. Management review may proceed. Responsible party varies by condition; see responsible role register. Permitted action: review and validate; no automatic decision. This classification supports management routing and does not constitute approval.",Explanation supports routing only
EXP-DR-DSC-PKG-EP-HOSP-001-DEPT-OPC-kpi_004-20260709,DR-DSC-PKG-EP-HOSP-001-DEPT-OPC-kpi_004-20260709,DSC-PKG-EP-HOSP-001-DEPT-OPC-kpi_004-20260709,DPKG-PKG-EP-HOSP-001-DEPT-OPC-kpi_004-20260709,Not Suitable for Decision Use, The package is materially incomplete or the analysis is incompatible with the intended decision.,Not Suitable for Decision Use,See secondary condition register,See transition register,See responsible role register,Review and validate; no automatic decision,This is not an approval or recommendation,Current readiness: Not Suitable for Decision Use. The package is materially incomplete or the analysis is incompatible with the intended decision. Evidence or lineage defects are severe. Governance restrictions prevent use in current form. Main blocking condition: Not Suitable for Decision Use. Resolve Not Suitable for Decision Use before readiness can advance. Responsible party varies by condition; see responsible role register. Permitted action: review and validate; no automatic decision. This classification supports management routing and does not constitute approval.,Explanation supports routing only
EXP-DR-DSC-PKG-EP-HOSP-001-DEPT-OPC-kpi_004-20260716,DR-DSC-PKG-EP-HOSP-001-DEPT-OPC-kpi_004-20260716,DSC-PKG-EP-HOSP-001-DEPT-OPC-kpi_004-20260716,DPKG-PKG-EP-HOSP-001-DEPT-OPC-kpi_004-20260716,Ready for Integrated Management Review, This package has passed all mandatory gates and is ready for management review.,None,See secondary condition register,See transition register,See responsible role register,Review and validate; no automatic decision,This is not an approval or recommendation,"Current readiness: Ready for Integrated Management Review. This package has passed all mandatory gates and is ready for management review. Core risk, recommendation, scenario, and financial information is available. No absolute exclusion applies. Management can review the options and confirm specified matters. Management review may proceed. Responsible party varies by condition; see responsible role register. Permitted action: review and validate; no automatic decision. This classification supports management routing and does not constitute approval.",Explanation supports routing only
EXP-DR-DSC-PKG-EP-HOSP-001-DEPT-OPC-kpi_004-20260721,DR-DSC-PKG-EP-HOSP-001-DEPT-OPC-kpi_004-20260721,DSC-PKG-EP-HOSP-001-DEPT-OPC-kpi_004-20260721,DPKG-PKG-EP-HOSP-001-DEPT-OPC-kpi_004-20260721,Ready for Integrated Management Review, This package has passed all mandatory gates and is ready for management review.,None,See secondary condition register,See transition register,See responsible role register,Review and validate; no automatic decision,This is not an approval or recommendation,"Current readiness: Ready for Integrated Management Review. This package has passed all mandatory gates and is ready for management review. Core risk, recommendation, scenario, and financial information is available. No absolute exclusion applies. Management can review the options and confirm specified matters. Management review may proceed. Responsible party varies by condition; see responsible role register. Permitted action: review and validate; no automatic decision. This classification supports management routing and does not constitute approval.",Explanation supports routing only
EXP-DR-DSC-PKG-EP-HOSP-001-DEPT-OPC-kpi_005-20260518,DR-DSC-PKG-EP-HOSP-001-DEPT-OPC-kpi_005-20260518,DSC-PKG-EP-HOSP-001-DEPT-OPC-kpi_005-20260518,DPKG-PKG-EP-HOSP-001-DEPT-OPC-kpi_005-20260518,Monitoring Only, This case does not currently require active intervention review.,None,See secondary condition register,See transition register,See responsible role register,Review and validate; no automatic decision,This is not an approval or recommendation,Current readiness: Monitoring Only. This case does not currently require active intervention review. The analytical route calls for continued observation. Monitoring requirements are present and escalation triggers are defined. Continue monitoring until escalation trigger is met. Responsible party varies by condition; see responsible role register. Permitted action: review and validate; no automatic decision. This classification supports management routing and does not constitute approval.,Explanation supports routing only
EXP-DR-DSC-PKG-EP-HOSP-001-DEPT-OPC-kpi_005-20260526,DR-DSC-PKG-EP-HOSP-001-DEPT-OPC-kpi_005-20260526,DSC-PKG-EP-HOSP-001-DEPT-OPC-kpi_005-20260526,DPKG-PKG-EP-HOSP-001-DEPT-OPC-kpi_005-20260526,Monitoring Only, This case does not currently require active intervention review.,None,See secondary condition register,See transition register,See responsible role register,Review and validate; no automatic decision,This is not an approval or recommendation,Current readiness: Monitoring Only. This case does not currently require active intervention review. The analytical route calls for continued observation. Monitoring requirements are present and escalation triggers are defined. Continue monitoring until escalation trigger is met. Responsible party varies by condition; see responsible role register. Permitted action: review and validate; no automatic decision. This classification supports management routing and does not constitute approval.,Explanation supports routing only
EXP-DR-DSC-PKG-EP-HOSP-001-DEPT-OPC-kpi_005-20260624,DR-DSC-PKG-EP-HOSP-001-DEPT-OPC-kpi_005-20260624,DSC-PKG-EP-HOSP-001-DEPT-OPC-kpi_005-20260624,DPKG-PKG-EP-HOSP-001-DEPT-OPC-kpi_005-20260624,Monitoring Only, This case does not currently require active intervention review.,None,See secondary condition register,See transition register,See responsible role register,Review and validate; no automatic decision,This is not an approval or recommendation,Current readiness: Monitoring Only. This case does not currently require active intervention review. The analytical route calls for continued observation. Monitoring requirements are present and escalation triggers are defined. Continue monitoring until escalation trigger is met. Responsible party varies by condition; see responsible role register. Permitted action: review and validate; no automatic decision. This classification supports management routing and does not constitute approval.,Explanation supports routing only
EXP-DR-DSC-PKG-EP-HOSP-001-DEPT-OPC-kpi_005-20260728,DR-DSC-PKG-EP-HOSP-001-DEPT-OPC-kpi_005-20260728,DSC-PKG-EP-HOSP-001-DEPT-OPC-kpi_005-20260728,DPKG-PKG-EP-HOSP-001-DEPT-OPC-kpi_005-20260728,Monitoring Only, This case does not currently require active intervention review.,None,See secondary condition register,See transition register,See responsible role register,Review and validate; no automatic decision,This is not an approval or recommendation,Current readiness: Monitoring Only. This case does not currently require active intervention review. The analytical route calls for continued observation. Monitoring requirements are present and escalation triggers are defined. Continue monitoring until escalation trigger is met. Responsible party varies by condition; see responsible role register. Permitted action: review and validate; no automatic decision. This classification supports management routing and does not constitute approval.,Explanation supports routing only
EXP-DR-DSC-PKG-EP-HOSP-001-DEPT-OPC-kpi_005-20260808,DR-DSC-PKG-EP-HOSP-001-DEPT-OPC-kpi_005-20260808,DSC-PKG-EP-HOSP-001-DEPT-OPC-kpi_005-20260808,DPKG-PKG-EP-HOSP-001-DEPT-OPC-kpi_005-20260808,Monitoring Only, This case does not currently require active intervention review.,None,See secondary condition register,See transition register,See responsible role register,Review and validate; no automatic decision,This is not an approval or recommendation,Current readiness: Monitoring Only. This case does not currently require active intervention review. The analytical route calls for continued observation. Monitoring requirements are present and escalation triggers are defined. Continue monitoring until escalation trigger is met. Responsible party varies by condition; see responsible role register. Permitted action: review and validate; no automatic decision. This classification supports management routing and does not constitute approval.,Explanation supports routing only
EXP-DR-DSC-PKG-EP-HOSP-001-DEPT-OPC-kpi_005-20260921,DR-DSC-PKG-EP-HOSP-001-DEPT-OPC-kpi_005-20260921,DSC-PKG-EP-HOSP-001-DEPT-OPC-kpi_005-20260921,DPKG-PKG-EP-HOSP-001-DEPT-OPC-kpi_005-20260921,Monitoring Only, This case does not currently require active intervention review.,None,See secondary condition register,See transition register,See responsible role register,Review and validate; no automatic decision,This is not an approval or recommendation,Current readiness: Monitoring Only. This case does not currently require active intervention review. The analytical route calls for continued observation. Monitoring requirements are present and escalation triggers are defined. Continue monitoring until escalation trigger is met. Responsible party varies by condition; see responsible role register. Permitted action: review and validate; no automatic decision. This classification supports management routing and does not constitute approval.,Explanation supports routing only
EXP-DR-DSC-PKG-EP-HOSP-001-DEPT-OPC-kpi_005-20261002,DR-DSC-PKG-EP-HOSP-001-DEPT-OPC-kpi_005-20261002,DSC-PKG-EP-HOSP-001-DEPT-OPC-kpi_005-20261002,DPKG-PKG-EP-HOSP-001-DEPT-OPC-kpi_005-20261002,Monitoring Only, This case does not currently require active intervention review.,None,See secondary condition register,See transition register,See responsible role register,Review and validate; no automatic decision,This is not an approval or recommendation,Current readiness: Monitoring Only. This case does not currently require active intervention review. The analytical route calls for continued observation. Monitoring requirements are present and escalation triggers are defined. Continue monitoring until escalation trigger is met. Responsible party varies by condition; see responsible role register. Permitted action: review and validate; no automatic decision. This classification supports management routing and does not constitute approval.,Explanation supports routing only
EXP-DR-DSC-PKG-EP-HOSP-001-DEPT-OPC-kpi_005-20261225,DR-DSC-PKG-EP-HOSP-001-DEPT-OPC-kpi_005-20261225,DSC-PKG-EP-HOSP-001-DEPT-OPC-kpi_005-20261225,DPKG-PKG-EP-HOSP-001-DEPT-OPC-kpi_005-20261225,Monitoring Only, This case does not currently require active intervention review.,None,See secondary condition register,See transition register,See responsible role register,Review and validate; no automatic decision,This is not an approval or recommendation,Current readiness: Monitoring Only. This case does not currently require active intervention review. The analytical route calls for continued observation. Monitoring requirements are present and escalation triggers are defined. Continue monitoring until escalation trigger is met. Responsible party varies by condition; see responsible role register. Permitted action: review and validate; no automatic decision. This classification supports management routing and does not constitute approval.,Explanation supports routing only
EXP-DR-DSC-PKG-EP-HOSP-001-DEPT-OPC-kpi_006-20260119,DR-DSC-PKG-EP-HOSP-001-DEPT-OPC-kpi_006-20260119,DSC-PKG-EP-HOSP-001-DEPT-OPC-kpi_006-20260119,DPKG-PKG-EP-HOSP-001-DEPT-OPC-kpi_006-20260119,Monitoring Only, This case does not currently require active intervention review.,None,See secondary condition register,See transition register,See responsible role register,Review and validate; no automatic decision,This is not an approval or recommendation,Current readiness: Monitoring Only. This case does not currently require active intervention review. The analytical route calls for continued observation. Monitoring requirements are present and escalation triggers are defined. Continue monitoring until escalation trigger is met. Responsible party varies by condition; see responsible role register. Permitted action: review and validate; no automatic decision. This classification supports management routing and does not constitute approval.,Explanation supports routing only
EXP-DR-DSC-PKG-EP-HOSP-001-DEPT-OPC-kpi_006-20260129,DR-DSC-PKG-EP-HOSP-001-DEPT-OPC-kpi_006-20260129,DSC-PKG-EP-HOSP-001-DEPT-OPC-kpi_006-20260129,DPKG-PKG-EP-HOSP-001-DEPT-OPC-kpi_006-20260129,Monitoring Only, This case does not currently require active intervention review.,None,See secondary condition register,See transition register,See responsible role register,Review and validate; no automatic decision,This is not an approval or recommendation,Current readiness: Monitoring Only. This case does not currently require active intervention review. The analytical route calls for continued observation. Monitoring requirements are present and escalation triggers are defined. Continue monitoring until escalation trigger is met. Responsible party varies by condition; see responsible role register. Permitted action: review and validate; no automatic decision. This classification supports management routing and does not constitute approval.,Explanation supports routing only
EXP-DR-DSC-PKG-EP-HOSP-001-DEPT-OPC-kpi_006-20260211,DR-DSC-PKG-EP-HOSP-001-DEPT-OPC-kpi_006-20260211,DSC-PKG-EP-HOSP-001-DEPT-OPC-kpi_006-20260211,DPKG-PKG-EP-HOSP-001-DEPT-OPC-kpi_006-20260211,Monitoring Only, This case does not currently require active intervention review.,None,See secondary condition register,See transition register,See responsible role register,Review and validate; no automatic decision,This is not an approval or recommendation,Current readiness: Monitoring Only. This case does not currently require active intervention review. The analytical route calls for continued observation. Monitoring requirements are present and escalation triggers are defined. Continue monitoring until escalation trigger is met. Responsible party varies by condition; see responsible role register. Permitted action: review and validate; no automatic decision. This classification supports management routing and does not constitute approval.,Explanation supports routing only
EXP-DR-DSC-PKG-EP-HOSP-001-DEPT-OPC-kpi_006-20260401,DR-DSC-PKG-EP-HOSP-001-DEPT-OPC-kpi_006-20260401,DSC-PKG-EP-HOSP-001-DEPT-OPC-kpi_006-20260401,DPKG-PKG-EP-HOSP-001-DEPT-OPC-kpi_006-20260401,Monitoring Only, This case does not currently require active intervention review.,None,See secondary condition register,See transition register,See responsible role register,Review and validate; no automatic decision,This is not an approval or recommendation,Current readiness: Monitoring Only. This case does not currently require active intervention review. The analytical route calls for continued observation. Monitoring requirements are present and escalation triggers are defined. Continue monitoring until escalation trigger is met. Responsible party varies by condition; see responsible role register. Permitted action: review and validate; no automatic decision. This classification supports management routing and does not constitute approval.,Explanation supports routing only
EXP-DR-DSC-PKG-EP-HOSP-001-DEPT-OPC-kpi_006-20260415,DR-DSC-PKG-EP-HOSP-001-DEPT-OPC-kpi_006-20260415,DSC-PKG-EP-HOSP-001-DEPT-OPC-kpi_006-20260415,DPKG-PKG-EP-HOSP-001-DEPT-OPC-kpi_006-20260415,Monitoring Only, This case does not currently require active intervention review.,None,See secondary condition register,See transition register,See responsible role register,Review and validate; no automatic decision,This is not an approval or recommendation,Current readiness: Monitoring Only. This case does not currently require active intervention review. The analytical route calls for continued observation. Monitoring requirements are present and escalation triggers are defined. Continue monitoring until escalation trigger is met. Responsible party varies by condition; see responsible role register. Permitted action: review and validate; no automatic decision. This classification supports management routing and does not constitute approval.,Explanation supports routing only
EXP-DR-DSC-PKG-EP-HOSP-001-DEPT-OPC-kpi_006-20260425,DR-DSC-PKG-EP-HOSP-001-DEPT-OPC-kpi_006-20260425,DSC-PKG-EP-HOSP-001-DEPT-OPC-kpi_006-20260425,DPKG-PKG-EP-HOSP-001-DEPT-OPC-kpi_006-20260425,Monitoring Only, This case does not currently require active intervention review.,None,See secondary condition register,See transition register,See responsible role register,Review and validate; no automatic decision,This is not an approval or recommendation,Current readiness: Monitoring Only. This case does not currently require active intervention review. The analytical route calls for continued observation. Monitoring requirements are present and escalation triggers are defined. Continue monitoring until escalation trigger is met. Responsible party varies by condition; see responsible role register. Permitted action: review and validate; no automatic decision. This classification supports management routing and does not constitute approval.,Explanation supports routing only
EXP-DR-DSC-PKG-EP-HOSP-001-DEPT-OPC-kpi_006-20260523,DR-DSC-PKG-EP-HOSP-001-DEPT-OPC-kpi_006-20260523,DSC-PKG-EP-HOSP-001-DEPT-OPC-kpi_006-20260523,DPKG-PKG-EP-HOSP-001-DEPT-OPC-kpi_006-20260523,Monitoring Only, This case does not currently require active intervention review.,None,See secondary condition register,See transition register,See responsible role register,Review and validate; no automatic decision,This is not an approval or recommendation,Current readiness: Monitoring Only. This case does not currently require active intervention review. The analytical route calls for continued observation. Monitoring requirements are present and escalation triggers are defined. Continue monitoring until escalation trigger is met. Responsible party varies by condition; see responsible role register. Permitted action: review and validate; no automatic decision. This classification supports management routing and does not constitute approval.,Explanation supports routing only
EXP-DR-DSC-PKG-EP-HOSP-001-DEPT-OPC-kpi_006-20260601,DR-DSC-PKG-EP-HOSP-001-DEPT-OPC-kpi_006-20260601,DSC-PKG-EP-HOSP-001-DEPT-OPC-kpi_006-20260601,DPKG-PKG-EP-HOSP-001-DEPT-OPC-kpi_006-20260601,Monitoring Only, This case does not currently require active intervention review.,None,See secondary condition register,See transition register,See responsible role register,Review and validate; no automatic decision,This is not an approval or recommendation,Current readiness: Monitoring Only. This case does not currently require active intervention review. The analytical route calls for continued observation. Monitoring requirements are present and escalation triggers are defined. Continue monitoring until escalation trigger is met. Responsible party varies by condition; see responsible role register. Permitted action: review and validate; no automatic decision. This classification supports management routing and does not constitute approval.,Explanation supports routing only
EXP-DR-DSC-PKG-EP-HOSP-001-DEPT-OPC-kpi_006-20260606,DR-DSC-PKG-EP-HOSP-001-DEPT-OPC-kpi_006-20260606,DSC-PKG-EP-HOSP-001-DEPT-OPC-kpi_006-20260606,DPKG-PKG-EP-HOSP-001-DEPT-OPC-kpi_006-20260606,Monitoring Only, This case does not currently require active intervention review.,None,See secondary condition register,See transition register,See responsible role register,Review and validate; no automatic decision,This is not an approval or recommendation,Current readiness: Monitoring Only. This case does not currently require active intervention review. The analytical route calls for continued observation. Monitoring requirements are present and escalation triggers are defined. Continue monitoring until escalation trigger is met. Responsible party varies by condition; see responsible role register. Permitted action: review and validate; no automatic decision. This classification supports management routing and does not constitute approval.,Explanation supports routing only
EXP-DR-DSC-PKG-EP-HOSP-001-DEPT-OPC-kpi_006-20260715,DR-DSC-PKG-EP-HOSP-001-DEPT-OPC-kpi_006-20260715,DSC-PKG-EP-HOSP-001-DEPT-OPC-kpi_006-20260715,DPKG-PKG-EP-HOSP-001-DEPT-OPC-kpi_006-20260715,Monitoring Only, This case does not currently require active intervention review.,None,See secondary condition register,See transition register,See responsible role register,Review and validate; no automatic decision,This is not an approval or recommendation,Current readiness: Monitoring Only. This case does not currently require active intervention review. The analytical route calls for continued observation. Monitoring requirements are present and escalation triggers are defined. Continue monitoring until escalation trigger is met. Responsible party varies by condition; see responsible role register. Permitted action: review and validate; no automatic decision. This classification supports management routing and does not constitute approval.,Explanation supports routing only
EXP-DR-DSC-PKG-EP-HOSP-001-DEPT-OPC-kpi_006-20260719,DR-DSC-PKG-EP-HOSP-001-DEPT-OPC-kpi_006-20260719,DSC-PKG-EP-HOSP-001-DEPT-OPC-kpi_006-20260719,DPKG-PKG-EP-HOSP-001-DEPT-OPC-kpi_006-20260719,Monitoring Only, This case does not currently require active intervention review.,None,See secondary condition register,See transition register,See responsible role register,Review and validate; no automatic decision,This is not an approval or recommendation,Current readiness: Monitoring Only. This case does not currently require active intervention review. The analytical route calls for continued observation. Monitoring requirements are present and escalation triggers are defined. Continue monitoring until escalation trigger is met. Responsible party varies by condition; see responsible role register. Permitted action: review and validate; no automatic decision. This classification supports management routing and does not constitute approval.,Explanation supports routing only
EXP-DR-DSC-PKG-EP-HOSP-001-DEPT-OPC-kpi_006-20260802,DR-DSC-PKG-EP-HOSP-001-DEPT-OPC-kpi_006-20260802,DSC-PKG-EP-HOSP-001-DEPT-OPC-kpi_006-20260802,DPKG-PKG-EP-HOSP-001-DEPT-OPC-kpi_006-20260802,Monitoring Only, This case does not currently require active intervention review.,None,See secondary condition register,See transition register,See responsible role register,Review and validate; no automatic decision,This is not an approval or recommendation,Current readiness: Monitoring Only. This case does not currently require active intervention review. The analytical route calls for continued observation. Monitoring requirements are present and escalation triggers are defined. Continue monitoring until escalation trigger is met. Responsible party varies by condition; see responsible role register. Permitted action: review and validate; no automatic decision. This classification supports management routing and does not constitute approval.,Explanation supports routing only
EXP-DR-DSC-PKG-EP-HOSP-001-DEPT-OPC-kpi_006-20260818,DR-DSC-PKG-EP-HOSP-001-DEPT-OPC-kpi_006-20260818,DSC-PKG-EP-HOSP-001-DEPT-OPC-kpi_006-20260818,DPKG-PKG-EP-HOSP-001-DEPT-OPC-kpi_006-20260818,Monitoring Only, This case does not currently require active intervention review.,None,See secondary condition register,See transition register,See responsible role register,Review and validate; no automatic decision,This is not an approval or recommendation,Current readiness: Monitoring Only. This case does not currently require active intervention review. The analytical route calls for continued observation. Monitoring requirements are present and escalation triggers are defined. Continue monitoring until escalation trigger is met. Responsible party varies by condition; see responsible role register. Permitted action: review and validate; no automatic decision. This classification supports management routing and does not constitute approval.,Explanation supports routing only
EXP-DR-DSC-PKG-EP-HOSP-001-DEPT-OPC-kpi_006-20261020,DR-DSC-PKG-EP-HOSP-001-DEPT-OPC-kpi_006-20261020,DSC-PKG-EP-HOSP-001-DEPT-OPC-kpi_006-20261020,DPKG-PKG-EP-HOSP-001-DEPT-OPC-kpi_006-20261020,Monitoring Only, This case does not currently require active intervention review.,None,See secondary condition register,See transition register,See responsible role register,Review and validate; no automatic decision,This is not an approval or recommendation,Current readiness: Monitoring Only. This case does not currently require active intervention review. The analytical route calls for continued observation. Monitoring requirements are present and escalation triggers are defined. Continue monitoring until escalation trigger is met. Responsible party varies by condition; see responsible role register. Permitted action: review and validate; no automatic decision. This classification supports management routing and does not constitute approval.,Explanation supports routing only
EXP-DR-DSC-PKG-EP-HOSP-001-DEPT-OPC-kpi_006-20261102,DR-DSC-PKG-EP-HOSP-001-DEPT-OPC-kpi_006-20261102,DSC-PKG-EP-HOSP-001-DEPT-OPC-kpi_006-20261102,DPKG-PKG-EP-HOSP-001-DEPT-OPC-kpi_006-20261102,Monitoring Only, This case does not currently require active intervention review.,None,See secondary condition register,See transition register,See responsible role register,Review and validate; no automatic decision,This is not an approval or recommendation,Current readiness: Monitoring Only. This case does not currently require active intervention review. The analytical route calls for continued observation. Monitoring requirements are present and escalation triggers are defined. Continue monitoring until escalation trigger is met. Responsible party varies by condition; see responsible role register. Permitted action: review and validate; no automatic decision. This classification supports management routing and does not constitute approval.,Explanation supports routing only
EXP-DR-DSC-PKG-EP-HOSP-001-DEPT-OPC-kpi_006-20261117,DR-DSC-PKG-EP-HOSP-001-DEPT-OPC-kpi_006-20261117,DSC-PKG-EP-HOSP-001-DEPT-OPC-kpi_006-20261117,DPKG-PKG-EP-HOSP-001-DEPT-OPC-kpi_006-20261117,Monitoring Only, This case does not currently require active intervention review.,None,See secondary condition register,See transition register,See responsible role register,Review and validate; no automatic decision,This is not an approval or recommendation,Current readiness: Monitoring Only. This case does not currently require active intervention review. The analytical route calls for continued observation. Monitoring requirements are present and escalation triggers are defined. Continue monitoring until escalation trigger is met. Responsible party varies by condition; see responsible role register. Permitted action: review and validate; no automatic decision. This classification supports management routing and does not constitute approval.,Explanation supports routing only
EXP-DR-DSC-PKG-EP-HOSP-001-DEPT-OPC-kpi_006-20261204,DR-DSC-PKG-EP-HOSP-001-DEPT-OPC-kpi_006-20261204,DSC-PKG-EP-HOSP-001-DEPT-OPC-kpi_006-20261204,DPKG-PKG-EP-HOSP-001-DEPT-OPC-kpi_006-20261204,Monitoring Only, This case does not currently require active intervention review.,None,See secondary condition register,See transition register,See responsible role register,Review and validate; no automatic decision,This is not an approval or recommendation,Current readiness: Monitoring Only. This case does not currently require active intervention review. The analytical route calls for continued observation. Monitoring requirements are present and escalation triggers are defined. Continue monitoring until escalation trigger is met. Responsible party varies by condition; see responsible role register. Permitted action: review and validate; no automatic decision. This classification supports management routing and does not constitute approval.,Explanation supports routing only
EXP-DR-DSC-PKG-EP-HOSP-001-DEPT-OPC-kpi_006-20261215,DR-DSC-PKG-EP-HOSP-001-DEPT-OPC-kpi_006-20261215,DSC-PKG-EP-HOSP-001-DEPT-OPC-kpi_006-20261215,DPKG-PKG-EP-HOSP-001-DEPT-OPC-kpi_006-20261215,Monitoring Only, This case does not currently require active intervention review.,None,See secondary condition register,See transition register,See responsible role register,Review and validate; no automatic decision,This is not an approval or recommendation,Current readiness: Monitoring Only. This case does not currently require active intervention review. The analytical route calls for continued observation. Monitoring requirements are present and escalation triggers are defined. Continue monitoring until escalation trigger is met. Responsible party varies by condition; see responsible role register. Permitted action: review and validate; no automatic decision. This classification supports management routing and does not constitute approval.,Explanation supports routing only
EXP-DR-DSC-PKG-EP-HOSP-001-DEPT-PEX-kpi_001-20260111,DR-DSC-PKG-EP-HOSP-001-DEPT-PEX-kpi_001-20260111,DSC-PKG-EP-HOSP-001-DEPT-PEX-kpi_001-20260111,DPKG-PKG-EP-HOSP-001-DEPT-PEX-kpi_001-20260111,Requires Assumption Validation, Scenario or recommendation assumptions remain materially unconfirmed.,Requires Assumption Validation,See secondary condition register,See transition register,See responsible role register,Review and validate; no automatic decision,This is not an approval or recommendation,Current readiness: Requires Assumption Validation. Scenario or recommendation assumptions remain materially unconfirmed. Management review would be misleading without confirmation of key assumptions. Comparator assumptions require validation before proceeding. Main blocking condition: Requires Assumption Validation. Resolve Requires Assumption Validation before readiness can advance. Responsible party varies by condition; see responsible role register. Permitted action: review and validate; no automatic decision. This classification supports management routing and does not constitute approval.,Explanation supports routing only
EXP-DR-DSC-PKG-EP-HOSP-001-DEPT-PEX-kpi_001-20260115,DR-DSC-PKG-EP-HOSP-001-DEPT-PEX-kpi_001-20260115,DSC-PKG-EP-HOSP-001-DEPT-PEX-kpi_001-20260115,DPKG-PKG-EP-HOSP-001-DEPT-PEX-kpi_001-20260115,Requires Assumption Validation, Scenario or recommendation assumptions remain materially unconfirmed.,Requires Assumption Validation,See secondary condition register,See transition register,See responsible role register,Review and validate; no automatic decision,This is not an approval or recommendation,Current readiness: Requires Assumption Validation. Scenario or recommendation assumptions remain materially unconfirmed. Management review would be misleading without confirmation of key assumptions. Comparator assumptions require validation before proceeding. Main blocking condition: Requires Assumption Validation. Resolve Requires Assumption Validation before readiness can advance. Responsible party varies by condition; see responsible role register. Permitted action: review and validate; no automatic decision. This classification supports management routing and does not constitute approval.,Explanation supports routing only
EXP-DR-DSC-PKG-EP-HOSP-001-DEPT-PEX-kpi_001-20260203,DR-DSC-PKG-EP-HOSP-001-DEPT-PEX-kpi_001-20260203,DSC-PKG-EP-HOSP-001-DEPT-PEX-kpi_001-20260203,DPKG-PKG-EP-HOSP-001-DEPT-PEX-kpi_001-20260203,Requires Assumption Validation, Scenario or recommendation assumptions remain materially unconfirmed.,Requires Assumption Validation,See secondary condition register,See transition register,See responsible role register,Review and validate; no automatic decision,This is not an approval or recommendation,Current readiness: Requires Assumption Validation. Scenario or recommendation assumptions remain materially unconfirmed. Management review would be misleading without confirmation of key assumptions. Comparator assumptions require validation before proceeding. Main blocking condition: Requires Assumption Validation. Resolve Requires Assumption Validation before readiness can advance. Responsible party varies by condition; see responsible role register. Permitted action: review and validate; no automatic decision. This classification supports management routing and does not constitute approval.,Explanation supports routing only
EXP-DR-DSC-PKG-EP-HOSP-001-DEPT-PEX-kpi_001-20260207,DR-DSC-PKG-EP-HOSP-001-DEPT-PEX-kpi_001-20260207,DSC-PKG-EP-HOSP-001-DEPT-PEX-kpi_001-20260207,DPKG-PKG-EP-HOSP-001-DEPT-PEX-kpi_001-20260207,Requires Financial Input, A mandatory financial input is missing or incomplete.,Requires Financial Input,See secondary condition register,See transition register,See responsible role register,Review and validate; no automatic decision,This is not an approval or recommendation,Current readiness: Requires Financial Input. A mandatory financial input is missing or incomplete. Financial comparison would be materially misleading without complete data. Required cost or benefit information must be provided. Main blocking condition: Requires Financial Input. Resolve Requires Financial Input before readiness can advance. Responsible party varies by condition; see responsible role register. Permitted action: review and validate; no automatic decision. This classification supports management routing and does not constitute approval.,Explanation supports routing only
EXP-DR-DSC-PKG-EP-HOSP-001-DEPT-PEX-kpi_001-20260212,DR-DSC-PKG-EP-HOSP-001-DEPT-PEX-kpi_001-20260212,DSC-PKG-EP-HOSP-001-DEPT-PEX-kpi_001-20260212,DPKG-PKG-EP-HOSP-001-DEPT-PEX-kpi_001-20260212,Requires Assumption Validation, Scenario or recommendation assumptions remain materially unconfirmed.,Requires Assumption Validation,See secondary condition register,See transition register,See responsible role register,Review and validate; no automatic decision,This is not an approval or recommendation,Current readiness: Requires Assumption Validation. Scenario or recommendation assumptions remain materially unconfirmed. Management review would be misleading without confirmation of key assumptions. Comparator assumptions require validation before proceeding. Main blocking condition: Requires Assumption Validation. Resolve Requires Assumption Validation before readiness can advance. Responsible party varies by condition; see responsible role register. Permitted action: review and validate; no automatic decision. This classification supports management routing and does not constitute approval.,Explanation supports routing only
EXP-DR-DSC-PKG-EP-HOSP-001-DEPT-PEX-kpi_001-20260326,DR-DSC-PKG-EP-HOSP-001-DEPT-PEX-kpi_001-20260326,DSC-PKG-EP-HOSP-001-DEPT-PEX-kpi_001-20260326,DPKG-PKG-EP-HOSP-001-DEPT-PEX-kpi_001-20260326,Requires Benefit Validation, Financial benefit is used but benefit eligibility is unresolved.,Requires Benefit Validation,See secondary condition register,See transition register,See responsible role register,Review and validate; no automatic decision,This is not an approval or recommendation,Current readiness: Requires Benefit Validation. Financial benefit is used but benefit eligibility is unresolved. The avoided-cost relationship requires validation before it can be relied upon. Main blocking condition: Requires Benefit Validation. Resolve Requires Benefit Validation before readiness can advance. Responsible party varies by condition; see responsible role register. Permitted action: review and validate; no automatic decision. This classification supports management routing and does not constitute approval.,Explanation supports routing only
EXP-DR-DSC-PKG-EP-HOSP-001-DEPT-PEX-kpi_001-20260413,DR-DSC-PKG-EP-HOSP-001-DEPT-PEX-kpi_001-20260413,DSC-PKG-EP-HOSP-001-DEPT-PEX-kpi_001-20260413,DPKG-PKG-EP-HOSP-001-DEPT-PEX-kpi_001-20260413,Ready with Conditions, This package is complete enough for management review with non-blocking conditions remaining.,None,See secondary condition register,See transition register,See responsible role register,Review and validate; no automatic decision,This is not an approval or recommendation,Current readiness: Ready with Conditions. This package is complete enough for management review with non-blocking conditions remaining. Core information is available but some warnings or provisional matters require attention. Management can review the options but must confirm specified matters. Resolve Ready with Conditions before readiness can advance. Responsible party varies by condition; see responsible role register. Permitted action: review and validate; no automatic decision. This classification supports management routing and does not constitute approval.,Explanation supports routing only
EXP-DR-DSC-PKG-EP-HOSP-001-DEPT-PEX-kpi_001-20260421,DR-DSC-PKG-EP-HOSP-001-DEPT-PEX-kpi_001-20260421,DSC-PKG-EP-HOSP-001-DEPT-PEX-kpi_001-20260421,DPKG-PKG-EP-HOSP-001-DEPT-PEX-kpi_001-20260421,Ready for Integrated Management Review, This package has passed all mandatory gates and is ready for management review.,None,See secondary condition register,See transition register,See responsible role register,Review and validate; no automatic decision,This is not an approval or recommendation,"Current readiness: Ready for Integrated Management Review. This package has passed all mandatory gates and is ready for management review. Core risk, recommendation, scenario, and financial information is available. No absolute exclusion applies. Management can review the options and confirm specified matters. Management review may proceed. Responsible party varies by condition; see responsible role register. Permitted action: review and validate; no automatic decision. This classification supports management routing and does not constitute approval.",Explanation supports routing only
EXP-DR-DSC-PKG-EP-HOSP-001-DEPT-PEX-kpi_001-20260502,DR-DSC-PKG-EP-HOSP-001-DEPT-PEX-kpi_001-20260502,DSC-PKG-EP-HOSP-001-DEPT-PEX-kpi_001-20260502,DPKG-PKG-EP-HOSP-001-DEPT-PEX-kpi_001-20260502,Requires Assumption Validation, Scenario or recommendation assumptions remain materially unconfirmed.,Requires Assumption Validation,See secondary condition register,See transition register,See responsible role register,Review and validate; no automatic decision,This is not an approval or recommendation,Current readiness: Requires Assumption Validation. Scenario or recommendation assumptions remain materially unconfirmed. Management review would be misleading without confirmation of key assumptions. Comparator assumptions require validation before proceeding. Main blocking condition: Requires Assumption Validation. Resolve Requires Assumption Validation before readiness can advance. Responsible party varies by condition; see responsible role register. Permitted action: review and validate; no automatic decision. This classification supports management routing and does not constitute approval.,Explanation supports routing only
EXP-DR-DSC-PKG-EP-HOSP-001-DEPT-PEX-kpi_001-20260510,DR-DSC-PKG-EP-HOSP-001-DEPT-PEX-kpi_001-20260510,DSC-PKG-EP-HOSP-001-DEPT-PEX-kpi_001-20260510,DPKG-PKG-EP-HOSP-001-DEPT-PEX-kpi_001-20260510,Requires Evidence Completion, Required evidence references are missing or applicable analytical phases are not covered.,Requires Evidence Completion,See secondary condition register,See transition register,See responsible role register,Review and validate; no automatic decision,This is not an approval or recommendation,Current readiness: Requires Evidence Completion. Required evidence references are missing or applicable analytical phases are not covered. Evidence completeness is insufficient for management review. Main blocking condition: Requires Evidence Completion. Resolve Requires Evidence Completion before readiness can advance. Responsible party varies by condition; see responsible role register. Permitted action: review and validate; no automatic decision. This classification supports management routing and does not constitute approval.,Explanation supports routing only
EXP-DR-DSC-PKG-EP-HOSP-001-DEPT-PEX-kpi_001-20260515,DR-DSC-PKG-EP-HOSP-001-DEPT-PEX-kpi_001-20260515,DSC-PKG-EP-HOSP-001-DEPT-PEX-kpi_001-20260515,DPKG-PKG-EP-HOSP-001-DEPT-PEX-kpi_001-20260515,Requires Assumption Validation, Scenario or recommendation assumptions remain materially unconfirmed.,Requires Assumption Validation,See secondary condition register,See transition register,See responsible role register,Review and validate; no automatic decision,This is not an approval or recommendation,Current readiness: Requires Assumption Validation. Scenario or recommendation assumptions remain materially unconfirmed. Management review would be misleading without confirmation of key assumptions. Comparator assumptions require validation before proceeding. Main blocking condition: Requires Assumption Validation. Resolve Requires Assumption Validation before readiness can advance. Responsible party varies by condition; see responsible role register. Permitted action: review and validate; no automatic decision. This classification supports management routing and does not constitute approval.,Explanation supports routing only
EXP-DR-DSC-PKG-EP-HOSP-001-DEPT-PEX-kpi_001-20260521,DR-DSC-PKG-EP-HOSP-001-DEPT-PEX-kpi_001-20260521,DSC-PKG-EP-HOSP-001-DEPT-PEX-kpi_001-20260521,DPKG-PKG-EP-HOSP-001-DEPT-PEX-kpi_001-20260521,Ready for Integrated Management Review, This package has passed all mandatory gates and is ready for management review.,None,See secondary condition register,See transition register,See responsible role register,Review and validate; no automatic decision,This is not an approval or recommendation,"Current readiness: Ready for Integrated Management Review. This package has passed all mandatory gates and is ready for management review. Core risk, recommendation, scenario, and financial information is available. No absolute exclusion applies. Management can review the options and confirm specified matters. Management review may proceed. Responsible party varies by condition; see responsible role register. Permitted action: review and validate; no automatic decision. This classification supports management routing and does not constitute approval.",Explanation supports routing only
EXP-DR-DSC-PKG-EP-HOSP-001-DEPT-PEX-kpi_001-20260623,DR-DSC-PKG-EP-HOSP-001-DEPT-PEX-kpi_001-20260623,DSC-PKG-EP-HOSP-001-DEPT-PEX-kpi_001-20260623,DPKG-PKG-EP-HOSP-001-DEPT-PEX-kpi_001-20260623,Requires Assumption Validation, Scenario or recommendation assumptions remain materially unconfirmed.,Requires Assumption Validation,See secondary condition register,See transition register,See responsible role register,Review and validate; no automatic decision,This is not an approval or recommendation,Current readiness: Requires Assumption Validation. Scenario or recommendation assumptions remain materially unconfirmed. Management review would be misleading without confirmation of key assumptions. Comparator assumptions require validation before proceeding. Main blocking condition: Requires Assumption Validation. Resolve Requires Assumption Validation before readiness can advance. Responsible party varies by condition; see responsible role register. Permitted action: review and validate; no automatic decision. This classification supports management routing and does not constitute approval.,Explanation supports routing only
EXP-DR-DSC-PKG-EP-HOSP-001-DEPT-PEX-kpi_001-20260710,DR-DSC-PKG-EP-HOSP-001-DEPT-PEX-kpi_001-20260710,DSC-PKG-EP-HOSP-001-DEPT-PEX-kpi_001-20260710,DPKG-PKG-EP-HOSP-001-DEPT-PEX-kpi_001-20260710,Ready for Integrated Management Review, This package has passed all mandatory gates and is ready for management review.,None,See secondary condition register,See transition register,See responsible role register,Review and validate; no automatic decision,This is not an approval or recommendation,"Current readiness: Ready for Integrated Management Review. This package has passed all mandatory gates and is ready for management review. Core risk, recommendation, scenario, and financial information is available. No absolute exclusion applies. Management can review the options and confirm specified matters. Management review may proceed. Responsible party varies by condition; see responsible role register. Permitted action: review and validate; no automatic decision. This classification supports management routing and does not constitute approval.",Explanation supports routing only
EXP-DR-DSC-PKG-EP-HOSP-001-DEPT-PEX-kpi_001-20260727,DR-DSC-PKG-EP-HOSP-001-DEPT-PEX-kpi_001-20260727,DSC-PKG-EP-HOSP-001-DEPT-PEX-kpi_001-20260727,DPKG-PKG-EP-HOSP-001-DEPT-PEX-kpi_001-20260727,Ready with Conditions, This package is complete enough for management review with non-blocking conditions remaining.,None,See secondary condition register,See transition register,See responsible role register,Review and validate; no automatic decision,This is not an approval or recommendation,Current readiness: Ready with Conditions. This package is complete enough for management review with non-blocking conditions remaining. Core information is available but some warnings or provisional matters require attention. Management can review the options but must confirm specified matters. Resolve Ready with Conditions before readiness can advance. Responsible party varies by condition; see responsible role register. Permitted action: review and validate; no automatic decision. This classification supports management routing and does not constitute approval.,Explanation supports routing only
EXP-DR-DSC-PKG-EP-HOSP-001-DEPT-PEX-kpi_001-20260813,DR-DSC-PKG-EP-HOSP-001-DEPT-PEX-kpi_001-20260813,DSC-PKG-EP-HOSP-001-DEPT-PEX-kpi_001-20260813,DPKG-PKG-EP-HOSP-001-DEPT-PEX-kpi_001-20260813,Requires Assumption Validation, Scenario or recommendation assumptions remain materially unconfirmed.,Requires Assumption Validation,See secondary condition register,See transition register,See responsible role register,Review and validate; no automatic decision,This is not an approval or recommendation,Current readiness: Requires Assumption Validation. Scenario or recommendation assumptions remain materially unconfirmed. Management review would be misleading without confirmation of key assumptions. Comparator assumptions require validation before proceeding. Main blocking condition: Requires Assumption Validation. Resolve Requires Assumption Validation before readiness can advance. Responsible party varies by condition; see responsible role register. Permitted action: review and validate; no automatic decision. This classification supports management routing and does not constitute approval.,Explanation supports routing only
EXP-DR-DSC-PKG-EP-HOSP-001-DEPT-PEX-kpi_001-20260915,DR-DSC-PKG-EP-HOSP-001-DEPT-PEX-kpi_001-20260915,DSC-PKG-EP-HOSP-001-DEPT-PEX-kpi_001-20260915,DPKG-PKG-EP-HOSP-001-DEPT-PEX-kpi_001-20260915,Ready for Integrated Management Review, This package has passed all mandatory gates and is ready for management review.,None,See secondary condition register,See transition register,See responsible role register,Review and validate; no automatic decision,This is not an approval or recommendation,"Current readiness: Ready for Integrated Management Review. This package has passed all mandatory gates and is ready for management review. Core risk, recommendation, scenario, and financial information is available. No absolute exclusion applies. Management can review the options and confirm specified matters. Management review may proceed. Responsible party varies by condition; see responsible role register. Permitted action: review and validate; no automatic decision. This classification supports management routing and does not constitute approval.",Explanation supports routing only
EXP-DR-DSC-PKG-EP-HOSP-001-DEPT-PEX-kpi_001-20261024,DR-DSC-PKG-EP-HOSP-001-DEPT-PEX-kpi_001-20261024,DSC-PKG-EP-HOSP-001-DEPT-PEX-kpi_001-20261024,DPKG-PKG-EP-HOSP-001-DEPT-PEX-kpi_001-20261024,Requires Assumption Validation, Scenario or recommendation assumptions remain materially unconfirmed.,Requires Assumption Validation,See secondary condition register,See transition register,See responsible role register,Review and validate; no automatic decision,This is not an approval or recommendation,Current readiness: Requires Assumption Validation. Scenario or recommendation assumptions remain materially unconfirmed. Management review would be misleading without confirmation of key assumptions. Comparator assumptions require validation before proceeding. Main blocking condition: Requires Assumption Validation. Resolve Requires Assumption Validation before readiness can advance. Responsible party varies by condition; see responsible role register. Permitted action: review and validate; no automatic decision. This classification supports management routing and does not constitute approval.,Explanation supports routing only
EXP-DR-DSC-PKG-EP-HOSP-001-DEPT-PEX-kpi_001-20261110,DR-DSC-PKG-EP-HOSP-001-DEPT-PEX-kpi_001-20261110,DSC-PKG-EP-HOSP-001-DEPT-PEX-kpi_001-20261110,DPKG-PKG-EP-HOSP-001-DEPT-PEX-kpi_001-20261110,Requires Assumption Validation, Scenario or recommendation assumptions remain materially unconfirmed.,Requires Assumption Validation,See secondary condition register,See transition register,See responsible role register,Review and validate; no automatic decision,This is not an approval or recommendation,Current readiness: Requires Assumption Validation. Scenario or recommendation assumptions remain materially unconfirmed. Management review would be misleading without confirmation of key assumptions. Comparator assumptions require validation before proceeding. Main blocking condition: Requires Assumption Validation. Resolve Requires Assumption Validation before readiness can advance. Responsible party varies by condition; see responsible role register. Permitted action: review and validate; no automatic decision. This classification supports management routing and does not constitute approval.,Explanation supports routing only
EXP-DR-DSC-PKG-EP-HOSP-001-DEPT-PEX-kpi_001-20261229,DR-DSC-PKG-EP-HOSP-001-DEPT-PEX-kpi_001-20261229,DSC-PKG-EP-HOSP-001-DEPT-PEX-kpi_001-20261229,DPKG-PKG-EP-HOSP-001-DEPT-PEX-kpi_001-20261229,Requires Assumption Validation, Scenario or recommendation assumptions remain materially unconfirmed.,Requires Assumption Validation,See secondary condition register,See transition register,See responsible role register,Review and validate; no automatic decision,This is not an approval or recommendation,Current readiness: Requires Assumption Validation. Scenario or recommendation assumptions remain materially unconfirmed. Management review would be misleading without confirmation of key assumptions. Comparator assumptions require validation before proceeding. Main blocking condition: Requires Assumption Validation. Resolve Requires Assumption Validation before readiness can advance. Responsible party varies by condition; see responsible role register. Permitted action: review and validate; no automatic decision. This classification supports management routing and does not constitute approval.,Explanation supports routing only
EXP-DR-DSC-PKG-EP-HOSP-001-DEPT-PEX-kpi_002-20260103,DR-DSC-PKG-EP-HOSP-001-DEPT-PEX-kpi_002-20260103,DSC-PKG-EP-HOSP-001-DEPT-PEX-kpi_002-20260103,DPKG-PKG-EP-HOSP-001-DEPT-PEX-kpi_002-20260103,Ready with Conditions, This package is complete enough for management review with non-blocking conditions remaining.,None,See secondary condition register,See transition register,See responsible role register,Review and validate; no automatic decision,This is not an approval or recommendation,Current readiness: Ready with Conditions. This package is complete enough for management review with non-blocking conditions remaining. Core information is available but some warnings or provisional matters require attention. Management can review the options but must confirm specified matters. Resolve Ready with Conditions before readiness can advance. Responsible party varies by condition; see responsible role register. Permitted action: review and validate; no automatic decision. This classification supports management routing and does not constitute approval.,Explanation supports routing only
EXP-DR-DSC-PKG-EP-HOSP-001-DEPT-PEX-kpi_002-20260209,DR-DSC-PKG-EP-HOSP-001-DEPT-PEX-kpi_002-20260209,DSC-PKG-EP-HOSP-001-DEPT-PEX-kpi_002-20260209,DPKG-PKG-EP-HOSP-001-DEPT-PEX-kpi_002-20260209,Ready for Integrated Management Review, This package has passed all mandatory gates and is ready for management review.,None,See secondary condition register,See transition register,See responsible role register,Review and validate; no automatic decision,This is not an approval or recommendation,"Current readiness: Ready for Integrated Management Review. This package has passed all mandatory gates and is ready for management review. Core risk, recommendation, scenario, and financial information is available. No absolute exclusion applies. Management can review the options and confirm specified matters. Management review may proceed. Responsible party varies by condition; see responsible role register. Permitted action: review and validate; no automatic decision. This classification supports management routing and does not constitute approval.",Explanation supports routing only
EXP-DR-DSC-PKG-EP-HOSP-001-DEPT-PEX-kpi_002-20260221,DR-DSC-PKG-EP-HOSP-001-DEPT-PEX-kpi_002-20260221,DSC-PKG-EP-HOSP-001-DEPT-PEX-kpi_002-20260221,DPKG-PKG-EP-HOSP-001-DEPT-PEX-kpi_002-20260221,Requires Additional Scenario Analysis, The comparator set is incomplete or existing scenario results are insufficient.,Requires Additional Scenario Analysis,See secondary condition register,See transition register,See responsible role register,Review and validate; no automatic decision,This is not an approval or recommendation,Current readiness: Requires Additional Scenario Analysis. The comparator set is incomplete or existing scenario results are insufficient. Additional modelling is required before comparison can be completed. Main blocking condition: Requires Additional Scenario Analysis. Resolve Requires Additional Scenario Analysis before readiness can advance. Responsible party varies by condition; see responsible role register. Permitted action: review and validate; no automatic decision. This classification supports management routing and does not constitute approval.,Explanation supports routing only
EXP-DR-DSC-PKG-EP-HOSP-001-DEPT-PEX-kpi_002-20260302,DR-DSC-PKG-EP-HOSP-001-DEPT-PEX-kpi_002-20260302,DSC-PKG-EP-HOSP-001-DEPT-PEX-kpi_002-20260302,DPKG-PKG-EP-HOSP-001-DEPT-PEX-kpi_002-20260302,Ready for Integrated Management Review, This package has passed all mandatory gates and is ready for management review.,None,See secondary condition register,See transition register,See responsible role register,Review and validate; no automatic decision,This is not an approval or recommendation,"Current readiness: Ready for Integrated Management Review. This package has passed all mandatory gates and is ready for management review. Core risk, recommendation, scenario, and financial information is available. No absolute exclusion applies. Management can review the options and confirm specified matters. Management review may proceed. Responsible party varies by condition; see responsible role register. Permitted action: review and validate; no automatic decision. This classification supports management routing and does not constitute approval.",Explanation supports routing only
EXP-DR-DSC-PKG-EP-HOSP-001-DEPT-PEX-kpi_002-20260328,DR-DSC-PKG-EP-HOSP-001-DEPT-PEX-kpi_002-20260328,DSC-PKG-EP-HOSP-001-DEPT-PEX-kpi_002-20260328,DPKG-PKG-EP-HOSP-001-DEPT-PEX-kpi_002-20260328,Ready with Conditions, This package is complete enough for management review with non-blocking conditions remaining.,None,See secondary condition register,See transition register,See responsible role register,Review and validate; no automatic decision,This is not an approval or recommendation,Current readiness: Ready with Conditions. This package is complete enough for management review with non-blocking conditions remaining. Core information is available but some warnings or provisional matters require attention. Management can review the options but must confirm specified matters. Resolve Ready with Conditions before readiness can advance. Responsible party varies by condition; see responsible role register. Permitted action: review and validate; no automatic decision. This classification supports management routing and does not constitute approval.,Explanation supports routing only
EXP-DR-DSC-PKG-EP-HOSP-001-DEPT-PEX-kpi_002-20260406,DR-DSC-PKG-EP-HOSP-001-DEPT-PEX-kpi_002-20260406,DSC-PKG-EP-HOSP-001-DEPT-PEX-kpi_002-20260406,DPKG-PKG-EP-HOSP-001-DEPT-PEX-kpi_002-20260406,Ready for Integrated Management Review, This package has passed all mandatory gates and is ready for management review.,None,See secondary condition register,See transition register,See responsible role register,Review and validate; no automatic decision,This is not an approval or recommendation,"Current readiness: Ready for Integrated Management Review. This package has passed all mandatory gates and is ready for management review. Core risk, recommendation, scenario, and financial information is available. No absolute exclusion applies. Management can review the options and confirm specified matters. Management review may proceed. Responsible party varies by condition; see responsible role register. Permitted action: review and validate; no automatic decision. This classification supports management routing and does not constitute approval.",Explanation supports routing only
EXP-DR-DSC-PKG-EP-HOSP-001-DEPT-PEX-kpi_002-20260416,DR-DSC-PKG-EP-HOSP-001-DEPT-PEX-kpi_002-20260416,DSC-PKG-EP-HOSP-001-DEPT-PEX-kpi_002-20260416,DPKG-PKG-EP-HOSP-001-DEPT-PEX-kpi_002-20260416,Requires Lineage Completion, Source-to-decision lineage is incomplete or orphan references exist.,Requires Lineage Completion,See secondary condition register,See transition register,See responsible role register,Review and validate; no automatic decision,This is not an approval or recommendation,Current readiness: Requires Lineage Completion. Source-to-decision lineage is incomplete or orphan references exist. The decision record cannot be fully traced without completing lineage. Main blocking condition: Requires Lineage Completion. Resolve Requires Lineage Completion before readiness can advance. Responsible party varies by condition; see responsible role register. Permitted action: review and validate; no automatic decision. This classification supports management routing and does not constitute approval.,Explanation supports routing only
EXP-DR-DSC-PKG-EP-HOSP-001-DEPT-PEX-kpi_002-20260424,DR-DSC-PKG-EP-HOSP-001-DEPT-PEX-kpi_002-20260424,DSC-PKG-EP-HOSP-001-DEPT-PEX-kpi_002-20260424,DPKG-PKG-EP-HOSP-001-DEPT-PEX-kpi_002-20260424,Ready with Conditions, This package is complete enough for management review with non-blocking conditions remaining.,None,See secondary condition register,See transition register,See responsible role register,Review and validate; no automatic decision,This is not an approval or recommendation,Current readiness: Ready with Conditions. This package is complete enough for management review with non-blocking conditions remaining. Core information is available but some warnings or provisional matters require attention. Management can review the options but must confirm specified matters. Resolve Ready with Conditions before readiness can advance. Responsible party varies by condition; see responsible role register. Permitted action: review and validate; no automatic decision. This classification supports management routing and does not constitute approval.,Explanation supports routing only
EXP-DR-DSC-PKG-EP-HOSP-001-DEPT-PEX-kpi_002-20260430,DR-DSC-PKG-EP-HOSP-001-DEPT-PEX-kpi_002-20260430,DSC-PKG-EP-HOSP-001-DEPT-PEX-kpi_002-20260430,DPKG-PKG-EP-HOSP-001-DEPT-PEX-kpi_002-20260430,Requires Benefit Validation, Financial benefit is used but benefit eligibility is unresolved.,Requires Benefit Validation,See secondary condition register,See transition register,See responsible role register,Review and validate; no automatic decision,This is not an approval or recommendation,Current readiness: Requires Benefit Validation. Financial benefit is used but benefit eligibility is unresolved. The avoided-cost relationship requires validation before it can be relied upon. Main blocking condition: Requires Benefit Validation. Resolve Requires Benefit Validation before readiness can advance. Responsible party varies by condition; see responsible role register. Permitted action: review and validate; no automatic decision. This classification supports management routing and does not constitute approval.,Explanation supports routing only
EXP-DR-DSC-PKG-EP-HOSP-001-DEPT-PEX-kpi_002-20260519,DR-DSC-PKG-EP-HOSP-001-DEPT-PEX-kpi_002-20260519,DSC-PKG-EP-HOSP-001-DEPT-PEX-kpi_002-20260519,DPKG-PKG-EP-HOSP-001-DEPT-PEX-kpi_002-20260519,Ready for Integrated Management Review, This package has passed all mandatory gates and is ready for management review.,None,See secondary condition register,See transition register,See responsible role register,Review and validate; no automatic decision,This is not an approval or recommendation,"Current readiness: Ready for Integrated Management Review. This package has passed all mandatory gates and is ready for management review. Core risk, recommendation, scenario, and financial information is available. No absolute exclusion applies. Management can review the options and confirm specified matters. Management review may proceed. Responsible party varies by condition; see responsible role register. Permitted action: review and validate; no automatic decision. This classification supports management routing and does not constitute approval.",Explanation supports routing only
EXP-DR-DSC-PKG-EP-HOSP-001-DEPT-PEX-kpi_002-20260529,DR-DSC-PKG-EP-HOSP-001-DEPT-PEX-kpi_002-20260529,DSC-PKG-EP-HOSP-001-DEPT-PEX-kpi_002-20260529,DPKG-PKG-EP-HOSP-001-DEPT-PEX-kpi_002-20260529,Requires Stakeholder Validation, A material input or assumption requires responsible-owner confirmation.,Requires Stakeholder Validation,See secondary condition register,See transition register,See responsible role register,Review and validate; no automatic decision,This is not an approval or recommendation,Current readiness: Requires Stakeholder Validation. A material input or assumption requires responsible-owner confirmation. Stakeholder confirmation is blocking and cannot be safely resolved analytically. Main blocking condition: Requires Stakeholder Validation. Resolve Requires Stakeholder Validation before readiness can advance. Responsible party varies by condition; see responsible role register. Permitted action: review and validate; no automatic decision. This classification supports management routing and does not constitute approval.,Explanation supports routing only
EXP-DR-DSC-PKG-EP-HOSP-001-DEPT-PEX-kpi_002-20260603,DR-DSC-PKG-EP-HOSP-001-DEPT-PEX-kpi_002-20260603,DSC-PKG-EP-HOSP-001-DEPT-PEX-kpi_002-20260603,DPKG-PKG-EP-HOSP-001-DEPT-PEX-kpi_002-20260603,Requires Additional Scenario Analysis, The comparator set is incomplete or existing scenario results are insufficient.,Requires Additional Scenario Analysis,See secondary condition register,See transition register,See responsible role register,Review and validate; no automatic decision,This is not an approval or recommendation,Current readiness: Requires Additional Scenario Analysis. The comparator set is incomplete or existing scenario results are insufficient. Additional modelling is required before comparison can be completed. Main blocking condition: Requires Additional Scenario Analysis. Resolve Requires Additional Scenario Analysis before readiness can advance. Responsible party varies by condition; see responsible role register. Permitted action: review and validate; no automatic decision. This classification supports management routing and does not constitute approval.,Explanation supports routing only
EXP-DR-DSC-PKG-EP-HOSP-001-DEPT-PEX-kpi_002-20260613,DR-DSC-PKG-EP-HOSP-001-DEPT-PEX-kpi_002-20260613,DSC-PKG-EP-HOSP-001-DEPT-PEX-kpi_002-20260613,DPKG-PKG-EP-HOSP-001-DEPT-PEX-kpi_002-20260613,Ready for Integrated Management Review, This package has passed all mandatory gates and is ready for management review.,None,See secondary condition register,See transition register,See responsible role register,Review and validate; no automatic decision,This is not an approval or recommendation,"Current readiness: Ready for Integrated Management Review. This package has passed all mandatory gates and is ready for management review. Core risk, recommendation, scenario, and financial information is available. No absolute exclusion applies. Management can review the options and confirm specified matters. Management review may proceed. Responsible party varies by condition; see responsible role register. Permitted action: review and validate; no automatic decision. This classification supports management routing and does not constitute approval.",Explanation supports routing only
EXP-DR-DSC-PKG-EP-HOSP-001-DEPT-PEX-kpi_002-20260704,DR-DSC-PKG-EP-HOSP-001-DEPT-PEX-kpi_002-20260704,DSC-PKG-EP-HOSP-001-DEPT-PEX-kpi_002-20260704,DPKG-PKG-EP-HOSP-001-DEPT-PEX-kpi_002-20260704,Requires Baseline Validation," The baseline is missing, stale, inconsistent, or not representative.",Requires Baseline Validation,See secondary condition register,See transition register,See responsible role register,Review and validate; no automatic decision,This is not an approval or recommendation,"Current readiness: Requires Baseline Validation. The baseline is missing, stale, inconsistent, or not representative. Baseline validation status is blocking further progression. A valid baseline must be established before management review. Main blocking condition: Requires Baseline Validation. Resolve Requires Baseline Validation before readiness can advance. Responsible party varies by condition; see responsible role register. Permitted action: review and validate; no automatic decision. This classification supports management routing and does not constitute approval.",Explanation supports routing only
EXP-DR-DSC-PKG-EP-HOSP-001-DEPT-PEX-kpi_002-20260708,DR-DSC-PKG-EP-HOSP-001-DEPT-PEX-kpi_002-20260708,DSC-PKG-EP-HOSP-001-DEPT-PEX-kpi_002-20260708,DPKG-PKG-EP-HOSP-001-DEPT-PEX-kpi_002-20260708,Ready with Conditions, This package is complete enough for management review with non-blocking conditions remaining.,None,See secondary condition register,See transition register,See responsible role register,Review and validate; no automatic decision,This is not an approval or recommendation,Current readiness: Ready with Conditions. This package is complete enough for management review with non-blocking conditions remaining. Core information is available but some warnings or provisional matters require attention. Management can review the options but must confirm specified matters. Resolve Ready with Conditions before readiness can advance. Responsible party varies by condition; see responsible role register. Permitted action: review and validate; no automatic decision. This classification supports management routing and does not constitute approval.,Explanation supports routing only
EXP-DR-DSC-PKG-EP-HOSP-001-DEPT-PEX-kpi_002-20260719,DR-DSC-PKG-EP-HOSP-001-DEPT-PEX-kpi_002-20260719,DSC-PKG-EP-HOSP-001-DEPT-PEX-kpi_002-20260719,DPKG-PKG-EP-HOSP-001-DEPT-PEX-kpi_002-20260719,Requires Financial Input, A mandatory financial input is missing or incomplete.,Requires Financial Input,See secondary condition register,See transition register,See responsible role register,Review and validate; no automatic decision,This is not an approval or recommendation,Current readiness: Requires Financial Input. A mandatory financial input is missing or incomplete. Financial comparison would be materially misleading without complete data. Required cost or benefit information must be provided. Main blocking condition: Requires Financial Input. Resolve Requires Financial Input before readiness can advance. Responsible party varies by condition; see responsible role register. Permitted action: review and validate; no automatic decision. This classification supports management routing and does not constitute approval.,Explanation supports routing only
EXP-DR-DSC-PKG-EP-HOSP-001-DEPT-PEX-kpi_002-20260728,DR-DSC-PKG-EP-HOSP-001-DEPT-PEX-kpi_002-20260728,DSC-PKG-EP-HOSP-001-DEPT-PEX-kpi_002-20260728,DPKG-PKG-EP-HOSP-001-DEPT-PEX-kpi_002-20260728,Ready for Integrated Management Review, This package has passed all mandatory gates and is ready for management review.,None,See secondary condition register,See transition register,See responsible role register,Review and validate; no automatic decision,This is not an approval or recommendation,"Current readiness: Ready for Integrated Management Review. This package has passed all mandatory gates and is ready for management review. Core risk, recommendation, scenario, and financial information is available. No absolute exclusion applies. Management can review the options and confirm specified matters. Management review may proceed. Responsible party varies by condition; see responsible role register. Permitted action: review and validate; no automatic decision. This classification supports management routing and does not constitute approval.",Explanation supports routing only
EXP-DR-DSC-PKG-EP-HOSP-001-DEPT-PEX-kpi_002-20260911,DR-DSC-PKG-EP-HOSP-001-DEPT-PEX-kpi_002-20260911,DSC-PKG-EP-HOSP-001-DEPT-PEX-kpi_002-20260911,DPKG-PKG-EP-HOSP-001-DEPT-PEX-kpi_002-20260911,Requires Budget Data, Affordability or budget sufficiency is required but no authoritative budget is available.,Requires Budget Data,See secondary condition register,See transition register,See responsible role register,Review and validate; no automatic decision,This is not an approval or recommendation,Current readiness: Requires Budget Data. Affordability or budget sufficiency is required but no authoritative budget is available. Budget data must be supplied before financial readiness can be confirmed. Main blocking condition: Requires Budget Data. Resolve Requires Budget Data before readiness can advance. Responsible party varies by condition; see responsible role register. Permitted action: review and validate; no automatic decision. This classification supports management routing and does not constitute approval.,Explanation supports routing only
EXP-DR-DSC-PKG-EP-HOSP-001-DEPT-PEX-kpi_002-20260925,DR-DSC-PKG-EP-HOSP-001-DEPT-PEX-kpi_002-20260925,DSC-PKG-EP-HOSP-001-DEPT-PEX-kpi_002-20260925,DPKG-PKG-EP-HOSP-001-DEPT-PEX-kpi_002-20260925,Not Suitable for Decision Use, The package is materially incomplete or the analysis is incompatible with the intended decision.,Not Suitable for Decision Use,See secondary condition register,See transition register,See responsible role register,Review and validate; no automatic decision,This is not an approval or recommendation,Current readiness: Not Suitable for Decision Use. The package is materially incomplete or the analysis is incompatible with the intended decision. Evidence or lineage defects are severe. Governance restrictions prevent use in current form. Main blocking condition: Not Suitable for Decision Use. Resolve Not Suitable for Decision Use before readiness can advance. Responsible party varies by condition; see responsible role register. Permitted action: review and validate; no automatic decision. This classification supports management routing and does not constitute approval.,Explanation supports routing only
EXP-DR-DSC-PKG-EP-HOSP-001-DEPT-PEX-kpi_002-20261010,DR-DSC-PKG-EP-HOSP-001-DEPT-PEX-kpi_002-20261010,DSC-PKG-EP-HOSP-001-DEPT-PEX-kpi_002-20261010,DPKG-PKG-EP-HOSP-001-DEPT-PEX-kpi_002-20261010,Requires Baseline Validation," The baseline is missing, stale, inconsistent, or not representative.",Requires Baseline Validation,See secondary condition register,See transition register,See responsible role register,Review and validate; no automatic decision,This is not an approval or recommendation,"Current readiness: Requires Baseline Validation. The baseline is missing, stale, inconsistent, or not representative. Baseline validation status is blocking further progression. A valid baseline must be established before management review. Main blocking condition: Requires Baseline Validation. Resolve Requires Baseline Validation before readiness can advance. Responsible party varies by condition; see responsible role register. Permitted action: review and validate; no automatic decision. This classification supports management routing and does not constitute approval.",Explanation supports routing only
EXP-DR-DSC-PKG-EP-HOSP-001-DEPT-PEX-kpi_002-20261018,DR-DSC-PKG-EP-HOSP-001-DEPT-PEX-kpi_002-20261018,DSC-PKG-EP-HOSP-001-DEPT-PEX-kpi_002-20261018,DPKG-PKG-EP-HOSP-001-DEPT-PEX-kpi_002-20261018,Requires Lineage Completion, Source-to-decision lineage is incomplete or orphan references exist.,Requires Lineage Completion,See secondary condition register,See transition register,See responsible role register,Review and validate; no automatic decision,This is not an approval or recommendation,Current readiness: Requires Lineage Completion. Source-to-decision lineage is incomplete or orphan references exist. The decision record cannot be fully traced without completing lineage. Main blocking condition: Requires Lineage Completion. Resolve Requires Lineage Completion before readiness can advance. Responsible party varies by condition; see responsible role register. Permitted action: review and validate; no automatic decision. This classification supports management routing and does not constitute approval.,Explanation supports routing only
EXP-DR-DSC-PKG-EP-HOSP-001-DEPT-PEX-kpi_002-20261025,DR-DSC-PKG-EP-HOSP-001-DEPT-PEX-kpi_002-20261025,DSC-PKG-EP-HOSP-001-DEPT-PEX-kpi_002-20261025,DPKG-PKG-EP-HOSP-001-DEPT-PEX-kpi_002-20261025,Requires Stakeholder Validation, A material input or assumption requires responsible-owner confirmation.,Requires Stakeholder Validation,See secondary condition register,See transition register,See responsible role register,Review and validate; no automatic decision,This is not an approval or recommendation,Current readiness: Requires Stakeholder Validation. A material input or assumption requires responsible-owner confirmation. Stakeholder confirmation is blocking and cannot be safely resolved analytically. Main blocking condition: Requires Stakeholder Validation. Resolve Requires Stakeholder Validation before readiness can advance. Responsible party varies by condition; see responsible role register. Permitted action: review and validate; no automatic decision. This classification supports management routing and does not constitute approval.,Explanation supports routing only
EXP-DR-DSC-PKG-EP-HOSP-001-DEPT-PEX-kpi_002-20261104,DR-DSC-PKG-EP-HOSP-001-DEPT-PEX-kpi_002-20261104,DSC-PKG-EP-HOSP-001-DEPT-PEX-kpi_002-20261104,DPKG-PKG-EP-HOSP-001-DEPT-PEX-kpi_002-20261104,Ready with Conditions, This package is complete enough for management review with non-blocking conditions remaining.,None,See secondary condition register,See transition register,See responsible role register,Review and validate; no automatic decision,This is not an approval or recommendation,Current readiness: Ready with Conditions. This package is complete enough for management review with non-blocking conditions remaining. Core information is available but some warnings or provisional matters require attention. Management can review the options but must confirm specified matters. Resolve Ready with Conditions before readiness can advance. Responsible party varies by condition; see responsible role register. Permitted action: review and validate; no automatic decision. This classification supports management routing and does not constitute approval.,Explanation supports routing only
EXP-DR-DSC-PKG-EP-HOSP-001-DEPT-PEX-kpi_002-20261214,DR-DSC-PKG-EP-HOSP-001-DEPT-PEX-kpi_002-20261214,DSC-PKG-EP-HOSP-001-DEPT-PEX-kpi_002-20261214,DPKG-PKG-EP-HOSP-001-DEPT-PEX-kpi_002-20261214,Ready with Conditions, This package is complete enough for management review with non-blocking conditions remaining.,None,See secondary condition register,See transition register,See responsible role register,Review and validate; no automatic decision,This is not an approval or recommendation,Current readiness: Ready with Conditions. This package is complete enough for management review with non-blocking conditions remaining. Core information is available but some warnings or provisional matters require attention. Management can review the options but must confirm specified matters. Resolve Ready with Conditions before readiness can advance. Responsible party varies by condition; see responsible role register. Permitted action: review and validate; no automatic decision. This classification supports management routing and does not constitute approval.,Explanation supports routing only
EXP-DR-DSC-PKG-EP-HOSP-001-DEPT-PEX-kpi_006-20260121,DR-DSC-PKG-EP-HOSP-001-DEPT-PEX-kpi_006-20260121,DSC-PKG-EP-HOSP-001-DEPT-PEX-kpi_006-20260121,DPKG-PKG-EP-HOSP-001-DEPT-PEX-kpi_006-20260121,Monitoring Only, This case does not currently require active intervention review.,None,See secondary condition register,See transition register,See responsible role register,Review and validate; no automatic decision,This is not an approval or recommendation,Current readiness: Monitoring Only. This case does not currently require active intervention review. The analytical route calls for continued observation. Monitoring requirements are present and escalation triggers are defined. Continue monitoring until escalation trigger is met. Responsible party varies by condition; see responsible role register. Permitted action: review and validate; no automatic decision. This classification supports management routing and does not constitute approval.,Explanation supports routing only
EXP-DR-DSC-PKG-EP-HOSP-001-DEPT-PEX-kpi_006-20260202,DR-DSC-PKG-EP-HOSP-001-DEPT-PEX-kpi_006-20260202,DSC-PKG-EP-HOSP-001-DEPT-PEX-kpi_006-20260202,DPKG-PKG-EP-HOSP-001-DEPT-PEX-kpi_006-20260202,Monitoring Only, This case does not currently require active intervention review.,None,See secondary condition register,See transition register,See responsible role register,Review and validate; no automatic decision,This is not an approval or recommendation,Current readiness: Monitoring Only. This case does not currently require active intervention review. The analytical route calls for continued observation. Monitoring requirements are present and escalation triggers are defined. Continue monitoring until escalation trigger is met. Responsible party varies by condition; see responsible role register. Permitted action: review and validate; no automatic decision. This classification supports management routing and does not constitute approval.,Explanation supports routing only
EXP-DR-DSC-PKG-EP-HOSP-001-DEPT-PEX-kpi_006-20260215,DR-DSC-PKG-EP-HOSP-001-DEPT-PEX-kpi_006-20260215,DSC-PKG-EP-HOSP-001-DEPT-PEX-kpi_006-20260215,DPKG-PKG-EP-HOSP-001-DEPT-PEX-kpi_006-20260215,Monitoring Only, This case does not currently require active intervention review.,None,See secondary condition register,See transition register,See responsible role register,Review and validate; no automatic decision,This is not an approval or recommendation,Current readiness: Monitoring Only. This case does not currently require active intervention review. The analytical route calls for continued observation. Monitoring requirements are present and escalation triggers are defined. Continue monitoring until escalation trigger is met. Responsible party varies by condition; see responsible role register. Permitted action: review and validate; no automatic decision. This classification supports management routing and does not constitute approval.,Explanation supports routing only
EXP-DR-DSC-PKG-EP-HOSP-001-DEPT-PEX-kpi_006-20260301,DR-DSC-PKG-EP-HOSP-001-DEPT-PEX-kpi_006-20260301,DSC-PKG-EP-HOSP-001-DEPT-PEX-kpi_006-20260301,DPKG-PKG-EP-HOSP-001-DEPT-PEX-kpi_006-20260301,Monitoring Only, This case does not currently require active intervention review.,None,See secondary condition register,See transition register,See responsible role register,Review and validate; no automatic decision,This is not an approval or recommendation,Current readiness: Monitoring Only. This case does not currently require active intervention review. The analytical route calls for continued observation. Monitoring requirements are present and escalation triggers are defined. Continue monitoring until escalation trigger is met. Responsible party varies by condition; see responsible role register. Permitted action: review and validate; no automatic decision. This classification supports management routing and does not constitute approval.,Explanation supports routing only
EXP-DR-DSC-PKG-EP-HOSP-001-DEPT-PEX-kpi_006-20260306,DR-DSC-PKG-EP-HOSP-001-DEPT-PEX-kpi_006-20260306,DSC-PKG-EP-HOSP-001-DEPT-PEX-kpi_006-20260306,DPKG-PKG-EP-HOSP-001-DEPT-PEX-kpi_006-20260306,Monitoring Only, This case does not currently require active intervention review.,None,See secondary condition register,See transition register,See responsible role register,Review and validate; no automatic decision,This is not an approval or recommendation,Current readiness: Monitoring Only. This case does not currently require active intervention review. The analytical route calls for continued observation. Monitoring requirements are present and escalation triggers are defined. Continue monitoring until escalation trigger is met. Responsible party varies by condition; see responsible role register. Permitted action: review and validate; no automatic decision. This classification supports management routing and does not constitute approval.,Explanation supports routing only
EXP-DR-DSC-PKG-EP-HOSP-001-DEPT-PEX-kpi_006-20260314,DR-DSC-PKG-EP-HOSP-001-DEPT-PEX-kpi_006-20260314,DSC-PKG-EP-HOSP-001-DEPT-PEX-kpi_006-20260314,DPKG-PKG-EP-HOSP-001-DEPT-PEX-kpi_006-20260314,Monitoring Only, This case does not currently require active intervention review.,None,See secondary condition register,See transition register,See responsible role register,Review and validate; no automatic decision,This is not an approval or recommendation,Current readiness: Monitoring Only. This case does not currently require active intervention review. The analytical route calls for continued observation. Monitoring requirements are present and escalation triggers are defined. Continue monitoring until escalation trigger is met. Responsible party varies by condition; see responsible role register. Permitted action: review and validate; no automatic decision. This classification supports management routing and does not constitute approval.,Explanation supports routing only
EXP-DR-DSC-PKG-EP-HOSP-001-DEPT-PEX-kpi_006-20260321,DR-DSC-PKG-EP-HOSP-001-DEPT-PEX-kpi_006-20260321,DSC-PKG-EP-HOSP-001-DEPT-PEX-kpi_006-20260321,DPKG-PKG-EP-HOSP-001-DEPT-PEX-kpi_006-20260321,Monitoring Only, This case does not currently require active intervention review.,None,See secondary condition register,See transition register,See responsible role register,Review and validate; no automatic decision,This is not an approval or recommendation,Current readiness: Monitoring Only. This case does not currently require active intervention review. The analytical route calls for continued observation. Monitoring requirements are present and escalation triggers are defined. Continue monitoring until escalation trigger is met. Responsible party varies by condition; see responsible role register. Permitted action: review and validate; no automatic decision. This classification supports management routing and does not constitute approval.,Explanation supports routing only
EXP-DR-DSC-PKG-EP-HOSP-001-DEPT-PEX-kpi_006-20260401,DR-DSC-PKG-EP-HOSP-001-DEPT-PEX-kpi_006-20260401,DSC-PKG-EP-HOSP-001-DEPT-PEX-kpi_006-20260401,DPKG-PKG-EP-HOSP-001-DEPT-PEX-kpi_006-20260401,Monitoring Only, This case does not currently require active intervention review.,None,See secondary condition register,See transition register,See responsible role register,Review and validate; no automatic decision,This is not an approval or recommendation,Current readiness: Monitoring Only. This case does not currently require active intervention review. The analytical route calls for continued observation. Monitoring requirements are present and escalation triggers are defined. Continue monitoring until escalation trigger is met. Responsible party varies by condition; see responsible role register. Permitted action: review and validate; no automatic decision. This classification supports management routing and does not constitute approval.,Explanation supports routing only
EXP-DR-DSC-PKG-EP-HOSP-001-DEPT-PEX-kpi_006-20260417,DR-DSC-PKG-EP-HOSP-001-DEPT-PEX-kpi_006-20260417,DSC-PKG-EP-HOSP-001-DEPT-PEX-kpi_006-20260417,DPKG-PKG-EP-HOSP-001-DEPT-PEX-kpi_006-20260417,Monitoring Only, This case does not currently require active intervention review.,None,See secondary condition register,See transition register,See responsible role register,Review and validate; no automatic decision,This is not an approval or recommendation,Current readiness: Monitoring Only. This case does not currently require active intervention review. The analytical route calls for continued observation. Monitoring requirements are present and escalation triggers are defined. Continue monitoring until escalation trigger is met. Responsible party varies by condition; see responsible role register. Permitted action: review and validate; no automatic decision. This classification supports management routing and does not constitute approval.,Explanation supports routing only
EXP-DR-DSC-PKG-EP-HOSP-001-DEPT-PEX-kpi_006-20260422,DR-DSC-PKG-EP-HOSP-001-DEPT-PEX-kpi_006-20260422,DSC-PKG-EP-HOSP-001-DEPT-PEX-kpi_006-20260422,DPKG-PKG-EP-HOSP-001-DEPT-PEX-kpi_006-20260422,Monitoring Only, This case does not currently require active intervention review.,None,See secondary condition register,See transition register,See responsible role register,Review and validate; no automatic decision,This is not an approval or recommendation,Current readiness: Monitoring Only. This case does not currently require active intervention review. The analytical route calls for continued observation. Monitoring requirements are present and escalation triggers are defined. Continue monitoring until escalation trigger is met. Responsible party varies by condition; see responsible role register. Permitted action: review and validate; no automatic decision. This classification supports management routing and does not constitute approval.,Explanation supports routing only
EXP-DR-DSC-PKG-EP-HOSP-001-DEPT-PEX-kpi_006-20260427,DR-DSC-PKG-EP-HOSP-001-DEPT-PEX-kpi_006-20260427,DSC-PKG-EP-HOSP-001-DEPT-PEX-kpi_006-20260427,DPKG-PKG-EP-HOSP-001-DEPT-PEX-kpi_006-20260427,Monitoring Only, This case does not currently require active intervention review.,None,See secondary condition register,See transition register,See responsible role register,Review and validate; no automatic decision,This is not an approval or recommendation,Current readiness: Monitoring Only. This case does not currently require active intervention review. The analytical route calls for continued observation. Monitoring requirements are present and escalation triggers are defined. Continue monitoring until escalation trigger is met. Responsible party varies by condition; see responsible role register. Permitted action: review and validate; no automatic decision. This classification supports management routing and does not constitute approval.,Explanation supports routing only
EXP-DR-DSC-PKG-EP-HOSP-001-DEPT-PEX-kpi_006-20260506,DR-DSC-PKG-EP-HOSP-001-DEPT-PEX-kpi_006-20260506,DSC-PKG-EP-HOSP-001-DEPT-PEX-kpi_006-20260506,DPKG-PKG-EP-HOSP-001-DEPT-PEX-kpi_006-20260506,Monitoring Only, This case does not currently require active intervention review.,None,See secondary condition register,See transition register,See responsible role register,Review and validate; no automatic decision,This is not an approval or recommendation,Current readiness: Monitoring Only. This case does not currently require active intervention review. The analytical route calls for continued observation. Monitoring requirements are present and escalation triggers are defined. Continue monitoring until escalation trigger is met. Responsible party varies by condition; see responsible role register. Permitted action: review and validate; no automatic decision. This classification supports management routing and does not constitute approval.,Explanation supports routing only
EXP-DR-DSC-PKG-EP-HOSP-001-DEPT-PEX-kpi_006-20260522,DR-DSC-PKG-EP-HOSP-001-DEPT-PEX-kpi_006-20260522,DSC-PKG-EP-HOSP-001-DEPT-PEX-kpi_006-20260522,DPKG-PKG-EP-HOSP-001-DEPT-PEX-kpi_006-20260522,Monitoring Only, This case does not currently require active intervention review.,None,See secondary condition register,See transition register,See responsible role register,Review and validate; no automatic decision,This is not an approval or recommendation,Current readiness: Monitoring Only. This case does not currently require active intervention review. The analytical route calls for continued observation. Monitoring requirements are present and escalation triggers are defined. Continue monitoring until escalation trigger is met. Responsible party varies by condition; see responsible role register. Permitted action: review and validate; no automatic decision. This classification supports management routing and does not constitute approval.,Explanation supports routing only
EXP-DR-DSC-PKG-EP-HOSP-001-DEPT-PEX-kpi_006-20260604,DR-DSC-PKG-EP-HOSP-001-DEPT-PEX-kpi_006-20260604,DSC-PKG-EP-HOSP-001-DEPT-PEX-kpi_006-20260604,DPKG-PKG-EP-HOSP-001-DEPT-PEX-kpi_006-20260604,Monitoring Only, This case does not currently require active intervention review.,None,See secondary condition register,See transition register,See responsible role register,Review and validate; no automatic decision,This is not an approval or recommendation,Current readiness: Monitoring Only. This case does not currently require active intervention review. The analytical route calls for continued observation. Monitoring requirements are present and escalation triggers are defined. Continue monitoring until escalation trigger is met. Responsible party varies by condition; see responsible role register. Permitted action: review and validate; no automatic decision. This classification supports management routing and does not constitute approval.,Explanation supports routing only
EXP-DR-DSC-PKG-EP-HOSP-001-DEPT-PEX-kpi_006-20260609,DR-DSC-PKG-EP-HOSP-001-DEPT-PEX-kpi_006-20260609,DSC-PKG-EP-HOSP-001-DEPT-PEX-kpi_006-20260609,DPKG-PKG-EP-HOSP-001-DEPT-PEX-kpi_006-20260609,Monitoring Only, This case does not currently require active intervention review.,None,See secondary condition register,See transition register,See responsible role register,Review and validate; no automatic decision,This is not an approval or recommendation,Current readiness: Monitoring Only. This case does not currently require active intervention review. The analytical route calls for continued observation. Monitoring requirements are present and escalation triggers are defined. Continue monitoring until escalation trigger is met. Responsible party varies by condition; see responsible role register. Permitted action: review and validate; no automatic decision. This classification supports management routing and does not constitute approval.,Explanation supports routing only
EXP-DR-DSC-PKG-EP-HOSP-001-DEPT-PEX-kpi_006-20260702,DR-DSC-PKG-EP-HOSP-001-DEPT-PEX-kpi_006-20260702,DSC-PKG-EP-HOSP-001-DEPT-PEX-kpi_006-20260702,DPKG-PKG-EP-HOSP-001-DEPT-PEX-kpi_006-20260702,Monitoring Only, This case does not currently require active intervention review.,None,See secondary condition register,See transition register,See responsible role register,Review and validate; no automatic decision,This is not an approval or recommendation,Current readiness: Monitoring Only. This case does not currently require active intervention review. The analytical route calls for continued observation. Monitoring requirements are present and escalation triggers are defined. Continue monitoring until escalation trigger is met. Responsible party varies by condition; see responsible role register. Permitted action: review and validate; no automatic decision. This classification supports management routing and does not constitute approval.,Explanation supports routing only
EXP-DR-DSC-PKG-EP-HOSP-001-DEPT-PEX-kpi_006-20260805,DR-DSC-PKG-EP-HOSP-001-DEPT-PEX-kpi_006-20260805,DSC-PKG-EP-HOSP-001-DEPT-PEX-kpi_006-20260805,DPKG-PKG-EP-HOSP-001-DEPT-PEX-kpi_006-20260805,Monitoring Only, This case does not currently require active intervention review.,None,See secondary condition register,See transition register,See responsible role register,Review and validate; no automatic decision,This is not an approval or recommendation,Current readiness: Monitoring Only. This case does not currently require active intervention review. The analytical route calls for continued observation. Monitoring requirements are present and escalation triggers are defined. Continue monitoring until escalation trigger is met. Responsible party varies by condition; see responsible role register. Permitted action: review and validate; no automatic decision. This classification supports management routing and does not constitute approval.,Explanation supports routing only
EXP-DR-DSC-PKG-EP-HOSP-001-DEPT-PEX-kpi_006-20260811,DR-DSC-PKG-EP-HOSP-001-DEPT-PEX-kpi_006-20260811,DSC-PKG-EP-HOSP-001-DEPT-PEX-kpi_006-20260811,DPKG-PKG-EP-HOSP-001-DEPT-PEX-kpi_006-20260811,Monitoring Only, This case does not currently require active intervention review.,None,See secondary condition register,See transition register,See responsible role register,Review and validate; no automatic decision,This is not an approval or recommendation,Current readiness: Monitoring Only. This case does not currently require active intervention review. The analytical route calls for continued observation. Monitoring requirements are present and escalation triggers are defined. Continue monitoring until escalation trigger is met. Responsible party varies by condition; see responsible role register. Permitted action: review and validate; no automatic decision. This classification supports management routing and does not constitute approval.,Explanation supports routing only
EXP-DR-DSC-PKG-EP-HOSP-001-DEPT-PEX-kpi_006-20260823,DR-DSC-PKG-EP-HOSP-001-DEPT-PEX-kpi_006-20260823,DSC-PKG-EP-HOSP-001-DEPT-PEX-kpi_006-20260823,DPKG-PKG-EP-HOSP-001-DEPT-PEX-kpi_006-20260823,Monitoring Only, This case does not currently require active intervention review.,None,See secondary condition register,See transition register,See responsible role register,Review and validate; no automatic decision,This is not an approval or recommendation,Current readiness: Monitoring Only. This case does not currently require active intervention review. The analytical route calls for continued observation. Monitoring requirements are present and escalation triggers are defined. Continue monitoring until escalation trigger is met. Responsible party varies by condition; see responsible role register. Permitted action: review and validate; no automatic decision. This classification supports management routing and does not constitute approval.,Explanation supports routing only
EXP-DR-DSC-PKG-EP-HOSP-001-DEPT-PEX-kpi_006-20261003,DR-DSC-PKG-EP-HOSP-001-DEPT-PEX-kpi_006-20261003,DSC-PKG-EP-HOSP-001-DEPT-PEX-kpi_006-20261003,DPKG-PKG-EP-HOSP-001-DEPT-PEX-kpi_006-20261003,Monitoring Only, This case does not currently require active intervention review.,None,See secondary condition register,See transition register,See responsible role register,Review and validate; no automatic decision,This is not an approval or recommendation,Current readiness: Monitoring Only. This case does not currently require active intervention review. The analytical route calls for continued observation. Monitoring requirements are present and escalation triggers are defined. Continue monitoring until escalation trigger is met. Responsible party varies by condition; see responsible role register. Permitted action: review and validate; no automatic decision. This classification supports management routing and does not constitute approval.,Explanation supports routing only
EXP-DR-DSC-PKG-EP-HOSP-001-DEPT-PEX-kpi_006-20261028,DR-DSC-PKG-EP-HOSP-001-DEPT-PEX-kpi_006-20261028,DSC-PKG-EP-HOSP-001-DEPT-PEX-kpi_006-20261028,DPKG-PKG-EP-HOSP-001-DEPT-PEX-kpi_006-20261028,Monitoring Only, This case does not currently require active intervention review.,None,See secondary condition register,See transition register,See responsible role register,Review and validate; no automatic decision,This is not an approval or recommendation,Current readiness: Monitoring Only. This case does not currently require active intervention review. The analytical route calls for continued observation. Monitoring requirements are present and escalation triggers are defined. Continue monitoring until escalation trigger is met. Responsible party varies by condition; see responsible role register. Permitted action: review and validate; no automatic decision. This classification supports management routing and does not constitute approval.,Explanation supports routing only
EXP-DR-DSC-PKG-EP-HOSP-001-DEPT-PEX-kpi_006-20261231,DR-DSC-PKG-EP-HOSP-001-DEPT-PEX-kpi_006-20261231,DSC-PKG-EP-HOSP-001-DEPT-PEX-kpi_006-20261231,DPKG-PKG-EP-HOSP-001-DEPT-PEX-kpi_006-20261231,Monitoring Only, This case does not currently require active intervention review.,None,See secondary condition register,See transition register,See responsible role register,Review and validate; no automatic decision,This is not an approval or recommendation,Current readiness: Monitoring Only. This case does not currently require active intervention review. The analytical route calls for continued observation. Monitoring requirements are present and escalation triggers are defined. Continue monitoring until escalation trigger is met. Responsible party varies by condition; see responsible role register. Permitted action: review and validate; no automatic decision. This classification supports management routing and does not constitute approval.,Explanation supports routing only
EXP-DR-DSC-PKG-EP-HOSP-001-DEPT-SURG-kpi_001-20260127,DR-DSC-PKG-EP-HOSP-001-DEPT-SURG-kpi_001-20260127,DSC-PKG-EP-HOSP-001-DEPT-SURG-kpi_001-20260127,DPKG-PKG-EP-HOSP-001-DEPT-SURG-kpi_001-20260127,Requires Assumption Validation, Scenario or recommendation assumptions remain materially unconfirmed.,Requires Assumption Validation,See secondary condition register,See transition register,See responsible role register,Review and validate; no automatic decision,This is not an approval or recommendation,Current readiness: Requires Assumption Validation. Scenario or recommendation assumptions remain materially unconfirmed. Management review would be misleading without confirmation of key assumptions. Comparator assumptions require validation before proceeding. Main blocking condition: Requires Assumption Validation. Resolve Requires Assumption Validation before readiness can advance. Responsible party varies by condition; see responsible role register. Permitted action: review and validate; no automatic decision. This classification supports management routing and does not constitute approval.,Explanation supports routing only
EXP-DR-DSC-PKG-EP-HOSP-001-DEPT-SURG-kpi_001-20260131,DR-DSC-PKG-EP-HOSP-001-DEPT-SURG-kpi_001-20260131,DSC-PKG-EP-HOSP-001-DEPT-SURG-kpi_001-20260131,DPKG-PKG-EP-HOSP-001-DEPT-SURG-kpi_001-20260131,Requires Assumption Validation, Scenario or recommendation assumptions remain materially unconfirmed.,Requires Assumption Validation,See secondary condition register,See transition register,See responsible role register,Review and validate; no automatic decision,This is not an approval or recommendation,Current readiness: Requires Assumption Validation. Scenario or recommendation assumptions remain materially unconfirmed. Management review would be misleading without confirmation of key assumptions. Comparator assumptions require validation before proceeding. Main blocking condition: Requires Assumption Validation. Resolve Requires Assumption Validation before readiness can advance. Responsible party varies by condition; see responsible role register. Permitted action: review and validate; no automatic decision. This classification supports management routing and does not constitute approval.,Explanation supports routing only
EXP-DR-DSC-PKG-EP-HOSP-001-DEPT-SURG-kpi_001-20260209,DR-DSC-PKG-EP-HOSP-001-DEPT-SURG-kpi_001-20260209,DSC-PKG-EP-HOSP-001-DEPT-SURG-kpi_001-20260209,DPKG-PKG-EP-HOSP-001-DEPT-SURG-kpi_001-20260209,Requires Assumption Validation, Scenario or recommendation assumptions remain materially unconfirmed.,Requires Assumption Validation,See secondary condition register,See transition register,See responsible role register,Review and validate; no automatic decision,This is not an approval or recommendation,Current readiness: Requires Assumption Validation. Scenario or recommendation assumptions remain materially unconfirmed. Management review would be misleading without confirmation of key assumptions. Comparator assumptions require validation before proceeding. Main blocking condition: Requires Assumption Validation. Resolve Requires Assumption Validation before readiness can advance. Responsible party varies by condition; see responsible role register. Permitted action: review and validate; no automatic decision. This classification supports management routing and does not constitute approval.,Explanation supports routing only
EXP-DR-DSC-PKG-EP-HOSP-001-DEPT-SURG-kpi_001-20260301,DR-DSC-PKG-EP-HOSP-001-DEPT-SURG-kpi_001-20260301,DSC-PKG-EP-HOSP-001-DEPT-SURG-kpi_001-20260301,DPKG-PKG-EP-HOSP-001-DEPT-SURG-kpi_001-20260301,Requires Lineage Completion, Source-to-decision lineage is incomplete or orphan references exist.,Requires Lineage Completion,See secondary condition register,See transition register,See responsible role register,Review and validate; no automatic decision,This is not an approval or recommendation,Current readiness: Requires Lineage Completion. Source-to-decision lineage is incomplete or orphan references exist. The decision record cannot be fully traced without completing lineage. Main blocking condition: Requires Lineage Completion. Resolve Requires Lineage Completion before readiness can advance. Responsible party varies by condition; see responsible role register. Permitted action: review and validate; no automatic decision. This classification supports management routing and does not constitute approval.,Explanation supports routing only
EXP-DR-DSC-PKG-EP-HOSP-001-DEPT-SURG-kpi_001-20260305,DR-DSC-PKG-EP-HOSP-001-DEPT-SURG-kpi_001-20260305,DSC-PKG-EP-HOSP-001-DEPT-SURG-kpi_001-20260305,DPKG-PKG-EP-HOSP-001-DEPT-SURG-kpi_001-20260305,Ready for Integrated Management Review, This package has passed all mandatory gates and is ready for management review.,None,See secondary condition register,See transition register,See responsible role register,Review and validate; no automatic decision,This is not an approval or recommendation,"Current readiness: Ready for Integrated Management Review. This package has passed all mandatory gates and is ready for management review. Core risk, recommendation, scenario, and financial information is available. No absolute exclusion applies. Management can review the options and confirm specified matters. Management review may proceed. Responsible party varies by condition; see responsible role register. Permitted action: review and validate; no automatic decision. This classification supports management routing and does not constitute approval.",Explanation supports routing only
EXP-DR-DSC-PKG-EP-HOSP-001-DEPT-SURG-kpi_001-20260311,DR-DSC-PKG-EP-HOSP-001-DEPT-SURG-kpi_001-20260311,DSC-PKG-EP-HOSP-001-DEPT-SURG-kpi_001-20260311,DPKG-PKG-EP-HOSP-001-DEPT-SURG-kpi_001-20260311,Requires Budget Data, Affordability or budget sufficiency is required but no authoritative budget is available.,Requires Budget Data,See secondary condition register,See transition register,See responsible role register,Review and validate; no automatic decision,This is not an approval or recommendation,Current readiness: Requires Budget Data. Affordability or budget sufficiency is required but no authoritative budget is available. Budget data must be supplied before financial readiness can be confirmed. Main blocking condition: Requires Budget Data. Resolve Requires Budget Data before readiness can advance. Responsible party varies by condition; see responsible role register. Permitted action: review and validate; no automatic decision. This classification supports management routing and does not constitute approval.,Explanation supports routing only
EXP-DR-DSC-PKG-EP-HOSP-001-DEPT-SURG-kpi_001-20260401,DR-DSC-PKG-EP-HOSP-001-DEPT-SURG-kpi_001-20260401,DSC-PKG-EP-HOSP-001-DEPT-SURG-kpi_001-20260401,DPKG-PKG-EP-HOSP-001-DEPT-SURG-kpi_001-20260401,Requires Lineage Completion, Source-to-decision lineage is incomplete or orphan references exist.,Requires Lineage Completion,See secondary condition register,See transition register,See responsible role register,Review and validate; no automatic decision,This is not an approval or recommendation,Current readiness: Requires Lineage Completion. Source-to-decision lineage is incomplete or orphan references exist. The decision record cannot be fully traced without completing lineage. Main blocking condition: Requires Lineage Completion. Resolve Requires Lineage Completion before readiness can advance. Responsible party varies by condition; see responsible role register. Permitted action: review and validate; no automatic decision. This classification supports management routing and does not constitute approval.,Explanation supports routing only
EXP-DR-DSC-PKG-EP-HOSP-001-DEPT-SURG-kpi_001-20260411,DR-DSC-PKG-EP-HOSP-001-DEPT-SURG-kpi_001-20260411,DSC-PKG-EP-HOSP-001-DEPT-SURG-kpi_001-20260411,DPKG-PKG-EP-HOSP-001-DEPT-SURG-kpi_001-20260411,Ready with Conditions, This package is complete enough for management review with non-blocking conditions remaining.,None,See secondary condition register,See transition register,See responsible role register,Review and validate; no automatic decision,This is not an approval or recommendation,Current readiness: Ready with Conditions. This package is complete enough for management review with non-blocking conditions remaining. Core information is available but some warnings or provisional matters require attention. Management can review the options but must confirm specified matters. Resolve Ready with Conditions before readiness can advance. Responsible party varies by condition; see responsible role register. Permitted action: review and validate; no automatic decision. This classification supports management routing and does not constitute approval.,Explanation supports routing only
EXP-DR-DSC-PKG-EP-HOSP-001-DEPT-SURG-kpi_001-20260415,DR-DSC-PKG-EP-HOSP-001-DEPT-SURG-kpi_001-20260415,DSC-PKG-EP-HOSP-001-DEPT-SURG-kpi_001-20260415,DPKG-PKG-EP-HOSP-001-DEPT-SURG-kpi_001-20260415,Requires Assumption Validation, Scenario or recommendation assumptions remain materially unconfirmed.,Requires Assumption Validation,See secondary condition register,See transition register,See responsible role register,Review and validate; no automatic decision,This is not an approval or recommendation,Current readiness: Requires Assumption Validation. Scenario or recommendation assumptions remain materially unconfirmed. Management review would be misleading without confirmation of key assumptions. Comparator assumptions require validation before proceeding. Main blocking condition: Requires Assumption Validation. Resolve Requires Assumption Validation before readiness can advance. Responsible party varies by condition; see responsible role register. Permitted action: review and validate; no automatic decision. This classification supports management routing and does not constitute approval.,Explanation supports routing only
EXP-DR-DSC-PKG-EP-HOSP-001-DEPT-SURG-kpi_001-20260429,DR-DSC-PKG-EP-HOSP-001-DEPT-SURG-kpi_001-20260429,DSC-PKG-EP-HOSP-001-DEPT-SURG-kpi_001-20260429,DPKG-PKG-EP-HOSP-001-DEPT-SURG-kpi_001-20260429,Requires Assumption Validation, Scenario or recommendation assumptions remain materially unconfirmed.,Requires Assumption Validation,See secondary condition register,See transition register,See responsible role register,Review and validate; no automatic decision,This is not an approval or recommendation,Current readiness: Requires Assumption Validation. Scenario or recommendation assumptions remain materially unconfirmed. Management review would be misleading without confirmation of key assumptions. Comparator assumptions require validation before proceeding. Main blocking condition: Requires Assumption Validation. Resolve Requires Assumption Validation before readiness can advance. Responsible party varies by condition; see responsible role register. Permitted action: review and validate; no automatic decision. This classification supports management routing and does not constitute approval.,Explanation supports routing only
EXP-DR-DSC-PKG-EP-HOSP-001-DEPT-SURG-kpi_001-20260504,DR-DSC-PKG-EP-HOSP-001-DEPT-SURG-kpi_001-20260504,DSC-PKG-EP-HOSP-001-DEPT-SURG-kpi_001-20260504,DPKG-PKG-EP-HOSP-001-DEPT-SURG-kpi_001-20260504,Requires Assumption Validation, Scenario or recommendation assumptions remain materially unconfirmed.,Requires Assumption Validation,See secondary condition register,See transition register,See responsible role register,Review and validate; no automatic decision,This is not an approval or recommendation,Current readiness: Requires Assumption Validation. Scenario or recommendation assumptions remain materially unconfirmed. Management review would be misleading without confirmation of key assumptions. Comparator assumptions require validation before proceeding. Main blocking condition: Requires Assumption Validation. Resolve Requires Assumption Validation before readiness can advance. Responsible party varies by condition; see responsible role register. Permitted action: review and validate; no automatic decision. This classification supports management routing and does not constitute approval.,Explanation supports routing only
EXP-DR-DSC-PKG-EP-HOSP-001-DEPT-SURG-kpi_001-20260517,DR-DSC-PKG-EP-HOSP-001-DEPT-SURG-kpi_001-20260517,DSC-PKG-EP-HOSP-001-DEPT-SURG-kpi_001-20260517,DPKG-PKG-EP-HOSP-001-DEPT-SURG-kpi_001-20260517,Requires Assumption Validation, Scenario or recommendation assumptions remain materially unconfirmed.,Requires Assumption Validation,See secondary condition register,See transition register,See responsible role register,Review and validate; no automatic decision,This is not an approval or recommendation,Current readiness: Requires Assumption Validation. Scenario or recommendation assumptions remain materially unconfirmed. Management review would be misleading without confirmation of key assumptions. Comparator assumptions require validation before proceeding. Main blocking condition: Requires Assumption Validation. Resolve Requires Assumption Validation before readiness can advance. Responsible party varies by condition; see responsible role register. Permitted action: review and validate; no automatic decision. This classification supports management routing and does not constitute approval.,Explanation supports routing only
EXP-DR-DSC-PKG-EP-HOSP-001-DEPT-SURG-kpi_001-20260521,DR-DSC-PKG-EP-HOSP-001-DEPT-SURG-kpi_001-20260521,DSC-PKG-EP-HOSP-001-DEPT-SURG-kpi_001-20260521,DPKG-PKG-EP-HOSP-001-DEPT-SURG-kpi_001-20260521,Requires Assumption Validation, Scenario or recommendation assumptions remain materially unconfirmed.,Requires Assumption Validation,See secondary condition register,See transition register,See responsible role register,Review and validate; no automatic decision,This is not an approval or recommendation,Current readiness: Requires Assumption Validation. Scenario or recommendation assumptions remain materially unconfirmed. Management review would be misleading without confirmation of key assumptions. Comparator assumptions require validation before proceeding. Main blocking condition: Requires Assumption Validation. Resolve Requires Assumption Validation before readiness can advance. Responsible party varies by condition; see responsible role register. Permitted action: review and validate; no automatic decision. This classification supports management routing and does not constitute approval.,Explanation supports routing only
EXP-DR-DSC-PKG-EP-HOSP-001-DEPT-SURG-kpi_001-20260529,DR-DSC-PKG-EP-HOSP-001-DEPT-SURG-kpi_001-20260529,DSC-PKG-EP-HOSP-001-DEPT-SURG-kpi_001-20260529,DPKG-PKG-EP-HOSP-001-DEPT-SURG-kpi_001-20260529,Requires Assumption Validation, Scenario or recommendation assumptions remain materially unconfirmed.,Requires Assumption Validation,See secondary condition register,See transition register,See responsible role register,Review and validate; no automatic decision,This is not an approval or recommendation,Current readiness: Requires Assumption Validation. Scenario or recommendation assumptions remain materially unconfirmed. Management review would be misleading without confirmation of key assumptions. Comparator assumptions require validation before proceeding. Main blocking condition: Requires Assumption Validation. Resolve Requires Assumption Validation before readiness can advance. Responsible party varies by condition; see responsible role register. Permitted action: review and validate; no automatic decision. This classification supports management routing and does not constitute approval.,Explanation supports routing only
EXP-DR-DSC-PKG-EP-HOSP-001-DEPT-SURG-kpi_001-20260606,DR-DSC-PKG-EP-HOSP-001-DEPT-SURG-kpi_001-20260606,DSC-PKG-EP-HOSP-001-DEPT-SURG-kpi_001-20260606,DPKG-PKG-EP-HOSP-001-DEPT-SURG-kpi_001-20260606,Requires Baseline Validation," The baseline is missing, stale, inconsistent, or not representative.",Requires Baseline Validation,See secondary condition register,See transition register,See responsible role register,Review and validate; no automatic decision,This is not an approval or recommendation,"Current readiness: Requires Baseline Validation. The baseline is missing, stale, inconsistent, or not representative. Baseline validation status is blocking further progression. A valid baseline must be established before management review. Main blocking condition: Requires Baseline Validation. Resolve Requires Baseline Validation before readiness can advance. Responsible party varies by condition; see responsible role register. Permitted action: review and validate; no automatic decision. This classification supports management routing and does not constitute approval.",Explanation supports routing only
EXP-DR-DSC-PKG-EP-HOSP-001-DEPT-SURG-kpi_001-20260613,DR-DSC-PKG-EP-HOSP-001-DEPT-SURG-kpi_001-20260613,DSC-PKG-EP-HOSP-001-DEPT-SURG-kpi_001-20260613,DPKG-PKG-EP-HOSP-001-DEPT-SURG-kpi_001-20260613,Requires Evidence Completion, Required evidence references are missing or applicable analytical phases are not covered.,Requires Evidence Completion,See secondary condition register,See transition register,See responsible role register,Review and validate; no automatic decision,This is not an approval or recommendation,Current readiness: Requires Evidence Completion. Required evidence references are missing or applicable analytical phases are not covered. Evidence completeness is insufficient for management review. Main blocking condition: Requires Evidence Completion. Resolve Requires Evidence Completion before readiness can advance. Responsible party varies by condition; see responsible role register. Permitted action: review and validate; no automatic decision. This classification supports management routing and does not constitute approval.,Explanation supports routing only
EXP-DR-DSC-PKG-EP-HOSP-001-DEPT-SURG-kpi_001-20260618,DR-DSC-PKG-EP-HOSP-001-DEPT-SURG-kpi_001-20260618,DSC-PKG-EP-HOSP-001-DEPT-SURG-kpi_001-20260618,DPKG-PKG-EP-HOSP-001-DEPT-SURG-kpi_001-20260618,Requires Assumption Validation, Scenario or recommendation assumptions remain materially unconfirmed.,Requires Assumption Validation,See secondary condition register,See transition register,See responsible role register,Review and validate; no automatic decision,This is not an approval or recommendation,Current readiness: Requires Assumption Validation. Scenario or recommendation assumptions remain materially unconfirmed. Management review would be misleading without confirmation of key assumptions. Comparator assumptions require validation before proceeding. Main blocking condition: Requires Assumption Validation. Resolve Requires Assumption Validation before readiness can advance. Responsible party varies by condition; see responsible role register. Permitted action: review and validate; no automatic decision. This classification supports management routing and does not constitute approval.,Explanation supports routing only
EXP-DR-DSC-PKG-EP-HOSP-001-DEPT-SURG-kpi_001-20260702,DR-DSC-PKG-EP-HOSP-001-DEPT-SURG-kpi_001-20260702,DSC-PKG-EP-HOSP-001-DEPT-SURG-kpi_001-20260702,DPKG-PKG-EP-HOSP-001-DEPT-SURG-kpi_001-20260702,Requires Evidence Completion, Required evidence references are missing or applicable analytical phases are not covered.,Requires Evidence Completion,See secondary condition register,See transition register,See responsible role register,Review and validate; no automatic decision,This is not an approval or recommendation,Current readiness: Requires Evidence Completion. Required evidence references are missing or applicable analytical phases are not covered. Evidence completeness is insufficient for management review. Main blocking condition: Requires Evidence Completion. Resolve Requires Evidence Completion before readiness can advance. Responsible party varies by condition; see responsible role register. Permitted action: review and validate; no automatic decision. This classification supports management routing and does not constitute approval.,Explanation supports routing only
EXP-DR-DSC-PKG-EP-HOSP-001-DEPT-SURG-kpi_001-20260709,DR-DSC-PKG-EP-HOSP-001-DEPT-SURG-kpi_001-20260709,DSC-PKG-EP-HOSP-001-DEPT-SURG-kpi_001-20260709,DPKG-PKG-EP-HOSP-001-DEPT-SURG-kpi_001-20260709,Requires Stakeholder Validation, A material input or assumption requires responsible-owner confirmation.,Requires Stakeholder Validation,See secondary condition register,See transition register,See responsible role register,Review and validate; no automatic decision,This is not an approval or recommendation,Current readiness: Requires Stakeholder Validation. A material input or assumption requires responsible-owner confirmation. Stakeholder confirmation is blocking and cannot be safely resolved analytically. Main blocking condition: Requires Stakeholder Validation. Resolve Requires Stakeholder Validation before readiness can advance. Responsible party varies by condition; see responsible role register. Permitted action: review and validate; no automatic decision. This classification supports management routing and does not constitute approval.,Explanation supports routing only
EXP-DR-DSC-PKG-EP-HOSP-001-DEPT-SURG-kpi_001-20260726,DR-DSC-PKG-EP-HOSP-001-DEPT-SURG-kpi_001-20260726,DSC-PKG-EP-HOSP-001-DEPT-SURG-kpi_001-20260726,DPKG-PKG-EP-HOSP-001-DEPT-SURG-kpi_001-20260726,Requires Assumption Validation, Scenario or recommendation assumptions remain materially unconfirmed.,Requires Assumption Validation,See secondary condition register,See transition register,See responsible role register,Review and validate; no automatic decision,This is not an approval or recommendation,Current readiness: Requires Assumption Validation. Scenario or recommendation assumptions remain materially unconfirmed. Management review would be misleading without confirmation of key assumptions. Comparator assumptions require validation before proceeding. Main blocking condition: Requires Assumption Validation. Resolve Requires Assumption Validation before readiness can advance. Responsible party varies by condition; see responsible role register. Permitted action: review and validate; no automatic decision. This classification supports management routing and does not constitute approval.,Explanation supports routing only
EXP-DR-DSC-PKG-EP-HOSP-001-DEPT-SURG-kpi_001-20260802,DR-DSC-PKG-EP-HOSP-001-DEPT-SURG-kpi_001-20260802,DSC-PKG-EP-HOSP-001-DEPT-SURG-kpi_001-20260802,DPKG-PKG-EP-HOSP-001-DEPT-SURG-kpi_001-20260802,Requires Lineage Completion, Source-to-decision lineage is incomplete or orphan references exist.,Requires Lineage Completion,See secondary condition register,See transition register,See responsible role register,Review and validate; no automatic decision,This is not an approval or recommendation,Current readiness: Requires Lineage Completion. Source-to-decision lineage is incomplete or orphan references exist. The decision record cannot be fully traced without completing lineage. Main blocking condition: Requires Lineage Completion. Resolve Requires Lineage Completion before readiness can advance. Responsible party varies by condition; see responsible role register. Permitted action: review and validate; no automatic decision. This classification supports management routing and does not constitute approval.,Explanation supports routing only
EXP-DR-DSC-PKG-EP-HOSP-001-DEPT-SURG-kpi_001-20260822,DR-DSC-PKG-EP-HOSP-001-DEPT-SURG-kpi_001-20260822,DSC-PKG-EP-HOSP-001-DEPT-SURG-kpi_001-20260822,DPKG-PKG-EP-HOSP-001-DEPT-SURG-kpi_001-20260822,Ready with Conditions, This package is complete enough for management review with non-blocking conditions remaining.,None,See secondary condition register,See transition register,See responsible role register,Review and validate; no automatic decision,This is not an approval or recommendation,Current readiness: Ready with Conditions. This package is complete enough for management review with non-blocking conditions remaining. Core information is available but some warnings or provisional matters require attention. Management can review the options but must confirm specified matters. Resolve Ready with Conditions before readiness can advance. Responsible party varies by condition; see responsible role register. Permitted action: review and validate; no automatic decision. This classification supports management routing and does not constitute approval.,Explanation supports routing only
EXP-DR-DSC-PKG-EP-HOSP-001-DEPT-SURG-kpi_001-20260903,DR-DSC-PKG-EP-HOSP-001-DEPT-SURG-kpi_001-20260903,DSC-PKG-EP-HOSP-001-DEPT-SURG-kpi_001-20260903,DPKG-PKG-EP-HOSP-001-DEPT-SURG-kpi_001-20260903,Ready with Conditions, This package is complete enough for management review with non-blocking conditions remaining.,None,See secondary condition register,See transition register,See responsible role register,Review and validate; no automatic decision,This is not an approval or recommendation,Current readiness: Ready with Conditions. This package is complete enough for management review with non-blocking conditions remaining. Core information is available but some warnings or provisional matters require attention. Management can review the options but must confirm specified matters. Resolve Ready with Conditions before readiness can advance. Responsible party varies by condition; see responsible role register. Permitted action: review and validate; no automatic decision. This classification supports management routing and does not constitute approval.,Explanation supports routing only
EXP-DR-DSC-PKG-EP-HOSP-001-DEPT-SURG-kpi_001-20260916,DR-DSC-PKG-EP-HOSP-001-DEPT-SURG-kpi_001-20260916,DSC-PKG-EP-HOSP-001-DEPT-SURG-kpi_001-20260916,DPKG-PKG-EP-HOSP-001-DEPT-SURG-kpi_001-20260916,Requires Assumption Validation, Scenario or recommendation assumptions remain materially unconfirmed.,Requires Assumption Validation,See secondary condition register,See transition register,See responsible role register,Review and validate; no automatic decision,This is not an approval or recommendation,Current readiness: Requires Assumption Validation. Scenario or recommendation assumptions remain materially unconfirmed. Management review would be misleading without confirmation of key assumptions. Comparator assumptions require validation before proceeding. Main blocking condition: Requires Assumption Validation. Resolve Requires Assumption Validation before readiness can advance. Responsible party varies by condition; see responsible role register. Permitted action: review and validate; no automatic decision. This classification supports management routing and does not constitute approval.,Explanation supports routing only
EXP-DR-DSC-PKG-EP-HOSP-001-DEPT-SURG-kpi_001-20260929,DR-DSC-PKG-EP-HOSP-001-DEPT-SURG-kpi_001-20260929,DSC-PKG-EP-HOSP-001-DEPT-SURG-kpi_001-20260929,DPKG-PKG-EP-HOSP-001-DEPT-SURG-kpi_001-20260929,Requires Stakeholder Validation, A material input or assumption requires responsible-owner confirmation.,Requires Stakeholder Validation,See secondary condition register,See transition register,See responsible role register,Review and validate; no automatic decision,This is not an approval or recommendation,Current readiness: Requires Stakeholder Validation. A material input or assumption requires responsible-owner confirmation. Stakeholder confirmation is blocking and cannot be safely resolved analytically. Main blocking condition: Requires Stakeholder Validation. Resolve Requires Stakeholder Validation before readiness can advance. Responsible party varies by condition; see responsible role register. Permitted action: review and validate; no automatic decision. This classification supports management routing and does not constitute approval.,Explanation supports routing only
EXP-DR-DSC-PKG-EP-HOSP-001-DEPT-SURG-kpi_001-20261020,DR-DSC-PKG-EP-HOSP-001-DEPT-SURG-kpi_001-20261020,DSC-PKG-EP-HOSP-001-DEPT-SURG-kpi_001-20261020,DPKG-PKG-EP-HOSP-001-DEPT-SURG-kpi_001-20261020,Ready with Conditions, This package is complete enough for management review with non-blocking conditions remaining.,None,See secondary condition register,See transition register,See responsible role register,Review and validate; no automatic decision,This is not an approval or recommendation,Current readiness: Ready with Conditions. This package is complete enough for management review with non-blocking conditions remaining. Core information is available but some warnings or provisional matters require attention. Management can review the options but must confirm specified matters. Resolve Ready with Conditions before readiness can advance. Responsible party varies by condition; see responsible role register. Permitted action: review and validate; no automatic decision. This classification supports management routing and does not constitute approval.,Explanation supports routing only
EXP-DR-DSC-PKG-EP-HOSP-001-DEPT-SURG-kpi_001-20261026,DR-DSC-PKG-EP-HOSP-001-DEPT-SURG-kpi_001-20261026,DSC-PKG-EP-HOSP-001-DEPT-SURG-kpi_001-20261026,DPKG-PKG-EP-HOSP-001-DEPT-SURG-kpi_001-20261026,Requires Assumption Validation, Scenario or recommendation assumptions remain materially unconfirmed.,Requires Assumption Validation,See secondary condition register,See transition register,See responsible role register,Review and validate; no automatic decision,This is not an approval or recommendation,Current readiness: Requires Assumption Validation. Scenario or recommendation assumptions remain materially unconfirmed. Management review would be misleading without confirmation of key assumptions. Comparator assumptions require validation before proceeding. Main blocking condition: Requires Assumption Validation. Resolve Requires Assumption Validation before readiness can advance. Responsible party varies by condition; see responsible role register. Permitted action: review and validate; no automatic decision. This classification supports management routing and does not constitute approval.,Explanation supports routing only
EXP-DR-DSC-PKG-EP-HOSP-001-DEPT-SURG-kpi_001-20261111,DR-DSC-PKG-EP-HOSP-001-DEPT-SURG-kpi_001-20261111,DSC-PKG-EP-HOSP-001-DEPT-SURG-kpi_001-20261111,DPKG-PKG-EP-HOSP-001-DEPT-SURG-kpi_001-20261111,Requires Stakeholder Validation, A material input or assumption requires responsible-owner confirmation.,Requires Stakeholder Validation,See secondary condition register,See transition register,See responsible role register,Review and validate; no automatic decision,This is not an approval or recommendation,Current readiness: Requires Stakeholder Validation. A material input or assumption requires responsible-owner confirmation. Stakeholder confirmation is blocking and cannot be safely resolved analytically. Main blocking condition: Requires Stakeholder Validation. Resolve Requires Stakeholder Validation before readiness can advance. Responsible party varies by condition; see responsible role register. Permitted action: review and validate; no automatic decision. This classification supports management routing and does not constitute approval.,Explanation supports routing only
EXP-DR-DSC-PKG-EP-HOSP-001-DEPT-SURG-kpi_001-20261127,DR-DSC-PKG-EP-HOSP-001-DEPT-SURG-kpi_001-20261127,DSC-PKG-EP-HOSP-001-DEPT-SURG-kpi_001-20261127,DPKG-PKG-EP-HOSP-001-DEPT-SURG-kpi_001-20261127,Ready with Conditions, This package is complete enough for management review with non-blocking conditions remaining.,None,See secondary condition register,See transition register,See responsible role register,Review and validate; no automatic decision,This is not an approval or recommendation,Current readiness: Ready with Conditions. This package is complete enough for management review with non-blocking conditions remaining. Core information is available but some warnings or provisional matters require attention. Management can review the options but must confirm specified matters. Resolve Ready with Conditions before readiness can advance. Responsible party varies by condition; see responsible role register. Permitted action: review and validate; no automatic decision. This classification supports management routing and does not constitute approval.,Explanation supports routing only
EXP-DR-DSC-PKG-EP-HOSP-001-DEPT-SURG-kpi_001-20261203,DR-DSC-PKG-EP-HOSP-001-DEPT-SURG-kpi_001-20261203,DSC-PKG-EP-HOSP-001-DEPT-SURG-kpi_001-20261203,DPKG-PKG-EP-HOSP-001-DEPT-SURG-kpi_001-20261203,Requires Stakeholder Validation, A material input or assumption requires responsible-owner confirmation.,Requires Stakeholder Validation,See secondary condition register,See transition register,See responsible role register,Review and validate; no automatic decision,This is not an approval or recommendation,Current readiness: Requires Stakeholder Validation. A material input or assumption requires responsible-owner confirmation. Stakeholder confirmation is blocking and cannot be safely resolved analytically. Main blocking condition: Requires Stakeholder Validation. Resolve Requires Stakeholder Validation before readiness can advance. Responsible party varies by condition; see responsible role register. Permitted action: review and validate; no automatic decision. This classification supports management routing and does not constitute approval.,Explanation supports routing only
EXP-DR-DSC-PKG-EP-HOSP-001-DEPT-SURG-kpi_002-20260120,DR-DSC-PKG-EP-HOSP-001-DEPT-SURG-kpi_002-20260120,DSC-PKG-EP-HOSP-001-DEPT-SURG-kpi_002-20260120,DPKG-PKG-EP-HOSP-001-DEPT-SURG-kpi_002-20260120,Ready with Conditions, This package is complete enough for management review with non-blocking conditions remaining.,None,See secondary condition register,See transition register,See responsible role register,Review and validate; no automatic decision,This is not an approval or recommendation,Current readiness: Ready with Conditions. This package is complete enough for management review with non-blocking conditions remaining. Core information is available but some warnings or provisional matters require attention. Management can review the options but must confirm specified matters. Resolve Ready with Conditions before readiness can advance. Responsible party varies by condition; see responsible role register. Permitted action: review and validate; no automatic decision. This classification supports management routing and does not constitute approval.,Explanation supports routing only
EXP-DR-DSC-PKG-EP-HOSP-001-DEPT-SURG-kpi_002-20260125,DR-DSC-PKG-EP-HOSP-001-DEPT-SURG-kpi_002-20260125,DSC-PKG-EP-HOSP-001-DEPT-SURG-kpi_002-20260125,DPKG-PKG-EP-HOSP-001-DEPT-SURG-kpi_002-20260125,Requires Stakeholder Validation, A material input or assumption requires responsible-owner confirmation.,Requires Stakeholder Validation,See secondary condition register,See transition register,See responsible role register,Review and validate; no automatic decision,This is not an approval or recommendation,Current readiness: Requires Stakeholder Validation. A material input or assumption requires responsible-owner confirmation. Stakeholder confirmation is blocking and cannot be safely resolved analytically. Main blocking condition: Requires Stakeholder Validation. Resolve Requires Stakeholder Validation before readiness can advance. Responsible party varies by condition; see responsible role register. Permitted action: review and validate; no automatic decision. This classification supports management routing and does not constitute approval.,Explanation supports routing only
EXP-DR-DSC-PKG-EP-HOSP-001-DEPT-SURG-kpi_002-20260214,DR-DSC-PKG-EP-HOSP-001-DEPT-SURG-kpi_002-20260214,DSC-PKG-EP-HOSP-001-DEPT-SURG-kpi_002-20260214,DPKG-PKG-EP-HOSP-001-DEPT-SURG-kpi_002-20260214,Ready for Integrated Management Review, This package has passed all mandatory gates and is ready for management review.,None,See secondary condition register,See transition register,See responsible role register,Review and validate; no automatic decision,This is not an approval or recommendation,"Current readiness: Ready for Integrated Management Review. This package has passed all mandatory gates and is ready for management review. Core risk, recommendation, scenario, and financial information is available. No absolute exclusion applies. Management can review the options and confirm specified matters. Management review may proceed. Responsible party varies by condition; see responsible role register. Permitted action: review and validate; no automatic decision. This classification supports management routing and does not constitute approval.",Explanation supports routing only
EXP-DR-DSC-PKG-EP-HOSP-001-DEPT-SURG-kpi_002-20260226,DR-DSC-PKG-EP-HOSP-001-DEPT-SURG-kpi_002-20260226,DSC-PKG-EP-HOSP-001-DEPT-SURG-kpi_002-20260226,DPKG-PKG-EP-HOSP-001-DEPT-SURG-kpi_002-20260226,Ready with Conditions, This package is complete enough for management review with non-blocking conditions remaining.,None,See secondary condition register,See transition register,See responsible role register,Review and validate; no automatic decision,This is not an approval or recommendation,Current readiness: Ready with Conditions. This package is complete enough for management review with non-blocking conditions remaining. Core information is available but some warnings or provisional matters require attention. Management can review the options but must confirm specified matters. Resolve Ready with Conditions before readiness can advance. Responsible party varies by condition; see responsible role register. Permitted action: review and validate; no automatic decision. This classification supports management routing and does not constitute approval.,Explanation supports routing only
EXP-DR-DSC-PKG-EP-HOSP-001-DEPT-SURG-kpi_002-20260304,DR-DSC-PKG-EP-HOSP-001-DEPT-SURG-kpi_002-20260304,DSC-PKG-EP-HOSP-001-DEPT-SURG-kpi_002-20260304,DPKG-PKG-EP-HOSP-001-DEPT-SURG-kpi_002-20260304,Ready for Integrated Management Review, This package has passed all mandatory gates and is ready for management review.,None,See secondary condition register,See transition register,See responsible role register,Review and validate; no automatic decision,This is not an approval or recommendation,"Current readiness: Ready for Integrated Management Review. This package has passed all mandatory gates and is ready for management review. Core risk, recommendation, scenario, and financial information is available. No absolute exclusion applies. Management can review the options and confirm specified matters. Management review may proceed. Responsible party varies by condition; see responsible role register. Permitted action: review and validate; no automatic decision. This classification supports management routing and does not constitute approval.",Explanation supports routing only
EXP-DR-DSC-PKG-EP-HOSP-001-DEPT-SURG-kpi_002-20260314,DR-DSC-PKG-EP-HOSP-001-DEPT-SURG-kpi_002-20260314,DSC-PKG-EP-HOSP-001-DEPT-SURG-kpi_002-20260314,DPKG-PKG-EP-HOSP-001-DEPT-SURG-kpi_002-20260314,Ready with Conditions, This package is complete enough for management review with non-blocking conditions remaining.,None,See secondary condition register,See transition register,See responsible role register,Review and validate; no automatic decision,This is not an approval or recommendation,Current readiness: Ready with Conditions. This package is complete enough for management review with non-blocking conditions remaining. Core information is available but some warnings or provisional matters require attention. Management can review the options but must confirm specified matters. Resolve Ready with Conditions before readiness can advance. Responsible party varies by condition; see responsible role register. Permitted action: review and validate; no automatic decision. This classification supports management routing and does not constitute approval.,Explanation supports routing only
EXP-DR-DSC-PKG-EP-HOSP-001-DEPT-SURG-kpi_002-20260319,DR-DSC-PKG-EP-HOSP-001-DEPT-SURG-kpi_002-20260319,DSC-PKG-EP-HOSP-001-DEPT-SURG-kpi_002-20260319,DPKG-PKG-EP-HOSP-001-DEPT-SURG-kpi_002-20260319,Ready with Conditions, This package is complete enough for management review with non-blocking conditions remaining.,None,See secondary condition register,See transition register,See responsible role register,Review and validate; no automatic decision,This is not an approval or recommendation,Current readiness: Ready with Conditions. This package is complete enough for management review with non-blocking conditions remaining. Core information is available but some warnings or provisional matters require attention. Management can review the options but must confirm specified matters. Resolve Ready with Conditions before readiness can advance. Responsible party varies by condition; see responsible role register. Permitted action: review and validate; no automatic decision. This classification supports management routing and does not constitute approval.,Explanation supports routing only
EXP-DR-DSC-PKG-EP-HOSP-001-DEPT-SURG-kpi_002-20260422,DR-DSC-PKG-EP-HOSP-001-DEPT-SURG-kpi_002-20260422,DSC-PKG-EP-HOSP-001-DEPT-SURG-kpi_002-20260422,DPKG-PKG-EP-HOSP-001-DEPT-SURG-kpi_002-20260422,Requires Additional Scenario Analysis, The comparator set is incomplete or existing scenario results are insufficient.,Requires Additional Scenario Analysis,See secondary condition register,See transition register,See responsible role register,Review and validate; no automatic decision,This is not an approval or recommendation,Current readiness: Requires Additional Scenario Analysis. The comparator set is incomplete or existing scenario results are insufficient. Additional modelling is required before comparison can be completed. Main blocking condition: Requires Additional Scenario Analysis. Resolve Requires Additional Scenario Analysis before readiness can advance. Responsible party varies by condition; see responsible role register. Permitted action: review and validate; no automatic decision. This classification supports management routing and does not constitute approval.,Explanation supports routing only
EXP-DR-DSC-PKG-EP-HOSP-001-DEPT-SURG-kpi_002-20260502,DR-DSC-PKG-EP-HOSP-001-DEPT-SURG-kpi_002-20260502,DSC-PKG-EP-HOSP-001-DEPT-SURG-kpi_002-20260502,DPKG-PKG-EP-HOSP-001-DEPT-SURG-kpi_002-20260502,Not Suitable for Decision Use, The package is materially incomplete or the analysis is incompatible with the intended decision.,Not Suitable for Decision Use,See secondary condition register,See transition register,See responsible role register,Review and validate; no automatic decision,This is not an approval or recommendation,Current readiness: Not Suitable for Decision Use. The package is materially incomplete or the analysis is incompatible with the intended decision. Evidence or lineage defects are severe. Governance restrictions prevent use in current form. Main blocking condition: Not Suitable for Decision Use. Resolve Not Suitable for Decision Use before readiness can advance. Responsible party varies by condition; see responsible role register. Permitted action: review and validate; no automatic decision. This classification supports management routing and does not constitute approval.,Explanation supports routing only
EXP-DR-DSC-PKG-EP-HOSP-001-DEPT-SURG-kpi_002-20260509,DR-DSC-PKG-EP-HOSP-001-DEPT-SURG-kpi_002-20260509,DSC-PKG-EP-HOSP-001-DEPT-SURG-kpi_002-20260509,DPKG-PKG-EP-HOSP-001-DEPT-SURG-kpi_002-20260509,Ready for Integrated Management Review, This package has passed all mandatory gates and is ready for management review.,None,See secondary condition register,See transition register,See responsible role register,Review and validate; no automatic decision,This is not an approval or recommendation,"Current readiness: Ready for Integrated Management Review. This package has passed all mandatory gates and is ready for management review. Core risk, recommendation, scenario, and financial information is available. No absolute exclusion applies. Management can review the options and confirm specified matters. Management review may proceed. Responsible party varies by condition; see responsible role register. Permitted action: review and validate; no automatic decision. This classification supports management routing and does not constitute approval.",Explanation supports routing only
EXP-DR-DSC-PKG-EP-HOSP-001-DEPT-SURG-kpi_002-20260602,DR-DSC-PKG-EP-HOSP-001-DEPT-SURG-kpi_002-20260602,DSC-PKG-EP-HOSP-001-DEPT-SURG-kpi_002-20260602,DPKG-PKG-EP-HOSP-001-DEPT-SURG-kpi_002-20260602,Requires Stakeholder Validation, A material input or assumption requires responsible-owner confirmation.,Requires Stakeholder Validation,See secondary condition register,See transition register,See responsible role register,Review and validate; no automatic decision,This is not an approval or recommendation,Current readiness: Requires Stakeholder Validation. A material input or assumption requires responsible-owner confirmation. Stakeholder confirmation is blocking and cannot be safely resolved analytically. Main blocking condition: Requires Stakeholder Validation. Resolve Requires Stakeholder Validation before readiness can advance. Responsible party varies by condition; see responsible role register. Permitted action: review and validate; no automatic decision. This classification supports management routing and does not constitute approval.,Explanation supports routing only
EXP-DR-DSC-PKG-EP-HOSP-001-DEPT-SURG-kpi_002-20260621,DR-DSC-PKG-EP-HOSP-001-DEPT-SURG-kpi_002-20260621,DSC-PKG-EP-HOSP-001-DEPT-SURG-kpi_002-20260621,DPKG-PKG-EP-HOSP-001-DEPT-SURG-kpi_002-20260621,Ready with Conditions, This package is complete enough for management review with non-blocking conditions remaining.,None,See secondary condition register,See transition register,See responsible role register,Review and validate; no automatic decision,This is not an approval or recommendation,Current readiness: Ready with Conditions. This package is complete enough for management review with non-blocking conditions remaining. Core information is available but some warnings or provisional matters require attention. Management can review the options but must confirm specified matters. Resolve Ready with Conditions before readiness can advance. Responsible party varies by condition; see responsible role register. Permitted action: review and validate; no automatic decision. This classification supports management routing and does not constitute approval.,Explanation supports routing only
EXP-DR-DSC-PKG-EP-HOSP-001-DEPT-SURG-kpi_002-20260704,DR-DSC-PKG-EP-HOSP-001-DEPT-SURG-kpi_002-20260704,DSC-PKG-EP-HOSP-001-DEPT-SURG-kpi_002-20260704,DPKG-PKG-EP-HOSP-001-DEPT-SURG-kpi_002-20260704,Ready with Conditions, This package is complete enough for management review with non-blocking conditions remaining.,None,See secondary condition register,See transition register,See responsible role register,Review and validate; no automatic decision,This is not an approval or recommendation,Current readiness: Ready with Conditions. This package is complete enough for management review with non-blocking conditions remaining. Core information is available but some warnings or provisional matters require attention. Management can review the options but must confirm specified matters. Resolve Ready with Conditions before readiness can advance. Responsible party varies by condition; see responsible role register. Permitted action: review and validate; no automatic decision. This classification supports management routing and does not constitute approval.,Explanation supports routing only
EXP-DR-DSC-PKG-EP-HOSP-001-DEPT-SURG-kpi_002-20260724,DR-DSC-PKG-EP-HOSP-001-DEPT-SURG-kpi_002-20260724,DSC-PKG-EP-HOSP-001-DEPT-SURG-kpi_002-20260724,DPKG-PKG-EP-HOSP-001-DEPT-SURG-kpi_002-20260724,Ready with Conditions, This package is complete enough for management review with non-blocking conditions remaining.,None,See secondary condition register,See transition register,See responsible role register,Review and validate; no automatic decision,This is not an approval or recommendation,Current readiness: Ready with Conditions. This package is complete enough for management review with non-blocking conditions remaining. Core information is available but some warnings or provisional matters require attention. Management can review the options but must confirm specified matters. Resolve Ready with Conditions before readiness can advance. Responsible party varies by condition; see responsible role register. Permitted action: review and validate; no automatic decision. This classification supports management routing and does not constitute approval.,Explanation supports routing only
EXP-DR-DSC-PKG-EP-HOSP-001-DEPT-SURG-kpi_002-20260824,DR-DSC-PKG-EP-HOSP-001-DEPT-SURG-kpi_002-20260824,DSC-PKG-EP-HOSP-001-DEPT-SURG-kpi_002-20260824,DPKG-PKG-EP-HOSP-001-DEPT-SURG-kpi_002-20260824,Requires Stakeholder Validation, A material input or assumption requires responsible-owner confirmation.,Requires Stakeholder Validation,See secondary condition register,See transition register,See responsible role register,Review and validate; no automatic decision,This is not an approval or recommendation,Current readiness: Requires Stakeholder Validation. A material input or assumption requires responsible-owner confirmation. Stakeholder confirmation is blocking and cannot be safely resolved analytically. Main blocking condition: Requires Stakeholder Validation. Resolve Requires Stakeholder Validation before readiness can advance. Responsible party varies by condition; see responsible role register. Permitted action: review and validate; no automatic decision. This classification supports management routing and does not constitute approval.,Explanation supports routing only
EXP-DR-DSC-PKG-EP-HOSP-001-DEPT-SURG-kpi_002-20260908,DR-DSC-PKG-EP-HOSP-001-DEPT-SURG-kpi_002-20260908,DSC-PKG-EP-HOSP-001-DEPT-SURG-kpi_002-20260908,DPKG-PKG-EP-HOSP-001-DEPT-SURG-kpi_002-20260908,Ready for Integrated Management Review, This package has passed all mandatory gates and is ready for management review.,None,See secondary condition register,See transition register,See responsible role register,Review and validate; no automatic decision,This is not an approval or recommendation,"Current readiness: Ready for Integrated Management Review. This package has passed all mandatory gates and is ready for management review. Core risk, recommendation, scenario, and financial information is available. No absolute exclusion applies. Management can review the options and confirm specified matters. Management review may proceed. Responsible party varies by condition; see responsible role register. Permitted action: review and validate; no automatic decision. This classification supports management routing and does not constitute approval.",Explanation supports routing only
EXP-DR-DSC-PKG-EP-HOSP-001-DEPT-SURG-kpi_002-20260912,DR-DSC-PKG-EP-HOSP-001-DEPT-SURG-kpi_002-20260912,DSC-PKG-EP-HOSP-001-DEPT-SURG-kpi_002-20260912,DPKG-PKG-EP-HOSP-001-DEPT-SURG-kpi_002-20260912,Requires Stakeholder Validation, A material input or assumption requires responsible-owner confirmation.,Requires Stakeholder Validation,See secondary condition register,See transition register,See responsible role register,Review and validate; no automatic decision,This is not an approval or recommendation,Current readiness: Requires Stakeholder Validation. A material input or assumption requires responsible-owner confirmation. Stakeholder confirmation is blocking and cannot be safely resolved analytically. Main blocking condition: Requires Stakeholder Validation. Resolve Requires Stakeholder Validation before readiness can advance. Responsible party varies by condition; see responsible role register. Permitted action: review and validate; no automatic decision. This classification supports management routing and does not constitute approval.,Explanation supports routing only
EXP-DR-DSC-PKG-EP-HOSP-001-DEPT-SURG-kpi_002-20261004,DR-DSC-PKG-EP-HOSP-001-DEPT-SURG-kpi_002-20261004,DSC-PKG-EP-HOSP-001-DEPT-SURG-kpi_002-20261004,DPKG-PKG-EP-HOSP-001-DEPT-SURG-kpi_002-20261004,Ready for Integrated Management Review, This package has passed all mandatory gates and is ready for management review.,None,See secondary condition register,See transition register,See responsible role register,Review and validate; no automatic decision,This is not an approval or recommendation,"Current readiness: Ready for Integrated Management Review. This package has passed all mandatory gates and is ready for management review. Core risk, recommendation, scenario, and financial information is available. No absolute exclusion applies. Management can review the options and confirm specified matters. Management review may proceed. Responsible party varies by condition; see responsible role register. Permitted action: review and validate; no automatic decision. This classification supports management routing and does not constitute approval.",Explanation supports routing only
EXP-DR-DSC-PKG-EP-HOSP-001-DEPT-SURG-kpi_002-20261018,DR-DSC-PKG-EP-HOSP-001-DEPT-SURG-kpi_002-20261018,DSC-PKG-EP-HOSP-001-DEPT-SURG-kpi_002-20261018,DPKG-PKG-EP-HOSP-001-DEPT-SURG-kpi_002-20261018,Ready for Integrated Management Review, This package has passed all mandatory gates and is ready for management review.,None,See secondary condition register,See transition register,See responsible role register,Review and validate; no automatic decision,This is not an approval or recommendation,"Current readiness: Ready for Integrated Management Review. This package has passed all mandatory gates and is ready for management review. Core risk, recommendation, scenario, and financial information is available. No absolute exclusion applies. Management can review the options and confirm specified matters. Management review may proceed. Responsible party varies by condition; see responsible role register. Permitted action: review and validate; no automatic decision. This classification supports management routing and does not constitute approval.",Explanation supports routing only
EXP-DR-DSC-PKG-EP-HOSP-001-DEPT-SURG-kpi_002-20261030,DR-DSC-PKG-EP-HOSP-001-DEPT-SURG-kpi_002-20261030,DSC-PKG-EP-HOSP-001-DEPT-SURG-kpi_002-20261030,DPKG-PKG-EP-HOSP-001-DEPT-SURG-kpi_002-20261030,Ready for Integrated Management Review, This package has passed all mandatory gates and is ready for management review.,None,See secondary condition register,See transition register,See responsible role register,Review and validate; no automatic decision,This is not an approval or recommendation,"Current readiness: Ready for Integrated Management Review. This package has passed all mandatory gates and is ready for management review. Core risk, recommendation, scenario, and financial information is available. No absolute exclusion applies. Management can review the options and confirm specified matters. Management review may proceed. Responsible party varies by condition; see responsible role register. Permitted action: review and validate; no automatic decision. This classification supports management routing and does not constitute approval.",Explanation supports routing only
EXP-DR-DSC-PKG-EP-HOSP-001-DEPT-SURG-kpi_002-20261219,DR-DSC-PKG-EP-HOSP-001-DEPT-SURG-kpi_002-20261219,DSC-PKG-EP-HOSP-001-DEPT-SURG-kpi_002-20261219,DPKG-PKG-EP-HOSP-001-DEPT-SURG-kpi_002-20261219,Requires Lineage Completion, Source-to-decision lineage is incomplete or orphan references exist.,Requires Lineage Completion,See secondary condition register,See transition register,See responsible role register,Review and validate; no automatic decision,This is not an approval or recommendation,Current readiness: Requires Lineage Completion. Source-to-decision lineage is incomplete or orphan references exist. The decision record cannot be fully traced without completing lineage. Main blocking condition: Requires Lineage Completion. Resolve Requires Lineage Completion before readiness can advance. Responsible party varies by condition; see responsible role register. Permitted action: review and validate; no automatic decision. This classification supports management routing and does not constitute approval.,Explanation supports routing only
EXP-DR-DSC-PKG-EP-HOSP-001-DEPT-SURG-kpi_002-20261230,DR-DSC-PKG-EP-HOSP-001-DEPT-SURG-kpi_002-20261230,DSC-PKG-EP-HOSP-001-DEPT-SURG-kpi_002-20261230,DPKG-PKG-EP-HOSP-001-DEPT-SURG-kpi_002-20261230,Ready with Conditions, This package is complete enough for management review with non-blocking conditions remaining.,None,See secondary condition register,See transition register,See responsible role register,Review and validate; no automatic decision,This is not an approval or recommendation,Current readiness: Ready with Conditions. This package is complete enough for management review with non-blocking conditions remaining. Core information is available but some warnings or provisional matters require attention. Management can review the options but must confirm specified matters. Resolve Ready with Conditions before readiness can advance. Responsible party varies by condition; see responsible role register. Permitted action: review and validate; no automatic decision. This classification supports management routing and does not constitute approval.,Explanation supports routing only
EXP-DR-DSC-PKG-EP-HOSP-001-DEPT-SURG-kpi_003-20260407,DR-DSC-PKG-EP-HOSP-001-DEPT-SURG-kpi_003-20260407,DSC-PKG-EP-HOSP-001-DEPT-SURG-kpi_003-20260407,DPKG-PKG-EP-HOSP-001-DEPT-SURG-kpi_003-20260407,Monitoring Only, This case does not currently require active intervention review.,None,See secondary condition register,See transition register,See responsible role register,Review and validate; no automatic decision,This is not an approval or recommendation,Current readiness: Monitoring Only. This case does not currently require active intervention review. The analytical route calls for continued observation. Monitoring requirements are present and escalation triggers are defined. Continue monitoring until escalation trigger is met. Responsible party varies by condition; see responsible role register. Permitted action: review and validate; no automatic decision. This classification supports management routing and does not constitute approval.,Explanation supports routing only
EXP-DR-DSC-PKG-EP-HOSP-001-DEPT-SURG-kpi_003-20260516,DR-DSC-PKG-EP-HOSP-001-DEPT-SURG-kpi_003-20260516,DSC-PKG-EP-HOSP-001-DEPT-SURG-kpi_003-20260516,DPKG-PKG-EP-HOSP-001-DEPT-SURG-kpi_003-20260516,Monitoring Only, This case does not currently require active intervention review.,None,See secondary condition register,See transition register,See responsible role register,Review and validate; no automatic decision,This is not an approval or recommendation,Current readiness: Monitoring Only. This case does not currently require active intervention review. The analytical route calls for continued observation. Monitoring requirements are present and escalation triggers are defined. Continue monitoring until escalation trigger is met. Responsible party varies by condition; see responsible role register. Permitted action: review and validate; no automatic decision. This classification supports management routing and does not constitute approval.,Explanation supports routing only
EXP-DR-DSC-PKG-EP-HOSP-001-DEPT-SURG-kpi_003-20260526,DR-DSC-PKG-EP-HOSP-001-DEPT-SURG-kpi_003-20260526,DSC-PKG-EP-HOSP-001-DEPT-SURG-kpi_003-20260526,DPKG-PKG-EP-HOSP-001-DEPT-SURG-kpi_003-20260526,Monitoring Only, This case does not currently require active intervention review.,None,See secondary condition register,See transition register,See responsible role register,Review and validate; no automatic decision,This is not an approval or recommendation,Current readiness: Monitoring Only. This case does not currently require active intervention review. The analytical route calls for continued observation. Monitoring requirements are present and escalation triggers are defined. Continue monitoring until escalation trigger is met. Responsible party varies by condition; see responsible role register. Permitted action: review and validate; no automatic decision. This classification supports management routing and does not constitute approval.,Explanation supports routing only
EXP-DR-DSC-PKG-EP-HOSP-001-DEPT-SURG-kpi_003-20260530,DR-DSC-PKG-EP-HOSP-001-DEPT-SURG-kpi_003-20260530,DSC-PKG-EP-HOSP-001-DEPT-SURG-kpi_003-20260530,DPKG-PKG-EP-HOSP-001-DEPT-SURG-kpi_003-20260530,Monitoring Only, This case does not currently require active intervention review.,None,See secondary condition register,See transition register,See responsible role register,Review and validate; no automatic decision,This is not an approval or recommendation,Current readiness: Monitoring Only. This case does not currently require active intervention review. The analytical route calls for continued observation. Monitoring requirements are present and escalation triggers are defined. Continue monitoring until escalation trigger is met. Responsible party varies by condition; see responsible role register. Permitted action: review and validate; no automatic decision. This classification supports management routing and does not constitute approval.,Explanation supports routing only
EXP-DR-DSC-PKG-EP-HOSP-001-DEPT-SURG-kpi_003-20260604,DR-DSC-PKG-EP-HOSP-001-DEPT-SURG-kpi_003-20260604,DSC-PKG-EP-HOSP-001-DEPT-SURG-kpi_003-20260604,DPKG-PKG-EP-HOSP-001-DEPT-SURG-kpi_003-20260604,Monitoring Only, This case does not currently require active intervention review.,None,See secondary condition register,See transition register,See responsible role register,Review and validate; no automatic decision,This is not an approval or recommendation,Current readiness: Monitoring Only. This case does not currently require active intervention review. The analytical route calls for continued observation. Monitoring requirements are present and escalation triggers are defined. Continue monitoring until escalation trigger is met. Responsible party varies by condition; see responsible role register. Permitted action: review and validate; no automatic decision. This classification supports management routing and does not constitute approval.,Explanation supports routing only
EXP-DR-DSC-PKG-EP-HOSP-001-DEPT-SURG-kpi_003-20260608,DR-DSC-PKG-EP-HOSP-001-DEPT-SURG-kpi_003-20260608,DSC-PKG-EP-HOSP-001-DEPT-SURG-kpi_003-20260608,DPKG-PKG-EP-HOSP-001-DEPT-SURG-kpi_003-20260608,Monitoring Only, This case does not currently require active intervention review.,None,See secondary condition register,See transition register,See responsible role register,Review and validate; no automatic decision,This is not an approval or recommendation,Current readiness: Monitoring Only. This case does not currently require active intervention review. The analytical route calls for continued observation. Monitoring requirements are present and escalation triggers are defined. Continue monitoring until escalation trigger is met. Responsible party varies by condition; see responsible role register. Permitted action: review and validate; no automatic decision. This classification supports management routing and does not constitute approval.,Explanation supports routing only
EXP-DR-DSC-PKG-EP-HOSP-001-DEPT-SURG-kpi_003-20260623,DR-DSC-PKG-EP-HOSP-001-DEPT-SURG-kpi_003-20260623,DSC-PKG-EP-HOSP-001-DEPT-SURG-kpi_003-20260623,DPKG-PKG-EP-HOSP-001-DEPT-SURG-kpi_003-20260623,Monitoring Only, This case does not currently require active intervention review.,None,See secondary condition register,See transition register,See responsible role register,Review and validate; no automatic decision,This is not an approval or recommendation,Current readiness: Monitoring Only. This case does not currently require active intervention review. The analytical route calls for continued observation. Monitoring requirements are present and escalation triggers are defined. Continue monitoring until escalation trigger is met. Responsible party varies by condition; see responsible role register. Permitted action: review and validate; no automatic decision. This classification supports management routing and does not constitute approval.,Explanation supports routing only
EXP-DR-DSC-PKG-EP-HOSP-001-DEPT-SURG-kpi_003-20260627,DR-DSC-PKG-EP-HOSP-001-DEPT-SURG-kpi_003-20260627,DSC-PKG-EP-HOSP-001-DEPT-SURG-kpi_003-20260627,DPKG-PKG-EP-HOSP-001-DEPT-SURG-kpi_003-20260627,Monitoring Only, This case does not currently require active intervention review.,None,See secondary condition register,See transition register,See responsible role register,Review and validate; no automatic decision,This is not an approval or recommendation,Current readiness: Monitoring Only. This case does not currently require active intervention review. The analytical route calls for continued observation. Monitoring requirements are present and escalation triggers are defined. Continue monitoring until escalation trigger is met. Responsible party varies by condition; see responsible role register. Permitted action: review and validate; no automatic decision. This classification supports management routing and does not constitute approval.,Explanation supports routing only
EXP-DR-DSC-PKG-EP-HOSP-001-DEPT-SURG-kpi_003-20260708,DR-DSC-PKG-EP-HOSP-001-DEPT-SURG-kpi_003-20260708,DSC-PKG-EP-HOSP-001-DEPT-SURG-kpi_003-20260708,DPKG-PKG-EP-HOSP-001-DEPT-SURG-kpi_003-20260708,Monitoring Only, This case does not currently require active intervention review.,None,See secondary condition register,See transition register,See responsible role register,Review and validate; no automatic decision,This is not an approval or recommendation,Current readiness: Monitoring Only. This case does not currently require active intervention review. The analytical route calls for continued observation. Monitoring requirements are present and escalation triggers are defined. Continue monitoring until escalation trigger is met. Responsible party varies by condition; see responsible role register. Permitted action: review and validate; no automatic decision. This classification supports management routing and does not constitute approval.,Explanation supports routing only
EXP-DR-DSC-PKG-EP-HOSP-001-DEPT-SURG-kpi_003-20260714,DR-DSC-PKG-EP-HOSP-001-DEPT-SURG-kpi_003-20260714,DSC-PKG-EP-HOSP-001-DEPT-SURG-kpi_003-20260714,DPKG-PKG-EP-HOSP-001-DEPT-SURG-kpi_003-20260714,Monitoring Only, This case does not currently require active intervention review.,None,See secondary condition register,See transition register,See responsible role register,Review and validate; no automatic decision,This is not an approval or recommendation,Current readiness: Monitoring Only. This case does not currently require active intervention review. The analytical route calls for continued observation. Monitoring requirements are present and escalation triggers are defined. Continue monitoring until escalation trigger is met. Responsible party varies by condition; see responsible role register. Permitted action: review and validate; no automatic decision. This classification supports management routing and does not constitute approval.,Explanation supports routing only
EXP-DR-DSC-PKG-EP-HOSP-001-DEPT-SURG-kpi_003-20260730,DR-DSC-PKG-EP-HOSP-001-DEPT-SURG-kpi_003-20260730,DSC-PKG-EP-HOSP-001-DEPT-SURG-kpi_003-20260730,DPKG-PKG-EP-HOSP-001-DEPT-SURG-kpi_003-20260730,Monitoring Only, This case does not currently require active intervention review.,None,See secondary condition register,See transition register,See responsible role register,Review and validate; no automatic decision,This is not an approval or recommendation,Current readiness: Monitoring Only. This case does not currently require active intervention review. The analytical route calls for continued observation. Monitoring requirements are present and escalation triggers are defined. Continue monitoring until escalation trigger is met. Responsible party varies by condition; see responsible role register. Permitted action: review and validate; no automatic decision. This classification supports management routing and does not constitute approval.,Explanation supports routing only
EXP-DR-DSC-PKG-EP-HOSP-001-DEPT-SURG-kpi_006-20260217,DR-DSC-PKG-EP-HOSP-001-DEPT-SURG-kpi_006-20260217,DSC-PKG-EP-HOSP-001-DEPT-SURG-kpi_006-20260217,DPKG-PKG-EP-HOSP-001-DEPT-SURG-kpi_006-20260217,Monitoring Only, This case does not currently require active intervention review.,None,See secondary condition register,See transition register,See responsible role register,Review and validate; no automatic decision,This is not an approval or recommendation,Current readiness: Monitoring Only. This case does not currently require active intervention review. The analytical route calls for continued observation. Monitoring requirements are present and escalation triggers are defined. Continue monitoring until escalation trigger is met. Responsible party varies by condition; see responsible role register. Permitted action: review and validate; no automatic decision. This classification supports management routing and does not constitute approval.,Explanation supports routing only
EXP-DR-DSC-PKG-EP-HOSP-001-DEPT-SURG-kpi_006-20260223,DR-DSC-PKG-EP-HOSP-001-DEPT-SURG-kpi_006-20260223,DSC-PKG-EP-HOSP-001-DEPT-SURG-kpi_006-20260223,DPKG-PKG-EP-HOSP-001-DEPT-SURG-kpi_006-20260223,Monitoring Only, This case does not currently require active intervention review.,None,See secondary condition register,See transition register,See responsible role register,Review and validate; no automatic decision,This is not an approval or recommendation,Current readiness: Monitoring Only. This case does not currently require active intervention review. The analytical route calls for continued observation. Monitoring requirements are present and escalation triggers are defined. Continue monitoring until escalation trigger is met. Responsible party varies by condition; see responsible role register. Permitted action: review and validate; no automatic decision. This classification supports management routing and does not constitute approval.,Explanation supports routing only
EXP-DR-DSC-PKG-EP-HOSP-001-DEPT-SURG-kpi_006-20260414,DR-DSC-PKG-EP-HOSP-001-DEPT-SURG-kpi_006-20260414,DSC-PKG-EP-HOSP-001-DEPT-SURG-kpi_006-20260414,DPKG-PKG-EP-HOSP-001-DEPT-SURG-kpi_006-20260414,Monitoring Only, This case does not currently require active intervention review.,None,See secondary condition register,See transition register,See responsible role register,Review and validate; no automatic decision,This is not an approval or recommendation,Current readiness: Monitoring Only. This case does not currently require active intervention review. The analytical route calls for continued observation. Monitoring requirements are present and escalation triggers are defined. Continue monitoring until escalation trigger is met. Responsible party varies by condition; see responsible role register. Permitted action: review and validate; no automatic decision. This classification supports management routing and does not constitute approval.,Explanation supports routing only
EXP-DR-DSC-PKG-EP-HOSP-001-DEPT-SURG-kpi_006-20260428,DR-DSC-PKG-EP-HOSP-001-DEPT-SURG-kpi_006-20260428,DSC-PKG-EP-HOSP-001-DEPT-SURG-kpi_006-20260428,DPKG-PKG-EP-HOSP-001-DEPT-SURG-kpi_006-20260428,Monitoring Only, This case does not currently require active intervention review.,None,See secondary condition register,See transition register,See responsible role register,Review and validate; no automatic decision,This is not an approval or recommendation,Current readiness: Monitoring Only. This case does not currently require active intervention review. The analytical route calls for continued observation. Monitoring requirements are present and escalation triggers are defined. Continue monitoring until escalation trigger is met. Responsible party varies by condition; see responsible role register. Permitted action: review and validate; no automatic decision. This classification supports management routing and does not constitute approval.,Explanation supports routing only
EXP-DR-DSC-PKG-EP-HOSP-001-DEPT-SURG-kpi_006-20260609,DR-DSC-PKG-EP-HOSP-001-DEPT-SURG-kpi_006-20260609,DSC-PKG-EP-HOSP-001-DEPT-SURG-kpi_006-20260609,DPKG-PKG-EP-HOSP-001-DEPT-SURG-kpi_006-20260609,Monitoring Only, This case does not currently require active intervention review.,None,See secondary condition register,See transition register,See responsible role register,Review and validate; no automatic decision,This is not an approval or recommendation,Current readiness: Monitoring Only. This case does not currently require active intervention review. The analytical route calls for continued observation. Monitoring requirements are present and escalation triggers are defined. Continue monitoring until escalation trigger is met. Responsible party varies by condition; see responsible role register. Permitted action: review and validate; no automatic decision. This classification supports management routing and does not constitute approval.,Explanation supports routing only
EXP-DR-DSC-PKG-EP-HOSP-001-DEPT-SURG-kpi_006-20260701,DR-DSC-PKG-EP-HOSP-001-DEPT-SURG-kpi_006-20260701,DSC-PKG-EP-HOSP-001-DEPT-SURG-kpi_006-20260701,DPKG-PKG-EP-HOSP-001-DEPT-SURG-kpi_006-20260701,Monitoring Only, This case does not currently require active intervention review.,None,See secondary condition register,See transition register,See responsible role register,Review and validate; no automatic decision,This is not an approval or recommendation,Current readiness: Monitoring Only. This case does not currently require active intervention review. The analytical route calls for continued observation. Monitoring requirements are present and escalation triggers are defined. Continue monitoring until escalation trigger is met. Responsible party varies by condition; see responsible role register. Permitted action: review and validate; no automatic decision. This classification supports management routing and does not constitute approval.,Explanation supports routing only
EXP-DR-DSC-PKG-EP-HOSP-001-DEPT-SURG-kpi_006-20260705,DR-DSC-PKG-EP-HOSP-001-DEPT-SURG-kpi_006-20260705,DSC-PKG-EP-HOSP-001-DEPT-SURG-kpi_006-20260705,DPKG-PKG-EP-HOSP-001-DEPT-SURG-kpi_006-20260705,Monitoring Only, This case does not currently require active intervention review.,None,See secondary condition register,See transition register,See responsible role register,Review and validate; no automatic decision,This is not an approval or recommendation,Current readiness: Monitoring Only. This case does not currently require active intervention review. The analytical route calls for continued observation. Monitoring requirements are present and escalation triggers are defined. Continue monitoring until escalation trigger is met. Responsible party varies by condition; see responsible role register. Permitted action: review and validate; no automatic decision. This classification supports management routing and does not constitute approval.,Explanation supports routing only
EXP-DR-DSC-PKG-EP-HOSP-001-DEPT-SURG-kpi_006-20260727,DR-DSC-PKG-EP-HOSP-001-DEPT-SURG-kpi_006-20260727,DSC-PKG-EP-HOSP-001-DEPT-SURG-kpi_006-20260727,DPKG-PKG-EP-HOSP-001-DEPT-SURG-kpi_006-20260727,Monitoring Only, This case does not currently require active intervention review.,None,See secondary condition register,See transition register,See responsible role register,Review and validate; no automatic decision,This is not an approval or recommendation,Current readiness: Monitoring Only. This case does not currently require active intervention review. The analytical route calls for continued observation. Monitoring requirements are present and escalation triggers are defined. Continue monitoring until escalation trigger is met. Responsible party varies by condition; see responsible role register. Permitted action: review and validate; no automatic decision. This classification supports management routing and does not constitute approval.,Explanation supports routing only
EXP-DR-DSC-PKG-EP-HOSP-001-DEPT-SURG-kpi_006-20260731,DR-DSC-PKG-EP-HOSP-001-DEPT-SURG-kpi_006-20260731,DSC-PKG-EP-HOSP-001-DEPT-SURG-kpi_006-20260731,DPKG-PKG-EP-HOSP-001-DEPT-SURG-kpi_006-20260731,Monitoring Only, This case does not currently require active intervention review.,None,See secondary condition register,See transition register,See responsible role register,Review and validate; no automatic decision,This is not an approval or recommendation,Current readiness: Monitoring Only. This case does not currently require active intervention review. The analytical route calls for continued observation. Monitoring requirements are present and escalation triggers are defined. Continue monitoring until escalation trigger is met. Responsible party varies by condition; see responsible role register. Permitted action: review and validate; no automatic decision. This classification supports management routing and does not constitute approval.,Explanation supports routing only
EXP-DR-DSC-PKG-EP-HOSP-001-DEPT-SURG-kpi_006-20260814,DR-DSC-PKG-EP-HOSP-001-DEPT-SURG-kpi_006-20260814,DSC-PKG-EP-HOSP-001-DEPT-SURG-kpi_006-20260814,DPKG-PKG-EP-HOSP-001-DEPT-SURG-kpi_006-20260814,Monitoring Only, This case does not currently require active intervention review.,None,See secondary condition register,See transition register,See responsible role register,Review and validate; no automatic decision,This is not an approval or recommendation,Current readiness: Monitoring Only. This case does not currently require active intervention review. The analytical route calls for continued observation. Monitoring requirements are present and escalation triggers are defined. Continue monitoring until escalation trigger is met. Responsible party varies by condition; see responsible role register. Permitted action: review and validate; no automatic decision. This classification supports management routing and does not constitute approval.,Explanation supports routing only
EXP-DR-DSC-PKG-EP-HOSP-001-DEPT-SURG-kpi_006-20260906,DR-DSC-PKG-EP-HOSP-001-DEPT-SURG-kpi_006-20260906,DSC-PKG-EP-HOSP-001-DEPT-SURG-kpi_006-20260906,DPKG-PKG-EP-HOSP-001-DEPT-SURG-kpi_006-20260906,Monitoring Only, This case does not currently require active intervention review.,None,See secondary condition register,See transition register,See responsible role register,Review and validate; no automatic decision,This is not an approval or recommendation,Current readiness: Monitoring Only. This case does not currently require active intervention review. The analytical route calls for continued observation. Monitoring requirements are present and escalation triggers are defined. Continue monitoring until escalation trigger is met. Responsible party varies by condition; see responsible role register. Permitted action: review and validate; no automatic decision. This classification supports management routing and does not constitute approval.,Explanation supports routing only
EXP-DR-DSC-PKG-EP-HOSP-001-DEPT-SURG-kpi_006-20260914,DR-DSC-PKG-EP-HOSP-001-DEPT-SURG-kpi_006-20260914,DSC-PKG-EP-HOSP-001-DEPT-SURG-kpi_006-20260914,DPKG-PKG-EP-HOSP-001-DEPT-SURG-kpi_006-20260914,Monitoring Only, This case does not currently require active intervention review.,None,See secondary condition register,See transition register,See responsible role register,Review and validate; no automatic decision,This is not an approval or recommendation,Current readiness: Monitoring Only. This case does not currently require active intervention review. The analytical route calls for continued observation. Monitoring requirements are present and escalation triggers are defined. Continue monitoring until escalation trigger is met. Responsible party varies by condition; see responsible role register. Permitted action: review and validate; no automatic decision. This classification supports management routing and does not constitute approval.,Explanation supports routing only
EXP-DR-DSC-PKG-EP-HOSP-001-DEPT-SURG-kpi_006-20260927,DR-DSC-PKG-EP-HOSP-001-DEPT-SURG-kpi_006-20260927,DSC-PKG-EP-HOSP-001-DEPT-SURG-kpi_006-20260927,DPKG-PKG-EP-HOSP-001-DEPT-SURG-kpi_006-20260927,Monitoring Only, This case does not currently require active intervention review.,None,See secondary condition register,See transition register,See responsible role register,Review and validate; no automatic decision,This is not an approval or recommendation,Current readiness: Monitoring Only. This case does not currently require active intervention review. The analytical route calls for continued observation. Monitoring requirements are present and escalation triggers are defined. Continue monitoring until escalation trigger is met. Responsible party varies by condition; see responsible role register. Permitted action: review and validate; no automatic decision. This classification supports management routing and does not constitute approval.,Explanation supports routing only
EXP-DR-DSC-PKG-EP-HOSP-001-DEPT-SURG-kpi_006-20261005,DR-DSC-PKG-EP-HOSP-001-DEPT-SURG-kpi_006-20261005,DSC-PKG-EP-HOSP-001-DEPT-SURG-kpi_006-20261005,DPKG-PKG-EP-HOSP-001-DEPT-SURG-kpi_006-20261005,Monitoring Only, This case does not currently require active intervention review.,None,See secondary condition register,See transition register,See responsible role register,Review and validate; no automatic decision,This is not an approval or recommendation,Current readiness: Monitoring Only. This case does not currently require active intervention review. The analytical route calls for continued observation. Monitoring requirements are present and escalation triggers are defined. Continue monitoring until escalation trigger is met. Responsible party varies by condition; see responsible role register. Permitted action: review and validate; no automatic decision. This classification supports management routing and does not constitute approval.,Explanation supports routing only
EXP-DR-DSC-PKG-EP-HOSP-001-DEPT-SURG-kpi_006-20261009,DR-DSC-PKG-EP-HOSP-001-DEPT-SURG-kpi_006-20261009,DSC-PKG-EP-HOSP-001-DEPT-SURG-kpi_006-20261009,DPKG-PKG-EP-HOSP-001-DEPT-SURG-kpi_006-20261009,Monitoring Only, This case does not currently require active intervention review.,None,See secondary condition register,See transition register,See responsible role register,Review and validate; no automatic decision,This is not an approval or recommendation,Current readiness: Monitoring Only. This case does not currently require active intervention review. The analytical route calls for continued observation. Monitoring requirements are present and escalation triggers are defined. Continue monitoring until escalation trigger is met. Responsible party varies by condition; see responsible role register. Permitted action: review and validate; no automatic decision. This classification supports management routing and does not constitute approval.,Explanation supports routing only
EXP-DR-DSC-PKG-EP-HOSP-001-DEPT-SURG-kpi_006-20261105,DR-DSC-PKG-EP-HOSP-001-DEPT-SURG-kpi_006-20261105,DSC-PKG-EP-HOSP-001-DEPT-SURG-kpi_006-20261105,DPKG-PKG-EP-HOSP-001-DEPT-SURG-kpi_006-20261105,Monitoring Only, This case does not currently require active intervention review.,None,See secondary condition register,See transition register,See responsible role register,Review and validate; no automatic decision,This is not an approval or recommendation,Current readiness: Monitoring Only. This case does not currently require active intervention review. The analytical route calls for continued observation. Monitoring requirements are present and escalation triggers are defined. Continue monitoring until escalation trigger is met. Responsible party varies by condition; see responsible role register. Permitted action: review and validate; no automatic decision. This classification supports management routing and does not constitute approval.,Explanation supports routing only
EXP-DR-DSC-PKG-EP-HOSP-001-DEPT-SURG-kpi_006-20261117,DR-DSC-PKG-EP-HOSP-001-DEPT-SURG-kpi_006-20261117,DSC-PKG-EP-HOSP-001-DEPT-SURG-kpi_006-20261117,DPKG-PKG-EP-HOSP-001-DEPT-SURG-kpi_006-20261117,Monitoring Only, This case does not currently require active intervention review.,None,See secondary condition register,See transition register,See responsible role register,Review and validate; no automatic decision,This is not an approval or recommendation,Current readiness: Monitoring Only. This case does not currently require active intervention review. The analytical route calls for continued observation. Monitoring requirements are present and escalation triggers are defined. Continue monitoring until escalation trigger is met. Responsible party varies by condition; see responsible role register. Permitted action: review and validate; no automatic decision. This classification supports management routing and does not constitute approval.,Explanation supports routing only
EXP-DR-DSC-PKG-EP-HOSP-001-DEPT-SURG-kpi_006-20261121,DR-DSC-PKG-EP-HOSP-001-DEPT-SURG-kpi_006-20261121,DSC-PKG-EP-HOSP-001-DEPT-SURG-kpi_006-20261121,DPKG-PKG-EP-HOSP-001-DEPT-SURG-kpi_006-20261121,Monitoring Only, This case does not currently require active intervention review.,None,See secondary condition register,See transition register,See responsible role register,Review and validate; no automatic decision,This is not an approval or recommendation,Current readiness: Monitoring Only. This case does not currently require active intervention review. The analytical route calls for continued observation. Monitoring requirements are present and escalation triggers are defined. Continue monitoring until escalation trigger is met. Responsible party varies by condition; see responsible role register. Permitted action: review and validate; no automatic decision. This classification supports management routing and does not constitute approval.,Explanation supports routing only
EXP-DR-DSC-PKG-EP-HOSP-001-DEPT-SURG-kpi_006-20261202,DR-DSC-PKG-EP-HOSP-001-DEPT-SURG-kpi_006-20261202,DSC-PKG-EP-HOSP-001-DEPT-SURG-kpi_006-20261202,DPKG-PKG-EP-HOSP-001-DEPT-SURG-kpi_006-20261202,Monitoring Only, This case does not currently require active intervention review.,None,See secondary condition register,See transition register,See responsible role register,Review and validate; no automatic decision,This is not an approval or recommendation,Current readiness: Monitoring Only. This case does not currently require active intervention review. The analytical route calls for continued observation. Monitoring requirements are present and escalation triggers are defined. Continue monitoring until escalation trigger is met. Responsible party varies by condition; see responsible role register. Permitted action: review and validate; no automatic decision. This classification supports management routing and does not constitute approval.,Explanation supports routing only
EXP-DR-DSC-PKG-EP-HOSP-001-DEPT-SURG-kpi_006-20261208,DR-DSC-PKG-EP-HOSP-001-DEPT-SURG-kpi_006-20261208,DSC-PKG-EP-HOSP-001-DEPT-SURG-kpi_006-20261208,DPKG-PKG-EP-HOSP-001-DEPT-SURG-kpi_006-20261208,Monitoring Only, This case does not currently require active intervention review.,None,See secondary condition register,See transition register,See responsible role register,Review and validate; no automatic decision,This is not an approval or recommendation,Current readiness: Monitoring Only. This case does not currently require active intervention review. The analytical route calls for continued observation. Monitoring requirements are present and escalation triggers are defined. Continue monitoring until escalation trigger is met. Responsible party varies by condition; see responsible role register. Permitted action: review and validate; no automatic decision. This classification supports management routing and does not constitute approval.,Explanation supports routing only
EXP-DR-DSC-PKG-EP-HOSP-001-DEPT-SURG-kpi_006-20261214,DR-DSC-PKG-EP-HOSP-001-DEPT-SURG-kpi_006-20261214,DSC-PKG-EP-HOSP-001-DEPT-SURG-kpi_006-20261214,DPKG-PKG-EP-HOSP-001-DEPT-SURG-kpi_006-20261214,Monitoring Only, This case does not currently require active intervention review.,None,See secondary condition register,See transition register,See responsible role register,Review and validate; no automatic decision,This is not an approval or recommendation,Current readiness: Monitoring Only. This case does not currently require active intervention review. The analytical route calls for continued observation. Monitoring requirements are present and escalation triggers are defined. Continue monitoring until escalation trigger is met. Responsible party varies by condition; see responsible role register. Permitted action: review and validate; no automatic decision. This classification supports management routing and does not constitute approval.,Explanation supports routing only
EXP-DR-DSC-PKG-EP-HOSP-001-DEPT-SURG-kpi_006-20261226,DR-DSC-PKG-EP-HOSP-001-DEPT-SURG-kpi_006-20261226,DSC-PKG-EP-HOSP-001-DEPT-SURG-kpi_006-20261226,DPKG-PKG-EP-HOSP-001-DEPT-SURG-kpi_006-20261226,Monitoring Only, This case does not currently require active intervention review.,None,See secondary condition register,See transition register,See responsible role register,Review and validate; no automatic decision,This is not an approval or recommendation,Current readiness: Monitoring Only. This case does not currently require active intervention review. The analytical route calls for continued observation. Monitoring requirements are present and escalation triggers are defined. Continue monitoring until escalation trigger is met. Responsible party varies by condition; see responsible role register. Permitted action: review and validate; no automatic decision. This classification supports management routing and does not constitute approval.,Explanation supports routing only
