hospital_id,department_id,reporting_date,confidence_level,data_availability_status,department_data_availability_rate,minimum_assessable_kpi_requirement,engine_run_id,processed_at
HOSP-001,DEPT-ICU,2026-01-01,Low,Sufficient,0.6666666666666666,4,RISKPRIOR-20260728062026,2026-07-28T06:20:28.344471
HOSP-001,DEPT-ADM,2026-01-01,Moderate,Limited,0.5,4,RISKPRIOR-20260728062026,2026-07-28T06:20:28.344471
HOSP-001,DEPT-SURG,2026-01-01,Low,Sufficient,0.6666666666666666,4,RISKPRIOR-20260728062026,2026-07-28T06:20:28.344471
HOSP-001,DEPT-DIAG,2026-01-01,Low,Sufficient,0.8333333333333334,4,RISKPRIOR-20260728062026,2026-07-28T06:20:28.344471
HOSP-001,DEPT-MED,2026-01-01,Low,Sufficient,0.6666666666666666,4,RISKPRIOR-20260728062026,2026-07-28T06:20:28.344471
HOSP-001,DEPT-PEX,2026-01-01,Moderate,Limited,0.5,4,RISKPRIOR-20260728062026,2026-07-28T06:20:28.344471
HOSP-001,DEPT-ED,2026-01-01,Low,Sufficient,0.8333333333333334,4,RISKPRIOR-20260728062026,2026-07-28T06:20:28.344471
HOSP-001,DEPT-OPC,2026-01-01,Low,Sufficient,0.8333333333333334,4,RISKPRIOR-20260728062026,2026-07-28T06:20:28.344471
HOSP-001,DEPT-SURG,2026-01-02,Low,Sufficient,0.6666666666666666,4,RISKPRIOR-20260728062026,2026-07-28T06:20:28.344471
HOSP-001,DEPT-MED,2026-01-02,Low,Sufficient,0.6666666666666666,4,RISKPRIOR-20260728062026,2026-07-28T06:20:28.344471
HOSP-001,DEPT-ICU,2026-01-02,Low,Sufficient,0.6666666666666666,4,RISKPRIOR-20260728062026,2026-07-28T06:20:28.344471
HOSP-001,DEPT-ED,2026-01-02,Low,Sufficient,0.8333333333333334,4,RISKPRIOR-20260728062026,2026-07-28T06:20:28.344471
HOSP-001,DEPT-PEX,2026-01-02,Moderate,Limited,0.5,4,RISKPRIOR-20260728062026,2026-07-28T06:20:28.344471
HOSP-001,DEPT-OPC,2026-01-02,Low,Sufficient,0.8333333333333334,4,RISKPRIOR-20260728062026,2026-07-28T06:20:28.344471
HOSP-001,DEPT-ADM,2026-01-02,Moderate,Limited,0.5,4,RISKPRIOR-20260728062026,2026-07-28T06:20:28.344471
HOSP-001,DEPT-DIAG,2026-01-02,Moderate,Limited,0.5,4,RISKPRIOR-20260728062026,2026-07-28T06:20:28.344471
HOSP-001,DEPT-PEX,2026-01-03,Moderate,Limited,0.5,4,RISKPRIOR-20260728062026,2026-07-28T06:20:28.344471
HOSP-001,DEPT-MED,2026-01-03,Low,Sufficient,0.6666666666666666,4,RISKPRIOR-20260728062026,2026-07-28T06:20:28.344471
HOSP-001,DEPT-DIAG,2026-01-03,Low,Sufficient,0.8333333333333334,4,RISKPRIOR-20260728062026,2026-07-28T06:20:28.344471
HOSP-001,DEPT-ICU,2026-01-03,Low,Sufficient,0.6666666666666666,4,RISKPRIOR-20260728062026,2026-07-28T06:20:28.344471
HOSP-001,DEPT-SURG,2026-01-03,Low,Sufficient,0.6666666666666666,4,RISKPRIOR-20260728062026,2026-07-28T06:20:28.344471
HOSP-001,DEPT-ED,2026-01-03,Low,Sufficient,0.8333333333333334,4,RISKPRIOR-20260728062026,2026-07-28T06:20:28.344471
HOSP-001,DEPT-ADM,2026-01-03,Moderate,Limited,0.5,4,RISKPRIOR-20260728062026,2026-07-28T06:20:28.344471
HOSP-001,DEPT-OPC,2026-01-03,Low,Sufficient,0.8333333333333334,4,RISKPRIOR-20260728062026,2026-07-28T06:20:28.344471
HOSP-001,DEPT-ICU,2026-01-04,Low,Sufficient,0.6666666666666666,4,RISKPRIOR-20260728062026,2026-07-28T06:20:28.344471
HOSP-001,DEPT-DIAG,2026-01-04,Low,Sufficient,0.8333333333333334,4,RISKPRIOR-20260728062026,2026-07-28T06:20:28.344471
HOSP-001,DEPT-SURG,2026-01-04,Low,Sufficient,0.6666666666666666,4,RISKPRIOR-20260728062026,2026-07-28T06:20:28.344471
HOSP-001,DEPT-MED,2026-01-04,Low,Limited,0.5,4,RISKPRIOR-20260728062026,2026-07-28T06:20:28.344471
HOSP-001,DEPT-ED,2026-01-04,Low,Sufficient,0.8333333333333334,4,RISKPRIOR-20260728062026,2026-07-28T06:20:28.344471
HOSP-001,DEPT-ADM,2026-01-04,Moderate,Limited,0.5,4,RISKPRIOR-20260728062026,2026-07-28T06:20:28.344471
HOSP-001,DEPT-OPC,2026-01-04,Low,Sufficient,0.6666666666666666,4,RISKPRIOR-20260728062026,2026-07-28T06:20:28.344471
HOSP-001,DEPT-PEX,2026-01-04,Moderate,Limited,0.3333333333333333,4,RISKPRIOR-20260728062026,2026-07-28T06:20:28.344471
HOSP-001,DEPT-ICU,2026-01-05,Low,Sufficient,0.6666666666666666,4,RISKPRIOR-20260728062026,2026-07-28T06:20:28.344471
HOSP-001,DEPT-MED,2026-01-05,Low,Sufficient,0.6666666666666666,4,RISKPRIOR-20260728062026,2026-07-28T06:20:28.344471
HOSP-001,DEPT-SURG,2026-01-05,Low,Sufficient,0.6666666666666666,4,RISKPRIOR-20260728062026,2026-07-28T06:20:28.344471
HOSP-001,DEPT-DIAG,2026-01-05,Low,Sufficient,0.8333333333333334,4,RISKPRIOR-20260728062026,2026-07-28T06:20:28.344471
HOSP-001,DEPT-PEX,2026-01-05,Moderate,Limited,0.3333333333333333,4,RISKPRIOR-20260728062026,2026-07-28T06:20:28.344471
HOSP-001,DEPT-ADM,2026-01-05,Moderate,Limited,0.5,4,RISKPRIOR-20260728062026,2026-07-28T06:20:28.344471
HOSP-001,DEPT-ED,2026-01-05,Low,Sufficient,0.8333333333333334,4,RISKPRIOR-20260728062026,2026-07-28T06:20:28.344471
HOSP-001,DEPT-OPC,2026-01-05,Low,Sufficient,0.8333333333333334,4,RISKPRIOR-20260728062026,2026-07-28T06:20:28.344471
HOSP-001,DEPT-ICU,2026-01-06,Moderate,Limited,0.5,4,RISKPRIOR-20260728062026,2026-07-28T06:20:28.344471
HOSP-001,DEPT-ED,2026-01-06,Moderate,Sufficient,0.8333333333333334,4,RISKPRIOR-20260728062026,2026-07-28T06:20:28.344471
HOSP-001,DEPT-MED,2026-01-06,Moderate,Limited,0.5,4,RISKPRIOR-20260728062026,2026-07-28T06:20:28.344471
HOSP-001,DEPT-SURG,2026-01-06,Moderate,Sufficient,0.6666666666666666,4,RISKPRIOR-20260728062026,2026-07-28T06:20:28.344471
HOSP-001,DEPT-DIAG,2026-01-06,Low,Sufficient,0.8333333333333334,4,RISKPRIOR-20260728062026,2026-07-28T06:20:28.344471
HOSP-001,DEPT-OPC,2026-01-06,Moderate,Sufficient,0.8333333333333334,4,RISKPRIOR-20260728062026,2026-07-28T06:20:28.344471
HOSP-001,DEPT-PEX,2026-01-06,Moderate,Limited,0.5,4,RISKPRIOR-20260728062026,2026-07-28T06:20:28.344471
HOSP-001,DEPT-ADM,2026-01-06,High,Limited,0.5,4,RISKPRIOR-20260728062026,2026-07-28T06:20:28.344471
HOSP-001,DEPT-ED,2026-01-07,High,Limited,0.5,4,RISKPRIOR-20260728062026,2026-07-28T06:20:28.344471
HOSP-001,DEPT-OPC,2026-01-07,Moderate,Sufficient,0.8333333333333334,4,RISKPRIOR-20260728062026,2026-07-28T06:20:28.344471
HOSP-001,DEPT-DIAG,2026-01-07,Moderate,Sufficient,0.8333333333333334,4,RISKPRIOR-20260728062026,2026-07-28T06:20:28.344471
HOSP-001,DEPT-ADM,2026-01-07,High,Limited,0.3333333333333333,4,RISKPRIOR-20260728062026,2026-07-28T06:20:28.344471
HOSP-001,DEPT-ICU,2026-01-07,Moderate,Limited,0.5,4,RISKPRIOR-20260728062026,2026-07-28T06:20:28.344471
HOSP-001,DEPT-MED,2026-01-07,Moderate,Sufficient,0.6666666666666666,4,RISKPRIOR-20260728062026,2026-07-28T06:20:28.344471
HOSP-001,DEPT-SURG,2026-01-07,Moderate,Sufficient,0.6666666666666666,4,RISKPRIOR-20260728062026,2026-07-28T06:20:28.344471
HOSP-001,DEPT-PEX,2026-01-07,Moderate,Limited,0.5,4,RISKPRIOR-20260728062026,2026-07-28T06:20:28.344471
HOSP-001,DEPT-DIAG,2026-01-08,Moderate,Sufficient,0.8333333333333334,4,RISKPRIOR-20260728062026,2026-07-28T06:20:28.344471
HOSP-001,DEPT-ED,2026-01-08,Moderate,Sufficient,0.8333333333333334,4,RISKPRIOR-20260728062026,2026-07-28T06:20:28.344471
HOSP-001,DEPT-ADM,2026-01-08,High,Limited,0.5,4,RISKPRIOR-20260728062026,2026-07-28T06:20:28.344471
HOSP-001,DEPT-ICU,2026-01-08,Moderate,Sufficient,0.6666666666666666,4,RISKPRIOR-20260728062026,2026-07-28T06:20:28.344471
HOSP-001,DEPT-SURG,2026-01-08,Moderate,Sufficient,0.6666666666666666,4,RISKPRIOR-20260728062026,2026-07-28T06:20:28.344471
HOSP-001,DEPT-OPC,2026-01-08,Moderate,Sufficient,0.8333333333333334,4,RISKPRIOR-20260728062026,2026-07-28T06:20:28.344471
HOSP-001,DEPT-MED,2026-01-08,Moderate,Sufficient,0.6666666666666666,4,RISKPRIOR-20260728062026,2026-07-28T06:20:28.344471
HOSP-001,DEPT-PEX,2026-01-08,High,Limited,0.3333333333333333,4,RISKPRIOR-20260728062026,2026-07-28T06:20:28.344471
HOSP-001,DEPT-ICU,2026-01-09,Moderate,Sufficient,0.6666666666666666,4,RISKPRIOR-20260728062026,2026-07-28T06:20:28.344471
HOSP-001,DEPT-DIAG,2026-01-09,Moderate,Sufficient,0.8333333333333334,4,RISKPRIOR-20260728062026,2026-07-28T06:20:28.344471
HOSP-001,DEPT-PEX,2026-01-09,High,Limited,0.5,4,RISKPRIOR-20260728062026,2026-07-28T06:20:28.344471
HOSP-001,DEPT-MED,2026-01-09,Moderate,Sufficient,0.6666666666666666,4,RISKPRIOR-20260728062026,2026-07-28T06:20:28.344471
HOSP-001,DEPT-ADM,2026-01-09,High,Limited,0.5,4,RISKPRIOR-20260728062026,2026-07-28T06:20:28.344471
HOSP-001,DEPT-OPC,2026-01-09,Moderate,Sufficient,0.8333333333333334,4,RISKPRIOR-20260728062026,2026-07-28T06:20:28.344471
HOSP-001,DEPT-ED,2026-01-09,Moderate,Sufficient,0.8333333333333334,4,RISKPRIOR-20260728062026,2026-07-28T06:20:28.344471
HOSP-001,DEPT-SURG,2026-01-09,Moderate,Sufficient,0.6666666666666666,4,RISKPRIOR-20260728062026,2026-07-28T06:20:28.344471
HOSP-001,DEPT-ICU,2026-01-10,Moderate,Sufficient,0.6666666666666666,4,RISKPRIOR-20260728062026,2026-07-28T06:20:28.344471
HOSP-001,DEPT-SURG,2026-01-10,Moderate,Sufficient,0.6666666666666666,4,RISKPRIOR-20260728062026,2026-07-28T06:20:28.344471
HOSP-001,DEPT-PEX,2026-01-10,High,Limited,0.5,4,RISKPRIOR-20260728062026,2026-07-28T06:20:28.344471
HOSP-001,DEPT-ED,2026-01-10,Moderate,Sufficient,0.8333333333333334,4,RISKPRIOR-20260728062026,2026-07-28T06:20:28.344471
HOSP-001,DEPT-OPC,2026-01-10,Moderate,Sufficient,0.6666666666666666,4,RISKPRIOR-20260728062026,2026-07-28T06:20:28.344471
HOSP-001,DEPT-DIAG,2026-01-10,Moderate,Sufficient,0.8333333333333334,4,RISKPRIOR-20260728062026,2026-07-28T06:20:28.344471
HOSP-001,DEPT-ADM,2026-01-10,High,Limited,0.5,4,RISKPRIOR-20260728062026,2026-07-28T06:20:28.344471
HOSP-001,DEPT-MED,2026-01-10,Moderate,Sufficient,0.6666666666666666,4,RISKPRIOR-20260728062026,2026-07-28T06:20:28.344471
HOSP-001,DEPT-PEX,2026-01-11,High,Limited,0.5,4,RISKPRIOR-20260728062026,2026-07-28T06:20:28.344471
HOSP-001,DEPT-ADM,2026-01-11,High,Limited,0.3333333333333333,4,RISKPRIOR-20260728062026,2026-07-28T06:20:28.344471
HOSP-001,DEPT-ICU,2026-01-11,Moderate,Sufficient,0.6666666666666666,4,RISKPRIOR-20260728062026,2026-07-28T06:20:28.344471
HOSP-001,DEPT-DIAG,2026-01-11,Moderate,Sufficient,0.8333333333333334,4,RISKPRIOR-20260728062026,2026-07-28T06:20:28.344471
HOSP-001,DEPT-ED,2026-01-11,High,Limited,0.5,4,RISKPRIOR-20260728062026,2026-07-28T06:20:28.344471
HOSP-001,DEPT-OPC,2026-01-11,Moderate,Sufficient,0.8333333333333334,4,RISKPRIOR-20260728062026,2026-07-28T06:20:28.344471
HOSP-001,DEPT-MED,2026-01-11,Moderate,Sufficient,0.6666666666666666,4,RISKPRIOR-20260728062026,2026-07-28T06:20:28.344471
HOSP-001,DEPT-SURG,2026-01-11,Moderate,Limited,0.5,4,RISKPRIOR-20260728062026,2026-07-28T06:20:28.344471
HOSP-001,DEPT-ICU,2026-01-12,Moderate,Limited,0.5,4,RISKPRIOR-20260728062026,2026-07-28T06:20:28.344471
HOSP-001,DEPT-DIAG,2026-01-12,Moderate,Sufficient,0.6666666666666666,4,RISKPRIOR-20260728062026,2026-07-28T06:20:28.344471
HOSP-001,DEPT-MED,2026-01-12,Moderate,Sufficient,0.6666666666666666,4,RISKPRIOR-20260728062026,2026-07-28T06:20:28.344471
HOSP-001,DEPT-SURG,2026-01-12,Moderate,Sufficient,0.6666666666666666,4,RISKPRIOR-20260728062026,2026-07-28T06:20:28.344471
HOSP-001,DEPT-ADM,2026-01-12,High,Limited,0.5,4,RISKPRIOR-20260728062026,2026-07-28T06:20:28.344471
HOSP-001,DEPT-ED,2026-01-12,Moderate,Sufficient,0.8333333333333334,4,RISKPRIOR-20260728062026,2026-07-28T06:20:28.344471
HOSP-001,DEPT-OPC,2026-01-12,Moderate,Sufficient,0.8333333333333334,4,RISKPRIOR-20260728062026,2026-07-28T06:20:28.344471
HOSP-001,DEPT-PEX,2026-01-12,High,Limited,0.5,4,RISKPRIOR-20260728062026,2026-07-28T06:20:28.344471
HOSP-001,DEPT-ICU,2026-01-13,Moderate,Sufficient,0.6666666666666666,4,RISKPRIOR-20260728062026,2026-07-28T06:20:28.344471
HOSP-001,DEPT-DIAG,2026-01-13,Moderate,Sufficient,0.8333333333333334,4,RISKPRIOR-20260728062026,2026-07-28T06:20:28.344471
HOSP-001,DEPT-ED,2026-01-13,Moderate,Sufficient,0.6666666666666666,4,RISKPRIOR-20260728062026,2026-07-28T06:20:28.344471
HOSP-001,DEPT-MED,2026-01-13,Moderate,Sufficient,0.6666666666666666,4,RISKPRIOR-20260728062026,2026-07-28T06:20:28.344471
HOSP-001,DEPT-PEX,2026-01-13,High,Limited,0.5,4,RISKPRIOR-20260728062026,2026-07-28T06:20:28.344471
HOSP-001,DEPT-ADM,2026-01-13,High,Limited,0.5,4,RISKPRIOR-20260728062026,2026-07-28T06:20:28.344471
HOSP-001,DEPT-OPC,2026-01-13,Moderate,Sufficient,0.8333333333333334,4,RISKPRIOR-20260728062026,2026-07-28T06:20:28.344471
HOSP-001,DEPT-SURG,2026-01-13,Moderate,Limited,0.5,4,RISKPRIOR-20260728062026,2026-07-28T06:20:28.344471
HOSP-001,DEPT-ICU,2026-01-14,Moderate,Limited,0.5,4,RISKPRIOR-20260728062026,2026-07-28T06:20:28.344471
HOSP-001,DEPT-SURG,2026-01-14,Moderate,Sufficient,0.6666666666666666,4,RISKPRIOR-20260728062026,2026-07-28T06:20:28.344471
HOSP-001,DEPT-MED,2026-01-14,Moderate,Sufficient,0.6666666666666666,4,RISKPRIOR-20260728062026,2026-07-28T06:20:28.344471
HOSP-001,DEPT-DIAG,2026-01-14,Moderate,Sufficient,0.8333333333333334,4,RISKPRIOR-20260728062026,2026-07-28T06:20:28.344471
HOSP-001,DEPT-ADM,2026-01-14,High,Limited,0.5,4,RISKPRIOR-20260728062026,2026-07-28T06:20:28.344471
HOSP-001,DEPT-ED,2026-01-14,Moderate,Sufficient,0.8333333333333334,4,RISKPRIOR-20260728062026,2026-07-28T06:20:28.344471
HOSP-001,DEPT-PEX,2026-01-14,High,Limited,0.5,4,RISKPRIOR-20260728062026,2026-07-28T06:20:28.344471
HOSP-001,DEPT-OPC,2026-01-14,Moderate,Sufficient,0.8333333333333334,4,RISKPRIOR-20260728062026,2026-07-28T06:20:28.344471
HOSP-001,DEPT-PEX,2026-01-15,High,Limited,0.5,4,RISKPRIOR-20260728062026,2026-07-28T06:20:28.344471
HOSP-001,DEPT-ICU,2026-01-15,Moderate,Sufficient,0.6666666666666666,4,RISKPRIOR-20260728062026,2026-07-28T06:20:28.344471
HOSP-001,DEPT-MED,2026-01-15,Moderate,Limited,0.5,4,RISKPRIOR-20260728062026,2026-07-28T06:20:28.344471
HOSP-001,DEPT-SURG,2026-01-15,Moderate,Limited,0.5,4,RISKPRIOR-20260728062026,2026-07-28T06:20:28.344471
HOSP-001,DEPT-ED,2026-01-15,Moderate,Sufficient,0.8333333333333334,4,RISKPRIOR-20260728062026,2026-07-28T06:20:28.344471
HOSP-001,DEPT-OPC,2026-01-15,Moderate,Sufficient,0.8333333333333334,4,RISKPRIOR-20260728062026,2026-07-28T06:20:28.344471
HOSP-001,DEPT-DIAG,2026-01-15,Moderate,Sufficient,0.6666666666666666,4,RISKPRIOR-20260728062026,2026-07-28T06:20:28.344471
HOSP-001,DEPT-ADM,2026-01-15,High,Limited,0.5,4,RISKPRIOR-20260728062026,2026-07-28T06:20:28.344471
HOSP-001,DEPT-MED,2026-01-16,Moderate,Limited,0.5,4,RISKPRIOR-20260728062026,2026-07-28T06:20:28.344471
HOSP-001,DEPT-DIAG,2026-01-16,Moderate,Sufficient,0.8333333333333334,4,RISKPRIOR-20260728062026,2026-07-28T06:20:28.344471
HOSP-001,DEPT-ADM,2026-01-16,High,Limited,0.5,4,RISKPRIOR-20260728062026,2026-07-28T06:20:28.344471
HOSP-001,DEPT-ICU,2026-01-16,Moderate,Sufficient,0.6666666666666666,4,RISKPRIOR-20260728062026,2026-07-28T06:20:28.344471
HOSP-001,DEPT-SURG,2026-01-16,Moderate,Limited,0.5,4,RISKPRIOR-20260728062026,2026-07-28T06:20:28.344471
HOSP-001,DEPT-PEX,2026-01-16,High,Limited,0.5,4,RISKPRIOR-20260728062026,2026-07-28T06:20:28.344471
HOSP-001,DEPT-ED,2026-01-16,Moderate,Sufficient,0.8333333333333334,4,RISKPRIOR-20260728062026,2026-07-28T06:20:28.344471
HOSP-001,DEPT-OPC,2026-01-16,Moderate,Sufficient,0.8333333333333334,4,RISKPRIOR-20260728062026,2026-07-28T06:20:28.344471
HOSP-001,DEPT-ICU,2026-01-17,Moderate,Sufficient,0.6666666666666666,4,RISKPRIOR-20260728062026,2026-07-28T06:20:28.344471
HOSP-001,DEPT-MED,2026-01-17,Moderate,Sufficient,0.6666666666666666,4,RISKPRIOR-20260728062026,2026-07-28T06:20:28.344471
HOSP-001,DEPT-PEX,2026-01-17,High,Limited,0.5,4,RISKPRIOR-20260728062026,2026-07-28T06:20:28.344471
HOSP-001,DEPT-ADM,2026-01-17,High,Limited,0.5,4,RISKPRIOR-20260728062026,2026-07-28T06:20:28.344471
HOSP-001,DEPT-OPC,2026-01-17,Moderate,Sufficient,0.8333333333333334,4,RISKPRIOR-20260728062026,2026-07-28T06:20:28.344471
HOSP-001,DEPT-ED,2026-01-17,Moderate,Sufficient,0.8333333333333334,4,RISKPRIOR-20260728062026,2026-07-28T06:20:28.344471
HOSP-001,DEPT-DIAG,2026-01-17,Moderate,Sufficient,0.8333333333333334,4,RISKPRIOR-20260728062026,2026-07-28T06:20:28.344471
HOSP-001,DEPT-SURG,2026-01-17,Moderate,Sufficient,0.6666666666666666,4,RISKPRIOR-20260728062026,2026-07-28T06:20:28.344471
HOSP-001,DEPT-OPC,2026-01-18,Moderate,Sufficient,0.8333333333333334,4,RISKPRIOR-20260728062026,2026-07-28T06:20:28.344471
HOSP-001,DEPT-ICU,2026-01-18,Moderate,Limited,0.5,4,RISKPRIOR-20260728062026,2026-07-28T06:20:28.344471
HOSP-001,DEPT-SURG,2026-01-18,Moderate,Sufficient,0.6666666666666666,4,RISKPRIOR-20260728062026,2026-07-28T06:20:28.344471
HOSP-001,DEPT-MED,2026-01-18,Moderate,Sufficient,0.6666666666666666,4,RISKPRIOR-20260728062026,2026-07-28T06:20:28.344471
HOSP-001,DEPT-PEX,2026-01-18,High,Limited,0.5,4,RISKPRIOR-20260728062026,2026-07-28T06:20:28.344471
HOSP-001,DEPT-DIAG,2026-01-18,Moderate,Sufficient,0.8333333333333334,4,RISKPRIOR-20260728062026,2026-07-28T06:20:28.344471
HOSP-001,DEPT-ADM,2026-01-18,High,Limited,0.3333333333333333,4,RISKPRIOR-20260728062026,2026-07-28T06:20:28.344471
HOSP-001,DEPT-ED,2026-01-18,Moderate,Sufficient,0.8333333333333334,4,RISKPRIOR-20260728062026,2026-07-28T06:20:28.344471
HOSP-001,DEPT-OPC,2026-01-19,Moderate,Sufficient,0.8333333333333334,4,RISKPRIOR-20260728062026,2026-07-28T06:20:28.344471
HOSP-001,DEPT-ICU,2026-01-19,Moderate,Sufficient,0.6666666666666666,4,RISKPRIOR-20260728062026,2026-07-28T06:20:28.344471
HOSP-001,DEPT-SURG,2026-01-19,Moderate,Sufficient,0.6666666666666666,4,RISKPRIOR-20260728062026,2026-07-28T06:20:28.344471
HOSP-001,DEPT-MED,2026-01-19,Moderate,Limited,0.5,4,RISKPRIOR-20260728062026,2026-07-28T06:20:28.344471
HOSP-001,DEPT-ED,2026-01-19,High,Limited,0.5,4,RISKPRIOR-20260728062026,2026-07-28T06:20:28.344471
HOSP-001,DEPT-ADM,2026-01-19,High,Limited,0.3333333333333333,4,RISKPRIOR-20260728062026,2026-07-28T06:20:28.344471
HOSP-001,DEPT-DIAG,2026-01-19,Moderate,Sufficient,0.8333333333333334,4,RISKPRIOR-20260728062026,2026-07-28T06:20:28.344471
HOSP-001,DEPT-PEX,2026-01-19,High,Limited,0.5,4,RISKPRIOR-20260728062026,2026-07-28T06:20:28.344471
HOSP-001,DEPT-SURG,2026-01-20,Moderate,Sufficient,0.6666666666666666,4,RISKPRIOR-20260728062026,2026-07-28T06:20:28.344471
HOSP-001,DEPT-MED,2026-01-20,Moderate,Sufficient,0.6666666666666666,4,RISKPRIOR-20260728062026,2026-07-28T06:20:28.344471
HOSP-001,DEPT-ICU,2026-01-20,Moderate,Sufficient,0.6666666666666666,4,RISKPRIOR-20260728062026,2026-07-28T06:20:28.344471
HOSP-001,DEPT-DIAG,2026-01-20,Moderate,Sufficient,0.8333333333333334,4,RISKPRIOR-20260728062026,2026-07-28T06:20:28.344471
HOSP-001,DEPT-OPC,2026-01-20,Moderate,Sufficient,0.8333333333333334,4,RISKPRIOR-20260728062026,2026-07-28T06:20:28.344471
HOSP-001,DEPT-ED,2026-01-20,Moderate,Sufficient,0.8333333333333334,4,RISKPRIOR-20260728062026,2026-07-28T06:20:28.344471
HOSP-001,DEPT-ADM,2026-01-20,High,Limited,0.5,4,RISKPRIOR-20260728062026,2026-07-28T06:20:28.344471
HOSP-001,DEPT-PEX,2026-01-20,High,Limited,0.5,4,RISKPRIOR-20260728062026,2026-07-28T06:20:28.344471
HOSP-001,DEPT-PEX,2026-01-21,High,Limited,0.5,4,RISKPRIOR-20260728062026,2026-07-28T06:20:28.344471
HOSP-001,DEPT-ICU,2026-01-21,Moderate,Sufficient,0.6666666666666666,4,RISKPRIOR-20260728062026,2026-07-28T06:20:28.344471
HOSP-001,DEPT-ADM,2026-01-21,High,Limited,0.5,4,RISKPRIOR-20260728062026,2026-07-28T06:20:28.344471
HOSP-001,DEPT-MED,2026-01-21,Moderate,Limited,0.5,4,RISKPRIOR-20260728062026,2026-07-28T06:20:28.344471
HOSP-001,DEPT-SURG,2026-01-21,Moderate,Sufficient,0.6666666666666666,4,RISKPRIOR-20260728062026,2026-07-28T06:20:28.344471
HOSP-001,DEPT-ED,2026-01-21,Moderate,Sufficient,0.8333333333333334,4,RISKPRIOR-20260728062026,2026-07-28T06:20:28.344471
HOSP-001,DEPT-OPC,2026-01-21,Moderate,Sufficient,0.8333333333333334,4,RISKPRIOR-20260728062026,2026-07-28T06:20:28.344471
HOSP-001,DEPT-DIAG,2026-01-21,High,Limited,0.5,4,RISKPRIOR-20260728062026,2026-07-28T06:20:28.344471
HOSP-001,DEPT-DIAG,2026-01-22,Moderate,Sufficient,0.8333333333333334,4,RISKPRIOR-20260728062026,2026-07-28T06:20:28.344471
HOSP-001,DEPT-OPC,2026-01-22,Moderate,Sufficient,0.8333333333333334,4,RISKPRIOR-20260728062026,2026-07-28T06:20:28.344471
HOSP-001,DEPT-ICU,2026-01-22,Moderate,Sufficient,0.6666666666666666,4,RISKPRIOR-20260728062026,2026-07-28T06:20:28.344471
HOSP-001,DEPT-SURG,2026-01-22,Moderate,Sufficient,0.6666666666666666,4,RISKPRIOR-20260728062026,2026-07-28T06:20:28.344471
HOSP-001,DEPT-ADM,2026-01-22,High,Limited,0.5,4,RISKPRIOR-20260728062026,2026-07-28T06:20:28.344471
HOSP-001,DEPT-MED,2026-01-22,Moderate,Sufficient,0.6666666666666666,4,RISKPRIOR-20260728062026,2026-07-28T06:20:28.344471
HOSP-001,DEPT-ED,2026-01-22,Moderate,Sufficient,0.8333333333333334,4,RISKPRIOR-20260728062026,2026-07-28T06:20:28.344471
HOSP-001,DEPT-PEX,2026-01-22,High,Limited,0.3333333333333333,4,RISKPRIOR-20260728062026,2026-07-28T06:20:28.344471
HOSP-001,DEPT-DIAG,2026-01-23,Moderate,Sufficient,0.8333333333333334,4,RISKPRIOR-20260728062026,2026-07-28T06:20:28.344471
HOSP-001,DEPT-SURG,2026-01-23,Moderate,Sufficient,0.6666666666666666,4,RISKPRIOR-20260728062026,2026-07-28T06:20:28.344471
HOSP-001,DEPT-ICU,2026-01-23,Moderate,Limited,0.5,4,RISKPRIOR-20260728062026,2026-07-28T06:20:28.344471
HOSP-001,DEPT-ED,2026-01-23,Moderate,Sufficient,0.8333333333333334,4,RISKPRIOR-20260728062026,2026-07-28T06:20:28.344471
HOSP-001,DEPT-OPC,2026-01-23,Moderate,Sufficient,0.8333333333333334,4,RISKPRIOR-20260728062026,2026-07-28T06:20:28.344471
HOSP-001,DEPT-PEX,2026-01-23,High,Limited,0.5,4,RISKPRIOR-20260728062026,2026-07-28T06:20:28.344471
HOSP-001,DEPT-MED,2026-01-23,Moderate,Sufficient,0.6666666666666666,4,RISKPRIOR-20260728062026,2026-07-28T06:20:28.344471
HOSP-001,DEPT-ADM,2026-01-23,High,Limited,0.3333333333333333,4,RISKPRIOR-20260728062026,2026-07-28T06:20:28.344471
HOSP-001,DEPT-PEX,2026-01-24,High,Limited,0.5,4,RISKPRIOR-20260728062026,2026-07-28T06:20:28.344471
HOSP-001,DEPT-ICU,2026-01-24,Moderate,Sufficient,0.6666666666666666,4,RISKPRIOR-20260728062026,2026-07-28T06:20:28.344471
HOSP-001,DEPT-SURG,2026-01-24,Moderate,Sufficient,0.6666666666666666,4,RISKPRIOR-20260728062026,2026-07-28T06:20:28.344471
HOSP-001,DEPT-OPC,2026-01-24,Moderate,Sufficient,0.8333333333333334,4,RISKPRIOR-20260728062026,2026-07-28T06:20:28.344471
HOSP-001,DEPT-DIAG,2026-01-24,Moderate,Sufficient,0.8333333333333334,4,RISKPRIOR-20260728062026,2026-07-28T06:20:28.344471
HOSP-001,DEPT-ADM,2026-01-24,High,Limited,0.3333333333333333,4,RISKPRIOR-20260728062026,2026-07-28T06:20:28.344471
HOSP-001,DEPT-MED,2026-01-24,Moderate,Sufficient,0.6666666666666666,4,RISKPRIOR-20260728062026,2026-07-28T06:20:28.344471
HOSP-001,DEPT-ED,2026-01-24,Moderate,Sufficient,0.6666666666666666,4,RISKPRIOR-20260728062026,2026-07-28T06:20:28.344471
HOSP-001,DEPT-SURG,2026-01-25,Moderate,Sufficient,0.6666666666666666,4,RISKPRIOR-20260728062026,2026-07-28T06:20:28.344471
HOSP-001,DEPT-ICU,2026-01-25,Moderate,Limited,0.5,4,RISKPRIOR-20260728062026,2026-07-28T06:20:28.344471
HOSP-001,DEPT-DIAG,2026-01-25,High,Limited,0.5,4,RISKPRIOR-20260728062026,2026-07-28T06:20:28.344471
HOSP-001,DEPT-ADM,2026-01-25,High,Limited,0.5,4,RISKPRIOR-20260728062026,2026-07-28T06:20:28.344471
HOSP-001,DEPT-OPC,2026-01-25,Moderate,Sufficient,0.8333333333333334,4,RISKPRIOR-20260728062026,2026-07-28T06:20:28.344471
HOSP-001,DEPT-PEX,2026-01-25,High,Limited,0.5,4,RISKPRIOR-20260728062026,2026-07-28T06:20:28.344471
HOSP-001,DEPT-MED,2026-01-25,Moderate,Sufficient,0.6666666666666666,4,RISKPRIOR-20260728062026,2026-07-28T06:20:28.344471
HOSP-001,DEPT-ED,2026-01-25,Moderate,Sufficient,0.8333333333333334,4,RISKPRIOR-20260728062026,2026-07-28T06:20:28.344471
HOSP-001,DEPT-ICU,2026-01-26,Moderate,Limited,0.5,4,RISKPRIOR-20260728062026,2026-07-28T06:20:28.344471
HOSP-001,DEPT-DIAG,2026-01-26,Moderate,Sufficient,0.8333333333333334,4,RISKPRIOR-20260728062026,2026-07-28T06:20:28.344471
HOSP-001,DEPT-MED,2026-01-26,Moderate,Limited,0.5,4,RISKPRIOR-20260728062026,2026-07-28T06:20:28.344471
HOSP-001,DEPT-ED,2026-01-26,Moderate,Sufficient,0.8333333333333334,4,RISKPRIOR-20260728062026,2026-07-28T06:20:28.344471
HOSP-001,DEPT-SURG,2026-01-26,Moderate,Sufficient,0.6666666666666666,4,RISKPRIOR-20260728062026,2026-07-28T06:20:28.344471
HOSP-001,DEPT-OPC,2026-01-26,Moderate,Sufficient,0.8333333333333334,4,RISKPRIOR-20260728062026,2026-07-28T06:20:28.344471
HOSP-001,DEPT-ADM,2026-01-26,High,Limited,0.5,4,RISKPRIOR-20260728062026,2026-07-28T06:20:28.344471
HOSP-001,DEPT-PEX,2026-01-26,High,Limited,0.3333333333333333,4,RISKPRIOR-20260728062026,2026-07-28T06:20:28.344471
HOSP-001,DEPT-SURG,2026-01-27,Moderate,Limited,0.5,4,RISKPRIOR-20260728062026,2026-07-28T06:20:28.344471
HOSP-001,DEPT-ICU,2026-01-27,Moderate,Sufficient,0.6666666666666666,4,RISKPRIOR-20260728062026,2026-07-28T06:20:28.344471
HOSP-001,DEPT-MED,2026-01-27,Moderate,Sufficient,0.6666666666666666,4,RISKPRIOR-20260728062026,2026-07-28T06:20:28.344471
HOSP-001,DEPT-DIAG,2026-01-27,Moderate,Sufficient,0.8333333333333334,4,RISKPRIOR-20260728062026,2026-07-28T06:20:28.344471
HOSP-001,DEPT-ADM,2026-01-27,High,Limited,0.5,4,RISKPRIOR-20260728062026,2026-07-28T06:20:28.344471
HOSP-001,DEPT-OPC,2026-01-27,Moderate,Sufficient,0.8333333333333334,4,RISKPRIOR-20260728062026,2026-07-28T06:20:28.344471
HOSP-001,DEPT-PEX,2026-01-27,High,Limited,0.5,4,RISKPRIOR-20260728062026,2026-07-28T06:20:28.344471
HOSP-001,DEPT-ED,2026-01-27,Moderate,Sufficient,0.8333333333333334,4,RISKPRIOR-20260728062026,2026-07-28T06:20:28.344471
HOSP-001,DEPT-MED,2026-01-28,Moderate,Sufficient,0.6666666666666666,4,RISKPRIOR-20260728062026,2026-07-28T06:20:28.344471
HOSP-001,DEPT-ED,2026-01-28,Moderate,Sufficient,0.8333333333333334,4,RISKPRIOR-20260728062026,2026-07-28T06:20:28.344471
HOSP-001,DEPT-ICU,2026-01-28,Moderate,Sufficient,0.6666666666666666,4,RISKPRIOR-20260728062026,2026-07-28T06:20:28.344471
HOSP-001,DEPT-SURG,2026-01-28,Moderate,Sufficient,0.6666666666666666,4,RISKPRIOR-20260728062026,2026-07-28T06:20:28.344471
HOSP-001,DEPT-DIAG,2026-01-28,High,Limited,0.5,4,RISKPRIOR-20260728062026,2026-07-28T06:20:28.344471
HOSP-001,DEPT-ADM,2026-01-28,High,Limited,0.3333333333333333,4,RISKPRIOR-20260728062026,2026-07-28T06:20:28.344471
HOSP-001,DEPT-OPC,2026-01-28,Moderate,Sufficient,0.8333333333333334,4,RISKPRIOR-20260728062026,2026-07-28T06:20:28.344471
HOSP-001,DEPT-PEX,2026-01-28,High,Limited,0.5,4,RISKPRIOR-20260728062026,2026-07-28T06:20:28.344471
HOSP-001,DEPT-ED,2026-01-29,Moderate,Sufficient,0.8333333333333334,4,RISKPRIOR-20260728062026,2026-07-28T06:20:28.344471
HOSP-001,DEPT-OPC,2026-01-29,Moderate,Sufficient,0.8333333333333334,4,RISKPRIOR-20260728062026,2026-07-28T06:20:28.344471
HOSP-001,DEPT-ICU,2026-01-29,Moderate,Sufficient,0.6666666666666666,4,RISKPRIOR-20260728062026,2026-07-28T06:20:28.344471
HOSP-001,DEPT-MED,2026-01-29,Moderate,Limited,0.5,4,RISKPRIOR-20260728062026,2026-07-28T06:20:28.344471
HOSP-001,DEPT-ADM,2026-01-29,High,Limited,0.5,4,RISKPRIOR-20260728062026,2026-07-28T06:20:28.344471
HOSP-001,DEPT-PEX,2026-01-29,High,Limited,0.5,4,RISKPRIOR-20260728062026,2026-07-28T06:20:28.344471
HOSP-001,DEPT-SURG,2026-01-29,Moderate,Sufficient,0.6666666666666666,4,RISKPRIOR-20260728062026,2026-07-28T06:20:28.344471
HOSP-001,DEPT-DIAG,2026-01-29,High,Limited,0.5,4,RISKPRIOR-20260728062026,2026-07-28T06:20:28.344471
HOSP-001,DEPT-ADM,2026-01-30,High,Limited,0.5,4,RISKPRIOR-20260728062026,2026-07-28T06:20:28.344471
HOSP-001,DEPT-DIAG,2026-01-30,Moderate,Sufficient,0.8333333333333334,4,RISKPRIOR-20260728062026,2026-07-28T06:20:28.344471
HOSP-001,DEPT-SURG,2026-01-30,Moderate,Sufficient,0.6666666666666666,4,RISKPRIOR-20260728062026,2026-07-28T06:20:28.344471
HOSP-001,DEPT-MED,2026-01-30,Moderate,Sufficient,0.6666666666666666,4,RISKPRIOR-20260728062026,2026-07-28T06:20:28.344471
HOSP-001,DEPT-ICU,2026-01-30,Moderate,Sufficient,0.6666666666666666,4,RISKPRIOR-20260728062026,2026-07-28T06:20:28.344471
HOSP-001,DEPT-PEX,2026-01-30,High,Limited,0.5,4,RISKPRIOR-20260728062026,2026-07-28T06:20:28.344471
HOSP-001,DEPT-OPC,2026-01-30,Moderate,Sufficient,0.8333333333333334,4,RISKPRIOR-20260728062026,2026-07-28T06:20:28.344471
HOSP-001,DEPT-ED,2026-01-30,Moderate,Sufficient,0.8333333333333334,4,RISKPRIOR-20260728062026,2026-07-28T06:20:28.344471
HOSP-001,DEPT-SURG,2026-01-31,Moderate,Sufficient,0.6666666666666666,4,RISKPRIOR-20260728062026,2026-07-28T06:20:28.344471
HOSP-001,DEPT-MED,2026-01-31,Moderate,Sufficient,0.6666666666666666,4,RISKPRIOR-20260728062026,2026-07-28T06:20:28.344471
HOSP-001,DEPT-ADM,2026-01-31,High,Limited,0.5,4,RISKPRIOR-20260728062026,2026-07-28T06:20:28.344471
HOSP-001,DEPT-DIAG,2026-01-31,Moderate,Sufficient,0.8333333333333334,4,RISKPRIOR-20260728062026,2026-07-28T06:20:28.344471
HOSP-001,DEPT-OPC,2026-01-31,Moderate,Sufficient,0.8333333333333334,4,RISKPRIOR-20260728062026,2026-07-28T06:20:28.344471
HOSP-001,DEPT-PEX,2026-01-31,High,Limited,0.5,4,RISKPRIOR-20260728062026,2026-07-28T06:20:28.344471
HOSP-001,DEPT-ICU,2026-01-31,Moderate,Sufficient,0.6666666666666666,4,RISKPRIOR-20260728062026,2026-07-28T06:20:28.344471
HOSP-001,DEPT-ED,2026-01-31,Moderate,Sufficient,0.8333333333333334,4,RISKPRIOR-20260728062026,2026-07-28T06:20:28.344471
HOSP-001,DEPT-ED,2026-02-01,Moderate,Sufficient,0.8333333333333334,4,RISKPRIOR-20260728062026,2026-07-28T06:20:28.344471
HOSP-001,DEPT-ICU,2026-02-01,Moderate,Sufficient,0.6666666666666666,4,RISKPRIOR-20260728062026,2026-07-28T06:20:28.344471
HOSP-001,DEPT-MED,2026-02-01,Moderate,Sufficient,0.6666666666666666,4,RISKPRIOR-20260728062026,2026-07-28T06:20:28.344471
HOSP-001,DEPT-ADM,2026-02-01,High,Limited,0.5,4,RISKPRIOR-20260728062026,2026-07-28T06:20:28.344471
HOSP-001,DEPT-SURG,2026-02-01,Moderate,Sufficient,0.6666666666666666,4,RISKPRIOR-20260728062026,2026-07-28T06:20:28.344471
HOSP-001,DEPT-OPC,2026-02-01,Moderate,Sufficient,0.8333333333333334,4,RISKPRIOR-20260728062026,2026-07-28T06:20:28.344471
HOSP-001,DEPT-PEX,2026-02-01,High,Limited,0.5,4,RISKPRIOR-20260728062026,2026-07-28T06:20:28.344471
HOSP-001,DEPT-DIAG,2026-02-01,Moderate,Sufficient,0.8333333333333334,4,RISKPRIOR-20260728062026,2026-07-28T06:20:28.344471
HOSP-001,DEPT-ADM,2026-02-02,High,Limited,0.5,4,RISKPRIOR-20260728062026,2026-07-28T06:20:28.344471
HOSP-001,DEPT-PEX,2026-02-02,High,Limited,0.5,4,RISKPRIOR-20260728062026,2026-07-28T06:20:28.344471
HOSP-001,DEPT-ICU,2026-02-02,Moderate,Sufficient,0.6666666666666666,4,RISKPRIOR-20260728062026,2026-07-28T06:20:28.344471
HOSP-001,DEPT-SURG,2026-02-02,Moderate,Sufficient,0.6666666666666666,4,RISKPRIOR-20260728062026,2026-07-28T06:20:28.344471
HOSP-001,DEPT-MED,2026-02-02,Moderate,Sufficient,0.6666666666666666,4,RISKPRIOR-20260728062026,2026-07-28T06:20:28.344471
HOSP-001,DEPT-ED,2026-02-02,Moderate,Sufficient,0.8333333333333334,4,RISKPRIOR-20260728062026,2026-07-28T06:20:28.344471
HOSP-001,DEPT-OPC,2026-02-02,Moderate,Sufficient,0.8333333333333334,4,RISKPRIOR-20260728062026,2026-07-28T06:20:28.344471
HOSP-001,DEPT-DIAG,2026-02-02,Moderate,Sufficient,0.6666666666666666,4,RISKPRIOR-20260728062026,2026-07-28T06:20:28.344471
HOSP-001,DEPT-PEX,2026-02-03,High,Limited,0.5,4,RISKPRIOR-20260728062026,2026-07-28T06:20:28.344471
HOSP-001,DEPT-SURG,2026-02-03,Moderate,Sufficient,0.6666666666666666,4,RISKPRIOR-20260728062026,2026-07-28T06:20:28.344471
HOSP-001,DEPT-ICU,2026-02-03,Moderate,Sufficient,0.6666666666666666,4,RISKPRIOR-20260728062026,2026-07-28T06:20:28.344471
HOSP-001,DEPT-MED,2026-02-03,Moderate,Sufficient,0.6666666666666666,4,RISKPRIOR-20260728062026,2026-07-28T06:20:28.344471
HOSP-001,DEPT-OPC,2026-02-03,Moderate,Sufficient,0.8333333333333334,4,RISKPRIOR-20260728062026,2026-07-28T06:20:28.344471
HOSP-001,DEPT-ED,2026-02-03,Moderate,Sufficient,0.8333333333333334,4,RISKPRIOR-20260728062026,2026-07-28T06:20:28.344471
HOSP-001,DEPT-ADM,2026-02-03,High,Limited,0.3333333333333333,4,RISKPRIOR-20260728062026,2026-07-28T06:20:28.344471
HOSP-001,DEPT-DIAG,2026-02-03,Moderate,Sufficient,0.8333333333333334,4,RISKPRIOR-20260728062026,2026-07-28T06:20:28.344471
HOSP-001,DEPT-ICU,2026-02-04,Moderate,Limited,0.5,4,RISKPRIOR-20260728062026,2026-07-28T06:20:28.344471
HOSP-001,DEPT-MED,2026-02-04,Moderate,Sufficient,0.6666666666666666,4,RISKPRIOR-20260728062026,2026-07-28T06:20:28.344471
HOSP-001,DEPT-SURG,2026-02-04,Moderate,Sufficient,0.6666666666666666,4,RISKPRIOR-20260728062026,2026-07-28T06:20:28.344471
HOSP-001,DEPT-PEX,2026-02-04,High,Limited,0.5,4,RISKPRIOR-20260728062026,2026-07-28T06:20:28.344471
HOSP-001,DEPT-OPC,2026-02-04,High,Limited,0.5,4,RISKPRIOR-20260728062026,2026-07-28T06:20:28.344471
HOSP-001,DEPT-ED,2026-02-04,Moderate,Sufficient,0.8333333333333334,4,RISKPRIOR-20260728062026,2026-07-28T06:20:28.344471
HOSP-001,DEPT-DIAG,2026-02-04,Moderate,Sufficient,0.8333333333333334,4,RISKPRIOR-20260728062026,2026-07-28T06:20:28.344471
HOSP-001,DEPT-ADM,2026-02-04,High,Limited,0.5,4,RISKPRIOR-20260728062026,2026-07-28T06:20:28.344471
HOSP-001,DEPT-SURG,2026-02-05,Moderate,Sufficient,0.6666666666666666,4,RISKPRIOR-20260728062026,2026-07-28T06:20:28.344471
HOSP-001,DEPT-ICU,2026-02-05,Moderate,Sufficient,0.6666666666666666,4,RISKPRIOR-20260728062026,2026-07-28T06:20:28.344471
HOSP-001,DEPT-PEX,2026-02-05,High,Limited,0.3333333333333333,4,RISKPRIOR-20260728062026,2026-07-28T06:20:28.344471
HOSP-001,DEPT-ADM,2026-02-05,High,Limited,0.5,4,RISKPRIOR-20260728062026,2026-07-28T06:20:28.344471
HOSP-001,DEPT-MED,2026-02-05,Moderate,Sufficient,0.6666666666666666,4,RISKPRIOR-20260728062026,2026-07-28T06:20:28.344471
HOSP-001,DEPT-OPC,2026-02-05,Moderate,Sufficient,0.8333333333333334,4,RISKPRIOR-20260728062026,2026-07-28T06:20:28.344471
HOSP-001,DEPT-DIAG,2026-02-05,Moderate,Sufficient,0.8333333333333334,4,RISKPRIOR-20260728062026,2026-07-28T06:20:28.344471
HOSP-001,DEPT-ED,2026-02-05,High,Limited,0.5,4,RISKPRIOR-20260728062026,2026-07-28T06:20:28.344471
HOSP-001,DEPT-ADM,2026-02-06,High,Limited,0.5,4,RISKPRIOR-20260728062026,2026-07-28T06:20:28.344471
HOSP-001,DEPT-PEX,2026-02-06,High,Limited,0.5,4,RISKPRIOR-20260728062026,2026-07-28T06:20:28.344471
HOSP-001,DEPT-SURG,2026-02-06,Moderate,Sufficient,0.6666666666666666,4,RISKPRIOR-20260728062026,2026-07-28T06:20:28.344471
HOSP-001,DEPT-MED,2026-02-06,Moderate,Sufficient,0.6666666666666666,4,RISKPRIOR-20260728062026,2026-07-28T06:20:28.344471
HOSP-001,DEPT-ICU,2026-02-06,Moderate,Sufficient,0.6666666666666666,4,RISKPRIOR-20260728062026,2026-07-28T06:20:28.344471
HOSP-001,DEPT-OPC,2026-02-06,Moderate,Sufficient,0.6666666666666666,4,RISKPRIOR-20260728062026,2026-07-28T06:20:28.344471
HOSP-001,DEPT-DIAG,2026-02-06,Moderate,Sufficient,0.8333333333333334,4,RISKPRIOR-20260728062026,2026-07-28T06:20:28.344471
HOSP-001,DEPT-ED,2026-02-06,Moderate,Sufficient,0.8333333333333334,4,RISKPRIOR-20260728062026,2026-07-28T06:20:28.344471
HOSP-001,DEPT-ED,2026-02-07,High,Limited,0.5,4,RISKPRIOR-20260728062026,2026-07-28T06:20:28.344471
HOSP-001,DEPT-PEX,2026-02-07,High,Limited,0.5,4,RISKPRIOR-20260728062026,2026-07-28T06:20:28.344471
HOSP-001,DEPT-DIAG,2026-02-07,Moderate,Sufficient,0.8333333333333334,4,RISKPRIOR-20260728062026,2026-07-28T06:20:28.344471
HOSP-001,DEPT-MED,2026-02-07,Moderate,Limited,0.5,4,RISKPRIOR-20260728062026,2026-07-28T06:20:28.344471
HOSP-001,DEPT-ICU,2026-02-07,Moderate,Sufficient,0.6666666666666666,4,RISKPRIOR-20260728062026,2026-07-28T06:20:28.344471
HOSP-001,DEPT-SURG,2026-02-07,Moderate,Sufficient,0.6666666666666666,4,RISKPRIOR-20260728062026,2026-07-28T06:20:28.344471
HOSP-001,DEPT-ADM,2026-02-07,High,Limited,0.5,4,RISKPRIOR-20260728062026,2026-07-28T06:20:28.344471
HOSP-001,DEPT-OPC,2026-02-07,Moderate,Sufficient,0.8333333333333334,4,RISKPRIOR-20260728062026,2026-07-28T06:20:28.344471
HOSP-001,DEPT-MED,2026-02-08,Moderate,Limited,0.5,4,RISKPRIOR-20260728062026,2026-07-28T06:20:28.344471
HOSP-001,DEPT-ICU,2026-02-08,Moderate,Limited,0.5,4,RISKPRIOR-20260728062026,2026-07-28T06:20:28.344471
HOSP-001,DEPT-SURG,2026-02-08,Moderate,Sufficient,0.6666666666666666,4,RISKPRIOR-20260728062026,2026-07-28T06:20:28.344471
HOSP-001,DEPT-ADM,2026-02-08,High,Limited,0.5,4,RISKPRIOR-20260728062026,2026-07-28T06:20:28.344471
HOSP-001,DEPT-ED,2026-02-08,Moderate,Sufficient,0.8333333333333334,4,RISKPRIOR-20260728062026,2026-07-28T06:20:28.344471
HOSP-001,DEPT-OPC,2026-02-08,Moderate,Sufficient,0.8333333333333334,4,RISKPRIOR-20260728062026,2026-07-28T06:20:28.344471
HOSP-001,DEPT-PEX,2026-02-08,High,Limited,0.5,4,RISKPRIOR-20260728062026,2026-07-28T06:20:28.344471
HOSP-001,DEPT-DIAG,2026-02-08,Moderate,Sufficient,0.8333333333333334,4,RISKPRIOR-20260728062026,2026-07-28T06:20:28.344471
HOSP-001,DEPT-MED,2026-02-09,Moderate,Limited,0.5,4,RISKPRIOR-20260728062026,2026-07-28T06:20:28.344471
HOSP-001,DEPT-ED,2026-02-09,Moderate,Sufficient,0.6666666666666666,4,RISKPRIOR-20260728062026,2026-07-28T06:20:28.344471
HOSP-001,DEPT-ADM,2026-02-09,High,Limited,0.5,4,RISKPRIOR-20260728062026,2026-07-28T06:20:28.344471
HOSP-001,DEPT-PEX,2026-02-09,High,Limited,0.5,4,RISKPRIOR-20260728062026,2026-07-28T06:20:28.344471
HOSP-001,DEPT-SURG,2026-02-09,Moderate,Sufficient,0.6666666666666666,4,RISKPRIOR-20260728062026,2026-07-28T06:20:28.344471
HOSP-001,DEPT-ICU,2026-02-09,Moderate,Sufficient,0.6666666666666666,4,RISKPRIOR-20260728062026,2026-07-28T06:20:28.344471
HOSP-001,DEPT-OPC,2026-02-09,Moderate,Sufficient,0.8333333333333334,4,RISKPRIOR-20260728062026,2026-07-28T06:20:28.344471
HOSP-001,DEPT-DIAG,2026-02-09,Moderate,Sufficient,0.8333333333333334,4,RISKPRIOR-20260728062026,2026-07-28T06:20:28.344471
HOSP-001,DEPT-ICU,2026-02-10,Moderate,Sufficient,0.6666666666666666,4,RISKPRIOR-20260728062026,2026-07-28T06:20:28.344471
HOSP-001,DEPT-MED,2026-02-10,Moderate,Sufficient,0.6666666666666666,4,RISKPRIOR-20260728062026,2026-07-28T06:20:28.344471
HOSP-001,DEPT-SURG,2026-02-10,Moderate,Sufficient,0.6666666666666666,4,RISKPRIOR-20260728062026,2026-07-28T06:20:28.344471
HOSP-001,DEPT-ADM,2026-02-10,High,Limited,0.5,4,RISKPRIOR-20260728062026,2026-07-28T06:20:28.344471
HOSP-001,DEPT-ED,2026-02-10,Moderate,Sufficient,0.8333333333333334,4,RISKPRIOR-20260728062026,2026-07-28T06:20:28.344471
HOSP-001,DEPT-OPC,2026-02-10,Moderate,Sufficient,0.8333333333333334,4,RISKPRIOR-20260728062026,2026-07-28T06:20:28.344471
HOSP-001,DEPT-PEX,2026-02-10,High,Limited,0.3333333333333333,4,RISKPRIOR-20260728062026,2026-07-28T06:20:28.344471
HOSP-001,DEPT-DIAG,2026-02-10,Moderate,Sufficient,0.8333333333333334,4,RISKPRIOR-20260728062026,2026-07-28T06:20:28.344471
HOSP-001,DEPT-ED,2026-02-11,Moderate,Sufficient,0.8333333333333334,4,RISKPRIOR-20260728062026,2026-07-28T06:20:28.344471
HOSP-001,DEPT-ICU,2026-02-11,Moderate,Limited,0.5,4,RISKPRIOR-20260728062026,2026-07-28T06:20:28.344471
HOSP-001,DEPT-OPC,2026-02-11,Moderate,Sufficient,0.8333333333333334,4,RISKPRIOR-20260728062026,2026-07-28T06:20:28.344471
HOSP-001,DEPT-MED,2026-02-11,Moderate,Sufficient,0.6666666666666666,4,RISKPRIOR-20260728062026,2026-07-28T06:20:28.344471
HOSP-001,DEPT-SURG,2026-02-11,Moderate,Sufficient,0.6666666666666666,4,RISKPRIOR-20260728062026,2026-07-28T06:20:28.344471
HOSP-001,DEPT-ADM,2026-02-11,High,Limited,0.5,4,RISKPRIOR-20260728062026,2026-07-28T06:20:28.344471
HOSP-001,DEPT-PEX,2026-02-11,High,Limited,0.5,4,RISKPRIOR-20260728062026,2026-07-28T06:20:28.344471
HOSP-001,DEPT-DIAG,2026-02-11,Moderate,Sufficient,0.8333333333333334,4,RISKPRIOR-20260728062026,2026-07-28T06:20:28.344471
HOSP-001,DEPT-PEX,2026-02-12,High,Limited,0.5,4,RISKPRIOR-20260728062026,2026-07-28T06:20:28.344471
HOSP-001,DEPT-ICU,2026-02-12,Moderate,Limited,0.5,4,RISKPRIOR-20260728062026,2026-07-28T06:20:28.344471
HOSP-001,DEPT-DIAG,2026-02-12,Moderate,Sufficient,0.8333333333333334,4,RISKPRIOR-20260728062026,2026-07-28T06:20:28.344471
HOSP-001,DEPT-SURG,2026-02-12,Moderate,Sufficient,0.6666666666666666,4,RISKPRIOR-20260728062026,2026-07-28T06:20:28.344471
HOSP-001,DEPT-ED,2026-02-12,Moderate,Sufficient,0.8333333333333334,4,RISKPRIOR-20260728062026,2026-07-28T06:20:28.344471
HOSP-001,DEPT-OPC,2026-02-12,Moderate,Sufficient,0.8333333333333334,4,RISKPRIOR-20260728062026,2026-07-28T06:20:28.344471
HOSP-001,DEPT-MED,2026-02-12,Moderate,Limited,0.5,4,RISKPRIOR-20260728062026,2026-07-28T06:20:28.344471
HOSP-001,DEPT-ADM,2026-02-12,High,Limited,0.5,4,RISKPRIOR-20260728062026,2026-07-28T06:20:28.344471
HOSP-001,DEPT-DIAG,2026-02-13,Moderate,Sufficient,0.6666666666666666,4,RISKPRIOR-20260728062026,2026-07-28T06:20:28.344471
HOSP-001,DEPT-SURG,2026-02-13,Moderate,Sufficient,0.6666666666666666,4,RISKPRIOR-20260728062026,2026-07-28T06:20:28.344471
HOSP-001,DEPT-ICU,2026-02-13,Moderate,Sufficient,0.6666666666666666,4,RISKPRIOR-20260728062026,2026-07-28T06:20:28.344471
HOSP-001,DEPT-MED,2026-02-13,Moderate,Sufficient,0.6666666666666666,4,RISKPRIOR-20260728062026,2026-07-28T06:20:28.344471
HOSP-001,DEPT-ED,2026-02-13,High,Limited,0.5,4,RISKPRIOR-20260728062026,2026-07-28T06:20:28.344471
HOSP-001,DEPT-OPC,2026-02-13,Moderate,Sufficient,0.8333333333333334,4,RISKPRIOR-20260728062026,2026-07-28T06:20:28.344471
HOSP-001,DEPT-ADM,2026-02-13,High,Limited,0.5,4,RISKPRIOR-20260728062026,2026-07-28T06:20:28.344471
HOSP-001,DEPT-PEX,2026-02-13,High,Limited,0.5,4,RISKPRIOR-20260728062026,2026-07-28T06:20:28.344471
HOSP-001,DEPT-ADM,2026-02-14,High,Limited,0.5,4,RISKPRIOR-20260728062026,2026-07-28T06:20:28.344471
HOSP-001,DEPT-SURG,2026-02-14,Moderate,Sufficient,0.6666666666666666,4,RISKPRIOR-20260728062026,2026-07-28T06:20:28.344471
HOSP-001,DEPT-PEX,2026-02-14,High,Limited,0.5,4,RISKPRIOR-20260728062026,2026-07-28T06:20:28.344471
HOSP-001,DEPT-ICU,2026-02-14,Moderate,Limited,0.5,4,RISKPRIOR-20260728062026,2026-07-28T06:20:28.344471
HOSP-001,DEPT-DIAG,2026-02-14,Moderate,Sufficient,0.8333333333333334,4,RISKPRIOR-20260728062026,2026-07-28T06:20:28.344471
HOSP-001,DEPT-MED,2026-02-14,Moderate,Sufficient,0.6666666666666666,4,RISKPRIOR-20260728062026,2026-07-28T06:20:28.344471
HOSP-001,DEPT-ED,2026-02-14,High,Limited,0.5,4,RISKPRIOR-20260728062026,2026-07-28T06:20:28.344471
HOSP-001,DEPT-OPC,2026-02-14,High,Limited,0.5,4,RISKPRIOR-20260728062026,2026-07-28T06:20:28.344471
HOSP-001,DEPT-ICU,2026-02-15,Moderate,Sufficient,0.6666666666666666,4,RISKPRIOR-20260728062026,2026-07-28T06:20:28.344471
HOSP-001,DEPT-PEX,2026-02-15,High,Limited,0.5,4,RISKPRIOR-20260728062026,2026-07-28T06:20:28.344471
HOSP-001,DEPT-MED,2026-02-15,Moderate,Sufficient,0.6666666666666666,4,RISKPRIOR-20260728062026,2026-07-28T06:20:28.344471
HOSP-001,DEPT-SURG,2026-02-15,Moderate,Limited,0.5,4,RISKPRIOR-20260728062026,2026-07-28T06:20:28.344471
HOSP-001,DEPT-ADM,2026-02-15,High,Limited,0.5,4,RISKPRIOR-20260728062026,2026-07-28T06:20:28.344471
HOSP-001,DEPT-ED,2026-02-15,Moderate,Sufficient,0.8333333333333334,4,RISKPRIOR-20260728062026,2026-07-28T06:20:28.344471
HOSP-001,DEPT-OPC,2026-02-15,Moderate,Sufficient,0.8333333333333334,4,RISKPRIOR-20260728062026,2026-07-28T06:20:28.344471
HOSP-001,DEPT-DIAG,2026-02-15,Moderate,Sufficient,0.8333333333333334,4,RISKPRIOR-20260728062026,2026-07-28T06:20:28.344471
HOSP-001,DEPT-ICU,2026-02-16,Moderate,Limited,0.5,4,RISKPRIOR-20260728062026,2026-07-28T06:20:28.344471
HOSP-001,DEPT-ED,2026-02-16,Moderate,Sufficient,0.6666666666666666,4,RISKPRIOR-20260728062026,2026-07-28T06:20:28.344471
HOSP-001,DEPT-MED,2026-02-16,Moderate,Sufficient,0.6666666666666666,4,RISKPRIOR-20260728062026,2026-07-28T06:20:28.344471
HOSP-001,DEPT-SURG,2026-02-16,Moderate,Limited,0.5,4,RISKPRIOR-20260728062026,2026-07-28T06:20:28.344471
HOSP-001,DEPT-ADM,2026-02-16,High,Limited,0.5,4,RISKPRIOR-20260728062026,2026-07-28T06:20:28.344471
HOSP-001,DEPT-DIAG,2026-02-16,Moderate,Sufficient,0.8333333333333334,4,RISKPRIOR-20260728062026,2026-07-28T06:20:28.344471
HOSP-001,DEPT-PEX,2026-02-16,High,Limited,0.5,4,RISKPRIOR-20260728062026,2026-07-28T06:20:28.344471
HOSP-001,DEPT-OPC,2026-02-16,Moderate,Sufficient,0.6666666666666666,4,RISKPRIOR-20260728062026,2026-07-28T06:20:28.344471
HOSP-001,DEPT-SURG,2026-02-17,Moderate,Sufficient,0.6666666666666666,4,RISKPRIOR-20260728062026,2026-07-28T06:20:28.344471
HOSP-001,DEPT-MED,2026-02-17,Moderate,Limited,0.5,4,RISKPRIOR-20260728062026,2026-07-28T06:20:28.344471
HOSP-001,DEPT-ICU,2026-02-17,Moderate,Limited,0.5,4,RISKPRIOR-20260728062026,2026-07-28T06:20:28.344471
HOSP-001,DEPT-ED,2026-02-17,Moderate,Sufficient,0.8333333333333334,4,RISKPRIOR-20260728062026,2026-07-28T06:20:28.344471
HOSP-001,DEPT-OPC,2026-02-17,Moderate,Sufficient,0.8333333333333334,4,RISKPRIOR-20260728062026,2026-07-28T06:20:28.344471
HOSP-001,DEPT-ADM,2026-02-17,High,Limited,0.3333333333333333,4,RISKPRIOR-20260728062026,2026-07-28T06:20:28.344471
HOSP-001,DEPT-PEX,2026-02-17,High,Limited,0.5,4,RISKPRIOR-20260728062026,2026-07-28T06:20:28.344471
HOSP-001,DEPT-DIAG,2026-02-17,Moderate,Sufficient,0.8333333333333334,4,RISKPRIOR-20260728062026,2026-07-28T06:20:28.344471
HOSP-001,DEPT-DIAG,2026-02-18,Moderate,Sufficient,0.8333333333333334,4,RISKPRIOR-20260728062026,2026-07-28T06:20:28.344471
HOSP-001,DEPT-ICU,2026-02-18,Moderate,Limited,0.5,4,RISKPRIOR-20260728062026,2026-07-28T06:20:28.344471
HOSP-001,DEPT-PEX,2026-02-18,High,Limited,0.5,4,RISKPRIOR-20260728062026,2026-07-28T06:20:28.344471
HOSP-001,DEPT-ED,2026-02-18,Moderate,Sufficient,0.8333333333333334,4,RISKPRIOR-20260728062026,2026-07-28T06:20:28.344471
HOSP-001,DEPT-SURG,2026-02-18,Moderate,Sufficient,0.6666666666666666,4,RISKPRIOR-20260728062026,2026-07-28T06:20:28.344471
HOSP-001,DEPT-MED,2026-02-18,Moderate,Sufficient,0.6666666666666666,4,RISKPRIOR-20260728062026,2026-07-28T06:20:28.344471
HOSP-001,DEPT-ADM,2026-02-18,High,Limited,0.5,4,RISKPRIOR-20260728062026,2026-07-28T06:20:28.344471
HOSP-001,DEPT-OPC,2026-02-18,High,Limited,0.5,4,RISKPRIOR-20260728062026,2026-07-28T06:20:28.344471
HOSP-001,DEPT-ICU,2026-02-19,Moderate,Limited,0.5,4,RISKPRIOR-20260728062026,2026-07-28T06:20:28.344471
HOSP-001,DEPT-ED,2026-02-19,Moderate,Sufficient,0.8333333333333334,4,RISKPRIOR-20260728062026,2026-07-28T06:20:28.344471
HOSP-001,DEPT-MED,2026-02-19,Moderate,Sufficient,0.6666666666666666,4,RISKPRIOR-20260728062026,2026-07-28T06:20:28.344471
HOSP-001,DEPT-PEX,2026-02-19,High,Limited,0.5,4,RISKPRIOR-20260728062026,2026-07-28T06:20:28.344471
HOSP-001,DEPT-SURG,2026-02-19,Moderate,Sufficient,0.6666666666666666,4,RISKPRIOR-20260728062026,2026-07-28T06:20:28.344471
HOSP-001,DEPT-DIAG,2026-02-19,Moderate,Sufficient,0.8333333333333334,4,RISKPRIOR-20260728062026,2026-07-28T06:20:28.344471
HOSP-001,DEPT-ADM,2026-02-19,High,Limited,0.5,4,RISKPRIOR-20260728062026,2026-07-28T06:20:28.344471
HOSP-001,DEPT-OPC,2026-02-19,Moderate,Sufficient,0.8333333333333334,4,RISKPRIOR-20260728062026,2026-07-28T06:20:28.344471
HOSP-001,DEPT-DIAG,2026-02-20,Moderate,Sufficient,0.8333333333333334,4,RISKPRIOR-20260728062026,2026-07-28T06:20:28.344471
HOSP-001,DEPT-MED,2026-02-20,Moderate,Sufficient,0.6666666666666666,4,RISKPRIOR-20260728062026,2026-07-28T06:20:28.344471
HOSP-001,DEPT-ICU,2026-02-20,Moderate,Limited,0.5,4,RISKPRIOR-20260728062026,2026-07-28T06:20:28.344471
HOSP-001,DEPT-SURG,2026-02-20,Moderate,Sufficient,0.6666666666666666,4,RISKPRIOR-20260728062026,2026-07-28T06:20:28.344471
HOSP-001,DEPT-PEX,2026-02-20,High,Limited,0.5,4,RISKPRIOR-20260728062026,2026-07-28T06:20:28.344471
HOSP-001,DEPT-ED,2026-02-20,High,Limited,0.5,4,RISKPRIOR-20260728062026,2026-07-28T06:20:28.344471
HOSP-001,DEPT-ADM,2026-02-20,High,Limited,0.5,4,RISKPRIOR-20260728062026,2026-07-28T06:20:28.344471
HOSP-001,DEPT-OPC,2026-02-20,Moderate,Sufficient,0.8333333333333334,4,RISKPRIOR-20260728062026,2026-07-28T06:20:28.344471
HOSP-001,DEPT-PEX,2026-02-21,High,Limited,0.5,4,RISKPRIOR-20260728062026,2026-07-28T06:20:28.344471
HOSP-001,DEPT-ADM,2026-02-21,High,Limited,0.3333333333333333,4,RISKPRIOR-20260728062026,2026-07-28T06:20:28.344471
HOSP-001,DEPT-ICU,2026-02-21,Moderate,Sufficient,0.6666666666666666,4,RISKPRIOR-20260728062026,2026-07-28T06:20:28.344471
HOSP-001,DEPT-MED,2026-02-21,Moderate,Sufficient,0.6666666666666666,4,RISKPRIOR-20260728062026,2026-07-28T06:20:28.344471
HOSP-001,DEPT-SURG,2026-02-21,Moderate,Sufficient,0.6666666666666666,4,RISKPRIOR-20260728062026,2026-07-28T06:20:28.344471
HOSP-001,DEPT-DIAG,2026-02-21,Moderate,Sufficient,0.8333333333333334,4,RISKPRIOR-20260728062026,2026-07-28T06:20:28.344471
HOSP-001,DEPT-ED,2026-02-21,Moderate,Sufficient,0.8333333333333334,4,RISKPRIOR-20260728062026,2026-07-28T06:20:28.344471
HOSP-001,DEPT-OPC,2026-02-21,Moderate,Sufficient,0.8333333333333334,4,RISKPRIOR-20260728062026,2026-07-28T06:20:28.344471
HOSP-001,DEPT-MED,2026-02-22,Moderate,Sufficient,0.6666666666666666,4,RISKPRIOR-20260728062026,2026-07-28T06:20:28.344471
HOSP-001,DEPT-ICU,2026-02-22,Moderate,Limited,0.5,4,RISKPRIOR-20260728062026,2026-07-28T06:20:28.344471
HOSP-001,DEPT-DIAG,2026-02-22,High,Limited,0.5,4,RISKPRIOR-20260728062026,2026-07-28T06:20:28.344471
HOSP-001,DEPT-ED,2026-02-22,High,Limited,0.5,4,RISKPRIOR-20260728062026,2026-07-28T06:20:28.344471
HOSP-001,DEPT-OPC,2026-02-22,Moderate,Sufficient,0.8333333333333334,4,RISKPRIOR-20260728062026,2026-07-28T06:20:28.344471
HOSP-001,DEPT-ADM,2026-02-22,High,Limited,0.5,4,RISKPRIOR-20260728062026,2026-07-28T06:20:28.344471
HOSP-001,DEPT-PEX,2026-02-22,High,Limited,0.5,4,RISKPRIOR-20260728062026,2026-07-28T06:20:28.344471
HOSP-001,DEPT-SURG,2026-02-22,Moderate,Sufficient,0.6666666666666666,4,RISKPRIOR-20260728062026,2026-07-28T06:20:28.344471
HOSP-001,DEPT-SURG,2026-02-23,Moderate,Sufficient,0.6666666666666666,4,RISKPRIOR-20260728062026,2026-07-28T06:20:28.344471
HOSP-001,DEPT-ICU,2026-02-23,Moderate,Sufficient,0.6666666666666666,4,RISKPRIOR-20260728062026,2026-07-28T06:20:28.344471
HOSP-001,DEPT-DIAG,2026-02-23,Moderate,Sufficient,0.8333333333333334,4,RISKPRIOR-20260728062026,2026-07-28T06:20:28.344471
HOSP-001,DEPT-MED,2026-02-23,Moderate,Sufficient,0.6666666666666666,4,RISKPRIOR-20260728062026,2026-07-28T06:20:28.344471
HOSP-001,DEPT-ADM,2026-02-23,High,Limited,0.5,4,RISKPRIOR-20260728062026,2026-07-28T06:20:28.344471
HOSP-001,DEPT-ED,2026-02-23,Moderate,Sufficient,0.8333333333333334,4,RISKPRIOR-20260728062026,2026-07-28T06:20:28.344471
HOSP-001,DEPT-OPC,2026-02-23,High,Limited,0.5,4,RISKPRIOR-20260728062026,2026-07-28T06:20:28.344471
HOSP-001,DEPT-PEX,2026-02-23,High,Limited,0.5,4,RISKPRIOR-20260728062026,2026-07-28T06:20:28.344471
HOSP-001,DEPT-MED,2026-02-24,Moderate,Sufficient,0.6666666666666666,4,RISKPRIOR-20260728062026,2026-07-28T06:20:28.344471
HOSP-001,DEPT-DIAG,2026-02-24,Moderate,Sufficient,0.8333333333333334,4,RISKPRIOR-20260728062026,2026-07-28T06:20:28.344471
HOSP-001,DEPT-ICU,2026-02-24,Moderate,Limited,0.5,4,RISKPRIOR-20260728062026,2026-07-28T06:20:28.344471
HOSP-001,DEPT-ADM,2026-02-24,High,Limited,0.5,4,RISKPRIOR-20260728062026,2026-07-28T06:20:28.344471
HOSP-001,DEPT-PEX,2026-02-24,High,Limited,0.5,4,RISKPRIOR-20260728062026,2026-07-28T06:20:28.344471
HOSP-001,DEPT-OPC,2026-02-24,Moderate,Sufficient,0.8333333333333334,4,RISKPRIOR-20260728062026,2026-07-28T06:20:28.344471
HOSP-001,DEPT-SURG,2026-02-24,Moderate,Limited,0.5,4,RISKPRIOR-20260728062026,2026-07-28T06:20:28.344471
HOSP-001,DEPT-ED,2026-02-24,Moderate,Sufficient,0.8333333333333334,4,RISKPRIOR-20260728062026,2026-07-28T06:20:28.344471
HOSP-001,DEPT-ICU,2026-02-25,Moderate,Sufficient,0.6666666666666666,4,RISKPRIOR-20260728062026,2026-07-28T06:20:28.344471
HOSP-001,DEPT-SURG,2026-02-25,Moderate,Sufficient,0.6666666666666666,4,RISKPRIOR-20260728062026,2026-07-28T06:20:28.344471
HOSP-001,DEPT-DIAG,2026-02-25,Moderate,Sufficient,0.8333333333333334,4,RISKPRIOR-20260728062026,2026-07-28T06:20:28.344471
HOSP-001,DEPT-MED,2026-02-25,Moderate,Sufficient,0.6666666666666666,4,RISKPRIOR-20260728062026,2026-07-28T06:20:28.344471
HOSP-001,DEPT-ADM,2026-02-25,High,Limited,0.5,4,RISKPRIOR-20260728062026,2026-07-28T06:20:28.344471
HOSP-001,DEPT-PEX,2026-02-25,High,Limited,0.5,4,RISKPRIOR-20260728062026,2026-07-28T06:20:28.344471
HOSP-001,DEPT-OPC,2026-02-25,Moderate,Sufficient,0.8333333333333334,4,RISKPRIOR-20260728062026,2026-07-28T06:20:28.344471
HOSP-001,DEPT-ED,2026-02-25,Moderate,Sufficient,0.8333333333333334,4,RISKPRIOR-20260728062026,2026-07-28T06:20:28.344471
HOSP-001,DEPT-SURG,2026-02-26,Moderate,Sufficient,0.6666666666666666,4,RISKPRIOR-20260728062026,2026-07-28T06:20:28.344471
HOSP-001,DEPT-ICU,2026-02-26,Moderate,Sufficient,0.6666666666666666,4,RISKPRIOR-20260728062026,2026-07-28T06:20:28.344471
HOSP-001,DEPT-DIAG,2026-02-26,Moderate,Sufficient,0.8333333333333334,4,RISKPRIOR-20260728062026,2026-07-28T06:20:28.344471
HOSP-001,DEPT-ED,2026-02-26,Moderate,Sufficient,0.6666666666666666,4,RISKPRIOR-20260728062026,2026-07-28T06:20:28.344471
HOSP-001,DEPT-MED,2026-02-26,Moderate,Sufficient,0.6666666666666666,4,RISKPRIOR-20260728062026,2026-07-28T06:20:28.344471
HOSP-001,DEPT-OPC,2026-02-26,Moderate,Sufficient,0.8333333333333334,4,RISKPRIOR-20260728062026,2026-07-28T06:20:28.344471
HOSP-001,DEPT-PEX,2026-02-26,High,Limited,0.3333333333333333,4,RISKPRIOR-20260728062026,2026-07-28T06:20:28.344471
HOSP-001,DEPT-ADM,2026-02-26,High,Limited,0.3333333333333333,4,RISKPRIOR-20260728062026,2026-07-28T06:20:28.344471
HOSP-001,DEPT-ICU,2026-02-27,Moderate,Sufficient,0.6666666666666666,4,RISKPRIOR-20260728062026,2026-07-28T06:20:28.344471
HOSP-001,DEPT-ED,2026-02-27,Moderate,Sufficient,0.8333333333333334,4,RISKPRIOR-20260728062026,2026-07-28T06:20:28.344471
HOSP-001,DEPT-DIAG,2026-02-27,High,Limited,0.5,4,RISKPRIOR-20260728062026,2026-07-28T06:20:28.344471
HOSP-001,DEPT-SURG,2026-02-27,Moderate,Sufficient,0.6666666666666666,4,RISKPRIOR-20260728062026,2026-07-28T06:20:28.344471
HOSP-001,DEPT-MED,2026-02-27,Moderate,Sufficient,0.6666666666666666,4,RISKPRIOR-20260728062026,2026-07-28T06:20:28.344471
HOSP-001,DEPT-OPC,2026-02-27,Moderate,Sufficient,0.8333333333333334,4,RISKPRIOR-20260728062026,2026-07-28T06:20:28.344471
HOSP-001,DEPT-ADM,2026-02-27,High,Limited,0.5,4,RISKPRIOR-20260728062026,2026-07-28T06:20:28.344471
HOSP-001,DEPT-PEX,2026-02-27,High,Limited,0.5,4,RISKPRIOR-20260728062026,2026-07-28T06:20:28.344471
HOSP-001,DEPT-ICU,2026-02-28,Moderate,Sufficient,0.6666666666666666,4,RISKPRIOR-20260728062026,2026-07-28T06:20:28.344471
HOSP-001,DEPT-ADM,2026-02-28,High,Limited,0.5,4,RISKPRIOR-20260728062026,2026-07-28T06:20:28.344471
HOSP-001,DEPT-SURG,2026-02-28,Moderate,Sufficient,0.6666666666666666,4,RISKPRIOR-20260728062026,2026-07-28T06:20:28.344471
HOSP-001,DEPT-MED,2026-02-28,Moderate,Sufficient,0.6666666666666666,4,RISKPRIOR-20260728062026,2026-07-28T06:20:28.344471
HOSP-001,DEPT-DIAG,2026-02-28,Moderate,Sufficient,0.8333333333333334,4,RISKPRIOR-20260728062026,2026-07-28T06:20:28.344471
HOSP-001,DEPT-OPC,2026-02-28,Moderate,Sufficient,0.8333333333333334,4,RISKPRIOR-20260728062026,2026-07-28T06:20:28.344471
HOSP-001,DEPT-ED,2026-02-28,Moderate,Sufficient,0.8333333333333334,4,RISKPRIOR-20260728062026,2026-07-28T06:20:28.344471
HOSP-001,DEPT-PEX,2026-02-28,High,Limited,0.5,4,RISKPRIOR-20260728062026,2026-07-28T06:20:28.344471
HOSP-001,DEPT-SURG,2026-03-01,Moderate,Sufficient,0.6666666666666666,4,RISKPRIOR-20260728062026,2026-07-28T06:20:28.344471
HOSP-001,DEPT-PEX,2026-03-01,High,Limited,0.5,4,RISKPRIOR-20260728062026,2026-07-28T06:20:28.344471
HOSP-001,DEPT-ICU,2026-03-01,Moderate,Sufficient,0.6666666666666666,4,RISKPRIOR-20260728062026,2026-07-28T06:20:28.344471
HOSP-001,DEPT-DIAG,2026-03-01,High,Limited,0.5,4,RISKPRIOR-20260728062026,2026-07-28T06:20:28.344471
HOSP-001,DEPT-MED,2026-03-01,Moderate,Sufficient,0.6666666666666666,4,RISKPRIOR-20260728062026,2026-07-28T06:20:28.344471
HOSP-001,DEPT-OPC,2026-03-01,High,Limited,0.5,4,RISKPRIOR-20260728062026,2026-07-28T06:20:28.344471
HOSP-001,DEPT-ED,2026-03-01,Moderate,Sufficient,0.8333333333333334,4,RISKPRIOR-20260728062026,2026-07-28T06:20:28.344471
HOSP-001,DEPT-ADM,2026-03-01,High,Limited,0.5,4,RISKPRIOR-20260728062026,2026-07-28T06:20:28.344471
HOSP-001,DEPT-DIAG,2026-03-02,Moderate,Sufficient,0.8333333333333334,4,RISKPRIOR-20260728062026,2026-07-28T06:20:28.344471
HOSP-001,DEPT-PEX,2026-03-02,High,Limited,0.5,4,RISKPRIOR-20260728062026,2026-07-28T06:20:28.344471
HOSP-001,DEPT-SURG,2026-03-02,Moderate,Sufficient,0.6666666666666666,4,RISKPRIOR-20260728062026,2026-07-28T06:20:28.344471
HOSP-001,DEPT-ICU,2026-03-02,Moderate,Sufficient,0.6666666666666666,4,RISKPRIOR-20260728062026,2026-07-28T06:20:28.344471
HOSP-001,DEPT-OPC,2026-03-02,High,Limited,0.5,4,RISKPRIOR-20260728062026,2026-07-28T06:20:28.344471
HOSP-001,DEPT-ED,2026-03-02,Moderate,Sufficient,0.8333333333333334,4,RISKPRIOR-20260728062026,2026-07-28T06:20:28.344471
HOSP-001,DEPT-MED,2026-03-02,Moderate,Sufficient,0.6666666666666666,4,RISKPRIOR-20260728062026,2026-07-28T06:20:28.344471
HOSP-001,DEPT-ADM,2026-03-02,High,Limited,0.5,4,RISKPRIOR-20260728062026,2026-07-28T06:20:28.344471
HOSP-001,DEPT-PEX,2026-03-03,High,Limited,0.5,4,RISKPRIOR-20260728062026,2026-07-28T06:20:28.344471
HOSP-001,DEPT-ED,2026-03-03,Moderate,Sufficient,0.8333333333333334,4,RISKPRIOR-20260728062026,2026-07-28T06:20:28.344471
HOSP-001,DEPT-DIAG,2026-03-03,Moderate,Sufficient,0.8333333333333334,4,RISKPRIOR-20260728062026,2026-07-28T06:20:28.344471
HOSP-001,DEPT-ICU,2026-03-03,Moderate,Sufficient,0.6666666666666666,4,RISKPRIOR-20260728062026,2026-07-28T06:20:28.344471
HOSP-001,DEPT-OPC,2026-03-03,High,Limited,0.5,4,RISKPRIOR-20260728062026,2026-07-28T06:20:28.344471
HOSP-001,DEPT-MED,2026-03-03,Moderate,Limited,0.5,4,RISKPRIOR-20260728062026,2026-07-28T06:20:28.344471
HOSP-001,DEPT-SURG,2026-03-03,Moderate,Sufficient,0.6666666666666666,4,RISKPRIOR-20260728062026,2026-07-28T06:20:28.344471
HOSP-001,DEPT-ADM,2026-03-03,High,Limited,0.5,4,RISKPRIOR-20260728062026,2026-07-28T06:20:28.344471
HOSP-001,DEPT-PEX,2026-03-04,High,Limited,0.5,4,RISKPRIOR-20260728062026,2026-07-28T06:20:28.344471
HOSP-001,DEPT-SURG,2026-03-04,Moderate,Sufficient,0.6666666666666666,4,RISKPRIOR-20260728062026,2026-07-28T06:20:28.344471
HOSP-001,DEPT-DIAG,2026-03-04,Moderate,Sufficient,0.8333333333333334,4,RISKPRIOR-20260728062026,2026-07-28T06:20:28.344471
HOSP-001,DEPT-ICU,2026-03-04,Moderate,Sufficient,0.6666666666666666,4,RISKPRIOR-20260728062026,2026-07-28T06:20:28.344471
HOSP-001,DEPT-ED,2026-03-04,High,Limited,0.5,4,RISKPRIOR-20260728062026,2026-07-28T06:20:28.344471
HOSP-001,DEPT-OPC,2026-03-04,Moderate,Sufficient,0.8333333333333334,4,RISKPRIOR-20260728062026,2026-07-28T06:20:28.344471
HOSP-001,DEPT-MED,2026-03-04,Moderate,Sufficient,0.6666666666666666,4,RISKPRIOR-20260728062026,2026-07-28T06:20:28.344471
HOSP-001,DEPT-ADM,2026-03-04,High,Limited,0.5,4,RISKPRIOR-20260728062026,2026-07-28T06:20:28.344471
HOSP-001,DEPT-SURG,2026-03-05,Moderate,Sufficient,0.6666666666666666,4,RISKPRIOR-20260728062026,2026-07-28T06:20:28.344471
HOSP-001,DEPT-OPC,2026-03-05,Moderate,Sufficient,0.8333333333333334,4,RISKPRIOR-20260728062026,2026-07-28T06:20:28.344471
HOSP-001,DEPT-ICU,2026-03-05,Moderate,Sufficient,0.6666666666666666,4,RISKPRIOR-20260728062026,2026-07-28T06:20:28.344471
HOSP-001,DEPT-ED,2026-03-05,Moderate,Sufficient,0.8333333333333334,4,RISKPRIOR-20260728062026,2026-07-28T06:20:28.344471
HOSP-001,DEPT-PEX,2026-03-05,High,Limited,0.5,4,RISKPRIOR-20260728062026,2026-07-28T06:20:28.344471
HOSP-001,DEPT-DIAG,2026-03-05,Moderate,Sufficient,0.8333333333333334,4,RISKPRIOR-20260728062026,2026-07-28T06:20:28.344471
HOSP-001,DEPT-ADM,2026-03-05,High,Limited,0.5,4,RISKPRIOR-20260728062026,2026-07-28T06:20:28.344471
HOSP-001,DEPT-MED,2026-03-05,Moderate,Sufficient,0.6666666666666666,4,RISKPRIOR-20260728062026,2026-07-28T06:20:28.344471
HOSP-001,DEPT-OPC,2026-03-06,Moderate,Sufficient,0.8333333333333334,4,RISKPRIOR-20260728062026,2026-07-28T06:20:28.344471
HOSP-001,DEPT-PEX,2026-03-06,High,Limited,0.5,4,RISKPRIOR-20260728062026,2026-07-28T06:20:28.344471
HOSP-001,DEPT-ED,2026-03-06,Moderate,Sufficient,0.8333333333333334,4,RISKPRIOR-20260728062026,2026-07-28T06:20:28.344471
HOSP-001,DEPT-MED,2026-03-06,Moderate,Limited,0.5,4,RISKPRIOR-20260728062026,2026-07-28T06:20:28.344471
HOSP-001,DEPT-ICU,2026-03-06,Moderate,Sufficient,0.6666666666666666,4,RISKPRIOR-20260728062026,2026-07-28T06:20:28.344471
HOSP-001,DEPT-SURG,2026-03-06,Moderate,Sufficient,0.6666666666666666,4,RISKPRIOR-20260728062026,2026-07-28T06:20:28.344471
HOSP-001,DEPT-DIAG,2026-03-06,Moderate,Sufficient,0.8333333333333334,4,RISKPRIOR-20260728062026,2026-07-28T06:20:28.344471
HOSP-001,DEPT-ADM,2026-03-06,High,Limited,0.3333333333333333,4,RISKPRIOR-20260728062026,2026-07-28T06:20:28.344471
HOSP-001,DEPT-DIAG,2026-03-07,Moderate,Sufficient,0.6666666666666666,4,RISKPRIOR-20260728062026,2026-07-28T06:20:28.344471
HOSP-001,DEPT-ICU,2026-03-07,Moderate,Sufficient,0.6666666666666666,4,RISKPRIOR-20260728062026,2026-07-28T06:20:28.344471
HOSP-001,DEPT-SURG,2026-03-07,Moderate,Sufficient,0.6666666666666666,4,RISKPRIOR-20260728062026,2026-07-28T06:20:28.344471
HOSP-001,DEPT-MED,2026-03-07,Moderate,Limited,0.5,4,RISKPRIOR-20260728062026,2026-07-28T06:20:28.344471
HOSP-001,DEPT-ED,2026-03-07,Moderate,Sufficient,0.8333333333333334,4,RISKPRIOR-20260728062026,2026-07-28T06:20:28.344471
HOSP-001,DEPT-OPC,2026-03-07,Moderate,Sufficient,0.8333333333333334,4,RISKPRIOR-20260728062026,2026-07-28T06:20:28.344471
HOSP-001,DEPT-PEX,2026-03-07,High,Limited,0.5,4,RISKPRIOR-20260728062026,2026-07-28T06:20:28.344471
HOSP-001,DEPT-ADM,2026-03-07,High,Limited,0.5,4,RISKPRIOR-20260728062026,2026-07-28T06:20:28.344471
HOSP-001,DEPT-OPC,2026-03-08,Moderate,Sufficient,0.8333333333333334,4,RISKPRIOR-20260728062026,2026-07-28T06:20:28.344471
HOSP-001,DEPT-DIAG,2026-03-08,Moderate,Sufficient,0.8333333333333334,4,RISKPRIOR-20260728062026,2026-07-28T06:20:28.344471
HOSP-001,DEPT-ICU,2026-03-08,Moderate,Limited,0.5,4,RISKPRIOR-20260728062026,2026-07-28T06:20:28.344471
HOSP-001,DEPT-SURG,2026-03-08,Moderate,Sufficient,0.6666666666666666,4,RISKPRIOR-20260728062026,2026-07-28T06:20:28.344471
HOSP-001,DEPT-ED,2026-03-08,Moderate,Sufficient,0.8333333333333334,4,RISKPRIOR-20260728062026,2026-07-28T06:20:28.344471
HOSP-001,DEPT-PEX,2026-03-08,High,Limited,0.5,4,RISKPRIOR-20260728062026,2026-07-28T06:20:28.344471
HOSP-001,DEPT-MED,2026-03-08,Moderate,Sufficient,0.6666666666666666,4,RISKPRIOR-20260728062026,2026-07-28T06:20:28.344471
HOSP-001,DEPT-ADM,2026-03-08,High,Limited,0.3333333333333333,4,RISKPRIOR-20260728062026,2026-07-28T06:20:28.344471
HOSP-001,DEPT-DIAG,2026-03-09,Moderate,Sufficient,0.8333333333333334,4,RISKPRIOR-20260728062026,2026-07-28T06:20:28.344471
HOSP-001,DEPT-ED,2026-03-09,Moderate,Sufficient,0.8333333333333334,4,RISKPRIOR-20260728062026,2026-07-28T06:20:28.344471
HOSP-001,DEPT-SURG,2026-03-09,Moderate,Sufficient,0.6666666666666666,4,RISKPRIOR-20260728062026,2026-07-28T06:20:28.344471
HOSP-001,DEPT-ICU,2026-03-09,Moderate,Limited,0.5,4,RISKPRIOR-20260728062026,2026-07-28T06:20:28.344471
HOSP-001,DEPT-OPC,2026-03-09,Moderate,Sufficient,0.8333333333333334,4,RISKPRIOR-20260728062026,2026-07-28T06:20:28.344471
HOSP-001,DEPT-ADM,2026-03-09,High,Limited,0.5,4,RISKPRIOR-20260728062026,2026-07-28T06:20:28.344471
HOSP-001,DEPT-PEX,2026-03-09,High,Limited,0.5,4,RISKPRIOR-20260728062026,2026-07-28T06:20:28.344471
HOSP-001,DEPT-MED,2026-03-09,Moderate,Sufficient,0.6666666666666666,4,RISKPRIOR-20260728062026,2026-07-28T06:20:28.344471
HOSP-001,DEPT-ED,2026-03-10,Moderate,Sufficient,0.8333333333333334,4,RISKPRIOR-20260728062026,2026-07-28T06:20:28.344471
HOSP-001,DEPT-ICU,2026-03-10,Moderate,Sufficient,0.6666666666666666,4,RISKPRIOR-20260728062026,2026-07-28T06:20:28.344471
HOSP-001,DEPT-SURG,2026-03-10,Moderate,Sufficient,0.6666666666666666,4,RISKPRIOR-20260728062026,2026-07-28T06:20:28.344471
HOSP-001,DEPT-MED,2026-03-10,Moderate,Sufficient,0.6666666666666666,4,RISKPRIOR-20260728062026,2026-07-28T06:20:28.344471
HOSP-001,DEPT-OPC,2026-03-10,Moderate,Sufficient,0.8333333333333334,4,RISKPRIOR-20260728062026,2026-07-28T06:20:28.344471
HOSP-001,DEPT-DIAG,2026-03-10,Moderate,Sufficient,0.8333333333333334,4,RISKPRIOR-20260728062026,2026-07-28T06:20:28.344471
HOSP-001,DEPT-PEX,2026-03-10,High,Limited,0.5,4,RISKPRIOR-20260728062026,2026-07-28T06:20:28.344471
HOSP-001,DEPT-ADM,2026-03-10,High,Limited,0.5,4,RISKPRIOR-20260728062026,2026-07-28T06:20:28.344471
HOSP-001,DEPT-SURG,2026-03-11,Moderate,Sufficient,0.6666666666666666,4,RISKPRIOR-20260728062026,2026-07-28T06:20:28.344471
HOSP-001,DEPT-ICU,2026-03-11,Moderate,Sufficient,0.6666666666666666,4,RISKPRIOR-20260728062026,2026-07-28T06:20:28.344471
HOSP-001,DEPT-ADM,2026-03-11,High,Limited,0.5,4,RISKPRIOR-20260728062026,2026-07-28T06:20:28.344471
HOSP-001,DEPT-ED,2026-03-11,Moderate,Sufficient,0.6666666666666666,4,RISKPRIOR-20260728062026,2026-07-28T06:20:28.344471
HOSP-001,DEPT-OPC,2026-03-11,Moderate,Sufficient,0.8333333333333334,4,RISKPRIOR-20260728062026,2026-07-28T06:20:28.344471
HOSP-001,DEPT-MED,2026-03-11,Moderate,Sufficient,0.6666666666666666,4,RISKPRIOR-20260728062026,2026-07-28T06:20:28.344471
HOSP-001,DEPT-DIAG,2026-03-11,Moderate,Sufficient,0.8333333333333334,4,RISKPRIOR-20260728062026,2026-07-28T06:20:28.344471
HOSP-001,DEPT-PEX,2026-03-11,High,Limited,0.3333333333333333,4,RISKPRIOR-20260728062026,2026-07-28T06:20:28.344471
HOSP-001,DEPT-SURG,2026-03-12,Moderate,Sufficient,0.6666666666666666,4,RISKPRIOR-20260728062026,2026-07-28T06:20:28.344471
HOSP-001,DEPT-ED,2026-03-12,Moderate,Sufficient,0.8333333333333334,4,RISKPRIOR-20260728062026,2026-07-28T06:20:28.344471
HOSP-001,DEPT-MED,2026-03-12,Moderate,Sufficient,0.6666666666666666,4,RISKPRIOR-20260728062026,2026-07-28T06:20:28.344471
HOSP-001,DEPT-ICU,2026-03-12,Moderate,Sufficient,0.6666666666666666,4,RISKPRIOR-20260728062026,2026-07-28T06:20:28.344471
HOSP-001,DEPT-OPC,2026-03-12,High,Limited,0.5,4,RISKPRIOR-20260728062026,2026-07-28T06:20:28.344471
HOSP-001,DEPT-DIAG,2026-03-12,Moderate,Sufficient,0.8333333333333334,4,RISKPRIOR-20260728062026,2026-07-28T06:20:28.344471
HOSP-001,DEPT-PEX,2026-03-12,High,Limited,0.3333333333333333,4,RISKPRIOR-20260728062026,2026-07-28T06:20:28.344471
HOSP-001,DEPT-ADM,2026-03-12,High,Limited,0.5,4,RISKPRIOR-20260728062026,2026-07-28T06:20:28.344471
HOSP-001,DEPT-MED,2026-03-13,Moderate,Sufficient,0.6666666666666666,4,RISKPRIOR-20260728062026,2026-07-28T06:20:28.344471
HOSP-001,DEPT-ICU,2026-03-13,Moderate,Sufficient,0.6666666666666666,4,RISKPRIOR-20260728062026,2026-07-28T06:20:28.344471
HOSP-001,DEPT-ED,2026-03-13,Moderate,Sufficient,0.8333333333333334,4,RISKPRIOR-20260728062026,2026-07-28T06:20:28.344471
HOSP-001,DEPT-OPC,2026-03-13,Moderate,Sufficient,0.8333333333333334,4,RISKPRIOR-20260728062026,2026-07-28T06:20:28.344471
HOSP-001,DEPT-PEX,2026-03-13,High,Limited,0.5,4,RISKPRIOR-20260728062026,2026-07-28T06:20:28.344471
HOSP-001,DEPT-DIAG,2026-03-13,High,Limited,0.5,4,RISKPRIOR-20260728062026,2026-07-28T06:20:28.344471
HOSP-001,DEPT-SURG,2026-03-13,Moderate,Sufficient,0.6666666666666666,4,RISKPRIOR-20260728062026,2026-07-28T06:20:28.344471
HOSP-001,DEPT-ADM,2026-03-13,High,Limited,0.5,4,RISKPRIOR-20260728062026,2026-07-28T06:20:28.344471
HOSP-001,DEPT-OPC,2026-03-14,Moderate,Sufficient,0.8333333333333334,4,RISKPRIOR-20260728062026,2026-07-28T06:20:28.344471
HOSP-001,DEPT-SURG,2026-03-14,Moderate,Sufficient,0.6666666666666666,4,RISKPRIOR-20260728062026,2026-07-28T06:20:28.344471
HOSP-001,DEPT-PEX,2026-03-14,High,Limited,0.5,4,RISKPRIOR-20260728062026,2026-07-28T06:20:28.344471
HOSP-001,DEPT-ICU,2026-03-14,Moderate,Sufficient,0.6666666666666666,4,RISKPRIOR-20260728062026,2026-07-28T06:20:28.344471
HOSP-001,DEPT-ADM,2026-03-14,High,Limited,0.5,4,RISKPRIOR-20260728062026,2026-07-28T06:20:28.344471
HOSP-001,DEPT-MED,2026-03-14,Moderate,Sufficient,0.6666666666666666,4,RISKPRIOR-20260728062026,2026-07-28T06:20:28.344471
HOSP-001,DEPT-DIAG,2026-03-14,Moderate,Sufficient,0.8333333333333334,4,RISKPRIOR-20260728062026,2026-07-28T06:20:28.344471
HOSP-001,DEPT-ED,2026-03-14,Moderate,Sufficient,0.8333333333333334,4,RISKPRIOR-20260728062026,2026-07-28T06:20:28.344471
HOSP-001,DEPT-SURG,2026-03-15,Moderate,Sufficient,0.6666666666666666,4,RISKPRIOR-20260728062026,2026-07-28T06:20:28.344471
HOSP-001,DEPT-OPC,2026-03-15,Moderate,Sufficient,0.8333333333333334,4,RISKPRIOR-20260728062026,2026-07-28T06:20:28.344471
HOSP-001,DEPT-ICU,2026-03-15,Moderate,Sufficient,0.6666666666666666,4,RISKPRIOR-20260728062026,2026-07-28T06:20:28.344471
HOSP-001,DEPT-ED,2026-03-15,Moderate,Sufficient,0.8333333333333334,4,RISKPRIOR-20260728062026,2026-07-28T06:20:28.344471
HOSP-001,DEPT-MED,2026-03-15,Moderate,Sufficient,0.6666666666666666,4,RISKPRIOR-20260728062026,2026-07-28T06:20:28.344471
HOSP-001,DEPT-ADM,2026-03-15,High,Limited,0.3333333333333333,4,RISKPRIOR-20260728062026,2026-07-28T06:20:28.344471
HOSP-001,DEPT-DIAG,2026-03-15,Moderate,Sufficient,0.8333333333333334,4,RISKPRIOR-20260728062026,2026-07-28T06:20:28.344471
HOSP-001,DEPT-PEX,2026-03-15,High,Limited,0.5,4,RISKPRIOR-20260728062026,2026-07-28T06:20:28.344471
HOSP-001,DEPT-ED,2026-03-16,Moderate,Sufficient,0.8333333333333334,4,RISKPRIOR-20260728062026,2026-07-28T06:20:28.344471
HOSP-001,DEPT-PEX,2026-03-16,High,Limited,0.5,4,RISKPRIOR-20260728062026,2026-07-28T06:20:28.344471
HOSP-001,DEPT-MED,2026-03-16,Moderate,Sufficient,0.6666666666666666,4,RISKPRIOR-20260728062026,2026-07-28T06:20:28.344471
HOSP-001,DEPT-ICU,2026-03-16,Moderate,Sufficient,0.6666666666666666,4,RISKPRIOR-20260728062026,2026-07-28T06:20:28.344471
HOSP-001,DEPT-OPC,2026-03-16,Moderate,Sufficient,0.8333333333333334,4,RISKPRIOR-20260728062026,2026-07-28T06:20:28.344471
HOSP-001,DEPT-ADM,2026-03-16,High,Limited,0.3333333333333333,4,RISKPRIOR-20260728062026,2026-07-28T06:20:28.344471
HOSP-001,DEPT-DIAG,2026-03-16,Moderate,Sufficient,0.8333333333333334,4,RISKPRIOR-20260728062026,2026-07-28T06:20:28.344471
HOSP-001,DEPT-SURG,2026-03-16,Moderate,Sufficient,0.6666666666666666,4,RISKPRIOR-20260728062026,2026-07-28T06:20:28.344471
HOSP-001,DEPT-DIAG,2026-03-17,Moderate,Sufficient,0.8333333333333334,4,RISKPRIOR-20260728062026,2026-07-28T06:20:28.344471
HOSP-001,DEPT-MED,2026-03-17,Moderate,Sufficient,0.6666666666666666,4,RISKPRIOR-20260728062026,2026-07-28T06:20:28.344471
HOSP-001,DEPT-ICU,2026-03-17,Moderate,Sufficient,0.6666666666666666,4,RISKPRIOR-20260728062026,2026-07-28T06:20:28.344471
HOSP-001,DEPT-SURG,2026-03-17,Moderate,Sufficient,0.6666666666666666,4,RISKPRIOR-20260728062026,2026-07-28T06:20:28.344471
HOSP-001,DEPT-OPC,2026-03-17,Moderate,Sufficient,0.8333333333333334,4,RISKPRIOR-20260728062026,2026-07-28T06:20:28.344471
HOSP-001,DEPT-ED,2026-03-17,High,Limited,0.5,4,RISKPRIOR-20260728062026,2026-07-28T06:20:28.344471
HOSP-001,DEPT-PEX,2026-03-17,High,Limited,0.5,4,RISKPRIOR-20260728062026,2026-07-28T06:20:28.344471
HOSP-001,DEPT-ADM,2026-03-17,High,Limited,0.5,4,RISKPRIOR-20260728062026,2026-07-28T06:20:28.344471
HOSP-001,DEPT-ED,2026-03-18,Moderate,Sufficient,0.8333333333333334,4,RISKPRIOR-20260728062026,2026-07-28T06:20:28.344471
HOSP-001,DEPT-DIAG,2026-03-18,Moderate,Sufficient,0.8333333333333334,4,RISKPRIOR-20260728062026,2026-07-28T06:20:28.344471
HOSP-001,DEPT-MED,2026-03-18,Moderate,Limited,0.5,4,RISKPRIOR-20260728062026,2026-07-28T06:20:28.344471
HOSP-001,DEPT-ICU,2026-03-18,Moderate,Limited,0.5,4,RISKPRIOR-20260728062026,2026-07-28T06:20:28.344471
HOSP-001,DEPT-OPC,2026-03-18,Moderate,Sufficient,0.8333333333333334,4,RISKPRIOR-20260728062026,2026-07-28T06:20:28.344471
HOSP-001,DEPT-ADM,2026-03-18,High,Limited,0.5,4,RISKPRIOR-20260728062026,2026-07-28T06:20:28.344471
HOSP-001,DEPT-SURG,2026-03-18,Moderate,Sufficient,0.6666666666666666,4,RISKPRIOR-20260728062026,2026-07-28T06:20:28.344471
HOSP-001,DEPT-PEX,2026-03-18,High,Limited,0.3333333333333333,4,RISKPRIOR-20260728062026,2026-07-28T06:20:28.344471
HOSP-001,DEPT-DIAG,2026-03-19,Moderate,Sufficient,0.8333333333333334,4,RISKPRIOR-20260728062026,2026-07-28T06:20:28.344471
HOSP-001,DEPT-SURG,2026-03-19,Moderate,Sufficient,0.6666666666666666,4,RISKPRIOR-20260728062026,2026-07-28T06:20:28.344471
HOSP-001,DEPT-ED,2026-03-19,Moderate,Sufficient,0.8333333333333334,4,RISKPRIOR-20260728062026,2026-07-28T06:20:28.344471
HOSP-001,DEPT-OPC,2026-03-19,Moderate,Sufficient,0.8333333333333334,4,RISKPRIOR-20260728062026,2026-07-28T06:20:28.344471
HOSP-001,DEPT-ADM,2026-03-19,High,Limited,0.5,4,RISKPRIOR-20260728062026,2026-07-28T06:20:28.344471
HOSP-001,DEPT-ICU,2026-03-19,Moderate,Limited,0.5,4,RISKPRIOR-20260728062026,2026-07-28T06:20:28.344471
HOSP-001,DEPT-MED,2026-03-19,Moderate,Sufficient,0.6666666666666666,4,RISKPRIOR-20260728062026,2026-07-28T06:20:28.344471
HOSP-001,DEPT-PEX,2026-03-19,High,Limited,0.3333333333333333,4,RISKPRIOR-20260728062026,2026-07-28T06:20:28.344471
HOSP-001,DEPT-SURG,2026-03-20,Moderate,Limited,0.5,4,RISKPRIOR-20260728062026,2026-07-28T06:20:28.344471
HOSP-001,DEPT-DIAG,2026-03-20,Moderate,Sufficient,0.8333333333333334,4,RISKPRIOR-20260728062026,2026-07-28T06:20:28.344471
HOSP-001,DEPT-ADM,2026-03-20,High,Limited,0.5,4,RISKPRIOR-20260728062026,2026-07-28T06:20:28.344471
HOSP-001,DEPT-ICU,2026-03-20,Moderate,Sufficient,0.6666666666666666,4,RISKPRIOR-20260728062026,2026-07-28T06:20:28.344471
HOSP-001,DEPT-MED,2026-03-20,Moderate,Limited,0.5,4,RISKPRIOR-20260728062026,2026-07-28T06:20:28.344471
HOSP-001,DEPT-ED,2026-03-20,High,Limited,0.5,4,RISKPRIOR-20260728062026,2026-07-28T06:20:28.344471
HOSP-001,DEPT-OPC,2026-03-20,Moderate,Sufficient,0.8333333333333334,4,RISKPRIOR-20260728062026,2026-07-28T06:20:28.344471
HOSP-001,DEPT-PEX,2026-03-20,High,Limited,0.5,4,RISKPRIOR-20260728062026,2026-07-28T06:20:28.344471
HOSP-001,DEPT-DIAG,2026-03-21,Moderate,Sufficient,0.8333333333333334,4,RISKPRIOR-20260728062026,2026-07-28T06:20:28.344471
HOSP-001,DEPT-OPC,2026-03-21,Moderate,Sufficient,0.8333333333333334,4,RISKPRIOR-20260728062026,2026-07-28T06:20:28.344471
HOSP-001,DEPT-PEX,2026-03-21,High,Limited,0.5,4,RISKPRIOR-20260728062026,2026-07-28T06:20:28.344471
HOSP-001,DEPT-SURG,2026-03-21,Moderate,Sufficient,0.6666666666666666,4,RISKPRIOR-20260728062026,2026-07-28T06:20:28.344471
HOSP-001,DEPT-ICU,2026-03-21,Moderate,Sufficient,0.6666666666666666,4,RISKPRIOR-20260728062026,2026-07-28T06:20:28.344471
HOSP-001,DEPT-ED,2026-03-21,Moderate,Sufficient,0.8333333333333334,4,RISKPRIOR-20260728062026,2026-07-28T06:20:28.344471
HOSP-001,DEPT-MED,2026-03-21,Moderate,Sufficient,0.6666666666666666,4,RISKPRIOR-20260728062026,2026-07-28T06:20:28.344471
HOSP-001,DEPT-ADM,2026-03-21,High,Limited,0.5,4,RISKPRIOR-20260728062026,2026-07-28T06:20:28.344471
HOSP-001,DEPT-MED,2026-03-22,Moderate,Sufficient,0.6666666666666666,4,RISKPRIOR-20260728062026,2026-07-28T06:20:28.344471
HOSP-001,DEPT-ICU,2026-03-22,Moderate,Sufficient,0.6666666666666666,4,RISKPRIOR-20260728062026,2026-07-28T06:20:28.344471
HOSP-001,DEPT-ADM,2026-03-22,High,Limited,0.3333333333333333,4,RISKPRIOR-20260728062026,2026-07-28T06:20:28.344471
HOSP-001,DEPT-DIAG,2026-03-22,Moderate,Sufficient,0.8333333333333334,4,RISKPRIOR-20260728062026,2026-07-28T06:20:28.344471
HOSP-001,DEPT-ED,2026-03-22,Moderate,Sufficient,0.8333333333333334,4,RISKPRIOR-20260728062026,2026-07-28T06:20:28.344471
HOSP-001,DEPT-OPC,2026-03-22,Moderate,Sufficient,0.8333333333333334,4,RISKPRIOR-20260728062026,2026-07-28T06:20:28.344471
HOSP-001,DEPT-SURG,2026-03-22,Moderate,Sufficient,0.6666666666666666,4,RISKPRIOR-20260728062026,2026-07-28T06:20:28.344471
HOSP-001,DEPT-PEX,2026-03-22,High,Limited,0.3333333333333333,4,RISKPRIOR-20260728062026,2026-07-28T06:20:28.344471
HOSP-001,DEPT-ED,2026-03-23,Moderate,Sufficient,0.8333333333333334,4,RISKPRIOR-20260728062026,2026-07-28T06:20:28.344471
HOSP-001,DEPT-ICU,2026-03-23,Moderate,Limited,0.5,4,RISKPRIOR-20260728062026,2026-07-28T06:20:28.344471
HOSP-001,DEPT-DIAG,2026-03-23,Moderate,Sufficient,0.8333333333333334,4,RISKPRIOR-20260728062026,2026-07-28T06:20:28.344471
HOSP-001,DEPT-OPC,2026-03-23,Moderate,Sufficient,0.8333333333333334,4,RISKPRIOR-20260728062026,2026-07-28T06:20:28.344471
HOSP-001,DEPT-MED,2026-03-23,Moderate,Limited,0.5,4,RISKPRIOR-20260728062026,2026-07-28T06:20:28.344471
HOSP-001,DEPT-SURG,2026-03-23,Moderate,Sufficient,0.6666666666666666,4,RISKPRIOR-20260728062026,2026-07-28T06:20:28.344471
HOSP-001,DEPT-PEX,2026-03-23,High,Limited,0.3333333333333333,4,RISKPRIOR-20260728062026,2026-07-28T06:20:28.344471
HOSP-001,DEPT-ADM,2026-03-23,High,Limited,0.5,4,RISKPRIOR-20260728062026,2026-07-28T06:20:28.344471
HOSP-001,DEPT-PEX,2026-03-24,High,Limited,0.3333333333333333,4,RISKPRIOR-20260728062026,2026-07-28T06:20:28.344471
HOSP-001,DEPT-DIAG,2026-03-24,Moderate,Sufficient,0.6666666666666666,4,RISKPRIOR-20260728062026,2026-07-28T06:20:28.344471
HOSP-001,DEPT-ICU,2026-03-24,Moderate,Sufficient,0.6666666666666666,4,RISKPRIOR-20260728062026,2026-07-28T06:20:28.344471
HOSP-001,DEPT-ED,2026-03-24,Moderate,Sufficient,0.8333333333333334,4,RISKPRIOR-20260728062026,2026-07-28T06:20:28.344471
HOSP-001,DEPT-OPC,2026-03-24,Moderate,Sufficient,0.8333333333333334,4,RISKPRIOR-20260728062026,2026-07-28T06:20:28.344471
HOSP-001,DEPT-MED,2026-03-24,Moderate,Sufficient,0.6666666666666666,4,RISKPRIOR-20260728062026,2026-07-28T06:20:28.344471
HOSP-001,DEPT-SURG,2026-03-24,Moderate,Sufficient,0.6666666666666666,4,RISKPRIOR-20260728062026,2026-07-28T06:20:28.344471
HOSP-001,DEPT-ADM,2026-03-24,High,Limited,0.5,4,RISKPRIOR-20260728062026,2026-07-28T06:20:28.344471
HOSP-001,DEPT-ADM,2026-03-25,High,Limited,0.5,4,RISKPRIOR-20260728062026,2026-07-28T06:20:28.344471
HOSP-001,DEPT-OPC,2026-03-25,Moderate,Sufficient,0.8333333333333334,4,RISKPRIOR-20260728062026,2026-07-28T06:20:28.344471
HOSP-001,DEPT-ICU,2026-03-25,Moderate,Sufficient,0.6666666666666666,4,RISKPRIOR-20260728062026,2026-07-28T06:20:28.344471
HOSP-001,DEPT-PEX,2026-03-25,High,Limited,0.5,4,RISKPRIOR-20260728062026,2026-07-28T06:20:28.344471
HOSP-001,DEPT-MED,2026-03-25,Moderate,Sufficient,0.6666666666666666,4,RISKPRIOR-20260728062026,2026-07-28T06:20:28.344471
HOSP-001,DEPT-ED,2026-03-25,Moderate,Sufficient,0.8333333333333334,4,RISKPRIOR-20260728062026,2026-07-28T06:20:28.344471
HOSP-001,DEPT-DIAG,2026-03-25,Moderate,Sufficient,0.8333333333333334,4,RISKPRIOR-20260728062026,2026-07-28T06:20:28.344471
HOSP-001,DEPT-SURG,2026-03-25,Moderate,Limited,0.5,4,RISKPRIOR-20260728062026,2026-07-28T06:20:28.344471
HOSP-001,DEPT-PEX,2026-03-26,High,Limited,0.5,4,RISKPRIOR-20260728062026,2026-07-28T06:20:28.344471
HOSP-001,DEPT-ICU,2026-03-26,Moderate,Limited,0.5,4,RISKPRIOR-20260728062026,2026-07-28T06:20:28.344471
HOSP-001,DEPT-OPC,2026-03-26,Moderate,Sufficient,0.8333333333333334,4,RISKPRIOR-20260728062026,2026-07-28T06:20:28.344471
HOSP-001,DEPT-MED,2026-03-26,Moderate,Limited,0.5,4,RISKPRIOR-20260728062026,2026-07-28T06:20:28.344471
HOSP-001,DEPT-DIAG,2026-03-26,Moderate,Sufficient,0.8333333333333334,4,RISKPRIOR-20260728062026,2026-07-28T06:20:28.344471
HOSP-001,DEPT-ED,2026-03-26,Moderate,Sufficient,0.8333333333333334,4,RISKPRIOR-20260728062026,2026-07-28T06:20:28.344471
HOSP-001,DEPT-SURG,2026-03-26,Moderate,Limited,0.5,4,RISKPRIOR-20260728062026,2026-07-28T06:20:28.344471
HOSP-001,DEPT-ADM,2026-03-26,High,Limited,0.3333333333333333,4,RISKPRIOR-20260728062026,2026-07-28T06:20:28.344471
HOSP-001,DEPT-PEX,2026-03-27,High,Limited,0.5,4,RISKPRIOR-20260728062026,2026-07-28T06:20:28.344471
HOSP-001,DEPT-DIAG,2026-03-27,Moderate,Sufficient,0.8333333333333334,4,RISKPRIOR-20260728062026,2026-07-28T06:20:28.344471
HOSP-001,DEPT-ICU,2026-03-27,Moderate,Limited,0.5,4,RISKPRIOR-20260728062026,2026-07-28T06:20:28.344471
HOSP-001,DEPT-MED,2026-03-27,Moderate,Sufficient,0.6666666666666666,4,RISKPRIOR-20260728062026,2026-07-28T06:20:28.344471
HOSP-001,DEPT-OPC,2026-03-27,Moderate,Sufficient,0.8333333333333334,4,RISKPRIOR-20260728062026,2026-07-28T06:20:28.344471
HOSP-001,DEPT-ADM,2026-03-27,High,Limited,0.5,4,RISKPRIOR-20260728062026,2026-07-28T06:20:28.344471
HOSP-001,DEPT-ED,2026-03-27,Moderate,Sufficient,0.8333333333333334,4,RISKPRIOR-20260728062026,2026-07-28T06:20:28.344471
HOSP-001,DEPT-SURG,2026-03-27,Moderate,Sufficient,0.6666666666666666,4,RISKPRIOR-20260728062026,2026-07-28T06:20:28.344471
HOSP-001,DEPT-ICU,2026-03-28,Moderate,Sufficient,0.6666666666666666,4,RISKPRIOR-20260728062026,2026-07-28T06:20:28.344471
HOSP-001,DEPT-ADM,2026-03-28,High,Limited,0.5,4,RISKPRIOR-20260728062026,2026-07-28T06:20:28.344471
HOSP-001,DEPT-PEX,2026-03-28,High,Limited,0.5,4,RISKPRIOR-20260728062026,2026-07-28T06:20:28.344471
HOSP-001,DEPT-DIAG,2026-03-28,Moderate,Sufficient,0.8333333333333334,4,RISKPRIOR-20260728062026,2026-07-28T06:20:28.344471
HOSP-001,DEPT-SURG,2026-03-28,Moderate,Sufficient,0.6666666666666666,4,RISKPRIOR-20260728062026,2026-07-28T06:20:28.344471
HOSP-001,DEPT-OPC,2026-03-28,Moderate,Sufficient,0.8333333333333334,4,RISKPRIOR-20260728062026,2026-07-28T06:20:28.344471
HOSP-001,DEPT-MED,2026-03-28,Moderate,Sufficient,0.6666666666666666,4,RISKPRIOR-20260728062026,2026-07-28T06:20:28.344471
HOSP-001,DEPT-ED,2026-03-28,Moderate,Sufficient,0.8333333333333334,4,RISKPRIOR-20260728062026,2026-07-28T06:20:28.344471
HOSP-001,DEPT-ADM,2026-03-29,High,Limited,0.5,4,RISKPRIOR-20260728062026,2026-07-28T06:20:28.344471
HOSP-001,DEPT-ICU,2026-03-29,Moderate,Limited,0.5,4,RISKPRIOR-20260728062026,2026-07-28T06:20:28.344471
HOSP-001,DEPT-ED,2026-03-29,Moderate,Sufficient,0.8333333333333334,4,RISKPRIOR-20260728062026,2026-07-28T06:20:28.344471
HOSP-001,DEPT-SURG,2026-03-29,Moderate,Sufficient,0.6666666666666666,4,RISKPRIOR-20260728062026,2026-07-28T06:20:28.344471
HOSP-001,DEPT-OPC,2026-03-29,Moderate,Sufficient,0.8333333333333334,4,RISKPRIOR-20260728062026,2026-07-28T06:20:28.344471
HOSP-001,DEPT-PEX,2026-03-29,High,Limited,0.5,4,RISKPRIOR-20260728062026,2026-07-28T06:20:28.344471
HOSP-001,DEPT-MED,2026-03-29,Moderate,Limited,0.5,4,RISKPRIOR-20260728062026,2026-07-28T06:20:28.344471
HOSP-001,DEPT-DIAG,2026-03-29,Moderate,Sufficient,0.8333333333333334,4,RISKPRIOR-20260728062026,2026-07-28T06:20:28.344471
HOSP-001,DEPT-ADM,2026-03-30,High,Limited,0.5,4,RISKPRIOR-20260728062026,2026-07-28T06:20:28.344471
HOSP-001,DEPT-ED,2026-03-30,Moderate,Sufficient,0.8333333333333334,4,RISKPRIOR-20260728062026,2026-07-28T06:20:28.344471
HOSP-001,DEPT-MED,2026-03-30,Moderate,Sufficient,0.6666666666666666,4,RISKPRIOR-20260728062026,2026-07-28T06:20:28.344471
HOSP-001,DEPT-ICU,2026-03-30,Moderate,Limited,0.5,4,RISKPRIOR-20260728062026,2026-07-28T06:20:28.344471
HOSP-001,DEPT-OPC,2026-03-30,Moderate,Sufficient,0.8333333333333334,4,RISKPRIOR-20260728062026,2026-07-28T06:20:28.344471
HOSP-001,DEPT-PEX,2026-03-30,High,Limited,0.5,4,RISKPRIOR-20260728062026,2026-07-28T06:20:28.344471
HOSP-001,DEPT-DIAG,2026-03-30,Moderate,Sufficient,0.8333333333333334,4,RISKPRIOR-20260728062026,2026-07-28T06:20:28.344471
HOSP-001,DEPT-SURG,2026-03-30,Moderate,Sufficient,0.6666666666666666,4,RISKPRIOR-20260728062026,2026-07-28T06:20:28.344471
HOSP-001,DEPT-OPC,2026-03-31,High,Limited,0.5,4,RISKPRIOR-20260728062026,2026-07-28T06:20:28.344471
HOSP-001,DEPT-MED,2026-03-31,Moderate,Sufficient,0.6666666666666666,4,RISKPRIOR-20260728062026,2026-07-28T06:20:28.344471
HOSP-001,DEPT-DIAG,2026-03-31,Moderate,Sufficient,0.8333333333333334,4,RISKPRIOR-20260728062026,2026-07-28T06:20:28.344471
HOSP-001,DEPT-ICU,2026-03-31,Moderate,Sufficient,0.6666666666666666,4,RISKPRIOR-20260728062026,2026-07-28T06:20:28.344471
HOSP-001,DEPT-SURG,2026-03-31,Moderate,Sufficient,0.6666666666666666,4,RISKPRIOR-20260728062026,2026-07-28T06:20:28.344471
HOSP-001,DEPT-ADM,2026-03-31,High,Limited,0.3333333333333333,4,RISKPRIOR-20260728062026,2026-07-28T06:20:28.344471
HOSP-001,DEPT-ED,2026-03-31,Moderate,Sufficient,0.8333333333333334,4,RISKPRIOR-20260728062026,2026-07-28T06:20:28.344471
HOSP-001,DEPT-PEX,2026-03-31,High,Limited,0.5,4,RISKPRIOR-20260728062026,2026-07-28T06:20:28.344471
HOSP-001,DEPT-ADM,2026-04-01,High,Limited,0.5,4,RISKPRIOR-20260728062026,2026-07-28T06:20:28.344471
HOSP-001,DEPT-PEX,2026-04-01,High,Limited,0.5,4,RISKPRIOR-20260728062026,2026-07-28T06:20:28.344471
HOSP-001,DEPT-SURG,2026-04-01,Moderate,Sufficient,0.6666666666666666,4,RISKPRIOR-20260728062026,2026-07-28T06:20:28.344471
HOSP-001,DEPT-DIAG,2026-04-01,Moderate,Sufficient,0.8333333333333334,4,RISKPRIOR-20260728062026,2026-07-28T06:20:28.344471
HOSP-001,DEPT-OPC,2026-04-01,Moderate,Sufficient,0.8333333333333334,4,RISKPRIOR-20260728062026,2026-07-28T06:20:28.344471
HOSP-001,DEPT-ICU,2026-04-01,Moderate,Limited,0.5,4,RISKPRIOR-20260728062026,2026-07-28T06:20:28.344471
HOSP-001,DEPT-MED,2026-04-01,Moderate,Sufficient,0.6666666666666666,4,RISKPRIOR-20260728062026,2026-07-28T06:20:28.344471
HOSP-001,DEPT-ED,2026-04-01,Moderate,Sufficient,0.8333333333333334,4,RISKPRIOR-20260728062026,2026-07-28T06:20:28.344471
HOSP-001,DEPT-SURG,2026-04-02,Moderate,Sufficient,0.6666666666666666,4,RISKPRIOR-20260728062026,2026-07-28T06:20:28.344471
HOSP-001,DEPT-ED,2026-04-02,Moderate,Sufficient,0.8333333333333334,4,RISKPRIOR-20260728062026,2026-07-28T06:20:28.344471
HOSP-001,DEPT-OPC,2026-04-02,Moderate,Sufficient,0.8333333333333334,4,RISKPRIOR-20260728062026,2026-07-28T06:20:28.344471
HOSP-001,DEPT-DIAG,2026-04-02,High,Limited,0.5,4,RISKPRIOR-20260728062026,2026-07-28T06:20:28.344471
HOSP-001,DEPT-ICU,2026-04-02,Moderate,Sufficient,0.6666666666666666,4,RISKPRIOR-20260728062026,2026-07-28T06:20:28.344471
HOSP-001,DEPT-MED,2026-04-02,Moderate,Limited,0.5,4,RISKPRIOR-20260728062026,2026-07-28T06:20:28.344471
HOSP-001,DEPT-PEX,2026-04-02,High,Limited,0.3333333333333333,4,RISKPRIOR-20260728062026,2026-07-28T06:20:28.344471
HOSP-001,DEPT-ADM,2026-04-02,High,Limited,0.5,4,RISKPRIOR-20260728062026,2026-07-28T06:20:28.344471
HOSP-001,DEPT-ADM,2026-04-03,High,Limited,0.3333333333333333,4,RISKPRIOR-20260728062026,2026-07-28T06:20:28.344471
HOSP-001,DEPT-MED,2026-04-03,Moderate,Limited,0.5,4,RISKPRIOR-20260728062026,2026-07-28T06:20:28.344471
HOSP-001,DEPT-DIAG,2026-04-03,Moderate,Sufficient,0.8333333333333334,4,RISKPRIOR-20260728062026,2026-07-28T06:20:28.344471
HOSP-001,DEPT-PEX,2026-04-03,High,Limited,0.5,4,RISKPRIOR-20260728062026,2026-07-28T06:20:28.344471
HOSP-001,DEPT-ICU,2026-04-03,Moderate,Sufficient,0.6666666666666666,4,RISKPRIOR-20260728062026,2026-07-28T06:20:28.344471
HOSP-001,DEPT-OPC,2026-04-03,Moderate,Sufficient,0.8333333333333334,4,RISKPRIOR-20260728062026,2026-07-28T06:20:28.344471
HOSP-001,DEPT-ED,2026-04-03,Moderate,Sufficient,0.8333333333333334,4,RISKPRIOR-20260728062026,2026-07-28T06:20:28.344471
HOSP-001,DEPT-SURG,2026-04-03,Moderate,Sufficient,0.6666666666666666,4,RISKPRIOR-20260728062026,2026-07-28T06:20:28.344471
HOSP-001,DEPT-DIAG,2026-04-04,Moderate,Sufficient,0.8333333333333334,4,RISKPRIOR-20260728062026,2026-07-28T06:20:28.344471
HOSP-001,DEPT-MED,2026-04-04,Moderate,Sufficient,0.6666666666666666,4,RISKPRIOR-20260728062026,2026-07-28T06:20:28.344471
HOSP-001,DEPT-OPC,2026-04-04,Moderate,Sufficient,0.8333333333333334,4,RISKPRIOR-20260728062026,2026-07-28T06:20:28.344471
HOSP-001,DEPT-ADM,2026-04-04,High,Limited,0.5,4,RISKPRIOR-20260728062026,2026-07-28T06:20:28.344471
HOSP-001,DEPT-ED,2026-04-04,Moderate,Sufficient,0.8333333333333334,4,RISKPRIOR-20260728062026,2026-07-28T06:20:28.344471
HOSP-001,DEPT-ICU,2026-04-04,Moderate,Sufficient,0.6666666666666666,4,RISKPRIOR-20260728062026,2026-07-28T06:20:28.344471
HOSP-001,DEPT-PEX,2026-04-04,High,Limited,0.5,4,RISKPRIOR-20260728062026,2026-07-28T06:20:28.344471
HOSP-001,DEPT-SURG,2026-04-04,Moderate,Sufficient,0.6666666666666666,4,RISKPRIOR-20260728062026,2026-07-28T06:20:28.344471
HOSP-001,DEPT-OPC,2026-04-05,High,Limited,0.5,4,RISKPRIOR-20260728062026,2026-07-28T06:20:28.344471
HOSP-001,DEPT-MED,2026-04-05,Moderate,Sufficient,0.6666666666666666,4,RISKPRIOR-20260728062026,2026-07-28T06:20:28.344471
HOSP-001,DEPT-DIAG,2026-04-05,Moderate,Sufficient,0.6666666666666666,4,RISKPRIOR-20260728062026,2026-07-28T06:20:28.344471
HOSP-001,DEPT-ICU,2026-04-05,Moderate,Sufficient,0.6666666666666666,4,RISKPRIOR-20260728062026,2026-07-28T06:20:28.344471
HOSP-001,DEPT-SURG,2026-04-05,Moderate,Sufficient,0.6666666666666666,4,RISKPRIOR-20260728062026,2026-07-28T06:20:28.344471
HOSP-001,DEPT-PEX,2026-04-05,High,Limited,0.5,4,RISKPRIOR-20260728062026,2026-07-28T06:20:28.344471
HOSP-001,DEPT-ED,2026-04-05,Moderate,Sufficient,0.8333333333333334,4,RISKPRIOR-20260728062026,2026-07-28T06:20:28.344471
HOSP-001,DEPT-ADM,2026-04-05,High,Limited,0.5,4,RISKPRIOR-20260728062026,2026-07-28T06:20:28.344471
HOSP-001,DEPT-PEX,2026-04-06,High,Limited,0.5,4,RISKPRIOR-20260728062026,2026-07-28T06:20:28.344471
HOSP-001,DEPT-ICU,2026-04-06,Moderate,Sufficient,0.6666666666666666,4,RISKPRIOR-20260728062026,2026-07-28T06:20:28.344471
HOSP-001,DEPT-DIAG,2026-04-06,Moderate,Sufficient,0.8333333333333334,4,RISKPRIOR-20260728062026,2026-07-28T06:20:28.344471
HOSP-001,DEPT-OPC,2026-04-06,Moderate,Sufficient,0.8333333333333334,4,RISKPRIOR-20260728062026,2026-07-28T06:20:28.344471
HOSP-001,DEPT-ED,2026-04-06,Moderate,Sufficient,0.8333333333333334,4,RISKPRIOR-20260728062026,2026-07-28T06:20:28.344471
HOSP-001,DEPT-MED,2026-04-06,Moderate,Sufficient,0.6666666666666666,4,RISKPRIOR-20260728062026,2026-07-28T06:20:28.344471
HOSP-001,DEPT-SURG,2026-04-06,Moderate,Sufficient,0.6666666666666666,4,RISKPRIOR-20260728062026,2026-07-28T06:20:28.344471
HOSP-001,DEPT-ADM,2026-04-06,High,Limited,0.3333333333333333,4,RISKPRIOR-20260728062026,2026-07-28T06:20:28.344471
HOSP-001,DEPT-ADM,2026-04-07,High,Limited,0.3333333333333333,4,RISKPRIOR-20260728062026,2026-07-28T06:20:28.344471
HOSP-001,DEPT-SURG,2026-04-07,Moderate,Sufficient,0.6666666666666666,4,RISKPRIOR-20260728062026,2026-07-28T06:20:28.344471
HOSP-001,DEPT-DIAG,2026-04-07,Moderate,Sufficient,0.6666666666666666,4,RISKPRIOR-20260728062026,2026-07-28T06:20:28.344471
HOSP-001,DEPT-ICU,2026-04-07,Moderate,Sufficient,0.6666666666666666,4,RISKPRIOR-20260728062026,2026-07-28T06:20:28.344471
HOSP-001,DEPT-ED,2026-04-07,Moderate,Sufficient,0.8333333333333334,4,RISKPRIOR-20260728062026,2026-07-28T06:20:28.344471
HOSP-001,DEPT-MED,2026-04-07,Moderate,Sufficient,0.6666666666666666,4,RISKPRIOR-20260728062026,2026-07-28T06:20:28.344471
HOSP-001,DEPT-OPC,2026-04-07,Moderate,Sufficient,0.8333333333333334,4,RISKPRIOR-20260728062026,2026-07-28T06:20:28.344471
HOSP-001,DEPT-PEX,2026-04-07,High,Limited,0.5,4,RISKPRIOR-20260728062026,2026-07-28T06:20:28.344471
HOSP-001,DEPT-ADM,2026-04-08,High,Limited,0.5,4,RISKPRIOR-20260728062026,2026-07-28T06:20:28.344471
HOSP-001,DEPT-PEX,2026-04-08,High,Limited,0.3333333333333333,4,RISKPRIOR-20260728062026,2026-07-28T06:20:28.344471
HOSP-001,DEPT-OPC,2026-04-08,Moderate,Sufficient,0.8333333333333334,4,RISKPRIOR-20260728062026,2026-07-28T06:20:28.344471
HOSP-001,DEPT-MED,2026-04-08,Moderate,Sufficient,0.6666666666666666,4,RISKPRIOR-20260728062026,2026-07-28T06:20:28.344471
HOSP-001,DEPT-ICU,2026-04-08,Moderate,Sufficient,0.6666666666666666,4,RISKPRIOR-20260728062026,2026-07-28T06:20:28.344471
HOSP-001,DEPT-DIAG,2026-04-08,Moderate,Sufficient,0.8333333333333334,4,RISKPRIOR-20260728062026,2026-07-28T06:20:28.344471
HOSP-001,DEPT-ED,2026-04-08,Moderate,Sufficient,0.8333333333333334,4,RISKPRIOR-20260728062026,2026-07-28T06:20:28.344471
HOSP-001,DEPT-SURG,2026-04-08,Moderate,Sufficient,0.6666666666666666,4,RISKPRIOR-20260728062026,2026-07-28T06:20:28.344471
HOSP-001,DEPT-ADM,2026-04-09,High,Limited,0.5,4,RISKPRIOR-20260728062026,2026-07-28T06:20:28.344471
HOSP-001,DEPT-DIAG,2026-04-09,Moderate,Sufficient,0.8333333333333334,4,RISKPRIOR-20260728062026,2026-07-28T06:20:28.344471
HOSP-001,DEPT-MED,2026-04-09,Moderate,Sufficient,0.6666666666666666,4,RISKPRIOR-20260728062026,2026-07-28T06:20:28.344471
HOSP-001,DEPT-ICU,2026-04-09,Moderate,Sufficient,0.6666666666666666,4,RISKPRIOR-20260728062026,2026-07-28T06:20:28.344471
HOSP-001,DEPT-ED,2026-04-09,Moderate,Sufficient,0.8333333333333334,4,RISKPRIOR-20260728062026,2026-07-28T06:20:28.344471
HOSP-001,DEPT-OPC,2026-04-09,Moderate,Sufficient,0.8333333333333334,4,RISKPRIOR-20260728062026,2026-07-28T06:20:28.344471
HOSP-001,DEPT-PEX,2026-04-09,High,Limited,0.5,4,RISKPRIOR-20260728062026,2026-07-28T06:20:28.344471
HOSP-001,DEPT-SURG,2026-04-09,Moderate,Limited,0.5,4,RISKPRIOR-20260728062026,2026-07-28T06:20:28.344471
HOSP-001,DEPT-SURG,2026-04-10,Moderate,Sufficient,0.6666666666666666,4,RISKPRIOR-20260728062026,2026-07-28T06:20:28.344471
HOSP-001,DEPT-OPC,2026-04-10,Moderate,Sufficient,0.8333333333333334,4,RISKPRIOR-20260728062026,2026-07-28T06:20:28.344471
HOSP-001,DEPT-ADM,2026-04-10,High,Limited,0.5,4,RISKPRIOR-20260728062026,2026-07-28T06:20:28.344471
HOSP-001,DEPT-MED,2026-04-10,Moderate,Sufficient,0.6666666666666666,4,RISKPRIOR-20260728062026,2026-07-28T06:20:28.344471
HOSP-001,DEPT-DIAG,2026-04-10,Moderate,Sufficient,0.8333333333333334,4,RISKPRIOR-20260728062026,2026-07-28T06:20:28.344471
HOSP-001,DEPT-ICU,2026-04-10,Moderate,Limited,0.5,4,RISKPRIOR-20260728062026,2026-07-28T06:20:28.344471
HOSP-001,DEPT-ED,2026-04-10,Moderate,Sufficient,0.8333333333333334,4,RISKPRIOR-20260728062026,2026-07-28T06:20:28.344471
HOSP-001,DEPT-PEX,2026-04-10,High,Limited,0.3333333333333333,4,RISKPRIOR-20260728062026,2026-07-28T06:20:28.344471
HOSP-001,DEPT-OPC,2026-04-11,Moderate,Sufficient,0.8333333333333334,4,RISKPRIOR-20260728062026,2026-07-28T06:20:28.344471
HOSP-001,DEPT-DIAG,2026-04-11,Moderate,Sufficient,0.8333333333333334,4,RISKPRIOR-20260728062026,2026-07-28T06:20:28.344471
HOSP-001,DEPT-SURG,2026-04-11,Moderate,Limited,0.5,4,RISKPRIOR-20260728062026,2026-07-28T06:20:28.344471
HOSP-001,DEPT-ADM,2026-04-11,High,Limited,0.5,4,RISKPRIOR-20260728062026,2026-07-28T06:20:28.344471
HOSP-001,DEPT-MED,2026-04-11,Moderate,Sufficient,0.6666666666666666,4,RISKPRIOR-20260728062026,2026-07-28T06:20:28.344471
HOSP-001,DEPT-ICU,2026-04-11,Moderate,Sufficient,0.6666666666666666,4,RISKPRIOR-20260728062026,2026-07-28T06:20:28.344471
HOSP-001,DEPT-ED,2026-04-11,Moderate,Sufficient,0.8333333333333334,4,RISKPRIOR-20260728062026,2026-07-28T06:20:28.344471
HOSP-001,DEPT-PEX,2026-04-11,High,Limited,0.3333333333333333,4,RISKPRIOR-20260728062026,2026-07-28T06:20:28.344471
HOSP-001,DEPT-MED,2026-04-12,Moderate,Sufficient,0.6666666666666666,4,RISKPRIOR-20260728062026,2026-07-28T06:20:28.344471
HOSP-001,DEPT-SURG,2026-04-12,Moderate,Sufficient,0.6666666666666666,4,RISKPRIOR-20260728062026,2026-07-28T06:20:28.344471
HOSP-001,DEPT-DIAG,2026-04-12,Moderate,Sufficient,0.8333333333333334,4,RISKPRIOR-20260728062026,2026-07-28T06:20:28.344471
HOSP-001,DEPT-ADM,2026-04-12,High,Limited,0.5,4,RISKPRIOR-20260728062026,2026-07-28T06:20:28.344471
HOSP-001,DEPT-ED,2026-04-12,Moderate,Sufficient,0.8333333333333334,4,RISKPRIOR-20260728062026,2026-07-28T06:20:28.344471
HOSP-001,DEPT-OPC,2026-04-12,Moderate,Sufficient,0.8333333333333334,4,RISKPRIOR-20260728062026,2026-07-28T06:20:28.344471
HOSP-001,DEPT-ICU,2026-04-12,Moderate,Sufficient,0.6666666666666666,4,RISKPRIOR-20260728062026,2026-07-28T06:20:28.344471
HOSP-001,DEPT-PEX,2026-04-12,High,Limited,0.5,4,RISKPRIOR-20260728062026,2026-07-28T06:20:28.344471
HOSP-001,DEPT-OPC,2026-04-13,Moderate,Sufficient,0.6666666666666666,4,RISKPRIOR-20260728062026,2026-07-28T06:20:28.344471
HOSP-001,DEPT-ADM,2026-04-13,High,Limited,0.5,4,RISKPRIOR-20260728062026,2026-07-28T06:20:28.344471
HOSP-001,DEPT-ICU,2026-04-13,Moderate,Sufficient,0.6666666666666666,4,RISKPRIOR-20260728062026,2026-07-28T06:20:28.344471
HOSP-001,DEPT-SURG,2026-04-13,Moderate,Sufficient,0.6666666666666666,4,RISKPRIOR-20260728062026,2026-07-28T06:20:28.344471
HOSP-001,DEPT-PEX,2026-04-13,High,Limited,0.5,4,RISKPRIOR-20260728062026,2026-07-28T06:20:28.344471
HOSP-001,DEPT-ED,2026-04-13,Moderate,Sufficient,0.8333333333333334,4,RISKPRIOR-20260728062026,2026-07-28T06:20:28.344471
HOSP-001,DEPT-DIAG,2026-04-13,Moderate,Sufficient,0.8333333333333334,4,RISKPRIOR-20260728062026,2026-07-28T06:20:28.344471
HOSP-001,DEPT-MED,2026-04-13,Moderate,Sufficient,0.6666666666666666,4,RISKPRIOR-20260728062026,2026-07-28T06:20:28.344471
HOSP-001,DEPT-DIAG,2026-04-14,Moderate,Sufficient,0.8333333333333334,4,RISKPRIOR-20260728062026,2026-07-28T06:20:28.344471
HOSP-001,DEPT-SURG,2026-04-14,Moderate,Sufficient,0.6666666666666666,4,RISKPRIOR-20260728062026,2026-07-28T06:20:28.344471
HOSP-001,DEPT-ADM,2026-04-14,High,Limited,0.3333333333333333,4,RISKPRIOR-20260728062026,2026-07-28T06:20:28.344471
HOSP-001,DEPT-OPC,2026-04-14,Moderate,Sufficient,0.8333333333333334,4,RISKPRIOR-20260728062026,2026-07-28T06:20:28.344471
HOSP-001,DEPT-MED,2026-04-14,Moderate,Sufficient,0.6666666666666666,4,RISKPRIOR-20260728062026,2026-07-28T06:20:28.344471
HOSP-001,DEPT-ICU,2026-04-14,Moderate,Sufficient,0.6666666666666666,4,RISKPRIOR-20260728062026,2026-07-28T06:20:28.344471
HOSP-001,DEPT-PEX,2026-04-14,High,Limited,0.5,4,RISKPRIOR-20260728062026,2026-07-28T06:20:28.344471
HOSP-001,DEPT-ED,2026-04-14,Moderate,Sufficient,0.8333333333333334,4,RISKPRIOR-20260728062026,2026-07-28T06:20:28.344471
HOSP-001,DEPT-OPC,2026-04-15,Moderate,Sufficient,0.8333333333333334,4,RISKPRIOR-20260728062026,2026-07-28T06:20:28.344471
HOSP-001,DEPT-ICU,2026-04-15,Moderate,Limited,0.5,4,RISKPRIOR-20260728062026,2026-07-28T06:20:28.344471
HOSP-001,DEPT-PEX,2026-04-15,High,Limited,0.3333333333333333,4,RISKPRIOR-20260728062026,2026-07-28T06:20:28.344471
HOSP-001,DEPT-DIAG,2026-04-15,Moderate,Sufficient,0.8333333333333334,4,RISKPRIOR-20260728062026,2026-07-28T06:20:28.344471
HOSP-001,DEPT-SURG,2026-04-15,Moderate,Sufficient,0.6666666666666666,4,RISKPRIOR-20260728062026,2026-07-28T06:20:28.344471
HOSP-001,DEPT-MED,2026-04-15,Moderate,Sufficient,0.6666666666666666,4,RISKPRIOR-20260728062026,2026-07-28T06:20:28.344471
HOSP-001,DEPT-ADM,2026-04-15,High,Limited,0.5,4,RISKPRIOR-20260728062026,2026-07-28T06:20:28.344471
HOSP-001,DEPT-ED,2026-04-15,Moderate,Sufficient,0.8333333333333334,4,RISKPRIOR-20260728062026,2026-07-28T06:20:28.344471
HOSP-001,DEPT-DIAG,2026-04-16,Moderate,Sufficient,0.8333333333333334,4,RISKPRIOR-20260728062026,2026-07-28T06:20:28.344471
HOSP-001,DEPT-PEX,2026-04-16,High,Limited,0.5,4,RISKPRIOR-20260728062026,2026-07-28T06:20:28.344471
HOSP-001,DEPT-SURG,2026-04-16,Moderate,Sufficient,0.6666666666666666,4,RISKPRIOR-20260728062026,2026-07-28T06:20:28.344471
HOSP-001,DEPT-ICU,2026-04-16,Moderate,Sufficient,0.6666666666666666,4,RISKPRIOR-20260728062026,2026-07-28T06:20:28.344471
HOSP-001,DEPT-OPC,2026-04-16,Moderate,Sufficient,0.6666666666666666,4,RISKPRIOR-20260728062026,2026-07-28T06:20:28.344471
HOSP-001,DEPT-ADM,2026-04-16,High,Limited,0.5,4,RISKPRIOR-20260728062026,2026-07-28T06:20:28.344471
HOSP-001,DEPT-MED,2026-04-16,Moderate,Sufficient,0.6666666666666666,4,RISKPRIOR-20260728062026,2026-07-28T06:20:28.344471
HOSP-001,DEPT-ED,2026-04-16,Moderate,Sufficient,0.8333333333333334,4,RISKPRIOR-20260728062026,2026-07-28T06:20:28.344471
HOSP-001,DEPT-DIAG,2026-04-17,Moderate,Sufficient,0.8333333333333334,4,RISKPRIOR-20260728062026,2026-07-28T06:20:28.344471
HOSP-001,DEPT-PEX,2026-04-17,High,Limited,0.5,4,RISKPRIOR-20260728062026,2026-07-28T06:20:28.344471
HOSP-001,DEPT-OPC,2026-04-17,Moderate,Sufficient,0.8333333333333334,4,RISKPRIOR-20260728062026,2026-07-28T06:20:28.344471
HOSP-001,DEPT-ICU,2026-04-17,Moderate,Limited,0.5,4,RISKPRIOR-20260728062026,2026-07-28T06:20:28.344471
HOSP-001,DEPT-MED,2026-04-17,Moderate,Limited,0.5,4,RISKPRIOR-20260728062026,2026-07-28T06:20:28.344471
HOSP-001,DEPT-ADM,2026-04-17,High,Limited,0.5,4,RISKPRIOR-20260728062026,2026-07-28T06:20:28.344471
HOSP-001,DEPT-SURG,2026-04-17,Moderate,Limited,0.5,4,RISKPRIOR-20260728062026,2026-07-28T06:20:28.344471
HOSP-001,DEPT-ED,2026-04-17,Moderate,Sufficient,0.8333333333333334,4,RISKPRIOR-20260728062026,2026-07-28T06:20:28.344471
HOSP-001,DEPT-ICU,2026-04-18,Moderate,Sufficient,0.6666666666666666,4,RISKPRIOR-20260728062026,2026-07-28T06:20:28.344471
HOSP-001,DEPT-MED,2026-04-18,Moderate,Sufficient,0.6666666666666666,4,RISKPRIOR-20260728062026,2026-07-28T06:20:28.344471
HOSP-001,DEPT-SURG,2026-04-18,Moderate,Sufficient,0.6666666666666666,4,RISKPRIOR-20260728062026,2026-07-28T06:20:28.344471
HOSP-001,DEPT-DIAG,2026-04-18,High,Limited,0.5,4,RISKPRIOR-20260728062026,2026-07-28T06:20:28.344471
HOSP-001,DEPT-ADM,2026-04-18,High,Limited,0.5,4,RISKPRIOR-20260728062026,2026-07-28T06:20:28.344471
HOSP-001,DEPT-PEX,2026-04-18,High,Limited,0.5,4,RISKPRIOR-20260728062026,2026-07-28T06:20:28.344471
HOSP-001,DEPT-OPC,2026-04-18,High,Limited,0.5,4,RISKPRIOR-20260728062026,2026-07-28T06:20:28.344471
HOSP-001,DEPT-ED,2026-04-18,Moderate,Sufficient,0.8333333333333334,4,RISKPRIOR-20260728062026,2026-07-28T06:20:28.344471
HOSP-001,DEPT-ICU,2026-04-19,Moderate,Limited,0.5,4,RISKPRIOR-20260728062026,2026-07-28T06:20:28.344471
HOSP-001,DEPT-MED,2026-04-19,Moderate,Sufficient,0.6666666666666666,4,RISKPRIOR-20260728062026,2026-07-28T06:20:28.344471
HOSP-001,DEPT-DIAG,2026-04-19,Moderate,Sufficient,0.8333333333333334,4,RISKPRIOR-20260728062026,2026-07-28T06:20:28.344471
HOSP-001,DEPT-ADM,2026-04-19,High,Limited,0.5,4,RISKPRIOR-20260728062026,2026-07-28T06:20:28.344471
HOSP-001,DEPT-ED,2026-04-19,Moderate,Sufficient,0.8333333333333334,4,RISKPRIOR-20260728062026,2026-07-28T06:20:28.344471
HOSP-001,DEPT-OPC,2026-04-19,Moderate,Sufficient,0.8333333333333334,4,RISKPRIOR-20260728062026,2026-07-28T06:20:28.344471
HOSP-001,DEPT-SURG,2026-04-19,Moderate,Limited,0.5,4,RISKPRIOR-20260728062026,2026-07-28T06:20:28.344471
HOSP-001,DEPT-PEX,2026-04-19,High,Limited,0.3333333333333333,4,RISKPRIOR-20260728062026,2026-07-28T06:20:28.344471
HOSP-001,DEPT-ADM,2026-04-20,High,Limited,0.5,4,RISKPRIOR-20260728062026,2026-07-28T06:20:28.344471
HOSP-001,DEPT-ICU,2026-04-20,Moderate,Sufficient,0.6666666666666666,4,RISKPRIOR-20260728062026,2026-07-28T06:20:28.344471
HOSP-001,DEPT-DIAG,2026-04-20,Moderate,Sufficient,0.8333333333333334,4,RISKPRIOR-20260728062026,2026-07-28T06:20:28.344471
HOSP-001,DEPT-OPC,2026-04-20,Moderate,Sufficient,0.8333333333333334,4,RISKPRIOR-20260728062026,2026-07-28T06:20:28.344471
HOSP-001,DEPT-SURG,2026-04-20,Moderate,Limited,0.5,4,RISKPRIOR-20260728062026,2026-07-28T06:20:28.344471
HOSP-001,DEPT-ED,2026-04-20,Moderate,Sufficient,0.8333333333333334,4,RISKPRIOR-20260728062026,2026-07-28T06:20:28.344471
HOSP-001,DEPT-MED,2026-04-20,Moderate,Sufficient,0.6666666666666666,4,RISKPRIOR-20260728062026,2026-07-28T06:20:28.344471
HOSP-001,DEPT-PEX,2026-04-20,High,Limited,0.5,4,RISKPRIOR-20260728062026,2026-07-28T06:20:28.344471
HOSP-001,DEPT-ED,2026-04-21,Moderate,Sufficient,0.8333333333333334,4,RISKPRIOR-20260728062026,2026-07-28T06:20:28.344471
HOSP-001,DEPT-OPC,2026-04-21,Moderate,Sufficient,0.6666666666666666,4,RISKPRIOR-20260728062026,2026-07-28T06:20:28.344471
HOSP-001,DEPT-MED,2026-04-21,Moderate,Sufficient,0.6666666666666666,4,RISKPRIOR-20260728062026,2026-07-28T06:20:28.344471
HOSP-001,DEPT-PEX,2026-04-21,High,Limited,0.5,4,RISKPRIOR-20260728062026,2026-07-28T06:20:28.344471
HOSP-001,DEPT-DIAG,2026-04-21,Moderate,Sufficient,0.6666666666666666,4,RISKPRIOR-20260728062026,2026-07-28T06:20:28.344471
HOSP-001,DEPT-ICU,2026-04-21,Moderate,Sufficient,0.6666666666666666,4,RISKPRIOR-20260728062026,2026-07-28T06:20:28.344471
HOSP-001,DEPT-ADM,2026-04-21,High,Limited,0.5,4,RISKPRIOR-20260728062026,2026-07-28T06:20:28.344471
HOSP-001,DEPT-SURG,2026-04-21,Moderate,Sufficient,0.6666666666666666,4,RISKPRIOR-20260728062026,2026-07-28T06:20:28.344471
HOSP-001,DEPT-OPC,2026-04-22,Moderate,Sufficient,0.8333333333333334,4,RISKPRIOR-20260728062026,2026-07-28T06:20:28.344471
HOSP-001,DEPT-PEX,2026-04-22,High,Limited,0.5,4,RISKPRIOR-20260728062026,2026-07-28T06:20:28.344471
HOSP-001,DEPT-SURG,2026-04-22,Moderate,Sufficient,0.6666666666666666,4,RISKPRIOR-20260728062026,2026-07-28T06:20:28.344471
HOSP-001,DEPT-DIAG,2026-04-22,Moderate,Sufficient,0.8333333333333334,4,RISKPRIOR-20260728062026,2026-07-28T06:20:28.344471
HOSP-001,DEPT-ICU,2026-04-22,Moderate,Sufficient,0.6666666666666666,4,RISKPRIOR-20260728062026,2026-07-28T06:20:28.344471
HOSP-001,DEPT-MED,2026-04-22,Moderate,Sufficient,0.6666666666666666,4,RISKPRIOR-20260728062026,2026-07-28T06:20:28.344471
HOSP-001,DEPT-ADM,2026-04-22,High,Limited,0.5,4,RISKPRIOR-20260728062026,2026-07-28T06:20:28.344471
HOSP-001,DEPT-ED,2026-04-22,Moderate,Sufficient,0.8333333333333334,4,RISKPRIOR-20260728062026,2026-07-28T06:20:28.344471
HOSP-001,DEPT-OPC,2026-04-23,High,Limited,0.5,4,RISKPRIOR-20260728062026,2026-07-28T06:20:28.344471
HOSP-001,DEPT-ICU,2026-04-23,Moderate,Sufficient,0.6666666666666666,4,RISKPRIOR-20260728062026,2026-07-28T06:20:28.344471
HOSP-001,DEPT-DIAG,2026-04-23,Moderate,Sufficient,0.8333333333333334,4,RISKPRIOR-20260728062026,2026-07-28T06:20:28.344471
HOSP-001,DEPT-SURG,2026-04-23,Moderate,Sufficient,0.6666666666666666,4,RISKPRIOR-20260728062026,2026-07-28T06:20:28.344471
HOSP-001,DEPT-MED,2026-04-23,Moderate,Sufficient,0.6666666666666666,4,RISKPRIOR-20260728062026,2026-07-28T06:20:28.344471
HOSP-001,DEPT-ADM,2026-04-23,High,Limited,0.5,4,RISKPRIOR-20260728062026,2026-07-28T06:20:28.344471
HOSP-001,DEPT-ED,2026-04-23,Moderate,Sufficient,0.8333333333333334,4,RISKPRIOR-20260728062026,2026-07-28T06:20:28.344471
HOSP-001,DEPT-PEX,2026-04-23,High,Limited,0.5,4,RISKPRIOR-20260728062026,2026-07-28T06:20:28.344471
HOSP-001,DEPT-DIAG,2026-04-24,High,Limited,0.5,4,RISKPRIOR-20260728062026,2026-07-28T06:20:28.344471
HOSP-001,DEPT-PEX,2026-04-24,High,Limited,0.5,4,RISKPRIOR-20260728062026,2026-07-28T06:20:28.344471
HOSP-001,DEPT-ADM,2026-04-24,High,Limited,0.5,4,RISKPRIOR-20260728062026,2026-07-28T06:20:28.344471
HOSP-001,DEPT-ICU,2026-04-24,Moderate,Limited,0.5,4,RISKPRIOR-20260728062026,2026-07-28T06:20:28.344471
HOSP-001,DEPT-OPC,2026-04-24,Moderate,Sufficient,0.8333333333333334,4,RISKPRIOR-20260728062026,2026-07-28T06:20:28.344471
HOSP-001,DEPT-SURG,2026-04-24,Moderate,Sufficient,0.6666666666666666,4,RISKPRIOR-20260728062026,2026-07-28T06:20:28.344471
HOSP-001,DEPT-ED,2026-04-24,Moderate,Sufficient,0.8333333333333334,4,RISKPRIOR-20260728062026,2026-07-28T06:20:28.344471
HOSP-001,DEPT-MED,2026-04-24,Moderate,Sufficient,0.6666666666666666,4,RISKPRIOR-20260728062026,2026-07-28T06:20:28.344471
HOSP-001,DEPT-OPC,2026-04-25,Moderate,Sufficient,0.8333333333333334,4,RISKPRIOR-20260728062026,2026-07-28T06:20:28.344471
HOSP-001,DEPT-ICU,2026-04-25,Moderate,Sufficient,0.6666666666666666,4,RISKPRIOR-20260728062026,2026-07-28T06:20:28.344471
HOSP-001,DEPT-DIAG,2026-04-25,Moderate,Sufficient,0.8333333333333334,4,RISKPRIOR-20260728062026,2026-07-28T06:20:28.344471
HOSP-001,DEPT-ED,2026-04-25,Moderate,Sufficient,0.8333333333333334,4,RISKPRIOR-20260728062026,2026-07-28T06:20:28.344471
HOSP-001,DEPT-MED,2026-04-25,Moderate,Sufficient,0.6666666666666666,4,RISKPRIOR-20260728062026,2026-07-28T06:20:28.344471
HOSP-001,DEPT-SURG,2026-04-25,Moderate,Sufficient,0.6666666666666666,4,RISKPRIOR-20260728062026,2026-07-28T06:20:28.344471
HOSP-001,DEPT-PEX,2026-04-25,High,Limited,0.5,4,RISKPRIOR-20260728062026,2026-07-28T06:20:28.344471
HOSP-001,DEPT-ADM,2026-04-25,High,Limited,0.5,4,RISKPRIOR-20260728062026,2026-07-28T06:20:28.344471
HOSP-001,DEPT-ED,2026-04-26,Moderate,Sufficient,0.8333333333333334,4,RISKPRIOR-20260728062026,2026-07-28T06:20:28.344471
HOSP-001,DEPT-DIAG,2026-04-26,Moderate,Sufficient,0.8333333333333334,4,RISKPRIOR-20260728062026,2026-07-28T06:20:28.344471
HOSP-001,DEPT-OPC,2026-04-26,Moderate,Sufficient,0.8333333333333334,4,RISKPRIOR-20260728062026,2026-07-28T06:20:28.344471
HOSP-001,DEPT-ICU,2026-04-26,Moderate,Limited,0.5,4,RISKPRIOR-20260728062026,2026-07-28T06:20:28.344471
HOSP-001,DEPT-PEX,2026-04-26,High,Limited,0.5,4,RISKPRIOR-20260728062026,2026-07-28T06:20:28.344471
HOSP-001,DEPT-SURG,2026-04-26,Moderate,Sufficient,0.6666666666666666,4,RISKPRIOR-20260728062026,2026-07-28T06:20:28.344471
HOSP-001,DEPT-MED,2026-04-26,Moderate,Sufficient,0.6666666666666666,4,RISKPRIOR-20260728062026,2026-07-28T06:20:28.344471
HOSP-001,DEPT-ADM,2026-04-26,High,Limited,0.5,4,RISKPRIOR-20260728062026,2026-07-28T06:20:28.344471
HOSP-001,DEPT-DIAG,2026-04-27,Moderate,Sufficient,0.8333333333333334,4,RISKPRIOR-20260728062026,2026-07-28T06:20:28.344471
HOSP-001,DEPT-PEX,2026-04-27,High,Limited,0.5,4,RISKPRIOR-20260728062026,2026-07-28T06:20:28.344471
HOSP-001,DEPT-ED,2026-04-27,Moderate,Sufficient,0.8333333333333334,4,RISKPRIOR-20260728062026,2026-07-28T06:20:28.344471
HOSP-001,DEPT-MED,2026-04-27,Moderate,Sufficient,0.6666666666666666,4,RISKPRIOR-20260728062026,2026-07-28T06:20:28.344471
HOSP-001,DEPT-ICU,2026-04-27,Moderate,Sufficient,0.6666666666666666,4,RISKPRIOR-20260728062026,2026-07-28T06:20:28.344471
HOSP-001,DEPT-OPC,2026-04-27,Moderate,Sufficient,0.8333333333333334,4,RISKPRIOR-20260728062026,2026-07-28T06:20:28.344471
HOSP-001,DEPT-SURG,2026-04-27,Moderate,Limited,0.5,4,RISKPRIOR-20260728062026,2026-07-28T06:20:28.344471
HOSP-001,DEPT-ADM,2026-04-27,High,Limited,0.3333333333333333,4,RISKPRIOR-20260728062026,2026-07-28T06:20:28.344471
HOSP-001,DEPT-MED,2026-04-28,Moderate,Sufficient,0.6666666666666666,4,RISKPRIOR-20260728062026,2026-07-28T06:20:28.344471
HOSP-001,DEPT-OPC,2026-04-28,Moderate,Sufficient,0.8333333333333334,4,RISKPRIOR-20260728062026,2026-07-28T06:20:28.344471
HOSP-001,DEPT-SURG,2026-04-28,Moderate,Sufficient,0.6666666666666666,4,RISKPRIOR-20260728062026,2026-07-28T06:20:28.344471
HOSP-001,DEPT-DIAG,2026-04-28,Moderate,Sufficient,0.8333333333333334,4,RISKPRIOR-20260728062026,2026-07-28T06:20:28.344471
HOSP-001,DEPT-ICU,2026-04-28,Moderate,Sufficient,0.6666666666666666,4,RISKPRIOR-20260728062026,2026-07-28T06:20:28.344471
HOSP-001,DEPT-PEX,2026-04-28,High,Limited,0.3333333333333333,4,RISKPRIOR-20260728062026,2026-07-28T06:20:28.344471
HOSP-001,DEPT-ED,2026-04-28,Moderate,Sufficient,0.8333333333333334,4,RISKPRIOR-20260728062026,2026-07-28T06:20:28.344471
HOSP-001,DEPT-ADM,2026-04-28,High,Limited,0.5,4,RISKPRIOR-20260728062026,2026-07-28T06:20:28.344471
HOSP-001,DEPT-ICU,2026-04-29,Moderate,Sufficient,0.6666666666666666,4,RISKPRIOR-20260728062026,2026-07-28T06:20:28.344471
HOSP-001,DEPT-MED,2026-04-29,Moderate,Sufficient,0.6666666666666666,4,RISKPRIOR-20260728062026,2026-07-28T06:20:28.344471
HOSP-001,DEPT-SURG,2026-04-29,Moderate,Sufficient,0.6666666666666666,4,RISKPRIOR-20260728062026,2026-07-28T06:20:28.344471
HOSP-001,DEPT-DIAG,2026-04-29,Moderate,Sufficient,0.6666666666666666,4,RISKPRIOR-20260728062026,2026-07-28T06:20:28.344471
HOSP-001,DEPT-OPC,2026-04-29,Moderate,Sufficient,0.6666666666666666,4,RISKPRIOR-20260728062026,2026-07-28T06:20:28.344471
HOSP-001,DEPT-ED,2026-04-29,Moderate,Sufficient,0.8333333333333334,4,RISKPRIOR-20260728062026,2026-07-28T06:20:28.344471
HOSP-001,DEPT-PEX,2026-04-29,High,Limited,0.5,4,RISKPRIOR-20260728062026,2026-07-28T06:20:28.344471
HOSP-001,DEPT-ADM,2026-04-29,High,Limited,0.5,4,RISKPRIOR-20260728062026,2026-07-28T06:20:28.344471
HOSP-001,DEPT-PEX,2026-04-30,High,Limited,0.5,4,RISKPRIOR-20260728062026,2026-07-28T06:20:28.344471
HOSP-001,DEPT-SURG,2026-04-30,Moderate,Sufficient,0.6666666666666666,4,RISKPRIOR-20260728062026,2026-07-28T06:20:28.344471
HOSP-001,DEPT-OPC,2026-04-30,Moderate,Sufficient,0.8333333333333334,4,RISKPRIOR-20260728062026,2026-07-28T06:20:28.344471
HOSP-001,DEPT-ED,2026-04-30,Moderate,Sufficient,0.8333333333333334,4,RISKPRIOR-20260728062026,2026-07-28T06:20:28.344471
HOSP-001,DEPT-MED,2026-04-30,Moderate,Sufficient,0.6666666666666666,4,RISKPRIOR-20260728062026,2026-07-28T06:20:28.344471
HOSP-001,DEPT-ICU,2026-04-30,Moderate,Sufficient,0.6666666666666666,4,RISKPRIOR-20260728062026,2026-07-28T06:20:28.344471
HOSP-001,DEPT-DIAG,2026-04-30,Moderate,Sufficient,0.8333333333333334,4,RISKPRIOR-20260728062026,2026-07-28T06:20:28.344471
HOSP-001,DEPT-ADM,2026-04-30,High,Limited,0.5,4,RISKPRIOR-20260728062026,2026-07-28T06:20:28.344471
HOSP-001,DEPT-PEX,2026-05-01,High,Limited,0.5,4,RISKPRIOR-20260728062026,2026-07-28T06:20:28.344471
HOSP-001,DEPT-OPC,2026-05-01,Moderate,Sufficient,0.8333333333333334,4,RISKPRIOR-20260728062026,2026-07-28T06:20:28.344471
HOSP-001,DEPT-ICU,2026-05-01,Moderate,Limited,0.5,4,RISKPRIOR-20260728062026,2026-07-28T06:20:28.344471
HOSP-001,DEPT-DIAG,2026-05-01,Moderate,Sufficient,0.8333333333333334,4,RISKPRIOR-20260728062026,2026-07-28T06:20:28.344471
HOSP-001,DEPT-ED,2026-05-01,Moderate,Sufficient,0.8333333333333334,4,RISKPRIOR-20260728062026,2026-07-28T06:20:28.344471
HOSP-001,DEPT-MED,2026-05-01,Moderate,Sufficient,0.6666666666666666,4,RISKPRIOR-20260728062026,2026-07-28T06:20:28.344471
HOSP-001,DEPT-SURG,2026-05-01,Moderate,Limited,0.5,4,RISKPRIOR-20260728062026,2026-07-28T06:20:28.344471
HOSP-001,DEPT-ADM,2026-05-01,High,Limited,0.5,4,RISKPRIOR-20260728062026,2026-07-28T06:20:28.344471
HOSP-001,DEPT-ED,2026-05-02,Moderate,Sufficient,0.8333333333333334,4,RISKPRIOR-20260728062026,2026-07-28T06:20:28.344471
HOSP-001,DEPT-OPC,2026-05-02,Moderate,Sufficient,0.8333333333333334,4,RISKPRIOR-20260728062026,2026-07-28T06:20:28.344471
HOSP-001,DEPT-SURG,2026-05-02,Moderate,Limited,0.5,4,RISKPRIOR-20260728062026,2026-07-28T06:20:28.344471
HOSP-001,DEPT-MED,2026-05-02,Moderate,Limited,0.5,4,RISKPRIOR-20260728062026,2026-07-28T06:20:28.344471
HOSP-001,DEPT-PEX,2026-05-02,High,Limited,0.5,4,RISKPRIOR-20260728062026,2026-07-28T06:20:28.344471
HOSP-001,DEPT-ICU,2026-05-02,Moderate,Sufficient,0.6666666666666666,4,RISKPRIOR-20260728062026,2026-07-28T06:20:28.344471
HOSP-001,DEPT-DIAG,2026-05-02,High,Limited,0.5,4,RISKPRIOR-20260728062026,2026-07-28T06:20:28.344471
HOSP-001,DEPT-ADM,2026-05-02,High,Limited,0.5,4,RISKPRIOR-20260728062026,2026-07-28T06:20:28.344471
HOSP-001,DEPT-OPC,2026-05-03,Moderate,Sufficient,0.8333333333333334,4,RISKPRIOR-20260728062026,2026-07-28T06:20:28.344471
HOSP-001,DEPT-PEX,2026-05-03,High,Limited,0.3333333333333333,4,RISKPRIOR-20260728062026,2026-07-28T06:20:28.344471
HOSP-001,DEPT-MED,2026-05-03,Moderate,Sufficient,0.6666666666666666,4,RISKPRIOR-20260728062026,2026-07-28T06:20:28.344471
HOSP-001,DEPT-ED,2026-05-03,Moderate,Sufficient,0.8333333333333334,4,RISKPRIOR-20260728062026,2026-07-28T06:20:28.344471
HOSP-001,DEPT-ICU,2026-05-03,Moderate,Sufficient,0.6666666666666666,4,RISKPRIOR-20260728062026,2026-07-28T06:20:28.344471
HOSP-001,DEPT-DIAG,2026-05-03,Moderate,Sufficient,0.8333333333333334,4,RISKPRIOR-20260728062026,2026-07-28T06:20:28.344471
HOSP-001,DEPT-SURG,2026-05-03,Moderate,Sufficient,0.6666666666666666,4,RISKPRIOR-20260728062026,2026-07-28T06:20:28.344471
HOSP-001,DEPT-ADM,2026-05-03,High,Limited,0.5,4,RISKPRIOR-20260728062026,2026-07-28T06:20:28.344471
HOSP-001,DEPT-PEX,2026-05-04,High,Limited,0.5,4,RISKPRIOR-20260728062026,2026-07-28T06:20:28.344471
HOSP-001,DEPT-OPC,2026-05-04,Moderate,Sufficient,0.8333333333333334,4,RISKPRIOR-20260728062026,2026-07-28T06:20:28.344471
HOSP-001,DEPT-DIAG,2026-05-04,Moderate,Sufficient,0.8333333333333334,4,RISKPRIOR-20260728062026,2026-07-28T06:20:28.344471
HOSP-001,DEPT-SURG,2026-05-04,Moderate,Sufficient,0.6666666666666666,4,RISKPRIOR-20260728062026,2026-07-28T06:20:28.344471
HOSP-001,DEPT-ED,2026-05-04,Moderate,Sufficient,0.8333333333333334,4,RISKPRIOR-20260728062026,2026-07-28T06:20:28.344471
HOSP-001,DEPT-MED,2026-05-04,Moderate,Limited,0.5,4,RISKPRIOR-20260728062026,2026-07-28T06:20:28.344471
HOSP-001,DEPT-ICU,2026-05-04,Moderate,Sufficient,0.6666666666666666,4,RISKPRIOR-20260728062026,2026-07-28T06:20:28.344471
HOSP-001,DEPT-ADM,2026-05-04,High,Limited,0.5,4,RISKPRIOR-20260728062026,2026-07-28T06:20:28.344471
HOSP-001,DEPT-ED,2026-05-05,Moderate,Sufficient,0.8333333333333334,4,RISKPRIOR-20260728062026,2026-07-28T06:20:28.344471
HOSP-001,DEPT-MED,2026-05-05,Moderate,Sufficient,0.6666666666666666,4,RISKPRIOR-20260728062026,2026-07-28T06:20:28.344471
HOSP-001,DEPT-ICU,2026-05-05,Moderate,Sufficient,0.6666666666666666,4,RISKPRIOR-20260728062026,2026-07-28T06:20:28.344471
HOSP-001,DEPT-OPC,2026-05-05,Moderate,Sufficient,0.8333333333333334,4,RISKPRIOR-20260728062026,2026-07-28T06:20:28.344471
HOSP-001,DEPT-PEX,2026-05-05,High,Limited,0.5,4,RISKPRIOR-20260728062026,2026-07-28T06:20:28.344471
HOSP-001,DEPT-SURG,2026-05-05,Moderate,Sufficient,0.6666666666666666,4,RISKPRIOR-20260728062026,2026-07-28T06:20:28.344471
HOSP-001,DEPT-DIAG,2026-05-05,Moderate,Sufficient,0.8333333333333334,4,RISKPRIOR-20260728062026,2026-07-28T06:20:28.344471
HOSP-001,DEPT-ADM,2026-05-05,High,Limited,0.5,4,RISKPRIOR-20260728062026,2026-07-28T06:20:28.344471
HOSP-001,DEPT-ICU,2026-05-06,Moderate,Limited,0.5,4,RISKPRIOR-20260728062026,2026-07-28T06:20:28.344471
HOSP-001,DEPT-MED,2026-05-06,Moderate,Sufficient,0.6666666666666666,4,RISKPRIOR-20260728062026,2026-07-28T06:20:28.344471
HOSP-001,DEPT-ADM,2026-05-06,High,Limited,0.5,4,RISKPRIOR-20260728062026,2026-07-28T06:20:28.344471
HOSP-001,DEPT-OPC,2026-05-06,Moderate,Sufficient,0.8333333333333334,4,RISKPRIOR-20260728062026,2026-07-28T06:20:28.344471
HOSP-001,DEPT-DIAG,2026-05-06,Moderate,Sufficient,0.8333333333333334,4,RISKPRIOR-20260728062026,2026-07-28T06:20:28.344471
HOSP-001,DEPT-PEX,2026-05-06,High,Limited,0.5,4,RISKPRIOR-20260728062026,2026-07-28T06:20:28.344471
HOSP-001,DEPT-ED,2026-05-06,Moderate,Sufficient,0.8333333333333334,4,RISKPRIOR-20260728062026,2026-07-28T06:20:28.344471
HOSP-001,DEPT-SURG,2026-05-06,Moderate,Sufficient,0.6666666666666666,4,RISKPRIOR-20260728062026,2026-07-28T06:20:28.344471
HOSP-001,DEPT-ICU,2026-05-07,Moderate,Limited,0.5,4,RISKPRIOR-20260728062026,2026-07-28T06:20:28.344471
HOSP-001,DEPT-OPC,2026-05-07,Moderate,Sufficient,0.8333333333333334,4,RISKPRIOR-20260728062026,2026-07-28T06:20:28.344471
HOSP-001,DEPT-DIAG,2026-05-07,Moderate,Sufficient,0.6666666666666666,4,RISKPRIOR-20260728062026,2026-07-28T06:20:28.344471
HOSP-001,DEPT-MED,2026-05-07,Moderate,Sufficient,0.6666666666666666,4,RISKPRIOR-20260728062026,2026-07-28T06:20:28.344471
HOSP-001,DEPT-PEX,2026-05-07,High,Limited,0.5,4,RISKPRIOR-20260728062026,2026-07-28T06:20:28.344471
HOSP-001,DEPT-ED,2026-05-07,Moderate,Sufficient,0.8333333333333334,4,RISKPRIOR-20260728062026,2026-07-28T06:20:28.344471
HOSP-001,DEPT-SURG,2026-05-07,Moderate,Sufficient,0.6666666666666666,4,RISKPRIOR-20260728062026,2026-07-28T06:20:28.344471
HOSP-001,DEPT-ADM,2026-05-07,High,Limited,0.5,4,RISKPRIOR-20260728062026,2026-07-28T06:20:28.344471
HOSP-001,DEPT-OPC,2026-05-08,Moderate,Sufficient,0.8333333333333334,4,RISKPRIOR-20260728062026,2026-07-28T06:20:28.344471
HOSP-001,DEPT-ED,2026-05-08,Moderate,Sufficient,0.8333333333333334,4,RISKPRIOR-20260728062026,2026-07-28T06:20:28.344471
HOSP-001,DEPT-SURG,2026-05-08,Moderate,Limited,0.5,4,RISKPRIOR-20260728062026,2026-07-28T06:20:28.344471
HOSP-001,DEPT-DIAG,2026-05-08,Moderate,Sufficient,0.8333333333333334,4,RISKPRIOR-20260728062026,2026-07-28T06:20:28.344471
HOSP-001,DEPT-ICU,2026-05-08,Moderate,Sufficient,0.6666666666666666,4,RISKPRIOR-20260728062026,2026-07-28T06:20:28.344471
HOSP-001,DEPT-PEX,2026-05-08,High,Limited,0.5,4,RISKPRIOR-20260728062026,2026-07-28T06:20:28.344471
HOSP-001,DEPT-MED,2026-05-08,Moderate,Sufficient,0.6666666666666666,4,RISKPRIOR-20260728062026,2026-07-28T06:20:28.344471
HOSP-001,DEPT-ADM,2026-05-08,High,Limited,0.5,4,RISKPRIOR-20260728062026,2026-07-28T06:20:28.344471
HOSP-001,DEPT-SURG,2026-05-09,Moderate,Limited,0.5,4,RISKPRIOR-20260728062026,2026-07-28T06:20:28.344471
HOSP-001,DEPT-ICU,2026-05-09,Moderate,Sufficient,0.6666666666666666,4,RISKPRIOR-20260728062026,2026-07-28T06:20:28.344471
HOSP-001,DEPT-ADM,2026-05-09,High,Limited,0.5,4,RISKPRIOR-20260728062026,2026-07-28T06:20:28.344471
HOSP-001,DEPT-OPC,2026-05-09,High,Limited,0.5,4,RISKPRIOR-20260728062026,2026-07-28T06:20:28.344471
HOSP-001,DEPT-ED,2026-05-09,Moderate,Sufficient,0.8333333333333334,4,RISKPRIOR-20260728062026,2026-07-28T06:20:28.344471
HOSP-001,DEPT-DIAG,2026-05-09,Moderate,Sufficient,0.8333333333333334,4,RISKPRIOR-20260728062026,2026-07-28T06:20:28.344471
HOSP-001,DEPT-PEX,2026-05-09,High,Limited,0.5,4,RISKPRIOR-20260728062026,2026-07-28T06:20:28.344471
HOSP-001,DEPT-MED,2026-05-09,Moderate,Sufficient,0.6666666666666666,4,RISKPRIOR-20260728062026,2026-07-28T06:20:28.344471
HOSP-001,DEPT-PEX,2026-05-10,High,Limited,0.5,4,RISKPRIOR-20260728062026,2026-07-28T06:20:28.344471
HOSP-001,DEPT-MED,2026-05-10,Moderate,Sufficient,0.6666666666666666,4,RISKPRIOR-20260728062026,2026-07-28T06:20:28.344471
HOSP-001,DEPT-ED,2026-05-10,Moderate,Sufficient,0.8333333333333334,4,RISKPRIOR-20260728062026,2026-07-28T06:20:28.344471
HOSP-001,DEPT-ADM,2026-05-10,High,Limited,0.5,4,RISKPRIOR-20260728062026,2026-07-28T06:20:28.344471
HOSP-001,DEPT-ICU,2026-05-10,Moderate,Sufficient,0.6666666666666666,4,RISKPRIOR-20260728062026,2026-07-28T06:20:28.344471
HOSP-001,DEPT-OPC,2026-05-10,Moderate,Sufficient,0.8333333333333334,4,RISKPRIOR-20260728062026,2026-07-28T06:20:28.344471
HOSP-001,DEPT-SURG,2026-05-10,Moderate,Limited,0.5,4,RISKPRIOR-20260728062026,2026-07-28T06:20:28.344471
HOSP-001,DEPT-DIAG,2026-05-10,High,Limited,0.5,4,RISKPRIOR-20260728062026,2026-07-28T06:20:28.344471
HOSP-001,DEPT-MED,2026-05-11,Moderate,Sufficient,0.6666666666666666,4,RISKPRIOR-20260728062026,2026-07-28T06:20:28.344471
HOSP-001,DEPT-DIAG,2026-05-11,Moderate,Sufficient,0.8333333333333334,4,RISKPRIOR-20260728062026,2026-07-28T06:20:28.344471
HOSP-001,DEPT-SURG,2026-05-11,Moderate,Limited,0.5,4,RISKPRIOR-20260728062026,2026-07-28T06:20:28.344471
HOSP-001,DEPT-ED,2026-05-11,Moderate,Sufficient,0.8333333333333334,4,RISKPRIOR-20260728062026,2026-07-28T06:20:28.344471
HOSP-001,DEPT-ICU,2026-05-11,Moderate,Sufficient,0.6666666666666666,4,RISKPRIOR-20260728062026,2026-07-28T06:20:28.344471
HOSP-001,DEPT-OPC,2026-05-11,Moderate,Sufficient,0.8333333333333334,4,RISKPRIOR-20260728062026,2026-07-28T06:20:28.344471
HOSP-001,DEPT-ADM,2026-05-11,High,Limited,0.5,4,RISKPRIOR-20260728062026,2026-07-28T06:20:28.344471
HOSP-001,DEPT-PEX,2026-05-11,High,Limited,0.5,4,RISKPRIOR-20260728062026,2026-07-28T06:20:28.344471
HOSP-001,DEPT-DIAG,2026-05-12,Moderate,Sufficient,0.8333333333333334,4,RISKPRIOR-20260728062026,2026-07-28T06:20:28.344471
HOSP-001,DEPT-ICU,2026-05-12,Moderate,Sufficient,0.6666666666666666,4,RISKPRIOR-20260728062026,2026-07-28T06:20:28.344471
HOSP-001,DEPT-SURG,2026-05-12,Moderate,Sufficient,0.6666666666666666,4,RISKPRIOR-20260728062026,2026-07-28T06:20:28.344471
HOSP-001,DEPT-MED,2026-05-12,Moderate,Sufficient,0.6666666666666666,4,RISKPRIOR-20260728062026,2026-07-28T06:20:28.344471
HOSP-001,DEPT-PEX,2026-05-12,High,Limited,0.5,4,RISKPRIOR-20260728062026,2026-07-28T06:20:28.344471
HOSP-001,DEPT-ED,2026-05-12,High,Limited,0.5,4,RISKPRIOR-20260728062026,2026-07-28T06:20:28.344471
HOSP-001,DEPT-OPC,2026-05-12,Moderate,Sufficient,0.8333333333333334,4,RISKPRIOR-20260728062026,2026-07-28T06:20:28.344471
HOSP-001,DEPT-ADM,2026-05-12,High,Limited,0.5,4,RISKPRIOR-20260728062026,2026-07-28T06:20:28.344471
HOSP-001,DEPT-ICU,2026-05-13,Moderate,Sufficient,0.6666666666666666,4,RISKPRIOR-20260728062026,2026-07-28T06:20:28.344471
HOSP-001,DEPT-ED,2026-05-13,Moderate,Sufficient,0.8333333333333334,4,RISKPRIOR-20260728062026,2026-07-28T06:20:28.344471
HOSP-001,DEPT-ADM,2026-05-13,High,Limited,0.5,4,RISKPRIOR-20260728062026,2026-07-28T06:20:28.344471
HOSP-001,DEPT-DIAG,2026-05-13,Moderate,Sufficient,0.8333333333333334,4,RISKPRIOR-20260728062026,2026-07-28T06:20:28.344471
HOSP-001,DEPT-SURG,2026-05-13,Moderate,Sufficient,0.6666666666666666,4,RISKPRIOR-20260728062026,2026-07-28T06:20:28.344471
HOSP-001,DEPT-PEX,2026-05-13,High,Limited,0.5,4,RISKPRIOR-20260728062026,2026-07-28T06:20:28.344471
HOSP-001,DEPT-MED,2026-05-13,Moderate,Limited,0.5,4,RISKPRIOR-20260728062026,2026-07-28T06:20:28.344471
HOSP-001,DEPT-OPC,2026-05-13,Moderate,Sufficient,0.8333333333333334,4,RISKPRIOR-20260728062026,2026-07-28T06:20:28.344471
HOSP-001,DEPT-MED,2026-05-14,Moderate,Sufficient,0.6666666666666666,4,RISKPRIOR-20260728062026,2026-07-28T06:20:28.344471
HOSP-001,DEPT-DIAG,2026-05-14,Moderate,Sufficient,0.8333333333333334,4,RISKPRIOR-20260728062026,2026-07-28T06:20:28.344471
HOSP-001,DEPT-ICU,2026-05-14,Moderate,Sufficient,0.6666666666666666,4,RISKPRIOR-20260728062026,2026-07-28T06:20:28.344471
HOSP-001,DEPT-PEX,2026-05-14,High,Limited,0.3333333333333333,4,RISKPRIOR-20260728062026,2026-07-28T06:20:28.344471
HOSP-001,DEPT-SURG,2026-05-14,Moderate,Sufficient,0.6666666666666666,4,RISKPRIOR-20260728062026,2026-07-28T06:20:28.344471
HOSP-001,DEPT-ED,2026-05-14,Moderate,Sufficient,0.8333333333333334,4,RISKPRIOR-20260728062026,2026-07-28T06:20:28.344471
HOSP-001,DEPT-OPC,2026-05-14,Moderate,Sufficient,0.8333333333333334,4,RISKPRIOR-20260728062026,2026-07-28T06:20:28.344471
HOSP-001,DEPT-ADM,2026-05-14,High,Limited,0.5,4,RISKPRIOR-20260728062026,2026-07-28T06:20:28.344471
HOSP-001,DEPT-DIAG,2026-05-15,High,Limited,0.5,4,RISKPRIOR-20260728062026,2026-07-28T06:20:28.344471
HOSP-001,DEPT-ADM,2026-05-15,High,Limited,0.3333333333333333,4,RISKPRIOR-20260728062026,2026-07-28T06:20:28.344471
HOSP-001,DEPT-ICU,2026-05-15,Moderate,Sufficient,0.6666666666666666,4,RISKPRIOR-20260728062026,2026-07-28T06:20:28.344471
HOSP-001,DEPT-PEX,2026-05-15,High,Limited,0.5,4,RISKPRIOR-20260728062026,2026-07-28T06:20:28.344471
HOSP-001,DEPT-MED,2026-05-15,Moderate,Sufficient,0.6666666666666666,4,RISKPRIOR-20260728062026,2026-07-28T06:20:28.344471
HOSP-001,DEPT-SURG,2026-05-15,Moderate,Limited,0.5,4,RISKPRIOR-20260728062026,2026-07-28T06:20:28.344471
HOSP-001,DEPT-ED,2026-05-15,Moderate,Sufficient,0.8333333333333334,4,RISKPRIOR-20260728062026,2026-07-28T06:20:28.344471
HOSP-001,DEPT-OPC,2026-05-15,High,Limited,0.5,4,RISKPRIOR-20260728062026,2026-07-28T06:20:28.344471
HOSP-001,DEPT-SURG,2026-05-16,Moderate,Sufficient,0.6666666666666666,4,RISKPRIOR-20260728062026,2026-07-28T06:20:28.344471
HOSP-001,DEPT-DIAG,2026-05-16,Moderate,Sufficient,0.8333333333333334,4,RISKPRIOR-20260728062026,2026-07-28T06:20:28.344471
HOSP-001,DEPT-ICU,2026-05-16,Moderate,Sufficient,0.6666666666666666,4,RISKPRIOR-20260728062026,2026-07-28T06:20:28.344471
HOSP-001,DEPT-OPC,2026-05-16,Moderate,Sufficient,0.8333333333333334,4,RISKPRIOR-20260728062026,2026-07-28T06:20:28.344471
HOSP-001,DEPT-ADM,2026-05-16,High,Limited,0.3333333333333333,4,RISKPRIOR-20260728062026,2026-07-28T06:20:28.344471
HOSP-001,DEPT-MED,2026-05-16,Moderate,Sufficient,0.6666666666666666,4,RISKPRIOR-20260728062026,2026-07-28T06:20:28.344471
HOSP-001,DEPT-ED,2026-05-16,Moderate,Sufficient,0.8333333333333334,4,RISKPRIOR-20260728062026,2026-07-28T06:20:28.344471
HOSP-001,DEPT-PEX,2026-05-16,High,Limited,0.3333333333333333,4,RISKPRIOR-20260728062026,2026-07-28T06:20:28.344471
HOSP-001,DEPT-OPC,2026-05-17,Moderate,Sufficient,0.8333333333333334,4,RISKPRIOR-20260728062026,2026-07-28T06:20:28.344471
HOSP-001,DEPT-SURG,2026-05-17,Moderate,Sufficient,0.6666666666666666,4,RISKPRIOR-20260728062026,2026-07-28T06:20:28.344471
HOSP-001,DEPT-ICU,2026-05-17,Moderate,Sufficient,0.6666666666666666,4,RISKPRIOR-20260728062026,2026-07-28T06:20:28.344471
HOSP-001,DEPT-MED,2026-05-17,Moderate,Sufficient,0.6666666666666666,4,RISKPRIOR-20260728062026,2026-07-28T06:20:28.344471
HOSP-001,DEPT-PEX,2026-05-17,High,Limited,0.3333333333333333,4,RISKPRIOR-20260728062026,2026-07-28T06:20:28.344471
HOSP-001,DEPT-ADM,2026-05-17,High,Limited,0.5,4,RISKPRIOR-20260728062026,2026-07-28T06:20:28.344471
HOSP-001,DEPT-ED,2026-05-17,Moderate,Sufficient,0.8333333333333334,4,RISKPRIOR-20260728062026,2026-07-28T06:20:28.344471
HOSP-001,DEPT-DIAG,2026-05-17,Moderate,Sufficient,0.8333333333333334,4,RISKPRIOR-20260728062026,2026-07-28T06:20:28.344471
HOSP-001,DEPT-ICU,2026-05-18,Moderate,Limited,0.5,4,RISKPRIOR-20260728062026,2026-07-28T06:20:28.344471
HOSP-001,DEPT-OPC,2026-05-18,Moderate,Sufficient,0.8333333333333334,4,RISKPRIOR-20260728062026,2026-07-28T06:20:28.344471
HOSP-001,DEPT-ED,2026-05-18,Moderate,Sufficient,0.8333333333333334,4,RISKPRIOR-20260728062026,2026-07-28T06:20:28.344471
HOSP-001,DEPT-MED,2026-05-18,Moderate,Sufficient,0.6666666666666666,4,RISKPRIOR-20260728062026,2026-07-28T06:20:28.344471
HOSP-001,DEPT-DIAG,2026-05-18,Moderate,Sufficient,0.8333333333333334,4,RISKPRIOR-20260728062026,2026-07-28T06:20:28.344471
HOSP-001,DEPT-SURG,2026-05-18,Moderate,Sufficient,0.6666666666666666,4,RISKPRIOR-20260728062026,2026-07-28T06:20:28.344471
HOSP-001,DEPT-ADM,2026-05-18,High,Limited,0.5,4,RISKPRIOR-20260728062026,2026-07-28T06:20:28.344471
HOSP-001,DEPT-PEX,2026-05-18,High,Limited,0.5,4,RISKPRIOR-20260728062026,2026-07-28T06:20:28.344471
HOSP-001,DEPT-MED,2026-05-19,Moderate,Limited,0.5,4,RISKPRIOR-20260728062026,2026-07-28T06:20:28.344471
HOSP-001,DEPT-ICU,2026-05-19,Moderate,Sufficient,0.6666666666666666,4,RISKPRIOR-20260728062026,2026-07-28T06:20:28.344471
HOSP-001,DEPT-PEX,2026-05-19,High,Limited,0.5,4,RISKPRIOR-20260728062026,2026-07-28T06:20:28.344471
HOSP-001,DEPT-ADM,2026-05-19,High,Limited,0.5,4,RISKPRIOR-20260728062026,2026-07-28T06:20:28.344471
HOSP-001,DEPT-DIAG,2026-05-19,High,Limited,0.5,4,RISKPRIOR-20260728062026,2026-07-28T06:20:28.344471
HOSP-001,DEPT-OPC,2026-05-19,Moderate,Sufficient,0.8333333333333334,4,RISKPRIOR-20260728062026,2026-07-28T06:20:28.344471
HOSP-001,DEPT-SURG,2026-05-19,Moderate,Limited,0.5,4,RISKPRIOR-20260728062026,2026-07-28T06:20:28.344471
HOSP-001,DEPT-ED,2026-05-19,Moderate,Sufficient,0.8333333333333334,4,RISKPRIOR-20260728062026,2026-07-28T06:20:28.344471
HOSP-001,DEPT-MED,2026-05-20,Moderate,Sufficient,0.6666666666666666,4,RISKPRIOR-20260728062026,2026-07-28T06:20:28.344471
HOSP-001,DEPT-DIAG,2026-05-20,Moderate,Sufficient,0.8333333333333334,4,RISKPRIOR-20260728062026,2026-07-28T06:20:28.344471
HOSP-001,DEPT-ADM,2026-05-20,High,Limited,0.5,4,RISKPRIOR-20260728062026,2026-07-28T06:20:28.344471
HOSP-001,DEPT-OPC,2026-05-20,Moderate,Sufficient,0.8333333333333334,4,RISKPRIOR-20260728062026,2026-07-28T06:20:28.344471
HOSP-001,DEPT-ICU,2026-05-20,Moderate,Sufficient,0.6666666666666666,4,RISKPRIOR-20260728062026,2026-07-28T06:20:28.344471
HOSP-001,DEPT-PEX,2026-05-20,High,Limited,0.5,4,RISKPRIOR-20260728062026,2026-07-28T06:20:28.344471
HOSP-001,DEPT-ED,2026-05-20,Moderate,Sufficient,0.8333333333333334,4,RISKPRIOR-20260728062026,2026-07-28T06:20:28.344471
HOSP-001,DEPT-SURG,2026-05-20,Moderate,Sufficient,0.6666666666666666,4,RISKPRIOR-20260728062026,2026-07-28T06:20:28.344471
HOSP-001,DEPT-ADM,2026-05-21,High,Limited,0.3333333333333333,4,RISKPRIOR-20260728062026,2026-07-28T06:20:28.344471
HOSP-001,DEPT-PEX,2026-05-21,High,Limited,0.5,4,RISKPRIOR-20260728062026,2026-07-28T06:20:28.344471
HOSP-001,DEPT-SURG,2026-05-21,Moderate,Sufficient,0.6666666666666666,4,RISKPRIOR-20260728062026,2026-07-28T06:20:28.344471
HOSP-001,DEPT-DIAG,2026-05-21,Moderate,Sufficient,0.8333333333333334,4,RISKPRIOR-20260728062026,2026-07-28T06:20:28.344471
HOSP-001,DEPT-ED,2026-05-21,Moderate,Sufficient,0.8333333333333334,4,RISKPRIOR-20260728062026,2026-07-28T06:20:28.344471
HOSP-001,DEPT-MED,2026-05-21,Moderate,Sufficient,0.6666666666666666,4,RISKPRIOR-20260728062026,2026-07-28T06:20:28.344471
HOSP-001,DEPT-OPC,2026-05-21,Moderate,Sufficient,0.8333333333333334,4,RISKPRIOR-20260728062026,2026-07-28T06:20:28.344471
HOSP-001,DEPT-ICU,2026-05-21,Moderate,Sufficient,0.6666666666666666,4,RISKPRIOR-20260728062026,2026-07-28T06:20:28.344471
HOSP-001,DEPT-PEX,2026-05-22,High,Limited,0.5,4,RISKPRIOR-20260728062026,2026-07-28T06:20:28.344471
HOSP-001,DEPT-ED,2026-05-22,Moderate,Sufficient,0.8333333333333334,4,RISKPRIOR-20260728062026,2026-07-28T06:20:28.344471
HOSP-001,DEPT-ICU,2026-05-22,Moderate,Sufficient,0.6666666666666666,4,RISKPRIOR-20260728062026,2026-07-28T06:20:28.344471
HOSP-001,DEPT-MED,2026-05-22,Moderate,Sufficient,0.6666666666666666,4,RISKPRIOR-20260728062026,2026-07-28T06:20:28.344471
HOSP-001,DEPT-OPC,2026-05-22,Moderate,Sufficient,0.8333333333333334,4,RISKPRIOR-20260728062026,2026-07-28T06:20:28.344471
HOSP-001,DEPT-SURG,2026-05-22,Moderate,Sufficient,0.6666666666666666,4,RISKPRIOR-20260728062026,2026-07-28T06:20:28.344471
HOSP-001,DEPT-DIAG,2026-05-22,Moderate,Sufficient,0.8333333333333334,4,RISKPRIOR-20260728062026,2026-07-28T06:20:28.344471
HOSP-001,DEPT-ADM,2026-05-22,High,Limited,0.5,4,RISKPRIOR-20260728062026,2026-07-28T06:20:28.344471
HOSP-001,DEPT-ICU,2026-05-23,Moderate,Sufficient,0.6666666666666666,4,RISKPRIOR-20260728062026,2026-07-28T06:20:28.344471
HOSP-001,DEPT-DIAG,2026-05-23,Moderate,Sufficient,0.8333333333333334,4,RISKPRIOR-20260728062026,2026-07-28T06:20:28.344471
HOSP-001,DEPT-OPC,2026-05-23,Moderate,Sufficient,0.8333333333333334,4,RISKPRIOR-20260728062026,2026-07-28T06:20:28.344471
HOSP-001,DEPT-PEX,2026-05-23,High,Limited,0.5,4,RISKPRIOR-20260728062026,2026-07-28T06:20:28.344471
HOSP-001,DEPT-SURG,2026-05-23,Moderate,Sufficient,0.6666666666666666,4,RISKPRIOR-20260728062026,2026-07-28T06:20:28.344471
HOSP-001,DEPT-ADM,2026-05-23,High,Limited,0.5,4,RISKPRIOR-20260728062026,2026-07-28T06:20:28.344471
HOSP-001,DEPT-ED,2026-05-23,Moderate,Sufficient,0.8333333333333334,4,RISKPRIOR-20260728062026,2026-07-28T06:20:28.344471
HOSP-001,DEPT-MED,2026-05-23,Moderate,Sufficient,0.6666666666666666,4,RISKPRIOR-20260728062026,2026-07-28T06:20:28.344471
HOSP-001,DEPT-ICU,2026-05-24,Moderate,Sufficient,0.6666666666666666,4,RISKPRIOR-20260728062026,2026-07-28T06:20:28.344471
HOSP-001,DEPT-ADM,2026-05-24,High,Limited,0.5,4,RISKPRIOR-20260728062026,2026-07-28T06:20:28.344471
HOSP-001,DEPT-SURG,2026-05-24,Moderate,Sufficient,0.6666666666666666,4,RISKPRIOR-20260728062026,2026-07-28T06:20:28.344471
HOSP-001,DEPT-ED,2026-05-24,Moderate,Sufficient,0.8333333333333334,4,RISKPRIOR-20260728062026,2026-07-28T06:20:28.344471
HOSP-001,DEPT-PEX,2026-05-24,High,Limited,0.5,4,RISKPRIOR-20260728062026,2026-07-28T06:20:28.344471
HOSP-001,DEPT-OPC,2026-05-24,Moderate,Sufficient,0.8333333333333334,4,RISKPRIOR-20260728062026,2026-07-28T06:20:28.344471
HOSP-001,DEPT-DIAG,2026-05-24,Moderate,Sufficient,0.8333333333333334,4,RISKPRIOR-20260728062026,2026-07-28T06:20:28.344471
HOSP-001,DEPT-MED,2026-05-24,Moderate,Limited,0.5,4,RISKPRIOR-20260728062026,2026-07-28T06:20:28.344471
HOSP-001,DEPT-PEX,2026-05-25,High,Limited,0.3333333333333333,4,RISKPRIOR-20260728062026,2026-07-28T06:20:28.344471
HOSP-001,DEPT-ADM,2026-05-25,High,Limited,0.5,4,RISKPRIOR-20260728062026,2026-07-28T06:20:28.344471
HOSP-001,DEPT-MED,2026-05-25,Moderate,Sufficient,0.6666666666666666,4,RISKPRIOR-20260728062026,2026-07-28T06:20:28.344471
HOSP-001,DEPT-ICU,2026-05-25,Moderate,Sufficient,0.6666666666666666,4,RISKPRIOR-20260728062026,2026-07-28T06:20:28.344471
HOSP-001,DEPT-DIAG,2026-05-25,Moderate,Sufficient,0.8333333333333334,4,RISKPRIOR-20260728062026,2026-07-28T06:20:28.344471
HOSP-001,DEPT-OPC,2026-05-25,High,Limited,0.5,4,RISKPRIOR-20260728062026,2026-07-28T06:20:28.344471
HOSP-001,DEPT-ED,2026-05-25,Moderate,Sufficient,0.8333333333333334,4,RISKPRIOR-20260728062026,2026-07-28T06:20:28.344471
HOSP-001,DEPT-SURG,2026-05-25,Moderate,Sufficient,0.6666666666666666,4,RISKPRIOR-20260728062026,2026-07-28T06:20:28.344471
HOSP-001,DEPT-SURG,2026-05-26,Moderate,Sufficient,0.6666666666666666,4,RISKPRIOR-20260728062026,2026-07-28T06:20:28.344471
HOSP-001,DEPT-OPC,2026-05-26,Moderate,Sufficient,0.8333333333333334,4,RISKPRIOR-20260728062026,2026-07-28T06:20:28.344471
HOSP-001,DEPT-ICU,2026-05-26,Moderate,Sufficient,0.6666666666666666,4,RISKPRIOR-20260728062026,2026-07-28T06:20:28.344471
HOSP-001,DEPT-MED,2026-05-26,Moderate,Sufficient,0.6666666666666666,4,RISKPRIOR-20260728062026,2026-07-28T06:20:28.344471
HOSP-001,DEPT-PEX,2026-05-26,High,Limited,0.5,4,RISKPRIOR-20260728062026,2026-07-28T06:20:28.344471
HOSP-001,DEPT-DIAG,2026-05-26,Moderate,Sufficient,0.8333333333333334,4,RISKPRIOR-20260728062026,2026-07-28T06:20:28.344471
HOSP-001,DEPT-ED,2026-05-26,High,Limited,0.5,4,RISKPRIOR-20260728062026,2026-07-28T06:20:28.344471
HOSP-001,DEPT-ADM,2026-05-26,High,Limited,0.5,4,RISKPRIOR-20260728062026,2026-07-28T06:20:28.344471
HOSP-001,DEPT-MED,2026-05-27,Moderate,Sufficient,0.6666666666666666,4,RISKPRIOR-20260728062026,2026-07-28T06:20:28.344471
HOSP-001,DEPT-ICU,2026-05-27,Moderate,Sufficient,0.6666666666666666,4,RISKPRIOR-20260728062026,2026-07-28T06:20:28.344471
HOSP-001,DEPT-SURG,2026-05-27,Moderate,Limited,0.5,4,RISKPRIOR-20260728062026,2026-07-28T06:20:28.344471
HOSP-001,DEPT-PEX,2026-05-27,High,Limited,0.5,4,RISKPRIOR-20260728062026,2026-07-28T06:20:28.344471
HOSP-001,DEPT-DIAG,2026-05-27,Moderate,Sufficient,0.8333333333333334,4,RISKPRIOR-20260728062026,2026-07-28T06:20:28.344471
HOSP-001,DEPT-ED,2026-05-27,Moderate,Sufficient,0.6666666666666666,4,RISKPRIOR-20260728062026,2026-07-28T06:20:28.344471
HOSP-001,DEPT-OPC,2026-05-27,Moderate,Sufficient,0.8333333333333334,4,RISKPRIOR-20260728062026,2026-07-28T06:20:28.344471
HOSP-001,DEPT-ADM,2026-05-27,High,Limited,0.5,4,RISKPRIOR-20260728062026,2026-07-28T06:20:28.344471
HOSP-001,DEPT-MED,2026-05-28,Moderate,Sufficient,0.6666666666666666,4,RISKPRIOR-20260728062026,2026-07-28T06:20:28.344471
HOSP-001,DEPT-DIAG,2026-05-28,Moderate,Sufficient,0.8333333333333334,4,RISKPRIOR-20260728062026,2026-07-28T06:20:28.344471
HOSP-001,DEPT-ICU,2026-05-28,Moderate,Sufficient,0.6666666666666666,4,RISKPRIOR-20260728062026,2026-07-28T06:20:28.344471
HOSP-001,DEPT-ED,2026-05-28,Moderate,Sufficient,0.8333333333333334,4,RISKPRIOR-20260728062026,2026-07-28T06:20:28.344471
HOSP-001,DEPT-SURG,2026-05-28,Moderate,Limited,0.5,4,RISKPRIOR-20260728062026,2026-07-28T06:20:28.344471
HOSP-001,DEPT-OPC,2026-05-28,Moderate,Sufficient,0.8333333333333334,4,RISKPRIOR-20260728062026,2026-07-28T06:20:28.344471
HOSP-001,DEPT-ADM,2026-05-28,High,Limited,0.3333333333333333,4,RISKPRIOR-20260728062026,2026-07-28T06:20:28.344471
HOSP-001,DEPT-PEX,2026-05-28,High,Limited,0.3333333333333333,4,RISKPRIOR-20260728062026,2026-07-28T06:20:28.344471
HOSP-001,DEPT-PEX,2026-05-29,High,Limited,0.5,4,RISKPRIOR-20260728062026,2026-07-28T06:20:28.344471
HOSP-001,DEPT-SURG,2026-05-29,Moderate,Sufficient,0.6666666666666666,4,RISKPRIOR-20260728062026,2026-07-28T06:20:28.344471
HOSP-001,DEPT-DIAG,2026-05-29,Moderate,Sufficient,0.8333333333333334,4,RISKPRIOR-20260728062026,2026-07-28T06:20:28.344471
HOSP-001,DEPT-ADM,2026-05-29,High,Limited,0.5,4,RISKPRIOR-20260728062026,2026-07-28T06:20:28.344471
HOSP-001,DEPT-ICU,2026-05-29,Moderate,Sufficient,0.6666666666666666,4,RISKPRIOR-20260728062026,2026-07-28T06:20:28.344471
HOSP-001,DEPT-MED,2026-05-29,Moderate,Sufficient,0.6666666666666666,4,RISKPRIOR-20260728062026,2026-07-28T06:20:28.344471
HOSP-001,DEPT-ED,2026-05-29,Moderate,Sufficient,0.8333333333333334,4,RISKPRIOR-20260728062026,2026-07-28T06:20:28.344471
HOSP-001,DEPT-OPC,2026-05-29,Moderate,Sufficient,0.6666666666666666,4,RISKPRIOR-20260728062026,2026-07-28T06:20:28.344471
HOSP-001,DEPT-OPC,2026-05-30,Moderate,Sufficient,0.8333333333333334,4,RISKPRIOR-20260728062026,2026-07-28T06:20:28.344471
HOSP-001,DEPT-SURG,2026-05-30,Moderate,Sufficient,0.6666666666666666,4,RISKPRIOR-20260728062026,2026-07-28T06:20:28.344471
HOSP-001,DEPT-ICU,2026-05-30,Moderate,Sufficient,0.6666666666666666,4,RISKPRIOR-20260728062026,2026-07-28T06:20:28.344471
HOSP-001,DEPT-DIAG,2026-05-30,High,Limited,0.5,4,RISKPRIOR-20260728062026,2026-07-28T06:20:28.344471
HOSP-001,DEPT-ED,2026-05-30,Moderate,Sufficient,0.8333333333333334,4,RISKPRIOR-20260728062026,2026-07-28T06:20:28.344471
HOSP-001,DEPT-ADM,2026-05-30,High,Limited,0.5,4,RISKPRIOR-20260728062026,2026-07-28T06:20:28.344471
HOSP-001,DEPT-MED,2026-05-30,Moderate,Limited,0.5,4,RISKPRIOR-20260728062026,2026-07-28T06:20:28.344471
HOSP-001,DEPT-PEX,2026-05-30,High,Limited,0.5,4,RISKPRIOR-20260728062026,2026-07-28T06:20:28.344471
HOSP-001,DEPT-MED,2026-05-31,Moderate,Sufficient,0.6666666666666666,4,RISKPRIOR-20260728062026,2026-07-28T06:20:28.344471
HOSP-001,DEPT-ED,2026-05-31,Moderate,Sufficient,0.8333333333333334,4,RISKPRIOR-20260728062026,2026-07-28T06:20:28.344471
HOSP-001,DEPT-SURG,2026-05-31,Moderate,Sufficient,0.6666666666666666,4,RISKPRIOR-20260728062026,2026-07-28T06:20:28.344471
HOSP-001,DEPT-DIAG,2026-05-31,Moderate,Sufficient,0.8333333333333334,4,RISKPRIOR-20260728062026,2026-07-28T06:20:28.344471
HOSP-001,DEPT-ICU,2026-05-31,Moderate,Sufficient,0.6666666666666666,4,RISKPRIOR-20260728062026,2026-07-28T06:20:28.344471
HOSP-001,DEPT-ADM,2026-05-31,High,Limited,0.5,4,RISKPRIOR-20260728062026,2026-07-28T06:20:28.344471
HOSP-001,DEPT-OPC,2026-05-31,Moderate,Sufficient,0.8333333333333334,4,RISKPRIOR-20260728062026,2026-07-28T06:20:28.344471
HOSP-001,DEPT-PEX,2026-05-31,High,Limited,0.3333333333333333,4,RISKPRIOR-20260728062026,2026-07-28T06:20:28.344471
HOSP-001,DEPT-OPC,2026-06-01,Moderate,Sufficient,0.8333333333333334,4,RISKPRIOR-20260728062026,2026-07-28T06:20:28.344471
HOSP-001,DEPT-MED,2026-06-01,Moderate,Sufficient,0.6666666666666666,4,RISKPRIOR-20260728062026,2026-07-28T06:20:28.344471
HOSP-001,DEPT-ED,2026-06-01,Moderate,Sufficient,0.8333333333333334,4,RISKPRIOR-20260728062026,2026-07-28T06:20:28.344471
HOSP-001,DEPT-DIAG,2026-06-01,Moderate,Sufficient,0.8333333333333334,4,RISKPRIOR-20260728062026,2026-07-28T06:20:28.344471
HOSP-001,DEPT-ADM,2026-06-01,High,Limited,0.5,4,RISKPRIOR-20260728062026,2026-07-28T06:20:28.344471
HOSP-001,DEPT-ICU,2026-06-01,Moderate,Sufficient,0.6666666666666666,4,RISKPRIOR-20260728062026,2026-07-28T06:20:28.344471
HOSP-001,DEPT-SURG,2026-06-01,Moderate,Limited,0.5,4,RISKPRIOR-20260728062026,2026-07-28T06:20:28.344471
HOSP-001,DEPT-PEX,2026-06-01,High,Limited,0.5,4,RISKPRIOR-20260728062026,2026-07-28T06:20:28.344471
HOSP-001,DEPT-SURG,2026-06-02,Moderate,Sufficient,0.6666666666666666,4,RISKPRIOR-20260728062026,2026-07-28T06:20:28.344471
HOSP-001,DEPT-OPC,2026-06-02,Moderate,Sufficient,0.6666666666666666,4,RISKPRIOR-20260728062026,2026-07-28T06:20:28.344471
HOSP-001,DEPT-MED,2026-06-02,Moderate,Sufficient,0.6666666666666666,4,RISKPRIOR-20260728062026,2026-07-28T06:20:28.344471
HOSP-001,DEPT-ED,2026-06-02,Moderate,Sufficient,0.8333333333333334,4,RISKPRIOR-20260728062026,2026-07-28T06:20:28.344471
HOSP-001,DEPT-DIAG,2026-06-02,High,Limited,0.5,4,RISKPRIOR-20260728062026,2026-07-28T06:20:28.344471
HOSP-001,DEPT-ADM,2026-06-02,High,Limited,0.5,4,RISKPRIOR-20260728062026,2026-07-28T06:20:28.344471
HOSP-001,DEPT-PEX,2026-06-02,High,Limited,0.5,4,RISKPRIOR-20260728062026,2026-07-28T06:20:28.344471
HOSP-001,DEPT-ICU,2026-06-02,Moderate,Limited,0.5,4,RISKPRIOR-20260728062026,2026-07-28T06:20:28.344471
HOSP-001,DEPT-DIAG,2026-06-03,Moderate,Sufficient,0.8333333333333334,4,RISKPRIOR-20260728062026,2026-07-28T06:20:28.344471
HOSP-001,DEPT-ED,2026-06-03,Moderate,Sufficient,0.6666666666666666,4,RISKPRIOR-20260728062026,2026-07-28T06:20:28.344471
HOSP-001,DEPT-SURG,2026-06-03,Moderate,Sufficient,0.6666666666666666,4,RISKPRIOR-20260728062026,2026-07-28T06:20:28.344471
HOSP-001,DEPT-MED,2026-06-03,Moderate,Sufficient,0.6666666666666666,4,RISKPRIOR-20260728062026,2026-07-28T06:20:28.344471
HOSP-001,DEPT-PEX,2026-06-03,High,Limited,0.5,4,RISKPRIOR-20260728062026,2026-07-28T06:20:28.344471
HOSP-001,DEPT-ICU,2026-06-03,Moderate,Sufficient,0.6666666666666666,4,RISKPRIOR-20260728062026,2026-07-28T06:20:28.344471
HOSP-001,DEPT-OPC,2026-06-03,High,Limited,0.5,4,RISKPRIOR-20260728062026,2026-07-28T06:20:28.344471
HOSP-001,DEPT-ADM,2026-06-03,High,Limited,0.5,4,RISKPRIOR-20260728062026,2026-07-28T06:20:28.344471
HOSP-001,DEPT-ED,2026-06-04,Moderate,Sufficient,0.6666666666666666,4,RISKPRIOR-20260728062026,2026-07-28T06:20:28.344471
HOSP-001,DEPT-MED,2026-06-04,Moderate,Sufficient,0.6666666666666666,4,RISKPRIOR-20260728062026,2026-07-28T06:20:28.344471
HOSP-001,DEPT-SURG,2026-06-04,Moderate,Sufficient,0.6666666666666666,4,RISKPRIOR-20260728062026,2026-07-28T06:20:28.344471
HOSP-001,DEPT-PEX,2026-06-04,High,Limited,0.5,4,RISKPRIOR-20260728062026,2026-07-28T06:20:28.344471
HOSP-001,DEPT-ICU,2026-06-04,Moderate,Sufficient,0.6666666666666666,4,RISKPRIOR-20260728062026,2026-07-28T06:20:28.344471
HOSP-001,DEPT-OPC,2026-06-04,Moderate,Sufficient,0.8333333333333334,4,RISKPRIOR-20260728062026,2026-07-28T06:20:28.344471
HOSP-001,DEPT-DIAG,2026-06-04,Moderate,Sufficient,0.8333333333333334,4,RISKPRIOR-20260728062026,2026-07-28T06:20:28.344471
HOSP-001,DEPT-ADM,2026-06-04,High,Limited,0.5,4,RISKPRIOR-20260728062026,2026-07-28T06:20:28.344471
HOSP-001,DEPT-ED,2026-06-05,Moderate,Sufficient,0.8333333333333334,4,RISKPRIOR-20260728062026,2026-07-28T06:20:28.344471
HOSP-001,DEPT-MED,2026-06-05,Moderate,Sufficient,0.6666666666666666,4,RISKPRIOR-20260728062026,2026-07-28T06:20:28.344471
HOSP-001,DEPT-OPC,2026-06-05,Moderate,Sufficient,0.8333333333333334,4,RISKPRIOR-20260728062026,2026-07-28T06:20:28.344471
HOSP-001,DEPT-SURG,2026-06-05,Moderate,Sufficient,0.6666666666666666,4,RISKPRIOR-20260728062026,2026-07-28T06:20:28.344471
HOSP-001,DEPT-DIAG,2026-06-05,Moderate,Sufficient,0.8333333333333334,4,RISKPRIOR-20260728062026,2026-07-28T06:20:28.344471
HOSP-001,DEPT-ICU,2026-06-05,Moderate,Sufficient,0.6666666666666666,4,RISKPRIOR-20260728062026,2026-07-28T06:20:28.344471
HOSP-001,DEPT-PEX,2026-06-05,High,Limited,0.5,4,RISKPRIOR-20260728062026,2026-07-28T06:20:28.344471
HOSP-001,DEPT-ADM,2026-06-05,High,Limited,0.3333333333333333,4,RISKPRIOR-20260728062026,2026-07-28T06:20:28.344471
HOSP-001,DEPT-OPC,2026-06-06,Moderate,Sufficient,0.8333333333333334,4,RISKPRIOR-20260728062026,2026-07-28T06:20:28.344471
HOSP-001,DEPT-SURG,2026-06-06,Moderate,Sufficient,0.6666666666666666,4,RISKPRIOR-20260728062026,2026-07-28T06:20:28.344471
HOSP-001,DEPT-MED,2026-06-06,Moderate,Sufficient,0.6666666666666666,4,RISKPRIOR-20260728062026,2026-07-28T06:20:28.344471
HOSP-001,DEPT-ICU,2026-06-06,Moderate,Sufficient,0.6666666666666666,4,RISKPRIOR-20260728062026,2026-07-28T06:20:28.344471
HOSP-001,DEPT-DIAG,2026-06-06,Moderate,Sufficient,0.8333333333333334,4,RISKPRIOR-20260728062026,2026-07-28T06:20:28.344471
HOSP-001,DEPT-ED,2026-06-06,Moderate,Sufficient,0.8333333333333334,4,RISKPRIOR-20260728062026,2026-07-28T06:20:28.344471
HOSP-001,DEPT-ADM,2026-06-06,High,Limited,0.5,4,RISKPRIOR-20260728062026,2026-07-28T06:20:28.344471
HOSP-001,DEPT-PEX,2026-06-06,High,Limited,0.5,4,RISKPRIOR-20260728062026,2026-07-28T06:20:28.344471
HOSP-001,DEPT-SURG,2026-06-07,Moderate,Sufficient,0.6666666666666666,4,RISKPRIOR-20260728062026,2026-07-28T06:20:28.344471
HOSP-001,DEPT-OPC,2026-06-07,Moderate,Sufficient,0.8333333333333334,4,RISKPRIOR-20260728062026,2026-07-28T06:20:28.344471
HOSP-001,DEPT-ADM,2026-06-07,High,Limited,0.3333333333333333,4,RISKPRIOR-20260728062026,2026-07-28T06:20:28.344471
HOSP-001,DEPT-ICU,2026-06-07,Moderate,Limited,0.5,4,RISKPRIOR-20260728062026,2026-07-28T06:20:28.344471
HOSP-001,DEPT-DIAG,2026-06-07,High,Limited,0.5,4,RISKPRIOR-20260728062026,2026-07-28T06:20:28.344471
HOSP-001,DEPT-ED,2026-06-07,Moderate,Sufficient,0.8333333333333334,4,RISKPRIOR-20260728062026,2026-07-28T06:20:28.344471
HOSP-001,DEPT-PEX,2026-06-07,High,Limited,0.5,4,RISKPRIOR-20260728062026,2026-07-28T06:20:28.344471
HOSP-001,DEPT-MED,2026-06-07,Moderate,Sufficient,0.6666666666666666,4,RISKPRIOR-20260728062026,2026-07-28T06:20:28.344471
HOSP-001,DEPT-ED,2026-06-08,Moderate,Sufficient,0.8333333333333334,4,RISKPRIOR-20260728062026,2026-07-28T06:20:28.344471
HOSP-001,DEPT-ADM,2026-06-08,High,Limited,0.5,4,RISKPRIOR-20260728062026,2026-07-28T06:20:28.344471
HOSP-001,DEPT-OPC,2026-06-08,Moderate,Sufficient,0.8333333333333334,4,RISKPRIOR-20260728062026,2026-07-28T06:20:28.344471
HOSP-001,DEPT-MED,2026-06-08,Moderate,Sufficient,0.6666666666666666,4,RISKPRIOR-20260728062026,2026-07-28T06:20:28.344471
HOSP-001,DEPT-DIAG,2026-06-08,Moderate,Sufficient,0.8333333333333334,4,RISKPRIOR-20260728062026,2026-07-28T06:20:28.344471
HOSP-001,DEPT-SURG,2026-06-08,Moderate,Sufficient,0.6666666666666666,4,RISKPRIOR-20260728062026,2026-07-28T06:20:28.344471
HOSP-001,DEPT-ICU,2026-06-08,Moderate,Sufficient,0.6666666666666666,4,RISKPRIOR-20260728062026,2026-07-28T06:20:28.344471
HOSP-001,DEPT-PEX,2026-06-08,High,Limited,0.5,4,RISKPRIOR-20260728062026,2026-07-28T06:20:28.344471
HOSP-001,DEPT-PEX,2026-06-09,High,Limited,0.5,4,RISKPRIOR-20260728062026,2026-07-28T06:20:28.344471
HOSP-001,DEPT-OPC,2026-06-09,Moderate,Sufficient,0.8333333333333334,4,RISKPRIOR-20260728062026,2026-07-28T06:20:28.344471
HOSP-001,DEPT-ED,2026-06-09,Moderate,Sufficient,0.8333333333333334,4,RISKPRIOR-20260728062026,2026-07-28T06:20:28.344471
HOSP-001,DEPT-DIAG,2026-06-09,Moderate,Sufficient,0.8333333333333334,4,RISKPRIOR-20260728062026,2026-07-28T06:20:28.344471
HOSP-001,DEPT-ICU,2026-06-09,Moderate,Limited,0.5,4,RISKPRIOR-20260728062026,2026-07-28T06:20:28.344471
HOSP-001,DEPT-MED,2026-06-09,Moderate,Limited,0.5,4,RISKPRIOR-20260728062026,2026-07-28T06:20:28.344471
HOSP-001,DEPT-SURG,2026-06-09,Moderate,Sufficient,0.6666666666666666,4,RISKPRIOR-20260728062026,2026-07-28T06:20:28.344471
HOSP-001,DEPT-ADM,2026-06-09,High,Limited,0.5,4,RISKPRIOR-20260728062026,2026-07-28T06:20:28.344471
HOSP-001,DEPT-ED,2026-06-10,Moderate,Sufficient,0.8333333333333334,4,RISKPRIOR-20260728062026,2026-07-28T06:20:28.344471
HOSP-001,DEPT-OPC,2026-06-10,Moderate,Sufficient,0.8333333333333334,4,RISKPRIOR-20260728062026,2026-07-28T06:20:28.344471
HOSP-001,DEPT-PEX,2026-06-10,High,Limited,0.5,4,RISKPRIOR-20260728062026,2026-07-28T06:20:28.344471
HOSP-001,DEPT-ICU,2026-06-10,Moderate,Sufficient,0.6666666666666666,4,RISKPRIOR-20260728062026,2026-07-28T06:20:28.344471
HOSP-001,DEPT-DIAG,2026-06-10,Moderate,Sufficient,0.8333333333333334,4,RISKPRIOR-20260728062026,2026-07-28T06:20:28.344471
HOSP-001,DEPT-SURG,2026-06-10,Moderate,Sufficient,0.6666666666666666,4,RISKPRIOR-20260728062026,2026-07-28T06:20:28.344471
HOSP-001,DEPT-MED,2026-06-10,Moderate,Limited,0.5,4,RISKPRIOR-20260728062026,2026-07-28T06:20:28.344471
HOSP-001,DEPT-ADM,2026-06-10,High,Limited,0.5,4,RISKPRIOR-20260728062026,2026-07-28T06:20:28.344471
HOSP-001,DEPT-ED,2026-06-11,Moderate,Sufficient,0.8333333333333334,4,RISKPRIOR-20260728062026,2026-07-28T06:20:28.344471
HOSP-001,DEPT-ADM,2026-06-11,High,Limited,0.5,4,RISKPRIOR-20260728062026,2026-07-28T06:20:28.344471
HOSP-001,DEPT-SURG,2026-06-11,Moderate,Sufficient,0.6666666666666666,4,RISKPRIOR-20260728062026,2026-07-28T06:20:28.344471
HOSP-001,DEPT-ICU,2026-06-11,Moderate,Limited,0.5,4,RISKPRIOR-20260728062026,2026-07-28T06:20:28.344471
HOSP-001,DEPT-DIAG,2026-06-11,Moderate,Sufficient,0.8333333333333334,4,RISKPRIOR-20260728062026,2026-07-28T06:20:28.344471
HOSP-001,DEPT-OPC,2026-06-11,Moderate,Sufficient,0.8333333333333334,4,RISKPRIOR-20260728062026,2026-07-28T06:20:28.344471
HOSP-001,DEPT-PEX,2026-06-11,High,Limited,0.5,4,RISKPRIOR-20260728062026,2026-07-28T06:20:28.344471
HOSP-001,DEPT-MED,2026-06-11,Moderate,Sufficient,0.6666666666666666,4,RISKPRIOR-20260728062026,2026-07-28T06:20:28.344471
HOSP-001,DEPT-DIAG,2026-06-12,Moderate,Sufficient,0.8333333333333334,4,RISKPRIOR-20260728062026,2026-07-28T06:20:28.344471
HOSP-001,DEPT-ED,2026-06-12,Moderate,Sufficient,0.8333333333333334,4,RISKPRIOR-20260728062026,2026-07-28T06:20:28.344471
HOSP-001,DEPT-SURG,2026-06-12,Moderate,Sufficient,0.6666666666666666,4,RISKPRIOR-20260728062026,2026-07-28T06:20:28.344471
HOSP-001,DEPT-MED,2026-06-12,Moderate,Limited,0.5,4,RISKPRIOR-20260728062026,2026-07-28T06:20:28.344471
HOSP-001,DEPT-OPC,2026-06-12,Moderate,Sufficient,0.8333333333333334,4,RISKPRIOR-20260728062026,2026-07-28T06:20:28.344471
HOSP-001,DEPT-ICU,2026-06-12,Moderate,Sufficient,0.6666666666666666,4,RISKPRIOR-20260728062026,2026-07-28T06:20:28.344471
HOSP-001,DEPT-ADM,2026-06-12,High,Limited,0.3333333333333333,4,RISKPRIOR-20260728062026,2026-07-28T06:20:28.344471
HOSP-001,DEPT-PEX,2026-06-12,High,Limited,0.5,4,RISKPRIOR-20260728062026,2026-07-28T06:20:28.344471
HOSP-001,DEPT-SURG,2026-06-13,Moderate,Sufficient,0.6666666666666666,4,RISKPRIOR-20260728062026,2026-07-28T06:20:28.344471
HOSP-001,DEPT-DIAG,2026-06-13,Moderate,Sufficient,0.8333333333333334,4,RISKPRIOR-20260728062026,2026-07-28T06:20:28.344471
HOSP-001,DEPT-MED,2026-06-13,Moderate,Sufficient,0.6666666666666666,4,RISKPRIOR-20260728062026,2026-07-28T06:20:28.344471
HOSP-001,DEPT-ICU,2026-06-13,Moderate,Sufficient,0.6666666666666666,4,RISKPRIOR-20260728062026,2026-07-28T06:20:28.344471
HOSP-001,DEPT-ED,2026-06-13,Moderate,Sufficient,0.8333333333333334,4,RISKPRIOR-20260728062026,2026-07-28T06:20:28.344471
HOSP-001,DEPT-OPC,2026-06-13,Moderate,Sufficient,0.6666666666666666,4,RISKPRIOR-20260728062026,2026-07-28T06:20:28.344471
HOSP-001,DEPT-PEX,2026-06-13,High,Limited,0.5,4,RISKPRIOR-20260728062026,2026-07-28T06:20:28.344471
HOSP-001,DEPT-ADM,2026-06-13,High,Limited,0.3333333333333333,4,RISKPRIOR-20260728062026,2026-07-28T06:20:28.344471
HOSP-001,DEPT-SURG,2026-06-14,Moderate,Sufficient,0.6666666666666666,4,RISKPRIOR-20260728062026,2026-07-28T06:20:28.344471
HOSP-001,DEPT-PEX,2026-06-14,High,Limited,0.5,4,RISKPRIOR-20260728062026,2026-07-28T06:20:28.344471
HOSP-001,DEPT-ICU,2026-06-14,Moderate,Sufficient,0.6666666666666666,4,RISKPRIOR-20260728062026,2026-07-28T06:20:28.344471
HOSP-001,DEPT-MED,2026-06-14,Moderate,Sufficient,0.6666666666666666,4,RISKPRIOR-20260728062026,2026-07-28T06:20:28.344471
HOSP-001,DEPT-OPC,2026-06-14,Moderate,Sufficient,0.8333333333333334,4,RISKPRIOR-20260728062026,2026-07-28T06:20:28.344471
HOSP-001,DEPT-ED,2026-06-14,Moderate,Sufficient,0.6666666666666666,4,RISKPRIOR-20260728062026,2026-07-28T06:20:28.344471
HOSP-001,DEPT-DIAG,2026-06-14,Moderate,Sufficient,0.6666666666666666,4,RISKPRIOR-20260728062026,2026-07-28T06:20:28.344471
HOSP-001,DEPT-ADM,2026-06-14,High,Limited,0.5,4,RISKPRIOR-20260728062026,2026-07-28T06:20:28.344471
HOSP-001,DEPT-DIAG,2026-06-15,Moderate,Sufficient,0.8333333333333334,4,RISKPRIOR-20260728062026,2026-07-28T06:20:28.344471
HOSP-001,DEPT-ED,2026-06-15,Moderate,Sufficient,0.8333333333333334,4,RISKPRIOR-20260728062026,2026-07-28T06:20:28.344471
HOSP-001,DEPT-SURG,2026-06-15,Moderate,Sufficient,0.6666666666666666,4,RISKPRIOR-20260728062026,2026-07-28T06:20:28.344471
HOSP-001,DEPT-OPC,2026-06-15,Moderate,Sufficient,0.8333333333333334,4,RISKPRIOR-20260728062026,2026-07-28T06:20:28.344471
HOSP-001,DEPT-MED,2026-06-15,Moderate,Sufficient,0.6666666666666666,4,RISKPRIOR-20260728062026,2026-07-28T06:20:28.344471
HOSP-001,DEPT-PEX,2026-06-15,High,Limited,0.5,4,RISKPRIOR-20260728062026,2026-07-28T06:20:28.344471
HOSP-001,DEPT-ICU,2026-06-15,Moderate,Sufficient,0.6666666666666666,4,RISKPRIOR-20260728062026,2026-07-28T06:20:28.344471
HOSP-001,DEPT-ADM,2026-06-15,High,Limited,0.5,4,RISKPRIOR-20260728062026,2026-07-28T06:20:28.344471
HOSP-001,DEPT-MED,2026-06-16,Moderate,Limited,0.5,4,RISKPRIOR-20260728062026,2026-07-28T06:20:28.344471
HOSP-001,DEPT-SURG,2026-06-16,Moderate,Sufficient,0.6666666666666666,4,RISKPRIOR-20260728062026,2026-07-28T06:20:28.344471
HOSP-001,DEPT-ED,2026-06-16,Moderate,Sufficient,0.8333333333333334,4,RISKPRIOR-20260728062026,2026-07-28T06:20:28.344471
HOSP-001,DEPT-OPC,2026-06-16,Moderate,Sufficient,0.8333333333333334,4,RISKPRIOR-20260728062026,2026-07-28T06:20:28.344471
HOSP-001,DEPT-DIAG,2026-06-16,Moderate,Sufficient,0.8333333333333334,4,RISKPRIOR-20260728062026,2026-07-28T06:20:28.344471
HOSP-001,DEPT-ICU,2026-06-16,Moderate,Sufficient,0.6666666666666666,4,RISKPRIOR-20260728062026,2026-07-28T06:20:28.344471
HOSP-001,DEPT-PEX,2026-06-16,High,Limited,0.5,4,RISKPRIOR-20260728062026,2026-07-28T06:20:28.344471
HOSP-001,DEPT-ADM,2026-06-16,High,Limited,0.5,4,RISKPRIOR-20260728062026,2026-07-28T06:20:28.344471
HOSP-001,DEPT-OPC,2026-06-17,High,Limited,0.5,4,RISKPRIOR-20260728062026,2026-07-28T06:20:28.344471
HOSP-001,DEPT-ED,2026-06-17,Moderate,Sufficient,0.8333333333333334,4,RISKPRIOR-20260728062026,2026-07-28T06:20:28.344471
HOSP-001,DEPT-MED,2026-06-17,Moderate,Sufficient,0.6666666666666666,4,RISKPRIOR-20260728062026,2026-07-28T06:20:28.344471
HOSP-001,DEPT-PEX,2026-06-17,High,Limited,0.5,4,RISKPRIOR-20260728062026,2026-07-28T06:20:28.344471
HOSP-001,DEPT-DIAG,2026-06-17,Moderate,Sufficient,0.8333333333333334,4,RISKPRIOR-20260728062026,2026-07-28T06:20:28.344471
HOSP-001,DEPT-ICU,2026-06-17,Moderate,Sufficient,0.6666666666666666,4,RISKPRIOR-20260728062026,2026-07-28T06:20:28.344471
HOSP-001,DEPT-SURG,2026-06-17,Moderate,Limited,0.5,4,RISKPRIOR-20260728062026,2026-07-28T06:20:28.344471
HOSP-001,DEPT-ADM,2026-06-17,High,Limited,0.5,4,RISKPRIOR-20260728062026,2026-07-28T06:20:28.344471
HOSP-001,DEPT-DIAG,2026-06-18,Moderate,Sufficient,0.8333333333333334,4,RISKPRIOR-20260728062026,2026-07-28T06:20:28.344471
HOSP-001,DEPT-OPC,2026-06-18,Moderate,Sufficient,0.8333333333333334,4,RISKPRIOR-20260728062026,2026-07-28T06:20:28.344471
HOSP-001,DEPT-ADM,2026-06-18,High,Limited,0.5,4,RISKPRIOR-20260728062026,2026-07-28T06:20:28.344471
HOSP-001,DEPT-SURG,2026-06-18,Moderate,Sufficient,0.6666666666666666,4,RISKPRIOR-20260728062026,2026-07-28T06:20:28.344471
HOSP-001,DEPT-ED,2026-06-18,High,Limited,0.5,4,RISKPRIOR-20260728062026,2026-07-28T06:20:28.344471
HOSP-001,DEPT-MED,2026-06-18,Moderate,Sufficient,0.6666666666666666,4,RISKPRIOR-20260728062026,2026-07-28T06:20:28.344471
HOSP-001,DEPT-PEX,2026-06-18,High,Limited,0.3333333333333333,4,RISKPRIOR-20260728062026,2026-07-28T06:20:28.344471
HOSP-001,DEPT-ICU,2026-06-18,Moderate,Sufficient,0.6666666666666666,4,RISKPRIOR-20260728062026,2026-07-28T06:20:28.344471
HOSP-001,DEPT-DIAG,2026-06-19,Moderate,Sufficient,0.8333333333333334,4,RISKPRIOR-20260728062026,2026-07-28T06:20:28.344471
HOSP-001,DEPT-ED,2026-06-19,Moderate,Sufficient,0.8333333333333334,4,RISKPRIOR-20260728062026,2026-07-28T06:20:28.344471
HOSP-001,DEPT-ADM,2026-06-19,High,Limited,0.5,4,RISKPRIOR-20260728062026,2026-07-28T06:20:28.344471
HOSP-001,DEPT-MED,2026-06-19,Moderate,Sufficient,0.6666666666666666,4,RISKPRIOR-20260728062026,2026-07-28T06:20:28.344471
HOSP-001,DEPT-SURG,2026-06-19,Moderate,Sufficient,0.6666666666666666,4,RISKPRIOR-20260728062026,2026-07-28T06:20:28.344471
HOSP-001,DEPT-OPC,2026-06-19,Moderate,Sufficient,0.8333333333333334,4,RISKPRIOR-20260728062026,2026-07-28T06:20:28.344471
HOSP-001,DEPT-ICU,2026-06-19,Moderate,Sufficient,0.6666666666666666,4,RISKPRIOR-20260728062026,2026-07-28T06:20:28.344471
HOSP-001,DEPT-PEX,2026-06-19,High,Limited,0.5,4,RISKPRIOR-20260728062026,2026-07-28T06:20:28.344471
HOSP-001,DEPT-ED,2026-06-20,Moderate,Sufficient,0.8333333333333334,4,RISKPRIOR-20260728062026,2026-07-28T06:20:28.344471
HOSP-001,DEPT-ADM,2026-06-20,High,Limited,0.5,4,RISKPRIOR-20260728062026,2026-07-28T06:20:28.344471
HOSP-001,DEPT-ICU,2026-06-20,Moderate,Sufficient,0.6666666666666666,4,RISKPRIOR-20260728062026,2026-07-28T06:20:28.344471
HOSP-001,DEPT-OPC,2026-06-20,Moderate,Sufficient,0.6666666666666666,4,RISKPRIOR-20260728062026,2026-07-28T06:20:28.344471
HOSP-001,DEPT-DIAG,2026-06-20,High,Limited,0.5,4,RISKPRIOR-20260728062026,2026-07-28T06:20:28.344471
HOSP-001,DEPT-MED,2026-06-20,Moderate,Limited,0.5,4,RISKPRIOR-20260728062026,2026-07-28T06:20:28.344471
HOSP-001,DEPT-SURG,2026-06-20,Moderate,Sufficient,0.6666666666666666,4,RISKPRIOR-20260728062026,2026-07-28T06:20:28.344471
HOSP-001,DEPT-PEX,2026-06-20,High,Limited,0.5,4,RISKPRIOR-20260728062026,2026-07-28T06:20:28.344471
HOSP-001,DEPT-ED,2026-06-21,Moderate,Sufficient,0.8333333333333334,4,RISKPRIOR-20260728062026,2026-07-28T06:20:28.344471
HOSP-001,DEPT-MED,2026-06-21,Moderate,Limited,0.5,4,RISKPRIOR-20260728062026,2026-07-28T06:20:28.344471
HOSP-001,DEPT-OPC,2026-06-21,Moderate,Sufficient,0.8333333333333334,4,RISKPRIOR-20260728062026,2026-07-28T06:20:28.344471
HOSP-001,DEPT-ICU,2026-06-21,Moderate,Sufficient,0.6666666666666666,4,RISKPRIOR-20260728062026,2026-07-28T06:20:28.344471
HOSP-001,DEPT-SURG,2026-06-21,Moderate,Limited,0.5,4,RISKPRIOR-20260728062026,2026-07-28T06:20:28.344471
HOSP-001,DEPT-DIAG,2026-06-21,High,Limited,0.5,4,RISKPRIOR-20260728062026,2026-07-28T06:20:28.344471
HOSP-001,DEPT-ADM,2026-06-21,High,Limited,0.5,4,RISKPRIOR-20260728062026,2026-07-28T06:20:28.344471
HOSP-001,DEPT-PEX,2026-06-21,High,Limited,0.5,4,RISKPRIOR-20260728062026,2026-07-28T06:20:28.344471
HOSP-001,DEPT-PEX,2026-06-22,High,Limited,0.3333333333333333,4,RISKPRIOR-20260728062026,2026-07-28T06:20:28.344471
HOSP-001,DEPT-OPC,2026-06-22,Moderate,Sufficient,0.8333333333333334,4,RISKPRIOR-20260728062026,2026-07-28T06:20:28.344471
HOSP-001,DEPT-ICU,2026-06-22,Moderate,Limited,0.5,4,RISKPRIOR-20260728062026,2026-07-28T06:20:28.344471
HOSP-001,DEPT-MED,2026-06-22,Moderate,Sufficient,0.6666666666666666,4,RISKPRIOR-20260728062026,2026-07-28T06:20:28.344471
HOSP-001,DEPT-ED,2026-06-22,Moderate,Sufficient,0.8333333333333334,4,RISKPRIOR-20260728062026,2026-07-28T06:20:28.344471
HOSP-001,DEPT-DIAG,2026-06-22,Moderate,Sufficient,0.8333333333333334,4,RISKPRIOR-20260728062026,2026-07-28T06:20:28.344471
HOSP-001,DEPT-SURG,2026-06-22,Moderate,Sufficient,0.6666666666666666,4,RISKPRIOR-20260728062026,2026-07-28T06:20:28.344471
HOSP-001,DEPT-ADM,2026-06-22,High,Limited,0.5,4,RISKPRIOR-20260728062026,2026-07-28T06:20:28.344471
HOSP-001,DEPT-PEX,2026-06-23,High,Limited,0.5,4,RISKPRIOR-20260728062026,2026-07-28T06:20:28.344471
HOSP-001,DEPT-ICU,2026-06-23,Moderate,Sufficient,0.6666666666666666,4,RISKPRIOR-20260728062026,2026-07-28T06:20:28.344471
HOSP-001,DEPT-OPC,2026-06-23,Moderate,Sufficient,0.8333333333333334,4,RISKPRIOR-20260728062026,2026-07-28T06:20:28.344471
HOSP-001,DEPT-DIAG,2026-06-23,Moderate,Sufficient,0.8333333333333334,4,RISKPRIOR-20260728062026,2026-07-28T06:20:28.344471
HOSP-001,DEPT-SURG,2026-06-23,Moderate,Limited,0.5,4,RISKPRIOR-20260728062026,2026-07-28T06:20:28.344471
HOSP-001,DEPT-ADM,2026-06-23,High,Limited,0.5,4,RISKPRIOR-20260728062026,2026-07-28T06:20:28.344471
HOSP-001,DEPT-ED,2026-06-23,High,Limited,0.5,4,RISKPRIOR-20260728062026,2026-07-28T06:20:28.344471
HOSP-001,DEPT-MED,2026-06-23,Moderate,Sufficient,0.6666666666666666,4,RISKPRIOR-20260728062026,2026-07-28T06:20:28.344471
HOSP-001,DEPT-ADM,2026-06-24,High,Limited,0.5,4,RISKPRIOR-20260728062026,2026-07-28T06:20:28.344471
HOSP-001,DEPT-SURG,2026-06-24,Moderate,Limited,0.5,4,RISKPRIOR-20260728062026,2026-07-28T06:20:28.344471
HOSP-001,DEPT-OPC,2026-06-24,Moderate,Sufficient,0.8333333333333334,4,RISKPRIOR-20260728062026,2026-07-28T06:20:28.344471
HOSP-001,DEPT-ICU,2026-06-24,Moderate,Sufficient,0.6666666666666666,4,RISKPRIOR-20260728062026,2026-07-28T06:20:28.344471
HOSP-001,DEPT-DIAG,2026-06-24,Moderate,Sufficient,0.8333333333333334,4,RISKPRIOR-20260728062026,2026-07-28T06:20:28.344471
HOSP-001,DEPT-MED,2026-06-24,Moderate,Sufficient,0.6666666666666666,4,RISKPRIOR-20260728062026,2026-07-28T06:20:28.344471
HOSP-001,DEPT-ED,2026-06-24,Moderate,Sufficient,0.8333333333333334,4,RISKPRIOR-20260728062026,2026-07-28T06:20:28.344471
HOSP-001,DEPT-PEX,2026-06-24,High,Limited,0.5,4,RISKPRIOR-20260728062026,2026-07-28T06:20:28.344471
HOSP-001,DEPT-ED,2026-06-25,Moderate,Sufficient,0.8333333333333334,4,RISKPRIOR-20260728062026,2026-07-28T06:20:28.344471
HOSP-001,DEPT-DIAG,2026-06-25,Moderate,Sufficient,0.6666666666666666,4,RISKPRIOR-20260728062026,2026-07-28T06:20:28.344471
HOSP-001,DEPT-ICU,2026-06-25,Moderate,Sufficient,0.6666666666666666,4,RISKPRIOR-20260728062026,2026-07-28T06:20:28.344471
HOSP-001,DEPT-PEX,2026-06-25,High,Limited,0.5,4,RISKPRIOR-20260728062026,2026-07-28T06:20:28.344471
HOSP-001,DEPT-OPC,2026-06-25,Moderate,Sufficient,0.8333333333333334,4,RISKPRIOR-20260728062026,2026-07-28T06:20:28.344471
HOSP-001,DEPT-ADM,2026-06-25,High,Limited,0.5,4,RISKPRIOR-20260728062026,2026-07-28T06:20:28.344471
HOSP-001,DEPT-SURG,2026-06-25,Moderate,Sufficient,0.6666666666666666,4,RISKPRIOR-20260728062026,2026-07-28T06:20:28.344471
HOSP-001,DEPT-MED,2026-06-25,Moderate,Sufficient,0.6666666666666666,4,RISKPRIOR-20260728062026,2026-07-28T06:20:28.344471
HOSP-001,DEPT-DIAG,2026-06-26,Moderate,Sufficient,0.8333333333333334,4,RISKPRIOR-20260728062026,2026-07-28T06:20:28.344471
HOSP-001,DEPT-ED,2026-06-26,High,Limited,0.5,4,RISKPRIOR-20260728062026,2026-07-28T06:20:28.344471
HOSP-001,DEPT-MED,2026-06-26,Moderate,Sufficient,0.6666666666666666,4,RISKPRIOR-20260728062026,2026-07-28T06:20:28.344471
HOSP-001,DEPT-ICU,2026-06-26,Moderate,Sufficient,0.6666666666666666,4,RISKPRIOR-20260728062026,2026-07-28T06:20:28.344471
HOSP-001,DEPT-OPC,2026-06-26,Moderate,Sufficient,0.8333333333333334,4,RISKPRIOR-20260728062026,2026-07-28T06:20:28.344471
HOSP-001,DEPT-SURG,2026-06-26,Moderate,Sufficient,0.6666666666666666,4,RISKPRIOR-20260728062026,2026-07-28T06:20:28.344471
HOSP-001,DEPT-ADM,2026-06-26,High,Limited,0.5,4,RISKPRIOR-20260728062026,2026-07-28T06:20:28.344471
HOSP-001,DEPT-PEX,2026-06-26,High,Limited,0.5,4,RISKPRIOR-20260728062026,2026-07-28T06:20:28.344471
HOSP-001,DEPT-OPC,2026-06-27,Moderate,Sufficient,0.8333333333333334,4,RISKPRIOR-20260728062026,2026-07-28T06:20:28.344471
HOSP-001,DEPT-DIAG,2026-06-27,Moderate,Sufficient,0.8333333333333334,4,RISKPRIOR-20260728062026,2026-07-28T06:20:28.344471
HOSP-001,DEPT-ED,2026-06-27,Moderate,Sufficient,0.8333333333333334,4,RISKPRIOR-20260728062026,2026-07-28T06:20:28.344471
HOSP-001,DEPT-ICU,2026-06-27,Moderate,Sufficient,0.6666666666666666,4,RISKPRIOR-20260728062026,2026-07-28T06:20:28.344471
HOSP-001,DEPT-MED,2026-06-27,Moderate,Sufficient,0.6666666666666666,4,RISKPRIOR-20260728062026,2026-07-28T06:20:28.344471
HOSP-001,DEPT-PEX,2026-06-27,High,Limited,0.5,4,RISKPRIOR-20260728062026,2026-07-28T06:20:28.344471
HOSP-001,DEPT-SURG,2026-06-27,Moderate,Limited,0.5,4,RISKPRIOR-20260728062026,2026-07-28T06:20:28.344471
HOSP-001,DEPT-ADM,2026-06-27,High,Limited,0.3333333333333333,4,RISKPRIOR-20260728062026,2026-07-28T06:20:28.344471
HOSP-001,DEPT-OPC,2026-06-28,Moderate,Sufficient,0.8333333333333334,4,RISKPRIOR-20260728062026,2026-07-28T06:20:28.344471
HOSP-001,DEPT-DIAG,2026-06-28,Moderate,Sufficient,0.8333333333333334,4,RISKPRIOR-20260728062026,2026-07-28T06:20:28.344471
HOSP-001,DEPT-ICU,2026-06-28,Moderate,Sufficient,0.6666666666666666,4,RISKPRIOR-20260728062026,2026-07-28T06:20:28.344471
HOSP-001,DEPT-MED,2026-06-28,Moderate,Sufficient,0.6666666666666666,4,RISKPRIOR-20260728062026,2026-07-28T06:20:28.344471
HOSP-001,DEPT-ED,2026-06-28,Moderate,Sufficient,0.8333333333333334,4,RISKPRIOR-20260728062026,2026-07-28T06:20:28.344471
HOSP-001,DEPT-ADM,2026-06-28,High,Limited,0.5,4,RISKPRIOR-20260728062026,2026-07-28T06:20:28.344471
HOSP-001,DEPT-PEX,2026-06-28,High,Limited,0.5,4,RISKPRIOR-20260728062026,2026-07-28T06:20:28.344471
HOSP-001,DEPT-SURG,2026-06-28,Moderate,Sufficient,0.6666666666666666,4,RISKPRIOR-20260728062026,2026-07-28T06:20:28.344471
HOSP-001,DEPT-PEX,2026-06-29,High,Limited,0.5,4,RISKPRIOR-20260728062026,2026-07-28T06:20:28.344471
HOSP-001,DEPT-OPC,2026-06-29,Moderate,Sufficient,0.8333333333333334,4,RISKPRIOR-20260728062026,2026-07-28T06:20:28.344471
HOSP-001,DEPT-SURG,2026-06-29,Moderate,Sufficient,0.6666666666666666,4,RISKPRIOR-20260728062026,2026-07-28T06:20:28.344471
HOSP-001,DEPT-ICU,2026-06-29,Moderate,Limited,0.5,4,RISKPRIOR-20260728062026,2026-07-28T06:20:28.344471
HOSP-001,DEPT-DIAG,2026-06-29,Moderate,Sufficient,0.6666666666666666,4,RISKPRIOR-20260728062026,2026-07-28T06:20:28.344471
HOSP-001,DEPT-ED,2026-06-29,Moderate,Sufficient,0.8333333333333334,4,RISKPRIOR-20260728062026,2026-07-28T06:20:28.344471
HOSP-001,DEPT-MED,2026-06-29,Moderate,Sufficient,0.6666666666666666,4,RISKPRIOR-20260728062026,2026-07-28T06:20:28.344471
HOSP-001,DEPT-ADM,2026-06-29,High,Limited,0.5,4,RISKPRIOR-20260728062026,2026-07-28T06:20:28.344471
HOSP-001,DEPT-ICU,2026-06-30,Moderate,Sufficient,0.6666666666666666,4,RISKPRIOR-20260728062026,2026-07-28T06:20:28.344471
HOSP-001,DEPT-SURG,2026-06-30,Moderate,Sufficient,0.6666666666666666,4,RISKPRIOR-20260728062026,2026-07-28T06:20:28.344471
HOSP-001,DEPT-OPC,2026-06-30,Moderate,Sufficient,0.8333333333333334,4,RISKPRIOR-20260728062026,2026-07-28T06:20:28.344471
HOSP-001,DEPT-ED,2026-06-30,Moderate,Sufficient,0.8333333333333334,4,RISKPRIOR-20260728062026,2026-07-28T06:20:28.344471
HOSP-001,DEPT-DIAG,2026-06-30,Moderate,Sufficient,0.6666666666666666,4,RISKPRIOR-20260728062026,2026-07-28T06:20:28.344471
HOSP-001,DEPT-PEX,2026-06-30,High,Limited,0.3333333333333333,4,RISKPRIOR-20260728062026,2026-07-28T06:20:28.344471
HOSP-001,DEPT-MED,2026-06-30,Moderate,Sufficient,0.6666666666666666,4,RISKPRIOR-20260728062026,2026-07-28T06:20:28.344471
HOSP-001,DEPT-ADM,2026-06-30,High,Limited,0.3333333333333333,4,RISKPRIOR-20260728062026,2026-07-28T06:20:28.344471
HOSP-001,DEPT-ICU,2026-07-01,Moderate,Sufficient,0.6666666666666666,4,RISKPRIOR-20260728062026,2026-07-28T06:20:28.344471
HOSP-001,DEPT-ED,2026-07-01,Moderate,Sufficient,0.8333333333333334,4,RISKPRIOR-20260728062026,2026-07-28T06:20:28.344471
HOSP-001,DEPT-OPC,2026-07-01,Moderate,Sufficient,0.8333333333333334,4,RISKPRIOR-20260728062026,2026-07-28T06:20:28.344471
HOSP-001,DEPT-MED,2026-07-01,Moderate,Sufficient,0.6666666666666666,4,RISKPRIOR-20260728062026,2026-07-28T06:20:28.344471
HOSP-001,DEPT-DIAG,2026-07-01,Moderate,Sufficient,0.8333333333333334,4,RISKPRIOR-20260728062026,2026-07-28T06:20:28.344471
HOSP-001,DEPT-SURG,2026-07-01,Moderate,Sufficient,0.6666666666666666,4,RISKPRIOR-20260728062026,2026-07-28T06:20:28.344471
HOSP-001,DEPT-ADM,2026-07-01,High,Limited,0.3333333333333333,4,RISKPRIOR-20260728062026,2026-07-28T06:20:28.344471
HOSP-001,DEPT-PEX,2026-07-01,High,Limited,0.3333333333333333,4,RISKPRIOR-20260728062026,2026-07-28T06:20:28.344471
HOSP-001,DEPT-ED,2026-07-02,Moderate,Sufficient,0.8333333333333334,4,RISKPRIOR-20260728062026,2026-07-28T06:20:28.344471
HOSP-001,DEPT-MED,2026-07-02,Moderate,Sufficient,0.6666666666666666,4,RISKPRIOR-20260728062026,2026-07-28T06:20:28.344471
HOSP-001,DEPT-DIAG,2026-07-02,Moderate,Sufficient,0.8333333333333334,4,RISKPRIOR-20260728062026,2026-07-28T06:20:28.344471
HOSP-001,DEPT-ADM,2026-07-02,High,Limited,0.3333333333333333,4,RISKPRIOR-20260728062026,2026-07-28T06:20:28.344471
HOSP-001,DEPT-PEX,2026-07-02,High,Limited,0.5,4,RISKPRIOR-20260728062026,2026-07-28T06:20:28.344471
HOSP-001,DEPT-SURG,2026-07-02,Moderate,Sufficient,0.6666666666666666,4,RISKPRIOR-20260728062026,2026-07-28T06:20:28.344471
HOSP-001,DEPT-OPC,2026-07-02,Moderate,Sufficient,0.8333333333333334,4,RISKPRIOR-20260728062026,2026-07-28T06:20:28.344471
HOSP-001,DEPT-ICU,2026-07-02,Moderate,Sufficient,0.6666666666666666,4,RISKPRIOR-20260728062026,2026-07-28T06:20:28.344471
HOSP-001,DEPT-ADM,2026-07-03,High,Limited,0.5,4,RISKPRIOR-20260728062026,2026-07-28T06:20:28.344471
HOSP-001,DEPT-SURG,2026-07-03,Moderate,Sufficient,0.6666666666666666,4,RISKPRIOR-20260728062026,2026-07-28T06:20:28.344471
HOSP-001,DEPT-PEX,2026-07-03,High,Limited,0.5,4,RISKPRIOR-20260728062026,2026-07-28T06:20:28.344471
HOSP-001,DEPT-OPC,2026-07-03,Moderate,Sufficient,0.8333333333333334,4,RISKPRIOR-20260728062026,2026-07-28T06:20:28.344471
HOSP-001,DEPT-DIAG,2026-07-03,Moderate,Sufficient,0.8333333333333334,4,RISKPRIOR-20260728062026,2026-07-28T06:20:28.344471
HOSP-001,DEPT-MED,2026-07-03,Moderate,Sufficient,0.6666666666666666,4,RISKPRIOR-20260728062026,2026-07-28T06:20:28.344471
HOSP-001,DEPT-ED,2026-07-03,Moderate,Sufficient,0.8333333333333334,4,RISKPRIOR-20260728062026,2026-07-28T06:20:28.344471
HOSP-001,DEPT-ICU,2026-07-03,Moderate,Sufficient,0.6666666666666666,4,RISKPRIOR-20260728062026,2026-07-28T06:20:28.344471
HOSP-001,DEPT-SURG,2026-07-04,Moderate,Limited,0.5,4,RISKPRIOR-20260728062026,2026-07-28T06:20:28.344471
HOSP-001,DEPT-MED,2026-07-04,Moderate,Limited,0.5,4,RISKPRIOR-20260728062026,2026-07-28T06:20:28.344471
HOSP-001,DEPT-DIAG,2026-07-04,Moderate,Sufficient,0.8333333333333334,4,RISKPRIOR-20260728062026,2026-07-28T06:20:28.344471
HOSP-001,DEPT-PEX,2026-07-04,High,Limited,0.5,4,RISKPRIOR-20260728062026,2026-07-28T06:20:28.344471
HOSP-001,DEPT-OPC,2026-07-04,Moderate,Sufficient,0.8333333333333334,4,RISKPRIOR-20260728062026,2026-07-28T06:20:28.344471
HOSP-001,DEPT-ED,2026-07-04,Moderate,Sufficient,0.6666666666666666,4,RISKPRIOR-20260728062026,2026-07-28T06:20:28.344471
HOSP-001,DEPT-ICU,2026-07-04,Moderate,Sufficient,0.6666666666666666,4,RISKPRIOR-20260728062026,2026-07-28T06:20:28.344471
HOSP-001,DEPT-ADM,2026-07-04,High,Limited,0.5,4,RISKPRIOR-20260728062026,2026-07-28T06:20:28.344471
HOSP-001,DEPT-PEX,2026-07-05,High,Limited,0.3333333333333333,4,RISKPRIOR-20260728062026,2026-07-28T06:20:28.344471
HOSP-001,DEPT-MED,2026-07-05,Moderate,Sufficient,0.6666666666666666,4,RISKPRIOR-20260728062026,2026-07-28T06:20:28.344471
HOSP-001,DEPT-SURG,2026-07-05,Moderate,Sufficient,0.6666666666666666,4,RISKPRIOR-20260728062026,2026-07-28T06:20:28.344471
HOSP-001,DEPT-ED,2026-07-05,Moderate,Sufficient,0.8333333333333334,4,RISKPRIOR-20260728062026,2026-07-28T06:20:28.344471
HOSP-001,DEPT-DIAG,2026-07-05,Moderate,Sufficient,0.8333333333333334,4,RISKPRIOR-20260728062026,2026-07-28T06:20:28.344471
HOSP-001,DEPT-OPC,2026-07-05,Moderate,Sufficient,0.8333333333333334,4,RISKPRIOR-20260728062026,2026-07-28T06:20:28.344471
HOSP-001,DEPT-ADM,2026-07-05,High,Limited,0.5,4,RISKPRIOR-20260728062026,2026-07-28T06:20:28.344471
HOSP-001,DEPT-ICU,2026-07-05,Moderate,Sufficient,0.6666666666666666,4,RISKPRIOR-20260728062026,2026-07-28T06:20:28.344471
HOSP-001,DEPT-OPC,2026-07-06,Moderate,Sufficient,0.8333333333333334,4,RISKPRIOR-20260728062026,2026-07-28T06:20:28.344471
HOSP-001,DEPT-SURG,2026-07-06,Moderate,Sufficient,0.6666666666666666,4,RISKPRIOR-20260728062026,2026-07-28T06:20:28.344471
HOSP-001,DEPT-ED,2026-07-06,Moderate,Sufficient,0.8333333333333334,4,RISKPRIOR-20260728062026,2026-07-28T06:20:28.344471
HOSP-001,DEPT-DIAG,2026-07-06,Moderate,Sufficient,0.8333333333333334,4,RISKPRIOR-20260728062026,2026-07-28T06:20:28.344471
HOSP-001,DEPT-ADM,2026-07-06,High,Limited,0.5,4,RISKPRIOR-20260728062026,2026-07-28T06:20:28.344471
HOSP-001,DEPT-ICU,2026-07-06,Moderate,Limited,0.5,4,RISKPRIOR-20260728062026,2026-07-28T06:20:28.344471
HOSP-001,DEPT-PEX,2026-07-06,High,Limited,0.3333333333333333,4,RISKPRIOR-20260728062026,2026-07-28T06:20:28.344471
HOSP-001,DEPT-MED,2026-07-06,Moderate,Sufficient,0.6666666666666666,4,RISKPRIOR-20260728062026,2026-07-28T06:20:28.344471
HOSP-001,DEPT-OPC,2026-07-07,Moderate,Sufficient,0.8333333333333334,4,RISKPRIOR-20260728062026,2026-07-28T06:20:28.344471
HOSP-001,DEPT-SURG,2026-07-07,Moderate,Sufficient,0.6666666666666666,4,RISKPRIOR-20260728062026,2026-07-28T06:20:28.344471
HOSP-001,DEPT-ED,2026-07-07,Moderate,Sufficient,0.8333333333333334,4,RISKPRIOR-20260728062026,2026-07-28T06:20:28.344471
HOSP-001,DEPT-MED,2026-07-07,Moderate,Sufficient,0.6666666666666666,4,RISKPRIOR-20260728062026,2026-07-28T06:20:28.344471
HOSP-001,DEPT-DIAG,2026-07-07,Moderate,Sufficient,0.8333333333333334,4,RISKPRIOR-20260728062026,2026-07-28T06:20:28.344471
HOSP-001,DEPT-ICU,2026-07-07,Moderate,Limited,0.5,4,RISKPRIOR-20260728062026,2026-07-28T06:20:28.344471
HOSP-001,DEPT-PEX,2026-07-07,High,Limited,0.5,4,RISKPRIOR-20260728062026,2026-07-28T06:20:28.344471
HOSP-001,DEPT-ADM,2026-07-07,High,Limited,0.5,4,RISKPRIOR-20260728062026,2026-07-28T06:20:28.344471
HOSP-001,DEPT-OPC,2026-07-08,Moderate,Sufficient,0.8333333333333334,4,RISKPRIOR-20260728062026,2026-07-28T06:20:28.344471
HOSP-001,DEPT-PEX,2026-07-08,High,Limited,0.5,4,RISKPRIOR-20260728062026,2026-07-28T06:20:28.344471
HOSP-001,DEPT-ICU,2026-07-08,Moderate,Sufficient,0.6666666666666666,4,RISKPRIOR-20260728062026,2026-07-28T06:20:28.344471
HOSP-001,DEPT-ED,2026-07-08,Moderate,Sufficient,0.8333333333333334,4,RISKPRIOR-20260728062026,2026-07-28T06:20:28.344471
HOSP-001,DEPT-SURG,2026-07-08,Moderate,Sufficient,0.6666666666666666,4,RISKPRIOR-20260728062026,2026-07-28T06:20:28.344471
HOSP-001,DEPT-DIAG,2026-07-08,Moderate,Sufficient,0.8333333333333334,4,RISKPRIOR-20260728062026,2026-07-28T06:20:28.344471
HOSP-001,DEPT-ADM,2026-07-08,High,Limited,0.5,4,RISKPRIOR-20260728062026,2026-07-28T06:20:28.344471
HOSP-001,DEPT-MED,2026-07-08,Moderate,Sufficient,0.6666666666666666,4,RISKPRIOR-20260728062026,2026-07-28T06:20:28.344471
HOSP-001,DEPT-MED,2026-07-09,Moderate,Limited,0.5,4,RISKPRIOR-20260728062026,2026-07-28T06:20:28.344471
HOSP-001,DEPT-PEX,2026-07-09,High,Limited,0.3333333333333333,4,RISKPRIOR-20260728062026,2026-07-28T06:20:28.344471
HOSP-001,DEPT-SURG,2026-07-09,Moderate,Sufficient,0.6666666666666666,4,RISKPRIOR-20260728062026,2026-07-28T06:20:28.344471
HOSP-001,DEPT-ICU,2026-07-09,Moderate,Sufficient,0.6666666666666666,4,RISKPRIOR-20260728062026,2026-07-28T06:20:28.344471
HOSP-001,DEPT-ED,2026-07-09,Moderate,Sufficient,0.6666666666666666,4,RISKPRIOR-20260728062026,2026-07-28T06:20:28.344471
HOSP-001,DEPT-OPC,2026-07-09,Moderate,Sufficient,0.8333333333333334,4,RISKPRIOR-20260728062026,2026-07-28T06:20:28.344471
HOSP-001,DEPT-ADM,2026-07-09,High,Limited,0.5,4,RISKPRIOR-20260728062026,2026-07-28T06:20:28.344471
HOSP-001,DEPT-DIAG,2026-07-09,High,Limited,0.5,4,RISKPRIOR-20260728062026,2026-07-28T06:20:28.344471
HOSP-001,DEPT-PEX,2026-07-10,High,Limited,0.5,4,RISKPRIOR-20260728062026,2026-07-28T06:20:28.344471
HOSP-001,DEPT-DIAG,2026-07-10,Moderate,Sufficient,0.8333333333333334,4,RISKPRIOR-20260728062026,2026-07-28T06:20:28.344471
HOSP-001,DEPT-ED,2026-07-10,Moderate,Sufficient,0.8333333333333334,4,RISKPRIOR-20260728062026,2026-07-28T06:20:28.344471
HOSP-001,DEPT-ADM,2026-07-10,High,Limited,0.5,4,RISKPRIOR-20260728062026,2026-07-28T06:20:28.344471
HOSP-001,DEPT-MED,2026-07-10,Moderate,Sufficient,0.6666666666666666,4,RISKPRIOR-20260728062026,2026-07-28T06:20:28.344471
HOSP-001,DEPT-OPC,2026-07-10,High,Limited,0.5,4,RISKPRIOR-20260728062026,2026-07-28T06:20:28.344471
HOSP-001,DEPT-SURG,2026-07-10,Moderate,Sufficient,0.6666666666666666,4,RISKPRIOR-20260728062026,2026-07-28T06:20:28.344471
HOSP-001,DEPT-ICU,2026-07-10,Moderate,Sufficient,0.6666666666666666,4,RISKPRIOR-20260728062026,2026-07-28T06:20:28.344471
HOSP-001,DEPT-PEX,2026-07-11,High,Limited,0.3333333333333333,4,RISKPRIOR-20260728062026,2026-07-28T06:20:28.344471
HOSP-001,DEPT-ICU,2026-07-11,Moderate,Sufficient,0.6666666666666666,4,RISKPRIOR-20260728062026,2026-07-28T06:20:28.344471
HOSP-001,DEPT-MED,2026-07-11,Moderate,Sufficient,0.6666666666666666,4,RISKPRIOR-20260728062026,2026-07-28T06:20:28.344471
HOSP-001,DEPT-DIAG,2026-07-11,Moderate,Sufficient,0.8333333333333334,4,RISKPRIOR-20260728062026,2026-07-28T06:20:28.344471
HOSP-001,DEPT-OPC,2026-07-11,Moderate,Sufficient,0.8333333333333334,4,RISKPRIOR-20260728062026,2026-07-28T06:20:28.344471
HOSP-001,DEPT-SURG,2026-07-11,Moderate,Sufficient,0.6666666666666666,4,RISKPRIOR-20260728062026,2026-07-28T06:20:28.344471
HOSP-001,DEPT-ED,2026-07-11,Moderate,Sufficient,0.8333333333333334,4,RISKPRIOR-20260728062026,2026-07-28T06:20:28.344471
HOSP-001,DEPT-ADM,2026-07-11,High,Limited,0.5,4,RISKPRIOR-20260728062026,2026-07-28T06:20:28.344471
HOSP-001,DEPT-MED,2026-07-12,Moderate,Sufficient,0.6666666666666666,4,RISKPRIOR-20260728062026,2026-07-28T06:20:28.344471
HOSP-001,DEPT-DIAG,2026-07-12,Moderate,Sufficient,0.8333333333333334,4,RISKPRIOR-20260728062026,2026-07-28T06:20:28.344471
HOSP-001,DEPT-ICU,2026-07-12,Moderate,Sufficient,0.6666666666666666,4,RISKPRIOR-20260728062026,2026-07-28T06:20:28.344471
HOSP-001,DEPT-OPC,2026-07-12,Moderate,Sufficient,0.8333333333333334,4,RISKPRIOR-20260728062026,2026-07-28T06:20:28.344471
HOSP-001,DEPT-ED,2026-07-12,Moderate,Sufficient,0.8333333333333334,4,RISKPRIOR-20260728062026,2026-07-28T06:20:28.344471
HOSP-001,DEPT-SURG,2026-07-12,Moderate,Sufficient,0.6666666666666666,4,RISKPRIOR-20260728062026,2026-07-28T06:20:28.344471
HOSP-001,DEPT-PEX,2026-07-12,High,Limited,0.5,4,RISKPRIOR-20260728062026,2026-07-28T06:20:28.344471
HOSP-001,DEPT-ADM,2026-07-12,High,Limited,0.5,4,RISKPRIOR-20260728062026,2026-07-28T06:20:28.344471
HOSP-001,DEPT-ED,2026-07-13,Moderate,Sufficient,0.8333333333333334,4,RISKPRIOR-20260728062026,2026-07-28T06:20:28.344471
HOSP-001,DEPT-PEX,2026-07-13,High,Limited,0.5,4,RISKPRIOR-20260728062026,2026-07-28T06:20:28.344471
HOSP-001,DEPT-MED,2026-07-13,Moderate,Sufficient,0.6666666666666666,4,RISKPRIOR-20260728062026,2026-07-28T06:20:28.344471
HOSP-001,DEPT-DIAG,2026-07-13,Moderate,Sufficient,0.8333333333333334,4,RISKPRIOR-20260728062026,2026-07-28T06:20:28.344471
HOSP-001,DEPT-SURG,2026-07-13,Moderate,Sufficient,0.6666666666666666,4,RISKPRIOR-20260728062026,2026-07-28T06:20:28.344471
HOSP-001,DEPT-OPC,2026-07-13,Moderate,Sufficient,0.8333333333333334,4,RISKPRIOR-20260728062026,2026-07-28T06:20:28.344471
HOSP-001,DEPT-ICU,2026-07-13,Moderate,Limited,0.5,4,RISKPRIOR-20260728062026,2026-07-28T06:20:28.344471
HOSP-001,DEPT-ADM,2026-07-13,High,Limited,0.5,4,RISKPRIOR-20260728062026,2026-07-28T06:20:28.344471
HOSP-001,DEPT-ICU,2026-07-14,Moderate,Limited,0.5,4,RISKPRIOR-20260728062026,2026-07-28T06:20:28.344471
HOSP-001,DEPT-ED,2026-07-14,Moderate,Sufficient,0.8333333333333334,4,RISKPRIOR-20260728062026,2026-07-28T06:20:28.344471
HOSP-001,DEPT-SURG,2026-07-14,Moderate,Sufficient,0.6666666666666666,4,RISKPRIOR-20260728062026,2026-07-28T06:20:28.344471
HOSP-001,DEPT-DIAG,2026-07-14,Moderate,Sufficient,0.8333333333333334,4,RISKPRIOR-20260728062026,2026-07-28T06:20:28.344471
HOSP-001,DEPT-OPC,2026-07-14,Moderate,Sufficient,0.8333333333333334,4,RISKPRIOR-20260728062026,2026-07-28T06:20:28.344471
HOSP-001,DEPT-PEX,2026-07-14,High,Limited,0.5,4,RISKPRIOR-20260728062026,2026-07-28T06:20:28.344471
HOSP-001,DEPT-MED,2026-07-14,Moderate,Sufficient,0.6666666666666666,4,RISKPRIOR-20260728062026,2026-07-28T06:20:28.344471
HOSP-001,DEPT-ADM,2026-07-14,High,Limited,0.5,4,RISKPRIOR-20260728062026,2026-07-28T06:20:28.344471
HOSP-001,DEPT-ADM,2026-07-15,High,Limited,0.3333333333333333,4,RISKPRIOR-20260728062026,2026-07-28T06:20:28.344471
HOSP-001,DEPT-ED,2026-07-15,Moderate,Sufficient,0.8333333333333334,4,RISKPRIOR-20260728062026,2026-07-28T06:20:28.344471
HOSP-001,DEPT-MED,2026-07-15,Moderate,Sufficient,0.6666666666666666,4,RISKPRIOR-20260728062026,2026-07-28T06:20:28.344471
HOSP-001,DEPT-OPC,2026-07-15,Moderate,Sufficient,0.8333333333333334,4,RISKPRIOR-20260728062026,2026-07-28T06:20:28.344471
HOSP-001,DEPT-DIAG,2026-07-15,High,Limited,0.5,4,RISKPRIOR-20260728062026,2026-07-28T06:20:28.344471
HOSP-001,DEPT-ICU,2026-07-15,Moderate,Sufficient,0.6666666666666666,4,RISKPRIOR-20260728062026,2026-07-28T06:20:28.344471
HOSP-001,DEPT-SURG,2026-07-15,Moderate,Sufficient,0.6666666666666666,4,RISKPRIOR-20260728062026,2026-07-28T06:20:28.344471
HOSP-001,DEPT-PEX,2026-07-15,High,Limited,0.5,4,RISKPRIOR-20260728062026,2026-07-28T06:20:28.344471
HOSP-001,DEPT-ICU,2026-07-16,Moderate,Sufficient,0.6666666666666666,4,RISKPRIOR-20260728062026,2026-07-28T06:20:28.344471
HOSP-001,DEPT-ADM,2026-07-16,High,Limited,0.5,4,RISKPRIOR-20260728062026,2026-07-28T06:20:28.344471
HOSP-001,DEPT-SURG,2026-07-16,Moderate,Sufficient,0.6666666666666666,4,RISKPRIOR-20260728062026,2026-07-28T06:20:28.344471
HOSP-001,DEPT-MED,2026-07-16,Moderate,Sufficient,0.6666666666666666,4,RISKPRIOR-20260728062026,2026-07-28T06:20:28.344471
HOSP-001,DEPT-DIAG,2026-07-16,Moderate,Sufficient,0.8333333333333334,4,RISKPRIOR-20260728062026,2026-07-28T06:20:28.344471
HOSP-001,DEPT-OPC,2026-07-16,Moderate,Sufficient,0.8333333333333334,4,RISKPRIOR-20260728062026,2026-07-28T06:20:28.344471
HOSP-001,DEPT-PEX,2026-07-16,High,Limited,0.5,4,RISKPRIOR-20260728062026,2026-07-28T06:20:28.344471
HOSP-001,DEPT-ED,2026-07-16,Moderate,Sufficient,0.6666666666666666,4,RISKPRIOR-20260728062026,2026-07-28T06:20:28.344471
HOSP-001,DEPT-PEX,2026-07-17,High,Limited,0.5,4,RISKPRIOR-20260728062026,2026-07-28T06:20:28.344471
HOSP-001,DEPT-SURG,2026-07-17,Moderate,Sufficient,0.6666666666666666,4,RISKPRIOR-20260728062026,2026-07-28T06:20:28.344471
HOSP-001,DEPT-ICU,2026-07-17,Moderate,Limited,0.5,4,RISKPRIOR-20260728062026,2026-07-28T06:20:28.344471
HOSP-001,DEPT-MED,2026-07-17,Moderate,Sufficient,0.6666666666666666,4,RISKPRIOR-20260728062026,2026-07-28T06:20:28.344471
HOSP-001,DEPT-OPC,2026-07-17,Moderate,Sufficient,0.8333333333333334,4,RISKPRIOR-20260728062026,2026-07-28T06:20:28.344471
HOSP-001,DEPT-DIAG,2026-07-17,Moderate,Sufficient,0.8333333333333334,4,RISKPRIOR-20260728062026,2026-07-28T06:20:28.344471
HOSP-001,DEPT-ED,2026-07-17,Moderate,Sufficient,0.8333333333333334,4,RISKPRIOR-20260728062026,2026-07-28T06:20:28.344471
HOSP-001,DEPT-ADM,2026-07-17,High,Limited,0.3333333333333333,4,RISKPRIOR-20260728062026,2026-07-28T06:20:28.344471
HOSP-001,DEPT-ICU,2026-07-18,Moderate,Sufficient,0.6666666666666666,4,RISKPRIOR-20260728062026,2026-07-28T06:20:28.344471
HOSP-001,DEPT-SURG,2026-07-18,Moderate,Limited,0.5,4,RISKPRIOR-20260728062026,2026-07-28T06:20:28.344471
HOSP-001,DEPT-MED,2026-07-18,Moderate,Sufficient,0.6666666666666666,4,RISKPRIOR-20260728062026,2026-07-28T06:20:28.344471
HOSP-001,DEPT-ED,2026-07-18,Moderate,Sufficient,0.8333333333333334,4,RISKPRIOR-20260728062026,2026-07-28T06:20:28.344471
HOSP-001,DEPT-DIAG,2026-07-18,Moderate,Sufficient,0.8333333333333334,4,RISKPRIOR-20260728062026,2026-07-28T06:20:28.344471
HOSP-001,DEPT-ADM,2026-07-18,High,Limited,0.5,4,RISKPRIOR-20260728062026,2026-07-28T06:20:28.344471
HOSP-001,DEPT-OPC,2026-07-18,High,Limited,0.5,4,RISKPRIOR-20260728062026,2026-07-28T06:20:28.344471
HOSP-001,DEPT-PEX,2026-07-18,High,Limited,0.3333333333333333,4,RISKPRIOR-20260728062026,2026-07-28T06:20:28.344471
HOSP-001,DEPT-SURG,2026-07-19,Moderate,Sufficient,0.6666666666666666,4,RISKPRIOR-20260728062026,2026-07-28T06:20:28.344471
HOSP-001,DEPT-PEX,2026-07-19,High,Limited,0.5,4,RISKPRIOR-20260728062026,2026-07-28T06:20:28.344471
HOSP-001,DEPT-ADM,2026-07-19,High,Limited,0.5,4,RISKPRIOR-20260728062026,2026-07-28T06:20:28.344471
HOSP-001,DEPT-ICU,2026-07-19,Moderate,Sufficient,0.6666666666666666,4,RISKPRIOR-20260728062026,2026-07-28T06:20:28.344471
HOSP-001,DEPT-DIAG,2026-07-19,Moderate,Sufficient,0.8333333333333334,4,RISKPRIOR-20260728062026,2026-07-28T06:20:28.344471
HOSP-001,DEPT-MED,2026-07-19,Moderate,Sufficient,0.6666666666666666,4,RISKPRIOR-20260728062026,2026-07-28T06:20:28.344471
HOSP-001,DEPT-OPC,2026-07-19,Moderate,Sufficient,0.8333333333333334,4,RISKPRIOR-20260728062026,2026-07-28T06:20:28.344471
HOSP-001,DEPT-ED,2026-07-19,Moderate,Sufficient,0.8333333333333334,4,RISKPRIOR-20260728062026,2026-07-28T06:20:28.344471
HOSP-001,DEPT-ICU,2026-07-20,Moderate,Limited,0.5,4,RISKPRIOR-20260728062026,2026-07-28T06:20:28.344471
HOSP-001,DEPT-ED,2026-07-20,Moderate,Sufficient,0.8333333333333334,4,RISKPRIOR-20260728062026,2026-07-28T06:20:28.344471
HOSP-001,DEPT-DIAG,2026-07-20,Moderate,Sufficient,0.8333333333333334,4,RISKPRIOR-20260728062026,2026-07-28T06:20:28.344471
HOSP-001,DEPT-OPC,2026-07-20,Moderate,Sufficient,0.8333333333333334,4,RISKPRIOR-20260728062026,2026-07-28T06:20:28.344471
HOSP-001,DEPT-MED,2026-07-20,Moderate,Sufficient,0.6666666666666666,4,RISKPRIOR-20260728062026,2026-07-28T06:20:28.344471
HOSP-001,DEPT-SURG,2026-07-20,Moderate,Sufficient,0.6666666666666666,4,RISKPRIOR-20260728062026,2026-07-28T06:20:28.344471
HOSP-001,DEPT-PEX,2026-07-20,High,Limited,0.5,4,RISKPRIOR-20260728062026,2026-07-28T06:20:28.344471
HOSP-001,DEPT-ADM,2026-07-20,High,Limited,0.3333333333333333,4,RISKPRIOR-20260728062026,2026-07-28T06:20:28.344471
HOSP-001,DEPT-DIAG,2026-07-21,Moderate,Sufficient,0.8333333333333334,4,RISKPRIOR-20260728062026,2026-07-28T06:20:28.344471
HOSP-001,DEPT-SURG,2026-07-21,Moderate,Sufficient,0.6666666666666666,4,RISKPRIOR-20260728062026,2026-07-28T06:20:28.344471
HOSP-001,DEPT-ADM,2026-07-21,High,Limited,0.5,4,RISKPRIOR-20260728062026,2026-07-28T06:20:28.344471
HOSP-001,DEPT-ED,2026-07-21,Moderate,Sufficient,0.8333333333333334,4,RISKPRIOR-20260728062026,2026-07-28T06:20:28.344471
HOSP-001,DEPT-OPC,2026-07-21,Moderate,Sufficient,0.6666666666666666,4,RISKPRIOR-20260728062026,2026-07-28T06:20:28.344471
HOSP-001,DEPT-ICU,2026-07-21,Moderate,Sufficient,0.6666666666666666,4,RISKPRIOR-20260728062026,2026-07-28T06:20:28.344471
HOSP-001,DEPT-MED,2026-07-21,Moderate,Sufficient,0.6666666666666666,4,RISKPRIOR-20260728062026,2026-07-28T06:20:28.344471
HOSP-001,DEPT-PEX,2026-07-21,High,Limited,0.5,4,RISKPRIOR-20260728062026,2026-07-28T06:20:28.344471
HOSP-001,DEPT-DIAG,2026-07-22,Moderate,Sufficient,0.8333333333333334,4,RISKPRIOR-20260728062026,2026-07-28T06:20:28.344471
HOSP-001,DEPT-MED,2026-07-22,Moderate,Limited,0.5,4,RISKPRIOR-20260728062026,2026-07-28T06:20:28.344471
HOSP-001,DEPT-SURG,2026-07-22,Moderate,Sufficient,0.6666666666666666,4,RISKPRIOR-20260728062026,2026-07-28T06:20:28.344471
HOSP-001,DEPT-ED,2026-07-22,Moderate,Sufficient,0.8333333333333334,4,RISKPRIOR-20260728062026,2026-07-28T06:20:28.344471
HOSP-001,DEPT-PEX,2026-07-22,High,Limited,0.5,4,RISKPRIOR-20260728062026,2026-07-28T06:20:28.344471
HOSP-001,DEPT-OPC,2026-07-22,Moderate,Sufficient,0.8333333333333334,4,RISKPRIOR-20260728062026,2026-07-28T06:20:28.344471
HOSP-001,DEPT-ICU,2026-07-22,Moderate,Sufficient,0.6666666666666666,4,RISKPRIOR-20260728062026,2026-07-28T06:20:28.344471
HOSP-001,DEPT-ADM,2026-07-22,High,Limited,0.5,4,RISKPRIOR-20260728062026,2026-07-28T06:20:28.344471
HOSP-001,DEPT-MED,2026-07-23,Moderate,Sufficient,0.6666666666666666,4,RISKPRIOR-20260728062026,2026-07-28T06:20:28.344471
HOSP-001,DEPT-ICU,2026-07-23,Moderate,Sufficient,0.6666666666666666,4,RISKPRIOR-20260728062026,2026-07-28T06:20:28.344471
HOSP-001,DEPT-SURG,2026-07-23,Moderate,Sufficient,0.6666666666666666,4,RISKPRIOR-20260728062026,2026-07-28T06:20:28.344471
HOSP-001,DEPT-OPC,2026-07-23,Moderate,Sufficient,0.8333333333333334,4,RISKPRIOR-20260728062026,2026-07-28T06:20:28.344471
HOSP-001,DEPT-DIAG,2026-07-23,Moderate,Sufficient,0.8333333333333334,4,RISKPRIOR-20260728062026,2026-07-28T06:20:28.344471
HOSP-001,DEPT-ED,2026-07-23,Moderate,Sufficient,0.8333333333333334,4,RISKPRIOR-20260728062026,2026-07-28T06:20:28.344471
HOSP-001,DEPT-ADM,2026-07-23,High,Limited,0.5,4,RISKPRIOR-20260728062026,2026-07-28T06:20:28.344471
HOSP-001,DEPT-PEX,2026-07-23,High,Limited,0.5,4,RISKPRIOR-20260728062026,2026-07-28T06:20:28.344471
HOSP-001,DEPT-DIAG,2026-07-24,Moderate,Sufficient,0.6666666666666666,4,RISKPRIOR-20260728062026,2026-07-28T06:20:28.344471
HOSP-001,DEPT-ICU,2026-07-24,Moderate,Sufficient,0.6666666666666666,4,RISKPRIOR-20260728062026,2026-07-28T06:20:28.344471
HOSP-001,DEPT-SURG,2026-07-24,Moderate,Sufficient,0.6666666666666666,4,RISKPRIOR-20260728062026,2026-07-28T06:20:28.344471
HOSP-001,DEPT-MED,2026-07-24,Moderate,Sufficient,0.6666666666666666,4,RISKPRIOR-20260728062026,2026-07-28T06:20:28.344471
HOSP-001,DEPT-ED,2026-07-24,Moderate,Sufficient,0.8333333333333334,4,RISKPRIOR-20260728062026,2026-07-28T06:20:28.344471
HOSP-001,DEPT-OPC,2026-07-24,Moderate,Sufficient,0.8333333333333334,4,RISKPRIOR-20260728062026,2026-07-28T06:20:28.344471
HOSP-001,DEPT-PEX,2026-07-24,High,Limited,0.5,4,RISKPRIOR-20260728062026,2026-07-28T06:20:28.344471
HOSP-001,DEPT-ADM,2026-07-24,High,Limited,0.3333333333333333,4,RISKPRIOR-20260728062026,2026-07-28T06:20:28.344471
HOSP-001,DEPT-DIAG,2026-07-25,High,Limited,0.5,4,RISKPRIOR-20260728062026,2026-07-28T06:20:28.344471
HOSP-001,DEPT-ICU,2026-07-25,Moderate,Sufficient,0.6666666666666666,4,RISKPRIOR-20260728062026,2026-07-28T06:20:28.344471
HOSP-001,DEPT-SURG,2026-07-25,Moderate,Limited,0.5,4,RISKPRIOR-20260728062026,2026-07-28T06:20:28.344471
HOSP-001,DEPT-MED,2026-07-25,Moderate,Sufficient,0.6666666666666666,4,RISKPRIOR-20260728062026,2026-07-28T06:20:28.344471
HOSP-001,DEPT-ED,2026-07-25,Moderate,Sufficient,0.8333333333333334,4,RISKPRIOR-20260728062026,2026-07-28T06:20:28.344471
HOSP-001,DEPT-OPC,2026-07-25,Moderate,Sufficient,0.8333333333333334,4,RISKPRIOR-20260728062026,2026-07-28T06:20:28.344471
HOSP-001,DEPT-PEX,2026-07-25,High,Limited,0.5,4,RISKPRIOR-20260728062026,2026-07-28T06:20:28.344471
HOSP-001,DEPT-ADM,2026-07-25,High,Limited,0.5,4,RISKPRIOR-20260728062026,2026-07-28T06:20:28.344471
HOSP-001,DEPT-DIAG,2026-07-26,Moderate,Sufficient,0.8333333333333334,4,RISKPRIOR-20260728062026,2026-07-28T06:20:28.344471
HOSP-001,DEPT-ICU,2026-07-26,Moderate,Limited,0.5,4,RISKPRIOR-20260728062026,2026-07-28T06:20:28.344471
HOSP-001,DEPT-ADM,2026-07-26,High,Limited,0.5,4,RISKPRIOR-20260728062026,2026-07-28T06:20:28.344471
HOSP-001,DEPT-MED,2026-07-26,Moderate,Sufficient,0.6666666666666666,4,RISKPRIOR-20260728062026,2026-07-28T06:20:28.344471
HOSP-001,DEPT-ED,2026-07-26,Moderate,Sufficient,0.8333333333333334,4,RISKPRIOR-20260728062026,2026-07-28T06:20:28.344471
HOSP-001,DEPT-SURG,2026-07-26,Moderate,Sufficient,0.6666666666666666,4,RISKPRIOR-20260728062026,2026-07-28T06:20:28.344471
HOSP-001,DEPT-OPC,2026-07-26,Moderate,Sufficient,0.8333333333333334,4,RISKPRIOR-20260728062026,2026-07-28T06:20:28.344471
HOSP-001,DEPT-PEX,2026-07-26,High,Limited,0.5,4,RISKPRIOR-20260728062026,2026-07-28T06:20:28.344471
HOSP-001,DEPT-MED,2026-07-27,Moderate,Sufficient,0.6666666666666666,4,RISKPRIOR-20260728062026,2026-07-28T06:20:28.344471
HOSP-001,DEPT-DIAG,2026-07-27,Moderate,Sufficient,0.8333333333333334,4,RISKPRIOR-20260728062026,2026-07-28T06:20:28.344471
HOSP-001,DEPT-PEX,2026-07-27,High,Limited,0.5,4,RISKPRIOR-20260728062026,2026-07-28T06:20:28.344471
HOSP-001,DEPT-SURG,2026-07-27,Moderate,Sufficient,0.6666666666666666,4,RISKPRIOR-20260728062026,2026-07-28T06:20:28.344471
HOSP-001,DEPT-ED,2026-07-27,Moderate,Sufficient,0.8333333333333334,4,RISKPRIOR-20260728062026,2026-07-28T06:20:28.344471
HOSP-001,DEPT-OPC,2026-07-27,Moderate,Sufficient,0.6666666666666666,4,RISKPRIOR-20260728062026,2026-07-28T06:20:28.344471
HOSP-001,DEPT-ADM,2026-07-27,High,Limited,0.5,4,RISKPRIOR-20260728062026,2026-07-28T06:20:28.344471
HOSP-001,DEPT-ICU,2026-07-27,Moderate,Sufficient,0.6666666666666666,4,RISKPRIOR-20260728062026,2026-07-28T06:20:28.344471
HOSP-001,DEPT-MED,2026-07-28,Moderate,Sufficient,0.6666666666666666,4,RISKPRIOR-20260728062026,2026-07-28T06:20:28.344471
HOSP-001,DEPT-ICU,2026-07-28,Moderate,Sufficient,0.6666666666666666,4,RISKPRIOR-20260728062026,2026-07-28T06:20:28.344471
HOSP-001,DEPT-DIAG,2026-07-28,Moderate,Sufficient,0.8333333333333334,4,RISKPRIOR-20260728062026,2026-07-28T06:20:28.344471
HOSP-001,DEPT-ED,2026-07-28,High,Limited,0.5,4,RISKPRIOR-20260728062026,2026-07-28T06:20:28.344471
HOSP-001,DEPT-OPC,2026-07-28,Moderate,Sufficient,0.6666666666666666,4,RISKPRIOR-20260728062026,2026-07-28T06:20:28.344471
HOSP-001,DEPT-PEX,2026-07-28,High,Limited,0.5,4,RISKPRIOR-20260728062026,2026-07-28T06:20:28.344471
HOSP-001,DEPT-SURG,2026-07-28,Moderate,Sufficient,0.6666666666666666,4,RISKPRIOR-20260728062026,2026-07-28T06:20:28.344471
HOSP-001,DEPT-ADM,2026-07-28,High,Limited,0.3333333333333333,4,RISKPRIOR-20260728062026,2026-07-28T06:20:28.344471
HOSP-001,DEPT-DIAG,2026-07-29,Moderate,Sufficient,0.8333333333333334,4,RISKPRIOR-20260728062026,2026-07-28T06:20:28.344471
HOSP-001,DEPT-ICU,2026-07-29,Moderate,Sufficient,0.6666666666666666,4,RISKPRIOR-20260728062026,2026-07-28T06:20:28.344471
HOSP-001,DEPT-PEX,2026-07-29,High,Limited,0.5,4,RISKPRIOR-20260728062026,2026-07-28T06:20:28.344471
HOSP-001,DEPT-ED,2026-07-29,Moderate,Sufficient,0.8333333333333334,4,RISKPRIOR-20260728062026,2026-07-28T06:20:28.344471
HOSP-001,DEPT-ADM,2026-07-29,High,Limited,0.5,4,RISKPRIOR-20260728062026,2026-07-28T06:20:28.344471
HOSP-001,DEPT-SURG,2026-07-29,Moderate,Sufficient,0.6666666666666666,4,RISKPRIOR-20260728062026,2026-07-28T06:20:28.344471
HOSP-001,DEPT-OPC,2026-07-29,Moderate,Sufficient,0.8333333333333334,4,RISKPRIOR-20260728062026,2026-07-28T06:20:28.344471
HOSP-001,DEPT-MED,2026-07-29,Moderate,Sufficient,0.6666666666666666,4,RISKPRIOR-20260728062026,2026-07-28T06:20:28.344471
HOSP-001,DEPT-DIAG,2026-07-30,Moderate,Sufficient,0.6666666666666666,4,RISKPRIOR-20260728062026,2026-07-28T06:20:28.344471
HOSP-001,DEPT-SURG,2026-07-30,Moderate,Sufficient,0.6666666666666666,4,RISKPRIOR-20260728062026,2026-07-28T06:20:28.344471
HOSP-001,DEPT-ED,2026-07-30,Moderate,Sufficient,0.8333333333333334,4,RISKPRIOR-20260728062026,2026-07-28T06:20:28.344471
HOSP-001,DEPT-ICU,2026-07-30,Moderate,Sufficient,0.6666666666666666,4,RISKPRIOR-20260728062026,2026-07-28T06:20:28.344471
HOSP-001,DEPT-PEX,2026-07-30,High,Limited,0.5,4,RISKPRIOR-20260728062026,2026-07-28T06:20:28.344471
HOSP-001,DEPT-MED,2026-07-30,Moderate,Sufficient,0.6666666666666666,4,RISKPRIOR-20260728062026,2026-07-28T06:20:28.344471
HOSP-001,DEPT-OPC,2026-07-30,Moderate,Sufficient,0.8333333333333334,4,RISKPRIOR-20260728062026,2026-07-28T06:20:28.344471
HOSP-001,DEPT-ADM,2026-07-30,High,Limited,0.3333333333333333,4,RISKPRIOR-20260728062026,2026-07-28T06:20:28.344471
HOSP-001,DEPT-DIAG,2026-07-31,Moderate,Sufficient,0.8333333333333334,4,RISKPRIOR-20260728062026,2026-07-28T06:20:28.344471
HOSP-001,DEPT-MED,2026-07-31,Moderate,Sufficient,0.6666666666666666,4,RISKPRIOR-20260728062026,2026-07-28T06:20:28.344471
HOSP-001,DEPT-ED,2026-07-31,Moderate,Sufficient,0.8333333333333334,4,RISKPRIOR-20260728062026,2026-07-28T06:20:28.344471
HOSP-001,DEPT-ICU,2026-07-31,Moderate,Sufficient,0.6666666666666666,4,RISKPRIOR-20260728062026,2026-07-28T06:20:28.344471
HOSP-001,DEPT-SURG,2026-07-31,Moderate,Sufficient,0.6666666666666666,4,RISKPRIOR-20260728062026,2026-07-28T06:20:28.344471
HOSP-001,DEPT-PEX,2026-07-31,High,Limited,0.5,4,RISKPRIOR-20260728062026,2026-07-28T06:20:28.344471
HOSP-001,DEPT-OPC,2026-07-31,Moderate,Sufficient,0.8333333333333334,4,RISKPRIOR-20260728062026,2026-07-28T06:20:28.344471
HOSP-001,DEPT-ADM,2026-07-31,High,Limited,0.5,4,RISKPRIOR-20260728062026,2026-07-28T06:20:28.344471
HOSP-001,DEPT-ICU,2026-08-01,Moderate,Sufficient,0.6666666666666666,4,RISKPRIOR-20260728062026,2026-07-28T06:20:28.344471
HOSP-001,DEPT-MED,2026-08-01,Moderate,Limited,0.5,4,RISKPRIOR-20260728062026,2026-07-28T06:20:28.344471
HOSP-001,DEPT-SURG,2026-08-01,Moderate,Sufficient,0.6666666666666666,4,RISKPRIOR-20260728062026,2026-07-28T06:20:28.344471
HOSP-001,DEPT-DIAG,2026-08-01,Moderate,Sufficient,0.8333333333333334,4,RISKPRIOR-20260728062026,2026-07-28T06:20:28.344471
HOSP-001,DEPT-OPC,2026-08-01,Moderate,Sufficient,0.8333333333333334,4,RISKPRIOR-20260728062026,2026-07-28T06:20:28.344471
HOSP-001,DEPT-PEX,2026-08-01,High,Limited,0.3333333333333333,4,RISKPRIOR-20260728062026,2026-07-28T06:20:28.344471
HOSP-001,DEPT-ED,2026-08-01,Moderate,Sufficient,0.8333333333333334,4,RISKPRIOR-20260728062026,2026-07-28T06:20:28.344471
HOSP-001,DEPT-ADM,2026-08-01,High,Limited,0.5,4,RISKPRIOR-20260728062026,2026-07-28T06:20:28.344471
HOSP-001,DEPT-MED,2026-08-02,Moderate,Sufficient,0.6666666666666666,4,RISKPRIOR-20260728062026,2026-07-28T06:20:28.344471
HOSP-001,DEPT-SURG,2026-08-02,Moderate,Sufficient,0.6666666666666666,4,RISKPRIOR-20260728062026,2026-07-28T06:20:28.344471
HOSP-001,DEPT-OPC,2026-08-02,Moderate,Sufficient,0.8333333333333334,4,RISKPRIOR-20260728062026,2026-07-28T06:20:28.344471
HOSP-001,DEPT-DIAG,2026-08-02,Moderate,Sufficient,0.8333333333333334,4,RISKPRIOR-20260728062026,2026-07-28T06:20:28.344471
HOSP-001,DEPT-ICU,2026-08-02,Moderate,Sufficient,0.6666666666666666,4,RISKPRIOR-20260728062026,2026-07-28T06:20:28.344471
HOSP-001,DEPT-ED,2026-08-02,Moderate,Sufficient,0.8333333333333334,4,RISKPRIOR-20260728062026,2026-07-28T06:20:28.344471
HOSP-001,DEPT-PEX,2026-08-02,High,Limited,0.3333333333333333,4,RISKPRIOR-20260728062026,2026-07-28T06:20:28.344471
HOSP-001,DEPT-ADM,2026-08-02,High,Limited,0.5,4,RISKPRIOR-20260728062026,2026-07-28T06:20:28.344471
HOSP-001,DEPT-SURG,2026-08-03,Moderate,Sufficient,0.6666666666666666,4,RISKPRIOR-20260728062026,2026-07-28T06:20:28.344471
HOSP-001,DEPT-MED,2026-08-03,Moderate,Sufficient,0.6666666666666666,4,RISKPRIOR-20260728062026,2026-07-28T06:20:28.344471
HOSP-001,DEPT-ED,2026-08-03,Moderate,Sufficient,0.8333333333333334,4,RISKPRIOR-20260728062026,2026-07-28T06:20:28.344471
HOSP-001,DEPT-ADM,2026-08-03,High,Limited,0.5,4,RISKPRIOR-20260728062026,2026-07-28T06:20:28.344471
HOSP-001,DEPT-PEX,2026-08-03,High,Limited,0.5,4,RISKPRIOR-20260728062026,2026-07-28T06:20:28.344471
HOSP-001,DEPT-ICU,2026-08-03,Moderate,Limited,0.5,4,RISKPRIOR-20260728062026,2026-07-28T06:20:28.344471
HOSP-001,DEPT-OPC,2026-08-03,Moderate,Sufficient,0.8333333333333334,4,RISKPRIOR-20260728062026,2026-07-28T06:20:28.344471
HOSP-001,DEPT-DIAG,2026-08-03,Moderate,Sufficient,0.8333333333333334,4,RISKPRIOR-20260728062026,2026-07-28T06:20:28.344471
HOSP-001,DEPT-DIAG,2026-08-04,Moderate,Sufficient,0.8333333333333334,4,RISKPRIOR-20260728062026,2026-07-28T06:20:28.344471
HOSP-001,DEPT-ICU,2026-08-04,Moderate,Sufficient,0.6666666666666666,4,RISKPRIOR-20260728062026,2026-07-28T06:20:28.344471
HOSP-001,DEPT-ED,2026-08-04,High,Limited,0.5,4,RISKPRIOR-20260728062026,2026-07-28T06:20:28.344471
HOSP-001,DEPT-MED,2026-08-04,Moderate,Sufficient,0.6666666666666666,4,RISKPRIOR-20260728062026,2026-07-28T06:20:28.344471
HOSP-001,DEPT-OPC,2026-08-04,Moderate,Sufficient,0.8333333333333334,4,RISKPRIOR-20260728062026,2026-07-28T06:20:28.344471
HOSP-001,DEPT-SURG,2026-08-04,Moderate,Limited,0.5,4,RISKPRIOR-20260728062026,2026-07-28T06:20:28.344471
HOSP-001,DEPT-PEX,2026-08-04,High,Limited,0.5,4,RISKPRIOR-20260728062026,2026-07-28T06:20:28.344471
HOSP-001,DEPT-ADM,2026-08-04,High,Limited,0.5,4,RISKPRIOR-20260728062026,2026-07-28T06:20:28.344471
HOSP-001,DEPT-PEX,2026-08-05,High,Limited,0.5,4,RISKPRIOR-20260728062026,2026-07-28T06:20:28.344471
HOSP-001,DEPT-DIAG,2026-08-05,Moderate,Sufficient,0.8333333333333334,4,RISKPRIOR-20260728062026,2026-07-28T06:20:28.344471
HOSP-001,DEPT-ED,2026-08-05,Moderate,Sufficient,0.8333333333333334,4,RISKPRIOR-20260728062026,2026-07-28T06:20:28.344471
HOSP-001,DEPT-OPC,2026-08-05,Moderate,Sufficient,0.8333333333333334,4,RISKPRIOR-20260728062026,2026-07-28T06:20:28.344471
HOSP-001,DEPT-ICU,2026-08-05,Moderate,Limited,0.5,4,RISKPRIOR-20260728062026,2026-07-28T06:20:28.344471
HOSP-001,DEPT-MED,2026-08-05,Moderate,Sufficient,0.6666666666666666,4,RISKPRIOR-20260728062026,2026-07-28T06:20:28.344471
HOSP-001,DEPT-SURG,2026-08-05,Moderate,Sufficient,0.6666666666666666,4,RISKPRIOR-20260728062026,2026-07-28T06:20:28.344471
HOSP-001,DEPT-ADM,2026-08-05,High,Limited,0.5,4,RISKPRIOR-20260728062026,2026-07-28T06:20:28.344471
HOSP-001,DEPT-PEX,2026-08-06,High,Limited,0.5,4,RISKPRIOR-20260728062026,2026-07-28T06:20:28.344471
HOSP-001,DEPT-DIAG,2026-08-06,Moderate,Sufficient,0.8333333333333334,4,RISKPRIOR-20260728062026,2026-07-28T06:20:28.344471
HOSP-001,DEPT-ICU,2026-08-06,Moderate,Sufficient,0.6666666666666666,4,RISKPRIOR-20260728062026,2026-07-28T06:20:28.344471
HOSP-001,DEPT-MED,2026-08-06,Moderate,Sufficient,0.6666666666666666,4,RISKPRIOR-20260728062026,2026-07-28T06:20:28.344471
HOSP-001,DEPT-OPC,2026-08-06,Moderate,Sufficient,0.8333333333333334,4,RISKPRIOR-20260728062026,2026-07-28T06:20:28.344471
HOSP-001,DEPT-ADM,2026-08-06,High,Limited,0.5,4,RISKPRIOR-20260728062026,2026-07-28T06:20:28.344471
HOSP-001,DEPT-SURG,2026-08-06,Moderate,Sufficient,0.6666666666666666,4,RISKPRIOR-20260728062026,2026-07-28T06:20:28.344471
HOSP-001,DEPT-ED,2026-08-06,Moderate,Sufficient,0.8333333333333334,4,RISKPRIOR-20260728062026,2026-07-28T06:20:28.344471
HOSP-001,DEPT-MED,2026-08-07,Moderate,Limited,0.5,4,RISKPRIOR-20260728062026,2026-07-28T06:20:28.344471
HOSP-001,DEPT-ICU,2026-08-07,Moderate,Sufficient,0.6666666666666666,4,RISKPRIOR-20260728062026,2026-07-28T06:20:28.344471
HOSP-001,DEPT-DIAG,2026-08-07,High,Limited,0.5,4,RISKPRIOR-20260728062026,2026-07-28T06:20:28.344471
HOSP-001,DEPT-PEX,2026-08-07,High,Limited,0.5,4,RISKPRIOR-20260728062026,2026-07-28T06:20:28.344471
HOSP-001,DEPT-OPC,2026-08-07,Moderate,Sufficient,0.8333333333333334,4,RISKPRIOR-20260728062026,2026-07-28T06:20:28.344471
HOSP-001,DEPT-SURG,2026-08-07,Moderate,Sufficient,0.6666666666666666,4,RISKPRIOR-20260728062026,2026-07-28T06:20:28.344471
HOSP-001,DEPT-ADM,2026-08-07,High,Limited,0.5,4,RISKPRIOR-20260728062026,2026-07-28T06:20:28.344471
HOSP-001,DEPT-ED,2026-08-07,Moderate,Sufficient,0.8333333333333334,4,RISKPRIOR-20260728062026,2026-07-28T06:20:28.344471
HOSP-001,DEPT-OPC,2026-08-08,Moderate,Sufficient,0.8333333333333334,4,RISKPRIOR-20260728062026,2026-07-28T06:20:28.344471
HOSP-001,DEPT-MED,2026-08-08,Moderate,Sufficient,0.6666666666666666,4,RISKPRIOR-20260728062026,2026-07-28T06:20:28.344471
HOSP-001,DEPT-ICU,2026-08-08,Moderate,Sufficient,0.6666666666666666,4,RISKPRIOR-20260728062026,2026-07-28T06:20:28.344471
HOSP-001,DEPT-PEX,2026-08-08,High,Limited,0.5,4,RISKPRIOR-20260728062026,2026-07-28T06:20:28.344471
HOSP-001,DEPT-DIAG,2026-08-08,Moderate,Sufficient,0.8333333333333334,4,RISKPRIOR-20260728062026,2026-07-28T06:20:28.344471
HOSP-001,DEPT-ADM,2026-08-08,High,Limited,0.5,4,RISKPRIOR-20260728062026,2026-07-28T06:20:28.344471
HOSP-001,DEPT-SURG,2026-08-08,Moderate,Limited,0.5,4,RISKPRIOR-20260728062026,2026-07-28T06:20:28.344471
HOSP-001,DEPT-ED,2026-08-08,Moderate,Sufficient,0.8333333333333334,4,RISKPRIOR-20260728062026,2026-07-28T06:20:28.344471
HOSP-001,DEPT-ICU,2026-08-09,Moderate,Sufficient,0.6666666666666666,4,RISKPRIOR-20260728062026,2026-07-28T06:20:28.344471
HOSP-001,DEPT-ADM,2026-08-09,High,Limited,0.5,4,RISKPRIOR-20260728062026,2026-07-28T06:20:28.344471
HOSP-001,DEPT-SURG,2026-08-09,Moderate,Sufficient,0.6666666666666666,4,RISKPRIOR-20260728062026,2026-07-28T06:20:28.344471
HOSP-001,DEPT-OPC,2026-08-09,Moderate,Sufficient,0.8333333333333334,4,RISKPRIOR-20260728062026,2026-07-28T06:20:28.344471
HOSP-001,DEPT-MED,2026-08-09,Moderate,Sufficient,0.6666666666666666,4,RISKPRIOR-20260728062026,2026-07-28T06:20:28.344471
HOSP-001,DEPT-PEX,2026-08-09,High,Limited,0.5,4,RISKPRIOR-20260728062026,2026-07-28T06:20:28.344471
HOSP-001,DEPT-DIAG,2026-08-09,Moderate,Sufficient,0.8333333333333334,4,RISKPRIOR-20260728062026,2026-07-28T06:20:28.344471
HOSP-001,DEPT-ED,2026-08-09,Moderate,Sufficient,0.8333333333333334,4,RISKPRIOR-20260728062026,2026-07-28T06:20:28.344471
HOSP-001,DEPT-DIAG,2026-08-10,Moderate,Sufficient,0.6666666666666666,4,RISKPRIOR-20260728062026,2026-07-28T06:20:28.344471
HOSP-001,DEPT-ICU,2026-08-10,Moderate,Sufficient,0.6666666666666666,4,RISKPRIOR-20260728062026,2026-07-28T06:20:28.344471
HOSP-001,DEPT-MED,2026-08-10,Moderate,Sufficient,0.6666666666666666,4,RISKPRIOR-20260728062026,2026-07-28T06:20:28.344471
HOSP-001,DEPT-OPC,2026-08-10,Moderate,Sufficient,0.8333333333333334,4,RISKPRIOR-20260728062026,2026-07-28T06:20:28.344471
HOSP-001,DEPT-SURG,2026-08-10,Moderate,Sufficient,0.6666666666666666,4,RISKPRIOR-20260728062026,2026-07-28T06:20:28.344471
HOSP-001,DEPT-ADM,2026-08-10,High,Limited,0.5,4,RISKPRIOR-20260728062026,2026-07-28T06:20:28.344471
HOSP-001,DEPT-ED,2026-08-10,Moderate,Sufficient,0.8333333333333334,4,RISKPRIOR-20260728062026,2026-07-28T06:20:28.344471
HOSP-001,DEPT-PEX,2026-08-10,High,Limited,0.3333333333333333,4,RISKPRIOR-20260728062026,2026-07-28T06:20:28.344471
HOSP-001,DEPT-PEX,2026-08-11,High,Limited,0.5,4,RISKPRIOR-20260728062026,2026-07-28T06:20:28.344471
HOSP-001,DEPT-ICU,2026-08-11,Moderate,Sufficient,0.6666666666666666,4,RISKPRIOR-20260728062026,2026-07-28T06:20:28.344471
HOSP-001,DEPT-DIAG,2026-08-11,Moderate,Sufficient,0.8333333333333334,4,RISKPRIOR-20260728062026,2026-07-28T06:20:28.344471
HOSP-001,DEPT-SURG,2026-08-11,Moderate,Sufficient,0.6666666666666666,4,RISKPRIOR-20260728062026,2026-07-28T06:20:28.344471
HOSP-001,DEPT-OPC,2026-08-11,Moderate,Sufficient,0.8333333333333334,4,RISKPRIOR-20260728062026,2026-07-28T06:20:28.344471
HOSP-001,DEPT-MED,2026-08-11,Moderate,Sufficient,0.6666666666666666,4,RISKPRIOR-20260728062026,2026-07-28T06:20:28.344471
HOSP-001,DEPT-ED,2026-08-11,Moderate,Sufficient,0.8333333333333334,4,RISKPRIOR-20260728062026,2026-07-28T06:20:28.344471
HOSP-001,DEPT-ADM,2026-08-11,High,Limited,0.5,4,RISKPRIOR-20260728062026,2026-07-28T06:20:28.344471
HOSP-001,DEPT-PEX,2026-08-12,High,Limited,0.3333333333333333,4,RISKPRIOR-20260728062026,2026-07-28T06:20:28.344471
HOSP-001,DEPT-ADM,2026-08-12,High,Limited,0.5,4,RISKPRIOR-20260728062026,2026-07-28T06:20:28.344471
HOSP-001,DEPT-SURG,2026-08-12,Moderate,Sufficient,0.6666666666666666,4,RISKPRIOR-20260728062026,2026-07-28T06:20:28.344471
HOSP-001,DEPT-ICU,2026-08-12,Moderate,Sufficient,0.6666666666666666,4,RISKPRIOR-20260728062026,2026-07-28T06:20:28.344471
HOSP-001,DEPT-DIAG,2026-08-12,Moderate,Sufficient,0.8333333333333334,4,RISKPRIOR-20260728062026,2026-07-28T06:20:28.344471
HOSP-001,DEPT-OPC,2026-08-12,High,Limited,0.5,4,RISKPRIOR-20260728062026,2026-07-28T06:20:28.344471
HOSP-001,DEPT-MED,2026-08-12,Moderate,Sufficient,0.6666666666666666,4,RISKPRIOR-20260728062026,2026-07-28T06:20:28.344471
HOSP-001,DEPT-ED,2026-08-12,Moderate,Sufficient,0.8333333333333334,4,RISKPRIOR-20260728062026,2026-07-28T06:20:28.344471
HOSP-001,DEPT-PEX,2026-08-13,High,Limited,0.5,4,RISKPRIOR-20260728062026,2026-07-28T06:20:28.344471
HOSP-001,DEPT-ICU,2026-08-13,Moderate,Sufficient,0.6666666666666666,4,RISKPRIOR-20260728062026,2026-07-28T06:20:28.344471
HOSP-001,DEPT-DIAG,2026-08-13,Moderate,Sufficient,0.8333333333333334,4,RISKPRIOR-20260728062026,2026-07-28T06:20:28.344471
HOSP-001,DEPT-OPC,2026-08-13,Moderate,Sufficient,0.8333333333333334,4,RISKPRIOR-20260728062026,2026-07-28T06:20:28.344471
HOSP-001,DEPT-SURG,2026-08-13,Moderate,Sufficient,0.6666666666666666,4,RISKPRIOR-20260728062026,2026-07-28T06:20:28.344471
HOSP-001,DEPT-ADM,2026-08-13,High,Limited,0.5,4,RISKPRIOR-20260728062026,2026-07-28T06:20:28.344471
HOSP-001,DEPT-MED,2026-08-13,Moderate,Sufficient,0.6666666666666666,4,RISKPRIOR-20260728062026,2026-07-28T06:20:28.344471
HOSP-001,DEPT-ED,2026-08-13,Moderate,Sufficient,0.6666666666666666,4,RISKPRIOR-20260728062026,2026-07-28T06:20:28.344471
HOSP-001,DEPT-ADM,2026-08-14,High,Limited,0.5,4,RISKPRIOR-20260728062026,2026-07-28T06:20:28.344471
HOSP-001,DEPT-SURG,2026-08-14,Moderate,Sufficient,0.6666666666666666,4,RISKPRIOR-20260728062026,2026-07-28T06:20:28.344471
HOSP-001,DEPT-ICU,2026-08-14,Moderate,Sufficient,0.6666666666666666,4,RISKPRIOR-20260728062026,2026-07-28T06:20:28.344471
HOSP-001,DEPT-DIAG,2026-08-14,Moderate,Sufficient,0.6666666666666666,4,RISKPRIOR-20260728062026,2026-07-28T06:20:28.344471
HOSP-001,DEPT-PEX,2026-08-14,High,Limited,0.5,4,RISKPRIOR-20260728062026,2026-07-28T06:20:28.344471
HOSP-001,DEPT-OPC,2026-08-14,Moderate,Sufficient,0.8333333333333334,4,RISKPRIOR-20260728062026,2026-07-28T06:20:28.344471
HOSP-001,DEPT-MED,2026-08-14,Moderate,Sufficient,0.6666666666666666,4,RISKPRIOR-20260728062026,2026-07-28T06:20:28.344471
HOSP-001,DEPT-ED,2026-08-14,Moderate,Sufficient,0.8333333333333334,4,RISKPRIOR-20260728062026,2026-07-28T06:20:28.344471
HOSP-001,DEPT-OPC,2026-08-15,Moderate,Sufficient,0.8333333333333334,4,RISKPRIOR-20260728062026,2026-07-28T06:20:28.344471
HOSP-001,DEPT-SURG,2026-08-15,Moderate,Sufficient,0.6666666666666666,4,RISKPRIOR-20260728062026,2026-07-28T06:20:28.344471
HOSP-001,DEPT-PEX,2026-08-15,High,Limited,0.5,4,RISKPRIOR-20260728062026,2026-07-28T06:20:28.344471
HOSP-001,DEPT-DIAG,2026-08-15,Moderate,Sufficient,0.8333333333333334,4,RISKPRIOR-20260728062026,2026-07-28T06:20:28.344471
HOSP-001,DEPT-ICU,2026-08-15,Moderate,Sufficient,0.6666666666666666,4,RISKPRIOR-20260728062026,2026-07-28T06:20:28.344471
HOSP-001,DEPT-MED,2026-08-15,Moderate,Sufficient,0.6666666666666666,4,RISKPRIOR-20260728062026,2026-07-28T06:20:28.344471
HOSP-001,DEPT-ADM,2026-08-15,High,Limited,0.5,4,RISKPRIOR-20260728062026,2026-07-28T06:20:28.344471
HOSP-001,DEPT-ED,2026-08-15,Moderate,Sufficient,0.8333333333333334,4,RISKPRIOR-20260728062026,2026-07-28T06:20:28.344471
HOSP-001,DEPT-PEX,2026-08-16,High,Limited,0.5,4,RISKPRIOR-20260728062026,2026-07-28T06:20:28.344471
HOSP-001,DEPT-ICU,2026-08-16,Moderate,Limited,0.5,4,RISKPRIOR-20260728062026,2026-07-28T06:20:28.344471
HOSP-001,DEPT-OPC,2026-08-16,Moderate,Sufficient,0.8333333333333334,4,RISKPRIOR-20260728062026,2026-07-28T06:20:28.344471
HOSP-001,DEPT-SURG,2026-08-16,Moderate,Sufficient,0.6666666666666666,4,RISKPRIOR-20260728062026,2026-07-28T06:20:28.344471
HOSP-001,DEPT-DIAG,2026-08-16,Moderate,Sufficient,0.8333333333333334,4,RISKPRIOR-20260728062026,2026-07-28T06:20:28.344471
HOSP-001,DEPT-ADM,2026-08-16,High,Limited,0.5,4,RISKPRIOR-20260728062026,2026-07-28T06:20:28.344471
HOSP-001,DEPT-MED,2026-08-16,Moderate,Sufficient,0.6666666666666666,4,RISKPRIOR-20260728062026,2026-07-28T06:20:28.344471
HOSP-001,DEPT-ED,2026-08-16,High,Limited,0.5,4,RISKPRIOR-20260728062026,2026-07-28T06:20:28.344471
HOSP-001,DEPT-DIAG,2026-08-17,Moderate,Sufficient,0.8333333333333334,4,RISKPRIOR-20260728062026,2026-07-28T06:20:28.344471
HOSP-001,DEPT-PEX,2026-08-17,High,Limited,0.5,4,RISKPRIOR-20260728062026,2026-07-28T06:20:28.344471
HOSP-001,DEPT-MED,2026-08-17,Moderate,Sufficient,0.6666666666666666,4,RISKPRIOR-20260728062026,2026-07-28T06:20:28.344471
HOSP-001,DEPT-ICU,2026-08-17,Moderate,Limited,0.5,4,RISKPRIOR-20260728062026,2026-07-28T06:20:28.344471
HOSP-001,DEPT-OPC,2026-08-17,High,Limited,0.5,4,RISKPRIOR-20260728062026,2026-07-28T06:20:28.344471
HOSP-001,DEPT-SURG,2026-08-17,Moderate,Sufficient,0.6666666666666666,4,RISKPRIOR-20260728062026,2026-07-28T06:20:28.344471
HOSP-001,DEPT-ADM,2026-08-17,High,Limited,0.5,4,RISKPRIOR-20260728062026,2026-07-28T06:20:28.344471
HOSP-001,DEPT-ED,2026-08-17,High,Limited,0.5,4,RISKPRIOR-20260728062026,2026-07-28T06:20:28.344471
HOSP-001,DEPT-ICU,2026-08-18,Moderate,Sufficient,0.6666666666666666,4,RISKPRIOR-20260728062026,2026-07-28T06:20:28.344471
HOSP-001,DEPT-OPC,2026-08-18,Moderate,Sufficient,0.8333333333333334,4,RISKPRIOR-20260728062026,2026-07-28T06:20:28.344471
HOSP-001,DEPT-ED,2026-08-18,Moderate,Sufficient,0.8333333333333334,4,RISKPRIOR-20260728062026,2026-07-28T06:20:28.344471
HOSP-001,DEPT-MED,2026-08-18,Moderate,Sufficient,0.6666666666666666,4,RISKPRIOR-20260728062026,2026-07-28T06:20:28.344471
HOSP-001,DEPT-PEX,2026-08-18,High,Limited,0.5,4,RISKPRIOR-20260728062026,2026-07-28T06:20:28.344471
HOSP-001,DEPT-DIAG,2026-08-18,Moderate,Sufficient,0.8333333333333334,4,RISKPRIOR-20260728062026,2026-07-28T06:20:28.344471
HOSP-001,DEPT-SURG,2026-08-18,Moderate,Limited,0.5,4,RISKPRIOR-20260728062026,2026-07-28T06:20:28.344471
HOSP-001,DEPT-ADM,2026-08-18,High,Limited,0.5,4,RISKPRIOR-20260728062026,2026-07-28T06:20:28.344471
HOSP-001,DEPT-DIAG,2026-08-19,High,Limited,0.5,4,RISKPRIOR-20260728062026,2026-07-28T06:20:28.344471
HOSP-001,DEPT-ICU,2026-08-19,Moderate,Sufficient,0.6666666666666666,4,RISKPRIOR-20260728062026,2026-07-28T06:20:28.344471
HOSP-001,DEPT-SURG,2026-08-19,Moderate,Sufficient,0.6666666666666666,4,RISKPRIOR-20260728062026,2026-07-28T06:20:28.344471
HOSP-001,DEPT-OPC,2026-08-19,Moderate,Sufficient,0.8333333333333334,4,RISKPRIOR-20260728062026,2026-07-28T06:20:28.344471
HOSP-001,DEPT-PEX,2026-08-19,High,Limited,0.5,4,RISKPRIOR-20260728062026,2026-07-28T06:20:28.344471
HOSP-001,DEPT-MED,2026-08-19,Moderate,Sufficient,0.6666666666666666,4,RISKPRIOR-20260728062026,2026-07-28T06:20:28.344471
HOSP-001,DEPT-ADM,2026-08-19,High,Limited,0.3333333333333333,4,RISKPRIOR-20260728062026,2026-07-28T06:20:28.344471
HOSP-001,DEPT-ED,2026-08-19,Moderate,Sufficient,0.8333333333333334,4,RISKPRIOR-20260728062026,2026-07-28T06:20:28.344471
HOSP-001,DEPT-ICU,2026-08-20,Moderate,Sufficient,0.6666666666666666,4,RISKPRIOR-20260728062026,2026-07-28T06:20:28.344471
HOSP-001,DEPT-SURG,2026-08-20,Moderate,Sufficient,0.6666666666666666,4,RISKPRIOR-20260728062026,2026-07-28T06:20:28.344471
HOSP-001,DEPT-DIAG,2026-08-20,Moderate,Sufficient,0.8333333333333334,4,RISKPRIOR-20260728062026,2026-07-28T06:20:28.344471
HOSP-001,DEPT-OPC,2026-08-20,Moderate,Sufficient,0.8333333333333334,4,RISKPRIOR-20260728062026,2026-07-28T06:20:28.344471
HOSP-001,DEPT-PEX,2026-08-20,High,Limited,0.5,4,RISKPRIOR-20260728062026,2026-07-28T06:20:28.344471
HOSP-001,DEPT-MED,2026-08-20,Moderate,Sufficient,0.6666666666666666,4,RISKPRIOR-20260728062026,2026-07-28T06:20:28.344471
HOSP-001,DEPT-ADM,2026-08-20,High,Limited,0.5,4,RISKPRIOR-20260728062026,2026-07-28T06:20:28.344471
HOSP-001,DEPT-ED,2026-08-20,Moderate,Sufficient,0.8333333333333334,4,RISKPRIOR-20260728062026,2026-07-28T06:20:28.344471
HOSP-001,DEPT-ICU,2026-08-21,Moderate,Limited,0.5,4,RISKPRIOR-20260728062026,2026-07-28T06:20:28.344471
HOSP-001,DEPT-ADM,2026-08-21,High,Limited,0.5,4,RISKPRIOR-20260728062026,2026-07-28T06:20:28.344471
HOSP-001,DEPT-SURG,2026-08-21,Moderate,Limited,0.5,4,RISKPRIOR-20260728062026,2026-07-28T06:20:28.344471
HOSP-001,DEPT-MED,2026-08-21,Moderate,Sufficient,0.6666666666666666,4,RISKPRIOR-20260728062026,2026-07-28T06:20:28.344471
HOSP-001,DEPT-OPC,2026-08-21,Moderate,Sufficient,0.8333333333333334,4,RISKPRIOR-20260728062026,2026-07-28T06:20:28.344471
HOSP-001,DEPT-DIAG,2026-08-21,High,Limited,0.5,4,RISKPRIOR-20260728062026,2026-07-28T06:20:28.344471
HOSP-001,DEPT-PEX,2026-08-21,High,Limited,0.5,4,RISKPRIOR-20260728062026,2026-07-28T06:20:28.344471
HOSP-001,DEPT-ED,2026-08-21,Moderate,Sufficient,0.8333333333333334,4,RISKPRIOR-20260728062026,2026-07-28T06:20:28.344471
HOSP-001,DEPT-ADM,2026-08-22,High,Limited,0.5,4,RISKPRIOR-20260728062026,2026-07-28T06:20:28.344471
HOSP-001,DEPT-SURG,2026-08-22,Moderate,Sufficient,0.6666666666666666,4,RISKPRIOR-20260728062026,2026-07-28T06:20:28.344471
HOSP-001,DEPT-ED,2026-08-22,High,Limited,0.5,4,RISKPRIOR-20260728062026,2026-07-28T06:20:28.344471
HOSP-001,DEPT-ICU,2026-08-22,Moderate,Sufficient,0.6666666666666666,4,RISKPRIOR-20260728062026,2026-07-28T06:20:28.344471
HOSP-001,DEPT-OPC,2026-08-22,Moderate,Sufficient,0.8333333333333334,4,RISKPRIOR-20260728062026,2026-07-28T06:20:28.344471
HOSP-001,DEPT-MED,2026-08-22,Moderate,Limited,0.5,4,RISKPRIOR-20260728062026,2026-07-28T06:20:28.344471
HOSP-001,DEPT-PEX,2026-08-22,High,Limited,0.5,4,RISKPRIOR-20260728062026,2026-07-28T06:20:28.344471
HOSP-001,DEPT-DIAG,2026-08-22,Moderate,Sufficient,0.8333333333333334,4,RISKPRIOR-20260728062026,2026-07-28T06:20:28.344471
HOSP-001,DEPT-PEX,2026-08-23,High,Limited,0.5,4,RISKPRIOR-20260728062026,2026-07-28T06:20:28.344471
HOSP-001,DEPT-OPC,2026-08-23,Moderate,Sufficient,0.6666666666666666,4,RISKPRIOR-20260728062026,2026-07-28T06:20:28.344471
HOSP-001,DEPT-ICU,2026-08-23,Moderate,Sufficient,0.6666666666666666,4,RISKPRIOR-20260728062026,2026-07-28T06:20:28.344471
HOSP-001,DEPT-ADM,2026-08-23,High,Limited,0.5,4,RISKPRIOR-20260728062026,2026-07-28T06:20:28.344471
HOSP-001,DEPT-SURG,2026-08-23,Moderate,Limited,0.5,4,RISKPRIOR-20260728062026,2026-07-28T06:20:28.344471
HOSP-001,DEPT-MED,2026-08-23,Moderate,Sufficient,0.6666666666666666,4,RISKPRIOR-20260728062026,2026-07-28T06:20:28.344471
HOSP-001,DEPT-DIAG,2026-08-23,Moderate,Sufficient,0.8333333333333334,4,RISKPRIOR-20260728062026,2026-07-28T06:20:28.344471
HOSP-001,DEPT-ED,2026-08-23,Moderate,Sufficient,0.6666666666666666,4,RISKPRIOR-20260728062026,2026-07-28T06:20:28.344471
HOSP-001,DEPT-SURG,2026-08-24,Moderate,Limited,0.5,4,RISKPRIOR-20260728062026,2026-07-28T06:20:28.344471
HOSP-001,DEPT-ADM,2026-08-24,High,Limited,0.5,4,RISKPRIOR-20260728062026,2026-07-28T06:20:28.344471
HOSP-001,DEPT-PEX,2026-08-24,High,Limited,0.5,4,RISKPRIOR-20260728062026,2026-07-28T06:20:28.344471
HOSP-001,DEPT-ICU,2026-08-24,Moderate,Sufficient,0.6666666666666666,4,RISKPRIOR-20260728062026,2026-07-28T06:20:28.344471
HOSP-001,DEPT-OPC,2026-08-24,Moderate,Sufficient,0.8333333333333334,4,RISKPRIOR-20260728062026,2026-07-28T06:20:28.344471
HOSP-001,DEPT-MED,2026-08-24,Moderate,Sufficient,0.6666666666666666,4,RISKPRIOR-20260728062026,2026-07-28T06:20:28.344471
HOSP-001,DEPT-DIAG,2026-08-24,Moderate,Sufficient,0.8333333333333334,4,RISKPRIOR-20260728062026,2026-07-28T06:20:28.344471
HOSP-001,DEPT-ED,2026-08-24,Moderate,Sufficient,0.8333333333333334,4,RISKPRIOR-20260728062026,2026-07-28T06:20:28.344471
HOSP-001,DEPT-MED,2026-08-25,Moderate,Sufficient,0.6666666666666666,4,RISKPRIOR-20260728062026,2026-07-28T06:20:28.344471
HOSP-001,DEPT-ICU,2026-08-25,Moderate,Sufficient,0.6666666666666666,4,RISKPRIOR-20260728062026,2026-07-28T06:20:28.344471
HOSP-001,DEPT-DIAG,2026-08-25,Moderate,Sufficient,0.8333333333333334,4,RISKPRIOR-20260728062026,2026-07-28T06:20:28.344471
HOSP-001,DEPT-OPC,2026-08-25,Moderate,Sufficient,0.8333333333333334,4,RISKPRIOR-20260728062026,2026-07-28T06:20:28.344471
HOSP-001,DEPT-PEX,2026-08-25,High,Limited,0.5,4,RISKPRIOR-20260728062026,2026-07-28T06:20:28.344471
HOSP-001,DEPT-SURG,2026-08-25,Moderate,Sufficient,0.6666666666666666,4,RISKPRIOR-20260728062026,2026-07-28T06:20:28.344471
HOSP-001,DEPT-ADM,2026-08-25,High,Limited,0.5,4,RISKPRIOR-20260728062026,2026-07-28T06:20:28.344471
HOSP-001,DEPT-ED,2026-08-25,Moderate,Sufficient,0.8333333333333334,4,RISKPRIOR-20260728062026,2026-07-28T06:20:28.344471
HOSP-001,DEPT-ICU,2026-08-26,Moderate,Sufficient,0.6666666666666666,4,RISKPRIOR-20260728062026,2026-07-28T06:20:28.344471
HOSP-001,DEPT-OPC,2026-08-26,Moderate,Sufficient,0.8333333333333334,4,RISKPRIOR-20260728062026,2026-07-28T06:20:28.344471
HOSP-001,DEPT-DIAG,2026-08-26,Moderate,Sufficient,0.8333333333333334,4,RISKPRIOR-20260728062026,2026-07-28T06:20:28.344471
HOSP-001,DEPT-SURG,2026-08-26,Moderate,Sufficient,0.6666666666666666,4,RISKPRIOR-20260728062026,2026-07-28T06:20:28.344471
HOSP-001,DEPT-ED,2026-08-26,Moderate,Sufficient,0.6666666666666666,4,RISKPRIOR-20260728062026,2026-07-28T06:20:28.344471
HOSP-001,DEPT-ADM,2026-08-26,High,Limited,0.5,4,RISKPRIOR-20260728062026,2026-07-28T06:20:28.344471
HOSP-001,DEPT-MED,2026-08-26,Moderate,Limited,0.5,4,RISKPRIOR-20260728062026,2026-07-28T06:20:28.344471
HOSP-001,DEPT-PEX,2026-08-26,High,Limited,0.5,4,RISKPRIOR-20260728062026,2026-07-28T06:20:28.344471
HOSP-001,DEPT-SURG,2026-08-27,Moderate,Sufficient,0.6666666666666666,4,RISKPRIOR-20260728062026,2026-07-28T06:20:28.344471
HOSP-001,DEPT-PEX,2026-08-27,High,Limited,0.5,4,RISKPRIOR-20260728062026,2026-07-28T06:20:28.344471
HOSP-001,DEPT-ICU,2026-08-27,Moderate,Limited,0.5,4,RISKPRIOR-20260728062026,2026-07-28T06:20:28.344471
HOSP-001,DEPT-OPC,2026-08-27,Moderate,Sufficient,0.8333333333333334,4,RISKPRIOR-20260728062026,2026-07-28T06:20:28.344471
HOSP-001,DEPT-ED,2026-08-27,Moderate,Sufficient,0.8333333333333334,4,RISKPRIOR-20260728062026,2026-07-28T06:20:28.344471
HOSP-001,DEPT-ADM,2026-08-27,High,Limited,0.5,4,RISKPRIOR-20260728062026,2026-07-28T06:20:28.344471
HOSP-001,DEPT-DIAG,2026-08-27,Moderate,Sufficient,0.8333333333333334,4,RISKPRIOR-20260728062026,2026-07-28T06:20:28.344471
HOSP-001,DEPT-MED,2026-08-27,Moderate,Sufficient,0.6666666666666666,4,RISKPRIOR-20260728062026,2026-07-28T06:20:28.344471
HOSP-001,DEPT-DIAG,2026-08-28,Moderate,Sufficient,0.8333333333333334,4,RISKPRIOR-20260728062026,2026-07-28T06:20:28.344471
HOSP-001,DEPT-SURG,2026-08-28,Moderate,Sufficient,0.6666666666666666,4,RISKPRIOR-20260728062026,2026-07-28T06:20:28.344471
HOSP-001,DEPT-ICU,2026-08-28,Moderate,Limited,0.5,4,RISKPRIOR-20260728062026,2026-07-28T06:20:28.344471
HOSP-001,DEPT-OPC,2026-08-28,Moderate,Sufficient,0.8333333333333334,4,RISKPRIOR-20260728062026,2026-07-28T06:20:28.344471
HOSP-001,DEPT-MED,2026-08-28,Moderate,Sufficient,0.6666666666666666,4,RISKPRIOR-20260728062026,2026-07-28T06:20:28.344471
HOSP-001,DEPT-ADM,2026-08-28,High,Limited,0.5,4,RISKPRIOR-20260728062026,2026-07-28T06:20:28.344471
HOSP-001,DEPT-ED,2026-08-28,Moderate,Sufficient,0.8333333333333334,4,RISKPRIOR-20260728062026,2026-07-28T06:20:28.344471
HOSP-001,DEPT-PEX,2026-08-28,High,Limited,0.3333333333333333,4,RISKPRIOR-20260728062026,2026-07-28T06:20:28.344471
HOSP-001,DEPT-PEX,2026-08-29,High,Limited,0.3333333333333333,4,RISKPRIOR-20260728062026,2026-07-28T06:20:28.344471
HOSP-001,DEPT-SURG,2026-08-29,Moderate,Sufficient,0.6666666666666666,4,RISKPRIOR-20260728062026,2026-07-28T06:20:28.344471
HOSP-001,DEPT-ICU,2026-08-29,Moderate,Sufficient,0.6666666666666666,4,RISKPRIOR-20260728062026,2026-07-28T06:20:28.344471
HOSP-001,DEPT-DIAG,2026-08-29,Moderate,Sufficient,0.8333333333333334,4,RISKPRIOR-20260728062026,2026-07-28T06:20:28.344471
HOSP-001,DEPT-OPC,2026-08-29,Moderate,Sufficient,0.8333333333333334,4,RISKPRIOR-20260728062026,2026-07-28T06:20:28.344471
HOSP-001,DEPT-ED,2026-08-29,Moderate,Sufficient,0.8333333333333334,4,RISKPRIOR-20260728062026,2026-07-28T06:20:28.344471
HOSP-001,DEPT-MED,2026-08-29,Moderate,Sufficient,0.6666666666666666,4,RISKPRIOR-20260728062026,2026-07-28T06:20:28.344471
HOSP-001,DEPT-ADM,2026-08-29,High,Limited,0.5,4,RISKPRIOR-20260728062026,2026-07-28T06:20:28.344471
HOSP-001,DEPT-ICU,2026-08-30,Moderate,Limited,0.5,4,RISKPRIOR-20260728062026,2026-07-28T06:20:28.344471
HOSP-001,DEPT-OPC,2026-08-30,Moderate,Sufficient,0.8333333333333334,4,RISKPRIOR-20260728062026,2026-07-28T06:20:28.344471
HOSP-001,DEPT-DIAG,2026-08-30,Moderate,Sufficient,0.8333333333333334,4,RISKPRIOR-20260728062026,2026-07-28T06:20:28.344471
HOSP-001,DEPT-ADM,2026-08-30,High,Limited,0.5,4,RISKPRIOR-20260728062026,2026-07-28T06:20:28.344471
HOSP-001,DEPT-PEX,2026-08-30,High,Limited,0.5,4,RISKPRIOR-20260728062026,2026-07-28T06:20:28.344471
HOSP-001,DEPT-SURG,2026-08-30,Moderate,Limited,0.5,4,RISKPRIOR-20260728062026,2026-07-28T06:20:28.344471
HOSP-001,DEPT-ED,2026-08-30,Moderate,Sufficient,0.8333333333333334,4,RISKPRIOR-20260728062026,2026-07-28T06:20:28.344471
HOSP-001,DEPT-MED,2026-08-30,Moderate,Sufficient,0.6666666666666666,4,RISKPRIOR-20260728062026,2026-07-28T06:20:28.344471
HOSP-001,DEPT-ICU,2026-08-31,Moderate,Limited,0.5,4,RISKPRIOR-20260728062026,2026-07-28T06:20:28.344471
HOSP-001,DEPT-SURG,2026-08-31,Moderate,Sufficient,0.6666666666666666,4,RISKPRIOR-20260728062026,2026-07-28T06:20:28.344471
HOSP-001,DEPT-ED,2026-08-31,Moderate,Sufficient,0.8333333333333334,4,RISKPRIOR-20260728062026,2026-07-28T06:20:28.344471
HOSP-001,DEPT-OPC,2026-08-31,Moderate,Sufficient,0.8333333333333334,4,RISKPRIOR-20260728062026,2026-07-28T06:20:28.344471
HOSP-001,DEPT-PEX,2026-08-31,High,Limited,0.3333333333333333,4,RISKPRIOR-20260728062026,2026-07-28T06:20:28.344471
HOSP-001,DEPT-ADM,2026-08-31,High,Limited,0.5,4,RISKPRIOR-20260728062026,2026-07-28T06:20:28.344471
HOSP-001,DEPT-MED,2026-08-31,Moderate,Sufficient,0.6666666666666666,4,RISKPRIOR-20260728062026,2026-07-28T06:20:28.344471
HOSP-001,DEPT-DIAG,2026-08-31,Moderate,Sufficient,0.8333333333333334,4,RISKPRIOR-20260728062026,2026-07-28T06:20:28.344471
HOSP-001,DEPT-DIAG,2026-09-01,Moderate,Sufficient,0.6666666666666666,4,RISKPRIOR-20260728062026,2026-07-28T06:20:28.344471
HOSP-001,DEPT-SURG,2026-09-01,Moderate,Sufficient,0.6666666666666666,4,RISKPRIOR-20260728062026,2026-07-28T06:20:28.344471
HOSP-001,DEPT-ICU,2026-09-01,Moderate,Sufficient,0.6666666666666666,4,RISKPRIOR-20260728062026,2026-07-28T06:20:28.344471
HOSP-001,DEPT-OPC,2026-09-01,Moderate,Sufficient,0.8333333333333334,4,RISKPRIOR-20260728062026,2026-07-28T06:20:28.344471
HOSP-001,DEPT-ED,2026-09-01,High,Limited,0.5,4,RISKPRIOR-20260728062026,2026-07-28T06:20:28.344471
HOSP-001,DEPT-PEX,2026-09-01,High,Limited,0.5,4,RISKPRIOR-20260728062026,2026-07-28T06:20:28.344471
HOSP-001,DEPT-MED,2026-09-01,Moderate,Sufficient,0.6666666666666666,4,RISKPRIOR-20260728062026,2026-07-28T06:20:28.344471
HOSP-001,DEPT-ADM,2026-09-01,High,Limited,0.3333333333333333,4,RISKPRIOR-20260728062026,2026-07-28T06:20:28.344471
HOSP-001,DEPT-DIAG,2026-09-02,Moderate,Sufficient,0.8333333333333334,4,RISKPRIOR-20260728062026,2026-07-28T06:20:28.344471
HOSP-001,DEPT-OPC,2026-09-02,High,Limited,0.5,4,RISKPRIOR-20260728062026,2026-07-28T06:20:28.344471
HOSP-001,DEPT-ED,2026-09-02,Moderate,Sufficient,0.8333333333333334,4,RISKPRIOR-20260728062026,2026-07-28T06:20:28.344471
HOSP-001,DEPT-ADM,2026-09-02,High,Limited,0.5,4,RISKPRIOR-20260728062026,2026-07-28T06:20:28.344471
HOSP-001,DEPT-SURG,2026-09-02,Moderate,Sufficient,0.6666666666666666,4,RISKPRIOR-20260728062026,2026-07-28T06:20:28.344471
HOSP-001,DEPT-ICU,2026-09-02,Moderate,Sufficient,0.6666666666666666,4,RISKPRIOR-20260728062026,2026-07-28T06:20:28.344471
HOSP-001,DEPT-PEX,2026-09-02,High,Limited,0.5,4,RISKPRIOR-20260728062026,2026-07-28T06:20:28.344471
HOSP-001,DEPT-MED,2026-09-02,Moderate,Limited,0.5,4,RISKPRIOR-20260728062026,2026-07-28T06:20:28.344471
HOSP-001,DEPT-OPC,2026-09-03,Moderate,Sufficient,0.8333333333333334,4,RISKPRIOR-20260728062026,2026-07-28T06:20:28.344471
HOSP-001,DEPT-SURG,2026-09-03,Moderate,Sufficient,0.6666666666666666,4,RISKPRIOR-20260728062026,2026-07-28T06:20:28.344471
HOSP-001,DEPT-MED,2026-09-03,Moderate,Sufficient,0.6666666666666666,4,RISKPRIOR-20260728062026,2026-07-28T06:20:28.344471
HOSP-001,DEPT-ICU,2026-09-03,Moderate,Sufficient,0.6666666666666666,4,RISKPRIOR-20260728062026,2026-07-28T06:20:28.344471
HOSP-001,DEPT-DIAG,2026-09-03,Moderate,Sufficient,0.8333333333333334,4,RISKPRIOR-20260728062026,2026-07-28T06:20:28.344471
HOSP-001,DEPT-ED,2026-09-03,Moderate,Sufficient,0.6666666666666666,4,RISKPRIOR-20260728062026,2026-07-28T06:20:28.344471
HOSP-001,DEPT-ADM,2026-09-03,High,Limited,0.5,4,RISKPRIOR-20260728062026,2026-07-28T06:20:28.344471
HOSP-001,DEPT-PEX,2026-09-03,High,Limited,0.5,4,RISKPRIOR-20260728062026,2026-07-28T06:20:28.344471
HOSP-001,DEPT-DIAG,2026-09-04,Moderate,Sufficient,0.8333333333333334,4,RISKPRIOR-20260728062026,2026-07-28T06:20:28.344471
HOSP-001,DEPT-ADM,2026-09-04,High,Limited,0.5,4,RISKPRIOR-20260728062026,2026-07-28T06:20:28.344471
HOSP-001,DEPT-ICU,2026-09-04,Moderate,Sufficient,0.6666666666666666,4,RISKPRIOR-20260728062026,2026-07-28T06:20:28.344471
HOSP-001,DEPT-OPC,2026-09-04,Moderate,Sufficient,0.8333333333333334,4,RISKPRIOR-20260728062026,2026-07-28T06:20:28.344471
HOSP-001,DEPT-ED,2026-09-04,Moderate,Sufficient,0.6666666666666666,4,RISKPRIOR-20260728062026,2026-07-28T06:20:28.344471
HOSP-001,DEPT-MED,2026-09-04,Moderate,Sufficient,0.6666666666666666,4,RISKPRIOR-20260728062026,2026-07-28T06:20:28.344471
HOSP-001,DEPT-SURG,2026-09-04,Moderate,Limited,0.5,4,RISKPRIOR-20260728062026,2026-07-28T06:20:28.344471
HOSP-001,DEPT-PEX,2026-09-04,High,Limited,0.5,4,RISKPRIOR-20260728062026,2026-07-28T06:20:28.344471
HOSP-001,DEPT-ADM,2026-09-05,High,Limited,0.5,4,RISKPRIOR-20260728062026,2026-07-28T06:20:28.344471
HOSP-001,DEPT-ED,2026-09-05,Moderate,Sufficient,0.8333333333333334,4,RISKPRIOR-20260728062026,2026-07-28T06:20:28.344471
HOSP-001,DEPT-DIAG,2026-09-05,Moderate,Sufficient,0.8333333333333334,4,RISKPRIOR-20260728062026,2026-07-28T06:20:28.344471
HOSP-001,DEPT-MED,2026-09-05,Moderate,Limited,0.5,4,RISKPRIOR-20260728062026,2026-07-28T06:20:28.344471
HOSP-001,DEPT-ICU,2026-09-05,Moderate,Sufficient,0.6666666666666666,4,RISKPRIOR-20260728062026,2026-07-28T06:20:28.344471
HOSP-001,DEPT-OPC,2026-09-05,Moderate,Sufficient,0.6666666666666666,4,RISKPRIOR-20260728062026,2026-07-28T06:20:28.344471
HOSP-001,DEPT-SURG,2026-09-05,Moderate,Sufficient,0.6666666666666666,4,RISKPRIOR-20260728062026,2026-07-28T06:20:28.344471
HOSP-001,DEPT-PEX,2026-09-05,High,Limited,0.5,4,RISKPRIOR-20260728062026,2026-07-28T06:20:28.344471
HOSP-001,DEPT-SURG,2026-09-06,Moderate,Sufficient,0.6666666666666666,4,RISKPRIOR-20260728062026,2026-07-28T06:20:28.344471
HOSP-001,DEPT-PEX,2026-09-06,High,Limited,0.3333333333333333,4,RISKPRIOR-20260728062026,2026-07-28T06:20:28.344471
HOSP-001,DEPT-MED,2026-09-06,Moderate,Sufficient,0.6666666666666666,4,RISKPRIOR-20260728062026,2026-07-28T06:20:28.344471
HOSP-001,DEPT-ICU,2026-09-06,Moderate,Sufficient,0.6666666666666666,4,RISKPRIOR-20260728062026,2026-07-28T06:20:28.344471
HOSP-001,DEPT-OPC,2026-09-06,Moderate,Sufficient,0.8333333333333334,4,RISKPRIOR-20260728062026,2026-07-28T06:20:28.344471
HOSP-001,DEPT-DIAG,2026-09-06,Moderate,Sufficient,0.8333333333333334,4,RISKPRIOR-20260728062026,2026-07-28T06:20:28.344471
HOSP-001,DEPT-ED,2026-09-06,Moderate,Sufficient,0.8333333333333334,4,RISKPRIOR-20260728062026,2026-07-28T06:20:28.344471
HOSP-001,DEPT-ADM,2026-09-06,High,Limited,0.5,4,RISKPRIOR-20260728062026,2026-07-28T06:20:28.344471
HOSP-001,DEPT-DIAG,2026-09-07,Moderate,Sufficient,0.8333333333333334,4,RISKPRIOR-20260728062026,2026-07-28T06:20:28.344471
HOSP-001,DEPT-ADM,2026-09-07,High,Limited,0.5,4,RISKPRIOR-20260728062026,2026-07-28T06:20:28.344471
HOSP-001,DEPT-ICU,2026-09-07,Moderate,Sufficient,0.6666666666666666,4,RISKPRIOR-20260728062026,2026-07-28T06:20:28.344471
HOSP-001,DEPT-SURG,2026-09-07,Moderate,Sufficient,0.6666666666666666,4,RISKPRIOR-20260728062026,2026-07-28T06:20:28.344471
HOSP-001,DEPT-OPC,2026-09-07,Moderate,Sufficient,0.6666666666666666,4,RISKPRIOR-20260728062026,2026-07-28T06:20:28.344471
HOSP-001,DEPT-MED,2026-09-07,Moderate,Sufficient,0.6666666666666666,4,RISKPRIOR-20260728062026,2026-07-28T06:20:28.344471
HOSP-001,DEPT-ED,2026-09-07,High,Limited,0.5,4,RISKPRIOR-20260728062026,2026-07-28T06:20:28.344471
HOSP-001,DEPT-PEX,2026-09-07,High,Limited,0.5,4,RISKPRIOR-20260728062026,2026-07-28T06:20:28.344471
HOSP-001,DEPT-SURG,2026-09-08,Moderate,Sufficient,0.6666666666666666,4,RISKPRIOR-20260728062026,2026-07-28T06:20:28.344471
HOSP-001,DEPT-ICU,2026-09-08,Moderate,Limited,0.5,4,RISKPRIOR-20260728062026,2026-07-28T06:20:28.344471
HOSP-001,DEPT-ED,2026-09-08,Moderate,Sufficient,0.8333333333333334,4,RISKPRIOR-20260728062026,2026-07-28T06:20:28.344471
HOSP-001,DEPT-MED,2026-09-08,Moderate,Sufficient,0.6666666666666666,4,RISKPRIOR-20260728062026,2026-07-28T06:20:28.344471
HOSP-001,DEPT-OPC,2026-09-08,High,Limited,0.5,4,RISKPRIOR-20260728062026,2026-07-28T06:20:28.344471
HOSP-001,DEPT-DIAG,2026-09-08,Moderate,Sufficient,0.8333333333333334,4,RISKPRIOR-20260728062026,2026-07-28T06:20:28.344471
HOSP-001,DEPT-PEX,2026-09-08,High,Limited,0.3333333333333333,4,RISKPRIOR-20260728062026,2026-07-28T06:20:28.344471
HOSP-001,DEPT-ADM,2026-09-08,High,Limited,0.3333333333333333,4,RISKPRIOR-20260728062026,2026-07-28T06:20:28.344471
HOSP-001,DEPT-ED,2026-09-09,Moderate,Sufficient,0.8333333333333334,4,RISKPRIOR-20260728062026,2026-07-28T06:20:28.344471
HOSP-001,DEPT-SURG,2026-09-09,Moderate,Sufficient,0.6666666666666666,4,RISKPRIOR-20260728062026,2026-07-28T06:20:28.344471
HOSP-001,DEPT-ICU,2026-09-09,Moderate,Sufficient,0.6666666666666666,4,RISKPRIOR-20260728062026,2026-07-28T06:20:28.344471
HOSP-001,DEPT-MED,2026-09-09,Moderate,Limited,0.5,4,RISKPRIOR-20260728062026,2026-07-28T06:20:28.344471
HOSP-001,DEPT-PEX,2026-09-09,High,Limited,0.5,4,RISKPRIOR-20260728062026,2026-07-28T06:20:28.344471
HOSP-001,DEPT-DIAG,2026-09-09,Moderate,Sufficient,0.8333333333333334,4,RISKPRIOR-20260728062026,2026-07-28T06:20:28.344471
HOSP-001,DEPT-OPC,2026-09-09,Moderate,Sufficient,0.6666666666666666,4,RISKPRIOR-20260728062026,2026-07-28T06:20:28.344471
HOSP-001,DEPT-ADM,2026-09-09,High,Limited,0.5,4,RISKPRIOR-20260728062026,2026-07-28T06:20:28.344471
HOSP-001,DEPT-DIAG,2026-09-10,Moderate,Sufficient,0.8333333333333334,4,RISKPRIOR-20260728062026,2026-07-28T06:20:28.344471
HOSP-001,DEPT-ICU,2026-09-10,Moderate,Sufficient,0.6666666666666666,4,RISKPRIOR-20260728062026,2026-07-28T06:20:28.344471
HOSP-001,DEPT-ADM,2026-09-10,High,Limited,0.3333333333333333,4,RISKPRIOR-20260728062026,2026-07-28T06:20:28.344471
HOSP-001,DEPT-MED,2026-09-10,Moderate,Sufficient,0.6666666666666666,4,RISKPRIOR-20260728062026,2026-07-28T06:20:28.344471
HOSP-001,DEPT-SURG,2026-09-10,Moderate,Sufficient,0.6666666666666666,4,RISKPRIOR-20260728062026,2026-07-28T06:20:28.344471
HOSP-001,DEPT-ED,2026-09-10,Moderate,Sufficient,0.8333333333333334,4,RISKPRIOR-20260728062026,2026-07-28T06:20:28.344471
HOSP-001,DEPT-PEX,2026-09-10,High,Limited,0.5,4,RISKPRIOR-20260728062026,2026-07-28T06:20:28.344471
HOSP-001,DEPT-OPC,2026-09-10,Moderate,Sufficient,0.8333333333333334,4,RISKPRIOR-20260728062026,2026-07-28T06:20:28.344471
HOSP-001,DEPT-PEX,2026-09-11,High,Limited,0.5,4,RISKPRIOR-20260728062026,2026-07-28T06:20:28.344471
HOSP-001,DEPT-DIAG,2026-09-11,Moderate,Sufficient,0.8333333333333334,4,RISKPRIOR-20260728062026,2026-07-28T06:20:28.344471
HOSP-001,DEPT-ICU,2026-09-11,Moderate,Sufficient,0.6666666666666666,4,RISKPRIOR-20260728062026,2026-07-28T06:20:28.344471
HOSP-001,DEPT-ED,2026-09-11,Moderate,Sufficient,0.8333333333333334,4,RISKPRIOR-20260728062026,2026-07-28T06:20:28.344471
HOSP-001,DEPT-SURG,2026-09-11,Moderate,Sufficient,0.6666666666666666,4,RISKPRIOR-20260728062026,2026-07-28T06:20:28.344471
HOSP-001,DEPT-ADM,2026-09-11,High,Limited,0.5,4,RISKPRIOR-20260728062026,2026-07-28T06:20:28.344471
HOSP-001,DEPT-OPC,2026-09-11,Moderate,Sufficient,0.8333333333333334,4,RISKPRIOR-20260728062026,2026-07-28T06:20:28.344471
HOSP-001,DEPT-MED,2026-09-11,Moderate,Limited,0.5,4,RISKPRIOR-20260728062026,2026-07-28T06:20:28.344471
HOSP-001,DEPT-DIAG,2026-09-12,Moderate,Sufficient,0.6666666666666666,4,RISKPRIOR-20260728062026,2026-07-28T06:20:28.344471
HOSP-001,DEPT-SURG,2026-09-12,Moderate,Sufficient,0.6666666666666666,4,RISKPRIOR-20260728062026,2026-07-28T06:20:28.344471
HOSP-001,DEPT-ICU,2026-09-12,Moderate,Sufficient,0.6666666666666666,4,RISKPRIOR-20260728062026,2026-07-28T06:20:28.344471
HOSP-001,DEPT-MED,2026-09-12,Moderate,Sufficient,0.6666666666666666,4,RISKPRIOR-20260728062026,2026-07-28T06:20:28.344471
HOSP-001,DEPT-ED,2026-09-12,Moderate,Sufficient,0.8333333333333334,4,RISKPRIOR-20260728062026,2026-07-28T06:20:28.344471
HOSP-001,DEPT-ADM,2026-09-12,High,Limited,0.5,4,RISKPRIOR-20260728062026,2026-07-28T06:20:28.344471
HOSP-001,DEPT-OPC,2026-09-12,Moderate,Sufficient,0.8333333333333334,4,RISKPRIOR-20260728062026,2026-07-28T06:20:28.344471
HOSP-001,DEPT-PEX,2026-09-12,High,Limited,0.5,4,RISKPRIOR-20260728062026,2026-07-28T06:20:28.344471
HOSP-001,DEPT-PEX,2026-09-13,High,Limited,0.5,4,RISKPRIOR-20260728062026,2026-07-28T06:20:28.344471
HOSP-001,DEPT-DIAG,2026-09-13,Moderate,Sufficient,0.8333333333333334,4,RISKPRIOR-20260728062026,2026-07-28T06:20:28.344471
HOSP-001,DEPT-ED,2026-09-13,Moderate,Sufficient,0.8333333333333334,4,RISKPRIOR-20260728062026,2026-07-28T06:20:28.344471
HOSP-001,DEPT-OPC,2026-09-13,Moderate,Sufficient,0.8333333333333334,4,RISKPRIOR-20260728062026,2026-07-28T06:20:28.344471
HOSP-001,DEPT-ICU,2026-09-13,Moderate,Sufficient,0.6666666666666666,4,RISKPRIOR-20260728062026,2026-07-28T06:20:28.344471
HOSP-001,DEPT-SURG,2026-09-13,Moderate,Limited,0.5,4,RISKPRIOR-20260728062026,2026-07-28T06:20:28.344471
HOSP-001,DEPT-ADM,2026-09-13,High,Limited,0.5,4,RISKPRIOR-20260728062026,2026-07-28T06:20:28.344471
HOSP-001,DEPT-MED,2026-09-13,Moderate,Sufficient,0.6666666666666666,4,RISKPRIOR-20260728062026,2026-07-28T06:20:28.344471
HOSP-001,DEPT-ED,2026-09-14,Moderate,Sufficient,0.8333333333333334,4,RISKPRIOR-20260728062026,2026-07-28T06:20:28.344471
HOSP-001,DEPT-ICU,2026-09-14,Moderate,Sufficient,0.6666666666666666,4,RISKPRIOR-20260728062026,2026-07-28T06:20:28.344471
HOSP-001,DEPT-DIAG,2026-09-14,Moderate,Sufficient,0.8333333333333334,4,RISKPRIOR-20260728062026,2026-07-28T06:20:28.344471
HOSP-001,DEPT-SURG,2026-09-14,Moderate,Sufficient,0.6666666666666666,4,RISKPRIOR-20260728062026,2026-07-28T06:20:28.344471
HOSP-001,DEPT-OPC,2026-09-14,Moderate,Sufficient,0.8333333333333334,4,RISKPRIOR-20260728062026,2026-07-28T06:20:28.344471
HOSP-001,DEPT-ADM,2026-09-14,High,Limited,0.5,4,RISKPRIOR-20260728062026,2026-07-28T06:20:28.344471
HOSP-001,DEPT-PEX,2026-09-14,High,Limited,0.5,4,RISKPRIOR-20260728062026,2026-07-28T06:20:28.344471
HOSP-001,DEPT-MED,2026-09-14,Moderate,Sufficient,0.6666666666666666,4,RISKPRIOR-20260728062026,2026-07-28T06:20:28.344471
HOSP-001,DEPT-ICU,2026-09-15,Moderate,Limited,0.5,4,RISKPRIOR-20260728062026,2026-07-28T06:20:28.344471
HOSP-001,DEPT-DIAG,2026-09-15,Moderate,Sufficient,0.8333333333333334,4,RISKPRIOR-20260728062026,2026-07-28T06:20:28.344471
HOSP-001,DEPT-PEX,2026-09-15,High,Limited,0.5,4,RISKPRIOR-20260728062026,2026-07-28T06:20:28.344471
HOSP-001,DEPT-MED,2026-09-15,Moderate,Sufficient,0.6666666666666666,4,RISKPRIOR-20260728062026,2026-07-28T06:20:28.344471
HOSP-001,DEPT-ADM,2026-09-15,High,Limited,0.3333333333333333,4,RISKPRIOR-20260728062026,2026-07-28T06:20:28.344471
HOSP-001,DEPT-OPC,2026-09-15,Moderate,Sufficient,0.8333333333333334,4,RISKPRIOR-20260728062026,2026-07-28T06:20:28.344471
HOSP-001,DEPT-SURG,2026-09-15,Moderate,Sufficient,0.6666666666666666,4,RISKPRIOR-20260728062026,2026-07-28T06:20:28.344471
HOSP-001,DEPT-ED,2026-09-15,Moderate,Sufficient,0.8333333333333334,4,RISKPRIOR-20260728062026,2026-07-28T06:20:28.344471
HOSP-001,DEPT-MED,2026-09-16,Moderate,Sufficient,0.6666666666666666,4,RISKPRIOR-20260728062026,2026-07-28T06:20:28.344471
HOSP-001,DEPT-DIAG,2026-09-16,Moderate,Sufficient,0.8333333333333334,4,RISKPRIOR-20260728062026,2026-07-28T06:20:28.344471
HOSP-001,DEPT-SURG,2026-09-16,Moderate,Sufficient,0.6666666666666666,4,RISKPRIOR-20260728062026,2026-07-28T06:20:28.344471
HOSP-001,DEPT-ICU,2026-09-16,Moderate,Limited,0.5,4,RISKPRIOR-20260728062026,2026-07-28T06:20:28.344471
HOSP-001,DEPT-PEX,2026-09-16,High,Limited,0.5,4,RISKPRIOR-20260728062026,2026-07-28T06:20:28.344471
HOSP-001,DEPT-OPC,2026-09-16,Moderate,Sufficient,0.8333333333333334,4,RISKPRIOR-20260728062026,2026-07-28T06:20:28.344471
HOSP-001,DEPT-ED,2026-09-16,Moderate,Sufficient,0.8333333333333334,4,RISKPRIOR-20260728062026,2026-07-28T06:20:28.344471
HOSP-001,DEPT-ADM,2026-09-16,High,Limited,0.5,4,RISKPRIOR-20260728062026,2026-07-28T06:20:28.344471
HOSP-001,DEPT-ED,2026-09-17,Moderate,Sufficient,0.6666666666666666,4,RISKPRIOR-20260728062026,2026-07-28T06:20:28.344471
HOSP-001,DEPT-ICU,2026-09-17,Moderate,Sufficient,0.6666666666666666,4,RISKPRIOR-20260728062026,2026-07-28T06:20:28.344471
HOSP-001,DEPT-PEX,2026-09-17,High,Limited,0.5,4,RISKPRIOR-20260728062026,2026-07-28T06:20:28.344471
HOSP-001,DEPT-DIAG,2026-09-17,Moderate,Sufficient,0.8333333333333334,4,RISKPRIOR-20260728062026,2026-07-28T06:20:28.344471
HOSP-001,DEPT-OPC,2026-09-17,Moderate,Sufficient,0.8333333333333334,4,RISKPRIOR-20260728062026,2026-07-28T06:20:28.344471
HOSP-001,DEPT-SURG,2026-09-17,Moderate,Sufficient,0.6666666666666666,4,RISKPRIOR-20260728062026,2026-07-28T06:20:28.344471
HOSP-001,DEPT-ADM,2026-09-17,High,Limited,0.3333333333333333,4,RISKPRIOR-20260728062026,2026-07-28T06:20:28.344471
HOSP-001,DEPT-MED,2026-09-17,Moderate,Limited,0.5,4,RISKPRIOR-20260728062026,2026-07-28T06:20:28.344471
HOSP-001,DEPT-SURG,2026-09-18,Moderate,Sufficient,0.6666666666666666,4,RISKPRIOR-20260728062026,2026-07-28T06:20:28.344471
HOSP-001,DEPT-DIAG,2026-09-18,Moderate,Sufficient,0.8333333333333334,4,RISKPRIOR-20260728062026,2026-07-28T06:20:28.344471
HOSP-001,DEPT-MED,2026-09-18,Moderate,Sufficient,0.6666666666666666,4,RISKPRIOR-20260728062026,2026-07-28T06:20:28.344471
HOSP-001,DEPT-ICU,2026-09-18,Moderate,Sufficient,0.6666666666666666,4,RISKPRIOR-20260728062026,2026-07-28T06:20:28.344471
HOSP-001,DEPT-ADM,2026-09-18,High,Limited,0.5,4,RISKPRIOR-20260728062026,2026-07-28T06:20:28.344471
HOSP-001,DEPT-PEX,2026-09-18,High,Limited,0.5,4,RISKPRIOR-20260728062026,2026-07-28T06:20:28.344471
HOSP-001,DEPT-ED,2026-09-18,Moderate,Sufficient,0.8333333333333334,4,RISKPRIOR-20260728062026,2026-07-28T06:20:28.344471
HOSP-001,DEPT-OPC,2026-09-18,Moderate,Sufficient,0.8333333333333334,4,RISKPRIOR-20260728062026,2026-07-28T06:20:28.344471
HOSP-001,DEPT-DIAG,2026-09-19,Moderate,Sufficient,0.8333333333333334,4,RISKPRIOR-20260728062026,2026-07-28T06:20:28.344471
HOSP-001,DEPT-SURG,2026-09-19,Moderate,Limited,0.5,4,RISKPRIOR-20260728062026,2026-07-28T06:20:28.344471
HOSP-001,DEPT-ADM,2026-09-19,High,Limited,0.5,4,RISKPRIOR-20260728062026,2026-07-28T06:20:28.344471
HOSP-001,DEPT-ED,2026-09-19,High,Limited,0.5,4,RISKPRIOR-20260728062026,2026-07-28T06:20:28.344471
HOSP-001,DEPT-ICU,2026-09-19,Moderate,Sufficient,0.6666666666666666,4,RISKPRIOR-20260728062026,2026-07-28T06:20:28.344471
HOSP-001,DEPT-PEX,2026-09-19,High,Limited,0.5,4,RISKPRIOR-20260728062026,2026-07-28T06:20:28.344471
HOSP-001,DEPT-MED,2026-09-19,Moderate,Sufficient,0.6666666666666666,4,RISKPRIOR-20260728062026,2026-07-28T06:20:28.344471
HOSP-001,DEPT-OPC,2026-09-19,Moderate,Sufficient,0.8333333333333334,4,RISKPRIOR-20260728062026,2026-07-28T06:20:28.344471
HOSP-001,DEPT-DIAG,2026-09-20,Moderate,Sufficient,0.8333333333333334,4,RISKPRIOR-20260728062026,2026-07-28T06:20:28.344471
HOSP-001,DEPT-MED,2026-09-20,Moderate,Sufficient,0.6666666666666666,4,RISKPRIOR-20260728062026,2026-07-28T06:20:28.344471
HOSP-001,DEPT-OPC,2026-09-20,Moderate,Sufficient,0.8333333333333334,4,RISKPRIOR-20260728062026,2026-07-28T06:20:28.344471
HOSP-001,DEPT-ICU,2026-09-20,Moderate,Sufficient,0.6666666666666666,4,RISKPRIOR-20260728062026,2026-07-28T06:20:28.344471
HOSP-001,DEPT-ADM,2026-09-20,High,Limited,0.5,4,RISKPRIOR-20260728062026,2026-07-28T06:20:28.344471
HOSP-001,DEPT-SURG,2026-09-20,Moderate,Sufficient,0.6666666666666666,4,RISKPRIOR-20260728062026,2026-07-28T06:20:28.344471
HOSP-001,DEPT-PEX,2026-09-20,High,Limited,0.5,4,RISKPRIOR-20260728062026,2026-07-28T06:20:28.344471
HOSP-001,DEPT-ED,2026-09-20,High,Limited,0.5,4,RISKPRIOR-20260728062026,2026-07-28T06:20:28.344471
HOSP-001,DEPT-SURG,2026-09-21,Moderate,Sufficient,0.6666666666666666,4,RISKPRIOR-20260728062026,2026-07-28T06:20:28.344471
HOSP-001,DEPT-ED,2026-09-21,Moderate,Sufficient,0.8333333333333334,4,RISKPRIOR-20260728062026,2026-07-28T06:20:28.344471
HOSP-001,DEPT-MED,2026-09-21,Moderate,Limited,0.5,4,RISKPRIOR-20260728062026,2026-07-28T06:20:28.344471
HOSP-001,DEPT-OPC,2026-09-21,Moderate,Sufficient,0.8333333333333334,4,RISKPRIOR-20260728062026,2026-07-28T06:20:28.344471
HOSP-001,DEPT-DIAG,2026-09-21,Moderate,Sufficient,0.8333333333333334,4,RISKPRIOR-20260728062026,2026-07-28T06:20:28.344471
HOSP-001,DEPT-ICU,2026-09-21,Moderate,Sufficient,0.6666666666666666,4,RISKPRIOR-20260728062026,2026-07-28T06:20:28.344471
HOSP-001,DEPT-ADM,2026-09-21,High,Limited,0.5,4,RISKPRIOR-20260728062026,2026-07-28T06:20:28.344471
HOSP-001,DEPT-PEX,2026-09-21,High,Limited,0.5,4,RISKPRIOR-20260728062026,2026-07-28T06:20:28.344471
HOSP-001,DEPT-DIAG,2026-09-22,Moderate,Sufficient,0.6666666666666666,4,RISKPRIOR-20260728062026,2026-07-28T06:20:28.344471
HOSP-001,DEPT-ICU,2026-09-22,Moderate,Sufficient,0.6666666666666666,4,RISKPRIOR-20260728062026,2026-07-28T06:20:28.344471
HOSP-001,DEPT-MED,2026-09-22,Moderate,Sufficient,0.6666666666666666,4,RISKPRIOR-20260728062026,2026-07-28T06:20:28.344471
HOSP-001,DEPT-SURG,2026-09-22,Moderate,Limited,0.5,4,RISKPRIOR-20260728062026,2026-07-28T06:20:28.344471
HOSP-001,DEPT-OPC,2026-09-22,High,Limited,0.5,4,RISKPRIOR-20260728062026,2026-07-28T06:20:28.344471
HOSP-001,DEPT-ADM,2026-09-22,High,Limited,0.5,4,RISKPRIOR-20260728062026,2026-07-28T06:20:28.344471
HOSP-001,DEPT-PEX,2026-09-22,High,Limited,0.5,4,RISKPRIOR-20260728062026,2026-07-28T06:20:28.344471
HOSP-001,DEPT-ED,2026-09-22,Moderate,Sufficient,0.8333333333333334,4,RISKPRIOR-20260728062026,2026-07-28T06:20:28.344471
HOSP-001,DEPT-ADM,2026-09-23,High,Limited,0.5,4,RISKPRIOR-20260728062026,2026-07-28T06:20:28.344471
HOSP-001,DEPT-ED,2026-09-23,Moderate,Sufficient,0.8333333333333334,4,RISKPRIOR-20260728062026,2026-07-28T06:20:28.344471
HOSP-001,DEPT-DIAG,2026-09-23,Moderate,Sufficient,0.8333333333333334,4,RISKPRIOR-20260728062026,2026-07-28T06:20:28.344471
HOSP-001,DEPT-MED,2026-09-23,Moderate,Sufficient,0.6666666666666666,4,RISKPRIOR-20260728062026,2026-07-28T06:20:28.344471
HOSP-001,DEPT-SURG,2026-09-23,Moderate,Sufficient,0.6666666666666666,4,RISKPRIOR-20260728062026,2026-07-28T06:20:28.344471
HOSP-001,DEPT-ICU,2026-09-23,Moderate,Sufficient,0.6666666666666666,4,RISKPRIOR-20260728062026,2026-07-28T06:20:28.344471
HOSP-001,DEPT-PEX,2026-09-23,High,Limited,0.5,4,RISKPRIOR-20260728062026,2026-07-28T06:20:28.344471
HOSP-001,DEPT-OPC,2026-09-23,Moderate,Sufficient,0.8333333333333334,4,RISKPRIOR-20260728062026,2026-07-28T06:20:28.344471
HOSP-001,DEPT-MED,2026-09-24,Moderate,Sufficient,0.6666666666666666,4,RISKPRIOR-20260728062026,2026-07-28T06:20:28.344471
HOSP-001,DEPT-ICU,2026-09-24,Moderate,Sufficient,0.6666666666666666,4,RISKPRIOR-20260728062026,2026-07-28T06:20:28.344471
HOSP-001,DEPT-ADM,2026-09-24,High,Limited,0.3333333333333333,4,RISKPRIOR-20260728062026,2026-07-28T06:20:28.344471
HOSP-001,DEPT-DIAG,2026-09-24,High,Limited,0.5,4,RISKPRIOR-20260728062026,2026-07-28T06:20:28.344471
HOSP-001,DEPT-ED,2026-09-24,Moderate,Sufficient,0.8333333333333334,4,RISKPRIOR-20260728062026,2026-07-28T06:20:28.344471
HOSP-001,DEPT-PEX,2026-09-24,High,Limited,0.5,4,RISKPRIOR-20260728062026,2026-07-28T06:20:28.344471
HOSP-001,DEPT-SURG,2026-09-24,Moderate,Limited,0.5,4,RISKPRIOR-20260728062026,2026-07-28T06:20:28.344471
HOSP-001,DEPT-OPC,2026-09-24,Moderate,Sufficient,0.8333333333333334,4,RISKPRIOR-20260728062026,2026-07-28T06:20:28.344471
HOSP-001,DEPT-ADM,2026-09-25,High,Limited,0.5,4,RISKPRIOR-20260728062026,2026-07-28T06:20:28.344471
HOSP-001,DEPT-PEX,2026-09-25,High,Limited,0.5,4,RISKPRIOR-20260728062026,2026-07-28T06:20:28.344471
HOSP-001,DEPT-DIAG,2026-09-25,Moderate,Sufficient,0.8333333333333334,4,RISKPRIOR-20260728062026,2026-07-28T06:20:28.344471
HOSP-001,DEPT-ICU,2026-09-25,Moderate,Sufficient,0.6666666666666666,4,RISKPRIOR-20260728062026,2026-07-28T06:20:28.344471
HOSP-001,DEPT-ED,2026-09-25,High,Limited,0.5,4,RISKPRIOR-20260728062026,2026-07-28T06:20:28.344471
HOSP-001,DEPT-MED,2026-09-25,Moderate,Sufficient,0.6666666666666666,4,RISKPRIOR-20260728062026,2026-07-28T06:20:28.344471
HOSP-001,DEPT-SURG,2026-09-25,Moderate,Sufficient,0.6666666666666666,4,RISKPRIOR-20260728062026,2026-07-28T06:20:28.344471
HOSP-001,DEPT-OPC,2026-09-25,Moderate,Sufficient,0.8333333333333334,4,RISKPRIOR-20260728062026,2026-07-28T06:20:28.344471
HOSP-001,DEPT-OPC,2026-09-26,High,Limited,0.5,4,RISKPRIOR-20260728062026,2026-07-28T06:20:28.344471
HOSP-001,DEPT-ICU,2026-09-26,Moderate,Sufficient,0.6666666666666666,4,RISKPRIOR-20260728062026,2026-07-28T06:20:28.344471
HOSP-001,DEPT-MED,2026-09-26,Moderate,Limited,0.5,4,RISKPRIOR-20260728062026,2026-07-28T06:20:28.344471
HOSP-001,DEPT-DIAG,2026-09-26,Moderate,Sufficient,0.6666666666666666,4,RISKPRIOR-20260728062026,2026-07-28T06:20:28.344471
HOSP-001,DEPT-ADM,2026-09-26,High,Limited,0.5,4,RISKPRIOR-20260728062026,2026-07-28T06:20:28.344471
HOSP-001,DEPT-ED,2026-09-26,Moderate,Sufficient,0.8333333333333334,4,RISKPRIOR-20260728062026,2026-07-28T06:20:28.344471
HOSP-001,DEPT-PEX,2026-09-26,High,Limited,0.5,4,RISKPRIOR-20260728062026,2026-07-28T06:20:28.344471
HOSP-001,DEPT-SURG,2026-09-26,Moderate,Sufficient,0.6666666666666666,4,RISKPRIOR-20260728062026,2026-07-28T06:20:28.344471
HOSP-001,DEPT-SURG,2026-09-27,Moderate,Sufficient,0.6666666666666666,4,RISKPRIOR-20260728062026,2026-07-28T06:20:28.344471
HOSP-001,DEPT-OPC,2026-09-27,Moderate,Sufficient,0.8333333333333334,4,RISKPRIOR-20260728062026,2026-07-28T06:20:28.344471
HOSP-001,DEPT-PEX,2026-09-27,High,Limited,0.5,4,RISKPRIOR-20260728062026,2026-07-28T06:20:28.344471
HOSP-001,DEPT-ICU,2026-09-27,Moderate,Limited,0.5,4,RISKPRIOR-20260728062026,2026-07-28T06:20:28.344471
HOSP-001,DEPT-DIAG,2026-09-27,Moderate,Sufficient,0.6666666666666666,4,RISKPRIOR-20260728062026,2026-07-28T06:20:28.344471
HOSP-001,DEPT-ADM,2026-09-27,High,Limited,0.5,4,RISKPRIOR-20260728062026,2026-07-28T06:20:28.344471
HOSP-001,DEPT-ED,2026-09-27,Moderate,Sufficient,0.8333333333333334,4,RISKPRIOR-20260728062026,2026-07-28T06:20:28.344471
HOSP-001,DEPT-MED,2026-09-27,Moderate,Sufficient,0.6666666666666666,4,RISKPRIOR-20260728062026,2026-07-28T06:20:28.344471
HOSP-001,DEPT-ADM,2026-09-28,High,Limited,0.5,4,RISKPRIOR-20260728062026,2026-07-28T06:20:28.344471
HOSP-001,DEPT-ICU,2026-09-28,Moderate,Sufficient,0.6666666666666666,4,RISKPRIOR-20260728062026,2026-07-28T06:20:28.344471
HOSP-001,DEPT-ED,2026-09-28,Moderate,Sufficient,0.8333333333333334,4,RISKPRIOR-20260728062026,2026-07-28T06:20:28.344471
HOSP-001,DEPT-MED,2026-09-28,Moderate,Sufficient,0.6666666666666666,4,RISKPRIOR-20260728062026,2026-07-28T06:20:28.344471
HOSP-001,DEPT-DIAG,2026-09-28,Moderate,Sufficient,0.8333333333333334,4,RISKPRIOR-20260728062026,2026-07-28T06:20:28.344471
HOSP-001,DEPT-SURG,2026-09-28,Moderate,Sufficient,0.6666666666666666,4,RISKPRIOR-20260728062026,2026-07-28T06:20:28.344471
HOSP-001,DEPT-PEX,2026-09-28,High,Limited,0.5,4,RISKPRIOR-20260728062026,2026-07-28T06:20:28.344471
HOSP-001,DEPT-OPC,2026-09-28,Moderate,Sufficient,0.6666666666666666,4,RISKPRIOR-20260728062026,2026-07-28T06:20:28.344471
HOSP-001,DEPT-SURG,2026-09-29,Moderate,Limited,0.5,4,RISKPRIOR-20260728062026,2026-07-28T06:20:28.344471
HOSP-001,DEPT-ADM,2026-09-29,High,Limited,0.5,4,RISKPRIOR-20260728062026,2026-07-28T06:20:28.344471
HOSP-001,DEPT-OPC,2026-09-29,Moderate,Sufficient,0.8333333333333334,4,RISKPRIOR-20260728062026,2026-07-28T06:20:28.344471
HOSP-001,DEPT-MED,2026-09-29,Moderate,Sufficient,0.6666666666666666,4,RISKPRIOR-20260728062026,2026-07-28T06:20:28.344471
HOSP-001,DEPT-ICU,2026-09-29,Moderate,Sufficient,0.6666666666666666,4,RISKPRIOR-20260728062026,2026-07-28T06:20:28.344471
HOSP-001,DEPT-DIAG,2026-09-29,Moderate,Sufficient,0.8333333333333334,4,RISKPRIOR-20260728062026,2026-07-28T06:20:28.344471
HOSP-001,DEPT-ED,2026-09-29,Moderate,Sufficient,0.8333333333333334,4,RISKPRIOR-20260728062026,2026-07-28T06:20:28.344471
HOSP-001,DEPT-PEX,2026-09-29,High,Limited,0.5,4,RISKPRIOR-20260728062026,2026-07-28T06:20:28.344471
HOSP-001,DEPT-PEX,2026-09-30,High,Limited,0.3333333333333333,4,RISKPRIOR-20260728062026,2026-07-28T06:20:28.344471
HOSP-001,DEPT-ED,2026-09-30,Moderate,Sufficient,0.8333333333333334,4,RISKPRIOR-20260728062026,2026-07-28T06:20:28.344471
HOSP-001,DEPT-ADM,2026-09-30,High,Limited,0.5,4,RISKPRIOR-20260728062026,2026-07-28T06:20:28.344471
HOSP-001,DEPT-DIAG,2026-09-30,Moderate,Sufficient,0.8333333333333334,4,RISKPRIOR-20260728062026,2026-07-28T06:20:28.344471
HOSP-001,DEPT-SURG,2026-09-30,Moderate,Sufficient,0.6666666666666666,4,RISKPRIOR-20260728062026,2026-07-28T06:20:28.344471
HOSP-001,DEPT-MED,2026-09-30,Moderate,Sufficient,0.6666666666666666,4,RISKPRIOR-20260728062026,2026-07-28T06:20:28.344471
HOSP-001,DEPT-ICU,2026-09-30,Moderate,Sufficient,0.6666666666666666,4,RISKPRIOR-20260728062026,2026-07-28T06:20:28.344471
HOSP-001,DEPT-OPC,2026-09-30,Moderate,Sufficient,0.8333333333333334,4,RISKPRIOR-20260728062026,2026-07-28T06:20:28.344471
HOSP-001,DEPT-MED,2026-10-01,Moderate,Sufficient,0.6666666666666666,4,RISKPRIOR-20260728062026,2026-07-28T06:20:28.344471
HOSP-001,DEPT-PEX,2026-10-01,High,Limited,0.3333333333333333,4,RISKPRIOR-20260728062026,2026-07-28T06:20:28.344471
HOSP-001,DEPT-ICU,2026-10-01,Moderate,Limited,0.5,4,RISKPRIOR-20260728062026,2026-07-28T06:20:28.344471
HOSP-001,DEPT-ED,2026-10-01,Moderate,Sufficient,0.8333333333333334,4,RISKPRIOR-20260728062026,2026-07-28T06:20:28.344471
HOSP-001,DEPT-ADM,2026-10-01,High,Limited,0.3333333333333333,4,RISKPRIOR-20260728062026,2026-07-28T06:20:28.344471
HOSP-001,DEPT-SURG,2026-10-01,Moderate,Sufficient,0.6666666666666666,4,RISKPRIOR-20260728062026,2026-07-28T06:20:28.344471
HOSP-001,DEPT-OPC,2026-10-01,Moderate,Sufficient,0.8333333333333334,4,RISKPRIOR-20260728062026,2026-07-28T06:20:28.344471
HOSP-001,DEPT-DIAG,2026-10-01,Moderate,Sufficient,0.8333333333333334,4,RISKPRIOR-20260728062026,2026-07-28T06:20:28.344471
HOSP-001,DEPT-OPC,2026-10-02,Moderate,Sufficient,0.8333333333333334,4,RISKPRIOR-20260728062026,2026-07-28T06:20:28.344471
HOSP-001,DEPT-DIAG,2026-10-02,Moderate,Sufficient,0.8333333333333334,4,RISKPRIOR-20260728062026,2026-07-28T06:20:28.344471
HOSP-001,DEPT-SURG,2026-10-02,Moderate,Limited,0.5,4,RISKPRIOR-20260728062026,2026-07-28T06:20:28.344471
HOSP-001,DEPT-ICU,2026-10-02,Moderate,Sufficient,0.6666666666666666,4,RISKPRIOR-20260728062026,2026-07-28T06:20:28.344471
HOSP-001,DEPT-PEX,2026-10-02,High,Limited,0.3333333333333333,4,RISKPRIOR-20260728062026,2026-07-28T06:20:28.344471
HOSP-001,DEPT-MED,2026-10-02,Moderate,Sufficient,0.6666666666666666,4,RISKPRIOR-20260728062026,2026-07-28T06:20:28.344471
HOSP-001,DEPT-ED,2026-10-02,Moderate,Sufficient,0.8333333333333334,4,RISKPRIOR-20260728062026,2026-07-28T06:20:28.344471
HOSP-001,DEPT-ADM,2026-10-02,High,Limited,0.5,4,RISKPRIOR-20260728062026,2026-07-28T06:20:28.344471
HOSP-001,DEPT-ADM,2026-10-03,High,Limited,0.5,4,RISKPRIOR-20260728062026,2026-07-28T06:20:28.344471
HOSP-001,DEPT-PEX,2026-10-03,High,Limited,0.5,4,RISKPRIOR-20260728062026,2026-07-28T06:20:28.344471
HOSP-001,DEPT-DIAG,2026-10-03,Moderate,Sufficient,0.8333333333333334,4,RISKPRIOR-20260728062026,2026-07-28T06:20:28.344471
HOSP-001,DEPT-ICU,2026-10-03,Moderate,Sufficient,0.6666666666666666,4,RISKPRIOR-20260728062026,2026-07-28T06:20:28.344471
HOSP-001,DEPT-MED,2026-10-03,Moderate,Sufficient,0.6666666666666666,4,RISKPRIOR-20260728062026,2026-07-28T06:20:28.344471
HOSP-001,DEPT-ED,2026-10-03,Moderate,Sufficient,0.8333333333333334,4,RISKPRIOR-20260728062026,2026-07-28T06:20:28.344471
HOSP-001,DEPT-OPC,2026-10-03,Moderate,Sufficient,0.6666666666666666,4,RISKPRIOR-20260728062026,2026-07-28T06:20:28.344471
HOSP-001,DEPT-SURG,2026-10-03,Moderate,Sufficient,0.6666666666666666,4,RISKPRIOR-20260728062026,2026-07-28T06:20:28.344471
HOSP-001,DEPT-SURG,2026-10-04,Moderate,Limited,0.5,4,RISKPRIOR-20260728062026,2026-07-28T06:20:28.344471
HOSP-001,DEPT-ED,2026-10-04,Moderate,Sufficient,0.8333333333333334,4,RISKPRIOR-20260728062026,2026-07-28T06:20:28.344471
HOSP-001,DEPT-PEX,2026-10-04,High,Limited,0.3333333333333333,4,RISKPRIOR-20260728062026,2026-07-28T06:20:28.344471
HOSP-001,DEPT-DIAG,2026-10-04,Moderate,Sufficient,0.8333333333333334,4,RISKPRIOR-20260728062026,2026-07-28T06:20:28.344471
HOSP-001,DEPT-MED,2026-10-04,Moderate,Sufficient,0.6666666666666666,4,RISKPRIOR-20260728062026,2026-07-28T06:20:28.344471
HOSP-001,DEPT-ICU,2026-10-04,Moderate,Sufficient,0.6666666666666666,4,RISKPRIOR-20260728062026,2026-07-28T06:20:28.344471
HOSP-001,DEPT-OPC,2026-10-04,Moderate,Sufficient,0.8333333333333334,4,RISKPRIOR-20260728062026,2026-07-28T06:20:28.344471
HOSP-001,DEPT-ADM,2026-10-04,High,Limited,0.3333333333333333,4,RISKPRIOR-20260728062026,2026-07-28T06:20:28.344471
HOSP-001,DEPT-SURG,2026-10-05,Moderate,Sufficient,0.6666666666666666,4,RISKPRIOR-20260728062026,2026-07-28T06:20:28.344471
HOSP-001,DEPT-ED,2026-10-05,High,Limited,0.5,4,RISKPRIOR-20260728062026,2026-07-28T06:20:28.344471
HOSP-001,DEPT-DIAG,2026-10-05,Moderate,Sufficient,0.8333333333333334,4,RISKPRIOR-20260728062026,2026-07-28T06:20:28.344471
HOSP-001,DEPT-ICU,2026-10-05,Moderate,Limited,0.5,4,RISKPRIOR-20260728062026,2026-07-28T06:20:28.344471
HOSP-001,DEPT-OPC,2026-10-05,Moderate,Sufficient,0.8333333333333334,4,RISKPRIOR-20260728062026,2026-07-28T06:20:28.344471
HOSP-001,DEPT-PEX,2026-10-05,High,Limited,0.5,4,RISKPRIOR-20260728062026,2026-07-28T06:20:28.344471
HOSP-001,DEPT-ADM,2026-10-05,High,Limited,0.5,4,RISKPRIOR-20260728062026,2026-07-28T06:20:28.344471
HOSP-001,DEPT-MED,2026-10-05,Moderate,Sufficient,0.6666666666666666,4,RISKPRIOR-20260728062026,2026-07-28T06:20:28.344471
HOSP-001,DEPT-SURG,2026-10-06,Moderate,Sufficient,0.6666666666666666,4,RISKPRIOR-20260728062026,2026-07-28T06:20:28.344471
HOSP-001,DEPT-ICU,2026-10-06,Moderate,Sufficient,0.6666666666666666,4,RISKPRIOR-20260728062026,2026-07-28T06:20:28.344471
HOSP-001,DEPT-DIAG,2026-10-06,Moderate,Sufficient,0.8333333333333334,4,RISKPRIOR-20260728062026,2026-07-28T06:20:28.344471
HOSP-001,DEPT-PEX,2026-10-06,High,Limited,0.5,4,RISKPRIOR-20260728062026,2026-07-28T06:20:28.344471
HOSP-001,DEPT-ED,2026-10-06,Moderate,Sufficient,0.8333333333333334,4,RISKPRIOR-20260728062026,2026-07-28T06:20:28.344471
HOSP-001,DEPT-OPC,2026-10-06,Moderate,Sufficient,0.6666666666666666,4,RISKPRIOR-20260728062026,2026-07-28T06:20:28.344471
HOSP-001,DEPT-ADM,2026-10-06,High,Limited,0.5,4,RISKPRIOR-20260728062026,2026-07-28T06:20:28.344471
HOSP-001,DEPT-MED,2026-10-06,Moderate,Sufficient,0.6666666666666666,4,RISKPRIOR-20260728062026,2026-07-28T06:20:28.344471
HOSP-001,DEPT-SURG,2026-10-07,Moderate,Sufficient,0.6666666666666666,4,RISKPRIOR-20260728062026,2026-07-28T06:20:28.344471
HOSP-001,DEPT-ADM,2026-10-07,High,Limited,0.5,4,RISKPRIOR-20260728062026,2026-07-28T06:20:28.344471
HOSP-001,DEPT-DIAG,2026-10-07,Moderate,Sufficient,0.8333333333333334,4,RISKPRIOR-20260728062026,2026-07-28T06:20:28.344471
HOSP-001,DEPT-ICU,2026-10-07,Moderate,Limited,0.5,4,RISKPRIOR-20260728062026,2026-07-28T06:20:28.344471
HOSP-001,DEPT-OPC,2026-10-07,Moderate,Sufficient,0.8333333333333334,4,RISKPRIOR-20260728062026,2026-07-28T06:20:28.344471
HOSP-001,DEPT-ED,2026-10-07,Moderate,Sufficient,0.8333333333333334,4,RISKPRIOR-20260728062026,2026-07-28T06:20:28.344471
HOSP-001,DEPT-MED,2026-10-07,Moderate,Sufficient,0.6666666666666666,4,RISKPRIOR-20260728062026,2026-07-28T06:20:28.344471
HOSP-001,DEPT-PEX,2026-10-07,High,Limited,0.5,4,RISKPRIOR-20260728062026,2026-07-28T06:20:28.344471
HOSP-001,DEPT-ED,2026-10-08,Moderate,Sufficient,0.8333333333333334,4,RISKPRIOR-20260728062026,2026-07-28T06:20:28.344471
HOSP-001,DEPT-PEX,2026-10-08,High,Limited,0.3333333333333333,4,RISKPRIOR-20260728062026,2026-07-28T06:20:28.344471
HOSP-001,DEPT-OPC,2026-10-08,Moderate,Sufficient,0.8333333333333334,4,RISKPRIOR-20260728062026,2026-07-28T06:20:28.344471
HOSP-001,DEPT-MED,2026-10-08,Moderate,Limited,0.5,4,RISKPRIOR-20260728062026,2026-07-28T06:20:28.344471
HOSP-001,DEPT-DIAG,2026-10-08,Moderate,Sufficient,0.8333333333333334,4,RISKPRIOR-20260728062026,2026-07-28T06:20:28.344471
HOSP-001,DEPT-ICU,2026-10-08,Moderate,Sufficient,0.6666666666666666,4,RISKPRIOR-20260728062026,2026-07-28T06:20:28.344471
HOSP-001,DEPT-ADM,2026-10-08,High,Limited,0.5,4,RISKPRIOR-20260728062026,2026-07-28T06:20:28.344471
HOSP-001,DEPT-SURG,2026-10-08,Moderate,Limited,0.5,4,RISKPRIOR-20260728062026,2026-07-28T06:20:28.344471
HOSP-001,DEPT-DIAG,2026-10-09,Moderate,Sufficient,0.6666666666666666,4,RISKPRIOR-20260728062026,2026-07-28T06:20:28.344471
HOSP-001,DEPT-SURG,2026-10-09,Moderate,Sufficient,0.6666666666666666,4,RISKPRIOR-20260728062026,2026-07-28T06:20:28.344471
HOSP-001,DEPT-OPC,2026-10-09,Moderate,Sufficient,0.8333333333333334,4,RISKPRIOR-20260728062026,2026-07-28T06:20:28.344471
HOSP-001,DEPT-ICU,2026-10-09,Moderate,Sufficient,0.6666666666666666,4,RISKPRIOR-20260728062026,2026-07-28T06:20:28.344471
HOSP-001,DEPT-ADM,2026-10-09,High,Limited,0.5,4,RISKPRIOR-20260728062026,2026-07-28T06:20:28.344471
HOSP-001,DEPT-ED,2026-10-09,Moderate,Sufficient,0.8333333333333334,4,RISKPRIOR-20260728062026,2026-07-28T06:20:28.344471
HOSP-001,DEPT-MED,2026-10-09,Moderate,Limited,0.5,4,RISKPRIOR-20260728062026,2026-07-28T06:20:28.344471
HOSP-001,DEPT-PEX,2026-10-09,High,Limited,0.5,4,RISKPRIOR-20260728062026,2026-07-28T06:20:28.344471
HOSP-001,DEPT-SURG,2026-10-10,Moderate,Sufficient,0.6666666666666666,4,RISKPRIOR-20260728062026,2026-07-28T06:20:28.344471
HOSP-001,DEPT-PEX,2026-10-10,High,Limited,0.5,4,RISKPRIOR-20260728062026,2026-07-28T06:20:28.344471
HOSP-001,DEPT-ICU,2026-10-10,Moderate,Limited,0.5,4,RISKPRIOR-20260728062026,2026-07-28T06:20:28.344471
HOSP-001,DEPT-OPC,2026-10-10,Moderate,Sufficient,0.8333333333333334,4,RISKPRIOR-20260728062026,2026-07-28T06:20:28.344471
HOSP-001,DEPT-ADM,2026-10-10,High,Limited,0.5,4,RISKPRIOR-20260728062026,2026-07-28T06:20:28.344471
HOSP-001,DEPT-MED,2026-10-10,Moderate,Sufficient,0.6666666666666666,4,RISKPRIOR-20260728062026,2026-07-28T06:20:28.344471
HOSP-001,DEPT-ED,2026-10-10,Moderate,Sufficient,0.8333333333333334,4,RISKPRIOR-20260728062026,2026-07-28T06:20:28.344471
HOSP-001,DEPT-DIAG,2026-10-10,High,Limited,0.5,4,RISKPRIOR-20260728062026,2026-07-28T06:20:28.344471
HOSP-001,DEPT-OPC,2026-10-11,Moderate,Sufficient,0.8333333333333334,4,RISKPRIOR-20260728062026,2026-07-28T06:20:28.344471
HOSP-001,DEPT-SURG,2026-10-11,Moderate,Sufficient,0.6666666666666666,4,RISKPRIOR-20260728062026,2026-07-28T06:20:28.344471
HOSP-001,DEPT-DIAG,2026-10-11,Moderate,Sufficient,0.8333333333333334,4,RISKPRIOR-20260728062026,2026-07-28T06:20:28.344471
HOSP-001,DEPT-ICU,2026-10-11,Moderate,Sufficient,0.6666666666666666,4,RISKPRIOR-20260728062026,2026-07-28T06:20:28.344471
HOSP-001,DEPT-MED,2026-10-11,Moderate,Limited,0.5,4,RISKPRIOR-20260728062026,2026-07-28T06:20:28.344471
HOSP-001,DEPT-ADM,2026-10-11,High,Limited,0.5,4,RISKPRIOR-20260728062026,2026-07-28T06:20:28.344471
HOSP-001,DEPT-ED,2026-10-11,Moderate,Sufficient,0.8333333333333334,4,RISKPRIOR-20260728062026,2026-07-28T06:20:28.344471
HOSP-001,DEPT-PEX,2026-10-11,High,Limited,0.5,4,RISKPRIOR-20260728062026,2026-07-28T06:20:28.344471
HOSP-001,DEPT-ICU,2026-10-12,Moderate,Sufficient,0.6666666666666666,4,RISKPRIOR-20260728062026,2026-07-28T06:20:28.344471
HOSP-001,DEPT-MED,2026-10-12,Moderate,Sufficient,0.6666666666666666,4,RISKPRIOR-20260728062026,2026-07-28T06:20:28.344471
HOSP-001,DEPT-ADM,2026-10-12,High,Limited,0.5,4,RISKPRIOR-20260728062026,2026-07-28T06:20:28.344471
HOSP-001,DEPT-PEX,2026-10-12,High,Limited,0.5,4,RISKPRIOR-20260728062026,2026-07-28T06:20:28.344471
HOSP-001,DEPT-DIAG,2026-10-12,High,Limited,0.5,4,RISKPRIOR-20260728062026,2026-07-28T06:20:28.344471
HOSP-001,DEPT-SURG,2026-10-12,Moderate,Sufficient,0.6666666666666666,4,RISKPRIOR-20260728062026,2026-07-28T06:20:28.344471
HOSP-001,DEPT-OPC,2026-10-12,Moderate,Sufficient,0.8333333333333334,4,RISKPRIOR-20260728062026,2026-07-28T06:20:28.344471
HOSP-001,DEPT-ED,2026-10-12,Moderate,Sufficient,0.8333333333333334,4,RISKPRIOR-20260728062026,2026-07-28T06:20:28.344471
HOSP-001,DEPT-MED,2026-10-13,Moderate,Sufficient,0.6666666666666666,4,RISKPRIOR-20260728062026,2026-07-28T06:20:28.344471
HOSP-001,DEPT-ED,2026-10-13,Moderate,Sufficient,0.8333333333333334,4,RISKPRIOR-20260728062026,2026-07-28T06:20:28.344471
HOSP-001,DEPT-ICU,2026-10-13,Moderate,Limited,0.5,4,RISKPRIOR-20260728062026,2026-07-28T06:20:28.344471
HOSP-001,DEPT-OPC,2026-10-13,Moderate,Sufficient,0.6666666666666666,4,RISKPRIOR-20260728062026,2026-07-28T06:20:28.344471
HOSP-001,DEPT-DIAG,2026-10-13,Moderate,Sufficient,0.8333333333333334,4,RISKPRIOR-20260728062026,2026-07-28T06:20:28.344471
HOSP-001,DEPT-ADM,2026-10-13,High,Limited,0.5,4,RISKPRIOR-20260728062026,2026-07-28T06:20:28.344471
HOSP-001,DEPT-SURG,2026-10-13,Moderate,Sufficient,0.6666666666666666,4,RISKPRIOR-20260728062026,2026-07-28T06:20:28.344471
HOSP-001,DEPT-PEX,2026-10-13,High,Limited,0.5,4,RISKPRIOR-20260728062026,2026-07-28T06:20:28.344471
HOSP-001,DEPT-ED,2026-10-14,Moderate,Sufficient,0.8333333333333334,4,RISKPRIOR-20260728062026,2026-07-28T06:20:28.344471
HOSP-001,DEPT-ICU,2026-10-14,Moderate,Limited,0.5,4,RISKPRIOR-20260728062026,2026-07-28T06:20:28.344471
HOSP-001,DEPT-DIAG,2026-10-14,Moderate,Sufficient,0.8333333333333334,4,RISKPRIOR-20260728062026,2026-07-28T06:20:28.344471
HOSP-001,DEPT-SURG,2026-10-14,Moderate,Sufficient,0.6666666666666666,4,RISKPRIOR-20260728062026,2026-07-28T06:20:28.344471
HOSP-001,DEPT-OPC,2026-10-14,Moderate,Sufficient,0.8333333333333334,4,RISKPRIOR-20260728062026,2026-07-28T06:20:28.344471
HOSP-001,DEPT-ADM,2026-10-14,High,Limited,0.5,4,RISKPRIOR-20260728062026,2026-07-28T06:20:28.344471
HOSP-001,DEPT-PEX,2026-10-14,High,Limited,0.3333333333333333,4,RISKPRIOR-20260728062026,2026-07-28T06:20:28.344471
HOSP-001,DEPT-MED,2026-10-14,Moderate,Limited,0.5,4,RISKPRIOR-20260728062026,2026-07-28T06:20:28.344471
HOSP-001,DEPT-DIAG,2026-10-15,Moderate,Sufficient,0.8333333333333334,4,RISKPRIOR-20260728062026,2026-07-28T06:20:28.344471
HOSP-001,DEPT-MED,2026-10-15,Moderate,Limited,0.5,4,RISKPRIOR-20260728062026,2026-07-28T06:20:28.344471
HOSP-001,DEPT-ICU,2026-10-15,Moderate,Sufficient,0.6666666666666666,4,RISKPRIOR-20260728062026,2026-07-28T06:20:28.344471
HOSP-001,DEPT-OPC,2026-10-15,Moderate,Sufficient,0.8333333333333334,4,RISKPRIOR-20260728062026,2026-07-28T06:20:28.344471
HOSP-001,DEPT-ADM,2026-10-15,High,Limited,0.5,4,RISKPRIOR-20260728062026,2026-07-28T06:20:28.344471
HOSP-001,DEPT-ED,2026-10-15,Moderate,Sufficient,0.8333333333333334,4,RISKPRIOR-20260728062026,2026-07-28T06:20:28.344471
HOSP-001,DEPT-PEX,2026-10-15,High,Limited,0.5,4,RISKPRIOR-20260728062026,2026-07-28T06:20:28.344471
HOSP-001,DEPT-SURG,2026-10-15,Moderate,Sufficient,0.6666666666666666,4,RISKPRIOR-20260728062026,2026-07-28T06:20:28.344471
HOSP-001,DEPT-ED,2026-10-16,Moderate,Sufficient,0.8333333333333334,4,RISKPRIOR-20260728062026,2026-07-28T06:20:28.344471
HOSP-001,DEPT-SURG,2026-10-16,Moderate,Sufficient,0.6666666666666666,4,RISKPRIOR-20260728062026,2026-07-28T06:20:28.344471
HOSP-001,DEPT-MED,2026-10-16,Moderate,Sufficient,0.6666666666666666,4,RISKPRIOR-20260728062026,2026-07-28T06:20:28.344471
HOSP-001,DEPT-ICU,2026-10-16,Moderate,Sufficient,0.6666666666666666,4,RISKPRIOR-20260728062026,2026-07-28T06:20:28.344471
HOSP-001,DEPT-OPC,2026-10-16,Moderate,Sufficient,0.8333333333333334,4,RISKPRIOR-20260728062026,2026-07-28T06:20:28.344471
HOSP-001,DEPT-ADM,2026-10-16,High,Limited,0.5,4,RISKPRIOR-20260728062026,2026-07-28T06:20:28.344471
HOSP-001,DEPT-DIAG,2026-10-16,Moderate,Sufficient,0.8333333333333334,4,RISKPRIOR-20260728062026,2026-07-28T06:20:28.344471
HOSP-001,DEPT-PEX,2026-10-16,High,Limited,0.5,4,RISKPRIOR-20260728062026,2026-07-28T06:20:28.344471
HOSP-001,DEPT-DIAG,2026-10-17,Moderate,Sufficient,0.8333333333333334,4,RISKPRIOR-20260728062026,2026-07-28T06:20:28.344471
HOSP-001,DEPT-OPC,2026-10-17,Moderate,Sufficient,0.8333333333333334,4,RISKPRIOR-20260728062026,2026-07-28T06:20:28.344471
HOSP-001,DEPT-ICU,2026-10-17,Moderate,Sufficient,0.6666666666666666,4,RISKPRIOR-20260728062026,2026-07-28T06:20:28.344471
HOSP-001,DEPT-MED,2026-10-17,Moderate,Sufficient,0.6666666666666666,4,RISKPRIOR-20260728062026,2026-07-28T06:20:28.344471
HOSP-001,DEPT-SURG,2026-10-17,Moderate,Sufficient,0.6666666666666666,4,RISKPRIOR-20260728062026,2026-07-28T06:20:28.344471
HOSP-001,DEPT-ED,2026-10-17,High,Limited,0.5,4,RISKPRIOR-20260728062026,2026-07-28T06:20:28.344471
HOSP-001,DEPT-ADM,2026-10-17,High,Limited,0.5,4,RISKPRIOR-20260728062026,2026-07-28T06:20:28.344471
HOSP-001,DEPT-PEX,2026-10-17,High,Limited,0.5,4,RISKPRIOR-20260728062026,2026-07-28T06:20:28.344471
HOSP-001,DEPT-SURG,2026-10-18,Moderate,Limited,0.5,4,RISKPRIOR-20260728062026,2026-07-28T06:20:28.344471
HOSP-001,DEPT-PEX,2026-10-18,High,Limited,0.5,4,RISKPRIOR-20260728062026,2026-07-28T06:20:28.344471
HOSP-001,DEPT-DIAG,2026-10-18,Moderate,Sufficient,0.8333333333333334,4,RISKPRIOR-20260728062026,2026-07-28T06:20:28.344471
HOSP-001,DEPT-ICU,2026-10-18,Moderate,Sufficient,0.6666666666666666,4,RISKPRIOR-20260728062026,2026-07-28T06:20:28.344471
HOSP-001,DEPT-OPC,2026-10-18,Moderate,Sufficient,0.8333333333333334,4,RISKPRIOR-20260728062026,2026-07-28T06:20:28.344471
HOSP-001,DEPT-ADM,2026-10-18,High,Limited,0.5,4,RISKPRIOR-20260728062026,2026-07-28T06:20:28.344471
HOSP-001,DEPT-ED,2026-10-18,Moderate,Sufficient,0.8333333333333334,4,RISKPRIOR-20260728062026,2026-07-28T06:20:28.344471
HOSP-001,DEPT-MED,2026-10-18,Moderate,Sufficient,0.6666666666666666,4,RISKPRIOR-20260728062026,2026-07-28T06:20:28.344471
HOSP-001,DEPT-DIAG,2026-10-19,Moderate,Sufficient,0.8333333333333334,4,RISKPRIOR-20260728062026,2026-07-28T06:20:28.344471
HOSP-001,DEPT-ED,2026-10-19,Moderate,Sufficient,0.8333333333333334,4,RISKPRIOR-20260728062026,2026-07-28T06:20:28.344471
HOSP-001,DEPT-ICU,2026-10-19,Moderate,Sufficient,0.6666666666666666,4,RISKPRIOR-20260728062026,2026-07-28T06:20:28.344471
HOSP-001,DEPT-ADM,2026-10-19,High,Limited,0.5,4,RISKPRIOR-20260728062026,2026-07-28T06:20:28.344471
HOSP-001,DEPT-MED,2026-10-19,Moderate,Sufficient,0.6666666666666666,4,RISKPRIOR-20260728062026,2026-07-28T06:20:28.344471
HOSP-001,DEPT-OPC,2026-10-19,Moderate,Sufficient,0.8333333333333334,4,RISKPRIOR-20260728062026,2026-07-28T06:20:28.344471
HOSP-001,DEPT-SURG,2026-10-19,Moderate,Sufficient,0.6666666666666666,4,RISKPRIOR-20260728062026,2026-07-28T06:20:28.344471
HOSP-001,DEPT-PEX,2026-10-19,High,Limited,0.5,4,RISKPRIOR-20260728062026,2026-07-28T06:20:28.344471
HOSP-001,DEPT-OPC,2026-10-20,Moderate,Sufficient,0.8333333333333334,4,RISKPRIOR-20260728062026,2026-07-28T06:20:28.344471
HOSP-001,DEPT-SURG,2026-10-20,Moderate,Sufficient,0.6666666666666666,4,RISKPRIOR-20260728062026,2026-07-28T06:20:28.344471
HOSP-001,DEPT-PEX,2026-10-20,High,Limited,0.5,4,RISKPRIOR-20260728062026,2026-07-28T06:20:28.344471
HOSP-001,DEPT-ED,2026-10-20,Moderate,Sufficient,0.8333333333333334,4,RISKPRIOR-20260728062026,2026-07-28T06:20:28.344471
HOSP-001,DEPT-ICU,2026-10-20,Moderate,Sufficient,0.6666666666666666,4,RISKPRIOR-20260728062026,2026-07-28T06:20:28.344471
HOSP-001,DEPT-DIAG,2026-10-20,Moderate,Sufficient,0.8333333333333334,4,RISKPRIOR-20260728062026,2026-07-28T06:20:28.344471
HOSP-001,DEPT-MED,2026-10-20,Moderate,Limited,0.5,4,RISKPRIOR-20260728062026,2026-07-28T06:20:28.344471
HOSP-001,DEPT-ADM,2026-10-20,High,Limited,0.5,4,RISKPRIOR-20260728062026,2026-07-28T06:20:28.344471
HOSP-001,DEPT-ADM,2026-10-21,High,Limited,0.5,4,RISKPRIOR-20260728062026,2026-07-28T06:20:28.344471
HOSP-001,DEPT-SURG,2026-10-21,Moderate,Sufficient,0.6666666666666666,4,RISKPRIOR-20260728062026,2026-07-28T06:20:28.344471
HOSP-001,DEPT-ED,2026-10-21,Moderate,Sufficient,0.8333333333333334,4,RISKPRIOR-20260728062026,2026-07-28T06:20:28.344471
HOSP-001,DEPT-PEX,2026-10-21,High,Limited,0.3333333333333333,4,RISKPRIOR-20260728062026,2026-07-28T06:20:28.344471
HOSP-001,DEPT-DIAG,2026-10-21,Moderate,Sufficient,0.8333333333333334,4,RISKPRIOR-20260728062026,2026-07-28T06:20:28.344471
HOSP-001,DEPT-MED,2026-10-21,Moderate,Sufficient,0.6666666666666666,4,RISKPRIOR-20260728062026,2026-07-28T06:20:28.344471
HOSP-001,DEPT-ICU,2026-10-21,Moderate,Sufficient,0.6666666666666666,4,RISKPRIOR-20260728062026,2026-07-28T06:20:28.344471
HOSP-001,DEPT-OPC,2026-10-21,High,Limited,0.5,4,RISKPRIOR-20260728062026,2026-07-28T06:20:28.344471
HOSP-001,DEPT-OPC,2026-10-22,Moderate,Sufficient,0.8333333333333334,4,RISKPRIOR-20260728062026,2026-07-28T06:20:28.344471
HOSP-001,DEPT-ICU,2026-10-22,Moderate,Sufficient,0.6666666666666666,4,RISKPRIOR-20260728062026,2026-07-28T06:20:28.344471
HOSP-001,DEPT-DIAG,2026-10-22,Moderate,Sufficient,0.8333333333333334,4,RISKPRIOR-20260728062026,2026-07-28T06:20:28.344471
HOSP-001,DEPT-SURG,2026-10-22,Moderate,Sufficient,0.6666666666666666,4,RISKPRIOR-20260728062026,2026-07-28T06:20:28.344471
HOSP-001,DEPT-MED,2026-10-22,Moderate,Sufficient,0.6666666666666666,4,RISKPRIOR-20260728062026,2026-07-28T06:20:28.344471
HOSP-001,DEPT-PEX,2026-10-22,High,Limited,0.3333333333333333,4,RISKPRIOR-20260728062026,2026-07-28T06:20:28.344471
HOSP-001,DEPT-ED,2026-10-22,Moderate,Sufficient,0.8333333333333334,4,RISKPRIOR-20260728062026,2026-07-28T06:20:28.344471
HOSP-001,DEPT-ADM,2026-10-22,High,Limited,0.5,4,RISKPRIOR-20260728062026,2026-07-28T06:20:28.344471
HOSP-001,DEPT-DIAG,2026-10-23,Moderate,Sufficient,0.8333333333333334,4,RISKPRIOR-20260728062026,2026-07-28T06:20:28.344471
HOSP-001,DEPT-ADM,2026-10-23,High,Limited,0.5,4,RISKPRIOR-20260728062026,2026-07-28T06:20:28.344471
HOSP-001,DEPT-PEX,2026-10-23,High,Limited,0.5,4,RISKPRIOR-20260728062026,2026-07-28T06:20:28.344471
HOSP-001,DEPT-ICU,2026-10-23,Moderate,Sufficient,0.6666666666666666,4,RISKPRIOR-20260728062026,2026-07-28T06:20:28.344471
HOSP-001,DEPT-SURG,2026-10-23,Moderate,Sufficient,0.6666666666666666,4,RISKPRIOR-20260728062026,2026-07-28T06:20:28.344471
HOSP-001,DEPT-OPC,2026-10-23,Moderate,Sufficient,0.8333333333333334,4,RISKPRIOR-20260728062026,2026-07-28T06:20:28.344471
HOSP-001,DEPT-MED,2026-10-23,Moderate,Sufficient,0.6666666666666666,4,RISKPRIOR-20260728062026,2026-07-28T06:20:28.344471
HOSP-001,DEPT-ED,2026-10-23,Moderate,Sufficient,0.8333333333333334,4,RISKPRIOR-20260728062026,2026-07-28T06:20:28.344471
HOSP-001,DEPT-PEX,2026-10-24,High,Limited,0.5,4,RISKPRIOR-20260728062026,2026-07-28T06:20:28.344471
HOSP-001,DEPT-ED,2026-10-24,Moderate,Sufficient,0.8333333333333334,4,RISKPRIOR-20260728062026,2026-07-28T06:20:28.344471
HOSP-001,DEPT-MED,2026-10-24,Moderate,Sufficient,0.6666666666666666,4,RISKPRIOR-20260728062026,2026-07-28T06:20:28.344471
HOSP-001,DEPT-ICU,2026-10-24,Moderate,Sufficient,0.6666666666666666,4,RISKPRIOR-20260728062026,2026-07-28T06:20:28.344471
HOSP-001,DEPT-SURG,2026-10-24,Moderate,Sufficient,0.6666666666666666,4,RISKPRIOR-20260728062026,2026-07-28T06:20:28.344471
HOSP-001,DEPT-DIAG,2026-10-24,Moderate,Sufficient,0.8333333333333334,4,RISKPRIOR-20260728062026,2026-07-28T06:20:28.344471
HOSP-001,DEPT-ADM,2026-10-24,High,Limited,0.5,4,RISKPRIOR-20260728062026,2026-07-28T06:20:28.344471
HOSP-001,DEPT-OPC,2026-10-24,Moderate,Sufficient,0.8333333333333334,4,RISKPRIOR-20260728062026,2026-07-28T06:20:28.344471
HOSP-001,DEPT-PEX,2026-10-25,High,Limited,0.5,4,RISKPRIOR-20260728062026,2026-07-28T06:20:28.344471
HOSP-001,DEPT-OPC,2026-10-25,Moderate,Sufficient,0.8333333333333334,4,RISKPRIOR-20260728062026,2026-07-28T06:20:28.344471
HOSP-001,DEPT-DIAG,2026-10-25,Moderate,Sufficient,0.8333333333333334,4,RISKPRIOR-20260728062026,2026-07-28T06:20:28.344471
HOSP-001,DEPT-MED,2026-10-25,Moderate,Sufficient,0.6666666666666666,4,RISKPRIOR-20260728062026,2026-07-28T06:20:28.344471
HOSP-001,DEPT-ICU,2026-10-25,Moderate,Sufficient,0.6666666666666666,4,RISKPRIOR-20260728062026,2026-07-28T06:20:28.344471
HOSP-001,DEPT-SURG,2026-10-25,Moderate,Limited,0.5,4,RISKPRIOR-20260728062026,2026-07-28T06:20:28.344471
HOSP-001,DEPT-ED,2026-10-25,Moderate,Sufficient,0.8333333333333334,4,RISKPRIOR-20260728062026,2026-07-28T06:20:28.344471
HOSP-001,DEPT-ADM,2026-10-25,High,Limited,0.3333333333333333,4,RISKPRIOR-20260728062026,2026-07-28T06:20:28.344471
HOSP-001,DEPT-SURG,2026-10-26,Moderate,Sufficient,0.6666666666666666,4,RISKPRIOR-20260728062026,2026-07-28T06:20:28.344471
HOSP-001,DEPT-ICU,2026-10-26,Moderate,Sufficient,0.6666666666666666,4,RISKPRIOR-20260728062026,2026-07-28T06:20:28.344471
HOSP-001,DEPT-ED,2026-10-26,High,Limited,0.5,4,RISKPRIOR-20260728062026,2026-07-28T06:20:28.344471
HOSP-001,DEPT-DIAG,2026-10-26,Moderate,Sufficient,0.6666666666666666,4,RISKPRIOR-20260728062026,2026-07-28T06:20:28.344471
HOSP-001,DEPT-MED,2026-10-26,Moderate,Limited,0.5,4,RISKPRIOR-20260728062026,2026-07-28T06:20:28.344471
HOSP-001,DEPT-PEX,2026-10-26,High,Limited,0.5,4,RISKPRIOR-20260728062026,2026-07-28T06:20:28.344471
HOSP-001,DEPT-OPC,2026-10-26,Moderate,Sufficient,0.8333333333333334,4,RISKPRIOR-20260728062026,2026-07-28T06:20:28.344471
HOSP-001,DEPT-ADM,2026-10-26,High,Limited,0.5,4,RISKPRIOR-20260728062026,2026-07-28T06:20:28.344471
HOSP-001,DEPT-DIAG,2026-10-27,Moderate,Sufficient,0.8333333333333334,4,RISKPRIOR-20260728062026,2026-07-28T06:20:28.344471
HOSP-001,DEPT-ICU,2026-10-27,Moderate,Sufficient,0.6666666666666666,4,RISKPRIOR-20260728062026,2026-07-28T06:20:28.344471
HOSP-001,DEPT-ADM,2026-10-27,High,Limited,0.5,4,RISKPRIOR-20260728062026,2026-07-28T06:20:28.344471
HOSP-001,DEPT-PEX,2026-10-27,High,Limited,0.3333333333333333,4,RISKPRIOR-20260728062026,2026-07-28T06:20:28.344471
HOSP-001,DEPT-MED,2026-10-27,Moderate,Sufficient,0.6666666666666666,4,RISKPRIOR-20260728062026,2026-07-28T06:20:28.344471
HOSP-001,DEPT-ED,2026-10-27,High,Limited,0.5,4,RISKPRIOR-20260728062026,2026-07-28T06:20:28.344471
HOSP-001,DEPT-SURG,2026-10-27,Moderate,Sufficient,0.6666666666666666,4,RISKPRIOR-20260728062026,2026-07-28T06:20:28.344471
HOSP-001,DEPT-OPC,2026-10-27,Moderate,Sufficient,0.8333333333333334,4,RISKPRIOR-20260728062026,2026-07-28T06:20:28.344471
HOSP-001,DEPT-ICU,2026-10-28,Moderate,Sufficient,0.6666666666666666,4,RISKPRIOR-20260728062026,2026-07-28T06:20:28.344471
HOSP-001,DEPT-PEX,2026-10-28,High,Limited,0.5,4,RISKPRIOR-20260728062026,2026-07-28T06:20:28.344471
HOSP-001,DEPT-DIAG,2026-10-28,Moderate,Sufficient,0.8333333333333334,4,RISKPRIOR-20260728062026,2026-07-28T06:20:28.344471
HOSP-001,DEPT-MED,2026-10-28,Moderate,Sufficient,0.6666666666666666,4,RISKPRIOR-20260728062026,2026-07-28T06:20:28.344471
HOSP-001,DEPT-ED,2026-10-28,Moderate,Sufficient,0.8333333333333334,4,RISKPRIOR-20260728062026,2026-07-28T06:20:28.344471
HOSP-001,DEPT-ADM,2026-10-28,High,Limited,0.5,4,RISKPRIOR-20260728062026,2026-07-28T06:20:28.344471
HOSP-001,DEPT-OPC,2026-10-28,High,Limited,0.5,4,RISKPRIOR-20260728062026,2026-07-28T06:20:28.344471
HOSP-001,DEPT-SURG,2026-10-28,Moderate,Sufficient,0.6666666666666666,4,RISKPRIOR-20260728062026,2026-07-28T06:20:28.344471
HOSP-001,DEPT-OPC,2026-10-29,High,Limited,0.5,4,RISKPRIOR-20260728062026,2026-07-28T06:20:28.344471
HOSP-001,DEPT-ED,2026-10-29,Moderate,Sufficient,0.8333333333333334,4,RISKPRIOR-20260728062026,2026-07-28T06:20:28.344471
HOSP-001,DEPT-MED,2026-10-29,Moderate,Sufficient,0.6666666666666666,4,RISKPRIOR-20260728062026,2026-07-28T06:20:28.344471
HOSP-001,DEPT-ICU,2026-10-29,Moderate,Sufficient,0.6666666666666666,4,RISKPRIOR-20260728062026,2026-07-28T06:20:28.344471
HOSP-001,DEPT-DIAG,2026-10-29,Moderate,Sufficient,0.8333333333333334,4,RISKPRIOR-20260728062026,2026-07-28T06:20:28.344471
HOSP-001,DEPT-PEX,2026-10-29,High,Limited,0.5,4,RISKPRIOR-20260728062026,2026-07-28T06:20:28.344471
HOSP-001,DEPT-ADM,2026-10-29,High,Limited,0.5,4,RISKPRIOR-20260728062026,2026-07-28T06:20:28.344471
HOSP-001,DEPT-SURG,2026-10-29,Moderate,Sufficient,0.6666666666666666,4,RISKPRIOR-20260728062026,2026-07-28T06:20:28.344471
HOSP-001,DEPT-DIAG,2026-10-30,Moderate,Sufficient,0.8333333333333334,4,RISKPRIOR-20260728062026,2026-07-28T06:20:28.344471
HOSP-001,DEPT-SURG,2026-10-30,Moderate,Sufficient,0.6666666666666666,4,RISKPRIOR-20260728062026,2026-07-28T06:20:28.344471
HOSP-001,DEPT-OPC,2026-10-30,Moderate,Sufficient,0.8333333333333334,4,RISKPRIOR-20260728062026,2026-07-28T06:20:28.344471
HOSP-001,DEPT-ED,2026-10-30,Moderate,Sufficient,0.8333333333333334,4,RISKPRIOR-20260728062026,2026-07-28T06:20:28.344471
HOSP-001,DEPT-MED,2026-10-30,Moderate,Sufficient,0.6666666666666666,4,RISKPRIOR-20260728062026,2026-07-28T06:20:28.344471
HOSP-001,DEPT-ICU,2026-10-30,Moderate,Sufficient,0.6666666666666666,4,RISKPRIOR-20260728062026,2026-07-28T06:20:28.344471
HOSP-001,DEPT-ADM,2026-10-30,High,Limited,0.5,4,RISKPRIOR-20260728062026,2026-07-28T06:20:28.344471
HOSP-001,DEPT-PEX,2026-10-30,High,Limited,0.3333333333333333,4,RISKPRIOR-20260728062026,2026-07-28T06:20:28.344471
HOSP-001,DEPT-ICU,2026-10-31,Moderate,Sufficient,0.6666666666666666,4,RISKPRIOR-20260728062026,2026-07-28T06:20:28.344471
HOSP-001,DEPT-DIAG,2026-10-31,High,Limited,0.5,4,RISKPRIOR-20260728062026,2026-07-28T06:20:28.344471
HOSP-001,DEPT-SURG,2026-10-31,Moderate,Limited,0.5,4,RISKPRIOR-20260728062026,2026-07-28T06:20:28.344471
HOSP-001,DEPT-ADM,2026-10-31,High,Limited,0.5,4,RISKPRIOR-20260728062026,2026-07-28T06:20:28.344471
HOSP-001,DEPT-OPC,2026-10-31,Moderate,Sufficient,0.8333333333333334,4,RISKPRIOR-20260728062026,2026-07-28T06:20:28.344471
HOSP-001,DEPT-MED,2026-10-31,Moderate,Sufficient,0.6666666666666666,4,RISKPRIOR-20260728062026,2026-07-28T06:20:28.344471
HOSP-001,DEPT-ED,2026-10-31,Moderate,Sufficient,0.8333333333333334,4,RISKPRIOR-20260728062026,2026-07-28T06:20:28.344471
HOSP-001,DEPT-PEX,2026-10-31,High,Limited,0.3333333333333333,4,RISKPRIOR-20260728062026,2026-07-28T06:20:28.344471
HOSP-001,DEPT-SURG,2026-11-01,Moderate,Limited,0.5,4,RISKPRIOR-20260728062026,2026-07-28T06:20:28.344471
HOSP-001,DEPT-DIAG,2026-11-01,Moderate,Sufficient,0.8333333333333334,4,RISKPRIOR-20260728062026,2026-07-28T06:20:28.344471
HOSP-001,DEPT-OPC,2026-11-01,Moderate,Sufficient,0.8333333333333334,4,RISKPRIOR-20260728062026,2026-07-28T06:20:28.344471
HOSP-001,DEPT-ED,2026-11-01,Moderate,Sufficient,0.8333333333333334,4,RISKPRIOR-20260728062026,2026-07-28T06:20:28.344471
HOSP-001,DEPT-ICU,2026-11-01,Moderate,Limited,0.5,4,RISKPRIOR-20260728062026,2026-07-28T06:20:28.344471
HOSP-001,DEPT-MED,2026-11-01,Moderate,Sufficient,0.6666666666666666,4,RISKPRIOR-20260728062026,2026-07-28T06:20:28.344471
HOSP-001,DEPT-ADM,2026-11-01,High,Limited,0.5,4,RISKPRIOR-20260728062026,2026-07-28T06:20:28.344471
HOSP-001,DEPT-PEX,2026-11-01,High,Limited,0.3333333333333333,4,RISKPRIOR-20260728062026,2026-07-28T06:20:28.344471
HOSP-001,DEPT-MED,2026-11-02,Moderate,Sufficient,0.6666666666666666,4,RISKPRIOR-20260728062026,2026-07-28T06:20:28.344471
HOSP-001,DEPT-ADM,2026-11-02,High,Limited,0.5,4,RISKPRIOR-20260728062026,2026-07-28T06:20:28.344471
HOSP-001,DEPT-OPC,2026-11-02,Moderate,Sufficient,0.8333333333333334,4,RISKPRIOR-20260728062026,2026-07-28T06:20:28.344471
HOSP-001,DEPT-ED,2026-11-02,Moderate,Sufficient,0.8333333333333334,4,RISKPRIOR-20260728062026,2026-07-28T06:20:28.344471
HOSP-001,DEPT-DIAG,2026-11-02,Moderate,Sufficient,0.8333333333333334,4,RISKPRIOR-20260728062026,2026-07-28T06:20:28.344471
HOSP-001,DEPT-PEX,2026-11-02,High,Limited,0.5,4,RISKPRIOR-20260728062026,2026-07-28T06:20:28.344471
HOSP-001,DEPT-SURG,2026-11-02,Moderate,Sufficient,0.6666666666666666,4,RISKPRIOR-20260728062026,2026-07-28T06:20:28.344471
HOSP-001,DEPT-ICU,2026-11-02,Moderate,Limited,0.5,4,RISKPRIOR-20260728062026,2026-07-28T06:20:28.344471
HOSP-001,DEPT-DIAG,2026-11-03,Moderate,Sufficient,0.8333333333333334,4,RISKPRIOR-20260728062026,2026-07-28T06:20:28.344471
HOSP-001,DEPT-MED,2026-11-03,Moderate,Sufficient,0.6666666666666666,4,RISKPRIOR-20260728062026,2026-07-28T06:20:28.344471
HOSP-001,DEPT-SURG,2026-11-03,Moderate,Sufficient,0.6666666666666666,4,RISKPRIOR-20260728062026,2026-07-28T06:20:28.344471
HOSP-001,DEPT-OPC,2026-11-03,Moderate,Sufficient,0.8333333333333334,4,RISKPRIOR-20260728062026,2026-07-28T06:20:28.344471
HOSP-001,DEPT-ICU,2026-11-03,Moderate,Sufficient,0.6666666666666666,4,RISKPRIOR-20260728062026,2026-07-28T06:20:28.344471
HOSP-001,DEPT-ED,2026-11-03,Moderate,Sufficient,0.8333333333333334,4,RISKPRIOR-20260728062026,2026-07-28T06:20:28.344471
HOSP-001,DEPT-ADM,2026-11-03,High,Limited,0.5,4,RISKPRIOR-20260728062026,2026-07-28T06:20:28.344471
HOSP-001,DEPT-PEX,2026-11-03,High,Limited,0.5,4,RISKPRIOR-20260728062026,2026-07-28T06:20:28.344471
HOSP-001,DEPT-PEX,2026-11-04,High,Limited,0.5,4,RISKPRIOR-20260728062026,2026-07-28T06:20:28.344471
HOSP-001,DEPT-MED,2026-11-04,Moderate,Sufficient,0.6666666666666666,4,RISKPRIOR-20260728062026,2026-07-28T06:20:28.344471
HOSP-001,DEPT-ICU,2026-11-04,Moderate,Limited,0.5,4,RISKPRIOR-20260728062026,2026-07-28T06:20:28.344471
HOSP-001,DEPT-ED,2026-11-04,Moderate,Sufficient,0.8333333333333334,4,RISKPRIOR-20260728062026,2026-07-28T06:20:28.344471
HOSP-001,DEPT-OPC,2026-11-04,Moderate,Sufficient,0.8333333333333334,4,RISKPRIOR-20260728062026,2026-07-28T06:20:28.344471
HOSP-001,DEPT-DIAG,2026-11-04,Moderate,Sufficient,0.8333333333333334,4,RISKPRIOR-20260728062026,2026-07-28T06:20:28.344471
HOSP-001,DEPT-ADM,2026-11-04,High,Limited,0.5,4,RISKPRIOR-20260728062026,2026-07-28T06:20:28.344471
HOSP-001,DEPT-SURG,2026-11-04,Moderate,Sufficient,0.6666666666666666,4,RISKPRIOR-20260728062026,2026-07-28T06:20:28.344471
HOSP-001,DEPT-DIAG,2026-11-05,Moderate,Sufficient,0.8333333333333334,4,RISKPRIOR-20260728062026,2026-07-28T06:20:28.344471
HOSP-001,DEPT-SURG,2026-11-05,Moderate,Sufficient,0.6666666666666666,4,RISKPRIOR-20260728062026,2026-07-28T06:20:28.344471
HOSP-001,DEPT-ICU,2026-11-05,Moderate,Sufficient,0.6666666666666666,4,RISKPRIOR-20260728062026,2026-07-28T06:20:28.344471
HOSP-001,DEPT-PEX,2026-11-05,High,Limited,0.5,4,RISKPRIOR-20260728062026,2026-07-28T06:20:28.344471
HOSP-001,DEPT-MED,2026-11-05,Moderate,Sufficient,0.6666666666666666,4,RISKPRIOR-20260728062026,2026-07-28T06:20:28.344471
HOSP-001,DEPT-OPC,2026-11-05,High,Limited,0.5,4,RISKPRIOR-20260728062026,2026-07-28T06:20:28.344471
HOSP-001,DEPT-ADM,2026-11-05,High,Limited,0.5,4,RISKPRIOR-20260728062026,2026-07-28T06:20:28.344471
HOSP-001,DEPT-ED,2026-11-05,High,Limited,0.5,4,RISKPRIOR-20260728062026,2026-07-28T06:20:28.344471
HOSP-001,DEPT-DIAG,2026-11-06,Moderate,Sufficient,0.8333333333333334,4,RISKPRIOR-20260728062026,2026-07-28T06:20:28.344471
HOSP-001,DEPT-ICU,2026-11-06,Moderate,Sufficient,0.6666666666666666,4,RISKPRIOR-20260728062026,2026-07-28T06:20:28.344471
HOSP-001,DEPT-ED,2026-11-06,Moderate,Sufficient,0.8333333333333334,4,RISKPRIOR-20260728062026,2026-07-28T06:20:28.344471
HOSP-001,DEPT-PEX,2026-11-06,High,Limited,0.5,4,RISKPRIOR-20260728062026,2026-07-28T06:20:28.344471
HOSP-001,DEPT-ADM,2026-11-06,High,Limited,0.5,4,RISKPRIOR-20260728062026,2026-07-28T06:20:28.344471
HOSP-001,DEPT-OPC,2026-11-06,Moderate,Sufficient,0.8333333333333334,4,RISKPRIOR-20260728062026,2026-07-28T06:20:28.344471
HOSP-001,DEPT-SURG,2026-11-06,Moderate,Sufficient,0.6666666666666666,4,RISKPRIOR-20260728062026,2026-07-28T06:20:28.344471
HOSP-001,DEPT-MED,2026-11-06,Moderate,Limited,0.5,4,RISKPRIOR-20260728062026,2026-07-28T06:20:28.344471
HOSP-001,DEPT-MED,2026-11-07,Moderate,Sufficient,0.6666666666666666,4,RISKPRIOR-20260728062026,2026-07-28T06:20:28.344471
HOSP-001,DEPT-SURG,2026-11-07,Moderate,Sufficient,0.6666666666666666,4,RISKPRIOR-20260728062026,2026-07-28T06:20:28.344471
HOSP-001,DEPT-ICU,2026-11-07,Moderate,Limited,0.5,4,RISKPRIOR-20260728062026,2026-07-28T06:20:28.344471
HOSP-001,DEPT-ADM,2026-11-07,High,Limited,0.5,4,RISKPRIOR-20260728062026,2026-07-28T06:20:28.344471
HOSP-001,DEPT-ED,2026-11-07,Moderate,Sufficient,0.8333333333333334,4,RISKPRIOR-20260728062026,2026-07-28T06:20:28.344471
HOSP-001,DEPT-DIAG,2026-11-07,High,Limited,0.5,4,RISKPRIOR-20260728062026,2026-07-28T06:20:28.344471
HOSP-001,DEPT-OPC,2026-11-07,Moderate,Sufficient,0.8333333333333334,4,RISKPRIOR-20260728062026,2026-07-28T06:20:28.344471
HOSP-001,DEPT-PEX,2026-11-07,High,Limited,0.3333333333333333,4,RISKPRIOR-20260728062026,2026-07-28T06:20:28.344471
HOSP-001,DEPT-DIAG,2026-11-08,Moderate,Sufficient,0.8333333333333334,4,RISKPRIOR-20260728062026,2026-07-28T06:20:28.344471
HOSP-001,DEPT-PEX,2026-11-08,High,Limited,0.5,4,RISKPRIOR-20260728062026,2026-07-28T06:20:28.344471
HOSP-001,DEPT-ICU,2026-11-08,Moderate,Sufficient,0.6666666666666666,4,RISKPRIOR-20260728062026,2026-07-28T06:20:28.344471
HOSP-001,DEPT-OPC,2026-11-08,Moderate,Sufficient,0.8333333333333334,4,RISKPRIOR-20260728062026,2026-07-28T06:20:28.344471
HOSP-001,DEPT-ADM,2026-11-08,High,Limited,0.5,4,RISKPRIOR-20260728062026,2026-07-28T06:20:28.344471
HOSP-001,DEPT-MED,2026-11-08,Moderate,Sufficient,0.6666666666666666,4,RISKPRIOR-20260728062026,2026-07-28T06:20:28.344471
HOSP-001,DEPT-ED,2026-11-08,Moderate,Sufficient,0.8333333333333334,4,RISKPRIOR-20260728062026,2026-07-28T06:20:28.344471
HOSP-001,DEPT-SURG,2026-11-08,Moderate,Sufficient,0.6666666666666666,4,RISKPRIOR-20260728062026,2026-07-28T06:20:28.344471
HOSP-001,DEPT-DIAG,2026-11-09,Moderate,Sufficient,0.8333333333333334,4,RISKPRIOR-20260728062026,2026-07-28T06:20:28.344471
HOSP-001,DEPT-ED,2026-11-09,Moderate,Sufficient,0.8333333333333334,4,RISKPRIOR-20260728062026,2026-07-28T06:20:28.344471
HOSP-001,DEPT-ICU,2026-11-09,Moderate,Sufficient,0.6666666666666666,4,RISKPRIOR-20260728062026,2026-07-28T06:20:28.344471
HOSP-001,DEPT-SURG,2026-11-09,Moderate,Sufficient,0.6666666666666666,4,RISKPRIOR-20260728062026,2026-07-28T06:20:28.344471
HOSP-001,DEPT-MED,2026-11-09,Moderate,Sufficient,0.6666666666666666,4,RISKPRIOR-20260728062026,2026-07-28T06:20:28.344471
HOSP-001,DEPT-ADM,2026-11-09,High,Limited,0.5,4,RISKPRIOR-20260728062026,2026-07-28T06:20:28.344471
HOSP-001,DEPT-PEX,2026-11-09,High,Limited,0.5,4,RISKPRIOR-20260728062026,2026-07-28T06:20:28.344471
HOSP-001,DEPT-OPC,2026-11-09,Moderate,Sufficient,0.6666666666666666,4,RISKPRIOR-20260728062026,2026-07-28T06:20:28.344471
HOSP-001,DEPT-PEX,2026-11-10,High,Limited,0.5,4,RISKPRIOR-20260728062026,2026-07-28T06:20:28.344471
HOSP-001,DEPT-OPC,2026-11-10,Moderate,Sufficient,0.8333333333333334,4,RISKPRIOR-20260728062026,2026-07-28T06:20:28.344471
HOSP-001,DEPT-ICU,2026-11-10,Moderate,Sufficient,0.6666666666666666,4,RISKPRIOR-20260728062026,2026-07-28T06:20:28.344471
HOSP-001,DEPT-MED,2026-11-10,Moderate,Sufficient,0.6666666666666666,4,RISKPRIOR-20260728062026,2026-07-28T06:20:28.344471
HOSP-001,DEPT-DIAG,2026-11-10,Moderate,Sufficient,0.8333333333333334,4,RISKPRIOR-20260728062026,2026-07-28T06:20:28.344471
HOSP-001,DEPT-ED,2026-11-10,High,Limited,0.5,4,RISKPRIOR-20260728062026,2026-07-28T06:20:28.344471
HOSP-001,DEPT-ADM,2026-11-10,High,Limited,0.5,4,RISKPRIOR-20260728062026,2026-07-28T06:20:28.344471
HOSP-001,DEPT-SURG,2026-11-10,Moderate,Limited,0.5,4,RISKPRIOR-20260728062026,2026-07-28T06:20:28.344471
HOSP-001,DEPT-OPC,2026-11-11,Moderate,Sufficient,0.6666666666666666,4,RISKPRIOR-20260728062026,2026-07-28T06:20:28.344471
HOSP-001,DEPT-ADM,2026-11-11,High,Limited,0.3333333333333333,4,RISKPRIOR-20260728062026,2026-07-28T06:20:28.344471
HOSP-001,DEPT-ICU,2026-11-11,Moderate,Sufficient,0.6666666666666666,4,RISKPRIOR-20260728062026,2026-07-28T06:20:28.344471
HOSP-001,DEPT-SURG,2026-11-11,Moderate,Limited,0.5,4,RISKPRIOR-20260728062026,2026-07-28T06:20:28.344471
HOSP-001,DEPT-MED,2026-11-11,Moderate,Sufficient,0.6666666666666666,4,RISKPRIOR-20260728062026,2026-07-28T06:20:28.344471
HOSP-001,DEPT-DIAG,2026-11-11,Moderate,Sufficient,0.8333333333333334,4,RISKPRIOR-20260728062026,2026-07-28T06:20:28.344471
HOSP-001,DEPT-ED,2026-11-11,Moderate,Sufficient,0.8333333333333334,4,RISKPRIOR-20260728062026,2026-07-28T06:20:28.344471
HOSP-001,DEPT-PEX,2026-11-11,High,Limited,0.5,4,RISKPRIOR-20260728062026,2026-07-28T06:20:28.344471
HOSP-001,DEPT-DIAG,2026-11-12,Moderate,Sufficient,0.8333333333333334,4,RISKPRIOR-20260728062026,2026-07-28T06:20:28.344471
HOSP-001,DEPT-ICU,2026-11-12,Moderate,Sufficient,0.6666666666666666,4,RISKPRIOR-20260728062026,2026-07-28T06:20:28.344471
HOSP-001,DEPT-OPC,2026-11-12,Moderate,Sufficient,0.6666666666666666,4,RISKPRIOR-20260728062026,2026-07-28T06:20:28.344471
HOSP-001,DEPT-SURG,2026-11-12,Moderate,Limited,0.5,4,RISKPRIOR-20260728062026,2026-07-28T06:20:28.344471
HOSP-001,DEPT-PEX,2026-11-12,High,Limited,0.5,4,RISKPRIOR-20260728062026,2026-07-28T06:20:28.344471
HOSP-001,DEPT-ADM,2026-11-12,High,Limited,0.5,4,RISKPRIOR-20260728062026,2026-07-28T06:20:28.344471
HOSP-001,DEPT-MED,2026-11-12,Moderate,Sufficient,0.6666666666666666,4,RISKPRIOR-20260728062026,2026-07-28T06:20:28.344471
HOSP-001,DEPT-ED,2026-11-12,Moderate,Sufficient,0.8333333333333334,4,RISKPRIOR-20260728062026,2026-07-28T06:20:28.344471
HOSP-001,DEPT-PEX,2026-11-13,High,Limited,0.5,4,RISKPRIOR-20260728062026,2026-07-28T06:20:28.344471
HOSP-001,DEPT-ED,2026-11-13,High,Limited,0.5,4,RISKPRIOR-20260728062026,2026-07-28T06:20:28.344471
HOSP-001,DEPT-OPC,2026-11-13,Moderate,Sufficient,0.8333333333333334,4,RISKPRIOR-20260728062026,2026-07-28T06:20:28.344471
HOSP-001,DEPT-ICU,2026-11-13,Moderate,Limited,0.5,4,RISKPRIOR-20260728062026,2026-07-28T06:20:28.344471
HOSP-001,DEPT-ADM,2026-11-13,High,Limited,0.5,4,RISKPRIOR-20260728062026,2026-07-28T06:20:28.344471
HOSP-001,DEPT-DIAG,2026-11-13,Moderate,Sufficient,0.8333333333333334,4,RISKPRIOR-20260728062026,2026-07-28T06:20:28.344471
HOSP-001,DEPT-MED,2026-11-13,Moderate,Sufficient,0.6666666666666666,4,RISKPRIOR-20260728062026,2026-07-28T06:20:28.344471
HOSP-001,DEPT-SURG,2026-11-13,Moderate,Sufficient,0.6666666666666666,4,RISKPRIOR-20260728062026,2026-07-28T06:20:28.344471
HOSP-001,DEPT-ADM,2026-11-14,High,Limited,0.5,4,RISKPRIOR-20260728062026,2026-07-28T06:20:28.344471
HOSP-001,DEPT-ICU,2026-11-14,Moderate,Sufficient,0.6666666666666666,4,RISKPRIOR-20260728062026,2026-07-28T06:20:28.344471
HOSP-001,DEPT-DIAG,2026-11-14,Moderate,Sufficient,0.8333333333333334,4,RISKPRIOR-20260728062026,2026-07-28T06:20:28.344471
HOSP-001,DEPT-SURG,2026-11-14,Moderate,Sufficient,0.6666666666666666,4,RISKPRIOR-20260728062026,2026-07-28T06:20:28.344471
HOSP-001,DEPT-MED,2026-11-14,Moderate,Sufficient,0.6666666666666666,4,RISKPRIOR-20260728062026,2026-07-28T06:20:28.344471
HOSP-001,DEPT-OPC,2026-11-14,Moderate,Sufficient,0.8333333333333334,4,RISKPRIOR-20260728062026,2026-07-28T06:20:28.344471
HOSP-001,DEPT-ED,2026-11-14,Moderate,Sufficient,0.8333333333333334,4,RISKPRIOR-20260728062026,2026-07-28T06:20:28.344471
HOSP-001,DEPT-PEX,2026-11-14,High,Limited,0.5,4,RISKPRIOR-20260728062026,2026-07-28T06:20:28.344471
HOSP-001,DEPT-DIAG,2026-11-15,Moderate,Sufficient,0.8333333333333334,4,RISKPRIOR-20260728062026,2026-07-28T06:20:28.344471
HOSP-001,DEPT-ICU,2026-11-15,Moderate,Sufficient,0.6666666666666666,4,RISKPRIOR-20260728062026,2026-07-28T06:20:28.344471
HOSP-001,DEPT-SURG,2026-11-15,Moderate,Sufficient,0.6666666666666666,4,RISKPRIOR-20260728062026,2026-07-28T06:20:28.344471
HOSP-001,DEPT-OPC,2026-11-15,Moderate,Sufficient,0.8333333333333334,4,RISKPRIOR-20260728062026,2026-07-28T06:20:28.344471
HOSP-001,DEPT-ADM,2026-11-15,High,Limited,0.5,4,RISKPRIOR-20260728062026,2026-07-28T06:20:28.344471
HOSP-001,DEPT-PEX,2026-11-15,High,Limited,0.5,4,RISKPRIOR-20260728062026,2026-07-28T06:20:28.344471
HOSP-001,DEPT-ED,2026-11-15,Moderate,Sufficient,0.8333333333333334,4,RISKPRIOR-20260728062026,2026-07-28T06:20:28.344471
HOSP-001,DEPT-MED,2026-11-15,Moderate,Sufficient,0.6666666666666666,4,RISKPRIOR-20260728062026,2026-07-28T06:20:28.344471
HOSP-001,DEPT-DIAG,2026-11-16,Moderate,Sufficient,0.8333333333333334,4,RISKPRIOR-20260728062026,2026-07-28T06:20:28.344471
HOSP-001,DEPT-ED,2026-11-16,Moderate,Sufficient,0.8333333333333334,4,RISKPRIOR-20260728062026,2026-07-28T06:20:28.344471
HOSP-001,DEPT-OPC,2026-11-16,High,Limited,0.5,4,RISKPRIOR-20260728062026,2026-07-28T06:20:28.344471
HOSP-001,DEPT-ICU,2026-11-16,Moderate,Sufficient,0.6666666666666666,4,RISKPRIOR-20260728062026,2026-07-28T06:20:28.344471
HOSP-001,DEPT-SURG,2026-11-16,Moderate,Sufficient,0.6666666666666666,4,RISKPRIOR-20260728062026,2026-07-28T06:20:28.344471
HOSP-001,DEPT-ADM,2026-11-16,High,Limited,0.3333333333333333,4,RISKPRIOR-20260728062026,2026-07-28T06:20:28.344471
HOSP-001,DEPT-MED,2026-11-16,Moderate,Limited,0.5,4,RISKPRIOR-20260728062026,2026-07-28T06:20:28.344471
HOSP-001,DEPT-PEX,2026-11-16,High,Limited,0.5,4,RISKPRIOR-20260728062026,2026-07-28T06:20:28.344471
HOSP-001,DEPT-OPC,2026-11-17,Moderate,Sufficient,0.8333333333333334,4,RISKPRIOR-20260728062026,2026-07-28T06:20:28.344471
HOSP-001,DEPT-SURG,2026-11-17,Moderate,Sufficient,0.6666666666666666,4,RISKPRIOR-20260728062026,2026-07-28T06:20:28.344471
HOSP-001,DEPT-ED,2026-11-17,Moderate,Sufficient,0.8333333333333334,4,RISKPRIOR-20260728062026,2026-07-28T06:20:28.344471
HOSP-001,DEPT-ICU,2026-11-17,Moderate,Sufficient,0.6666666666666666,4,RISKPRIOR-20260728062026,2026-07-28T06:20:28.344471
HOSP-001,DEPT-MED,2026-11-17,Moderate,Sufficient,0.6666666666666666,4,RISKPRIOR-20260728062026,2026-07-28T06:20:28.344471
HOSP-001,DEPT-ADM,2026-11-17,High,Limited,0.5,4,RISKPRIOR-20260728062026,2026-07-28T06:20:28.344471
HOSP-001,DEPT-DIAG,2026-11-17,High,Limited,0.5,4,RISKPRIOR-20260728062026,2026-07-28T06:20:28.344471
HOSP-001,DEPT-PEX,2026-11-17,High,Limited,0.5,4,RISKPRIOR-20260728062026,2026-07-28T06:20:28.344471
HOSP-001,DEPT-ED,2026-11-18,Moderate,Sufficient,0.8333333333333334,4,RISKPRIOR-20260728062026,2026-07-28T06:20:28.344471
HOSP-001,DEPT-ICU,2026-11-18,Moderate,Limited,0.5,4,RISKPRIOR-20260728062026,2026-07-28T06:20:28.344471
HOSP-001,DEPT-SURG,2026-11-18,Moderate,Sufficient,0.6666666666666666,4,RISKPRIOR-20260728062026,2026-07-28T06:20:28.344471
HOSP-001,DEPT-OPC,2026-11-18,Moderate,Sufficient,0.8333333333333334,4,RISKPRIOR-20260728062026,2026-07-28T06:20:28.344471
HOSP-001,DEPT-DIAG,2026-11-18,Moderate,Sufficient,0.8333333333333334,4,RISKPRIOR-20260728062026,2026-07-28T06:20:28.344471
HOSP-001,DEPT-MED,2026-11-18,Moderate,Sufficient,0.6666666666666666,4,RISKPRIOR-20260728062026,2026-07-28T06:20:28.344471
HOSP-001,DEPT-PEX,2026-11-18,High,Limited,0.5,4,RISKPRIOR-20260728062026,2026-07-28T06:20:28.344471
HOSP-001,DEPT-ADM,2026-11-18,High,Limited,0.5,4,RISKPRIOR-20260728062026,2026-07-28T06:20:28.344471
HOSP-001,DEPT-OPC,2026-11-19,Moderate,Sufficient,0.8333333333333334,4,RISKPRIOR-20260728062026,2026-07-28T06:20:28.344471
HOSP-001,DEPT-ICU,2026-11-19,Moderate,Sufficient,0.6666666666666666,4,RISKPRIOR-20260728062026,2026-07-28T06:20:28.344471
HOSP-001,DEPT-DIAG,2026-11-19,Moderate,Sufficient,0.8333333333333334,4,RISKPRIOR-20260728062026,2026-07-28T06:20:28.344471
HOSP-001,DEPT-SURG,2026-11-19,Moderate,Sufficient,0.6666666666666666,4,RISKPRIOR-20260728062026,2026-07-28T06:20:28.344471
HOSP-001,DEPT-MED,2026-11-19,Moderate,Limited,0.5,4,RISKPRIOR-20260728062026,2026-07-28T06:20:28.344471
HOSP-001,DEPT-ADM,2026-11-19,High,Limited,0.5,4,RISKPRIOR-20260728062026,2026-07-28T06:20:28.344471
HOSP-001,DEPT-ED,2026-11-19,Moderate,Sufficient,0.8333333333333334,4,RISKPRIOR-20260728062026,2026-07-28T06:20:28.344471
HOSP-001,DEPT-PEX,2026-11-19,High,Limited,0.3333333333333333,4,RISKPRIOR-20260728062026,2026-07-28T06:20:28.344471
HOSP-001,DEPT-ICU,2026-11-20,Moderate,Sufficient,0.6666666666666666,4,RISKPRIOR-20260728062026,2026-07-28T06:20:28.344471
HOSP-001,DEPT-MED,2026-11-20,Moderate,Sufficient,0.6666666666666666,4,RISKPRIOR-20260728062026,2026-07-28T06:20:28.344471
HOSP-001,DEPT-OPC,2026-11-20,Moderate,Sufficient,0.8333333333333334,4,RISKPRIOR-20260728062026,2026-07-28T06:20:28.344471
HOSP-001,DEPT-ED,2026-11-20,Moderate,Sufficient,0.8333333333333334,4,RISKPRIOR-20260728062026,2026-07-28T06:20:28.344471
HOSP-001,DEPT-SURG,2026-11-20,Moderate,Limited,0.5,4,RISKPRIOR-20260728062026,2026-07-28T06:20:28.344471
HOSP-001,DEPT-DIAG,2026-11-20,Moderate,Sufficient,0.8333333333333334,4,RISKPRIOR-20260728062026,2026-07-28T06:20:28.344471
HOSP-001,DEPT-PEX,2026-11-20,High,Limited,0.5,4,RISKPRIOR-20260728062026,2026-07-28T06:20:28.344471
HOSP-001,DEPT-ADM,2026-11-20,High,Limited,0.5,4,RISKPRIOR-20260728062026,2026-07-28T06:20:28.344471
HOSP-001,DEPT-ADM,2026-11-21,High,Limited,0.5,4,RISKPRIOR-20260728062026,2026-07-28T06:20:28.344471
HOSP-001,DEPT-DIAG,2026-11-21,Moderate,Sufficient,0.8333333333333334,4,RISKPRIOR-20260728062026,2026-07-28T06:20:28.344471
HOSP-001,DEPT-SURG,2026-11-21,Moderate,Sufficient,0.6666666666666666,4,RISKPRIOR-20260728062026,2026-07-28T06:20:28.344471
HOSP-001,DEPT-OPC,2026-11-21,Moderate,Sufficient,0.8333333333333334,4,RISKPRIOR-20260728062026,2026-07-28T06:20:28.344471
HOSP-001,DEPT-ED,2026-11-21,Moderate,Sufficient,0.8333333333333334,4,RISKPRIOR-20260728062026,2026-07-28T06:20:28.344471
HOSP-001,DEPT-MED,2026-11-21,Moderate,Limited,0.5,4,RISKPRIOR-20260728062026,2026-07-28T06:20:28.344471
HOSP-001,DEPT-ICU,2026-11-21,Moderate,Sufficient,0.6666666666666666,4,RISKPRIOR-20260728062026,2026-07-28T06:20:28.344471
HOSP-001,DEPT-PEX,2026-11-21,High,Limited,0.5,4,RISKPRIOR-20260728062026,2026-07-28T06:20:28.344471
HOSP-001,DEPT-MED,2026-11-22,Moderate,Sufficient,0.6666666666666666,4,RISKPRIOR-20260728062026,2026-07-28T06:20:28.344471
HOSP-001,DEPT-SURG,2026-11-22,Moderate,Sufficient,0.6666666666666666,4,RISKPRIOR-20260728062026,2026-07-28T06:20:28.344471
HOSP-001,DEPT-ICU,2026-11-22,Moderate,Sufficient,0.6666666666666666,4,RISKPRIOR-20260728062026,2026-07-28T06:20:28.344471
HOSP-001,DEPT-OPC,2026-11-22,Moderate,Sufficient,0.8333333333333334,4,RISKPRIOR-20260728062026,2026-07-28T06:20:28.344471
HOSP-001,DEPT-ADM,2026-11-22,High,Limited,0.5,4,RISKPRIOR-20260728062026,2026-07-28T06:20:28.344471
HOSP-001,DEPT-ED,2026-11-22,Moderate,Sufficient,0.8333333333333334,4,RISKPRIOR-20260728062026,2026-07-28T06:20:28.344471
HOSP-001,DEPT-DIAG,2026-11-22,Moderate,Sufficient,0.8333333333333334,4,RISKPRIOR-20260728062026,2026-07-28T06:20:28.344471
HOSP-001,DEPT-PEX,2026-11-22,High,Limited,0.3333333333333333,4,RISKPRIOR-20260728062026,2026-07-28T06:20:28.344471
HOSP-001,DEPT-DIAG,2026-11-23,Moderate,Sufficient,0.8333333333333334,4,RISKPRIOR-20260728062026,2026-07-28T06:20:28.344471
HOSP-001,DEPT-MED,2026-11-23,Moderate,Limited,0.5,4,RISKPRIOR-20260728062026,2026-07-28T06:20:28.344471
HOSP-001,DEPT-SURG,2026-11-23,Moderate,Sufficient,0.6666666666666666,4,RISKPRIOR-20260728062026,2026-07-28T06:20:28.344471
HOSP-001,DEPT-ICU,2026-11-23,Moderate,Sufficient,0.6666666666666666,4,RISKPRIOR-20260728062026,2026-07-28T06:20:28.344471
HOSP-001,DEPT-OPC,2026-11-23,Moderate,Sufficient,0.8333333333333334,4,RISKPRIOR-20260728062026,2026-07-28T06:20:28.344471
HOSP-001,DEPT-ED,2026-11-23,High,Limited,0.5,4,RISKPRIOR-20260728062026,2026-07-28T06:20:28.344471
HOSP-001,DEPT-PEX,2026-11-23,High,Limited,0.5,4,RISKPRIOR-20260728062026,2026-07-28T06:20:28.344471
HOSP-001,DEPT-ADM,2026-11-23,High,Limited,0.5,4,RISKPRIOR-20260728062026,2026-07-28T06:20:28.344471
HOSP-001,DEPT-SURG,2026-11-24,Moderate,Sufficient,0.6666666666666666,4,RISKPRIOR-20260728062026,2026-07-28T06:20:28.344471
HOSP-001,DEPT-DIAG,2026-11-24,Moderate,Sufficient,0.6666666666666666,4,RISKPRIOR-20260728062026,2026-07-28T06:20:28.344471
HOSP-001,DEPT-ICU,2026-11-24,Moderate,Sufficient,0.6666666666666666,4,RISKPRIOR-20260728062026,2026-07-28T06:20:28.344471
HOSP-001,DEPT-ED,2026-11-24,Moderate,Sufficient,0.8333333333333334,4,RISKPRIOR-20260728062026,2026-07-28T06:20:28.344471
HOSP-001,DEPT-PEX,2026-11-24,High,Limited,0.5,4,RISKPRIOR-20260728062026,2026-07-28T06:20:28.344471
HOSP-001,DEPT-OPC,2026-11-24,Moderate,Sufficient,0.8333333333333334,4,RISKPRIOR-20260728062026,2026-07-28T06:20:28.344471
HOSP-001,DEPT-MED,2026-11-24,Moderate,Sufficient,0.6666666666666666,4,RISKPRIOR-20260728062026,2026-07-28T06:20:28.344471
HOSP-001,DEPT-ADM,2026-11-24,High,Limited,0.5,4,RISKPRIOR-20260728062026,2026-07-28T06:20:28.344471
HOSP-001,DEPT-MED,2026-11-25,Moderate,Sufficient,0.6666666666666666,4,RISKPRIOR-20260728062026,2026-07-28T06:20:28.344471
HOSP-001,DEPT-DIAG,2026-11-25,Moderate,Sufficient,0.8333333333333334,4,RISKPRIOR-20260728062026,2026-07-28T06:20:28.344471
HOSP-001,DEPT-ICU,2026-11-25,Moderate,Limited,0.5,4,RISKPRIOR-20260728062026,2026-07-28T06:20:28.344471
HOSP-001,DEPT-SURG,2026-11-25,Moderate,Sufficient,0.6666666666666666,4,RISKPRIOR-20260728062026,2026-07-28T06:20:28.344471
HOSP-001,DEPT-ED,2026-11-25,High,Limited,0.5,4,RISKPRIOR-20260728062026,2026-07-28T06:20:28.344471
HOSP-001,DEPT-OPC,2026-11-25,Moderate,Sufficient,0.8333333333333334,4,RISKPRIOR-20260728062026,2026-07-28T06:20:28.344471
HOSP-001,DEPT-PEX,2026-11-25,High,Limited,0.5,4,RISKPRIOR-20260728062026,2026-07-28T06:20:28.344471
HOSP-001,DEPT-ADM,2026-11-25,High,Limited,0.3333333333333333,4,RISKPRIOR-20260728062026,2026-07-28T06:20:28.344471
HOSP-001,DEPT-DIAG,2026-11-26,Moderate,Sufficient,0.6666666666666666,4,RISKPRIOR-20260728062026,2026-07-28T06:20:28.344471
HOSP-001,DEPT-ICU,2026-11-26,Moderate,Sufficient,0.6666666666666666,4,RISKPRIOR-20260728062026,2026-07-28T06:20:28.344471
HOSP-001,DEPT-ED,2026-11-26,Moderate,Sufficient,0.8333333333333334,4,RISKPRIOR-20260728062026,2026-07-28T06:20:28.344471
HOSP-001,DEPT-MED,2026-11-26,Moderate,Sufficient,0.6666666666666666,4,RISKPRIOR-20260728062026,2026-07-28T06:20:28.344471
HOSP-001,DEPT-SURG,2026-11-26,Moderate,Sufficient,0.6666666666666666,4,RISKPRIOR-20260728062026,2026-07-28T06:20:28.344471
HOSP-001,DEPT-PEX,2026-11-26,High,Limited,0.5,4,RISKPRIOR-20260728062026,2026-07-28T06:20:28.344471
HOSP-001,DEPT-OPC,2026-11-26,Moderate,Sufficient,0.8333333333333334,4,RISKPRIOR-20260728062026,2026-07-28T06:20:28.344471
HOSP-001,DEPT-ADM,2026-11-26,High,Limited,0.5,4,RISKPRIOR-20260728062026,2026-07-28T06:20:28.344471
HOSP-001,DEPT-ED,2026-11-27,Moderate,Sufficient,0.8333333333333334,4,RISKPRIOR-20260728062026,2026-07-28T06:20:28.344471
HOSP-001,DEPT-SURG,2026-11-27,Moderate,Sufficient,0.6666666666666666,4,RISKPRIOR-20260728062026,2026-07-28T06:20:28.344471
HOSP-001,DEPT-ADM,2026-11-27,High,Limited,0.5,4,RISKPRIOR-20260728062026,2026-07-28T06:20:28.344471
HOSP-001,DEPT-DIAG,2026-11-27,Moderate,Sufficient,0.8333333333333334,4,RISKPRIOR-20260728062026,2026-07-28T06:20:28.344471
HOSP-001,DEPT-PEX,2026-11-27,High,Limited,0.5,4,RISKPRIOR-20260728062026,2026-07-28T06:20:28.344471
HOSP-001,DEPT-ICU,2026-11-27,Moderate,Sufficient,0.6666666666666666,4,RISKPRIOR-20260728062026,2026-07-28T06:20:28.344471
HOSP-001,DEPT-MED,2026-11-27,Moderate,Sufficient,0.6666666666666666,4,RISKPRIOR-20260728062026,2026-07-28T06:20:28.344471
HOSP-001,DEPT-OPC,2026-11-27,Moderate,Sufficient,0.8333333333333334,4,RISKPRIOR-20260728062026,2026-07-28T06:20:28.344471
HOSP-001,DEPT-OPC,2026-11-28,Moderate,Sufficient,0.6666666666666666,4,RISKPRIOR-20260728062026,2026-07-28T06:20:28.344471
HOSP-001,DEPT-ICU,2026-11-28,Moderate,Sufficient,0.6666666666666666,4,RISKPRIOR-20260728062026,2026-07-28T06:20:28.344471
HOSP-001,DEPT-SURG,2026-11-28,Moderate,Sufficient,0.6666666666666666,4,RISKPRIOR-20260728062026,2026-07-28T06:20:28.344471
HOSP-001,DEPT-ED,2026-11-28,Moderate,Sufficient,0.8333333333333334,4,RISKPRIOR-20260728062026,2026-07-28T06:20:28.344471
HOSP-001,DEPT-DIAG,2026-11-28,Moderate,Sufficient,0.8333333333333334,4,RISKPRIOR-20260728062026,2026-07-28T06:20:28.344471
HOSP-001,DEPT-MED,2026-11-28,Moderate,Limited,0.5,4,RISKPRIOR-20260728062026,2026-07-28T06:20:28.344471
HOSP-001,DEPT-PEX,2026-11-28,High,Limited,0.5,4,RISKPRIOR-20260728062026,2026-07-28T06:20:28.344471
HOSP-001,DEPT-ADM,2026-11-28,High,Limited,0.5,4,RISKPRIOR-20260728062026,2026-07-28T06:20:28.344471
HOSP-001,DEPT-ICU,2026-11-29,Moderate,Sufficient,0.6666666666666666,4,RISKPRIOR-20260728062026,2026-07-28T06:20:28.344471
HOSP-001,DEPT-ADM,2026-11-29,High,Limited,0.5,4,RISKPRIOR-20260728062026,2026-07-28T06:20:28.344471
HOSP-001,DEPT-SURG,2026-11-29,Moderate,Sufficient,0.6666666666666666,4,RISKPRIOR-20260728062026,2026-07-28T06:20:28.344471
HOSP-001,DEPT-ED,2026-11-29,Moderate,Sufficient,0.8333333333333334,4,RISKPRIOR-20260728062026,2026-07-28T06:20:28.344471
HOSP-001,DEPT-MED,2026-11-29,Moderate,Sufficient,0.6666666666666666,4,RISKPRIOR-20260728062026,2026-07-28T06:20:28.344471
HOSP-001,DEPT-PEX,2026-11-29,High,Limited,0.5,4,RISKPRIOR-20260728062026,2026-07-28T06:20:28.344471
HOSP-001,DEPT-DIAG,2026-11-29,High,Limited,0.5,4,RISKPRIOR-20260728062026,2026-07-28T06:20:28.344471
HOSP-001,DEPT-OPC,2026-11-29,High,Limited,0.5,4,RISKPRIOR-20260728062026,2026-07-28T06:20:28.344471
HOSP-001,DEPT-ICU,2026-11-30,Moderate,Sufficient,0.6666666666666666,4,RISKPRIOR-20260728062026,2026-07-28T06:20:28.344471
HOSP-001,DEPT-OPC,2026-11-30,Moderate,Sufficient,0.8333333333333334,4,RISKPRIOR-20260728062026,2026-07-28T06:20:28.344471
HOSP-001,DEPT-SURG,2026-11-30,Moderate,Sufficient,0.6666666666666666,4,RISKPRIOR-20260728062026,2026-07-28T06:20:28.344471
HOSP-001,DEPT-ADM,2026-11-30,High,Limited,0.5,4,RISKPRIOR-20260728062026,2026-07-28T06:20:28.344471
HOSP-001,DEPT-DIAG,2026-11-30,Moderate,Sufficient,0.8333333333333334,4,RISKPRIOR-20260728062026,2026-07-28T06:20:28.344471
HOSP-001,DEPT-ED,2026-11-30,Moderate,Sufficient,0.8333333333333334,4,RISKPRIOR-20260728062026,2026-07-28T06:20:28.344471
HOSP-001,DEPT-MED,2026-11-30,Moderate,Limited,0.5,4,RISKPRIOR-20260728062026,2026-07-28T06:20:28.344471
HOSP-001,DEPT-PEX,2026-11-30,High,Limited,0.5,4,RISKPRIOR-20260728062026,2026-07-28T06:20:28.344471
HOSP-001,DEPT-SURG,2026-12-01,Moderate,Limited,0.5,4,RISKPRIOR-20260728062026,2026-07-28T06:20:28.344471
HOSP-001,DEPT-MED,2026-12-01,Moderate,Sufficient,0.6666666666666666,4,RISKPRIOR-20260728062026,2026-07-28T06:20:28.344471
HOSP-001,DEPT-ICU,2026-12-01,Moderate,Sufficient,0.6666666666666666,4,RISKPRIOR-20260728062026,2026-07-28T06:20:28.344471
HOSP-001,DEPT-DIAG,2026-12-01,Moderate,Sufficient,0.8333333333333334,4,RISKPRIOR-20260728062026,2026-07-28T06:20:28.344471
HOSP-001,DEPT-ADM,2026-12-01,High,Limited,0.5,4,RISKPRIOR-20260728062026,2026-07-28T06:20:28.344471
HOSP-001,DEPT-ED,2026-12-01,High,Limited,0.5,4,RISKPRIOR-20260728062026,2026-07-28T06:20:28.344471
HOSP-001,DEPT-OPC,2026-12-01,Moderate,Sufficient,0.8333333333333334,4,RISKPRIOR-20260728062026,2026-07-28T06:20:28.344471
HOSP-001,DEPT-PEX,2026-12-01,High,Limited,0.5,4,RISKPRIOR-20260728062026,2026-07-28T06:20:28.344471
HOSP-001,DEPT-ADM,2026-12-02,High,Limited,0.5,4,RISKPRIOR-20260728062026,2026-07-28T06:20:28.344471
HOSP-001,DEPT-SURG,2026-12-02,Moderate,Sufficient,0.6666666666666666,4,RISKPRIOR-20260728062026,2026-07-28T06:20:28.344471
HOSP-001,DEPT-DIAG,2026-12-02,Moderate,Sufficient,0.8333333333333334,4,RISKPRIOR-20260728062026,2026-07-28T06:20:28.344471
HOSP-001,DEPT-ICU,2026-12-02,Moderate,Limited,0.5,4,RISKPRIOR-20260728062026,2026-07-28T06:20:28.344471
HOSP-001,DEPT-MED,2026-12-02,Moderate,Sufficient,0.6666666666666666,4,RISKPRIOR-20260728062026,2026-07-28T06:20:28.344471
HOSP-001,DEPT-PEX,2026-12-02,High,Limited,0.5,4,RISKPRIOR-20260728062026,2026-07-28T06:20:28.344471
HOSP-001,DEPT-OPC,2026-12-02,Moderate,Sufficient,0.8333333333333334,4,RISKPRIOR-20260728062026,2026-07-28T06:20:28.344471
HOSP-001,DEPT-ED,2026-12-02,Moderate,Sufficient,0.8333333333333334,4,RISKPRIOR-20260728062026,2026-07-28T06:20:28.344471
HOSP-001,DEPT-SURG,2026-12-03,Moderate,Limited,0.5,4,RISKPRIOR-20260728062026,2026-07-28T06:20:28.344471
HOSP-001,DEPT-ED,2026-12-03,Moderate,Sufficient,0.8333333333333334,4,RISKPRIOR-20260728062026,2026-07-28T06:20:28.344471
HOSP-001,DEPT-OPC,2026-12-03,Moderate,Sufficient,0.8333333333333334,4,RISKPRIOR-20260728062026,2026-07-28T06:20:28.344471
HOSP-001,DEPT-ICU,2026-12-03,Moderate,Sufficient,0.6666666666666666,4,RISKPRIOR-20260728062026,2026-07-28T06:20:28.344471
HOSP-001,DEPT-MED,2026-12-03,Moderate,Limited,0.5,4,RISKPRIOR-20260728062026,2026-07-28T06:20:28.344471
HOSP-001,DEPT-ADM,2026-12-03,High,Limited,0.5,4,RISKPRIOR-20260728062026,2026-07-28T06:20:28.344471
HOSP-001,DEPT-DIAG,2026-12-03,High,Limited,0.5,4,RISKPRIOR-20260728062026,2026-07-28T06:20:28.344471
HOSP-001,DEPT-PEX,2026-12-03,High,Limited,0.5,4,RISKPRIOR-20260728062026,2026-07-28T06:20:28.344471
HOSP-001,DEPT-OPC,2026-12-04,Moderate,Sufficient,0.8333333333333334,4,RISKPRIOR-20260728062026,2026-07-28T06:20:28.344471
HOSP-001,DEPT-SURG,2026-12-04,Moderate,Sufficient,0.6666666666666666,4,RISKPRIOR-20260728062026,2026-07-28T06:20:28.344471
HOSP-001,DEPT-ED,2026-12-04,Moderate,Sufficient,0.8333333333333334,4,RISKPRIOR-20260728062026,2026-07-28T06:20:28.344471
HOSP-001,DEPT-ICU,2026-12-04,Moderate,Sufficient,0.6666666666666666,4,RISKPRIOR-20260728062026,2026-07-28T06:20:28.344471
HOSP-001,DEPT-ADM,2026-12-04,High,Limited,0.5,4,RISKPRIOR-20260728062026,2026-07-28T06:20:28.344471
HOSP-001,DEPT-DIAG,2026-12-04,High,Limited,0.5,4,RISKPRIOR-20260728062026,2026-07-28T06:20:28.344471
HOSP-001,DEPT-MED,2026-12-04,Moderate,Sufficient,0.6666666666666666,4,RISKPRIOR-20260728062026,2026-07-28T06:20:28.344471
HOSP-001,DEPT-PEX,2026-12-04,High,Limited,0.5,4,RISKPRIOR-20260728062026,2026-07-28T06:20:28.344471
HOSP-001,DEPT-ICU,2026-12-05,Moderate,Sufficient,0.6666666666666666,4,RISKPRIOR-20260728062026,2026-07-28T06:20:28.344471
HOSP-001,DEPT-SURG,2026-12-05,Moderate,Sufficient,0.6666666666666666,4,RISKPRIOR-20260728062026,2026-07-28T06:20:28.344471
HOSP-001,DEPT-DIAG,2026-12-05,Moderate,Sufficient,0.8333333333333334,4,RISKPRIOR-20260728062026,2026-07-28T06:20:28.344471
HOSP-001,DEPT-ADM,2026-12-05,High,Limited,0.5,4,RISKPRIOR-20260728062026,2026-07-28T06:20:28.344471
HOSP-001,DEPT-OPC,2026-12-05,Moderate,Sufficient,0.8333333333333334,4,RISKPRIOR-20260728062026,2026-07-28T06:20:28.344471
HOSP-001,DEPT-ED,2026-12-05,Moderate,Sufficient,0.8333333333333334,4,RISKPRIOR-20260728062026,2026-07-28T06:20:28.344471
HOSP-001,DEPT-MED,2026-12-05,Moderate,Sufficient,0.6666666666666666,4,RISKPRIOR-20260728062026,2026-07-28T06:20:28.344471
HOSP-001,DEPT-PEX,2026-12-05,High,Limited,0.3333333333333333,4,RISKPRIOR-20260728062026,2026-07-28T06:20:28.344471
HOSP-001,DEPT-PEX,2026-12-06,High,Limited,0.3333333333333333,4,RISKPRIOR-20260728062026,2026-07-28T06:20:28.344471
HOSP-001,DEPT-ADM,2026-12-06,High,Limited,0.5,4,RISKPRIOR-20260728062026,2026-07-28T06:20:28.344471
HOSP-001,DEPT-ICU,2026-12-06,Moderate,Sufficient,0.6666666666666666,4,RISKPRIOR-20260728062026,2026-07-28T06:20:28.344471
HOSP-001,DEPT-OPC,2026-12-06,Moderate,Sufficient,0.8333333333333334,4,RISKPRIOR-20260728062026,2026-07-28T06:20:28.344471
HOSP-001,DEPT-DIAG,2026-12-06,Moderate,Sufficient,0.8333333333333334,4,RISKPRIOR-20260728062026,2026-07-28T06:20:28.344471
HOSP-001,DEPT-MED,2026-12-06,Moderate,Sufficient,0.6666666666666666,4,RISKPRIOR-20260728062026,2026-07-28T06:20:28.344471
HOSP-001,DEPT-SURG,2026-12-06,Moderate,Sufficient,0.6666666666666666,4,RISKPRIOR-20260728062026,2026-07-28T06:20:28.344471
HOSP-001,DEPT-ED,2026-12-06,Moderate,Sufficient,0.8333333333333334,4,RISKPRIOR-20260728062026,2026-07-28T06:20:28.344471
HOSP-001,DEPT-DIAG,2026-12-07,Moderate,Sufficient,0.8333333333333334,4,RISKPRIOR-20260728062026,2026-07-28T06:20:28.344471
HOSP-001,DEPT-PEX,2026-12-07,High,Limited,0.3333333333333333,4,RISKPRIOR-20260728062026,2026-07-28T06:20:28.344471
HOSP-001,DEPT-ICU,2026-12-07,Moderate,Sufficient,0.6666666666666666,4,RISKPRIOR-20260728062026,2026-07-28T06:20:28.344471
HOSP-001,DEPT-SURG,2026-12-07,Moderate,Sufficient,0.6666666666666666,4,RISKPRIOR-20260728062026,2026-07-28T06:20:28.344471
HOSP-001,DEPT-MED,2026-12-07,Moderate,Limited,0.5,4,RISKPRIOR-20260728062026,2026-07-28T06:20:28.344471
HOSP-001,DEPT-ADM,2026-12-07,High,Limited,0.5,4,RISKPRIOR-20260728062026,2026-07-28T06:20:28.344471
HOSP-001,DEPT-ED,2026-12-07,Moderate,Sufficient,0.8333333333333334,4,RISKPRIOR-20260728062026,2026-07-28T06:20:28.344471
HOSP-001,DEPT-OPC,2026-12-07,Moderate,Sufficient,0.8333333333333334,4,RISKPRIOR-20260728062026,2026-07-28T06:20:28.344471
HOSP-001,DEPT-SURG,2026-12-08,Moderate,Sufficient,0.6666666666666666,4,RISKPRIOR-20260728062026,2026-07-28T06:20:28.344471
HOSP-001,DEPT-PEX,2026-12-08,High,Limited,0.5,4,RISKPRIOR-20260728062026,2026-07-28T06:20:28.344471
HOSP-001,DEPT-ICU,2026-12-08,Moderate,Sufficient,0.6666666666666666,4,RISKPRIOR-20260728062026,2026-07-28T06:20:28.344471
HOSP-001,DEPT-DIAG,2026-12-08,Moderate,Sufficient,0.6666666666666666,4,RISKPRIOR-20260728062026,2026-07-28T06:20:28.344471
HOSP-001,DEPT-ADM,2026-12-08,High,Limited,0.3333333333333333,4,RISKPRIOR-20260728062026,2026-07-28T06:20:28.344471
HOSP-001,DEPT-ED,2026-12-08,Moderate,Sufficient,0.8333333333333334,4,RISKPRIOR-20260728062026,2026-07-28T06:20:28.344471
HOSP-001,DEPT-OPC,2026-12-08,Moderate,Sufficient,0.8333333333333334,4,RISKPRIOR-20260728062026,2026-07-28T06:20:28.344471
HOSP-001,DEPT-MED,2026-12-08,Moderate,Sufficient,0.6666666666666666,4,RISKPRIOR-20260728062026,2026-07-28T06:20:28.344471
HOSP-001,DEPT-DIAG,2026-12-09,Moderate,Sufficient,0.8333333333333334,4,RISKPRIOR-20260728062026,2026-07-28T06:20:28.344471
HOSP-001,DEPT-ICU,2026-12-09,Moderate,Sufficient,0.6666666666666666,4,RISKPRIOR-20260728062026,2026-07-28T06:20:28.344471
HOSP-001,DEPT-OPC,2026-12-09,Moderate,Sufficient,0.6666666666666666,4,RISKPRIOR-20260728062026,2026-07-28T06:20:28.344471
HOSP-001,DEPT-MED,2026-12-09,Moderate,Sufficient,0.6666666666666666,4,RISKPRIOR-20260728062026,2026-07-28T06:20:28.344471
HOSP-001,DEPT-ADM,2026-12-09,High,Limited,0.5,4,RISKPRIOR-20260728062026,2026-07-28T06:20:28.344471
HOSP-001,DEPT-ED,2026-12-09,Moderate,Sufficient,0.8333333333333334,4,RISKPRIOR-20260728062026,2026-07-28T06:20:28.344471
HOSP-001,DEPT-SURG,2026-12-09,Moderate,Limited,0.5,4,RISKPRIOR-20260728062026,2026-07-28T06:20:28.344471
HOSP-001,DEPT-PEX,2026-12-09,High,Limited,0.5,4,RISKPRIOR-20260728062026,2026-07-28T06:20:28.344471
HOSP-001,DEPT-ED,2026-12-10,Moderate,Sufficient,0.8333333333333334,4,RISKPRIOR-20260728062026,2026-07-28T06:20:28.344471
HOSP-001,DEPT-DIAG,2026-12-10,Moderate,Sufficient,0.8333333333333334,4,RISKPRIOR-20260728062026,2026-07-28T06:20:28.344471
HOSP-001,DEPT-PEX,2026-12-10,High,Limited,0.3333333333333333,4,RISKPRIOR-20260728062026,2026-07-28T06:20:28.344471
HOSP-001,DEPT-SURG,2026-12-10,Moderate,Limited,0.5,4,RISKPRIOR-20260728062026,2026-07-28T06:20:28.344471
HOSP-001,DEPT-ICU,2026-12-10,Moderate,Sufficient,0.6666666666666666,4,RISKPRIOR-20260728062026,2026-07-28T06:20:28.344471
HOSP-001,DEPT-MED,2026-12-10,Moderate,Sufficient,0.6666666666666666,4,RISKPRIOR-20260728062026,2026-07-28T06:20:28.344471
HOSP-001,DEPT-ADM,2026-12-10,High,Limited,0.5,4,RISKPRIOR-20260728062026,2026-07-28T06:20:28.344471
HOSP-001,DEPT-OPC,2026-12-10,Moderate,Sufficient,0.8333333333333334,4,RISKPRIOR-20260728062026,2026-07-28T06:20:28.344471
HOSP-001,DEPT-DIAG,2026-12-11,High,Limited,0.5,4,RISKPRIOR-20260728062026,2026-07-28T06:20:28.344471
HOSP-001,DEPT-ICU,2026-12-11,Moderate,Sufficient,0.6666666666666666,4,RISKPRIOR-20260728062026,2026-07-28T06:20:28.344471
HOSP-001,DEPT-PEX,2026-12-11,High,Limited,0.3333333333333333,4,RISKPRIOR-20260728062026,2026-07-28T06:20:28.344471
HOSP-001,DEPT-ED,2026-12-11,Moderate,Sufficient,0.8333333333333334,4,RISKPRIOR-20260728062026,2026-07-28T06:20:28.344471
HOSP-001,DEPT-MED,2026-12-11,Moderate,Sufficient,0.6666666666666666,4,RISKPRIOR-20260728062026,2026-07-28T06:20:28.344471
HOSP-001,DEPT-OPC,2026-12-11,Moderate,Sufficient,0.8333333333333334,4,RISKPRIOR-20260728062026,2026-07-28T06:20:28.344471
HOSP-001,DEPT-ADM,2026-12-11,High,Limited,0.3333333333333333,4,RISKPRIOR-20260728062026,2026-07-28T06:20:28.344471
HOSP-001,DEPT-SURG,2026-12-11,Moderate,Sufficient,0.6666666666666666,4,RISKPRIOR-20260728062026,2026-07-28T06:20:28.344471
HOSP-001,DEPT-ED,2026-12-12,Moderate,Sufficient,0.8333333333333334,4,RISKPRIOR-20260728062026,2026-07-28T06:20:28.344471
HOSP-001,DEPT-MED,2026-12-12,Moderate,Sufficient,0.6666666666666666,4,RISKPRIOR-20260728062026,2026-07-28T06:20:28.344471
HOSP-001,DEPT-DIAG,2026-12-12,Moderate,Sufficient,0.8333333333333334,4,RISKPRIOR-20260728062026,2026-07-28T06:20:28.344471
HOSP-001,DEPT-ICU,2026-12-12,Moderate,Sufficient,0.6666666666666666,4,RISKPRIOR-20260728062026,2026-07-28T06:20:28.344471
HOSP-001,DEPT-PEX,2026-12-12,High,Limited,0.5,4,RISKPRIOR-20260728062026,2026-07-28T06:20:28.344471
HOSP-001,DEPT-OPC,2026-12-12,Moderate,Sufficient,0.8333333333333334,4,RISKPRIOR-20260728062026,2026-07-28T06:20:28.344471
HOSP-001,DEPT-ADM,2026-12-12,High,Limited,0.5,4,RISKPRIOR-20260728062026,2026-07-28T06:20:28.344471
HOSP-001,DEPT-SURG,2026-12-12,Moderate,Sufficient,0.6666666666666666,4,RISKPRIOR-20260728062026,2026-07-28T06:20:28.344471
HOSP-001,DEPT-ICU,2026-12-13,Moderate,Limited,0.5,4,RISKPRIOR-20260728062026,2026-07-28T06:20:28.344471
HOSP-001,DEPT-DIAG,2026-12-13,Moderate,Sufficient,0.8333333333333334,4,RISKPRIOR-20260728062026,2026-07-28T06:20:28.344471
HOSP-001,DEPT-MED,2026-12-13,Moderate,Limited,0.5,4,RISKPRIOR-20260728062026,2026-07-28T06:20:28.344471
HOSP-001,DEPT-PEX,2026-12-13,High,Limited,0.5,4,RISKPRIOR-20260728062026,2026-07-28T06:20:28.344471
HOSP-001,DEPT-ED,2026-12-13,Moderate,Sufficient,0.8333333333333334,4,RISKPRIOR-20260728062026,2026-07-28T06:20:28.344471
HOSP-001,DEPT-ADM,2026-12-13,High,Limited,0.5,4,RISKPRIOR-20260728062026,2026-07-28T06:20:28.344471
HOSP-001,DEPT-OPC,2026-12-13,Moderate,Sufficient,0.6666666666666666,4,RISKPRIOR-20260728062026,2026-07-28T06:20:28.344471
HOSP-001,DEPT-SURG,2026-12-13,Moderate,Sufficient,0.6666666666666666,4,RISKPRIOR-20260728062026,2026-07-28T06:20:28.344471
HOSP-001,DEPT-SURG,2026-12-14,Moderate,Sufficient,0.6666666666666666,4,RISKPRIOR-20260728062026,2026-07-28T06:20:28.344471
HOSP-001,DEPT-PEX,2026-12-14,High,Limited,0.5,4,RISKPRIOR-20260728062026,2026-07-28T06:20:28.344471
HOSP-001,DEPT-ADM,2026-12-14,High,Limited,0.5,4,RISKPRIOR-20260728062026,2026-07-28T06:20:28.344471
HOSP-001,DEPT-OPC,2026-12-14,Moderate,Sufficient,0.8333333333333334,4,RISKPRIOR-20260728062026,2026-07-28T06:20:28.344471
HOSP-001,DEPT-DIAG,2026-12-14,Moderate,Sufficient,0.8333333333333334,4,RISKPRIOR-20260728062026,2026-07-28T06:20:28.344471
HOSP-001,DEPT-MED,2026-12-14,Moderate,Sufficient,0.6666666666666666,4,RISKPRIOR-20260728062026,2026-07-28T06:20:28.344471
HOSP-001,DEPT-ICU,2026-12-14,Moderate,Sufficient,0.6666666666666666,4,RISKPRIOR-20260728062026,2026-07-28T06:20:28.344471
HOSP-001,DEPT-ED,2026-12-14,High,Limited,0.5,4,RISKPRIOR-20260728062026,2026-07-28T06:20:28.344471
HOSP-001,DEPT-OPC,2026-12-15,Moderate,Sufficient,0.8333333333333334,4,RISKPRIOR-20260728062026,2026-07-28T06:20:28.344471
HOSP-001,DEPT-DIAG,2026-12-15,Moderate,Sufficient,0.8333333333333334,4,RISKPRIOR-20260728062026,2026-07-28T06:20:28.344471
HOSP-001,DEPT-ICU,2026-12-15,Moderate,Limited,0.5,4,RISKPRIOR-20260728062026,2026-07-28T06:20:28.344471
HOSP-001,DEPT-PEX,2026-12-15,High,Limited,0.5,4,RISKPRIOR-20260728062026,2026-07-28T06:20:28.344471
HOSP-001,DEPT-MED,2026-12-15,Moderate,Sufficient,0.6666666666666666,4,RISKPRIOR-20260728062026,2026-07-28T06:20:28.344471
HOSP-001,DEPT-SURG,2026-12-15,Moderate,Sufficient,0.6666666666666666,4,RISKPRIOR-20260728062026,2026-07-28T06:20:28.344471
HOSP-001,DEPT-ADM,2026-12-15,High,Limited,0.5,4,RISKPRIOR-20260728062026,2026-07-28T06:20:28.344471
HOSP-001,DEPT-ED,2026-12-15,Moderate,Sufficient,0.8333333333333334,4,RISKPRIOR-20260728062026,2026-07-28T06:20:28.344471
HOSP-001,DEPT-ICU,2026-12-16,Moderate,Sufficient,0.6666666666666666,4,RISKPRIOR-20260728062026,2026-07-28T06:20:28.344471
HOSP-001,DEPT-MED,2026-12-16,Moderate,Sufficient,0.6666666666666666,4,RISKPRIOR-20260728062026,2026-07-28T06:20:28.344471
HOSP-001,DEPT-PEX,2026-12-16,High,Limited,0.5,4,RISKPRIOR-20260728062026,2026-07-28T06:20:28.344471
HOSP-001,DEPT-OPC,2026-12-16,Moderate,Sufficient,0.8333333333333334,4,RISKPRIOR-20260728062026,2026-07-28T06:20:28.344471
HOSP-001,DEPT-DIAG,2026-12-16,High,Limited,0.5,4,RISKPRIOR-20260728062026,2026-07-28T06:20:28.344471
HOSP-001,DEPT-SURG,2026-12-16,Moderate,Sufficient,0.6666666666666666,4,RISKPRIOR-20260728062026,2026-07-28T06:20:28.344471
HOSP-001,DEPT-ED,2026-12-16,Moderate,Sufficient,0.8333333333333334,4,RISKPRIOR-20260728062026,2026-07-28T06:20:28.344471
HOSP-001,DEPT-ADM,2026-12-16,High,Limited,0.5,4,RISKPRIOR-20260728062026,2026-07-28T06:20:28.344471
HOSP-001,DEPT-ICU,2026-12-17,Moderate,Sufficient,0.6666666666666666,4,RISKPRIOR-20260728062026,2026-07-28T06:20:28.344471
HOSP-001,DEPT-ED,2026-12-17,Moderate,Sufficient,0.8333333333333334,4,RISKPRIOR-20260728062026,2026-07-28T06:20:28.344471
HOSP-001,DEPT-SURG,2026-12-17,Moderate,Sufficient,0.6666666666666666,4,RISKPRIOR-20260728062026,2026-07-28T06:20:28.344471
HOSP-001,DEPT-OPC,2026-12-17,Moderate,Sufficient,0.8333333333333334,4,RISKPRIOR-20260728062026,2026-07-28T06:20:28.344471
HOSP-001,DEPT-PEX,2026-12-17,High,Limited,0.5,4,RISKPRIOR-20260728062026,2026-07-28T06:20:28.344471
HOSP-001,DEPT-DIAG,2026-12-17,Moderate,Sufficient,0.8333333333333334,4,RISKPRIOR-20260728062026,2026-07-28T06:20:28.344471
HOSP-001,DEPT-MED,2026-12-17,Moderate,Sufficient,0.6666666666666666,4,RISKPRIOR-20260728062026,2026-07-28T06:20:28.344471
HOSP-001,DEPT-ADM,2026-12-17,High,Limited,0.3333333333333333,4,RISKPRIOR-20260728062026,2026-07-28T06:20:28.344471
HOSP-001,DEPT-ADM,2026-12-18,High,Limited,0.5,4,RISKPRIOR-20260728062026,2026-07-28T06:20:28.344471
HOSP-001,DEPT-ICU,2026-12-18,Moderate,Sufficient,0.6666666666666666,4,RISKPRIOR-20260728062026,2026-07-28T06:20:28.344471
HOSP-001,DEPT-ED,2026-12-18,High,Limited,0.5,4,RISKPRIOR-20260728062026,2026-07-28T06:20:28.344471
HOSP-001,DEPT-OPC,2026-12-18,Moderate,Sufficient,0.8333333333333334,4,RISKPRIOR-20260728062026,2026-07-28T06:20:28.344471
HOSP-001,DEPT-MED,2026-12-18,Moderate,Sufficient,0.6666666666666666,4,RISKPRIOR-20260728062026,2026-07-28T06:20:28.344471
HOSP-001,DEPT-SURG,2026-12-18,Moderate,Sufficient,0.6666666666666666,4,RISKPRIOR-20260728062026,2026-07-28T06:20:28.344471
HOSP-001,DEPT-DIAG,2026-12-18,Moderate,Sufficient,0.8333333333333334,4,RISKPRIOR-20260728062026,2026-07-28T06:20:28.344471
HOSP-001,DEPT-PEX,2026-12-18,High,Limited,0.5,4,RISKPRIOR-20260728062026,2026-07-28T06:20:28.344471
HOSP-001,DEPT-OPC,2026-12-19,Moderate,Sufficient,0.8333333333333334,4,RISKPRIOR-20260728062026,2026-07-28T06:20:28.344471
HOSP-001,DEPT-MED,2026-12-19,Moderate,Sufficient,0.6666666666666666,4,RISKPRIOR-20260728062026,2026-07-28T06:20:28.344471
HOSP-001,DEPT-SURG,2026-12-19,Moderate,Sufficient,0.6666666666666666,4,RISKPRIOR-20260728062026,2026-07-28T06:20:28.344471
HOSP-001,DEPT-DIAG,2026-12-19,Moderate,Sufficient,0.8333333333333334,4,RISKPRIOR-20260728062026,2026-07-28T06:20:28.344471
HOSP-001,DEPT-ICU,2026-12-19,Moderate,Limited,0.5,4,RISKPRIOR-20260728062026,2026-07-28T06:20:28.344471
HOSP-001,DEPT-ED,2026-12-19,Moderate,Sufficient,0.8333333333333334,4,RISKPRIOR-20260728062026,2026-07-28T06:20:28.344471
HOSP-001,DEPT-ADM,2026-12-19,High,Limited,0.5,4,RISKPRIOR-20260728062026,2026-07-28T06:20:28.344471
HOSP-001,DEPT-PEX,2026-12-19,High,Limited,0.5,4,RISKPRIOR-20260728062026,2026-07-28T06:20:28.344471
HOSP-001,DEPT-SURG,2026-12-20,Moderate,Sufficient,0.6666666666666666,4,RISKPRIOR-20260728062026,2026-07-28T06:20:28.344471
HOSP-001,DEPT-ADM,2026-12-20,High,Limited,0.5,4,RISKPRIOR-20260728062026,2026-07-28T06:20:28.344471
HOSP-001,DEPT-ICU,2026-12-20,Moderate,Sufficient,0.6666666666666666,4,RISKPRIOR-20260728062026,2026-07-28T06:20:28.344471
HOSP-001,DEPT-ED,2026-12-20,Moderate,Sufficient,0.8333333333333334,4,RISKPRIOR-20260728062026,2026-07-28T06:20:28.344471
HOSP-001,DEPT-OPC,2026-12-20,Moderate,Sufficient,0.8333333333333334,4,RISKPRIOR-20260728062026,2026-07-28T06:20:28.344471
HOSP-001,DEPT-MED,2026-12-20,Moderate,Sufficient,0.6666666666666666,4,RISKPRIOR-20260728062026,2026-07-28T06:20:28.344471
HOSP-001,DEPT-PEX,2026-12-20,High,Limited,0.5,4,RISKPRIOR-20260728062026,2026-07-28T06:20:28.344471
HOSP-001,DEPT-DIAG,2026-12-20,Moderate,Sufficient,0.8333333333333334,4,RISKPRIOR-20260728062026,2026-07-28T06:20:28.344471
HOSP-001,DEPT-ADM,2026-12-21,High,Limited,0.5,4,RISKPRIOR-20260728062026,2026-07-28T06:20:28.344471
HOSP-001,DEPT-DIAG,2026-12-21,Moderate,Sufficient,0.8333333333333334,4,RISKPRIOR-20260728062026,2026-07-28T06:20:28.344471
HOSP-001,DEPT-MED,2026-12-21,Moderate,Limited,0.5,4,RISKPRIOR-20260728062026,2026-07-28T06:20:28.344471
HOSP-001,DEPT-ICU,2026-12-21,Moderate,Sufficient,0.6666666666666666,4,RISKPRIOR-20260728062026,2026-07-28T06:20:28.344471
HOSP-001,DEPT-OPC,2026-12-21,Moderate,Sufficient,0.8333333333333334,4,RISKPRIOR-20260728062026,2026-07-28T06:20:28.344471
HOSP-001,DEPT-ED,2026-12-21,High,Limited,0.5,4,RISKPRIOR-20260728062026,2026-07-28T06:20:28.344471
HOSP-001,DEPT-SURG,2026-12-21,Moderate,Sufficient,0.6666666666666666,4,RISKPRIOR-20260728062026,2026-07-28T06:20:28.344471
HOSP-001,DEPT-PEX,2026-12-21,High,Limited,0.5,4,RISKPRIOR-20260728062026,2026-07-28T06:20:28.344471
HOSP-001,DEPT-ADM,2026-12-22,High,Limited,0.5,4,RISKPRIOR-20260728062026,2026-07-28T06:20:28.344471
HOSP-001,DEPT-MED,2026-12-22,Moderate,Sufficient,0.6666666666666666,4,RISKPRIOR-20260728062026,2026-07-28T06:20:28.344471
HOSP-001,DEPT-ICU,2026-12-22,Moderate,Sufficient,0.6666666666666666,4,RISKPRIOR-20260728062026,2026-07-28T06:20:28.344471
HOSP-001,DEPT-ED,2026-12-22,Moderate,Sufficient,0.8333333333333334,4,RISKPRIOR-20260728062026,2026-07-28T06:20:28.344471
HOSP-001,DEPT-OPC,2026-12-22,Moderate,Sufficient,0.6666666666666666,4,RISKPRIOR-20260728062026,2026-07-28T06:20:28.344471
HOSP-001,DEPT-SURG,2026-12-22,Moderate,Limited,0.5,4,RISKPRIOR-20260728062026,2026-07-28T06:20:28.344471
HOSP-001,DEPT-PEX,2026-12-22,High,Limited,0.5,4,RISKPRIOR-20260728062026,2026-07-28T06:20:28.344471
HOSP-001,DEPT-DIAG,2026-12-22,Moderate,Sufficient,0.8333333333333334,4,RISKPRIOR-20260728062026,2026-07-28T06:20:28.344471
HOSP-001,DEPT-OPC,2026-12-23,Moderate,Sufficient,0.8333333333333334,4,RISKPRIOR-20260728062026,2026-07-28T06:20:28.344471
HOSP-001,DEPT-ED,2026-12-23,Moderate,Sufficient,0.8333333333333334,4,RISKPRIOR-20260728062026,2026-07-28T06:20:28.344471
HOSP-001,DEPT-DIAG,2026-12-23,Moderate,Sufficient,0.8333333333333334,4,RISKPRIOR-20260728062026,2026-07-28T06:20:28.344471
HOSP-001,DEPT-SURG,2026-12-23,Moderate,Sufficient,0.6666666666666666,4,RISKPRIOR-20260728062026,2026-07-28T06:20:28.344471
HOSP-001,DEPT-PEX,2026-12-23,High,Limited,0.5,4,RISKPRIOR-20260728062026,2026-07-28T06:20:28.344471
HOSP-001,DEPT-ICU,2026-12-23,Moderate,Limited,0.5,4,RISKPRIOR-20260728062026,2026-07-28T06:20:28.344471
HOSP-001,DEPT-ADM,2026-12-23,High,Limited,0.5,4,RISKPRIOR-20260728062026,2026-07-28T06:20:28.344471
HOSP-001,DEPT-MED,2026-12-23,Moderate,Sufficient,0.6666666666666666,4,RISKPRIOR-20260728062026,2026-07-28T06:20:28.344471
HOSP-001,DEPT-ADM,2026-12-24,High,Limited,0.5,4,RISKPRIOR-20260728062026,2026-07-28T06:20:28.344471
HOSP-001,DEPT-OPC,2026-12-24,Moderate,Sufficient,0.8333333333333334,4,RISKPRIOR-20260728062026,2026-07-28T06:20:28.344471
HOSP-001,DEPT-ED,2026-12-24,Moderate,Sufficient,0.8333333333333334,4,RISKPRIOR-20260728062026,2026-07-28T06:20:28.344471
HOSP-001,DEPT-DIAG,2026-12-24,Moderate,Sufficient,0.8333333333333334,4,RISKPRIOR-20260728062026,2026-07-28T06:20:28.344471
HOSP-001,DEPT-ICU,2026-12-24,Moderate,Sufficient,0.6666666666666666,4,RISKPRIOR-20260728062026,2026-07-28T06:20:28.344471
HOSP-001,DEPT-SURG,2026-12-24,Moderate,Sufficient,0.6666666666666666,4,RISKPRIOR-20260728062026,2026-07-28T06:20:28.344471
HOSP-001,DEPT-MED,2026-12-24,Moderate,Sufficient,0.6666666666666666,4,RISKPRIOR-20260728062026,2026-07-28T06:20:28.344471
HOSP-001,DEPT-PEX,2026-12-24,High,Limited,0.5,4,RISKPRIOR-20260728062026,2026-07-28T06:20:28.344471
HOSP-001,DEPT-OPC,2026-12-25,Moderate,Sufficient,0.8333333333333334,4,RISKPRIOR-20260728062026,2026-07-28T06:20:28.344471
HOSP-001,DEPT-DIAG,2026-12-25,Moderate,Sufficient,0.8333333333333334,4,RISKPRIOR-20260728062026,2026-07-28T06:20:28.344471
HOSP-001,DEPT-ADM,2026-12-25,High,Limited,0.5,4,RISKPRIOR-20260728062026,2026-07-28T06:20:28.344471
HOSP-001,DEPT-ICU,2026-12-25,Moderate,Sufficient,0.6666666666666666,4,RISKPRIOR-20260728062026,2026-07-28T06:20:28.344471
HOSP-001,DEPT-MED,2026-12-25,Moderate,Sufficient,0.6666666666666666,4,RISKPRIOR-20260728062026,2026-07-28T06:20:28.344471
HOSP-001,DEPT-ED,2026-12-25,High,Limited,0.5,4,RISKPRIOR-20260728062026,2026-07-28T06:20:28.344471
HOSP-001,DEPT-SURG,2026-12-25,Moderate,Sufficient,0.6666666666666666,4,RISKPRIOR-20260728062026,2026-07-28T06:20:28.344471
HOSP-001,DEPT-PEX,2026-12-25,High,Limited,0.5,4,RISKPRIOR-20260728062026,2026-07-28T06:20:28.344471
HOSP-001,DEPT-DIAG,2026-12-26,Moderate,Sufficient,0.8333333333333334,4,RISKPRIOR-20260728062026,2026-07-28T06:20:28.344471
HOSP-001,DEPT-SURG,2026-12-26,Moderate,Sufficient,0.6666666666666666,4,RISKPRIOR-20260728062026,2026-07-28T06:20:28.344471
HOSP-001,DEPT-MED,2026-12-26,Moderate,Sufficient,0.6666666666666666,4,RISKPRIOR-20260728062026,2026-07-28T06:20:28.344471
HOSP-001,DEPT-OPC,2026-12-26,High,Limited,0.5,4,RISKPRIOR-20260728062026,2026-07-28T06:20:28.344471
HOSP-001,DEPT-PEX,2026-12-26,High,Limited,0.5,4,RISKPRIOR-20260728062026,2026-07-28T06:20:28.344471
HOSP-001,DEPT-ICU,2026-12-26,Moderate,Sufficient,0.6666666666666666,4,RISKPRIOR-20260728062026,2026-07-28T06:20:28.344471
HOSP-001,DEPT-ADM,2026-12-26,High,Limited,0.5,4,RISKPRIOR-20260728062026,2026-07-28T06:20:28.344471
HOSP-001,DEPT-ED,2026-12-26,Moderate,Sufficient,0.8333333333333334,4,RISKPRIOR-20260728062026,2026-07-28T06:20:28.344471
HOSP-001,DEPT-ICU,2026-12-27,Moderate,Limited,0.5,4,RISKPRIOR-20260728062026,2026-07-28T06:20:28.344471
HOSP-001,DEPT-DIAG,2026-12-27,Moderate,Sufficient,0.8333333333333334,4,RISKPRIOR-20260728062026,2026-07-28T06:20:28.344471
HOSP-001,DEPT-ED,2026-12-27,Moderate,Sufficient,0.8333333333333334,4,RISKPRIOR-20260728062026,2026-07-28T06:20:28.344471
HOSP-001,DEPT-PEX,2026-12-27,High,Limited,0.5,4,RISKPRIOR-20260728062026,2026-07-28T06:20:28.344471
HOSP-001,DEPT-ADM,2026-12-27,High,Limited,0.5,4,RISKPRIOR-20260728062026,2026-07-28T06:20:28.344471
HOSP-001,DEPT-OPC,2026-12-27,Moderate,Sufficient,0.8333333333333334,4,RISKPRIOR-20260728062026,2026-07-28T06:20:28.344471
HOSP-001,DEPT-MED,2026-12-27,Moderate,Limited,0.5,4,RISKPRIOR-20260728062026,2026-07-28T06:20:28.344471
HOSP-001,DEPT-SURG,2026-12-27,Moderate,Limited,0.5,4,RISKPRIOR-20260728062026,2026-07-28T06:20:28.344471
HOSP-001,DEPT-ADM,2026-12-28,High,Limited,0.3333333333333333,4,RISKPRIOR-20260728062026,2026-07-28T06:20:28.344471
HOSP-001,DEPT-MED,2026-12-28,Moderate,Sufficient,0.6666666666666666,4,RISKPRIOR-20260728062026,2026-07-28T06:20:28.344471
HOSP-001,DEPT-OPC,2026-12-28,Moderate,Sufficient,0.8333333333333334,4,RISKPRIOR-20260728062026,2026-07-28T06:20:28.344471
HOSP-001,DEPT-DIAG,2026-12-28,Moderate,Sufficient,0.8333333333333334,4,RISKPRIOR-20260728062026,2026-07-28T06:20:28.344471
HOSP-001,DEPT-SURG,2026-12-28,Moderate,Sufficient,0.6666666666666666,4,RISKPRIOR-20260728062026,2026-07-28T06:20:28.344471
HOSP-001,DEPT-ICU,2026-12-28,Moderate,Sufficient,0.6666666666666666,4,RISKPRIOR-20260728062026,2026-07-28T06:20:28.344471
HOSP-001,DEPT-ED,2026-12-28,Moderate,Sufficient,0.8333333333333334,4,RISKPRIOR-20260728062026,2026-07-28T06:20:28.344471
HOSP-001,DEPT-PEX,2026-12-28,High,Limited,0.5,4,RISKPRIOR-20260728062026,2026-07-28T06:20:28.344471
HOSP-001,DEPT-PEX,2026-12-29,High,Limited,0.5,4,RISKPRIOR-20260728062026,2026-07-28T06:20:28.344471
HOSP-001,DEPT-OPC,2026-12-29,Moderate,Sufficient,0.8333333333333334,4,RISKPRIOR-20260728062026,2026-07-28T06:20:28.344471
HOSP-001,DEPT-ICU,2026-12-29,Moderate,Sufficient,0.6666666666666666,4,RISKPRIOR-20260728062026,2026-07-28T06:20:28.344471
HOSP-001,DEPT-MED,2026-12-29,Moderate,Sufficient,0.6666666666666666,4,RISKPRIOR-20260728062026,2026-07-28T06:20:28.344471
HOSP-001,DEPT-ED,2026-12-29,Moderate,Sufficient,0.8333333333333334,4,RISKPRIOR-20260728062026,2026-07-28T06:20:28.344471
HOSP-001,DEPT-SURG,2026-12-29,Moderate,Limited,0.5,4,RISKPRIOR-20260728062026,2026-07-28T06:20:28.344471
HOSP-001,DEPT-DIAG,2026-12-29,Moderate,Sufficient,0.8333333333333334,4,RISKPRIOR-20260728062026,2026-07-28T06:20:28.344471
HOSP-001,DEPT-ADM,2026-12-29,High,Limited,0.5,4,RISKPRIOR-20260728062026,2026-07-28T06:20:28.344471
HOSP-001,DEPT-ICU,2026-12-30,Moderate,Sufficient,0.6666666666666666,4,RISKPRIOR-20260728062026,2026-07-28T06:20:28.344471
HOSP-001,DEPT-SURG,2026-12-30,Moderate,Sufficient,0.6666666666666666,4,RISKPRIOR-20260728062026,2026-07-28T06:20:28.344471
HOSP-001,DEPT-PEX,2026-12-30,High,Limited,0.3333333333333333,4,RISKPRIOR-20260728062026,2026-07-28T06:20:28.344471
HOSP-001,DEPT-OPC,2026-12-30,Moderate,Sufficient,0.8333333333333334,4,RISKPRIOR-20260728062026,2026-07-28T06:20:28.344471
HOSP-001,DEPT-ED,2026-12-30,Moderate,Sufficient,0.8333333333333334,4,RISKPRIOR-20260728062026,2026-07-28T06:20:28.344471
HOSP-001,DEPT-MED,2026-12-30,Moderate,Sufficient,0.6666666666666666,4,RISKPRIOR-20260728062026,2026-07-28T06:20:28.344471
HOSP-001,DEPT-ADM,2026-12-30,High,Limited,0.5,4,RISKPRIOR-20260728062026,2026-07-28T06:20:28.344471
HOSP-001,DEPT-DIAG,2026-12-30,Moderate,Sufficient,0.8333333333333334,4,RISKPRIOR-20260728062026,2026-07-28T06:20:28.344471
HOSP-001,DEPT-PEX,2026-12-31,High,Limited,0.5,4,RISKPRIOR-20260728062026,2026-07-28T06:20:28.344471
HOSP-001,DEPT-ICU,2026-12-31,Moderate,Sufficient,0.6666666666666666,4,RISKPRIOR-20260728062026,2026-07-28T06:20:28.344471
HOSP-001,DEPT-DIAG,2026-12-31,Moderate,Sufficient,0.6666666666666666,4,RISKPRIOR-20260728062026,2026-07-28T06:20:28.344471
HOSP-001,DEPT-OPC,2026-12-31,Moderate,Sufficient,0.8333333333333334,4,RISKPRIOR-20260728062026,2026-07-28T06:20:28.344471
HOSP-001,DEPT-ED,2026-12-31,Moderate,Sufficient,0.8333333333333334,4,RISKPRIOR-20260728062026,2026-07-28T06:20:28.344471
HOSP-001,DEPT-ADM,2026-12-31,High,Limited,0.5,4,RISKPRIOR-20260728062026,2026-07-28T06:20:28.344471
HOSP-001,DEPT-SURG,2026-12-31,Moderate,Sufficient,0.6666666666666666,4,RISKPRIOR-20260728062026,2026-07-28T06:20:28.344471
HOSP-001,DEPT-MED,2026-12-31,Moderate,Sufficient,0.6666666666666666,4,RISKPRIOR-20260728062026,2026-07-28T06:20:28.344471
