hospital_id,department_id,reporting_date,contains_provisional_kpi,provisional_risk_flag,dominant_driver_is_provisional,provisional_risk_contribution,provisional_contribution_materiality,provisional_kpi_count,provisional_driver_list,governance_warning,engine_run_id,processed_at
HOSP-001,DEPT-ICU,2026-01-01,True,True,True,28.2717,Dominant,2,kpi_003; kpi_005,Department contains provisional threshold KPIs; Provisional KPI is dominant risk driver,RISKPRIOR-20260728062026,2026-07-28T06:20:28.344471
HOSP-001,DEPT-ADM,2026-01-01,True,False,False,0.0,None,2,kpi_003; kpi_005,Department contains provisional threshold KPIs,RISKPRIOR-20260728062026,2026-07-28T06:20:28.344471
HOSP-001,DEPT-SURG,2026-01-01,True,True,True,28.2717,Dominant,2,kpi_003; kpi_005,Department contains provisional threshold KPIs; Provisional KPI is dominant risk driver,RISKPRIOR-20260728062026,2026-07-28T06:20:28.344471
HOSP-001,DEPT-DIAG,2026-01-01,True,False,False,0.0,None,2,kpi_003; kpi_005,Department contains provisional threshold KPIs,RISKPRIOR-20260728062026,2026-07-28T06:20:28.344471
HOSP-001,DEPT-MED,2026-01-01,True,False,False,3.3261,Minor,2,kpi_003; kpi_005,Department contains provisional threshold KPIs,RISKPRIOR-20260728062026,2026-07-28T06:20:28.344471
HOSP-001,DEPT-PEX,2026-01-01,True,False,False,0.0,None,2,kpi_003; kpi_005,Department contains provisional threshold KPIs,RISKPRIOR-20260728062026,2026-07-28T06:20:28.344471
HOSP-001,DEPT-ED,2026-01-01,True,False,False,0.0,None,2,kpi_003; kpi_005,Department contains provisional threshold KPIs,RISKPRIOR-20260728062026,2026-07-28T06:20:28.344471
HOSP-001,DEPT-OPC,2026-01-01,True,False,False,3.3261,Minor,2,kpi_003; kpi_005,Department contains provisional threshold KPIs,RISKPRIOR-20260728062026,2026-07-28T06:20:28.344471
HOSP-001,DEPT-SURG,2026-01-02,True,False,False,0.0,None,2,kpi_003; kpi_005,Department contains provisional threshold KPIs,RISKPRIOR-20260728062026,2026-07-28T06:20:28.344471
HOSP-001,DEPT-MED,2026-01-02,True,True,True,28.2717,Dominant,2,kpi_003; kpi_005,Department contains provisional threshold KPIs; Provisional KPI is dominant risk driver,RISKPRIOR-20260728062026,2026-07-28T06:20:28.344471
HOSP-001,DEPT-ICU,2026-01-02,True,False,False,6.6522,Minor,2,kpi_003; kpi_005,Department contains provisional threshold KPIs,RISKPRIOR-20260728062026,2026-07-28T06:20:28.344471
HOSP-001,DEPT-ED,2026-01-02,True,True,True,6.6522,Dominant,2,kpi_003; kpi_005,Department contains provisional threshold KPIs; Provisional KPI is dominant risk driver,RISKPRIOR-20260728062026,2026-07-28T06:20:28.344471
HOSP-001,DEPT-PEX,2026-01-02,True,False,False,0.0,None,2,kpi_003; kpi_005,Department contains provisional threshold KPIs,RISKPRIOR-20260728062026,2026-07-28T06:20:28.344471
HOSP-001,DEPT-OPC,2026-01-02,True,False,False,0.0,None,2,kpi_003; kpi_005,Department contains provisional threshold KPIs,RISKPRIOR-20260728062026,2026-07-28T06:20:28.344471
HOSP-001,DEPT-ADM,2026-01-02,True,False,False,0.0,None,2,kpi_003; kpi_005,Department contains provisional threshold KPIs,RISKPRIOR-20260728062026,2026-07-28T06:20:28.344471
HOSP-001,DEPT-DIAG,2026-01-02,True,False,False,0.0,None,2,kpi_003; kpi_005,Department contains provisional threshold KPIs,RISKPRIOR-20260728062026,2026-07-28T06:20:28.344471
HOSP-001,DEPT-PEX,2026-01-03,True,False,False,0.0,None,2,kpi_003; kpi_005,Department contains provisional threshold KPIs,RISKPRIOR-20260728062026,2026-07-28T06:20:28.344471
HOSP-001,DEPT-MED,2026-01-03,True,False,False,6.6522,Minor,2,kpi_003; kpi_005,Department contains provisional threshold KPIs,RISKPRIOR-20260728062026,2026-07-28T06:20:28.344471
HOSP-001,DEPT-DIAG,2026-01-03,True,False,False,0.0,None,2,kpi_003; kpi_005,Department contains provisional threshold KPIs,RISKPRIOR-20260728062026,2026-07-28T06:20:28.344471
HOSP-001,DEPT-ICU,2026-01-03,True,True,True,31.5978,Dominant,2,kpi_003; kpi_005,Department contains provisional threshold KPIs; Provisional KPI is dominant risk driver,RISKPRIOR-20260728062026,2026-07-28T06:20:28.344471
HOSP-001,DEPT-SURG,2026-01-03,True,True,True,28.2717,Dominant,2,kpi_003; kpi_005,Department contains provisional threshold KPIs; Provisional KPI is dominant risk driver,RISKPRIOR-20260728062026,2026-07-28T06:20:28.344471
HOSP-001,DEPT-ED,2026-01-03,True,True,True,6.6522,Dominant,2,kpi_003; kpi_005,Department contains provisional threshold KPIs; Provisional KPI is dominant risk driver,RISKPRIOR-20260728062026,2026-07-28T06:20:28.344471
HOSP-001,DEPT-ADM,2026-01-03,True,False,False,0.0,None,2,kpi_003; kpi_005,Department contains provisional threshold KPIs,RISKPRIOR-20260728062026,2026-07-28T06:20:28.344471
HOSP-001,DEPT-OPC,2026-01-03,True,False,False,0.0,None,2,kpi_003; kpi_005,Department contains provisional threshold KPIs,RISKPRIOR-20260728062026,2026-07-28T06:20:28.344471
HOSP-001,DEPT-ICU,2026-01-04,True,True,False,31.5978,Material,2,kpi_003; kpi_005,Department contains provisional threshold KPIs; Provisional KPI materially affects department risk,RISKPRIOR-20260728062026,2026-07-28T06:20:28.344471
HOSP-001,DEPT-DIAG,2026-01-04,True,True,False,31.5978,Material,2,kpi_003; kpi_005,Department contains provisional threshold KPIs; Provisional KPI materially affects department risk,RISKPRIOR-20260728062026,2026-07-28T06:20:28.344471
HOSP-001,DEPT-SURG,2026-01-04,True,False,False,3.3261,Minor,2,kpi_003; kpi_005,Department contains provisional threshold KPIs,RISKPRIOR-20260728062026,2026-07-28T06:20:28.344471
HOSP-001,DEPT-MED,2026-01-04,True,True,True,31.5978,Dominant,2,kpi_003; kpi_005,Department contains provisional threshold KPIs; Provisional KPI is dominant risk driver,RISKPRIOR-20260728062026,2026-07-28T06:20:28.344471
HOSP-001,DEPT-ED,2026-01-04,True,False,False,3.3261,Minor,2,kpi_003; kpi_005,Department contains provisional threshold KPIs,RISKPRIOR-20260728062026,2026-07-28T06:20:28.344471
HOSP-001,DEPT-ADM,2026-01-04,True,False,False,0.0,None,2,kpi_003; kpi_005,Department contains provisional threshold KPIs,RISKPRIOR-20260728062026,2026-07-28T06:20:28.344471
HOSP-001,DEPT-OPC,2026-01-04,True,False,False,3.3261,Minor,2,kpi_003; kpi_005,Department contains provisional threshold KPIs,RISKPRIOR-20260728062026,2026-07-28T06:20:28.344471
HOSP-001,DEPT-PEX,2026-01-04,True,False,False,0.0,None,2,kpi_003; kpi_005,Department contains provisional threshold KPIs,RISKPRIOR-20260728062026,2026-07-28T06:20:28.344471
HOSP-001,DEPT-ICU,2026-01-05,True,True,True,28.2717,Dominant,2,kpi_003; kpi_005,Department contains provisional threshold KPIs; Provisional KPI is dominant risk driver,RISKPRIOR-20260728062026,2026-07-28T06:20:28.344471
HOSP-001,DEPT-MED,2026-01-05,True,True,True,31.5978,Dominant,2,kpi_003; kpi_005,Department contains provisional threshold KPIs; Provisional KPI is dominant risk driver,RISKPRIOR-20260728062026,2026-07-28T06:20:28.344471
HOSP-001,DEPT-SURG,2026-01-05,True,True,True,28.2717,Dominant,2,kpi_003; kpi_005,Department contains provisional threshold KPIs; Provisional KPI is dominant risk driver,RISKPRIOR-20260728062026,2026-07-28T06:20:28.344471
HOSP-001,DEPT-DIAG,2026-01-05,True,False,False,0.0,None,2,kpi_003; kpi_005,Department contains provisional threshold KPIs,RISKPRIOR-20260728062026,2026-07-28T06:20:28.344471
HOSP-001,DEPT-PEX,2026-01-05,True,False,False,0.0,None,2,kpi_003; kpi_005,Department contains provisional threshold KPIs,RISKPRIOR-20260728062026,2026-07-28T06:20:28.344471
HOSP-001,DEPT-ADM,2026-01-05,True,False,False,0.0,None,2,kpi_003; kpi_005,Department contains provisional threshold KPIs,RISKPRIOR-20260728062026,2026-07-28T06:20:28.344471
HOSP-001,DEPT-ED,2026-01-05,True,False,False,0.0,None,2,kpi_003; kpi_005,Department contains provisional threshold KPIs,RISKPRIOR-20260728062026,2026-07-28T06:20:28.344471
HOSP-001,DEPT-OPC,2026-01-05,True,False,False,0.0,None,2,kpi_003; kpi_005,Department contains provisional threshold KPIs,RISKPRIOR-20260728062026,2026-07-28T06:20:28.344471
HOSP-001,DEPT-ICU,2026-01-06,True,True,False,40.8913,Material,2,kpi_003; kpi_005,Department contains provisional threshold KPIs; Provisional KPI materially affects department risk,RISKPRIOR-20260728062026,2026-07-28T06:20:28.344471
HOSP-001,DEPT-ED,2026-01-06,True,False,False,1.8587,Minor,2,kpi_003; kpi_005,Department contains provisional threshold KPIs,RISKPRIOR-20260728062026,2026-07-28T06:20:28.344471
HOSP-001,DEPT-MED,2026-01-06,True,True,True,44.6087,Dominant,2,kpi_003; kpi_005,Department contains provisional threshold KPIs; Provisional KPI is dominant risk driver,RISKPRIOR-20260728062026,2026-07-28T06:20:28.344471
HOSP-001,DEPT-SURG,2026-01-06,True,False,False,7.4348,Minor,2,kpi_003; kpi_005,Department contains provisional threshold KPIs,RISKPRIOR-20260728062026,2026-07-28T06:20:28.344471
HOSP-001,DEPT-DIAG,2026-01-06,True,False,False,0.0,None,2,kpi_003; kpi_005,Department contains provisional threshold KPIs,RISKPRIOR-20260728062026,2026-07-28T06:20:28.344471
HOSP-001,DEPT-OPC,2026-01-06,True,False,False,1.8587,Minor,2,kpi_003; kpi_005,Department contains provisional threshold KPIs,RISKPRIOR-20260728062026,2026-07-28T06:20:28.344471
HOSP-001,DEPT-PEX,2026-01-06,True,False,False,0.0,None,2,kpi_003; kpi_005,Department contains provisional threshold KPIs,RISKPRIOR-20260728062026,2026-07-28T06:20:28.344471
HOSP-001,DEPT-ADM,2026-01-06,True,False,False,0.0,None,2,kpi_003; kpi_005,Department contains provisional threshold KPIs,RISKPRIOR-20260728062026,2026-07-28T06:20:28.344471
HOSP-001,DEPT-ED,2026-01-07,True,False,False,0.0,None,2,kpi_003; kpi_005,Department contains provisional threshold KPIs,RISKPRIOR-20260728062026,2026-07-28T06:20:28.344471
HOSP-001,DEPT-OPC,2026-01-07,True,False,False,1.8587,Minor,2,kpi_003; kpi_005,Department contains provisional threshold KPIs,RISKPRIOR-20260728062026,2026-07-28T06:20:28.344471
HOSP-001,DEPT-DIAG,2026-01-07,True,True,True,55.7609,Dominant,2,kpi_003; kpi_005,Department contains provisional threshold KPIs; Provisional KPI is dominant risk driver,RISKPRIOR-20260728062026,2026-07-28T06:20:28.344471
HOSP-001,DEPT-ADM,2026-01-07,True,False,False,0.0,None,2,kpi_003; kpi_005,Department contains provisional threshold KPIs,RISKPRIOR-20260728062026,2026-07-28T06:20:28.344471
HOSP-001,DEPT-ICU,2026-01-07,True,True,True,39.0326,Dominant,2,kpi_003; kpi_005,Department contains provisional threshold KPIs; Provisional KPI is dominant risk driver,RISKPRIOR-20260728062026,2026-07-28T06:20:28.344471
HOSP-001,DEPT-MED,2026-01-07,True,True,True,44.6087,Dominant,2,kpi_003; kpi_005,Department contains provisional threshold KPIs; Provisional KPI is dominant risk driver,RISKPRIOR-20260728062026,2026-07-28T06:20:28.344471
HOSP-001,DEPT-SURG,2026-01-07,True,True,True,42.75,Dominant,2,kpi_003; kpi_005,Department contains provisional threshold KPIs; Provisional KPI is dominant risk driver,RISKPRIOR-20260728062026,2026-07-28T06:20:28.344471
HOSP-001,DEPT-PEX,2026-01-07,True,False,False,0.0,None,2,kpi_003; kpi_005,Department contains provisional threshold KPIs,RISKPRIOR-20260728062026,2026-07-28T06:20:28.344471
HOSP-001,DEPT-DIAG,2026-01-08,True,True,False,52.0435,Material,2,kpi_003; kpi_005,Department contains provisional threshold KPIs; Provisional KPI materially affects department risk,RISKPRIOR-20260728062026,2026-07-28T06:20:28.344471
HOSP-001,DEPT-ED,2026-01-08,True,False,False,1.8587,Minor,2,kpi_003; kpi_005,Department contains provisional threshold KPIs,RISKPRIOR-20260728062026,2026-07-28T06:20:28.344471
HOSP-001,DEPT-ADM,2026-01-08,True,False,False,0.0,None,2,kpi_003; kpi_005,Department contains provisional threshold KPIs,RISKPRIOR-20260728062026,2026-07-28T06:20:28.344471
HOSP-001,DEPT-ICU,2026-01-08,True,True,True,42.75,Dominant,2,kpi_003; kpi_005,Department contains provisional threshold KPIs; Provisional KPI is dominant risk driver,RISKPRIOR-20260728062026,2026-07-28T06:20:28.344471
HOSP-001,DEPT-SURG,2026-01-08,True,True,True,44.6087,Dominant,2,kpi_003; kpi_005,Department contains provisional threshold KPIs; Provisional KPI is dominant risk driver,RISKPRIOR-20260728062026,2026-07-28T06:20:28.344471
HOSP-001,DEPT-OPC,2026-01-08,True,False,False,5.5761,Minor,2,kpi_003; kpi_005,Department contains provisional threshold KPIs,RISKPRIOR-20260728062026,2026-07-28T06:20:28.344471
HOSP-001,DEPT-MED,2026-01-08,True,False,False,14.8696,Minor,2,kpi_003; kpi_005,Department contains provisional threshold KPIs,RISKPRIOR-20260728062026,2026-07-28T06:20:28.344471
HOSP-001,DEPT-PEX,2026-01-08,True,False,False,0.0,None,2,kpi_003; kpi_005,Department contains provisional threshold KPIs,RISKPRIOR-20260728062026,2026-07-28T06:20:28.344471
HOSP-001,DEPT-ICU,2026-01-09,True,True,False,42.75,Material,2,kpi_003; kpi_005,Department contains provisional threshold KPIs; Provisional KPI materially affects department risk,RISKPRIOR-20260728062026,2026-07-28T06:20:28.344471
HOSP-001,DEPT-DIAG,2026-01-09,True,True,True,52.0435,Dominant,2,kpi_003; kpi_005,Department contains provisional threshold KPIs; Provisional KPI is dominant risk driver,RISKPRIOR-20260728062026,2026-07-28T06:20:28.344471
HOSP-001,DEPT-PEX,2026-01-09,True,False,False,0.0,None,2,kpi_003; kpi_005,Department contains provisional threshold KPIs,RISKPRIOR-20260728062026,2026-07-28T06:20:28.344471
HOSP-001,DEPT-MED,2026-01-09,True,True,True,39.0326,Dominant,2,kpi_003; kpi_005,Department contains provisional threshold KPIs; Provisional KPI is dominant risk driver,RISKPRIOR-20260728062026,2026-07-28T06:20:28.344471
HOSP-001,DEPT-ADM,2026-01-09,True,False,False,0.0,None,2,kpi_003; kpi_005,Department contains provisional threshold KPIs,RISKPRIOR-20260728062026,2026-07-28T06:20:28.344471
HOSP-001,DEPT-OPC,2026-01-09,True,False,False,1.8587,Minor,2,kpi_003; kpi_005,Department contains provisional threshold KPIs,RISKPRIOR-20260728062026,2026-07-28T06:20:28.344471
HOSP-001,DEPT-ED,2026-01-09,True,False,False,1.8587,Minor,2,kpi_003; kpi_005,Department contains provisional threshold KPIs,RISKPRIOR-20260728062026,2026-07-28T06:20:28.344471
HOSP-001,DEPT-SURG,2026-01-09,True,False,False,14.8696,Minor,2,kpi_003; kpi_005,Department contains provisional threshold KPIs,RISKPRIOR-20260728062026,2026-07-28T06:20:28.344471
HOSP-001,DEPT-ICU,2026-01-10,True,True,True,42.75,Dominant,2,kpi_003; kpi_005,Department contains provisional threshold KPIs; Provisional KPI is dominant risk driver,RISKPRIOR-20260728062026,2026-07-28T06:20:28.344471
HOSP-001,DEPT-SURG,2026-01-10,True,True,True,39.0326,Dominant,2,kpi_003; kpi_005,Department contains provisional threshold KPIs; Provisional KPI is dominant risk driver,RISKPRIOR-20260728062026,2026-07-28T06:20:28.344471
HOSP-001,DEPT-PEX,2026-01-10,True,False,False,0.0,None,2,kpi_003; kpi_005,Department contains provisional threshold KPIs,RISKPRIOR-20260728062026,2026-07-28T06:20:28.344471
HOSP-001,DEPT-ED,2026-01-10,True,False,False,1.8587,Minor,2,kpi_003; kpi_005,Department contains provisional threshold KPIs,RISKPRIOR-20260728062026,2026-07-28T06:20:28.344471
HOSP-001,DEPT-OPC,2026-01-10,True,False,False,5.5761,Minor,2,kpi_003; kpi_005,Department contains provisional threshold KPIs,RISKPRIOR-20260728062026,2026-07-28T06:20:28.344471
HOSP-001,DEPT-DIAG,2026-01-10,True,False,False,13.0109,Minor,2,kpi_003; kpi_005,Department contains provisional threshold KPIs,RISKPRIOR-20260728062026,2026-07-28T06:20:28.344471
HOSP-001,DEPT-ADM,2026-01-10,True,False,False,0.0,None,2,kpi_003; kpi_005,Department contains provisional threshold KPIs,RISKPRIOR-20260728062026,2026-07-28T06:20:28.344471
HOSP-001,DEPT-MED,2026-01-10,True,False,False,11.1522,Minor,2,kpi_003; kpi_005,Department contains provisional threshold KPIs,RISKPRIOR-20260728062026,2026-07-28T06:20:28.344471
HOSP-001,DEPT-PEX,2026-01-11,True,False,False,0.0,None,2,kpi_003; kpi_005,Department contains provisional threshold KPIs,RISKPRIOR-20260728062026,2026-07-28T06:20:28.344471
HOSP-001,DEPT-ADM,2026-01-11,True,False,False,0.0,None,2,kpi_003; kpi_005,Department contains provisional threshold KPIs,RISKPRIOR-20260728062026,2026-07-28T06:20:28.344471
HOSP-001,DEPT-ICU,2026-01-11,True,True,True,42.75,Dominant,2,kpi_003; kpi_005,Department contains provisional threshold KPIs; Provisional KPI is dominant risk driver,RISKPRIOR-20260728062026,2026-07-28T06:20:28.344471
HOSP-001,DEPT-DIAG,2026-01-11,True,False,False,13.0109,Minor,2,kpi_003; kpi_005,Department contains provisional threshold KPIs,RISKPRIOR-20260728062026,2026-07-28T06:20:28.344471
HOSP-001,DEPT-ED,2026-01-11,True,False,False,0.0,None,2,kpi_003; kpi_005,Department contains provisional threshold KPIs,RISKPRIOR-20260728062026,2026-07-28T06:20:28.344471
HOSP-001,DEPT-OPC,2026-01-11,True,False,False,13.0109,Minor,2,kpi_003; kpi_005,Department contains provisional threshold KPIs,RISKPRIOR-20260728062026,2026-07-28T06:20:28.344471
HOSP-001,DEPT-MED,2026-01-11,True,False,False,14.8696,Minor,2,kpi_003; kpi_005,Department contains provisional threshold KPIs,RISKPRIOR-20260728062026,2026-07-28T06:20:28.344471
HOSP-001,DEPT-SURG,2026-01-11,True,True,True,7.4348,Dominant,2,kpi_003; kpi_005,Department contains provisional threshold KPIs; Provisional KPI is dominant risk driver,RISKPRIOR-20260728062026,2026-07-28T06:20:28.344471
HOSP-001,DEPT-ICU,2026-01-12,True,True,True,44.6087,Dominant,2,kpi_003; kpi_005,Department contains provisional threshold KPIs; Provisional KPI is dominant risk driver,RISKPRIOR-20260728062026,2026-07-28T06:20:28.344471
HOSP-001,DEPT-DIAG,2026-01-12,True,True,True,52.0435,Dominant,2,kpi_003; kpi_005,Department contains provisional threshold KPIs; Provisional KPI is dominant risk driver,RISKPRIOR-20260728062026,2026-07-28T06:20:28.344471
HOSP-001,DEPT-MED,2026-01-12,True,True,True,42.75,Dominant,2,kpi_003; kpi_005,Department contains provisional threshold KPIs; Provisional KPI is dominant risk driver,RISKPRIOR-20260728062026,2026-07-28T06:20:28.344471
HOSP-001,DEPT-SURG,2026-01-12,True,True,True,39.0326,Dominant,2,kpi_003; kpi_005,Department contains provisional threshold KPIs; Provisional KPI is dominant risk driver,RISKPRIOR-20260728062026,2026-07-28T06:20:28.344471
HOSP-001,DEPT-ADM,2026-01-12,True,False,False,0.0,None,2,kpi_003; kpi_005,Department contains provisional threshold KPIs,RISKPRIOR-20260728062026,2026-07-28T06:20:28.344471
HOSP-001,DEPT-ED,2026-01-12,True,False,False,5.5761,Minor,2,kpi_003; kpi_005,Department contains provisional threshold KPIs,RISKPRIOR-20260728062026,2026-07-28T06:20:28.344471
HOSP-001,DEPT-OPC,2026-01-12,True,False,False,1.8587,Minor,2,kpi_003; kpi_005,Department contains provisional threshold KPIs,RISKPRIOR-20260728062026,2026-07-28T06:20:28.344471
HOSP-001,DEPT-PEX,2026-01-12,True,False,False,0.0,None,2,kpi_003; kpi_005,Department contains provisional threshold KPIs,RISKPRIOR-20260728062026,2026-07-28T06:20:28.344471
HOSP-001,DEPT-ICU,2026-01-13,True,False,False,14.8696,Minor,2,kpi_003; kpi_005,Department contains provisional threshold KPIs,RISKPRIOR-20260728062026,2026-07-28T06:20:28.344471
HOSP-001,DEPT-DIAG,2026-01-13,True,False,False,13.0109,Minor,2,kpi_003; kpi_005,Department contains provisional threshold KPIs,RISKPRIOR-20260728062026,2026-07-28T06:20:28.344471
HOSP-001,DEPT-ED,2026-01-13,True,False,False,5.5761,Minor,2,kpi_003; kpi_005,Department contains provisional threshold KPIs,RISKPRIOR-20260728062026,2026-07-28T06:20:28.344471
HOSP-001,DEPT-MED,2026-01-13,True,False,False,11.1522,Minor,2,kpi_003; kpi_005,Department contains provisional threshold KPIs,RISKPRIOR-20260728062026,2026-07-28T06:20:28.344471
HOSP-001,DEPT-PEX,2026-01-13,True,False,False,0.0,None,2,kpi_003; kpi_005,Department contains provisional threshold KPIs,RISKPRIOR-20260728062026,2026-07-28T06:20:28.344471
HOSP-001,DEPT-ADM,2026-01-13,True,False,False,0.0,None,2,kpi_003; kpi_005,Department contains provisional threshold KPIs,RISKPRIOR-20260728062026,2026-07-28T06:20:28.344471
HOSP-001,DEPT-OPC,2026-01-13,True,False,False,1.8587,Minor,2,kpi_003; kpi_005,Department contains provisional threshold KPIs,RISKPRIOR-20260728062026,2026-07-28T06:20:28.344471
HOSP-001,DEPT-SURG,2026-01-13,True,True,True,14.8696,Dominant,2,kpi_003; kpi_005,Department contains provisional threshold KPIs; Provisional KPI is dominant risk driver,RISKPRIOR-20260728062026,2026-07-28T06:20:28.344471
HOSP-001,DEPT-ICU,2026-01-14,True,True,False,39.0326,Material,2,kpi_003; kpi_005,Department contains provisional threshold KPIs; Provisional KPI materially affects department risk,RISKPRIOR-20260728062026,2026-07-28T06:20:28.344471
HOSP-001,DEPT-SURG,2026-01-14,True,True,False,42.75,Material,2,kpi_003; kpi_005,Department contains provisional threshold KPIs; Provisional KPI materially affects department risk,RISKPRIOR-20260728062026,2026-07-28T06:20:28.344471
HOSP-001,DEPT-MED,2026-01-14,True,False,False,14.8696,Minor,2,kpi_003; kpi_005,Department contains provisional threshold KPIs,RISKPRIOR-20260728062026,2026-07-28T06:20:28.344471
HOSP-001,DEPT-DIAG,2026-01-14,True,False,False,13.0109,Minor,2,kpi_003; kpi_005,Department contains provisional threshold KPIs,RISKPRIOR-20260728062026,2026-07-28T06:20:28.344471
HOSP-001,DEPT-ADM,2026-01-14,True,False,False,0.0,None,2,kpi_003; kpi_005,Department contains provisional threshold KPIs,RISKPRIOR-20260728062026,2026-07-28T06:20:28.344471
HOSP-001,DEPT-ED,2026-01-14,True,False,False,9.2935,Minor,2,kpi_003; kpi_005,Department contains provisional threshold KPIs,RISKPRIOR-20260728062026,2026-07-28T06:20:28.344471
HOSP-001,DEPT-PEX,2026-01-14,True,False,False,0.0,None,2,kpi_003; kpi_005,Department contains provisional threshold KPIs,RISKPRIOR-20260728062026,2026-07-28T06:20:28.344471
HOSP-001,DEPT-OPC,2026-01-14,True,False,False,1.8587,Minor,2,kpi_003; kpi_005,Department contains provisional threshold KPIs,RISKPRIOR-20260728062026,2026-07-28T06:20:28.344471
HOSP-001,DEPT-PEX,2026-01-15,True,False,False,0.0,None,2,kpi_003; kpi_005,Department contains provisional threshold KPIs,RISKPRIOR-20260728062026,2026-07-28T06:20:28.344471
HOSP-001,DEPT-ICU,2026-01-15,True,True,True,44.6087,Dominant,2,kpi_003; kpi_005,Department contains provisional threshold KPIs; Provisional KPI is dominant risk driver,RISKPRIOR-20260728062026,2026-07-28T06:20:28.344471
HOSP-001,DEPT-MED,2026-01-15,True,True,True,42.75,Dominant,2,kpi_003; kpi_005,Department contains provisional threshold KPIs; Provisional KPI is dominant risk driver,RISKPRIOR-20260728062026,2026-07-28T06:20:28.344471
HOSP-001,DEPT-SURG,2026-01-15,True,True,True,42.75,Dominant,2,kpi_003; kpi_005,Department contains provisional threshold KPIs; Provisional KPI is dominant risk driver,RISKPRIOR-20260728062026,2026-07-28T06:20:28.344471
HOSP-001,DEPT-ED,2026-01-15,True,False,False,13.0109,Minor,2,kpi_003; kpi_005,Department contains provisional threshold KPIs,RISKPRIOR-20260728062026,2026-07-28T06:20:28.344471
HOSP-001,DEPT-OPC,2026-01-15,True,False,False,5.5761,Minor,2,kpi_003; kpi_005,Department contains provisional threshold KPIs,RISKPRIOR-20260728062026,2026-07-28T06:20:28.344471
HOSP-001,DEPT-DIAG,2026-01-15,True,False,False,13.0109,Minor,2,kpi_003; kpi_005,Department contains provisional threshold KPIs,RISKPRIOR-20260728062026,2026-07-28T06:20:28.344471
HOSP-001,DEPT-ADM,2026-01-15,True,False,False,0.0,None,2,kpi_003; kpi_005,Department contains provisional threshold KPIs,RISKPRIOR-20260728062026,2026-07-28T06:20:28.344471
HOSP-001,DEPT-MED,2026-01-16,True,True,False,40.8913,Material,2,kpi_003; kpi_005,Department contains provisional threshold KPIs; Provisional KPI materially affects department risk,RISKPRIOR-20260728062026,2026-07-28T06:20:28.344471
HOSP-001,DEPT-DIAG,2026-01-16,True,True,True,57.6196,Dominant,2,kpi_003; kpi_005,Department contains provisional threshold KPIs; Provisional KPI is dominant risk driver,RISKPRIOR-20260728062026,2026-07-28T06:20:28.344471
HOSP-001,DEPT-ADM,2026-01-16,True,False,False,0.0,None,2,kpi_003; kpi_005,Department contains provisional threshold KPIs,RISKPRIOR-20260728062026,2026-07-28T06:20:28.344471
HOSP-001,DEPT-ICU,2026-01-16,True,True,True,42.75,Dominant,2,kpi_003; kpi_005,Department contains provisional threshold KPIs; Provisional KPI is dominant risk driver,RISKPRIOR-20260728062026,2026-07-28T06:20:28.344471
HOSP-001,DEPT-SURG,2026-01-16,True,True,True,42.75,Dominant,2,kpi_003; kpi_005,Department contains provisional threshold KPIs; Provisional KPI is dominant risk driver,RISKPRIOR-20260728062026,2026-07-28T06:20:28.344471
HOSP-001,DEPT-PEX,2026-01-16,True,False,False,0.0,None,2,kpi_003; kpi_005,Department contains provisional threshold KPIs,RISKPRIOR-20260728062026,2026-07-28T06:20:28.344471
HOSP-001,DEPT-ED,2026-01-16,True,False,False,13.0109,Minor,2,kpi_003; kpi_005,Department contains provisional threshold KPIs,RISKPRIOR-20260728062026,2026-07-28T06:20:28.344471
HOSP-001,DEPT-OPC,2026-01-16,True,False,False,13.0109,Minor,2,kpi_003; kpi_005,Department contains provisional threshold KPIs,RISKPRIOR-20260728062026,2026-07-28T06:20:28.344471
HOSP-001,DEPT-ICU,2026-01-17,True,True,True,42.75,Dominant,2,kpi_003; kpi_005,Department contains provisional threshold KPIs; Provisional KPI is dominant risk driver,RISKPRIOR-20260728062026,2026-07-28T06:20:28.344471
HOSP-001,DEPT-MED,2026-01-17,True,True,True,44.6087,Dominant,2,kpi_003; kpi_005,Department contains provisional threshold KPIs; Provisional KPI is dominant risk driver,RISKPRIOR-20260728062026,2026-07-28T06:20:28.344471
HOSP-001,DEPT-PEX,2026-01-17,True,False,False,0.0,None,2,kpi_003; kpi_005,Department contains provisional threshold KPIs,RISKPRIOR-20260728062026,2026-07-28T06:20:28.344471
HOSP-001,DEPT-ADM,2026-01-17,True,False,False,0.0,None,2,kpi_003; kpi_005,Department contains provisional threshold KPIs,RISKPRIOR-20260728062026,2026-07-28T06:20:28.344471
HOSP-001,DEPT-OPC,2026-01-17,True,False,False,1.8587,Minor,2,kpi_003; kpi_005,Department contains provisional threshold KPIs,RISKPRIOR-20260728062026,2026-07-28T06:20:28.344471
HOSP-001,DEPT-ED,2026-01-17,True,False,False,1.8587,Minor,2,kpi_003; kpi_005,Department contains provisional threshold KPIs,RISKPRIOR-20260728062026,2026-07-28T06:20:28.344471
HOSP-001,DEPT-DIAG,2026-01-17,True,False,False,13.0109,Minor,2,kpi_003; kpi_005,Department contains provisional threshold KPIs,RISKPRIOR-20260728062026,2026-07-28T06:20:28.344471
HOSP-001,DEPT-SURG,2026-01-17,True,True,True,11.1522,Dominant,2,kpi_003; kpi_005,Department contains provisional threshold KPIs; Provisional KPI is dominant risk driver,RISKPRIOR-20260728062026,2026-07-28T06:20:28.344471
HOSP-001,DEPT-OPC,2026-01-18,True,False,False,5.5761,Minor,2,kpi_003; kpi_005,Department contains provisional threshold KPIs,RISKPRIOR-20260728062026,2026-07-28T06:20:28.344471
HOSP-001,DEPT-ICU,2026-01-18,True,False,False,11.1522,Minor,2,kpi_003; kpi_005,Department contains provisional threshold KPIs,RISKPRIOR-20260728062026,2026-07-28T06:20:28.344471
HOSP-001,DEPT-SURG,2026-01-18,True,True,True,42.75,Dominant,2,kpi_003; kpi_005,Department contains provisional threshold KPIs; Provisional KPI is dominant risk driver,RISKPRIOR-20260728062026,2026-07-28T06:20:28.344471
HOSP-001,DEPT-MED,2026-01-18,True,False,False,11.1522,Minor,2,kpi_003; kpi_005,Department contains provisional threshold KPIs,RISKPRIOR-20260728062026,2026-07-28T06:20:28.344471
HOSP-001,DEPT-PEX,2026-01-18,True,False,False,0.0,None,2,kpi_003; kpi_005,Department contains provisional threshold KPIs,RISKPRIOR-20260728062026,2026-07-28T06:20:28.344471
HOSP-001,DEPT-DIAG,2026-01-18,True,False,False,13.0109,Minor,2,kpi_003; kpi_005,Department contains provisional threshold KPIs,RISKPRIOR-20260728062026,2026-07-28T06:20:28.344471
HOSP-001,DEPT-ADM,2026-01-18,True,False,False,0.0,None,2,kpi_003; kpi_005,Department contains provisional threshold KPIs,RISKPRIOR-20260728062026,2026-07-28T06:20:28.344471
HOSP-001,DEPT-ED,2026-01-18,True,False,False,1.8587,Minor,2,kpi_003; kpi_005,Department contains provisional threshold KPIs,RISKPRIOR-20260728062026,2026-07-28T06:20:28.344471
HOSP-001,DEPT-OPC,2026-01-19,True,False,False,13.0109,Minor,2,kpi_003; kpi_005,Department contains provisional threshold KPIs,RISKPRIOR-20260728062026,2026-07-28T06:20:28.344471
HOSP-001,DEPT-ICU,2026-01-19,True,True,True,39.0326,Dominant,2,kpi_003; kpi_005,Department contains provisional threshold KPIs; Provisional KPI is dominant risk driver,RISKPRIOR-20260728062026,2026-07-28T06:20:28.344471
HOSP-001,DEPT-SURG,2026-01-19,True,True,True,42.75,Dominant,2,kpi_003; kpi_005,Department contains provisional threshold KPIs; Provisional KPI is dominant risk driver,RISKPRIOR-20260728062026,2026-07-28T06:20:28.344471
HOSP-001,DEPT-MED,2026-01-19,True,False,False,11.1522,Minor,2,kpi_003; kpi_005,Department contains provisional threshold KPIs,RISKPRIOR-20260728062026,2026-07-28T06:20:28.344471
HOSP-001,DEPT-ED,2026-01-19,True,False,False,0.0,None,2,kpi_003; kpi_005,Department contains provisional threshold KPIs,RISKPRIOR-20260728062026,2026-07-28T06:20:28.344471
HOSP-001,DEPT-ADM,2026-01-19,True,False,False,0.0,None,2,kpi_003; kpi_005,Department contains provisional threshold KPIs,RISKPRIOR-20260728062026,2026-07-28T06:20:28.344471
HOSP-001,DEPT-DIAG,2026-01-19,True,False,False,1.8587,Minor,2,kpi_003; kpi_005,Department contains provisional threshold KPIs,RISKPRIOR-20260728062026,2026-07-28T06:20:28.344471
HOSP-001,DEPT-PEX,2026-01-19,True,False,False,0.0,None,2,kpi_003; kpi_005,Department contains provisional threshold KPIs,RISKPRIOR-20260728062026,2026-07-28T06:20:28.344471
HOSP-001,DEPT-SURG,2026-01-20,True,True,False,44.6087,Material,2,kpi_003; kpi_005,Department contains provisional threshold KPIs; Provisional KPI materially affects department risk,RISKPRIOR-20260728062026,2026-07-28T06:20:28.344471
HOSP-001,DEPT-MED,2026-01-20,True,True,True,42.75,Dominant,2,kpi_003; kpi_005,Department contains provisional threshold KPIs; Provisional KPI is dominant risk driver,RISKPRIOR-20260728062026,2026-07-28T06:20:28.344471
HOSP-001,DEPT-ICU,2026-01-20,True,False,False,14.8696,Minor,2,kpi_003; kpi_005,Department contains provisional threshold KPIs,RISKPRIOR-20260728062026,2026-07-28T06:20:28.344471
HOSP-001,DEPT-DIAG,2026-01-20,True,False,False,1.8587,Minor,2,kpi_003; kpi_005,Department contains provisional threshold KPIs,RISKPRIOR-20260728062026,2026-07-28T06:20:28.344471
HOSP-001,DEPT-OPC,2026-01-20,True,False,False,1.8587,Minor,2,kpi_003; kpi_005,Department contains provisional threshold KPIs,RISKPRIOR-20260728062026,2026-07-28T06:20:28.344471
HOSP-001,DEPT-ED,2026-01-20,True,False,False,1.8587,Minor,2,kpi_003; kpi_005,Department contains provisional threshold KPIs,RISKPRIOR-20260728062026,2026-07-28T06:20:28.344471
HOSP-001,DEPT-ADM,2026-01-20,True,False,False,0.0,None,2,kpi_003; kpi_005,Department contains provisional threshold KPIs,RISKPRIOR-20260728062026,2026-07-28T06:20:28.344471
HOSP-001,DEPT-PEX,2026-01-20,True,False,False,0.0,None,2,kpi_003; kpi_005,Department contains provisional threshold KPIs,RISKPRIOR-20260728062026,2026-07-28T06:20:28.344471
HOSP-001,DEPT-PEX,2026-01-21,True,False,False,0.0,None,2,kpi_003; kpi_005,Department contains provisional threshold KPIs,RISKPRIOR-20260728062026,2026-07-28T06:20:28.344471
HOSP-001,DEPT-ICU,2026-01-21,True,True,True,44.6087,Dominant,2,kpi_003; kpi_005,Department contains provisional threshold KPIs; Provisional KPI is dominant risk driver,RISKPRIOR-20260728062026,2026-07-28T06:20:28.344471
HOSP-001,DEPT-ADM,2026-01-21,True,False,False,0.0,None,2,kpi_003; kpi_005,Department contains provisional threshold KPIs,RISKPRIOR-20260728062026,2026-07-28T06:20:28.344471
HOSP-001,DEPT-MED,2026-01-21,True,True,True,44.6087,Dominant,2,kpi_003; kpi_005,Department contains provisional threshold KPIs; Provisional KPI is dominant risk driver,RISKPRIOR-20260728062026,2026-07-28T06:20:28.344471
HOSP-001,DEPT-SURG,2026-01-21,True,True,True,44.6087,Dominant,2,kpi_003; kpi_005,Department contains provisional threshold KPIs; Provisional KPI is dominant risk driver,RISKPRIOR-20260728062026,2026-07-28T06:20:28.344471
HOSP-001,DEPT-ED,2026-01-21,True,False,False,1.8587,Minor,2,kpi_003; kpi_005,Department contains provisional threshold KPIs,RISKPRIOR-20260728062026,2026-07-28T06:20:28.344471
HOSP-001,DEPT-OPC,2026-01-21,True,False,False,1.8587,Minor,2,kpi_003; kpi_005,Department contains provisional threshold KPIs,RISKPRIOR-20260728062026,2026-07-28T06:20:28.344471
HOSP-001,DEPT-DIAG,2026-01-21,True,False,False,0.0,None,2,kpi_003; kpi_005,Department contains provisional threshold KPIs,RISKPRIOR-20260728062026,2026-07-28T06:20:28.344471
HOSP-001,DEPT-DIAG,2026-01-22,True,False,False,1.8587,Minor,2,kpi_003; kpi_005,Department contains provisional threshold KPIs,RISKPRIOR-20260728062026,2026-07-28T06:20:28.344471
HOSP-001,DEPT-OPC,2026-01-22,True,False,False,9.2935,Minor,2,kpi_003; kpi_005,Department contains provisional threshold KPIs,RISKPRIOR-20260728062026,2026-07-28T06:20:28.344471
HOSP-001,DEPT-ICU,2026-01-22,True,True,True,42.75,Dominant,2,kpi_003; kpi_005,Department contains provisional threshold KPIs; Provisional KPI is dominant risk driver,RISKPRIOR-20260728062026,2026-07-28T06:20:28.344471
HOSP-001,DEPT-SURG,2026-01-22,True,True,True,42.75,Dominant,2,kpi_003; kpi_005,Department contains provisional threshold KPIs; Provisional KPI is dominant risk driver,RISKPRIOR-20260728062026,2026-07-28T06:20:28.344471
HOSP-001,DEPT-ADM,2026-01-22,True,False,False,0.0,None,2,kpi_003; kpi_005,Department contains provisional threshold KPIs,RISKPRIOR-20260728062026,2026-07-28T06:20:28.344471
HOSP-001,DEPT-MED,2026-01-22,True,False,False,14.8696,Minor,2,kpi_003; kpi_005,Department contains provisional threshold KPIs,RISKPRIOR-20260728062026,2026-07-28T06:20:28.344471
HOSP-001,DEPT-ED,2026-01-22,True,False,False,1.8587,Minor,2,kpi_003; kpi_005,Department contains provisional threshold KPIs,RISKPRIOR-20260728062026,2026-07-28T06:20:28.344471
HOSP-001,DEPT-PEX,2026-01-22,True,False,False,0.0,None,2,kpi_003; kpi_005,Department contains provisional threshold KPIs,RISKPRIOR-20260728062026,2026-07-28T06:20:28.344471
HOSP-001,DEPT-DIAG,2026-01-23,True,True,True,57.6196,Dominant,2,kpi_003; kpi_005,Department contains provisional threshold KPIs; Provisional KPI is dominant risk driver,RISKPRIOR-20260728062026,2026-07-28T06:20:28.344471
HOSP-001,DEPT-SURG,2026-01-23,True,True,True,42.75,Dominant,2,kpi_003; kpi_005,Department contains provisional threshold KPIs; Provisional KPI is dominant risk driver,RISKPRIOR-20260728062026,2026-07-28T06:20:28.344471
HOSP-001,DEPT-ICU,2026-01-23,True,False,False,11.1522,Minor,2,kpi_003; kpi_005,Department contains provisional threshold KPIs,RISKPRIOR-20260728062026,2026-07-28T06:20:28.344471
HOSP-001,DEPT-ED,2026-01-23,True,False,False,1.8587,Minor,2,kpi_003; kpi_005,Department contains provisional threshold KPIs,RISKPRIOR-20260728062026,2026-07-28T06:20:28.344471
HOSP-001,DEPT-OPC,2026-01-23,True,True,False,20.4457,Material,2,kpi_003; kpi_005,Department contains provisional threshold KPIs; Provisional KPI materially affects department risk,RISKPRIOR-20260728062026,2026-07-28T06:20:28.344471
HOSP-001,DEPT-PEX,2026-01-23,True,False,False,0.0,None,2,kpi_003; kpi_005,Department contains provisional threshold KPIs,RISKPRIOR-20260728062026,2026-07-28T06:20:28.344471
HOSP-001,DEPT-MED,2026-01-23,True,False,False,14.8696,Minor,2,kpi_003; kpi_005,Department contains provisional threshold KPIs,RISKPRIOR-20260728062026,2026-07-28T06:20:28.344471
HOSP-001,DEPT-ADM,2026-01-23,True,False,False,0.0,None,2,kpi_003; kpi_005,Department contains provisional threshold KPIs,RISKPRIOR-20260728062026,2026-07-28T06:20:28.344471
HOSP-001,DEPT-PEX,2026-01-24,True,False,False,0.0,None,2,kpi_003; kpi_005,Department contains provisional threshold KPIs,RISKPRIOR-20260728062026,2026-07-28T06:20:28.344471
HOSP-001,DEPT-ICU,2026-01-24,True,True,True,39.0326,Dominant,2,kpi_003; kpi_005,Department contains provisional threshold KPIs; Provisional KPI is dominant risk driver,RISKPRIOR-20260728062026,2026-07-28T06:20:28.344471
HOSP-001,DEPT-SURG,2026-01-24,True,True,True,42.75,Dominant,2,kpi_003; kpi_005,Department contains provisional threshold KPIs; Provisional KPI is dominant risk driver,RISKPRIOR-20260728062026,2026-07-28T06:20:28.344471
HOSP-001,DEPT-OPC,2026-01-24,True,True,False,20.4457,Material,2,kpi_003; kpi_005,Department contains provisional threshold KPIs; Provisional KPI materially affects department risk,RISKPRIOR-20260728062026,2026-07-28T06:20:28.344471
HOSP-001,DEPT-DIAG,2026-01-24,True,False,False,1.8587,Minor,2,kpi_003; kpi_005,Department contains provisional threshold KPIs,RISKPRIOR-20260728062026,2026-07-28T06:20:28.344471
HOSP-001,DEPT-ADM,2026-01-24,True,False,False,0.0,None,2,kpi_003; kpi_005,Department contains provisional threshold KPIs,RISKPRIOR-20260728062026,2026-07-28T06:20:28.344471
HOSP-001,DEPT-MED,2026-01-24,True,True,True,11.1522,Dominant,2,kpi_003; kpi_005,Department contains provisional threshold KPIs; Provisional KPI is dominant risk driver,RISKPRIOR-20260728062026,2026-07-28T06:20:28.344471
HOSP-001,DEPT-ED,2026-01-24,True,False,False,5.5761,Minor,2,kpi_003; kpi_005,Department contains provisional threshold KPIs,RISKPRIOR-20260728062026,2026-07-28T06:20:28.344471
HOSP-001,DEPT-SURG,2026-01-25,True,True,False,42.75,Material,2,kpi_003; kpi_005,Department contains provisional threshold KPIs; Provisional KPI materially affects department risk,RISKPRIOR-20260728062026,2026-07-28T06:20:28.344471
HOSP-001,DEPT-ICU,2026-01-25,True,False,False,11.1522,Minor,2,kpi_003; kpi_005,Department contains provisional threshold KPIs,RISKPRIOR-20260728062026,2026-07-28T06:20:28.344471
HOSP-001,DEPT-DIAG,2026-01-25,True,False,False,0.0,None,2,kpi_003; kpi_005,Department contains provisional threshold KPIs,RISKPRIOR-20260728062026,2026-07-28T06:20:28.344471
HOSP-001,DEPT-ADM,2026-01-25,True,False,False,0.0,None,2,kpi_003; kpi_005,Department contains provisional threshold KPIs,RISKPRIOR-20260728062026,2026-07-28T06:20:28.344471
HOSP-001,DEPT-OPC,2026-01-25,True,False,False,13.0109,Minor,2,kpi_003; kpi_005,Department contains provisional threshold KPIs,RISKPRIOR-20260728062026,2026-07-28T06:20:28.344471
HOSP-001,DEPT-PEX,2026-01-25,True,False,False,0.0,None,2,kpi_003; kpi_005,Department contains provisional threshold KPIs,RISKPRIOR-20260728062026,2026-07-28T06:20:28.344471
HOSP-001,DEPT-MED,2026-01-25,True,True,True,11.1522,Dominant,2,kpi_003; kpi_005,Department contains provisional threshold KPIs; Provisional KPI is dominant risk driver,RISKPRIOR-20260728062026,2026-07-28T06:20:28.344471
HOSP-001,DEPT-ED,2026-01-25,True,False,False,1.8587,Minor,2,kpi_003; kpi_005,Department contains provisional threshold KPIs,RISKPRIOR-20260728062026,2026-07-28T06:20:28.344471
HOSP-001,DEPT-ICU,2026-01-26,True,True,False,39.0326,Material,2,kpi_003; kpi_005,Department contains provisional threshold KPIs; Provisional KPI materially affects department risk,RISKPRIOR-20260728062026,2026-07-28T06:20:28.344471
HOSP-001,DEPT-DIAG,2026-01-26,True,True,False,37.1739,Material,2,kpi_003; kpi_005,Department contains provisional threshold KPIs; Provisional KPI materially affects department risk,RISKPRIOR-20260728062026,2026-07-28T06:20:28.344471
HOSP-001,DEPT-MED,2026-01-26,True,True,True,44.6087,Dominant,2,kpi_003; kpi_005,Department contains provisional threshold KPIs; Provisional KPI is dominant risk driver,RISKPRIOR-20260728062026,2026-07-28T06:20:28.344471
HOSP-001,DEPT-ED,2026-01-26,True,False,False,5.5761,Minor,2,kpi_003; kpi_005,Department contains provisional threshold KPIs,RISKPRIOR-20260728062026,2026-07-28T06:20:28.344471
HOSP-001,DEPT-SURG,2026-01-26,True,False,False,14.8696,Minor,2,kpi_003; kpi_005,Department contains provisional threshold KPIs,RISKPRIOR-20260728062026,2026-07-28T06:20:28.344471
HOSP-001,DEPT-OPC,2026-01-26,True,False,False,13.0109,Minor,2,kpi_003; kpi_005,Department contains provisional threshold KPIs,RISKPRIOR-20260728062026,2026-07-28T06:20:28.344471
HOSP-001,DEPT-ADM,2026-01-26,True,False,False,0.0,None,2,kpi_003; kpi_005,Department contains provisional threshold KPIs,RISKPRIOR-20260728062026,2026-07-28T06:20:28.344471
HOSP-001,DEPT-PEX,2026-01-26,True,False,False,0.0,None,2,kpi_003; kpi_005,Department contains provisional threshold KPIs,RISKPRIOR-20260728062026,2026-07-28T06:20:28.344471
HOSP-001,DEPT-SURG,2026-01-27,True,True,False,44.6087,Material,2,kpi_003; kpi_005,Department contains provisional threshold KPIs; Provisional KPI materially affects department risk,RISKPRIOR-20260728062026,2026-07-28T06:20:28.344471
HOSP-001,DEPT-ICU,2026-01-27,True,False,False,11.1522,Minor,2,kpi_003; kpi_005,Department contains provisional threshold KPIs,RISKPRIOR-20260728062026,2026-07-28T06:20:28.344471
HOSP-001,DEPT-MED,2026-01-27,True,True,True,42.75,Dominant,2,kpi_003; kpi_005,Department contains provisional threshold KPIs; Provisional KPI is dominant risk driver,RISKPRIOR-20260728062026,2026-07-28T06:20:28.344471
HOSP-001,DEPT-DIAG,2026-01-27,True,False,False,1.8587,Minor,2,kpi_003; kpi_005,Department contains provisional threshold KPIs,RISKPRIOR-20260728062026,2026-07-28T06:20:28.344471
HOSP-001,DEPT-ADM,2026-01-27,True,False,False,0.0,None,2,kpi_003; kpi_005,Department contains provisional threshold KPIs,RISKPRIOR-20260728062026,2026-07-28T06:20:28.344471
HOSP-001,DEPT-OPC,2026-01-27,True,False,False,13.0109,Minor,2,kpi_003; kpi_005,Department contains provisional threshold KPIs,RISKPRIOR-20260728062026,2026-07-28T06:20:28.344471
HOSP-001,DEPT-PEX,2026-01-27,True,False,False,0.0,None,2,kpi_003; kpi_005,Department contains provisional threshold KPIs,RISKPRIOR-20260728062026,2026-07-28T06:20:28.344471
HOSP-001,DEPT-ED,2026-01-27,True,False,False,1.8587,Minor,2,kpi_003; kpi_005,Department contains provisional threshold KPIs,RISKPRIOR-20260728062026,2026-07-28T06:20:28.344471
HOSP-001,DEPT-MED,2026-01-28,True,True,False,40.8913,Material,2,kpi_003; kpi_005,Department contains provisional threshold KPIs; Provisional KPI materially affects department risk,RISKPRIOR-20260728062026,2026-07-28T06:20:28.344471
HOSP-001,DEPT-ED,2026-01-28,True,False,False,1.8587,Minor,2,kpi_003; kpi_005,Department contains provisional threshold KPIs,RISKPRIOR-20260728062026,2026-07-28T06:20:28.344471
HOSP-001,DEPT-ICU,2026-01-28,True,True,True,40.8913,Dominant,2,kpi_003; kpi_005,Department contains provisional threshold KPIs; Provisional KPI is dominant risk driver,RISKPRIOR-20260728062026,2026-07-28T06:20:28.344471
HOSP-001,DEPT-SURG,2026-01-28,True,True,True,44.6087,Dominant,2,kpi_003; kpi_005,Department contains provisional threshold KPIs; Provisional KPI is dominant risk driver,RISKPRIOR-20260728062026,2026-07-28T06:20:28.344471
HOSP-001,DEPT-DIAG,2026-01-28,True,False,False,0.0,None,2,kpi_003; kpi_005,Department contains provisional threshold KPIs,RISKPRIOR-20260728062026,2026-07-28T06:20:28.344471
HOSP-001,DEPT-ADM,2026-01-28,True,False,False,0.0,None,2,kpi_003; kpi_005,Department contains provisional threshold KPIs,RISKPRIOR-20260728062026,2026-07-28T06:20:28.344471
HOSP-001,DEPT-OPC,2026-01-28,True,False,False,13.0109,Minor,2,kpi_003; kpi_005,Department contains provisional threshold KPIs,RISKPRIOR-20260728062026,2026-07-28T06:20:28.344471
HOSP-001,DEPT-PEX,2026-01-28,True,False,False,0.0,None,2,kpi_003; kpi_005,Department contains provisional threshold KPIs,RISKPRIOR-20260728062026,2026-07-28T06:20:28.344471
HOSP-001,DEPT-ED,2026-01-29,True,False,False,5.5761,Minor,2,kpi_003; kpi_005,Department contains provisional threshold KPIs,RISKPRIOR-20260728062026,2026-07-28T06:20:28.344471
HOSP-001,DEPT-OPC,2026-01-29,True,False,False,13.0109,Minor,2,kpi_003; kpi_005,Department contains provisional threshold KPIs,RISKPRIOR-20260728062026,2026-07-28T06:20:28.344471
HOSP-001,DEPT-ICU,2026-01-29,True,False,False,11.1522,Minor,2,kpi_003; kpi_005,Department contains provisional threshold KPIs,RISKPRIOR-20260728062026,2026-07-28T06:20:28.344471
HOSP-001,DEPT-MED,2026-01-29,True,True,True,39.0326,Dominant,2,kpi_003; kpi_005,Department contains provisional threshold KPIs; Provisional KPI is dominant risk driver,RISKPRIOR-20260728062026,2026-07-28T06:20:28.344471
HOSP-001,DEPT-ADM,2026-01-29,True,False,False,0.0,None,2,kpi_003; kpi_005,Department contains provisional threshold KPIs,RISKPRIOR-20260728062026,2026-07-28T06:20:28.344471
HOSP-001,DEPT-PEX,2026-01-29,True,False,False,0.0,None,2,kpi_003; kpi_005,Department contains provisional threshold KPIs,RISKPRIOR-20260728062026,2026-07-28T06:20:28.344471
HOSP-001,DEPT-SURG,2026-01-29,True,False,False,11.1522,Minor,2,kpi_003; kpi_005,Department contains provisional threshold KPIs,RISKPRIOR-20260728062026,2026-07-28T06:20:28.344471
HOSP-001,DEPT-DIAG,2026-01-29,True,False,False,0.0,None,2,kpi_003; kpi_005,Department contains provisional threshold KPIs,RISKPRIOR-20260728062026,2026-07-28T06:20:28.344471
HOSP-001,DEPT-ADM,2026-01-30,True,False,False,0.0,None,2,kpi_003; kpi_005,Department contains provisional threshold KPIs,RISKPRIOR-20260728062026,2026-07-28T06:20:28.344471
HOSP-001,DEPT-DIAG,2026-01-30,True,True,True,57.6196,Dominant,2,kpi_003; kpi_005,Department contains provisional threshold KPIs; Provisional KPI is dominant risk driver,RISKPRIOR-20260728062026,2026-07-28T06:20:28.344471
HOSP-001,DEPT-SURG,2026-01-30,True,True,True,44.6087,Dominant,2,kpi_003; kpi_005,Department contains provisional threshold KPIs; Provisional KPI is dominant risk driver,RISKPRIOR-20260728062026,2026-07-28T06:20:28.344471
HOSP-001,DEPT-MED,2026-01-30,True,True,True,44.6087,Dominant,2,kpi_003; kpi_005,Department contains provisional threshold KPIs; Provisional KPI is dominant risk driver,RISKPRIOR-20260728062026,2026-07-28T06:20:28.344471
HOSP-001,DEPT-ICU,2026-01-30,True,True,True,39.0326,Dominant,2,kpi_003; kpi_005,Department contains provisional threshold KPIs; Provisional KPI is dominant risk driver,RISKPRIOR-20260728062026,2026-07-28T06:20:28.344471
HOSP-001,DEPT-PEX,2026-01-30,True,False,False,0.0,None,2,kpi_003; kpi_005,Department contains provisional threshold KPIs,RISKPRIOR-20260728062026,2026-07-28T06:20:28.344471
HOSP-001,DEPT-OPC,2026-01-30,True,False,False,1.8587,Minor,2,kpi_003; kpi_005,Department contains provisional threshold KPIs,RISKPRIOR-20260728062026,2026-07-28T06:20:28.344471
HOSP-001,DEPT-ED,2026-01-30,True,False,False,5.5761,Minor,2,kpi_003; kpi_005,Department contains provisional threshold KPIs,RISKPRIOR-20260728062026,2026-07-28T06:20:28.344471
HOSP-001,DEPT-SURG,2026-01-31,True,True,False,42.75,Material,2,kpi_003; kpi_005,Department contains provisional threshold KPIs; Provisional KPI materially affects department risk,RISKPRIOR-20260728062026,2026-07-28T06:20:28.344471
HOSP-001,DEPT-MED,2026-01-31,True,True,True,42.75,Dominant,2,kpi_003; kpi_005,Department contains provisional threshold KPIs; Provisional KPI is dominant risk driver,RISKPRIOR-20260728062026,2026-07-28T06:20:28.344471
HOSP-001,DEPT-ADM,2026-01-31,True,False,False,0.0,None,2,kpi_003; kpi_005,Department contains provisional threshold KPIs,RISKPRIOR-20260728062026,2026-07-28T06:20:28.344471
HOSP-001,DEPT-DIAG,2026-01-31,True,False,False,13.0109,Minor,2,kpi_003; kpi_005,Department contains provisional threshold KPIs,RISKPRIOR-20260728062026,2026-07-28T06:20:28.344471
HOSP-001,DEPT-OPC,2026-01-31,True,False,False,5.5761,Minor,2,kpi_003; kpi_005,Department contains provisional threshold KPIs,RISKPRIOR-20260728062026,2026-07-28T06:20:28.344471
HOSP-001,DEPT-PEX,2026-01-31,True,False,False,0.0,None,2,kpi_003; kpi_005,Department contains provisional threshold KPIs,RISKPRIOR-20260728062026,2026-07-28T06:20:28.344471
HOSP-001,DEPT-ICU,2026-01-31,True,False,False,11.1522,Minor,2,kpi_003; kpi_005,Department contains provisional threshold KPIs,RISKPRIOR-20260728062026,2026-07-28T06:20:28.344471
HOSP-001,DEPT-ED,2026-01-31,True,False,False,9.2935,Minor,2,kpi_003; kpi_005,Department contains provisional threshold KPIs,RISKPRIOR-20260728062026,2026-07-28T06:20:28.344471
HOSP-001,DEPT-ED,2026-02-01,True,True,False,20.4457,Material,2,kpi_003; kpi_005,Department contains provisional threshold KPIs; Provisional KPI materially affects department risk,RISKPRIOR-20260728062026,2026-07-28T06:20:28.344471
HOSP-001,DEPT-ICU,2026-02-01,True,True,True,42.75,Dominant,2,kpi_003; kpi_005,Department contains provisional threshold KPIs; Provisional KPI is dominant risk driver,RISKPRIOR-20260728062026,2026-07-28T06:20:28.344471
HOSP-001,DEPT-MED,2026-02-01,True,True,True,42.75,Dominant,2,kpi_003; kpi_005,Department contains provisional threshold KPIs; Provisional KPI is dominant risk driver,RISKPRIOR-20260728062026,2026-07-28T06:20:28.344471
HOSP-001,DEPT-ADM,2026-02-01,True,False,False,0.0,None,2,kpi_003; kpi_005,Department contains provisional threshold KPIs,RISKPRIOR-20260728062026,2026-07-28T06:20:28.344471
HOSP-001,DEPT-SURG,2026-02-01,True,False,False,14.8696,Minor,2,kpi_003; kpi_005,Department contains provisional threshold KPIs,RISKPRIOR-20260728062026,2026-07-28T06:20:28.344471
HOSP-001,DEPT-OPC,2026-02-01,True,False,False,13.0109,Minor,2,kpi_003; kpi_005,Department contains provisional threshold KPIs,RISKPRIOR-20260728062026,2026-07-28T06:20:28.344471
HOSP-001,DEPT-PEX,2026-02-01,True,False,False,0.0,None,2,kpi_003; kpi_005,Department contains provisional threshold KPIs,RISKPRIOR-20260728062026,2026-07-28T06:20:28.344471
HOSP-001,DEPT-DIAG,2026-02-01,True,False,False,13.0109,Minor,2,kpi_003; kpi_005,Department contains provisional threshold KPIs,RISKPRIOR-20260728062026,2026-07-28T06:20:28.344471
HOSP-001,DEPT-ADM,2026-02-02,True,False,False,0.0,None,2,kpi_003; kpi_005,Department contains provisional threshold KPIs,RISKPRIOR-20260728062026,2026-07-28T06:20:28.344471
HOSP-001,DEPT-PEX,2026-02-02,True,False,False,0.0,None,2,kpi_003; kpi_005,Department contains provisional threshold KPIs,RISKPRIOR-20260728062026,2026-07-28T06:20:28.344471
HOSP-001,DEPT-ICU,2026-02-02,True,True,True,42.75,Dominant,2,kpi_003; kpi_005,Department contains provisional threshold KPIs; Provisional KPI is dominant risk driver,RISKPRIOR-20260728062026,2026-07-28T06:20:28.344471
HOSP-001,DEPT-SURG,2026-02-02,True,True,True,44.6087,Dominant,2,kpi_003; kpi_005,Department contains provisional threshold KPIs; Provisional KPI is dominant risk driver,RISKPRIOR-20260728062026,2026-07-28T06:20:28.344471
HOSP-001,DEPT-MED,2026-02-02,True,True,True,42.75,Dominant,2,kpi_003; kpi_005,Department contains provisional threshold KPIs; Provisional KPI is dominant risk driver,RISKPRIOR-20260728062026,2026-07-28T06:20:28.344471
HOSP-001,DEPT-ED,2026-02-02,True,False,False,13.0109,Minor,2,kpi_003; kpi_005,Department contains provisional threshold KPIs,RISKPRIOR-20260728062026,2026-07-28T06:20:28.344471
HOSP-001,DEPT-OPC,2026-02-02,True,False,False,5.5761,Minor,2,kpi_003; kpi_005,Department contains provisional threshold KPIs,RISKPRIOR-20260728062026,2026-07-28T06:20:28.344471
HOSP-001,DEPT-DIAG,2026-02-02,True,False,False,1.8587,Minor,2,kpi_003; kpi_005,Department contains provisional threshold KPIs,RISKPRIOR-20260728062026,2026-07-28T06:20:28.344471
HOSP-001,DEPT-PEX,2026-02-03,True,False,False,0.0,None,2,kpi_003; kpi_005,Department contains provisional threshold KPIs,RISKPRIOR-20260728062026,2026-07-28T06:20:28.344471
HOSP-001,DEPT-SURG,2026-02-03,True,True,True,42.75,Dominant,2,kpi_003; kpi_005,Department contains provisional threshold KPIs; Provisional KPI is dominant risk driver,RISKPRIOR-20260728062026,2026-07-28T06:20:28.344471
HOSP-001,DEPT-ICU,2026-02-03,True,False,False,14.8696,Minor,2,kpi_003; kpi_005,Department contains provisional threshold KPIs,RISKPRIOR-20260728062026,2026-07-28T06:20:28.344471
HOSP-001,DEPT-MED,2026-02-03,True,True,True,42.75,Dominant,2,kpi_003; kpi_005,Department contains provisional threshold KPIs; Provisional KPI is dominant risk driver,RISKPRIOR-20260728062026,2026-07-28T06:20:28.344471
HOSP-001,DEPT-OPC,2026-02-03,True,False,False,13.0109,Minor,2,kpi_003; kpi_005,Department contains provisional threshold KPIs,RISKPRIOR-20260728062026,2026-07-28T06:20:28.344471
HOSP-001,DEPT-ED,2026-02-03,True,False,False,13.0109,Minor,2,kpi_003; kpi_005,Department contains provisional threshold KPIs,RISKPRIOR-20260728062026,2026-07-28T06:20:28.344471
HOSP-001,DEPT-ADM,2026-02-03,True,False,False,0.0,None,2,kpi_003; kpi_005,Department contains provisional threshold KPIs,RISKPRIOR-20260728062026,2026-07-28T06:20:28.344471
HOSP-001,DEPT-DIAG,2026-02-03,True,False,False,1.8587,Minor,2,kpi_003; kpi_005,Department contains provisional threshold KPIs,RISKPRIOR-20260728062026,2026-07-28T06:20:28.344471
HOSP-001,DEPT-ICU,2026-02-04,True,True,True,40.8913,Dominant,2,kpi_003; kpi_005,Department contains provisional threshold KPIs; Provisional KPI is dominant risk driver,RISKPRIOR-20260728062026,2026-07-28T06:20:28.344471
HOSP-001,DEPT-MED,2026-02-04,True,True,True,44.6087,Dominant,2,kpi_003; kpi_005,Department contains provisional threshold KPIs; Provisional KPI is dominant risk driver,RISKPRIOR-20260728062026,2026-07-28T06:20:28.344471
HOSP-001,DEPT-SURG,2026-02-04,True,True,True,39.0326,Dominant,2,kpi_003; kpi_005,Department contains provisional threshold KPIs; Provisional KPI is dominant risk driver,RISKPRIOR-20260728062026,2026-07-28T06:20:28.344471
HOSP-001,DEPT-PEX,2026-02-04,True,False,False,0.0,None,2,kpi_003; kpi_005,Department contains provisional threshold KPIs,RISKPRIOR-20260728062026,2026-07-28T06:20:28.344471
HOSP-001,DEPT-OPC,2026-02-04,True,False,False,0.0,None,2,kpi_003; kpi_005,Department contains provisional threshold KPIs,RISKPRIOR-20260728062026,2026-07-28T06:20:28.344471
HOSP-001,DEPT-ED,2026-02-04,True,False,False,1.8587,Minor,2,kpi_003; kpi_005,Department contains provisional threshold KPIs,RISKPRIOR-20260728062026,2026-07-28T06:20:28.344471
HOSP-001,DEPT-DIAG,2026-02-04,True,False,False,1.8587,Minor,2,kpi_003; kpi_005,Department contains provisional threshold KPIs,RISKPRIOR-20260728062026,2026-07-28T06:20:28.344471
HOSP-001,DEPT-ADM,2026-02-04,True,False,False,0.0,None,2,kpi_003; kpi_005,Department contains provisional threshold KPIs,RISKPRIOR-20260728062026,2026-07-28T06:20:28.344471
HOSP-001,DEPT-SURG,2026-02-05,True,True,True,42.75,Dominant,2,kpi_003; kpi_005,Department contains provisional threshold KPIs; Provisional KPI is dominant risk driver,RISKPRIOR-20260728062026,2026-07-28T06:20:28.344471
HOSP-001,DEPT-ICU,2026-02-05,True,False,False,11.1522,Minor,2,kpi_003; kpi_005,Department contains provisional threshold KPIs,RISKPRIOR-20260728062026,2026-07-28T06:20:28.344471
HOSP-001,DEPT-PEX,2026-02-05,True,False,False,0.0,None,2,kpi_003; kpi_005,Department contains provisional threshold KPIs,RISKPRIOR-20260728062026,2026-07-28T06:20:28.344471
HOSP-001,DEPT-ADM,2026-02-05,True,False,False,0.0,None,2,kpi_003; kpi_005,Department contains provisional threshold KPIs,RISKPRIOR-20260728062026,2026-07-28T06:20:28.344471
HOSP-001,DEPT-MED,2026-02-05,True,False,False,14.8696,Minor,2,kpi_003; kpi_005,Department contains provisional threshold KPIs,RISKPRIOR-20260728062026,2026-07-28T06:20:28.344471
HOSP-001,DEPT-OPC,2026-02-05,True,False,False,13.0109,Minor,2,kpi_003; kpi_005,Department contains provisional threshold KPIs,RISKPRIOR-20260728062026,2026-07-28T06:20:28.344471
HOSP-001,DEPT-DIAG,2026-02-05,True,False,False,1.8587,Minor,2,kpi_003; kpi_005,Department contains provisional threshold KPIs,RISKPRIOR-20260728062026,2026-07-28T06:20:28.344471
HOSP-001,DEPT-ED,2026-02-05,True,False,False,0.0,None,2,kpi_003; kpi_005,Department contains provisional threshold KPIs,RISKPRIOR-20260728062026,2026-07-28T06:20:28.344471
HOSP-001,DEPT-ADM,2026-02-06,True,False,False,0.0,None,2,kpi_003; kpi_005,Department contains provisional threshold KPIs,RISKPRIOR-20260728062026,2026-07-28T06:20:28.344471
HOSP-001,DEPT-PEX,2026-02-06,True,False,False,0.0,None,2,kpi_003; kpi_005,Department contains provisional threshold KPIs,RISKPRIOR-20260728062026,2026-07-28T06:20:28.344471
HOSP-001,DEPT-SURG,2026-02-06,True,True,True,44.6087,Dominant,2,kpi_003; kpi_005,Department contains provisional threshold KPIs; Provisional KPI is dominant risk driver,RISKPRIOR-20260728062026,2026-07-28T06:20:28.344471
HOSP-001,DEPT-MED,2026-02-06,True,True,True,44.6087,Dominant,2,kpi_003; kpi_005,Department contains provisional threshold KPIs; Provisional KPI is dominant risk driver,RISKPRIOR-20260728062026,2026-07-28T06:20:28.344471
HOSP-001,DEPT-ICU,2026-02-06,True,True,True,39.0326,Dominant,2,kpi_003; kpi_005,Department contains provisional threshold KPIs; Provisional KPI is dominant risk driver,RISKPRIOR-20260728062026,2026-07-28T06:20:28.344471
HOSP-001,DEPT-OPC,2026-02-06,True,False,False,13.0109,Minor,2,kpi_003; kpi_005,Department contains provisional threshold KPIs,RISKPRIOR-20260728062026,2026-07-28T06:20:28.344471
HOSP-001,DEPT-DIAG,2026-02-06,True,False,False,1.8587,Minor,2,kpi_003; kpi_005,Department contains provisional threshold KPIs,RISKPRIOR-20260728062026,2026-07-28T06:20:28.344471
HOSP-001,DEPT-ED,2026-02-06,True,True,True,20.4457,Dominant,2,kpi_003; kpi_005,Department contains provisional threshold KPIs; Provisional KPI is dominant risk driver,RISKPRIOR-20260728062026,2026-07-28T06:20:28.344471
HOSP-001,DEPT-ED,2026-02-07,True,False,False,0.0,None,2,kpi_003; kpi_005,Department contains provisional threshold KPIs,RISKPRIOR-20260728062026,2026-07-28T06:20:28.344471
HOSP-001,DEPT-PEX,2026-02-07,True,False,False,0.0,None,2,kpi_003; kpi_005,Department contains provisional threshold KPIs,RISKPRIOR-20260728062026,2026-07-28T06:20:28.344471
HOSP-001,DEPT-DIAG,2026-02-07,True,True,True,57.6196,Dominant,2,kpi_003; kpi_005,Department contains provisional threshold KPIs; Provisional KPI is dominant risk driver,RISKPRIOR-20260728062026,2026-07-28T06:20:28.344471
HOSP-001,DEPT-MED,2026-02-07,True,True,True,44.6087,Dominant,2,kpi_003; kpi_005,Department contains provisional threshold KPIs; Provisional KPI is dominant risk driver,RISKPRIOR-20260728062026,2026-07-28T06:20:28.344471
HOSP-001,DEPT-ICU,2026-02-07,True,False,False,14.8696,Minor,2,kpi_003; kpi_005,Department contains provisional threshold KPIs,RISKPRIOR-20260728062026,2026-07-28T06:20:28.344471
HOSP-001,DEPT-SURG,2026-02-07,True,False,False,14.8696,Minor,2,kpi_003; kpi_005,Department contains provisional threshold KPIs,RISKPRIOR-20260728062026,2026-07-28T06:20:28.344471
HOSP-001,DEPT-ADM,2026-02-07,True,False,False,0.0,None,2,kpi_003; kpi_005,Department contains provisional threshold KPIs,RISKPRIOR-20260728062026,2026-07-28T06:20:28.344471
HOSP-001,DEPT-OPC,2026-02-07,True,False,False,13.0109,Minor,2,kpi_003; kpi_005,Department contains provisional threshold KPIs,RISKPRIOR-20260728062026,2026-07-28T06:20:28.344471
HOSP-001,DEPT-MED,2026-02-08,True,True,False,42.75,Material,2,kpi_003; kpi_005,Department contains provisional threshold KPIs; Provisional KPI materially affects department risk,RISKPRIOR-20260728062026,2026-07-28T06:20:28.344471
HOSP-001,DEPT-ICU,2026-02-08,True,True,True,44.6087,Dominant,2,kpi_003; kpi_005,Department contains provisional threshold KPIs; Provisional KPI is dominant risk driver,RISKPRIOR-20260728062026,2026-07-28T06:20:28.344471
HOSP-001,DEPT-SURG,2026-02-08,True,False,False,11.1522,Minor,2,kpi_003; kpi_005,Department contains provisional threshold KPIs,RISKPRIOR-20260728062026,2026-07-28T06:20:28.344471
HOSP-001,DEPT-ADM,2026-02-08,True,False,False,0.0,None,2,kpi_003; kpi_005,Department contains provisional threshold KPIs,RISKPRIOR-20260728062026,2026-07-28T06:20:28.344471
HOSP-001,DEPT-ED,2026-02-08,True,True,True,20.4457,Dominant,2,kpi_003; kpi_005,Department contains provisional threshold KPIs; Provisional KPI is dominant risk driver,RISKPRIOR-20260728062026,2026-07-28T06:20:28.344471
HOSP-001,DEPT-OPC,2026-02-08,True,False,False,5.5761,Minor,2,kpi_003; kpi_005,Department contains provisional threshold KPIs,RISKPRIOR-20260728062026,2026-07-28T06:20:28.344471
HOSP-001,DEPT-PEX,2026-02-08,True,False,False,0.0,None,2,kpi_003; kpi_005,Department contains provisional threshold KPIs,RISKPRIOR-20260728062026,2026-07-28T06:20:28.344471
HOSP-001,DEPT-DIAG,2026-02-08,True,False,False,1.8587,Minor,2,kpi_003; kpi_005,Department contains provisional threshold KPIs,RISKPRIOR-20260728062026,2026-07-28T06:20:28.344471
HOSP-001,DEPT-MED,2026-02-09,True,True,False,42.75,Material,2,kpi_003; kpi_005,Department contains provisional threshold KPIs; Provisional KPI materially affects department risk,RISKPRIOR-20260728062026,2026-07-28T06:20:28.344471
HOSP-001,DEPT-ED,2026-02-09,True,True,True,79.9239,Dominant,2,kpi_003; kpi_005,Department contains provisional threshold KPIs; Provisional KPI is dominant risk driver,RISKPRIOR-20260728062026,2026-07-28T06:20:28.344471
HOSP-001,DEPT-ADM,2026-02-09,True,False,False,0.0,None,2,kpi_003; kpi_005,Department contains provisional threshold KPIs,RISKPRIOR-20260728062026,2026-07-28T06:20:28.344471
HOSP-001,DEPT-PEX,2026-02-09,True,False,False,0.0,None,2,kpi_003; kpi_005,Department contains provisional threshold KPIs,RISKPRIOR-20260728062026,2026-07-28T06:20:28.344471
HOSP-001,DEPT-SURG,2026-02-09,True,True,False,39.0326,Material,2,kpi_003; kpi_005,Department contains provisional threshold KPIs; Provisional KPI materially affects department risk,RISKPRIOR-20260728062026,2026-07-28T06:20:28.344471
HOSP-001,DEPT-ICU,2026-02-09,True,True,True,44.6087,Dominant,2,kpi_003; kpi_005,Department contains provisional threshold KPIs; Provisional KPI is dominant risk driver,RISKPRIOR-20260728062026,2026-07-28T06:20:28.344471
HOSP-001,DEPT-OPC,2026-02-09,True,False,False,13.0109,Minor,2,kpi_003; kpi_005,Department contains provisional threshold KPIs,RISKPRIOR-20260728062026,2026-07-28T06:20:28.344471
HOSP-001,DEPT-DIAG,2026-02-09,True,False,False,1.8587,Minor,2,kpi_003; kpi_005,Department contains provisional threshold KPIs,RISKPRIOR-20260728062026,2026-07-28T06:20:28.344471
HOSP-001,DEPT-ICU,2026-02-10,True,True,True,42.75,Dominant,2,kpi_003; kpi_005,Department contains provisional threshold KPIs; Provisional KPI is dominant risk driver,RISKPRIOR-20260728062026,2026-07-28T06:20:28.344471
HOSP-001,DEPT-MED,2026-02-10,True,True,True,44.6087,Dominant,2,kpi_003; kpi_005,Department contains provisional threshold KPIs; Provisional KPI is dominant risk driver,RISKPRIOR-20260728062026,2026-07-28T06:20:28.344471
HOSP-001,DEPT-SURG,2026-02-10,True,False,False,7.4348,Minor,2,kpi_003; kpi_005,Department contains provisional threshold KPIs,RISKPRIOR-20260728062026,2026-07-28T06:20:28.344471
HOSP-001,DEPT-ADM,2026-02-10,True,False,False,0.0,None,2,kpi_003; kpi_005,Department contains provisional threshold KPIs,RISKPRIOR-20260728062026,2026-07-28T06:20:28.344471
HOSP-001,DEPT-ED,2026-02-10,True,True,True,20.4457,Dominant,2,kpi_003; kpi_005,Department contains provisional threshold KPIs; Provisional KPI is dominant risk driver,RISKPRIOR-20260728062026,2026-07-28T06:20:28.344471
HOSP-001,DEPT-OPC,2026-02-10,True,False,False,13.0109,Minor,2,kpi_003; kpi_005,Department contains provisional threshold KPIs,RISKPRIOR-20260728062026,2026-07-28T06:20:28.344471
HOSP-001,DEPT-PEX,2026-02-10,True,False,False,0.0,None,2,kpi_003; kpi_005,Department contains provisional threshold KPIs,RISKPRIOR-20260728062026,2026-07-28T06:20:28.344471
HOSP-001,DEPT-DIAG,2026-02-10,True,False,False,1.8587,Minor,2,kpi_003; kpi_005,Department contains provisional threshold KPIs,RISKPRIOR-20260728062026,2026-07-28T06:20:28.344471
HOSP-001,DEPT-ED,2026-02-11,True,True,False,20.4457,Material,2,kpi_003; kpi_005,Department contains provisional threshold KPIs; Provisional KPI materially affects department risk,RISKPRIOR-20260728062026,2026-07-28T06:20:28.344471
HOSP-001,DEPT-ICU,2026-02-11,True,False,False,11.1522,Minor,2,kpi_003; kpi_005,Department contains provisional threshold KPIs,RISKPRIOR-20260728062026,2026-07-28T06:20:28.344471
HOSP-001,DEPT-OPC,2026-02-11,True,True,False,20.4457,Material,2,kpi_003; kpi_005,Department contains provisional threshold KPIs; Provisional KPI materially affects department risk,RISKPRIOR-20260728062026,2026-07-28T06:20:28.344471
HOSP-001,DEPT-MED,2026-02-11,True,True,True,44.6087,Dominant,2,kpi_003; kpi_005,Department contains provisional threshold KPIs; Provisional KPI is dominant risk driver,RISKPRIOR-20260728062026,2026-07-28T06:20:28.344471
HOSP-001,DEPT-SURG,2026-02-11,True,True,True,39.0326,Dominant,2,kpi_003; kpi_005,Department contains provisional threshold KPIs; Provisional KPI is dominant risk driver,RISKPRIOR-20260728062026,2026-07-28T06:20:28.344471
HOSP-001,DEPT-ADM,2026-02-11,True,False,False,0.0,None,2,kpi_003; kpi_005,Department contains provisional threshold KPIs,RISKPRIOR-20260728062026,2026-07-28T06:20:28.344471
HOSP-001,DEPT-PEX,2026-02-11,True,False,False,0.0,None,2,kpi_003; kpi_005,Department contains provisional threshold KPIs,RISKPRIOR-20260728062026,2026-07-28T06:20:28.344471
HOSP-001,DEPT-DIAG,2026-02-11,True,False,False,1.8587,Minor,2,kpi_003; kpi_005,Department contains provisional threshold KPIs,RISKPRIOR-20260728062026,2026-07-28T06:20:28.344471
HOSP-001,DEPT-PEX,2026-02-12,True,False,False,0.0,None,2,kpi_003; kpi_005,Department contains provisional threshold KPIs,RISKPRIOR-20260728062026,2026-07-28T06:20:28.344471
HOSP-001,DEPT-ICU,2026-02-12,True,True,True,39.0326,Dominant,2,kpi_003; kpi_005,Department contains provisional threshold KPIs; Provisional KPI is dominant risk driver,RISKPRIOR-20260728062026,2026-07-28T06:20:28.344471
HOSP-001,DEPT-DIAG,2026-02-12,True,False,False,1.8587,Minor,2,kpi_003; kpi_005,Department contains provisional threshold KPIs,RISKPRIOR-20260728062026,2026-07-28T06:20:28.344471
HOSP-001,DEPT-SURG,2026-02-12,True,False,False,7.4348,Minor,2,kpi_003; kpi_005,Department contains provisional threshold KPIs,RISKPRIOR-20260728062026,2026-07-28T06:20:28.344471
HOSP-001,DEPT-ED,2026-02-12,True,False,False,13.0109,Minor,2,kpi_003; kpi_005,Department contains provisional threshold KPIs,RISKPRIOR-20260728062026,2026-07-28T06:20:28.344471
HOSP-001,DEPT-OPC,2026-02-12,True,False,False,9.2935,Minor,2,kpi_003; kpi_005,Department contains provisional threshold KPIs,RISKPRIOR-20260728062026,2026-07-28T06:20:28.344471
HOSP-001,DEPT-MED,2026-02-12,True,False,False,11.1522,Minor,2,kpi_003; kpi_005,Department contains provisional threshold KPIs,RISKPRIOR-20260728062026,2026-07-28T06:20:28.344471
HOSP-001,DEPT-ADM,2026-02-12,True,False,False,0.0,None,2,kpi_003; kpi_005,Department contains provisional threshold KPIs,RISKPRIOR-20260728062026,2026-07-28T06:20:28.344471
HOSP-001,DEPT-DIAG,2026-02-13,True,True,True,57.6196,Dominant,2,kpi_003; kpi_005,Department contains provisional threshold KPIs; Provisional KPI is dominant risk driver,RISKPRIOR-20260728062026,2026-07-28T06:20:28.344471
HOSP-001,DEPT-SURG,2026-02-13,True,True,True,39.0326,Dominant,2,kpi_003; kpi_005,Department contains provisional threshold KPIs; Provisional KPI is dominant risk driver,RISKPRIOR-20260728062026,2026-07-28T06:20:28.344471
HOSP-001,DEPT-ICU,2026-02-13,True,False,False,11.1522,Minor,2,kpi_003; kpi_005,Department contains provisional threshold KPIs,RISKPRIOR-20260728062026,2026-07-28T06:20:28.344471
HOSP-001,DEPT-MED,2026-02-13,True,True,True,39.0326,Dominant,2,kpi_003; kpi_005,Department contains provisional threshold KPIs; Provisional KPI is dominant risk driver,RISKPRIOR-20260728062026,2026-07-28T06:20:28.344471
HOSP-001,DEPT-ED,2026-02-13,True,False,False,0.0,None,2,kpi_003; kpi_005,Department contains provisional threshold KPIs,RISKPRIOR-20260728062026,2026-07-28T06:20:28.344471
HOSP-001,DEPT-OPC,2026-02-13,True,True,False,20.4457,Material,2,kpi_003; kpi_005,Department contains provisional threshold KPIs; Provisional KPI materially affects department risk,RISKPRIOR-20260728062026,2026-07-28T06:20:28.344471
HOSP-001,DEPT-ADM,2026-02-13,True,False,False,0.0,None,2,kpi_003; kpi_005,Department contains provisional threshold KPIs,RISKPRIOR-20260728062026,2026-07-28T06:20:28.344471
HOSP-001,DEPT-PEX,2026-02-13,True,False,False,0.0,None,2,kpi_003; kpi_005,Department contains provisional threshold KPIs,RISKPRIOR-20260728062026,2026-07-28T06:20:28.344471
HOSP-001,DEPT-ADM,2026-02-14,True,False,False,0.0,None,2,kpi_003; kpi_005,Department contains provisional threshold KPIs,RISKPRIOR-20260728062026,2026-07-28T06:20:28.344471
HOSP-001,DEPT-SURG,2026-02-14,True,True,False,40.8913,Material,2,kpi_003; kpi_005,Department contains provisional threshold KPIs; Provisional KPI materially affects department risk,RISKPRIOR-20260728062026,2026-07-28T06:20:28.344471
HOSP-001,DEPT-PEX,2026-02-14,True,False,False,0.0,None,2,kpi_003; kpi_005,Department contains provisional threshold KPIs,RISKPRIOR-20260728062026,2026-07-28T06:20:28.344471
HOSP-001,DEPT-ICU,2026-02-14,True,True,True,40.8913,Dominant,2,kpi_003; kpi_005,Department contains provisional threshold KPIs; Provisional KPI is dominant risk driver,RISKPRIOR-20260728062026,2026-07-28T06:20:28.344471
HOSP-001,DEPT-DIAG,2026-02-14,True,False,False,13.0109,Minor,2,kpi_003; kpi_005,Department contains provisional threshold KPIs,RISKPRIOR-20260728062026,2026-07-28T06:20:28.344471
HOSP-001,DEPT-MED,2026-02-14,True,True,True,40.8913,Dominant,2,kpi_003; kpi_005,Department contains provisional threshold KPIs; Provisional KPI is dominant risk driver,RISKPRIOR-20260728062026,2026-07-28T06:20:28.344471
HOSP-001,DEPT-ED,2026-02-14,True,False,False,0.0,None,2,kpi_003; kpi_005,Department contains provisional threshold KPIs,RISKPRIOR-20260728062026,2026-07-28T06:20:28.344471
HOSP-001,DEPT-OPC,2026-02-14,True,False,False,0.0,None,2,kpi_003; kpi_005,Department contains provisional threshold KPIs,RISKPRIOR-20260728062026,2026-07-28T06:20:28.344471
HOSP-001,DEPT-ICU,2026-02-15,True,True,False,40.8913,Material,2,kpi_003; kpi_005,Department contains provisional threshold KPIs; Provisional KPI materially affects department risk,RISKPRIOR-20260728062026,2026-07-28T06:20:28.344471
HOSP-001,DEPT-PEX,2026-02-15,True,False,False,0.0,None,2,kpi_003; kpi_005,Department contains provisional threshold KPIs,RISKPRIOR-20260728062026,2026-07-28T06:20:28.344471
HOSP-001,DEPT-MED,2026-02-15,True,True,True,42.75,Dominant,2,kpi_003; kpi_005,Department contains provisional threshold KPIs; Provisional KPI is dominant risk driver,RISKPRIOR-20260728062026,2026-07-28T06:20:28.344471
HOSP-001,DEPT-SURG,2026-02-15,True,True,True,39.0326,Dominant,2,kpi_003; kpi_005,Department contains provisional threshold KPIs; Provisional KPI is dominant risk driver,RISKPRIOR-20260728062026,2026-07-28T06:20:28.344471
HOSP-001,DEPT-ADM,2026-02-15,True,False,False,0.0,None,2,kpi_003; kpi_005,Department contains provisional threshold KPIs,RISKPRIOR-20260728062026,2026-07-28T06:20:28.344471
HOSP-001,DEPT-ED,2026-02-15,True,False,False,13.0109,Minor,2,kpi_003; kpi_005,Department contains provisional threshold KPIs,RISKPRIOR-20260728062026,2026-07-28T06:20:28.344471
HOSP-001,DEPT-OPC,2026-02-15,True,False,False,13.0109,Minor,2,kpi_003; kpi_005,Department contains provisional threshold KPIs,RISKPRIOR-20260728062026,2026-07-28T06:20:28.344471
HOSP-001,DEPT-DIAG,2026-02-15,True,False,False,1.8587,Minor,2,kpi_003; kpi_005,Department contains provisional threshold KPIs,RISKPRIOR-20260728062026,2026-07-28T06:20:28.344471
HOSP-001,DEPT-ICU,2026-02-16,True,True,False,40.8913,Material,2,kpi_003; kpi_005,Department contains provisional threshold KPIs; Provisional KPI materially affects department risk,RISKPRIOR-20260728062026,2026-07-28T06:20:28.344471
HOSP-001,DEPT-ED,2026-02-16,True,True,True,79.9239,Dominant,2,kpi_003; kpi_005,Department contains provisional threshold KPIs; Provisional KPI is dominant risk driver,RISKPRIOR-20260728062026,2026-07-28T06:20:28.344471
HOSP-001,DEPT-MED,2026-02-16,True,True,True,42.75,Dominant,2,kpi_003; kpi_005,Department contains provisional threshold KPIs; Provisional KPI is dominant risk driver,RISKPRIOR-20260728062026,2026-07-28T06:20:28.344471
HOSP-001,DEPT-SURG,2026-02-16,True,True,True,40.8913,Dominant,2,kpi_003; kpi_005,Department contains provisional threshold KPIs; Provisional KPI is dominant risk driver,RISKPRIOR-20260728062026,2026-07-28T06:20:28.344471
HOSP-001,DEPT-ADM,2026-02-16,True,False,False,0.0,None,2,kpi_003; kpi_005,Department contains provisional threshold KPIs,RISKPRIOR-20260728062026,2026-07-28T06:20:28.344471
HOSP-001,DEPT-DIAG,2026-02-16,True,False,False,13.0109,Minor,2,kpi_003; kpi_005,Department contains provisional threshold KPIs,RISKPRIOR-20260728062026,2026-07-28T06:20:28.344471
HOSP-001,DEPT-PEX,2026-02-16,True,False,False,0.0,None,2,kpi_003; kpi_005,Department contains provisional threshold KPIs,RISKPRIOR-20260728062026,2026-07-28T06:20:28.344471
HOSP-001,DEPT-OPC,2026-02-16,True,False,False,5.5761,Minor,2,kpi_003; kpi_005,Department contains provisional threshold KPIs,RISKPRIOR-20260728062026,2026-07-28T06:20:28.344471
HOSP-001,DEPT-SURG,2026-02-17,True,True,False,39.0326,Material,2,kpi_003; kpi_005,Department contains provisional threshold KPIs; Provisional KPI materially affects department risk,RISKPRIOR-20260728062026,2026-07-28T06:20:28.344471
HOSP-001,DEPT-MED,2026-02-17,True,True,True,44.6087,Dominant,2,kpi_003; kpi_005,Department contains provisional threshold KPIs; Provisional KPI is dominant risk driver,RISKPRIOR-20260728062026,2026-07-28T06:20:28.344471
HOSP-001,DEPT-ICU,2026-02-17,True,False,False,11.1522,Minor,2,kpi_003; kpi_005,Department contains provisional threshold KPIs,RISKPRIOR-20260728062026,2026-07-28T06:20:28.344471
HOSP-001,DEPT-ED,2026-02-17,True,True,False,20.4457,Material,2,kpi_003; kpi_005,Department contains provisional threshold KPIs; Provisional KPI materially affects department risk,RISKPRIOR-20260728062026,2026-07-28T06:20:28.344471
HOSP-001,DEPT-OPC,2026-02-17,True,False,False,13.0109,Minor,2,kpi_003; kpi_005,Department contains provisional threshold KPIs,RISKPRIOR-20260728062026,2026-07-28T06:20:28.344471
HOSP-001,DEPT-ADM,2026-02-17,True,False,False,0.0,None,2,kpi_003; kpi_005,Department contains provisional threshold KPIs,RISKPRIOR-20260728062026,2026-07-28T06:20:28.344471
HOSP-001,DEPT-PEX,2026-02-17,True,False,False,0.0,None,2,kpi_003; kpi_005,Department contains provisional threshold KPIs,RISKPRIOR-20260728062026,2026-07-28T06:20:28.344471
HOSP-001,DEPT-DIAG,2026-02-17,True,False,False,1.8587,Minor,2,kpi_003; kpi_005,Department contains provisional threshold KPIs,RISKPRIOR-20260728062026,2026-07-28T06:20:28.344471
HOSP-001,DEPT-DIAG,2026-02-18,True,False,False,1.8587,Minor,2,kpi_003; kpi_005,Department contains provisional threshold KPIs,RISKPRIOR-20260728062026,2026-07-28T06:20:28.344471
HOSP-001,DEPT-ICU,2026-02-18,True,True,True,39.0326,Dominant,2,kpi_003; kpi_005,Department contains provisional threshold KPIs; Provisional KPI is dominant risk driver,RISKPRIOR-20260728062026,2026-07-28T06:20:28.344471
HOSP-001,DEPT-PEX,2026-02-18,True,False,False,0.0,None,2,kpi_003; kpi_005,Department contains provisional threshold KPIs,RISKPRIOR-20260728062026,2026-07-28T06:20:28.344471
HOSP-001,DEPT-ED,2026-02-18,True,True,True,20.4457,Dominant,2,kpi_003; kpi_005,Department contains provisional threshold KPIs; Provisional KPI is dominant risk driver,RISKPRIOR-20260728062026,2026-07-28T06:20:28.344471
HOSP-001,DEPT-SURG,2026-02-18,True,False,False,11.1522,Minor,2,kpi_003; kpi_005,Department contains provisional threshold KPIs,RISKPRIOR-20260728062026,2026-07-28T06:20:28.344471
HOSP-001,DEPT-MED,2026-02-18,True,False,False,14.8696,Minor,2,kpi_003; kpi_005,Department contains provisional threshold KPIs,RISKPRIOR-20260728062026,2026-07-28T06:20:28.344471
HOSP-001,DEPT-ADM,2026-02-18,True,False,False,0.0,None,2,kpi_003; kpi_005,Department contains provisional threshold KPIs,RISKPRIOR-20260728062026,2026-07-28T06:20:28.344471
HOSP-001,DEPT-OPC,2026-02-18,True,False,False,0.0,None,2,kpi_003; kpi_005,Department contains provisional threshold KPIs,RISKPRIOR-20260728062026,2026-07-28T06:20:28.344471
HOSP-001,DEPT-ICU,2026-02-19,True,True,False,39.0326,Material,2,kpi_003; kpi_005,Department contains provisional threshold KPIs; Provisional KPI materially affects department risk,RISKPRIOR-20260728062026,2026-07-28T06:20:28.344471
HOSP-001,DEPT-ED,2026-02-19,True,True,False,20.4457,Material,2,kpi_003; kpi_005,Department contains provisional threshold KPIs; Provisional KPI materially affects department risk,RISKPRIOR-20260728062026,2026-07-28T06:20:28.344471
HOSP-001,DEPT-MED,2026-02-19,True,False,False,14.8696,Minor,2,kpi_003; kpi_005,Department contains provisional threshold KPIs,RISKPRIOR-20260728062026,2026-07-28T06:20:28.344471
HOSP-001,DEPT-PEX,2026-02-19,True,False,False,0.0,None,2,kpi_003; kpi_005,Department contains provisional threshold KPIs,RISKPRIOR-20260728062026,2026-07-28T06:20:28.344471
HOSP-001,DEPT-SURG,2026-02-19,True,False,False,11.1522,Minor,2,kpi_003; kpi_005,Department contains provisional threshold KPIs,RISKPRIOR-20260728062026,2026-07-28T06:20:28.344471
HOSP-001,DEPT-DIAG,2026-02-19,True,False,False,1.8587,Minor,2,kpi_003; kpi_005,Department contains provisional threshold KPIs,RISKPRIOR-20260728062026,2026-07-28T06:20:28.344471
HOSP-001,DEPT-ADM,2026-02-19,True,False,False,0.0,None,2,kpi_003; kpi_005,Department contains provisional threshold KPIs,RISKPRIOR-20260728062026,2026-07-28T06:20:28.344471
HOSP-001,DEPT-OPC,2026-02-19,True,True,True,13.0109,Dominant,2,kpi_003; kpi_005,Department contains provisional threshold KPIs; Provisional KPI is dominant risk driver,RISKPRIOR-20260728062026,2026-07-28T06:20:28.344471
HOSP-001,DEPT-DIAG,2026-02-20,True,True,True,57.6196,Dominant,2,kpi_003; kpi_005,Department contains provisional threshold KPIs; Provisional KPI is dominant risk driver,RISKPRIOR-20260728062026,2026-07-28T06:20:28.344471
HOSP-001,DEPT-MED,2026-02-20,True,True,True,42.75,Dominant,2,kpi_003; kpi_005,Department contains provisional threshold KPIs; Provisional KPI is dominant risk driver,RISKPRIOR-20260728062026,2026-07-28T06:20:28.344471
HOSP-001,DEPT-ICU,2026-02-20,True,False,False,11.1522,Minor,2,kpi_003; kpi_005,Department contains provisional threshold KPIs,RISKPRIOR-20260728062026,2026-07-28T06:20:28.344471
HOSP-001,DEPT-SURG,2026-02-20,True,False,False,14.8696,Minor,2,kpi_003; kpi_005,Department contains provisional threshold KPIs,RISKPRIOR-20260728062026,2026-07-28T06:20:28.344471
HOSP-001,DEPT-PEX,2026-02-20,True,False,False,0.0,None,2,kpi_003; kpi_005,Department contains provisional threshold KPIs,RISKPRIOR-20260728062026,2026-07-28T06:20:28.344471
HOSP-001,DEPT-ED,2026-02-20,True,False,False,0.0,None,2,kpi_003; kpi_005,Department contains provisional threshold KPIs,RISKPRIOR-20260728062026,2026-07-28T06:20:28.344471
HOSP-001,DEPT-ADM,2026-02-20,True,False,False,0.0,None,2,kpi_003; kpi_005,Department contains provisional threshold KPIs,RISKPRIOR-20260728062026,2026-07-28T06:20:28.344471
HOSP-001,DEPT-OPC,2026-02-20,True,True,True,13.0109,Dominant,2,kpi_003; kpi_005,Department contains provisional threshold KPIs; Provisional KPI is dominant risk driver,RISKPRIOR-20260728062026,2026-07-28T06:20:28.344471
HOSP-001,DEPT-PEX,2026-02-21,True,False,False,0.0,None,2,kpi_003; kpi_005,Department contains provisional threshold KPIs,RISKPRIOR-20260728062026,2026-07-28T06:20:28.344471
HOSP-001,DEPT-ADM,2026-02-21,True,False,False,0.0,None,2,kpi_003; kpi_005,Department contains provisional threshold KPIs,RISKPRIOR-20260728062026,2026-07-28T06:20:28.344471
HOSP-001,DEPT-ICU,2026-02-21,True,True,True,42.75,Dominant,2,kpi_003; kpi_005,Department contains provisional threshold KPIs; Provisional KPI is dominant risk driver,RISKPRIOR-20260728062026,2026-07-28T06:20:28.344471
HOSP-001,DEPT-MED,2026-02-21,True,True,True,40.8913,Dominant,2,kpi_003; kpi_005,Department contains provisional threshold KPIs; Provisional KPI is dominant risk driver,RISKPRIOR-20260728062026,2026-07-28T06:20:28.344471
HOSP-001,DEPT-SURG,2026-02-21,True,True,True,44.6087,Dominant,2,kpi_003; kpi_005,Department contains provisional threshold KPIs; Provisional KPI is dominant risk driver,RISKPRIOR-20260728062026,2026-07-28T06:20:28.344471
HOSP-001,DEPT-DIAG,2026-02-21,True,False,False,13.0109,Minor,2,kpi_003; kpi_005,Department contains provisional threshold KPIs,RISKPRIOR-20260728062026,2026-07-28T06:20:28.344471
HOSP-001,DEPT-ED,2026-02-21,True,True,True,13.0109,Dominant,2,kpi_003; kpi_005,Department contains provisional threshold KPIs; Provisional KPI is dominant risk driver,RISKPRIOR-20260728062026,2026-07-28T06:20:28.344471
HOSP-001,DEPT-OPC,2026-02-21,True,True,True,13.0109,Dominant,2,kpi_003; kpi_005,Department contains provisional threshold KPIs; Provisional KPI is dominant risk driver,RISKPRIOR-20260728062026,2026-07-28T06:20:28.344471
HOSP-001,DEPT-MED,2026-02-22,True,True,False,39.0326,Material,2,kpi_003; kpi_005,Department contains provisional threshold KPIs; Provisional KPI materially affects department risk,RISKPRIOR-20260728062026,2026-07-28T06:20:28.344471
HOSP-001,DEPT-ICU,2026-02-22,True,True,True,42.75,Dominant,2,kpi_003; kpi_005,Department contains provisional threshold KPIs; Provisional KPI is dominant risk driver,RISKPRIOR-20260728062026,2026-07-28T06:20:28.344471
HOSP-001,DEPT-DIAG,2026-02-22,True,False,False,0.0,None,2,kpi_003; kpi_005,Department contains provisional threshold KPIs,RISKPRIOR-20260728062026,2026-07-28T06:20:28.344471
HOSP-001,DEPT-ED,2026-02-22,True,False,False,0.0,None,2,kpi_003; kpi_005,Department contains provisional threshold KPIs,RISKPRIOR-20260728062026,2026-07-28T06:20:28.344471
HOSP-001,DEPT-OPC,2026-02-22,True,False,False,13.0109,Minor,2,kpi_003; kpi_005,Department contains provisional threshold KPIs,RISKPRIOR-20260728062026,2026-07-28T06:20:28.344471
HOSP-001,DEPT-ADM,2026-02-22,True,False,False,0.0,None,2,kpi_003; kpi_005,Department contains provisional threshold KPIs,RISKPRIOR-20260728062026,2026-07-28T06:20:28.344471
HOSP-001,DEPT-PEX,2026-02-22,True,False,False,0.0,None,2,kpi_003; kpi_005,Department contains provisional threshold KPIs,RISKPRIOR-20260728062026,2026-07-28T06:20:28.344471
HOSP-001,DEPT-SURG,2026-02-22,True,True,True,7.4348,Dominant,2,kpi_003; kpi_005,Department contains provisional threshold KPIs; Provisional KPI is dominant risk driver,RISKPRIOR-20260728062026,2026-07-28T06:20:28.344471
HOSP-001,DEPT-SURG,2026-02-23,True,True,False,42.75,Material,2,kpi_003; kpi_005,Department contains provisional threshold KPIs; Provisional KPI materially affects department risk,RISKPRIOR-20260728062026,2026-07-28T06:20:28.344471
HOSP-001,DEPT-ICU,2026-02-23,True,True,True,42.75,Dominant,2,kpi_003; kpi_005,Department contains provisional threshold KPIs; Provisional KPI is dominant risk driver,RISKPRIOR-20260728062026,2026-07-28T06:20:28.344471
HOSP-001,DEPT-DIAG,2026-02-23,True,True,True,37.1739,Dominant,2,kpi_003; kpi_005,Department contains provisional threshold KPIs; Provisional KPI is dominant risk driver,RISKPRIOR-20260728062026,2026-07-28T06:20:28.344471
HOSP-001,DEPT-MED,2026-02-23,True,True,True,39.0326,Dominant,2,kpi_003; kpi_005,Department contains provisional threshold KPIs; Provisional KPI is dominant risk driver,RISKPRIOR-20260728062026,2026-07-28T06:20:28.344471
HOSP-001,DEPT-ADM,2026-02-23,True,False,False,0.0,None,2,kpi_003; kpi_005,Department contains provisional threshold KPIs,RISKPRIOR-20260728062026,2026-07-28T06:20:28.344471
HOSP-001,DEPT-ED,2026-02-23,True,False,False,13.0109,Minor,2,kpi_003; kpi_005,Department contains provisional threshold KPIs,RISKPRIOR-20260728062026,2026-07-28T06:20:28.344471
HOSP-001,DEPT-OPC,2026-02-23,True,False,False,0.0,None,2,kpi_003; kpi_005,Department contains provisional threshold KPIs,RISKPRIOR-20260728062026,2026-07-28T06:20:28.344471
HOSP-001,DEPT-PEX,2026-02-23,True,False,False,0.0,None,2,kpi_003; kpi_005,Department contains provisional threshold KPIs,RISKPRIOR-20260728062026,2026-07-28T06:20:28.344471
HOSP-001,DEPT-MED,2026-02-24,True,True,False,42.75,Material,2,kpi_003; kpi_005,Department contains provisional threshold KPIs; Provisional KPI materially affects department risk,RISKPRIOR-20260728062026,2026-07-28T06:20:28.344471
HOSP-001,DEPT-DIAG,2026-02-24,True,False,False,13.0109,Minor,2,kpi_003; kpi_005,Department contains provisional threshold KPIs,RISKPRIOR-20260728062026,2026-07-28T06:20:28.344471
HOSP-001,DEPT-ICU,2026-02-24,True,True,True,39.0326,Dominant,2,kpi_003; kpi_005,Department contains provisional threshold KPIs; Provisional KPI is dominant risk driver,RISKPRIOR-20260728062026,2026-07-28T06:20:28.344471
HOSP-001,DEPT-ADM,2026-02-24,True,False,False,0.0,None,2,kpi_003; kpi_005,Department contains provisional threshold KPIs,RISKPRIOR-20260728062026,2026-07-28T06:20:28.344471
HOSP-001,DEPT-PEX,2026-02-24,True,False,False,0.0,None,2,kpi_003; kpi_005,Department contains provisional threshold KPIs,RISKPRIOR-20260728062026,2026-07-28T06:20:28.344471
HOSP-001,DEPT-OPC,2026-02-24,True,False,False,1.8587,Minor,2,kpi_003; kpi_005,Department contains provisional threshold KPIs,RISKPRIOR-20260728062026,2026-07-28T06:20:28.344471
HOSP-001,DEPT-SURG,2026-02-24,True,True,True,11.1522,Dominant,2,kpi_003; kpi_005,Department contains provisional threshold KPIs; Provisional KPI is dominant risk driver,RISKPRIOR-20260728062026,2026-07-28T06:20:28.344471
HOSP-001,DEPT-ED,2026-02-24,True,True,True,13.0109,Dominant,2,kpi_003; kpi_005,Department contains provisional threshold KPIs; Provisional KPI is dominant risk driver,RISKPRIOR-20260728062026,2026-07-28T06:20:28.344471
HOSP-001,DEPT-ICU,2026-02-25,True,True,True,39.0326,Dominant,2,kpi_003; kpi_005,Department contains provisional threshold KPIs; Provisional KPI is dominant risk driver,RISKPRIOR-20260728062026,2026-07-28T06:20:28.344471
HOSP-001,DEPT-SURG,2026-02-25,True,False,False,11.1522,Minor,2,kpi_003; kpi_005,Department contains provisional threshold KPIs,RISKPRIOR-20260728062026,2026-07-28T06:20:28.344471
HOSP-001,DEPT-DIAG,2026-02-25,True,False,False,1.8587,Minor,2,kpi_003; kpi_005,Department contains provisional threshold KPIs,RISKPRIOR-20260728062026,2026-07-28T06:20:28.344471
HOSP-001,DEPT-MED,2026-02-25,True,False,False,11.1522,Minor,2,kpi_003; kpi_005,Department contains provisional threshold KPIs,RISKPRIOR-20260728062026,2026-07-28T06:20:28.344471
HOSP-001,DEPT-ADM,2026-02-25,True,False,False,0.0,None,2,kpi_003; kpi_005,Department contains provisional threshold KPIs,RISKPRIOR-20260728062026,2026-07-28T06:20:28.344471
HOSP-001,DEPT-PEX,2026-02-25,True,False,False,0.0,None,2,kpi_003; kpi_005,Department contains provisional threshold KPIs,RISKPRIOR-20260728062026,2026-07-28T06:20:28.344471
HOSP-001,DEPT-OPC,2026-02-25,True,False,False,5.5761,Minor,2,kpi_003; kpi_005,Department contains provisional threshold KPIs,RISKPRIOR-20260728062026,2026-07-28T06:20:28.344471
HOSP-001,DEPT-ED,2026-02-25,True,True,True,13.0109,Dominant,2,kpi_003; kpi_005,Department contains provisional threshold KPIs; Provisional KPI is dominant risk driver,RISKPRIOR-20260728062026,2026-07-28T06:20:28.344471
HOSP-001,DEPT-SURG,2026-02-26,True,True,False,39.0326,Material,2,kpi_003; kpi_005,Department contains provisional threshold KPIs; Provisional KPI materially affects department risk,RISKPRIOR-20260728062026,2026-07-28T06:20:28.344471
HOSP-001,DEPT-ICU,2026-02-26,True,True,True,39.0326,Dominant,2,kpi_003; kpi_005,Department contains provisional threshold KPIs; Provisional KPI is dominant risk driver,RISKPRIOR-20260728062026,2026-07-28T06:20:28.344471
HOSP-001,DEPT-DIAG,2026-02-26,True,True,True,37.1739,Dominant,2,kpi_003; kpi_005,Department contains provisional threshold KPIs; Provisional KPI is dominant risk driver,RISKPRIOR-20260728062026,2026-07-28T06:20:28.344471
HOSP-001,DEPT-ED,2026-02-26,True,False,False,13.0109,Minor,2,kpi_003; kpi_005,Department contains provisional threshold KPIs,RISKPRIOR-20260728062026,2026-07-28T06:20:28.344471
HOSP-001,DEPT-MED,2026-02-26,True,False,False,11.1522,Minor,2,kpi_003; kpi_005,Department contains provisional threshold KPIs,RISKPRIOR-20260728062026,2026-07-28T06:20:28.344471
HOSP-001,DEPT-OPC,2026-02-26,True,False,False,13.0109,Minor,2,kpi_003; kpi_005,Department contains provisional threshold KPIs,RISKPRIOR-20260728062026,2026-07-28T06:20:28.344471
HOSP-001,DEPT-PEX,2026-02-26,True,False,False,0.0,None,2,kpi_003; kpi_005,Department contains provisional threshold KPIs,RISKPRIOR-20260728062026,2026-07-28T06:20:28.344471
HOSP-001,DEPT-ADM,2026-02-26,True,False,False,0.0,None,2,kpi_003; kpi_005,Department contains provisional threshold KPIs,RISKPRIOR-20260728062026,2026-07-28T06:20:28.344471
HOSP-001,DEPT-ICU,2026-02-27,True,True,False,40.8913,Material,2,kpi_003; kpi_005,Department contains provisional threshold KPIs; Provisional KPI materially affects department risk,RISKPRIOR-20260728062026,2026-07-28T06:20:28.344471
HOSP-001,DEPT-ED,2026-02-27,True,True,True,52.0435,Dominant,2,kpi_003; kpi_005,Department contains provisional threshold KPIs; Provisional KPI is dominant risk driver,RISKPRIOR-20260728062026,2026-07-28T06:20:28.344471
HOSP-001,DEPT-DIAG,2026-02-27,True,False,False,0.0,None,2,kpi_003; kpi_005,Department contains provisional threshold KPIs,RISKPRIOR-20260728062026,2026-07-28T06:20:28.344471
HOSP-001,DEPT-SURG,2026-02-27,True,False,False,11.1522,Minor,2,kpi_003; kpi_005,Department contains provisional threshold KPIs,RISKPRIOR-20260728062026,2026-07-28T06:20:28.344471
HOSP-001,DEPT-MED,2026-02-27,True,False,False,11.1522,Minor,2,kpi_003; kpi_005,Department contains provisional threshold KPIs,RISKPRIOR-20260728062026,2026-07-28T06:20:28.344471
HOSP-001,DEPT-OPC,2026-02-27,True,False,False,13.0109,Minor,2,kpi_003; kpi_005,Department contains provisional threshold KPIs,RISKPRIOR-20260728062026,2026-07-28T06:20:28.344471
HOSP-001,DEPT-ADM,2026-02-27,True,False,False,0.0,None,2,kpi_003; kpi_005,Department contains provisional threshold KPIs,RISKPRIOR-20260728062026,2026-07-28T06:20:28.344471
HOSP-001,DEPT-PEX,2026-02-27,True,False,False,0.0,None,2,kpi_003; kpi_005,Department contains provisional threshold KPIs,RISKPRIOR-20260728062026,2026-07-28T06:20:28.344471
HOSP-001,DEPT-ICU,2026-02-28,True,True,True,42.75,Dominant,2,kpi_003; kpi_005,Department contains provisional threshold KPIs; Provisional KPI is dominant risk driver,RISKPRIOR-20260728062026,2026-07-28T06:20:28.344471
HOSP-001,DEPT-ADM,2026-02-28,True,False,False,0.0,None,2,kpi_003; kpi_005,Department contains provisional threshold KPIs,RISKPRIOR-20260728062026,2026-07-28T06:20:28.344471
HOSP-001,DEPT-SURG,2026-02-28,True,True,False,39.0326,Material,2,kpi_003; kpi_005,Department contains provisional threshold KPIs; Provisional KPI materially affects department risk,RISKPRIOR-20260728062026,2026-07-28T06:20:28.344471
HOSP-001,DEPT-MED,2026-02-28,True,True,True,42.75,Dominant,2,kpi_003; kpi_005,Department contains provisional threshold KPIs; Provisional KPI is dominant risk driver,RISKPRIOR-20260728062026,2026-07-28T06:20:28.344471
HOSP-001,DEPT-DIAG,2026-02-28,True,False,False,13.0109,Minor,2,kpi_003; kpi_005,Department contains provisional threshold KPIs,RISKPRIOR-20260728062026,2026-07-28T06:20:28.344471
HOSP-001,DEPT-OPC,2026-02-28,True,False,False,13.0109,Minor,2,kpi_003; kpi_005,Department contains provisional threshold KPIs,RISKPRIOR-20260728062026,2026-07-28T06:20:28.344471
HOSP-001,DEPT-ED,2026-02-28,True,True,True,13.0109,Dominant,2,kpi_003; kpi_005,Department contains provisional threshold KPIs; Provisional KPI is dominant risk driver,RISKPRIOR-20260728062026,2026-07-28T06:20:28.344471
HOSP-001,DEPT-PEX,2026-02-28,True,False,False,0.0,None,2,kpi_003; kpi_005,Department contains provisional threshold KPIs,RISKPRIOR-20260728062026,2026-07-28T06:20:28.344471
HOSP-001,DEPT-SURG,2026-03-01,True,False,False,7.4348,Minor,2,kpi_003; kpi_005,Department contains provisional threshold KPIs,RISKPRIOR-20260728062026,2026-07-28T06:20:28.344471
HOSP-001,DEPT-PEX,2026-03-01,True,False,False,0.0,None,2,kpi_003; kpi_005,Department contains provisional threshold KPIs,RISKPRIOR-20260728062026,2026-07-28T06:20:28.344471
HOSP-001,DEPT-ICU,2026-03-01,True,False,False,14.8696,Minor,2,kpi_003; kpi_005,Department contains provisional threshold KPIs,RISKPRIOR-20260728062026,2026-07-28T06:20:28.344471
HOSP-001,DEPT-DIAG,2026-03-01,True,False,False,0.0,None,2,kpi_003; kpi_005,Department contains provisional threshold KPIs,RISKPRIOR-20260728062026,2026-07-28T06:20:28.344471
HOSP-001,DEPT-MED,2026-03-01,True,False,False,11.1522,Minor,2,kpi_003; kpi_005,Department contains provisional threshold KPIs,RISKPRIOR-20260728062026,2026-07-28T06:20:28.344471
HOSP-001,DEPT-OPC,2026-03-01,True,False,False,0.0,None,2,kpi_003; kpi_005,Department contains provisional threshold KPIs,RISKPRIOR-20260728062026,2026-07-28T06:20:28.344471
HOSP-001,DEPT-ED,2026-03-01,True,False,False,13.0109,Minor,2,kpi_003; kpi_005,Department contains provisional threshold KPIs,RISKPRIOR-20260728062026,2026-07-28T06:20:28.344471
HOSP-001,DEPT-ADM,2026-03-01,True,False,False,0.0,None,2,kpi_003; kpi_005,Department contains provisional threshold KPIs,RISKPRIOR-20260728062026,2026-07-28T06:20:28.344471
HOSP-001,DEPT-DIAG,2026-03-02,True,True,True,65.0543,Dominant,2,kpi_003; kpi_005,Department contains provisional threshold KPIs; Provisional KPI is dominant risk driver,RISKPRIOR-20260728062026,2026-07-28T06:20:28.344471
HOSP-001,DEPT-PEX,2026-03-02,True,False,False,0.0,None,2,kpi_003; kpi_005,Department contains provisional threshold KPIs,RISKPRIOR-20260728062026,2026-07-28T06:20:28.344471
HOSP-001,DEPT-SURG,2026-03-02,True,True,True,40.8913,Dominant,2,kpi_003; kpi_005,Department contains provisional threshold KPIs; Provisional KPI is dominant risk driver,RISKPRIOR-20260728062026,2026-07-28T06:20:28.344471
HOSP-001,DEPT-ICU,2026-03-02,True,False,False,14.8696,Minor,2,kpi_003; kpi_005,Department contains provisional threshold KPIs,RISKPRIOR-20260728062026,2026-07-28T06:20:28.344471
HOSP-001,DEPT-OPC,2026-03-02,True,False,False,0.0,None,2,kpi_003; kpi_005,Department contains provisional threshold KPIs,RISKPRIOR-20260728062026,2026-07-28T06:20:28.344471
HOSP-001,DEPT-ED,2026-03-02,True,True,False,20.4457,Material,2,kpi_003; kpi_005,Department contains provisional threshold KPIs; Provisional KPI materially affects department risk,RISKPRIOR-20260728062026,2026-07-28T06:20:28.344471
HOSP-001,DEPT-MED,2026-03-02,True,False,False,11.1522,Minor,2,kpi_003; kpi_005,Department contains provisional threshold KPIs,RISKPRIOR-20260728062026,2026-07-28T06:20:28.344471
HOSP-001,DEPT-ADM,2026-03-02,True,False,False,0.0,None,2,kpi_003; kpi_005,Department contains provisional threshold KPIs,RISKPRIOR-20260728062026,2026-07-28T06:20:28.344471
HOSP-001,DEPT-PEX,2026-03-03,True,False,False,0.0,None,2,kpi_003; kpi_005,Department contains provisional threshold KPIs,RISKPRIOR-20260728062026,2026-07-28T06:20:28.344471
HOSP-001,DEPT-ED,2026-03-03,True,False,False,5.5761,Minor,2,kpi_003; kpi_005,Department contains provisional threshold KPIs,RISKPRIOR-20260728062026,2026-07-28T06:20:28.344471
HOSP-001,DEPT-DIAG,2026-03-03,True,False,False,13.0109,Minor,2,kpi_003; kpi_005,Department contains provisional threshold KPIs,RISKPRIOR-20260728062026,2026-07-28T06:20:28.344471
HOSP-001,DEPT-ICU,2026-03-03,True,False,False,11.1522,Minor,2,kpi_003; kpi_005,Department contains provisional threshold KPIs,RISKPRIOR-20260728062026,2026-07-28T06:20:28.344471
HOSP-001,DEPT-OPC,2026-03-03,True,False,False,0.0,None,2,kpi_003; kpi_005,Department contains provisional threshold KPIs,RISKPRIOR-20260728062026,2026-07-28T06:20:28.344471
HOSP-001,DEPT-MED,2026-03-03,True,False,False,14.8696,Minor,2,kpi_003; kpi_005,Department contains provisional threshold KPIs,RISKPRIOR-20260728062026,2026-07-28T06:20:28.344471
HOSP-001,DEPT-SURG,2026-03-03,True,False,False,11.1522,Minor,2,kpi_003; kpi_005,Department contains provisional threshold KPIs,RISKPRIOR-20260728062026,2026-07-28T06:20:28.344471
HOSP-001,DEPT-ADM,2026-03-03,True,False,False,0.0,None,2,kpi_003; kpi_005,Department contains provisional threshold KPIs,RISKPRIOR-20260728062026,2026-07-28T06:20:28.344471
HOSP-001,DEPT-PEX,2026-03-04,True,False,False,0.0,None,2,kpi_003; kpi_005,Department contains provisional threshold KPIs,RISKPRIOR-20260728062026,2026-07-28T06:20:28.344471
HOSP-001,DEPT-SURG,2026-03-04,True,True,False,40.8913,Material,2,kpi_003; kpi_005,Department contains provisional threshold KPIs; Provisional KPI materially affects department risk,RISKPRIOR-20260728062026,2026-07-28T06:20:28.344471
HOSP-001,DEPT-DIAG,2026-03-04,True,True,True,52.0435,Dominant,2,kpi_003; kpi_005,Department contains provisional threshold KPIs; Provisional KPI is dominant risk driver,RISKPRIOR-20260728062026,2026-07-28T06:20:28.344471
HOSP-001,DEPT-ICU,2026-03-04,True,False,False,11.1522,Minor,2,kpi_003; kpi_005,Department contains provisional threshold KPIs,RISKPRIOR-20260728062026,2026-07-28T06:20:28.344471
HOSP-001,DEPT-ED,2026-03-04,True,False,False,0.0,None,2,kpi_003; kpi_005,Department contains provisional threshold KPIs,RISKPRIOR-20260728062026,2026-07-28T06:20:28.344471
HOSP-001,DEPT-OPC,2026-03-04,True,False,False,1.8587,Minor,2,kpi_003; kpi_005,Department contains provisional threshold KPIs,RISKPRIOR-20260728062026,2026-07-28T06:20:28.344471
HOSP-001,DEPT-MED,2026-03-04,True,False,False,14.8696,Minor,2,kpi_003; kpi_005,Department contains provisional threshold KPIs,RISKPRIOR-20260728062026,2026-07-28T06:20:28.344471
HOSP-001,DEPT-ADM,2026-03-04,True,False,False,0.0,None,2,kpi_003; kpi_005,Department contains provisional threshold KPIs,RISKPRIOR-20260728062026,2026-07-28T06:20:28.344471
HOSP-001,DEPT-SURG,2026-03-05,True,False,False,14.8696,Minor,2,kpi_003; kpi_005,Department contains provisional threshold KPIs,RISKPRIOR-20260728062026,2026-07-28T06:20:28.344471
HOSP-001,DEPT-OPC,2026-03-05,True,False,False,1.8587,Minor,2,kpi_003; kpi_005,Department contains provisional threshold KPIs,RISKPRIOR-20260728062026,2026-07-28T06:20:28.344471
HOSP-001,DEPT-ICU,2026-03-05,True,False,False,14.8696,Minor,2,kpi_003; kpi_005,Department contains provisional threshold KPIs,RISKPRIOR-20260728062026,2026-07-28T06:20:28.344471
HOSP-001,DEPT-ED,2026-03-05,True,True,False,20.4457,Material,2,kpi_003; kpi_005,Department contains provisional threshold KPIs; Provisional KPI materially affects department risk,RISKPRIOR-20260728062026,2026-07-28T06:20:28.344471
HOSP-001,DEPT-PEX,2026-03-05,True,False,False,0.0,None,2,kpi_003; kpi_005,Department contains provisional threshold KPIs,RISKPRIOR-20260728062026,2026-07-28T06:20:28.344471
HOSP-001,DEPT-DIAG,2026-03-05,True,False,False,13.0109,Minor,2,kpi_003; kpi_005,Department contains provisional threshold KPIs,RISKPRIOR-20260728062026,2026-07-28T06:20:28.344471
HOSP-001,DEPT-ADM,2026-03-05,True,False,False,0.0,None,2,kpi_003; kpi_005,Department contains provisional threshold KPIs,RISKPRIOR-20260728062026,2026-07-28T06:20:28.344471
HOSP-001,DEPT-MED,2026-03-05,True,False,False,14.8696,Minor,2,kpi_003; kpi_005,Department contains provisional threshold KPIs,RISKPRIOR-20260728062026,2026-07-28T06:20:28.344471
HOSP-001,DEPT-OPC,2026-03-06,True,False,False,1.8587,Minor,2,kpi_003; kpi_005,Department contains provisional threshold KPIs,RISKPRIOR-20260728062026,2026-07-28T06:20:28.344471
HOSP-001,DEPT-PEX,2026-03-06,True,False,False,0.0,None,2,kpi_003; kpi_005,Department contains provisional threshold KPIs,RISKPRIOR-20260728062026,2026-07-28T06:20:28.344471
HOSP-001,DEPT-ED,2026-03-06,True,True,False,20.4457,Material,2,kpi_003; kpi_005,Department contains provisional threshold KPIs; Provisional KPI materially affects department risk,RISKPRIOR-20260728062026,2026-07-28T06:20:28.344471
HOSP-001,DEPT-MED,2026-03-06,True,True,True,44.6087,Dominant,2,kpi_003; kpi_005,Department contains provisional threshold KPIs; Provisional KPI is dominant risk driver,RISKPRIOR-20260728062026,2026-07-28T06:20:28.344471
HOSP-001,DEPT-ICU,2026-03-06,True,False,False,14.8696,Minor,2,kpi_003; kpi_005,Department contains provisional threshold KPIs,RISKPRIOR-20260728062026,2026-07-28T06:20:28.344471
HOSP-001,DEPT-SURG,2026-03-06,True,False,False,11.1522,Minor,2,kpi_003; kpi_005,Department contains provisional threshold KPIs,RISKPRIOR-20260728062026,2026-07-28T06:20:28.344471
HOSP-001,DEPT-DIAG,2026-03-06,True,False,False,13.0109,Minor,2,kpi_003; kpi_005,Department contains provisional threshold KPIs,RISKPRIOR-20260728062026,2026-07-28T06:20:28.344471
HOSP-001,DEPT-ADM,2026-03-06,True,False,False,0.0,None,2,kpi_003; kpi_005,Department contains provisional threshold KPIs,RISKPRIOR-20260728062026,2026-07-28T06:20:28.344471
HOSP-001,DEPT-DIAG,2026-03-07,True,True,True,65.0543,Dominant,2,kpi_003; kpi_005,Department contains provisional threshold KPIs; Provisional KPI is dominant risk driver,RISKPRIOR-20260728062026,2026-07-28T06:20:28.344471
HOSP-001,DEPT-ICU,2026-03-07,True,True,True,44.6087,Dominant,2,kpi_003; kpi_005,Department contains provisional threshold KPIs; Provisional KPI is dominant risk driver,RISKPRIOR-20260728062026,2026-07-28T06:20:28.344471
HOSP-001,DEPT-SURG,2026-03-07,True,True,True,44.6087,Dominant,2,kpi_003; kpi_005,Department contains provisional threshold KPIs; Provisional KPI is dominant risk driver,RISKPRIOR-20260728062026,2026-07-28T06:20:28.344471
HOSP-001,DEPT-MED,2026-03-07,True,True,True,44.6087,Dominant,2,kpi_003; kpi_005,Department contains provisional threshold KPIs; Provisional KPI is dominant risk driver,RISKPRIOR-20260728062026,2026-07-28T06:20:28.344471
HOSP-001,DEPT-ED,2026-03-07,True,False,False,13.0109,Minor,2,kpi_003; kpi_005,Department contains provisional threshold KPIs,RISKPRIOR-20260728062026,2026-07-28T06:20:28.344471
HOSP-001,DEPT-OPC,2026-03-07,True,False,False,1.8587,Minor,2,kpi_003; kpi_005,Department contains provisional threshold KPIs,RISKPRIOR-20260728062026,2026-07-28T06:20:28.344471
HOSP-001,DEPT-PEX,2026-03-07,True,False,False,0.0,None,2,kpi_003; kpi_005,Department contains provisional threshold KPIs,RISKPRIOR-20260728062026,2026-07-28T06:20:28.344471
HOSP-001,DEPT-ADM,2026-03-07,True,False,False,0.0,None,2,kpi_003; kpi_005,Department contains provisional threshold KPIs,RISKPRIOR-20260728062026,2026-07-28T06:20:28.344471
HOSP-001,DEPT-OPC,2026-03-08,True,False,False,9.2935,Minor,2,kpi_003; kpi_005,Department contains provisional threshold KPIs,RISKPRIOR-20260728062026,2026-07-28T06:20:28.344471
HOSP-001,DEPT-DIAG,2026-03-08,True,True,True,52.0435,Dominant,2,kpi_003; kpi_005,Department contains provisional threshold KPIs; Provisional KPI is dominant risk driver,RISKPRIOR-20260728062026,2026-07-28T06:20:28.344471
HOSP-001,DEPT-ICU,2026-03-08,True,False,False,11.1522,Minor,2,kpi_003; kpi_005,Department contains provisional threshold KPIs,RISKPRIOR-20260728062026,2026-07-28T06:20:28.344471
HOSP-001,DEPT-SURG,2026-03-08,True,False,False,14.8696,Minor,2,kpi_003; kpi_005,Department contains provisional threshold KPIs,RISKPRIOR-20260728062026,2026-07-28T06:20:28.344471
HOSP-001,DEPT-ED,2026-03-08,True,False,False,1.8587,Minor,2,kpi_003; kpi_005,Department contains provisional threshold KPIs,RISKPRIOR-20260728062026,2026-07-28T06:20:28.344471
HOSP-001,DEPT-PEX,2026-03-08,True,False,False,0.0,None,2,kpi_003; kpi_005,Department contains provisional threshold KPIs,RISKPRIOR-20260728062026,2026-07-28T06:20:28.344471
HOSP-001,DEPT-MED,2026-03-08,True,False,False,11.1522,Minor,2,kpi_003; kpi_005,Department contains provisional threshold KPIs,RISKPRIOR-20260728062026,2026-07-28T06:20:28.344471
HOSP-001,DEPT-ADM,2026-03-08,True,False,False,0.0,None,2,kpi_003; kpi_005,Department contains provisional threshold KPIs,RISKPRIOR-20260728062026,2026-07-28T06:20:28.344471
HOSP-001,DEPT-DIAG,2026-03-09,True,True,True,65.0543,Dominant,2,kpi_003; kpi_005,Department contains provisional threshold KPIs; Provisional KPI is dominant risk driver,RISKPRIOR-20260728062026,2026-07-28T06:20:28.344471
HOSP-001,DEPT-ED,2026-03-09,True,False,False,1.8587,Minor,2,kpi_003; kpi_005,Department contains provisional threshold KPIs,RISKPRIOR-20260728062026,2026-07-28T06:20:28.344471
HOSP-001,DEPT-SURG,2026-03-09,True,True,True,44.6087,Dominant,2,kpi_003; kpi_005,Department contains provisional threshold KPIs; Provisional KPI is dominant risk driver,RISKPRIOR-20260728062026,2026-07-28T06:20:28.344471
HOSP-001,DEPT-ICU,2026-03-09,True,True,True,39.0326,Dominant,2,kpi_003; kpi_005,Department contains provisional threshold KPIs; Provisional KPI is dominant risk driver,RISKPRIOR-20260728062026,2026-07-28T06:20:28.344471
HOSP-001,DEPT-OPC,2026-03-09,True,False,False,9.2935,Minor,2,kpi_003; kpi_005,Department contains provisional threshold KPIs,RISKPRIOR-20260728062026,2026-07-28T06:20:28.344471
HOSP-001,DEPT-ADM,2026-03-09,True,False,False,0.0,None,2,kpi_003; kpi_005,Department contains provisional threshold KPIs,RISKPRIOR-20260728062026,2026-07-28T06:20:28.344471
HOSP-001,DEPT-PEX,2026-03-09,True,False,False,0.0,None,2,kpi_003; kpi_005,Department contains provisional threshold KPIs,RISKPRIOR-20260728062026,2026-07-28T06:20:28.344471
HOSP-001,DEPT-MED,2026-03-09,True,True,True,11.1522,Dominant,2,kpi_003; kpi_005,Department contains provisional threshold KPIs; Provisional KPI is dominant risk driver,RISKPRIOR-20260728062026,2026-07-28T06:20:28.344471
HOSP-001,DEPT-ED,2026-03-10,True,False,False,5.5761,Minor,2,kpi_003; kpi_005,Department contains provisional threshold KPIs,RISKPRIOR-20260728062026,2026-07-28T06:20:28.344471
HOSP-001,DEPT-ICU,2026-03-10,True,True,True,40.8913,Dominant,2,kpi_003; kpi_005,Department contains provisional threshold KPIs; Provisional KPI is dominant risk driver,RISKPRIOR-20260728062026,2026-07-28T06:20:28.344471
HOSP-001,DEPT-SURG,2026-03-10,True,True,True,42.75,Dominant,2,kpi_003; kpi_005,Department contains provisional threshold KPIs; Provisional KPI is dominant risk driver,RISKPRIOR-20260728062026,2026-07-28T06:20:28.344471
HOSP-001,DEPT-MED,2026-03-10,True,True,True,40.8913,Dominant,2,kpi_003; kpi_005,Department contains provisional threshold KPIs; Provisional KPI is dominant risk driver,RISKPRIOR-20260728062026,2026-07-28T06:20:28.344471
HOSP-001,DEPT-OPC,2026-03-10,True,False,False,9.2935,Minor,2,kpi_003; kpi_005,Department contains provisional threshold KPIs,RISKPRIOR-20260728062026,2026-07-28T06:20:28.344471
HOSP-001,DEPT-DIAG,2026-03-10,True,False,False,13.0109,Minor,2,kpi_003; kpi_005,Department contains provisional threshold KPIs,RISKPRIOR-20260728062026,2026-07-28T06:20:28.344471
HOSP-001,DEPT-PEX,2026-03-10,True,False,False,0.0,None,2,kpi_003; kpi_005,Department contains provisional threshold KPIs,RISKPRIOR-20260728062026,2026-07-28T06:20:28.344471
HOSP-001,DEPT-ADM,2026-03-10,True,False,False,0.0,None,2,kpi_003; kpi_005,Department contains provisional threshold KPIs,RISKPRIOR-20260728062026,2026-07-28T06:20:28.344471
HOSP-001,DEPT-SURG,2026-03-11,True,False,False,11.1522,Minor,2,kpi_003; kpi_005,Department contains provisional threshold KPIs,RISKPRIOR-20260728062026,2026-07-28T06:20:28.344471
HOSP-001,DEPT-ICU,2026-03-11,True,True,True,40.8913,Dominant,2,kpi_003; kpi_005,Department contains provisional threshold KPIs; Provisional KPI is dominant risk driver,RISKPRIOR-20260728062026,2026-07-28T06:20:28.344471
HOSP-001,DEPT-ADM,2026-03-11,True,False,False,0.0,None,2,kpi_003; kpi_005,Department contains provisional threshold KPIs,RISKPRIOR-20260728062026,2026-07-28T06:20:28.344471
HOSP-001,DEPT-ED,2026-03-11,True,False,False,9.2935,Minor,2,kpi_003; kpi_005,Department contains provisional threshold KPIs,RISKPRIOR-20260728062026,2026-07-28T06:20:28.344471
HOSP-001,DEPT-OPC,2026-03-11,True,False,False,5.5761,Minor,2,kpi_003; kpi_005,Department contains provisional threshold KPIs,RISKPRIOR-20260728062026,2026-07-28T06:20:28.344471
HOSP-001,DEPT-MED,2026-03-11,True,False,False,11.1522,Minor,2,kpi_003; kpi_005,Department contains provisional threshold KPIs,RISKPRIOR-20260728062026,2026-07-28T06:20:28.344471
HOSP-001,DEPT-DIAG,2026-03-11,True,False,False,13.0109,Minor,2,kpi_003; kpi_005,Department contains provisional threshold KPIs,RISKPRIOR-20260728062026,2026-07-28T06:20:28.344471
HOSP-001,DEPT-PEX,2026-03-11,True,False,False,0.0,None,2,kpi_003; kpi_005,Department contains provisional threshold KPIs,RISKPRIOR-20260728062026,2026-07-28T06:20:28.344471
HOSP-001,DEPT-SURG,2026-03-12,True,False,False,14.8696,Minor,2,kpi_003; kpi_005,Department contains provisional threshold KPIs,RISKPRIOR-20260728062026,2026-07-28T06:20:28.344471
HOSP-001,DEPT-ED,2026-03-12,True,True,True,61.337,Dominant,2,kpi_003; kpi_005,Department contains provisional threshold KPIs; Provisional KPI is dominant risk driver,RISKPRIOR-20260728062026,2026-07-28T06:20:28.344471
HOSP-001,DEPT-MED,2026-03-12,True,True,True,40.8913,Dominant,2,kpi_003; kpi_005,Department contains provisional threshold KPIs; Provisional KPI is dominant risk driver,RISKPRIOR-20260728062026,2026-07-28T06:20:28.344471
HOSP-001,DEPT-ICU,2026-03-12,True,False,False,11.1522,Minor,2,kpi_003; kpi_005,Department contains provisional threshold KPIs,RISKPRIOR-20260728062026,2026-07-28T06:20:28.344471
HOSP-001,DEPT-OPC,2026-03-12,True,False,False,0.0,None,2,kpi_003; kpi_005,Department contains provisional threshold KPIs,RISKPRIOR-20260728062026,2026-07-28T06:20:28.344471
HOSP-001,DEPT-DIAG,2026-03-12,True,False,False,13.0109,Minor,2,kpi_003; kpi_005,Department contains provisional threshold KPIs,RISKPRIOR-20260728062026,2026-07-28T06:20:28.344471
HOSP-001,DEPT-PEX,2026-03-12,True,False,False,0.0,None,2,kpi_003; kpi_005,Department contains provisional threshold KPIs,RISKPRIOR-20260728062026,2026-07-28T06:20:28.344471
HOSP-001,DEPT-ADM,2026-03-12,True,False,False,0.0,None,2,kpi_003; kpi_005,Department contains provisional threshold KPIs,RISKPRIOR-20260728062026,2026-07-28T06:20:28.344471
HOSP-001,DEPT-MED,2026-03-13,True,False,False,11.1522,Minor,2,kpi_003; kpi_005,Department contains provisional threshold KPIs,RISKPRIOR-20260728062026,2026-07-28T06:20:28.344471
HOSP-001,DEPT-ICU,2026-03-13,True,True,True,42.75,Dominant,2,kpi_003; kpi_005,Department contains provisional threshold KPIs; Provisional KPI is dominant risk driver,RISKPRIOR-20260728062026,2026-07-28T06:20:28.344471
HOSP-001,DEPT-ED,2026-03-13,True,True,True,20.4457,Dominant,2,kpi_003; kpi_005,Department contains provisional threshold KPIs; Provisional KPI is dominant risk driver,RISKPRIOR-20260728062026,2026-07-28T06:20:28.344471
HOSP-001,DEPT-OPC,2026-03-13,True,False,False,5.5761,Minor,2,kpi_003; kpi_005,Department contains provisional threshold KPIs,RISKPRIOR-20260728062026,2026-07-28T06:20:28.344471
HOSP-001,DEPT-PEX,2026-03-13,True,False,False,0.0,None,2,kpi_003; kpi_005,Department contains provisional threshold KPIs,RISKPRIOR-20260728062026,2026-07-28T06:20:28.344471
HOSP-001,DEPT-DIAG,2026-03-13,True,False,False,0.0,None,2,kpi_003; kpi_005,Department contains provisional threshold KPIs,RISKPRIOR-20260728062026,2026-07-28T06:20:28.344471
HOSP-001,DEPT-SURG,2026-03-13,True,False,False,11.1522,Minor,2,kpi_003; kpi_005,Department contains provisional threshold KPIs,RISKPRIOR-20260728062026,2026-07-28T06:20:28.344471
HOSP-001,DEPT-ADM,2026-03-13,True,False,False,0.0,None,2,kpi_003; kpi_005,Department contains provisional threshold KPIs,RISKPRIOR-20260728062026,2026-07-28T06:20:28.344471
HOSP-001,DEPT-OPC,2026-03-14,True,False,False,13.0109,Minor,2,kpi_003; kpi_005,Department contains provisional threshold KPIs,RISKPRIOR-20260728062026,2026-07-28T06:20:28.344471
HOSP-001,DEPT-SURG,2026-03-14,True,False,False,14.8696,Minor,2,kpi_003; kpi_005,Department contains provisional threshold KPIs,RISKPRIOR-20260728062026,2026-07-28T06:20:28.344471
HOSP-001,DEPT-PEX,2026-03-14,True,False,False,0.0,None,2,kpi_003; kpi_005,Department contains provisional threshold KPIs,RISKPRIOR-20260728062026,2026-07-28T06:20:28.344471
HOSP-001,DEPT-ICU,2026-03-14,True,True,True,42.75,Dominant,2,kpi_003; kpi_005,Department contains provisional threshold KPIs; Provisional KPI is dominant risk driver,RISKPRIOR-20260728062026,2026-07-28T06:20:28.344471
HOSP-001,DEPT-ADM,2026-03-14,True,False,False,0.0,None,2,kpi_003; kpi_005,Department contains provisional threshold KPIs,RISKPRIOR-20260728062026,2026-07-28T06:20:28.344471
HOSP-001,DEPT-MED,2026-03-14,True,True,True,42.75,Dominant,2,kpi_003; kpi_005,Department contains provisional threshold KPIs; Provisional KPI is dominant risk driver,RISKPRIOR-20260728062026,2026-07-28T06:20:28.344471
HOSP-001,DEPT-DIAG,2026-03-14,True,False,False,13.0109,Minor,2,kpi_003; kpi_005,Department contains provisional threshold KPIs,RISKPRIOR-20260728062026,2026-07-28T06:20:28.344471
HOSP-001,DEPT-ED,2026-03-14,True,False,False,9.2935,Minor,2,kpi_003; kpi_005,Department contains provisional threshold KPIs,RISKPRIOR-20260728062026,2026-07-28T06:20:28.344471
HOSP-001,DEPT-SURG,2026-03-15,True,True,False,39.0326,Material,2,kpi_003; kpi_005,Department contains provisional threshold KPIs; Provisional KPI materially affects department risk,RISKPRIOR-20260728062026,2026-07-28T06:20:28.344471
HOSP-001,DEPT-OPC,2026-03-15,True,False,False,1.8587,Minor,2,kpi_003; kpi_005,Department contains provisional threshold KPIs,RISKPRIOR-20260728062026,2026-07-28T06:20:28.344471
HOSP-001,DEPT-ICU,2026-03-15,True,False,False,14.8696,Minor,2,kpi_003; kpi_005,Department contains provisional threshold KPIs,RISKPRIOR-20260728062026,2026-07-28T06:20:28.344471
HOSP-001,DEPT-ED,2026-03-15,True,True,True,61.337,Dominant,2,kpi_003; kpi_005,Department contains provisional threshold KPIs; Provisional KPI is dominant risk driver,RISKPRIOR-20260728062026,2026-07-28T06:20:28.344471
HOSP-001,DEPT-MED,2026-03-15,True,True,True,44.6087,Dominant,2,kpi_003; kpi_005,Department contains provisional threshold KPIs; Provisional KPI is dominant risk driver,RISKPRIOR-20260728062026,2026-07-28T06:20:28.344471
HOSP-001,DEPT-ADM,2026-03-15,True,False,False,0.0,None,2,kpi_003; kpi_005,Department contains provisional threshold KPIs,RISKPRIOR-20260728062026,2026-07-28T06:20:28.344471
HOSP-001,DEPT-DIAG,2026-03-15,True,False,False,13.0109,Minor,2,kpi_003; kpi_005,Department contains provisional threshold KPIs,RISKPRIOR-20260728062026,2026-07-28T06:20:28.344471
HOSP-001,DEPT-PEX,2026-03-15,True,False,False,0.0,None,2,kpi_003; kpi_005,Department contains provisional threshold KPIs,RISKPRIOR-20260728062026,2026-07-28T06:20:28.344471
HOSP-001,DEPT-ED,2026-03-16,True,True,True,79.9239,Dominant,2,kpi_003; kpi_005,Department contains provisional threshold KPIs; Provisional KPI is dominant risk driver,RISKPRIOR-20260728062026,2026-07-28T06:20:28.344471
HOSP-001,DEPT-PEX,2026-03-16,True,False,False,0.0,None,2,kpi_003; kpi_005,Department contains provisional threshold KPIs,RISKPRIOR-20260728062026,2026-07-28T06:20:28.344471
HOSP-001,DEPT-MED,2026-03-16,True,True,True,44.6087,Dominant,2,kpi_003; kpi_005,Department contains provisional threshold KPIs; Provisional KPI is dominant risk driver,RISKPRIOR-20260728062026,2026-07-28T06:20:28.344471
HOSP-001,DEPT-ICU,2026-03-16,True,True,True,39.0326,Dominant,2,kpi_003; kpi_005,Department contains provisional threshold KPIs; Provisional KPI is dominant risk driver,RISKPRIOR-20260728062026,2026-07-28T06:20:28.344471
HOSP-001,DEPT-OPC,2026-03-16,True,False,False,13.0109,Minor,2,kpi_003; kpi_005,Department contains provisional threshold KPIs,RISKPRIOR-20260728062026,2026-07-28T06:20:28.344471
HOSP-001,DEPT-ADM,2026-03-16,True,False,False,0.0,None,2,kpi_003; kpi_005,Department contains provisional threshold KPIs,RISKPRIOR-20260728062026,2026-07-28T06:20:28.344471
HOSP-001,DEPT-DIAG,2026-03-16,True,True,False,20.4457,Material,2,kpi_003; kpi_005,Department contains provisional threshold KPIs; Provisional KPI materially affects department risk,RISKPRIOR-20260728062026,2026-07-28T06:20:28.344471
HOSP-001,DEPT-SURG,2026-03-16,True,False,False,11.1522,Minor,2,kpi_003; kpi_005,Department contains provisional threshold KPIs,RISKPRIOR-20260728062026,2026-07-28T06:20:28.344471
HOSP-001,DEPT-DIAG,2026-03-17,True,True,True,55.7609,Dominant,2,kpi_003; kpi_005,Department contains provisional threshold KPIs; Provisional KPI is dominant risk driver,RISKPRIOR-20260728062026,2026-07-28T06:20:28.344471
HOSP-001,DEPT-MED,2026-03-17,True,True,True,40.8913,Dominant,2,kpi_003; kpi_005,Department contains provisional threshold KPIs; Provisional KPI is dominant risk driver,RISKPRIOR-20260728062026,2026-07-28T06:20:28.344471
HOSP-001,DEPT-ICU,2026-03-17,True,True,True,40.8913,Dominant,2,kpi_003; kpi_005,Department contains provisional threshold KPIs; Provisional KPI is dominant risk driver,RISKPRIOR-20260728062026,2026-07-28T06:20:28.344471
HOSP-001,DEPT-SURG,2026-03-17,True,True,True,39.0326,Dominant,2,kpi_003; kpi_005,Department contains provisional threshold KPIs; Provisional KPI is dominant risk driver,RISKPRIOR-20260728062026,2026-07-28T06:20:28.344471
HOSP-001,DEPT-OPC,2026-03-17,True,False,False,9.2935,Minor,2,kpi_003; kpi_005,Department contains provisional threshold KPIs,RISKPRIOR-20260728062026,2026-07-28T06:20:28.344471
HOSP-001,DEPT-ED,2026-03-17,True,False,False,0.0,None,2,kpi_003; kpi_005,Department contains provisional threshold KPIs,RISKPRIOR-20260728062026,2026-07-28T06:20:28.344471
HOSP-001,DEPT-PEX,2026-03-17,True,False,False,0.0,None,2,kpi_003; kpi_005,Department contains provisional threshold KPIs,RISKPRIOR-20260728062026,2026-07-28T06:20:28.344471
HOSP-001,DEPT-ADM,2026-03-17,True,False,False,0.0,None,2,kpi_003; kpi_005,Department contains provisional threshold KPIs,RISKPRIOR-20260728062026,2026-07-28T06:20:28.344471
HOSP-001,DEPT-ED,2026-03-18,True,False,False,13.0109,Minor,2,kpi_003; kpi_005,Department contains provisional threshold KPIs,RISKPRIOR-20260728062026,2026-07-28T06:20:28.344471
HOSP-001,DEPT-DIAG,2026-03-18,True,True,True,79.9239,Dominant,2,kpi_003; kpi_005,Department contains provisional threshold KPIs; Provisional KPI is dominant risk driver,RISKPRIOR-20260728062026,2026-07-28T06:20:28.344471
HOSP-001,DEPT-MED,2026-03-18,True,True,True,40.8913,Dominant,2,kpi_003; kpi_005,Department contains provisional threshold KPIs; Provisional KPI is dominant risk driver,RISKPRIOR-20260728062026,2026-07-28T06:20:28.344471
HOSP-001,DEPT-ICU,2026-03-18,True,True,True,39.0326,Dominant,2,kpi_003; kpi_005,Department contains provisional threshold KPIs; Provisional KPI is dominant risk driver,RISKPRIOR-20260728062026,2026-07-28T06:20:28.344471
HOSP-001,DEPT-OPC,2026-03-18,True,True,False,20.4457,Material,2,kpi_003; kpi_005,Department contains provisional threshold KPIs; Provisional KPI materially affects department risk,RISKPRIOR-20260728062026,2026-07-28T06:20:28.344471
HOSP-001,DEPT-ADM,2026-03-18,True,False,False,0.0,None,2,kpi_003; kpi_005,Department contains provisional threshold KPIs,RISKPRIOR-20260728062026,2026-07-28T06:20:28.344471
HOSP-001,DEPT-SURG,2026-03-18,True,False,False,11.1522,Minor,2,kpi_003; kpi_005,Department contains provisional threshold KPIs,RISKPRIOR-20260728062026,2026-07-28T06:20:28.344471
HOSP-001,DEPT-PEX,2026-03-18,True,False,False,0.0,None,2,kpi_003; kpi_005,Department contains provisional threshold KPIs,RISKPRIOR-20260728062026,2026-07-28T06:20:28.344471
HOSP-001,DEPT-DIAG,2026-03-19,True,True,False,65.0543,Material,2,kpi_003; kpi_005,Department contains provisional threshold KPIs; Provisional KPI materially affects department risk,RISKPRIOR-20260728062026,2026-07-28T06:20:28.344471
HOSP-001,DEPT-SURG,2026-03-19,True,True,False,40.8913,Material,2,kpi_003; kpi_005,Department contains provisional threshold KPIs; Provisional KPI materially affects department risk,RISKPRIOR-20260728062026,2026-07-28T06:20:28.344471
HOSP-001,DEPT-ED,2026-03-19,True,False,False,13.0109,Minor,2,kpi_003; kpi_005,Department contains provisional threshold KPIs,RISKPRIOR-20260728062026,2026-07-28T06:20:28.344471
HOSP-001,DEPT-OPC,2026-03-19,True,True,False,20.4457,Material,2,kpi_003; kpi_005,Department contains provisional threshold KPIs; Provisional KPI materially affects department risk,RISKPRIOR-20260728062026,2026-07-28T06:20:28.344471
HOSP-001,DEPT-ADM,2026-03-19,True,False,False,0.0,None,2,kpi_003; kpi_005,Department contains provisional threshold KPIs,RISKPRIOR-20260728062026,2026-07-28T06:20:28.344471
HOSP-001,DEPT-ICU,2026-03-19,True,False,False,11.1522,Minor,2,kpi_003; kpi_005,Department contains provisional threshold KPIs,RISKPRIOR-20260728062026,2026-07-28T06:20:28.344471
HOSP-001,DEPT-MED,2026-03-19,True,True,True,40.8913,Dominant,2,kpi_003; kpi_005,Department contains provisional threshold KPIs; Provisional KPI is dominant risk driver,RISKPRIOR-20260728062026,2026-07-28T06:20:28.344471
HOSP-001,DEPT-PEX,2026-03-19,True,False,False,0.0,None,2,kpi_003; kpi_005,Department contains provisional threshold KPIs,RISKPRIOR-20260728062026,2026-07-28T06:20:28.344471
HOSP-001,DEPT-SURG,2026-03-20,True,False,False,7.4348,Minor,2,kpi_003; kpi_005,Department contains provisional threshold KPIs,RISKPRIOR-20260728062026,2026-07-28T06:20:28.344471
HOSP-001,DEPT-DIAG,2026-03-20,True,True,True,79.9239,Dominant,2,kpi_003; kpi_005,Department contains provisional threshold KPIs; Provisional KPI is dominant risk driver,RISKPRIOR-20260728062026,2026-07-28T06:20:28.344471
HOSP-001,DEPT-ADM,2026-03-20,True,False,False,0.0,None,2,kpi_003; kpi_005,Department contains provisional threshold KPIs,RISKPRIOR-20260728062026,2026-07-28T06:20:28.344471
HOSP-001,DEPT-ICU,2026-03-20,True,False,False,14.8696,Minor,2,kpi_003; kpi_005,Department contains provisional threshold KPIs,RISKPRIOR-20260728062026,2026-07-28T06:20:28.344471
HOSP-001,DEPT-MED,2026-03-20,True,True,True,39.0326,Dominant,2,kpi_003; kpi_005,Department contains provisional threshold KPIs; Provisional KPI is dominant risk driver,RISKPRIOR-20260728062026,2026-07-28T06:20:28.344471
HOSP-001,DEPT-ED,2026-03-20,True,False,False,0.0,None,2,kpi_003; kpi_005,Department contains provisional threshold KPIs,RISKPRIOR-20260728062026,2026-07-28T06:20:28.344471
HOSP-001,DEPT-OPC,2026-03-20,True,False,False,13.0109,Minor,2,kpi_003; kpi_005,Department contains provisional threshold KPIs,RISKPRIOR-20260728062026,2026-07-28T06:20:28.344471
HOSP-001,DEPT-PEX,2026-03-20,True,False,False,0.0,None,2,kpi_003; kpi_005,Department contains provisional threshold KPIs,RISKPRIOR-20260728062026,2026-07-28T06:20:28.344471
HOSP-001,DEPT-DIAG,2026-03-21,True,True,False,55.7609,Material,2,kpi_003; kpi_005,Department contains provisional threshold KPIs; Provisional KPI materially affects department risk,RISKPRIOR-20260728062026,2026-07-28T06:20:28.344471
HOSP-001,DEPT-OPC,2026-03-21,True,False,False,1.8587,Minor,2,kpi_003; kpi_005,Department contains provisional threshold KPIs,RISKPRIOR-20260728062026,2026-07-28T06:20:28.344471
HOSP-001,DEPT-PEX,2026-03-21,True,False,False,0.0,None,2,kpi_003; kpi_005,Department contains provisional threshold KPIs,RISKPRIOR-20260728062026,2026-07-28T06:20:28.344471
HOSP-001,DEPT-SURG,2026-03-21,True,True,True,44.6087,Dominant,2,kpi_003; kpi_005,Department contains provisional threshold KPIs; Provisional KPI is dominant risk driver,RISKPRIOR-20260728062026,2026-07-28T06:20:28.344471
HOSP-001,DEPT-ICU,2026-03-21,True,False,False,14.8696,Minor,2,kpi_003; kpi_005,Department contains provisional threshold KPIs,RISKPRIOR-20260728062026,2026-07-28T06:20:28.344471
HOSP-001,DEPT-ED,2026-03-21,True,False,False,13.0109,Minor,2,kpi_003; kpi_005,Department contains provisional threshold KPIs,RISKPRIOR-20260728062026,2026-07-28T06:20:28.344471
HOSP-001,DEPT-MED,2026-03-21,True,False,False,11.1522,Minor,2,kpi_003; kpi_005,Department contains provisional threshold KPIs,RISKPRIOR-20260728062026,2026-07-28T06:20:28.344471
HOSP-001,DEPT-ADM,2026-03-21,True,False,False,0.0,None,2,kpi_003; kpi_005,Department contains provisional threshold KPIs,RISKPRIOR-20260728062026,2026-07-28T06:20:28.344471
HOSP-001,DEPT-MED,2026-03-22,True,True,False,42.75,Material,2,kpi_003; kpi_005,Department contains provisional threshold KPIs; Provisional KPI materially affects department risk,RISKPRIOR-20260728062026,2026-07-28T06:20:28.344471
HOSP-001,DEPT-ICU,2026-03-22,True,True,True,44.6087,Dominant,2,kpi_003; kpi_005,Department contains provisional threshold KPIs; Provisional KPI is dominant risk driver,RISKPRIOR-20260728062026,2026-07-28T06:20:28.344471
HOSP-001,DEPT-ADM,2026-03-22,True,False,False,0.0,None,2,kpi_003; kpi_005,Department contains provisional threshold KPIs,RISKPRIOR-20260728062026,2026-07-28T06:20:28.344471
HOSP-001,DEPT-DIAG,2026-03-22,True,True,False,20.4457,Material,2,kpi_003; kpi_005,Department contains provisional threshold KPIs; Provisional KPI materially affects department risk,RISKPRIOR-20260728062026,2026-07-28T06:20:28.344471
HOSP-001,DEPT-ED,2026-03-22,True,False,False,13.0109,Minor,2,kpi_003; kpi_005,Department contains provisional threshold KPIs,RISKPRIOR-20260728062026,2026-07-28T06:20:28.344471
HOSP-001,DEPT-OPC,2026-03-22,True,False,False,1.8587,Minor,2,kpi_003; kpi_005,Department contains provisional threshold KPIs,RISKPRIOR-20260728062026,2026-07-28T06:20:28.344471
HOSP-001,DEPT-SURG,2026-03-22,True,False,False,14.8696,Minor,2,kpi_003; kpi_005,Department contains provisional threshold KPIs,RISKPRIOR-20260728062026,2026-07-28T06:20:28.344471
HOSP-001,DEPT-PEX,2026-03-22,True,False,False,0.0,None,2,kpi_003; kpi_005,Department contains provisional threshold KPIs,RISKPRIOR-20260728062026,2026-07-28T06:20:28.344471
HOSP-001,DEPT-ED,2026-03-23,True,False,False,1.8587,Minor,2,kpi_003; kpi_005,Department contains provisional threshold KPIs,RISKPRIOR-20260728062026,2026-07-28T06:20:28.344471
HOSP-001,DEPT-ICU,2026-03-23,True,True,False,44.6087,Material,2,kpi_003; kpi_005,Department contains provisional threshold KPIs; Provisional KPI materially affects department risk,RISKPRIOR-20260728062026,2026-07-28T06:20:28.344471
HOSP-001,DEPT-DIAG,2026-03-23,True,False,False,13.0109,Minor,2,kpi_003; kpi_005,Department contains provisional threshold KPIs,RISKPRIOR-20260728062026,2026-07-28T06:20:28.344471
HOSP-001,DEPT-OPC,2026-03-23,True,False,False,13.0109,Minor,2,kpi_003; kpi_005,Department contains provisional threshold KPIs,RISKPRIOR-20260728062026,2026-07-28T06:20:28.344471
HOSP-001,DEPT-MED,2026-03-23,True,False,False,14.8696,Minor,2,kpi_003; kpi_005,Department contains provisional threshold KPIs,RISKPRIOR-20260728062026,2026-07-28T06:20:28.344471
HOSP-001,DEPT-SURG,2026-03-23,True,False,False,14.8696,Minor,2,kpi_003; kpi_005,Department contains provisional threshold KPIs,RISKPRIOR-20260728062026,2026-07-28T06:20:28.344471
HOSP-001,DEPT-PEX,2026-03-23,True,False,False,0.0,None,2,kpi_003; kpi_005,Department contains provisional threshold KPIs,RISKPRIOR-20260728062026,2026-07-28T06:20:28.344471
HOSP-001,DEPT-ADM,2026-03-23,True,False,False,0.0,None,2,kpi_003; kpi_005,Department contains provisional threshold KPIs,RISKPRIOR-20260728062026,2026-07-28T06:20:28.344471
HOSP-001,DEPT-PEX,2026-03-24,True,False,False,0.0,None,2,kpi_003; kpi_005,Department contains provisional threshold KPIs,RISKPRIOR-20260728062026,2026-07-28T06:20:28.344471
HOSP-001,DEPT-DIAG,2026-03-24,True,True,True,65.0543,Dominant,2,kpi_003; kpi_005,Department contains provisional threshold KPIs; Provisional KPI is dominant risk driver,RISKPRIOR-20260728062026,2026-07-28T06:20:28.344471
HOSP-001,DEPT-ICU,2026-03-24,True,False,False,14.8696,Minor,2,kpi_003; kpi_005,Department contains provisional threshold KPIs,RISKPRIOR-20260728062026,2026-07-28T06:20:28.344471
HOSP-001,DEPT-ED,2026-03-24,True,False,False,13.0109,Minor,2,kpi_003; kpi_005,Department contains provisional threshold KPIs,RISKPRIOR-20260728062026,2026-07-28T06:20:28.344471
HOSP-001,DEPT-OPC,2026-03-24,True,False,False,13.0109,Minor,2,kpi_003; kpi_005,Department contains provisional threshold KPIs,RISKPRIOR-20260728062026,2026-07-28T06:20:28.344471
HOSP-001,DEPT-MED,2026-03-24,True,False,False,14.8696,Minor,2,kpi_003; kpi_005,Department contains provisional threshold KPIs,RISKPRIOR-20260728062026,2026-07-28T06:20:28.344471
HOSP-001,DEPT-SURG,2026-03-24,True,False,False,11.1522,Minor,2,kpi_003; kpi_005,Department contains provisional threshold KPIs,RISKPRIOR-20260728062026,2026-07-28T06:20:28.344471
HOSP-001,DEPT-ADM,2026-03-24,True,False,False,0.0,None,2,kpi_003; kpi_005,Department contains provisional threshold KPIs,RISKPRIOR-20260728062026,2026-07-28T06:20:28.344471
HOSP-001,DEPT-ADM,2026-03-25,True,False,False,0.0,None,2,kpi_003; kpi_005,Department contains provisional threshold KPIs,RISKPRIOR-20260728062026,2026-07-28T06:20:28.344471
HOSP-001,DEPT-OPC,2026-03-25,True,False,False,13.0109,Minor,2,kpi_003; kpi_005,Department contains provisional threshold KPIs,RISKPRIOR-20260728062026,2026-07-28T06:20:28.344471
HOSP-001,DEPT-ICU,2026-03-25,True,False,False,14.8696,Minor,2,kpi_003; kpi_005,Department contains provisional threshold KPIs,RISKPRIOR-20260728062026,2026-07-28T06:20:28.344471
HOSP-001,DEPT-PEX,2026-03-25,True,False,False,0.0,None,2,kpi_003; kpi_005,Department contains provisional threshold KPIs,RISKPRIOR-20260728062026,2026-07-28T06:20:28.344471
HOSP-001,DEPT-MED,2026-03-25,True,True,True,40.8913,Dominant,2,kpi_003; kpi_005,Department contains provisional threshold KPIs; Provisional KPI is dominant risk driver,RISKPRIOR-20260728062026,2026-07-28T06:20:28.344471
HOSP-001,DEPT-ED,2026-03-25,True,False,False,13.0109,Minor,2,kpi_003; kpi_005,Department contains provisional threshold KPIs,RISKPRIOR-20260728062026,2026-07-28T06:20:28.344471
HOSP-001,DEPT-DIAG,2026-03-25,True,False,False,13.0109,Minor,2,kpi_003; kpi_005,Department contains provisional threshold KPIs,RISKPRIOR-20260728062026,2026-07-28T06:20:28.344471
HOSP-001,DEPT-SURG,2026-03-25,True,False,False,14.8696,Minor,2,kpi_003; kpi_005,Department contains provisional threshold KPIs,RISKPRIOR-20260728062026,2026-07-28T06:20:28.344471
HOSP-001,DEPT-PEX,2026-03-26,True,False,False,0.0,None,2,kpi_003; kpi_005,Department contains provisional threshold KPIs,RISKPRIOR-20260728062026,2026-07-28T06:20:28.344471
HOSP-001,DEPT-ICU,2026-03-26,True,True,True,44.6087,Dominant,2,kpi_003; kpi_005,Department contains provisional threshold KPIs; Provisional KPI is dominant risk driver,RISKPRIOR-20260728062026,2026-07-28T06:20:28.344471
HOSP-001,DEPT-OPC,2026-03-26,True,False,False,13.0109,Minor,2,kpi_003; kpi_005,Department contains provisional threshold KPIs,RISKPRIOR-20260728062026,2026-07-28T06:20:28.344471
HOSP-001,DEPT-MED,2026-03-26,True,False,False,11.1522,Minor,2,kpi_003; kpi_005,Department contains provisional threshold KPIs,RISKPRIOR-20260728062026,2026-07-28T06:20:28.344471
HOSP-001,DEPT-DIAG,2026-03-26,True,False,False,13.0109,Minor,2,kpi_003; kpi_005,Department contains provisional threshold KPIs,RISKPRIOR-20260728062026,2026-07-28T06:20:28.344471
HOSP-001,DEPT-ED,2026-03-26,True,False,False,13.0109,Minor,2,kpi_003; kpi_005,Department contains provisional threshold KPIs,RISKPRIOR-20260728062026,2026-07-28T06:20:28.344471
HOSP-001,DEPT-SURG,2026-03-26,True,True,True,11.1522,Dominant,2,kpi_003; kpi_005,Department contains provisional threshold KPIs; Provisional KPI is dominant risk driver,RISKPRIOR-20260728062026,2026-07-28T06:20:28.344471
HOSP-001,DEPT-ADM,2026-03-26,True,False,False,0.0,None,2,kpi_003; kpi_005,Department contains provisional threshold KPIs,RISKPRIOR-20260728062026,2026-07-28T06:20:28.344471
HOSP-001,DEPT-PEX,2026-03-27,True,False,False,0.0,None,2,kpi_003; kpi_005,Department contains provisional threshold KPIs,RISKPRIOR-20260728062026,2026-07-28T06:20:28.344471
HOSP-001,DEPT-DIAG,2026-03-27,True,True,True,55.7609,Dominant,2,kpi_003; kpi_005,Department contains provisional threshold KPIs; Provisional KPI is dominant risk driver,RISKPRIOR-20260728062026,2026-07-28T06:20:28.344471
HOSP-001,DEPT-ICU,2026-03-27,True,True,True,42.75,Dominant,2,kpi_003; kpi_005,Department contains provisional threshold KPIs; Provisional KPI is dominant risk driver,RISKPRIOR-20260728062026,2026-07-28T06:20:28.344471
HOSP-001,DEPT-MED,2026-03-27,True,True,True,40.8913,Dominant,2,kpi_003; kpi_005,Department contains provisional threshold KPIs; Provisional KPI is dominant risk driver,RISKPRIOR-20260728062026,2026-07-28T06:20:28.344471
HOSP-001,DEPT-OPC,2026-03-27,True,False,False,13.0109,Minor,2,kpi_003; kpi_005,Department contains provisional threshold KPIs,RISKPRIOR-20260728062026,2026-07-28T06:20:28.344471
HOSP-001,DEPT-ADM,2026-03-27,True,False,False,0.0,None,2,kpi_003; kpi_005,Department contains provisional threshold KPIs,RISKPRIOR-20260728062026,2026-07-28T06:20:28.344471
HOSP-001,DEPT-ED,2026-03-27,True,False,False,13.0109,Minor,2,kpi_003; kpi_005,Department contains provisional threshold KPIs,RISKPRIOR-20260728062026,2026-07-28T06:20:28.344471
HOSP-001,DEPT-SURG,2026-03-27,True,False,False,14.8696,Minor,2,kpi_003; kpi_005,Department contains provisional threshold KPIs,RISKPRIOR-20260728062026,2026-07-28T06:20:28.344471
HOSP-001,DEPT-ICU,2026-03-28,True,False,False,11.1522,Minor,2,kpi_003; kpi_005,Department contains provisional threshold KPIs,RISKPRIOR-20260728062026,2026-07-28T06:20:28.344471
HOSP-001,DEPT-ADM,2026-03-28,True,False,False,0.0,None,2,kpi_003; kpi_005,Department contains provisional threshold KPIs,RISKPRIOR-20260728062026,2026-07-28T06:20:28.344471
HOSP-001,DEPT-PEX,2026-03-28,True,False,False,0.0,None,2,kpi_003; kpi_005,Department contains provisional threshold KPIs,RISKPRIOR-20260728062026,2026-07-28T06:20:28.344471
HOSP-001,DEPT-DIAG,2026-03-28,True,True,False,40.8913,Material,2,kpi_003; kpi_005,Department contains provisional threshold KPIs; Provisional KPI materially affects department risk,RISKPRIOR-20260728062026,2026-07-28T06:20:28.344471
HOSP-001,DEPT-SURG,2026-03-28,True,True,False,42.75,Material,2,kpi_003; kpi_005,Department contains provisional threshold KPIs; Provisional KPI materially affects department risk,RISKPRIOR-20260728062026,2026-07-28T06:20:28.344471
HOSP-001,DEPT-OPC,2026-03-28,True,False,False,13.0109,Minor,2,kpi_003; kpi_005,Department contains provisional threshold KPIs,RISKPRIOR-20260728062026,2026-07-28T06:20:28.344471
HOSP-001,DEPT-MED,2026-03-28,True,False,False,11.1522,Minor,2,kpi_003; kpi_005,Department contains provisional threshold KPIs,RISKPRIOR-20260728062026,2026-07-28T06:20:28.344471
HOSP-001,DEPT-ED,2026-03-28,True,False,False,13.0109,Minor,2,kpi_003; kpi_005,Department contains provisional threshold KPIs,RISKPRIOR-20260728062026,2026-07-28T06:20:28.344471
HOSP-001,DEPT-ADM,2026-03-29,True,False,False,0.0,None,2,kpi_003; kpi_005,Department contains provisional threshold KPIs,RISKPRIOR-20260728062026,2026-07-28T06:20:28.344471
HOSP-001,DEPT-ICU,2026-03-29,True,True,True,39.0326,Dominant,2,kpi_003; kpi_005,Department contains provisional threshold KPIs; Provisional KPI is dominant risk driver,RISKPRIOR-20260728062026,2026-07-28T06:20:28.344471
HOSP-001,DEPT-ED,2026-03-29,True,False,False,1.8587,Minor,2,kpi_003; kpi_005,Department contains provisional threshold KPIs,RISKPRIOR-20260728062026,2026-07-28T06:20:28.344471
HOSP-001,DEPT-SURG,2026-03-29,True,True,True,42.75,Dominant,2,kpi_003; kpi_005,Department contains provisional threshold KPIs; Provisional KPI is dominant risk driver,RISKPRIOR-20260728062026,2026-07-28T06:20:28.344471
HOSP-001,DEPT-OPC,2026-03-29,True,False,False,13.0109,Minor,2,kpi_003; kpi_005,Department contains provisional threshold KPIs,RISKPRIOR-20260728062026,2026-07-28T06:20:28.344471
HOSP-001,DEPT-PEX,2026-03-29,True,False,False,0.0,None,2,kpi_003; kpi_005,Department contains provisional threshold KPIs,RISKPRIOR-20260728062026,2026-07-28T06:20:28.344471
HOSP-001,DEPT-MED,2026-03-29,True,False,False,11.1522,Minor,2,kpi_003; kpi_005,Department contains provisional threshold KPIs,RISKPRIOR-20260728062026,2026-07-28T06:20:28.344471
HOSP-001,DEPT-DIAG,2026-03-29,True,True,False,20.4457,Material,2,kpi_003; kpi_005,Department contains provisional threshold KPIs; Provisional KPI materially affects department risk,RISKPRIOR-20260728062026,2026-07-28T06:20:28.344471
HOSP-001,DEPT-ADM,2026-03-30,True,False,False,0.0,None,2,kpi_003; kpi_005,Department contains provisional threshold KPIs,RISKPRIOR-20260728062026,2026-07-28T06:20:28.344471
HOSP-001,DEPT-ED,2026-03-30,True,False,False,1.8587,Minor,2,kpi_003; kpi_005,Department contains provisional threshold KPIs,RISKPRIOR-20260728062026,2026-07-28T06:20:28.344471
HOSP-001,DEPT-MED,2026-03-30,True,True,False,44.6087,Material,2,kpi_003; kpi_005,Department contains provisional threshold KPIs; Provisional KPI materially affects department risk,RISKPRIOR-20260728062026,2026-07-28T06:20:28.344471
HOSP-001,DEPT-ICU,2026-03-30,True,False,False,11.1522,Minor,2,kpi_003; kpi_005,Department contains provisional threshold KPIs,RISKPRIOR-20260728062026,2026-07-28T06:20:28.344471
HOSP-001,DEPT-OPC,2026-03-30,True,False,False,5.5761,Minor,2,kpi_003; kpi_005,Department contains provisional threshold KPIs,RISKPRIOR-20260728062026,2026-07-28T06:20:28.344471
HOSP-001,DEPT-PEX,2026-03-30,True,False,False,0.0,None,2,kpi_003; kpi_005,Department contains provisional threshold KPIs,RISKPRIOR-20260728062026,2026-07-28T06:20:28.344471
HOSP-001,DEPT-DIAG,2026-03-30,True,False,False,1.8587,Minor,2,kpi_003; kpi_005,Department contains provisional threshold KPIs,RISKPRIOR-20260728062026,2026-07-28T06:20:28.344471
HOSP-001,DEPT-SURG,2026-03-30,True,False,False,14.8696,Minor,2,kpi_003; kpi_005,Department contains provisional threshold KPIs,RISKPRIOR-20260728062026,2026-07-28T06:20:28.344471
HOSP-001,DEPT-OPC,2026-03-31,True,False,False,0.0,None,2,kpi_003; kpi_005,Department contains provisional threshold KPIs,RISKPRIOR-20260728062026,2026-07-28T06:20:28.344471
HOSP-001,DEPT-MED,2026-03-31,True,True,False,42.75,Material,2,kpi_003; kpi_005,Department contains provisional threshold KPIs; Provisional KPI materially affects department risk,RISKPRIOR-20260728062026,2026-07-28T06:20:28.344471
HOSP-001,DEPT-DIAG,2026-03-31,True,True,False,57.6196,Material,2,kpi_003; kpi_005,Department contains provisional threshold KPIs; Provisional KPI materially affects department risk,RISKPRIOR-20260728062026,2026-07-28T06:20:28.344471
HOSP-001,DEPT-ICU,2026-03-31,True,True,True,42.75,Dominant,2,kpi_003; kpi_005,Department contains provisional threshold KPIs; Provisional KPI is dominant risk driver,RISKPRIOR-20260728062026,2026-07-28T06:20:28.344471
HOSP-001,DEPT-SURG,2026-03-31,True,True,True,44.6087,Dominant,2,kpi_003; kpi_005,Department contains provisional threshold KPIs; Provisional KPI is dominant risk driver,RISKPRIOR-20260728062026,2026-07-28T06:20:28.344471
HOSP-001,DEPT-ADM,2026-03-31,True,False,False,0.0,None,2,kpi_003; kpi_005,Department contains provisional threshold KPIs,RISKPRIOR-20260728062026,2026-07-28T06:20:28.344471
HOSP-001,DEPT-ED,2026-03-31,True,False,False,1.8587,Minor,2,kpi_003; kpi_005,Department contains provisional threshold KPIs,RISKPRIOR-20260728062026,2026-07-28T06:20:28.344471
HOSP-001,DEPT-PEX,2026-03-31,True,False,False,0.0,None,2,kpi_003; kpi_005,Department contains provisional threshold KPIs,RISKPRIOR-20260728062026,2026-07-28T06:20:28.344471
HOSP-001,DEPT-ADM,2026-04-01,True,False,False,0.0,None,2,kpi_003; kpi_005,Department contains provisional threshold KPIs,RISKPRIOR-20260728062026,2026-07-28T06:20:28.344471
HOSP-001,DEPT-PEX,2026-04-01,True,False,False,0.0,None,2,kpi_003; kpi_005,Department contains provisional threshold KPIs,RISKPRIOR-20260728062026,2026-07-28T06:20:28.344471
HOSP-001,DEPT-SURG,2026-04-01,True,False,False,11.1522,Minor,2,kpi_003; kpi_005,Department contains provisional threshold KPIs,RISKPRIOR-20260728062026,2026-07-28T06:20:28.344471
HOSP-001,DEPT-DIAG,2026-04-01,True,False,False,5.5761,Minor,2,kpi_003; kpi_005,Department contains provisional threshold KPIs,RISKPRIOR-20260728062026,2026-07-28T06:20:28.344471
HOSP-001,DEPT-OPC,2026-04-01,True,False,False,13.0109,Minor,2,kpi_003; kpi_005,Department contains provisional threshold KPIs,RISKPRIOR-20260728062026,2026-07-28T06:20:28.344471
HOSP-001,DEPT-ICU,2026-04-01,True,True,True,44.6087,Dominant,2,kpi_003; kpi_005,Department contains provisional threshold KPIs; Provisional KPI is dominant risk driver,RISKPRIOR-20260728062026,2026-07-28T06:20:28.344471
HOSP-001,DEPT-MED,2026-04-01,True,False,False,14.8696,Minor,2,kpi_003; kpi_005,Department contains provisional threshold KPIs,RISKPRIOR-20260728062026,2026-07-28T06:20:28.344471
HOSP-001,DEPT-ED,2026-04-01,True,False,False,1.8587,Minor,2,kpi_003; kpi_005,Department contains provisional threshold KPIs,RISKPRIOR-20260728062026,2026-07-28T06:20:28.344471
HOSP-001,DEPT-SURG,2026-04-02,True,True,False,46.4674,Material,2,kpi_003; kpi_005,Department contains provisional threshold KPIs; Provisional KPI materially affects department risk,RISKPRIOR-20260728062026,2026-07-28T06:20:28.344471
HOSP-001,DEPT-ED,2026-04-02,True,False,False,1.8587,Minor,2,kpi_003; kpi_005,Department contains provisional threshold KPIs,RISKPRIOR-20260728062026,2026-07-28T06:20:28.344471
HOSP-001,DEPT-OPC,2026-04-02,True,True,False,20.4457,Material,2,kpi_003; kpi_005,Department contains provisional threshold KPIs; Provisional KPI materially affects department risk,RISKPRIOR-20260728062026,2026-07-28T06:20:28.344471
HOSP-001,DEPT-DIAG,2026-04-02,True,False,False,0.0,None,2,kpi_003; kpi_005,Department contains provisional threshold KPIs,RISKPRIOR-20260728062026,2026-07-28T06:20:28.344471
HOSP-001,DEPT-ICU,2026-04-02,True,False,False,14.8696,Minor,2,kpi_003; kpi_005,Department contains provisional threshold KPIs,RISKPRIOR-20260728062026,2026-07-28T06:20:28.344471
HOSP-001,DEPT-MED,2026-04-02,True,False,False,11.1522,Minor,2,kpi_003; kpi_005,Department contains provisional threshold KPIs,RISKPRIOR-20260728062026,2026-07-28T06:20:28.344471
HOSP-001,DEPT-PEX,2026-04-02,True,False,False,0.0,None,2,kpi_003; kpi_005,Department contains provisional threshold KPIs,RISKPRIOR-20260728062026,2026-07-28T06:20:28.344471
HOSP-001,DEPT-ADM,2026-04-02,True,False,False,0.0,None,2,kpi_003; kpi_005,Department contains provisional threshold KPIs,RISKPRIOR-20260728062026,2026-07-28T06:20:28.344471
HOSP-001,DEPT-ADM,2026-04-03,True,False,False,0.0,None,2,kpi_003; kpi_005,Department contains provisional threshold KPIs,RISKPRIOR-20260728062026,2026-07-28T06:20:28.344471
HOSP-001,DEPT-MED,2026-04-03,True,False,False,11.1522,Minor,2,kpi_003; kpi_005,Department contains provisional threshold KPIs,RISKPRIOR-20260728062026,2026-07-28T06:20:28.344471
HOSP-001,DEPT-DIAG,2026-04-03,True,True,False,40.8913,Material,2,kpi_003; kpi_005,Department contains provisional threshold KPIs; Provisional KPI materially affects department risk,RISKPRIOR-20260728062026,2026-07-28T06:20:28.344471
HOSP-001,DEPT-PEX,2026-04-03,True,False,False,0.0,None,2,kpi_003; kpi_005,Department contains provisional threshold KPIs,RISKPRIOR-20260728062026,2026-07-28T06:20:28.344471
HOSP-001,DEPT-ICU,2026-04-03,True,False,False,14.8696,Minor,2,kpi_003; kpi_005,Department contains provisional threshold KPIs,RISKPRIOR-20260728062026,2026-07-28T06:20:28.344471
HOSP-001,DEPT-OPC,2026-04-03,True,False,False,5.5761,Minor,2,kpi_003; kpi_005,Department contains provisional threshold KPIs,RISKPRIOR-20260728062026,2026-07-28T06:20:28.344471
HOSP-001,DEPT-ED,2026-04-03,True,False,False,1.8587,Minor,2,kpi_003; kpi_005,Department contains provisional threshold KPIs,RISKPRIOR-20260728062026,2026-07-28T06:20:28.344471
HOSP-001,DEPT-SURG,2026-04-03,True,False,False,14.8696,Minor,2,kpi_003; kpi_005,Department contains provisional threshold KPIs,RISKPRIOR-20260728062026,2026-07-28T06:20:28.344471
HOSP-001,DEPT-DIAG,2026-04-04,True,True,False,40.8913,Material,2,kpi_003; kpi_005,Department contains provisional threshold KPIs; Provisional KPI materially affects department risk,RISKPRIOR-20260728062026,2026-07-28T06:20:28.344471
HOSP-001,DEPT-MED,2026-04-04,True,True,False,85.5,Material,2,kpi_003; kpi_005,Department contains provisional threshold KPIs; Provisional KPI materially affects department risk,RISKPRIOR-20260728062026,2026-07-28T06:20:28.344471
HOSP-001,DEPT-OPC,2026-04-04,True,False,False,9.2935,Minor,2,kpi_003; kpi_005,Department contains provisional threshold KPIs,RISKPRIOR-20260728062026,2026-07-28T06:20:28.344471
HOSP-001,DEPT-ADM,2026-04-04,True,False,False,0.0,None,2,kpi_003; kpi_005,Department contains provisional threshold KPIs,RISKPRIOR-20260728062026,2026-07-28T06:20:28.344471
HOSP-001,DEPT-ED,2026-04-04,True,False,False,5.5761,Minor,2,kpi_003; kpi_005,Department contains provisional threshold KPIs,RISKPRIOR-20260728062026,2026-07-28T06:20:28.344471
HOSP-001,DEPT-ICU,2026-04-04,True,True,True,44.6087,Dominant,2,kpi_003; kpi_005,Department contains provisional threshold KPIs; Provisional KPI is dominant risk driver,RISKPRIOR-20260728062026,2026-07-28T06:20:28.344471
HOSP-001,DEPT-PEX,2026-04-04,True,False,False,0.0,None,2,kpi_003; kpi_005,Department contains provisional threshold KPIs,RISKPRIOR-20260728062026,2026-07-28T06:20:28.344471
HOSP-001,DEPT-SURG,2026-04-04,True,True,True,11.1522,Dominant,2,kpi_003; kpi_005,Department contains provisional threshold KPIs; Provisional KPI is dominant risk driver,RISKPRIOR-20260728062026,2026-07-28T06:20:28.344471
HOSP-001,DEPT-OPC,2026-04-05,True,False,False,0.0,None,2,kpi_003; kpi_005,Department contains provisional threshold KPIs,RISKPRIOR-20260728062026,2026-07-28T06:20:28.344471
HOSP-001,DEPT-MED,2026-04-05,True,True,True,85.5,Dominant,2,kpi_003; kpi_005,Department contains provisional threshold KPIs; Provisional KPI is dominant risk driver,RISKPRIOR-20260728062026,2026-07-28T06:20:28.344471
HOSP-001,DEPT-DIAG,2026-04-05,True,False,False,9.2935,Minor,2,kpi_003; kpi_005,Department contains provisional threshold KPIs,RISKPRIOR-20260728062026,2026-07-28T06:20:28.344471
HOSP-001,DEPT-ICU,2026-04-05,True,True,True,44.6087,Dominant,2,kpi_003; kpi_005,Department contains provisional threshold KPIs; Provisional KPI is dominant risk driver,RISKPRIOR-20260728062026,2026-07-28T06:20:28.344471
HOSP-001,DEPT-SURG,2026-04-05,True,True,True,46.4674,Dominant,2,kpi_003; kpi_005,Department contains provisional threshold KPIs; Provisional KPI is dominant risk driver,RISKPRIOR-20260728062026,2026-07-28T06:20:28.344471
HOSP-001,DEPT-PEX,2026-04-05,True,False,False,0.0,None,2,kpi_003; kpi_005,Department contains provisional threshold KPIs,RISKPRIOR-20260728062026,2026-07-28T06:20:28.344471
HOSP-001,DEPT-ED,2026-04-05,True,False,False,5.5761,Minor,2,kpi_003; kpi_005,Department contains provisional threshold KPIs,RISKPRIOR-20260728062026,2026-07-28T06:20:28.344471
HOSP-001,DEPT-ADM,2026-04-05,True,False,False,0.0,None,2,kpi_003; kpi_005,Department contains provisional threshold KPIs,RISKPRIOR-20260728062026,2026-07-28T06:20:28.344471
HOSP-001,DEPT-PEX,2026-04-06,True,False,False,0.0,None,2,kpi_003; kpi_005,Department contains provisional threshold KPIs,RISKPRIOR-20260728062026,2026-07-28T06:20:28.344471
HOSP-001,DEPT-ICU,2026-04-06,True,False,False,11.1522,Minor,2,kpi_003; kpi_005,Department contains provisional threshold KPIs,RISKPRIOR-20260728062026,2026-07-28T06:20:28.344471
HOSP-001,DEPT-DIAG,2026-04-06,True,False,False,5.5761,Minor,2,kpi_003; kpi_005,Department contains provisional threshold KPIs,RISKPRIOR-20260728062026,2026-07-28T06:20:28.344471
HOSP-001,DEPT-OPC,2026-04-06,True,True,False,20.4457,Material,2,kpi_003; kpi_005,Department contains provisional threshold KPIs; Provisional KPI materially affects department risk,RISKPRIOR-20260728062026,2026-07-28T06:20:28.344471
HOSP-001,DEPT-ED,2026-04-06,True,False,False,5.5761,Minor,2,kpi_003; kpi_005,Department contains provisional threshold KPIs,RISKPRIOR-20260728062026,2026-07-28T06:20:28.344471
HOSP-001,DEPT-MED,2026-04-06,True,True,True,46.4674,Dominant,2,kpi_003; kpi_005,Department contains provisional threshold KPIs; Provisional KPI is dominant risk driver,RISKPRIOR-20260728062026,2026-07-28T06:20:28.344471
HOSP-001,DEPT-SURG,2026-04-06,True,True,True,46.4674,Dominant,2,kpi_003; kpi_005,Department contains provisional threshold KPIs; Provisional KPI is dominant risk driver,RISKPRIOR-20260728062026,2026-07-28T06:20:28.344471
HOSP-001,DEPT-ADM,2026-04-06,True,False,False,0.0,None,2,kpi_003; kpi_005,Department contains provisional threshold KPIs,RISKPRIOR-20260728062026,2026-07-28T06:20:28.344471
HOSP-001,DEPT-ADM,2026-04-07,True,False,False,0.0,None,2,kpi_003; kpi_005,Department contains provisional threshold KPIs,RISKPRIOR-20260728062026,2026-07-28T06:20:28.344471
HOSP-001,DEPT-SURG,2026-04-07,True,True,True,85.5,Dominant,2,kpi_003; kpi_005,Department contains provisional threshold KPIs; Provisional KPI is dominant risk driver,RISKPRIOR-20260728062026,2026-07-28T06:20:28.344471
HOSP-001,DEPT-DIAG,2026-04-07,True,True,False,57.6196,Material,2,kpi_003; kpi_005,Department contains provisional threshold KPIs; Provisional KPI materially affects department risk,RISKPRIOR-20260728062026,2026-07-28T06:20:28.344471
HOSP-001,DEPT-ICU,2026-04-07,True,True,False,44.6087,Material,2,kpi_003; kpi_005,Department contains provisional threshold KPIs; Provisional KPI materially affects department risk,RISKPRIOR-20260728062026,2026-07-28T06:20:28.344471
HOSP-001,DEPT-ED,2026-04-07,True,False,False,1.8587,Minor,2,kpi_003; kpi_005,Department contains provisional threshold KPIs,RISKPRIOR-20260728062026,2026-07-28T06:20:28.344471
HOSP-001,DEPT-MED,2026-04-07,True,True,True,42.75,Dominant,2,kpi_003; kpi_005,Department contains provisional threshold KPIs; Provisional KPI is dominant risk driver,RISKPRIOR-20260728062026,2026-07-28T06:20:28.344471
HOSP-001,DEPT-OPC,2026-04-07,True,True,False,20.4457,Material,2,kpi_003; kpi_005,Department contains provisional threshold KPIs; Provisional KPI materially affects department risk,RISKPRIOR-20260728062026,2026-07-28T06:20:28.344471
HOSP-001,DEPT-PEX,2026-04-07,True,False,False,0.0,None,2,kpi_003; kpi_005,Department contains provisional threshold KPIs,RISKPRIOR-20260728062026,2026-07-28T06:20:28.344471
HOSP-001,DEPT-ADM,2026-04-08,True,False,False,0.0,None,2,kpi_003; kpi_005,Department contains provisional threshold KPIs,RISKPRIOR-20260728062026,2026-07-28T06:20:28.344471
HOSP-001,DEPT-PEX,2026-04-08,True,False,False,0.0,None,2,kpi_003; kpi_005,Department contains provisional threshold KPIs,RISKPRIOR-20260728062026,2026-07-28T06:20:28.344471
HOSP-001,DEPT-OPC,2026-04-08,True,True,False,20.4457,Material,2,kpi_003; kpi_005,Department contains provisional threshold KPIs; Provisional KPI materially affects department risk,RISKPRIOR-20260728062026,2026-07-28T06:20:28.344471
HOSP-001,DEPT-MED,2026-04-08,True,False,False,7.4348,Minor,2,kpi_003; kpi_005,Department contains provisional threshold KPIs,RISKPRIOR-20260728062026,2026-07-28T06:20:28.344471
HOSP-001,DEPT-ICU,2026-04-08,True,True,True,44.6087,Dominant,2,kpi_003; kpi_005,Department contains provisional threshold KPIs; Provisional KPI is dominant risk driver,RISKPRIOR-20260728062026,2026-07-28T06:20:28.344471
HOSP-001,DEPT-DIAG,2026-04-08,True,False,False,5.5761,Minor,2,kpi_003; kpi_005,Department contains provisional threshold KPIs,RISKPRIOR-20260728062026,2026-07-28T06:20:28.344471
HOSP-001,DEPT-ED,2026-04-08,True,False,False,1.8587,Minor,2,kpi_003; kpi_005,Department contains provisional threshold KPIs,RISKPRIOR-20260728062026,2026-07-28T06:20:28.344471
HOSP-001,DEPT-SURG,2026-04-08,True,False,False,11.1522,Minor,2,kpi_003; kpi_005,Department contains provisional threshold KPIs,RISKPRIOR-20260728062026,2026-07-28T06:20:28.344471
HOSP-001,DEPT-ADM,2026-04-09,True,False,False,0.0,None,2,kpi_003; kpi_005,Department contains provisional threshold KPIs,RISKPRIOR-20260728062026,2026-07-28T06:20:28.344471
HOSP-001,DEPT-DIAG,2026-04-09,True,True,False,20.4457,Material,2,kpi_003; kpi_005,Department contains provisional threshold KPIs; Provisional KPI materially affects department risk,RISKPRIOR-20260728062026,2026-07-28T06:20:28.344471
HOSP-001,DEPT-MED,2026-04-09,True,True,False,42.75,Material,2,kpi_003; kpi_005,Department contains provisional threshold KPIs; Provisional KPI materially affects department risk,RISKPRIOR-20260728062026,2026-07-28T06:20:28.344471
HOSP-001,DEPT-ICU,2026-04-09,True,False,False,14.8696,Minor,2,kpi_003; kpi_005,Department contains provisional threshold KPIs,RISKPRIOR-20260728062026,2026-07-28T06:20:28.344471
HOSP-001,DEPT-ED,2026-04-09,True,False,False,1.8587,Minor,2,kpi_003; kpi_005,Department contains provisional threshold KPIs,RISKPRIOR-20260728062026,2026-07-28T06:20:28.344471
HOSP-001,DEPT-OPC,2026-04-09,True,False,False,1.8587,Minor,2,kpi_003; kpi_005,Department contains provisional threshold KPIs,RISKPRIOR-20260728062026,2026-07-28T06:20:28.344471
HOSP-001,DEPT-PEX,2026-04-09,True,False,False,0.0,None,2,kpi_003; kpi_005,Department contains provisional threshold KPIs,RISKPRIOR-20260728062026,2026-07-28T06:20:28.344471
HOSP-001,DEPT-SURG,2026-04-09,True,True,True,14.8696,Dominant,2,kpi_003; kpi_005,Department contains provisional threshold KPIs; Provisional KPI is dominant risk driver,RISKPRIOR-20260728062026,2026-07-28T06:20:28.344471
HOSP-001,DEPT-SURG,2026-04-10,True,True,True,81.7826,Dominant,2,kpi_003; kpi_005,Department contains provisional threshold KPIs; Provisional KPI is dominant risk driver,RISKPRIOR-20260728062026,2026-07-28T06:20:28.344471
HOSP-001,DEPT-OPC,2026-04-10,True,True,False,57.6196,Material,2,kpi_003; kpi_005,Department contains provisional threshold KPIs; Provisional KPI materially affects department risk,RISKPRIOR-20260728062026,2026-07-28T06:20:28.344471
HOSP-001,DEPT-ADM,2026-04-10,True,False,False,0.0,None,2,kpi_003; kpi_005,Department contains provisional threshold KPIs,RISKPRIOR-20260728062026,2026-07-28T06:20:28.344471
HOSP-001,DEPT-MED,2026-04-10,True,False,False,14.8696,Minor,2,kpi_003; kpi_005,Department contains provisional threshold KPIs,RISKPRIOR-20260728062026,2026-07-28T06:20:28.344471
HOSP-001,DEPT-DIAG,2026-04-10,True,True,True,55.7609,Dominant,2,kpi_003; kpi_005,Department contains provisional threshold KPIs; Provisional KPI is dominant risk driver,RISKPRIOR-20260728062026,2026-07-28T06:20:28.344471
HOSP-001,DEPT-ICU,2026-04-10,True,True,True,46.4674,Dominant,2,kpi_003; kpi_005,Department contains provisional threshold KPIs; Provisional KPI is dominant risk driver,RISKPRIOR-20260728062026,2026-07-28T06:20:28.344471
HOSP-001,DEPT-ED,2026-04-10,True,False,False,5.5761,Minor,2,kpi_003; kpi_005,Department contains provisional threshold KPIs,RISKPRIOR-20260728062026,2026-07-28T06:20:28.344471
HOSP-001,DEPT-PEX,2026-04-10,True,False,False,0.0,None,2,kpi_003; kpi_005,Department contains provisional threshold KPIs,RISKPRIOR-20260728062026,2026-07-28T06:20:28.344471
HOSP-001,DEPT-OPC,2026-04-11,True,False,False,13.0109,Minor,2,kpi_003; kpi_005,Department contains provisional threshold KPIs,RISKPRIOR-20260728062026,2026-07-28T06:20:28.344471
HOSP-001,DEPT-DIAG,2026-04-11,True,False,False,13.0109,Minor,2,kpi_003; kpi_005,Department contains provisional threshold KPIs,RISKPRIOR-20260728062026,2026-07-28T06:20:28.344471
HOSP-001,DEPT-SURG,2026-04-11,True,False,False,11.1522,Minor,2,kpi_003; kpi_005,Department contains provisional threshold KPIs,RISKPRIOR-20260728062026,2026-07-28T06:20:28.344471
HOSP-001,DEPT-ADM,2026-04-11,True,False,False,0.0,None,2,kpi_003; kpi_005,Department contains provisional threshold KPIs,RISKPRIOR-20260728062026,2026-07-28T06:20:28.344471
HOSP-001,DEPT-MED,2026-04-11,True,False,False,14.8696,Minor,2,kpi_003; kpi_005,Department contains provisional threshold KPIs,RISKPRIOR-20260728062026,2026-07-28T06:20:28.344471
HOSP-001,DEPT-ICU,2026-04-11,True,False,False,11.1522,Minor,2,kpi_003; kpi_005,Department contains provisional threshold KPIs,RISKPRIOR-20260728062026,2026-07-28T06:20:28.344471
HOSP-001,DEPT-ED,2026-04-11,True,False,False,5.5761,Minor,2,kpi_003; kpi_005,Department contains provisional threshold KPIs,RISKPRIOR-20260728062026,2026-07-28T06:20:28.344471
HOSP-001,DEPT-PEX,2026-04-11,True,False,False,0.0,None,2,kpi_003; kpi_005,Department contains provisional threshold KPIs,RISKPRIOR-20260728062026,2026-07-28T06:20:28.344471
HOSP-001,DEPT-MED,2026-04-12,True,True,True,85.5,Dominant,2,kpi_003; kpi_005,Department contains provisional threshold KPIs; Provisional KPI is dominant risk driver,RISKPRIOR-20260728062026,2026-07-28T06:20:28.344471
HOSP-001,DEPT-SURG,2026-04-12,True,True,True,85.5,Dominant,2,kpi_003; kpi_005,Department contains provisional threshold KPIs; Provisional KPI is dominant risk driver,RISKPRIOR-20260728062026,2026-07-28T06:20:28.344471
HOSP-001,DEPT-DIAG,2026-04-12,True,True,False,20.4457,Material,2,kpi_003; kpi_005,Department contains provisional threshold KPIs; Provisional KPI materially affects department risk,RISKPRIOR-20260728062026,2026-07-28T06:20:28.344471
HOSP-001,DEPT-ADM,2026-04-12,True,False,False,0.0,None,2,kpi_003; kpi_005,Department contains provisional threshold KPIs,RISKPRIOR-20260728062026,2026-07-28T06:20:28.344471
HOSP-001,DEPT-ED,2026-04-12,True,False,False,5.5761,Minor,2,kpi_003; kpi_005,Department contains provisional threshold KPIs,RISKPRIOR-20260728062026,2026-07-28T06:20:28.344471
HOSP-001,DEPT-OPC,2026-04-12,True,False,False,13.0109,Minor,2,kpi_003; kpi_005,Department contains provisional threshold KPIs,RISKPRIOR-20260728062026,2026-07-28T06:20:28.344471
HOSP-001,DEPT-ICU,2026-04-12,True,False,False,11.1522,Minor,2,kpi_003; kpi_005,Department contains provisional threshold KPIs,RISKPRIOR-20260728062026,2026-07-28T06:20:28.344471
HOSP-001,DEPT-PEX,2026-04-12,True,False,False,0.0,None,2,kpi_003; kpi_005,Department contains provisional threshold KPIs,RISKPRIOR-20260728062026,2026-07-28T06:20:28.344471
HOSP-001,DEPT-OPC,2026-04-13,True,False,False,13.0109,Minor,2,kpi_003; kpi_005,Department contains provisional threshold KPIs,RISKPRIOR-20260728062026,2026-07-28T06:20:28.344471
HOSP-001,DEPT-ADM,2026-04-13,True,False,False,0.0,None,2,kpi_003; kpi_005,Department contains provisional threshold KPIs,RISKPRIOR-20260728062026,2026-07-28T06:20:28.344471
HOSP-001,DEPT-ICU,2026-04-13,True,False,False,11.1522,Minor,2,kpi_003; kpi_005,Department contains provisional threshold KPIs,RISKPRIOR-20260728062026,2026-07-28T06:20:28.344471
HOSP-001,DEPT-SURG,2026-04-13,True,True,True,85.5,Dominant,2,kpi_003; kpi_005,Department contains provisional threshold KPIs; Provisional KPI is dominant risk driver,RISKPRIOR-20260728062026,2026-07-28T06:20:28.344471
HOSP-001,DEPT-PEX,2026-04-13,True,False,False,0.0,None,2,kpi_003; kpi_005,Department contains provisional threshold KPIs,RISKPRIOR-20260728062026,2026-07-28T06:20:28.344471
HOSP-001,DEPT-ED,2026-04-13,True,True,False,40.8913,Material,2,kpi_003; kpi_005,Department contains provisional threshold KPIs; Provisional KPI materially affects department risk,RISKPRIOR-20260728062026,2026-07-28T06:20:28.344471
HOSP-001,DEPT-DIAG,2026-04-13,True,True,True,55.7609,Dominant,2,kpi_003; kpi_005,Department contains provisional threshold KPIs; Provisional KPI is dominant risk driver,RISKPRIOR-20260728062026,2026-07-28T06:20:28.344471
HOSP-001,DEPT-MED,2026-04-13,True,False,False,11.1522,Minor,2,kpi_003; kpi_005,Department contains provisional threshold KPIs,RISKPRIOR-20260728062026,2026-07-28T06:20:28.344471
HOSP-001,DEPT-DIAG,2026-04-14,True,True,True,79.9239,Dominant,2,kpi_003; kpi_005,Department contains provisional threshold KPIs; Provisional KPI is dominant risk driver,RISKPRIOR-20260728062026,2026-07-28T06:20:28.344471
HOSP-001,DEPT-SURG,2026-04-14,True,False,False,11.1522,Minor,2,kpi_003; kpi_005,Department contains provisional threshold KPIs,RISKPRIOR-20260728062026,2026-07-28T06:20:28.344471
HOSP-001,DEPT-ADM,2026-04-14,True,False,False,0.0,None,2,kpi_003; kpi_005,Department contains provisional threshold KPIs,RISKPRIOR-20260728062026,2026-07-28T06:20:28.344471
HOSP-001,DEPT-OPC,2026-04-14,True,False,False,13.0109,Minor,2,kpi_003; kpi_005,Department contains provisional threshold KPIs,RISKPRIOR-20260728062026,2026-07-28T06:20:28.344471
HOSP-001,DEPT-MED,2026-04-14,True,True,True,42.75,Dominant,2,kpi_003; kpi_005,Department contains provisional threshold KPIs; Provisional KPI is dominant risk driver,RISKPRIOR-20260728062026,2026-07-28T06:20:28.344471
HOSP-001,DEPT-ICU,2026-04-14,True,False,False,14.8696,Minor,2,kpi_003; kpi_005,Department contains provisional threshold KPIs,RISKPRIOR-20260728062026,2026-07-28T06:20:28.344471
HOSP-001,DEPT-PEX,2026-04-14,True,False,False,0.0,None,2,kpi_003; kpi_005,Department contains provisional threshold KPIs,RISKPRIOR-20260728062026,2026-07-28T06:20:28.344471
HOSP-001,DEPT-ED,2026-04-14,True,False,False,1.8587,Minor,2,kpi_003; kpi_005,Department contains provisional threshold KPIs,RISKPRIOR-20260728062026,2026-07-28T06:20:28.344471
HOSP-001,DEPT-OPC,2026-04-15,True,False,False,13.0109,Minor,2,kpi_003; kpi_005,Department contains provisional threshold KPIs,RISKPRIOR-20260728062026,2026-07-28T06:20:28.344471
HOSP-001,DEPT-ICU,2026-04-15,True,True,True,85.5,Dominant,2,kpi_003; kpi_005,Department contains provisional threshold KPIs; Provisional KPI is dominant risk driver,RISKPRIOR-20260728062026,2026-07-28T06:20:28.344471
HOSP-001,DEPT-PEX,2026-04-15,True,False,False,0.0,None,2,kpi_003; kpi_005,Department contains provisional threshold KPIs,RISKPRIOR-20260728062026,2026-07-28T06:20:28.344471
HOSP-001,DEPT-DIAG,2026-04-15,True,False,False,13.0109,Minor,2,kpi_003; kpi_005,Department contains provisional threshold KPIs,RISKPRIOR-20260728062026,2026-07-28T06:20:28.344471
HOSP-001,DEPT-SURG,2026-04-15,True,True,False,46.4674,Material,2,kpi_003; kpi_005,Department contains provisional threshold KPIs; Provisional KPI materially affects department risk,RISKPRIOR-20260728062026,2026-07-28T06:20:28.344471
HOSP-001,DEPT-MED,2026-04-15,True,False,False,14.8696,Minor,2,kpi_003; kpi_005,Department contains provisional threshold KPIs,RISKPRIOR-20260728062026,2026-07-28T06:20:28.344471
HOSP-001,DEPT-ADM,2026-04-15,True,False,False,0.0,None,2,kpi_003; kpi_005,Department contains provisional threshold KPIs,RISKPRIOR-20260728062026,2026-07-28T06:20:28.344471
HOSP-001,DEPT-ED,2026-04-15,True,False,False,1.8587,Minor,2,kpi_003; kpi_005,Department contains provisional threshold KPIs,RISKPRIOR-20260728062026,2026-07-28T06:20:28.344471
HOSP-001,DEPT-DIAG,2026-04-16,True,False,False,1.8587,Minor,2,kpi_003; kpi_005,Department contains provisional threshold KPIs,RISKPRIOR-20260728062026,2026-07-28T06:20:28.344471
HOSP-001,DEPT-PEX,2026-04-16,True,False,False,0.0,None,2,kpi_003; kpi_005,Department contains provisional threshold KPIs,RISKPRIOR-20260728062026,2026-07-28T06:20:28.344471
HOSP-001,DEPT-SURG,2026-04-16,True,True,True,46.4674,Dominant,2,kpi_003; kpi_005,Department contains provisional threshold KPIs; Provisional KPI is dominant risk driver,RISKPRIOR-20260728062026,2026-07-28T06:20:28.344471
HOSP-001,DEPT-ICU,2026-04-16,True,False,False,14.8696,Minor,2,kpi_003; kpi_005,Department contains provisional threshold KPIs,RISKPRIOR-20260728062026,2026-07-28T06:20:28.344471
HOSP-001,DEPT-OPC,2026-04-16,True,False,False,13.0109,Minor,2,kpi_003; kpi_005,Department contains provisional threshold KPIs,RISKPRIOR-20260728062026,2026-07-28T06:20:28.344471
HOSP-001,DEPT-ADM,2026-04-16,True,False,False,0.0,None,2,kpi_003; kpi_005,Department contains provisional threshold KPIs,RISKPRIOR-20260728062026,2026-07-28T06:20:28.344471
HOSP-001,DEPT-MED,2026-04-16,True,False,False,14.8696,Minor,2,kpi_003; kpi_005,Department contains provisional threshold KPIs,RISKPRIOR-20260728062026,2026-07-28T06:20:28.344471
HOSP-001,DEPT-ED,2026-04-16,True,False,False,1.8587,Minor,2,kpi_003; kpi_005,Department contains provisional threshold KPIs,RISKPRIOR-20260728062026,2026-07-28T06:20:28.344471
HOSP-001,DEPT-DIAG,2026-04-17,True,False,False,1.8587,Minor,2,kpi_003; kpi_005,Department contains provisional threshold KPIs,RISKPRIOR-20260728062026,2026-07-28T06:20:28.344471
HOSP-001,DEPT-PEX,2026-04-17,True,False,False,0.0,None,2,kpi_003; kpi_005,Department contains provisional threshold KPIs,RISKPRIOR-20260728062026,2026-07-28T06:20:28.344471
HOSP-001,DEPT-OPC,2026-04-17,True,True,False,52.0435,Material,2,kpi_003; kpi_005,Department contains provisional threshold KPIs; Provisional KPI materially affects department risk,RISKPRIOR-20260728062026,2026-07-28T06:20:28.344471
HOSP-001,DEPT-ICU,2026-04-17,True,True,True,44.6087,Dominant,2,kpi_003; kpi_005,Department contains provisional threshold KPIs; Provisional KPI is dominant risk driver,RISKPRIOR-20260728062026,2026-07-28T06:20:28.344471
HOSP-001,DEPT-MED,2026-04-17,True,True,True,46.4674,Dominant,2,kpi_003; kpi_005,Department contains provisional threshold KPIs; Provisional KPI is dominant risk driver,RISKPRIOR-20260728062026,2026-07-28T06:20:28.344471
HOSP-001,DEPT-ADM,2026-04-17,True,False,False,0.0,None,2,kpi_003; kpi_005,Department contains provisional threshold KPIs,RISKPRIOR-20260728062026,2026-07-28T06:20:28.344471
HOSP-001,DEPT-SURG,2026-04-17,True,False,False,14.8696,Minor,2,kpi_003; kpi_005,Department contains provisional threshold KPIs,RISKPRIOR-20260728062026,2026-07-28T06:20:28.344471
HOSP-001,DEPT-ED,2026-04-17,True,False,False,13.0109,Minor,2,kpi_003; kpi_005,Department contains provisional threshold KPIs,RISKPRIOR-20260728062026,2026-07-28T06:20:28.344471
HOSP-001,DEPT-ICU,2026-04-18,True,True,True,81.7826,Dominant,2,kpi_003; kpi_005,Department contains provisional threshold KPIs; Provisional KPI is dominant risk driver,RISKPRIOR-20260728062026,2026-07-28T06:20:28.344471
HOSP-001,DEPT-MED,2026-04-18,True,False,False,14.8696,Minor,2,kpi_003; kpi_005,Department contains provisional threshold KPIs,RISKPRIOR-20260728062026,2026-07-28T06:20:28.344471
HOSP-001,DEPT-SURG,2026-04-18,True,True,True,42.75,Dominant,2,kpi_003; kpi_005,Department contains provisional threshold KPIs; Provisional KPI is dominant risk driver,RISKPRIOR-20260728062026,2026-07-28T06:20:28.344471
HOSP-001,DEPT-DIAG,2026-04-18,True,False,False,0.0,None,2,kpi_003; kpi_005,Department contains provisional threshold KPIs,RISKPRIOR-20260728062026,2026-07-28T06:20:28.344471
HOSP-001,DEPT-ADM,2026-04-18,True,False,False,0.0,None,2,kpi_003; kpi_005,Department contains provisional threshold KPIs,RISKPRIOR-20260728062026,2026-07-28T06:20:28.344471
HOSP-001,DEPT-PEX,2026-04-18,True,False,False,0.0,None,2,kpi_003; kpi_005,Department contains provisional threshold KPIs,RISKPRIOR-20260728062026,2026-07-28T06:20:28.344471
HOSP-001,DEPT-OPC,2026-04-18,True,False,False,0.0,None,2,kpi_003; kpi_005,Department contains provisional threshold KPIs,RISKPRIOR-20260728062026,2026-07-28T06:20:28.344471
HOSP-001,DEPT-ED,2026-04-18,True,False,False,13.0109,Minor,2,kpi_003; kpi_005,Department contains provisional threshold KPIs,RISKPRIOR-20260728062026,2026-07-28T06:20:28.344471
HOSP-001,DEPT-ICU,2026-04-19,True,True,True,81.7826,Dominant,2,kpi_003; kpi_005,Department contains provisional threshold KPIs; Provisional KPI is dominant risk driver,RISKPRIOR-20260728062026,2026-07-28T06:20:28.344471
HOSP-001,DEPT-MED,2026-04-19,True,False,False,11.1522,Minor,2,kpi_003; kpi_005,Department contains provisional threshold KPIs,RISKPRIOR-20260728062026,2026-07-28T06:20:28.344471
HOSP-001,DEPT-DIAG,2026-04-19,True,False,False,1.8587,Minor,2,kpi_003; kpi_005,Department contains provisional threshold KPIs,RISKPRIOR-20260728062026,2026-07-28T06:20:28.344471
HOSP-001,DEPT-ADM,2026-04-19,True,False,False,0.0,None,2,kpi_003; kpi_005,Department contains provisional threshold KPIs,RISKPRIOR-20260728062026,2026-07-28T06:20:28.344471
HOSP-001,DEPT-ED,2026-04-19,True,False,False,13.0109,Minor,2,kpi_003; kpi_005,Department contains provisional threshold KPIs,RISKPRIOR-20260728062026,2026-07-28T06:20:28.344471
HOSP-001,DEPT-OPC,2026-04-19,True,False,False,13.0109,Minor,2,kpi_003; kpi_005,Department contains provisional threshold KPIs,RISKPRIOR-20260728062026,2026-07-28T06:20:28.344471
HOSP-001,DEPT-SURG,2026-04-19,True,False,False,7.4348,Minor,2,kpi_003; kpi_005,Department contains provisional threshold KPIs,RISKPRIOR-20260728062026,2026-07-28T06:20:28.344471
HOSP-001,DEPT-PEX,2026-04-19,True,False,False,0.0,None,2,kpi_003; kpi_005,Department contains provisional threshold KPIs,RISKPRIOR-20260728062026,2026-07-28T06:20:28.344471
HOSP-001,DEPT-ADM,2026-04-20,True,False,False,0.0,None,2,kpi_003; kpi_005,Department contains provisional threshold KPIs,RISKPRIOR-20260728062026,2026-07-28T06:20:28.344471
HOSP-001,DEPT-ICU,2026-04-20,True,True,True,81.7826,Dominant,2,kpi_003; kpi_005,Department contains provisional threshold KPIs; Provisional KPI is dominant risk driver,RISKPRIOR-20260728062026,2026-07-28T06:20:28.344471
HOSP-001,DEPT-DIAG,2026-04-20,True,True,True,61.337,Dominant,2,kpi_003; kpi_005,Department contains provisional threshold KPIs; Provisional KPI is dominant risk driver,RISKPRIOR-20260728062026,2026-07-28T06:20:28.344471
HOSP-001,DEPT-OPC,2026-04-20,True,True,False,20.4457,Material,2,kpi_003; kpi_005,Department contains provisional threshold KPIs; Provisional KPI materially affects department risk,RISKPRIOR-20260728062026,2026-07-28T06:20:28.344471
HOSP-001,DEPT-SURG,2026-04-20,True,True,True,42.75,Dominant,2,kpi_003; kpi_005,Department contains provisional threshold KPIs; Provisional KPI is dominant risk driver,RISKPRIOR-20260728062026,2026-07-28T06:20:28.344471
HOSP-001,DEPT-ED,2026-04-20,True,False,False,13.0109,Minor,2,kpi_003; kpi_005,Department contains provisional threshold KPIs,RISKPRIOR-20260728062026,2026-07-28T06:20:28.344471
HOSP-001,DEPT-MED,2026-04-20,True,True,True,46.4674,Dominant,2,kpi_003; kpi_005,Department contains provisional threshold KPIs; Provisional KPI is dominant risk driver,RISKPRIOR-20260728062026,2026-07-28T06:20:28.344471
HOSP-001,DEPT-PEX,2026-04-20,True,False,False,0.0,None,2,kpi_003; kpi_005,Department contains provisional threshold KPIs,RISKPRIOR-20260728062026,2026-07-28T06:20:28.344471
HOSP-001,DEPT-ED,2026-04-21,True,False,False,13.0109,Minor,2,kpi_003; kpi_005,Department contains provisional threshold KPIs,RISKPRIOR-20260728062026,2026-07-28T06:20:28.344471
HOSP-001,DEPT-OPC,2026-04-21,True,True,False,20.4457,Material,2,kpi_003; kpi_005,Department contains provisional threshold KPIs; Provisional KPI materially affects department risk,RISKPRIOR-20260728062026,2026-07-28T06:20:28.344471
HOSP-001,DEPT-MED,2026-04-21,True,True,False,46.4674,Material,2,kpi_003; kpi_005,Department contains provisional threshold KPIs; Provisional KPI materially affects department risk,RISKPRIOR-20260728062026,2026-07-28T06:20:28.344471
HOSP-001,DEPT-PEX,2026-04-21,True,False,False,0.0,None,2,kpi_003; kpi_005,Department contains provisional threshold KPIs,RISKPRIOR-20260728062026,2026-07-28T06:20:28.344471
HOSP-001,DEPT-DIAG,2026-04-21,True,True,False,40.8913,Material,2,kpi_003; kpi_005,Department contains provisional threshold KPIs; Provisional KPI materially affects department risk,RISKPRIOR-20260728062026,2026-07-28T06:20:28.344471
HOSP-001,DEPT-ICU,2026-04-21,True,False,False,11.1522,Minor,2,kpi_003; kpi_005,Department contains provisional threshold KPIs,RISKPRIOR-20260728062026,2026-07-28T06:20:28.344471
HOSP-001,DEPT-ADM,2026-04-21,True,False,False,0.0,None,2,kpi_003; kpi_005,Department contains provisional threshold KPIs,RISKPRIOR-20260728062026,2026-07-28T06:20:28.344471
HOSP-001,DEPT-SURG,2026-04-21,True,False,False,7.4348,Minor,2,kpi_003; kpi_005,Department contains provisional threshold KPIs,RISKPRIOR-20260728062026,2026-07-28T06:20:28.344471
HOSP-001,DEPT-OPC,2026-04-22,True,True,False,20.4457,Material,2,kpi_003; kpi_005,Department contains provisional threshold KPIs; Provisional KPI materially affects department risk,RISKPRIOR-20260728062026,2026-07-28T06:20:28.344471
HOSP-001,DEPT-PEX,2026-04-22,True,False,False,0.0,None,2,kpi_003; kpi_005,Department contains provisional threshold KPIs,RISKPRIOR-20260728062026,2026-07-28T06:20:28.344471
HOSP-001,DEPT-SURG,2026-04-22,True,True,False,42.75,Material,2,kpi_003; kpi_005,Department contains provisional threshold KPIs; Provisional KPI materially affects department risk,RISKPRIOR-20260728062026,2026-07-28T06:20:28.344471
HOSP-001,DEPT-DIAG,2026-04-22,True,True,False,55.7609,Material,2,kpi_003; kpi_005,Department contains provisional threshold KPIs; Provisional KPI materially affects department risk,RISKPRIOR-20260728062026,2026-07-28T06:20:28.344471
HOSP-001,DEPT-ICU,2026-04-22,True,False,False,11.1522,Minor,2,kpi_003; kpi_005,Department contains provisional threshold KPIs,RISKPRIOR-20260728062026,2026-07-28T06:20:28.344471
HOSP-001,DEPT-MED,2026-04-22,True,True,True,42.75,Dominant,2,kpi_003; kpi_005,Department contains provisional threshold KPIs; Provisional KPI is dominant risk driver,RISKPRIOR-20260728062026,2026-07-28T06:20:28.344471
HOSP-001,DEPT-ADM,2026-04-22,True,False,False,0.0,None,2,kpi_003; kpi_005,Department contains provisional threshold KPIs,RISKPRIOR-20260728062026,2026-07-28T06:20:28.344471
HOSP-001,DEPT-ED,2026-04-22,True,True,True,20.4457,Dominant,2,kpi_003; kpi_005,Department contains provisional threshold KPIs; Provisional KPI is dominant risk driver,RISKPRIOR-20260728062026,2026-07-28T06:20:28.344471
HOSP-001,DEPT-OPC,2026-04-23,True,False,False,0.0,None,2,kpi_003; kpi_005,Department contains provisional threshold KPIs,RISKPRIOR-20260728062026,2026-07-28T06:20:28.344471
HOSP-001,DEPT-ICU,2026-04-23,True,True,True,81.7826,Dominant,2,kpi_003; kpi_005,Department contains provisional threshold KPIs; Provisional KPI is dominant risk driver,RISKPRIOR-20260728062026,2026-07-28T06:20:28.344471
HOSP-001,DEPT-DIAG,2026-04-23,True,True,False,20.4457,Material,2,kpi_003; kpi_005,Department contains provisional threshold KPIs; Provisional KPI materially affects department risk,RISKPRIOR-20260728062026,2026-07-28T06:20:28.344471
HOSP-001,DEPT-SURG,2026-04-23,True,True,True,44.6087,Dominant,2,kpi_003; kpi_005,Department contains provisional threshold KPIs; Provisional KPI is dominant risk driver,RISKPRIOR-20260728062026,2026-07-28T06:20:28.344471
HOSP-001,DEPT-MED,2026-04-23,True,True,True,42.75,Dominant,2,kpi_003; kpi_005,Department contains provisional threshold KPIs; Provisional KPI is dominant risk driver,RISKPRIOR-20260728062026,2026-07-28T06:20:28.344471
HOSP-001,DEPT-ADM,2026-04-23,True,False,False,0.0,None,2,kpi_003; kpi_005,Department contains provisional threshold KPIs,RISKPRIOR-20260728062026,2026-07-28T06:20:28.344471
HOSP-001,DEPT-ED,2026-04-23,True,True,True,20.4457,Dominant,2,kpi_003; kpi_005,Department contains provisional threshold KPIs; Provisional KPI is dominant risk driver,RISKPRIOR-20260728062026,2026-07-28T06:20:28.344471
HOSP-001,DEPT-PEX,2026-04-23,True,False,False,0.0,None,2,kpi_003; kpi_005,Department contains provisional threshold KPIs,RISKPRIOR-20260728062026,2026-07-28T06:20:28.344471
HOSP-001,DEPT-DIAG,2026-04-24,True,False,False,0.0,None,2,kpi_003; kpi_005,Department contains provisional threshold KPIs,RISKPRIOR-20260728062026,2026-07-28T06:20:28.344471
HOSP-001,DEPT-PEX,2026-04-24,True,False,False,0.0,None,2,kpi_003; kpi_005,Department contains provisional threshold KPIs,RISKPRIOR-20260728062026,2026-07-28T06:20:28.344471
HOSP-001,DEPT-ADM,2026-04-24,True,False,False,0.0,None,2,kpi_003; kpi_005,Department contains provisional threshold KPIs,RISKPRIOR-20260728062026,2026-07-28T06:20:28.344471
HOSP-001,DEPT-ICU,2026-04-24,True,False,False,11.1522,Minor,2,kpi_003; kpi_005,Department contains provisional threshold KPIs,RISKPRIOR-20260728062026,2026-07-28T06:20:28.344471
HOSP-001,DEPT-OPC,2026-04-24,True,False,False,13.0109,Minor,2,kpi_003; kpi_005,Department contains provisional threshold KPIs,RISKPRIOR-20260728062026,2026-07-28T06:20:28.344471
HOSP-001,DEPT-SURG,2026-04-24,True,False,False,14.8696,Minor,2,kpi_003; kpi_005,Department contains provisional threshold KPIs,RISKPRIOR-20260728062026,2026-07-28T06:20:28.344471
HOSP-001,DEPT-ED,2026-04-24,True,True,False,20.4457,Material,2,kpi_003; kpi_005,Department contains provisional threshold KPIs; Provisional KPI materially affects department risk,RISKPRIOR-20260728062026,2026-07-28T06:20:28.344471
HOSP-001,DEPT-MED,2026-04-24,True,False,False,7.4348,Minor,2,kpi_003; kpi_005,Department contains provisional threshold KPIs,RISKPRIOR-20260728062026,2026-07-28T06:20:28.344471
HOSP-001,DEPT-OPC,2026-04-25,True,False,False,13.0109,Minor,2,kpi_003; kpi_005,Department contains provisional threshold KPIs,RISKPRIOR-20260728062026,2026-07-28T06:20:28.344471
HOSP-001,DEPT-ICU,2026-04-25,True,False,False,11.1522,Minor,2,kpi_003; kpi_005,Department contains provisional threshold KPIs,RISKPRIOR-20260728062026,2026-07-28T06:20:28.344471
HOSP-001,DEPT-DIAG,2026-04-25,True,False,False,13.0109,Minor,2,kpi_003; kpi_005,Department contains provisional threshold KPIs,RISKPRIOR-20260728062026,2026-07-28T06:20:28.344471
HOSP-001,DEPT-ED,2026-04-25,True,True,False,20.4457,Material,2,kpi_003; kpi_005,Department contains provisional threshold KPIs; Provisional KPI materially affects department risk,RISKPRIOR-20260728062026,2026-07-28T06:20:28.344471
HOSP-001,DEPT-MED,2026-04-25,True,True,False,42.75,Material,2,kpi_003; kpi_005,Department contains provisional threshold KPIs; Provisional KPI materially affects department risk,RISKPRIOR-20260728062026,2026-07-28T06:20:28.344471
HOSP-001,DEPT-SURG,2026-04-25,True,True,True,46.4674,Dominant,2,kpi_003; kpi_005,Department contains provisional threshold KPIs; Provisional KPI is dominant risk driver,RISKPRIOR-20260728062026,2026-07-28T06:20:28.344471
HOSP-001,DEPT-PEX,2026-04-25,True,False,False,0.0,None,2,kpi_003; kpi_005,Department contains provisional threshold KPIs,RISKPRIOR-20260728062026,2026-07-28T06:20:28.344471
HOSP-001,DEPT-ADM,2026-04-25,True,False,False,0.0,None,2,kpi_003; kpi_005,Department contains provisional threshold KPIs,RISKPRIOR-20260728062026,2026-07-28T06:20:28.344471
HOSP-001,DEPT-ED,2026-04-26,True,True,False,20.4457,Material,2,kpi_003; kpi_005,Department contains provisional threshold KPIs; Provisional KPI materially affects department risk,RISKPRIOR-20260728062026,2026-07-28T06:20:28.344471
HOSP-001,DEPT-DIAG,2026-04-26,True,True,False,57.6196,Material,2,kpi_003; kpi_005,Department contains provisional threshold KPIs; Provisional KPI materially affects department risk,RISKPRIOR-20260728062026,2026-07-28T06:20:28.344471
HOSP-001,DEPT-OPC,2026-04-26,True,False,False,1.8587,Minor,2,kpi_003; kpi_005,Department contains provisional threshold KPIs,RISKPRIOR-20260728062026,2026-07-28T06:20:28.344471
HOSP-001,DEPT-ICU,2026-04-26,True,False,False,11.1522,Minor,2,kpi_003; kpi_005,Department contains provisional threshold KPIs,RISKPRIOR-20260728062026,2026-07-28T06:20:28.344471
HOSP-001,DEPT-PEX,2026-04-26,True,False,False,0.0,None,2,kpi_003; kpi_005,Department contains provisional threshold KPIs,RISKPRIOR-20260728062026,2026-07-28T06:20:28.344471
HOSP-001,DEPT-SURG,2026-04-26,True,False,False,14.8696,Minor,2,kpi_003; kpi_005,Department contains provisional threshold KPIs,RISKPRIOR-20260728062026,2026-07-28T06:20:28.344471
HOSP-001,DEPT-MED,2026-04-26,True,False,False,7.4348,Minor,2,kpi_003; kpi_005,Department contains provisional threshold KPIs,RISKPRIOR-20260728062026,2026-07-28T06:20:28.344471
HOSP-001,DEPT-ADM,2026-04-26,True,False,False,0.0,None,2,kpi_003; kpi_005,Department contains provisional threshold KPIs,RISKPRIOR-20260728062026,2026-07-28T06:20:28.344471
HOSP-001,DEPT-DIAG,2026-04-27,True,False,False,13.0109,Minor,2,kpi_003; kpi_005,Department contains provisional threshold KPIs,RISKPRIOR-20260728062026,2026-07-28T06:20:28.344471
HOSP-001,DEPT-PEX,2026-04-27,True,False,False,0.0,None,2,kpi_003; kpi_005,Department contains provisional threshold KPIs,RISKPRIOR-20260728062026,2026-07-28T06:20:28.344471
HOSP-001,DEPT-ED,2026-04-27,True,True,False,20.4457,Material,2,kpi_003; kpi_005,Department contains provisional threshold KPIs; Provisional KPI materially affects department risk,RISKPRIOR-20260728062026,2026-07-28T06:20:28.344471
HOSP-001,DEPT-MED,2026-04-27,True,True,False,42.75,Material,2,kpi_003; kpi_005,Department contains provisional threshold KPIs; Provisional KPI materially affects department risk,RISKPRIOR-20260728062026,2026-07-28T06:20:28.344471
HOSP-001,DEPT-ICU,2026-04-27,True,False,False,7.4348,Minor,2,kpi_003; kpi_005,Department contains provisional threshold KPIs,RISKPRIOR-20260728062026,2026-07-28T06:20:28.344471
HOSP-001,DEPT-OPC,2026-04-27,True,False,False,13.0109,Minor,2,kpi_003; kpi_005,Department contains provisional threshold KPIs,RISKPRIOR-20260728062026,2026-07-28T06:20:28.344471
HOSP-001,DEPT-SURG,2026-04-27,True,True,True,14.8696,Dominant,2,kpi_003; kpi_005,Department contains provisional threshold KPIs; Provisional KPI is dominant risk driver,RISKPRIOR-20260728062026,2026-07-28T06:20:28.344471
HOSP-001,DEPT-ADM,2026-04-27,True,False,False,0.0,None,2,kpi_003; kpi_005,Department contains provisional threshold KPIs,RISKPRIOR-20260728062026,2026-07-28T06:20:28.344471
HOSP-001,DEPT-MED,2026-04-28,True,False,False,7.4348,Minor,2,kpi_003; kpi_005,Department contains provisional threshold KPIs,RISKPRIOR-20260728062026,2026-07-28T06:20:28.344471
HOSP-001,DEPT-OPC,2026-04-28,True,False,False,13.0109,Minor,2,kpi_003; kpi_005,Department contains provisional threshold KPIs,RISKPRIOR-20260728062026,2026-07-28T06:20:28.344471
HOSP-001,DEPT-SURG,2026-04-28,True,False,False,11.1522,Minor,2,kpi_003; kpi_005,Department contains provisional threshold KPIs,RISKPRIOR-20260728062026,2026-07-28T06:20:28.344471
HOSP-001,DEPT-DIAG,2026-04-28,True,False,False,13.0109,Minor,2,kpi_003; kpi_005,Department contains provisional threshold KPIs,RISKPRIOR-20260728062026,2026-07-28T06:20:28.344471
HOSP-001,DEPT-ICU,2026-04-28,True,True,True,40.8913,Dominant,2,kpi_003; kpi_005,Department contains provisional threshold KPIs; Provisional KPI is dominant risk driver,RISKPRIOR-20260728062026,2026-07-28T06:20:28.344471
HOSP-001,DEPT-PEX,2026-04-28,True,False,False,0.0,None,2,kpi_003; kpi_005,Department contains provisional threshold KPIs,RISKPRIOR-20260728062026,2026-07-28T06:20:28.344471
HOSP-001,DEPT-ED,2026-04-28,True,False,False,13.0109,Minor,2,kpi_003; kpi_005,Department contains provisional threshold KPIs,RISKPRIOR-20260728062026,2026-07-28T06:20:28.344471
HOSP-001,DEPT-ADM,2026-04-28,True,False,False,0.0,None,2,kpi_003; kpi_005,Department contains provisional threshold KPIs,RISKPRIOR-20260728062026,2026-07-28T06:20:28.344471
HOSP-001,DEPT-ICU,2026-04-29,True,False,False,14.8696,Minor,2,kpi_003; kpi_005,Department contains provisional threshold KPIs,RISKPRIOR-20260728062026,2026-07-28T06:20:28.344471
HOSP-001,DEPT-MED,2026-04-29,True,True,True,85.5,Dominant,2,kpi_003; kpi_005,Department contains provisional threshold KPIs; Provisional KPI is dominant risk driver,RISKPRIOR-20260728062026,2026-07-28T06:20:28.344471
HOSP-001,DEPT-SURG,2026-04-29,True,True,False,42.75,Material,2,kpi_003; kpi_005,Department contains provisional threshold KPIs; Provisional KPI materially affects department risk,RISKPRIOR-20260728062026,2026-07-28T06:20:28.344471
HOSP-001,DEPT-DIAG,2026-04-29,True,False,False,1.8587,Minor,2,kpi_003; kpi_005,Department contains provisional threshold KPIs,RISKPRIOR-20260728062026,2026-07-28T06:20:28.344471
HOSP-001,DEPT-OPC,2026-04-29,True,False,False,13.0109,Minor,2,kpi_003; kpi_005,Department contains provisional threshold KPIs,RISKPRIOR-20260728062026,2026-07-28T06:20:28.344471
HOSP-001,DEPT-ED,2026-04-29,True,False,False,13.0109,Minor,2,kpi_003; kpi_005,Department contains provisional threshold KPIs,RISKPRIOR-20260728062026,2026-07-28T06:20:28.344471
HOSP-001,DEPT-PEX,2026-04-29,True,False,False,0.0,None,2,kpi_003; kpi_005,Department contains provisional threshold KPIs,RISKPRIOR-20260728062026,2026-07-28T06:20:28.344471
HOSP-001,DEPT-ADM,2026-04-29,True,False,False,0.0,None,2,kpi_003; kpi_005,Department contains provisional threshold KPIs,RISKPRIOR-20260728062026,2026-07-28T06:20:28.344471
HOSP-001,DEPT-PEX,2026-04-30,True,False,False,0.0,None,2,kpi_003; kpi_005,Department contains provisional threshold KPIs,RISKPRIOR-20260728062026,2026-07-28T06:20:28.344471
HOSP-001,DEPT-SURG,2026-04-30,True,False,False,14.8696,Minor,2,kpi_003; kpi_005,Department contains provisional threshold KPIs,RISKPRIOR-20260728062026,2026-07-28T06:20:28.344471
HOSP-001,DEPT-OPC,2026-04-30,True,True,False,20.4457,Material,2,kpi_003; kpi_005,Department contains provisional threshold KPIs; Provisional KPI materially affects department risk,RISKPRIOR-20260728062026,2026-07-28T06:20:28.344471
HOSP-001,DEPT-ED,2026-04-30,True,False,False,13.0109,Minor,2,kpi_003; kpi_005,Department contains provisional threshold KPIs,RISKPRIOR-20260728062026,2026-07-28T06:20:28.344471
HOSP-001,DEPT-MED,2026-04-30,True,True,True,46.4674,Dominant,2,kpi_003; kpi_005,Department contains provisional threshold KPIs; Provisional KPI is dominant risk driver,RISKPRIOR-20260728062026,2026-07-28T06:20:28.344471
HOSP-001,DEPT-ICU,2026-04-30,True,False,False,14.8696,Minor,2,kpi_003; kpi_005,Department contains provisional threshold KPIs,RISKPRIOR-20260728062026,2026-07-28T06:20:28.344471
HOSP-001,DEPT-DIAG,2026-04-30,True,False,False,1.8587,Minor,2,kpi_003; kpi_005,Department contains provisional threshold KPIs,RISKPRIOR-20260728062026,2026-07-28T06:20:28.344471
HOSP-001,DEPT-ADM,2026-04-30,True,False,False,0.0,None,2,kpi_003; kpi_005,Department contains provisional threshold KPIs,RISKPRIOR-20260728062026,2026-07-28T06:20:28.344471
HOSP-001,DEPT-PEX,2026-05-01,True,False,False,0.0,None,2,kpi_003; kpi_005,Department contains provisional threshold KPIs,RISKPRIOR-20260728062026,2026-07-28T06:20:28.344471
HOSP-001,DEPT-OPC,2026-05-01,True,False,False,5.5761,Minor,2,kpi_003; kpi_005,Department contains provisional threshold KPIs,RISKPRIOR-20260728062026,2026-07-28T06:20:28.344471
HOSP-001,DEPT-ICU,2026-05-01,True,True,True,44.6087,Dominant,2,kpi_003; kpi_005,Department contains provisional threshold KPIs; Provisional KPI is dominant risk driver,RISKPRIOR-20260728062026,2026-07-28T06:20:28.344471
HOSP-001,DEPT-DIAG,2026-05-01,True,True,True,40.8913,Dominant,2,kpi_003; kpi_005,Department contains provisional threshold KPIs; Provisional KPI is dominant risk driver,RISKPRIOR-20260728062026,2026-07-28T06:20:28.344471
HOSP-001,DEPT-ED,2026-05-01,True,False,False,13.0109,Minor,2,kpi_003; kpi_005,Department contains provisional threshold KPIs,RISKPRIOR-20260728062026,2026-07-28T06:20:28.344471
HOSP-001,DEPT-MED,2026-05-01,True,False,False,14.8696,Minor,2,kpi_003; kpi_005,Department contains provisional threshold KPIs,RISKPRIOR-20260728062026,2026-07-28T06:20:28.344471
HOSP-001,DEPT-SURG,2026-05-01,True,True,True,14.8696,Dominant,2,kpi_003; kpi_005,Department contains provisional threshold KPIs; Provisional KPI is dominant risk driver,RISKPRIOR-20260728062026,2026-07-28T06:20:28.344471
HOSP-001,DEPT-ADM,2026-05-01,True,False,False,0.0,None,2,kpi_003; kpi_005,Department contains provisional threshold KPIs,RISKPRIOR-20260728062026,2026-07-28T06:20:28.344471
HOSP-001,DEPT-ED,2026-05-02,True,True,False,40.8913,Material,2,kpi_003; kpi_005,Department contains provisional threshold KPIs; Provisional KPI materially affects department risk,RISKPRIOR-20260728062026,2026-07-28T06:20:28.344471
HOSP-001,DEPT-OPC,2026-05-02,True,False,False,9.2935,Minor,2,kpi_003; kpi_005,Department contains provisional threshold KPIs,RISKPRIOR-20260728062026,2026-07-28T06:20:28.344471
HOSP-001,DEPT-SURG,2026-05-02,True,False,False,11.1522,Minor,2,kpi_003; kpi_005,Department contains provisional threshold KPIs,RISKPRIOR-20260728062026,2026-07-28T06:20:28.344471
HOSP-001,DEPT-MED,2026-05-02,True,True,False,46.4674,Material,2,kpi_003; kpi_005,Department contains provisional threshold KPIs; Provisional KPI materially affects department risk,RISKPRIOR-20260728062026,2026-07-28T06:20:28.344471
HOSP-001,DEPT-PEX,2026-05-02,True,False,False,0.0,None,2,kpi_003; kpi_005,Department contains provisional threshold KPIs,RISKPRIOR-20260728062026,2026-07-28T06:20:28.344471
HOSP-001,DEPT-ICU,2026-05-02,True,False,False,14.8696,Minor,2,kpi_003; kpi_005,Department contains provisional threshold KPIs,RISKPRIOR-20260728062026,2026-07-28T06:20:28.344471
HOSP-001,DEPT-DIAG,2026-05-02,True,False,False,0.0,None,2,kpi_003; kpi_005,Department contains provisional threshold KPIs,RISKPRIOR-20260728062026,2026-07-28T06:20:28.344471
HOSP-001,DEPT-ADM,2026-05-02,True,False,False,0.0,None,2,kpi_003; kpi_005,Department contains provisional threshold KPIs,RISKPRIOR-20260728062026,2026-07-28T06:20:28.344471
HOSP-001,DEPT-OPC,2026-05-03,True,False,False,5.5761,Minor,2,kpi_003; kpi_005,Department contains provisional threshold KPIs,RISKPRIOR-20260728062026,2026-07-28T06:20:28.344471
HOSP-001,DEPT-PEX,2026-05-03,True,False,False,0.0,None,2,kpi_003; kpi_005,Department contains provisional threshold KPIs,RISKPRIOR-20260728062026,2026-07-28T06:20:28.344471
HOSP-001,DEPT-MED,2026-05-03,True,True,False,46.4674,Material,2,kpi_003; kpi_005,Department contains provisional threshold KPIs; Provisional KPI materially affects department risk,RISKPRIOR-20260728062026,2026-07-28T06:20:28.344471
HOSP-001,DEPT-ED,2026-05-03,True,True,False,20.4457,Material,2,kpi_003; kpi_005,Department contains provisional threshold KPIs; Provisional KPI materially affects department risk,RISKPRIOR-20260728062026,2026-07-28T06:20:28.344471
HOSP-001,DEPT-ICU,2026-05-03,True,False,False,14.8696,Minor,2,kpi_003; kpi_005,Department contains provisional threshold KPIs,RISKPRIOR-20260728062026,2026-07-28T06:20:28.344471
HOSP-001,DEPT-DIAG,2026-05-03,True,True,True,40.8913,Dominant,2,kpi_003; kpi_005,Department contains provisional threshold KPIs; Provisional KPI is dominant risk driver,RISKPRIOR-20260728062026,2026-07-28T06:20:28.344471
HOSP-001,DEPT-SURG,2026-05-03,True,False,False,11.1522,Minor,2,kpi_003; kpi_005,Department contains provisional threshold KPIs,RISKPRIOR-20260728062026,2026-07-28T06:20:28.344471
HOSP-001,DEPT-ADM,2026-05-03,True,False,False,0.0,None,2,kpi_003; kpi_005,Department contains provisional threshold KPIs,RISKPRIOR-20260728062026,2026-07-28T06:20:28.344471
HOSP-001,DEPT-PEX,2026-05-04,True,False,False,0.0,None,2,kpi_003; kpi_005,Department contains provisional threshold KPIs,RISKPRIOR-20260728062026,2026-07-28T06:20:28.344471
HOSP-001,DEPT-OPC,2026-05-04,True,False,False,9.2935,Minor,2,kpi_003; kpi_005,Department contains provisional threshold KPIs,RISKPRIOR-20260728062026,2026-07-28T06:20:28.344471
HOSP-001,DEPT-DIAG,2026-05-04,True,False,False,9.2935,Minor,2,kpi_003; kpi_005,Department contains provisional threshold KPIs,RISKPRIOR-20260728062026,2026-07-28T06:20:28.344471
HOSP-001,DEPT-SURG,2026-05-04,True,False,False,14.8696,Minor,2,kpi_003; kpi_005,Department contains provisional threshold KPIs,RISKPRIOR-20260728062026,2026-07-28T06:20:28.344471
HOSP-001,DEPT-ED,2026-05-04,True,True,False,20.4457,Material,2,kpi_003; kpi_005,Department contains provisional threshold KPIs; Provisional KPI materially affects department risk,RISKPRIOR-20260728062026,2026-07-28T06:20:28.344471
HOSP-001,DEPT-MED,2026-05-04,True,True,True,46.4674,Dominant,2,kpi_003; kpi_005,Department contains provisional threshold KPIs; Provisional KPI is dominant risk driver,RISKPRIOR-20260728062026,2026-07-28T06:20:28.344471
HOSP-001,DEPT-ICU,2026-05-04,True,False,False,14.8696,Minor,2,kpi_003; kpi_005,Department contains provisional threshold KPIs,RISKPRIOR-20260728062026,2026-07-28T06:20:28.344471
HOSP-001,DEPT-ADM,2026-05-04,True,False,False,0.0,None,2,kpi_003; kpi_005,Department contains provisional threshold KPIs,RISKPRIOR-20260728062026,2026-07-28T06:20:28.344471
HOSP-001,DEPT-ED,2026-05-05,True,False,False,13.0109,Minor,2,kpi_003; kpi_005,Department contains provisional threshold KPIs,RISKPRIOR-20260728062026,2026-07-28T06:20:28.344471
HOSP-001,DEPT-MED,2026-05-05,True,False,False,14.8696,Minor,2,kpi_003; kpi_005,Department contains provisional threshold KPIs,RISKPRIOR-20260728062026,2026-07-28T06:20:28.344471
HOSP-001,DEPT-ICU,2026-05-05,True,False,False,11.1522,Minor,2,kpi_003; kpi_005,Department contains provisional threshold KPIs,RISKPRIOR-20260728062026,2026-07-28T06:20:28.344471
HOSP-001,DEPT-OPC,2026-05-05,True,False,False,9.2935,Minor,2,kpi_003; kpi_005,Department contains provisional threshold KPIs,RISKPRIOR-20260728062026,2026-07-28T06:20:28.344471
HOSP-001,DEPT-PEX,2026-05-05,True,False,False,0.0,None,2,kpi_003; kpi_005,Department contains provisional threshold KPIs,RISKPRIOR-20260728062026,2026-07-28T06:20:28.344471
HOSP-001,DEPT-SURG,2026-05-05,True,False,False,14.8696,Minor,2,kpi_003; kpi_005,Department contains provisional threshold KPIs,RISKPRIOR-20260728062026,2026-07-28T06:20:28.344471
HOSP-001,DEPT-DIAG,2026-05-05,True,False,False,5.5761,Minor,2,kpi_003; kpi_005,Department contains provisional threshold KPIs,RISKPRIOR-20260728062026,2026-07-28T06:20:28.344471
HOSP-001,DEPT-ADM,2026-05-05,True,False,False,0.0,None,2,kpi_003; kpi_005,Department contains provisional threshold KPIs,RISKPRIOR-20260728062026,2026-07-28T06:20:28.344471
HOSP-001,DEPT-ICU,2026-05-06,True,True,False,81.7826,Material,2,kpi_003; kpi_005,Department contains provisional threshold KPIs; Provisional KPI materially affects department risk,RISKPRIOR-20260728062026,2026-07-28T06:20:28.344471
HOSP-001,DEPT-MED,2026-05-06,True,True,True,85.5,Dominant,2,kpi_003; kpi_005,Department contains provisional threshold KPIs; Provisional KPI is dominant risk driver,RISKPRIOR-20260728062026,2026-07-28T06:20:28.344471
HOSP-001,DEPT-ADM,2026-05-06,True,False,False,0.0,None,2,kpi_003; kpi_005,Department contains provisional threshold KPIs,RISKPRIOR-20260728062026,2026-07-28T06:20:28.344471
HOSP-001,DEPT-OPC,2026-05-06,True,False,False,9.2935,Minor,2,kpi_003; kpi_005,Department contains provisional threshold KPIs,RISKPRIOR-20260728062026,2026-07-28T06:20:28.344471
HOSP-001,DEPT-DIAG,2026-05-06,True,True,True,57.6196,Dominant,2,kpi_003; kpi_005,Department contains provisional threshold KPIs; Provisional KPI is dominant risk driver,RISKPRIOR-20260728062026,2026-07-28T06:20:28.344471
HOSP-001,DEPT-PEX,2026-05-06,True,False,False,0.0,None,2,kpi_003; kpi_005,Department contains provisional threshold KPIs,RISKPRIOR-20260728062026,2026-07-28T06:20:28.344471
HOSP-001,DEPT-ED,2026-05-06,True,False,False,13.0109,Minor,2,kpi_003; kpi_005,Department contains provisional threshold KPIs,RISKPRIOR-20260728062026,2026-07-28T06:20:28.344471
HOSP-001,DEPT-SURG,2026-05-06,True,False,False,11.1522,Minor,2,kpi_003; kpi_005,Department contains provisional threshold KPIs,RISKPRIOR-20260728062026,2026-07-28T06:20:28.344471
HOSP-001,DEPT-ICU,2026-05-07,True,False,False,11.1522,Minor,2,kpi_003; kpi_005,Department contains provisional threshold KPIs,RISKPRIOR-20260728062026,2026-07-28T06:20:28.344471
HOSP-001,DEPT-OPC,2026-05-07,True,False,False,5.5761,Minor,2,kpi_003; kpi_005,Department contains provisional threshold KPIs,RISKPRIOR-20260728062026,2026-07-28T06:20:28.344471
HOSP-001,DEPT-DIAG,2026-05-07,True,False,False,13.0109,Minor,2,kpi_003; kpi_005,Department contains provisional threshold KPIs,RISKPRIOR-20260728062026,2026-07-28T06:20:28.344471
HOSP-001,DEPT-MED,2026-05-07,True,True,True,46.4674,Dominant,2,kpi_003; kpi_005,Department contains provisional threshold KPIs; Provisional KPI is dominant risk driver,RISKPRIOR-20260728062026,2026-07-28T06:20:28.344471
HOSP-001,DEPT-PEX,2026-05-07,True,False,False,0.0,None,2,kpi_003; kpi_005,Department contains provisional threshold KPIs,RISKPRIOR-20260728062026,2026-07-28T06:20:28.344471
HOSP-001,DEPT-ED,2026-05-07,True,False,False,1.8587,Minor,2,kpi_003; kpi_005,Department contains provisional threshold KPIs,RISKPRIOR-20260728062026,2026-07-28T06:20:28.344471
HOSP-001,DEPT-SURG,2026-05-07,True,False,False,14.8696,Minor,2,kpi_003; kpi_005,Department contains provisional threshold KPIs,RISKPRIOR-20260728062026,2026-07-28T06:20:28.344471
HOSP-001,DEPT-ADM,2026-05-07,True,False,False,0.0,None,2,kpi_003; kpi_005,Department contains provisional threshold KPIs,RISKPRIOR-20260728062026,2026-07-28T06:20:28.344471
HOSP-001,DEPT-OPC,2026-05-08,True,False,False,1.8587,Minor,2,kpi_003; kpi_005,Department contains provisional threshold KPIs,RISKPRIOR-20260728062026,2026-07-28T06:20:28.344471
HOSP-001,DEPT-ED,2026-05-08,True,False,False,1.8587,Minor,2,kpi_003; kpi_005,Department contains provisional threshold KPIs,RISKPRIOR-20260728062026,2026-07-28T06:20:28.344471
HOSP-001,DEPT-SURG,2026-05-08,True,True,True,46.4674,Dominant,2,kpi_003; kpi_005,Department contains provisional threshold KPIs; Provisional KPI is dominant risk driver,RISKPRIOR-20260728062026,2026-07-28T06:20:28.344471
HOSP-001,DEPT-DIAG,2026-05-08,True,False,False,13.0109,Minor,2,kpi_003; kpi_005,Department contains provisional threshold KPIs,RISKPRIOR-20260728062026,2026-07-28T06:20:28.344471
HOSP-001,DEPT-ICU,2026-05-08,True,False,False,11.1522,Minor,2,kpi_003; kpi_005,Department contains provisional threshold KPIs,RISKPRIOR-20260728062026,2026-07-28T06:20:28.344471
HOSP-001,DEPT-PEX,2026-05-08,True,False,False,0.0,None,2,kpi_003; kpi_005,Department contains provisional threshold KPIs,RISKPRIOR-20260728062026,2026-07-28T06:20:28.344471
HOSP-001,DEPT-MED,2026-05-08,True,False,False,14.8696,Minor,2,kpi_003; kpi_005,Department contains provisional threshold KPIs,RISKPRIOR-20260728062026,2026-07-28T06:20:28.344471
HOSP-001,DEPT-ADM,2026-05-08,True,False,False,0.0,None,2,kpi_003; kpi_005,Department contains provisional threshold KPIs,RISKPRIOR-20260728062026,2026-07-28T06:20:28.344471
HOSP-001,DEPT-SURG,2026-05-09,True,False,False,11.1522,Minor,2,kpi_003; kpi_005,Department contains provisional threshold KPIs,RISKPRIOR-20260728062026,2026-07-28T06:20:28.344471
HOSP-001,DEPT-ICU,2026-05-09,True,False,False,14.8696,Minor,2,kpi_003; kpi_005,Department contains provisional threshold KPIs,RISKPRIOR-20260728062026,2026-07-28T06:20:28.344471
HOSP-001,DEPT-ADM,2026-05-09,True,False,False,0.0,None,2,kpi_003; kpi_005,Department contains provisional threshold KPIs,RISKPRIOR-20260728062026,2026-07-28T06:20:28.344471
HOSP-001,DEPT-OPC,2026-05-09,True,False,False,0.0,None,2,kpi_003; kpi_005,Department contains provisional threshold KPIs,RISKPRIOR-20260728062026,2026-07-28T06:20:28.344471
HOSP-001,DEPT-ED,2026-05-09,True,False,False,1.8587,Minor,2,kpi_003; kpi_005,Department contains provisional threshold KPIs,RISKPRIOR-20260728062026,2026-07-28T06:20:28.344471
HOSP-001,DEPT-DIAG,2026-05-09,True,True,True,37.1739,Dominant,2,kpi_003; kpi_005,Department contains provisional threshold KPIs; Provisional KPI is dominant risk driver,RISKPRIOR-20260728062026,2026-07-28T06:20:28.344471
HOSP-001,DEPT-PEX,2026-05-09,True,False,False,0.0,None,2,kpi_003; kpi_005,Department contains provisional threshold KPIs,RISKPRIOR-20260728062026,2026-07-28T06:20:28.344471
HOSP-001,DEPT-MED,2026-05-09,True,False,False,14.8696,Minor,2,kpi_003; kpi_005,Department contains provisional threshold KPIs,RISKPRIOR-20260728062026,2026-07-28T06:20:28.344471
HOSP-001,DEPT-PEX,2026-05-10,True,False,False,0.0,None,2,kpi_003; kpi_005,Department contains provisional threshold KPIs,RISKPRIOR-20260728062026,2026-07-28T06:20:28.344471
HOSP-001,DEPT-MED,2026-05-10,True,True,True,85.5,Dominant,2,kpi_003; kpi_005,Department contains provisional threshold KPIs; Provisional KPI is dominant risk driver,RISKPRIOR-20260728062026,2026-07-28T06:20:28.344471
HOSP-001,DEPT-ED,2026-05-10,True,True,True,61.337,Dominant,2,kpi_003; kpi_005,Department contains provisional threshold KPIs; Provisional KPI is dominant risk driver,RISKPRIOR-20260728062026,2026-07-28T06:20:28.344471
HOSP-001,DEPT-ADM,2026-05-10,True,False,False,0.0,None,2,kpi_003; kpi_005,Department contains provisional threshold KPIs,RISKPRIOR-20260728062026,2026-07-28T06:20:28.344471
HOSP-001,DEPT-ICU,2026-05-10,True,False,False,14.8696,Minor,2,kpi_003; kpi_005,Department contains provisional threshold KPIs,RISKPRIOR-20260728062026,2026-07-28T06:20:28.344471
HOSP-001,DEPT-OPC,2026-05-10,True,False,False,1.8587,Minor,2,kpi_003; kpi_005,Department contains provisional threshold KPIs,RISKPRIOR-20260728062026,2026-07-28T06:20:28.344471
HOSP-001,DEPT-SURG,2026-05-10,True,False,False,14.8696,Minor,2,kpi_003; kpi_005,Department contains provisional threshold KPIs,RISKPRIOR-20260728062026,2026-07-28T06:20:28.344471
HOSP-001,DEPT-DIAG,2026-05-10,True,False,False,0.0,None,2,kpi_003; kpi_005,Department contains provisional threshold KPIs,RISKPRIOR-20260728062026,2026-07-28T06:20:28.344471
HOSP-001,DEPT-MED,2026-05-11,True,True,True,85.5,Dominant,2,kpi_003; kpi_005,Department contains provisional threshold KPIs; Provisional KPI is dominant risk driver,RISKPRIOR-20260728062026,2026-07-28T06:20:28.344471
HOSP-001,DEPT-DIAG,2026-05-11,True,False,False,1.8587,Minor,2,kpi_003; kpi_005,Department contains provisional threshold KPIs,RISKPRIOR-20260728062026,2026-07-28T06:20:28.344471
HOSP-001,DEPT-SURG,2026-05-11,True,False,False,14.8696,Minor,2,kpi_003; kpi_005,Department contains provisional threshold KPIs,RISKPRIOR-20260728062026,2026-07-28T06:20:28.344471
HOSP-001,DEPT-ED,2026-05-11,True,True,True,40.8913,Dominant,2,kpi_003; kpi_005,Department contains provisional threshold KPIs; Provisional KPI is dominant risk driver,RISKPRIOR-20260728062026,2026-07-28T06:20:28.344471
HOSP-001,DEPT-ICU,2026-05-11,True,False,False,14.8696,Minor,2,kpi_003; kpi_005,Department contains provisional threshold KPIs,RISKPRIOR-20260728062026,2026-07-28T06:20:28.344471
HOSP-001,DEPT-OPC,2026-05-11,True,False,False,9.2935,Minor,2,kpi_003; kpi_005,Department contains provisional threshold KPIs,RISKPRIOR-20260728062026,2026-07-28T06:20:28.344471
HOSP-001,DEPT-ADM,2026-05-11,True,False,False,0.0,None,2,kpi_003; kpi_005,Department contains provisional threshold KPIs,RISKPRIOR-20260728062026,2026-07-28T06:20:28.344471
HOSP-001,DEPT-PEX,2026-05-11,True,False,False,0.0,None,2,kpi_003; kpi_005,Department contains provisional threshold KPIs,RISKPRIOR-20260728062026,2026-07-28T06:20:28.344471
HOSP-001,DEPT-DIAG,2026-05-12,True,False,False,13.0109,Minor,2,kpi_003; kpi_005,Department contains provisional threshold KPIs,RISKPRIOR-20260728062026,2026-07-28T06:20:28.344471
HOSP-001,DEPT-ICU,2026-05-12,True,False,False,11.1522,Minor,2,kpi_003; kpi_005,Department contains provisional threshold KPIs,RISKPRIOR-20260728062026,2026-07-28T06:20:28.344471
HOSP-001,DEPT-SURG,2026-05-12,True,False,False,11.1522,Minor,2,kpi_003; kpi_005,Department contains provisional threshold KPIs,RISKPRIOR-20260728062026,2026-07-28T06:20:28.344471
HOSP-001,DEPT-MED,2026-05-12,True,False,False,14.8696,Minor,2,kpi_003; kpi_005,Department contains provisional threshold KPIs,RISKPRIOR-20260728062026,2026-07-28T06:20:28.344471
HOSP-001,DEPT-PEX,2026-05-12,True,False,False,0.0,None,2,kpi_003; kpi_005,Department contains provisional threshold KPIs,RISKPRIOR-20260728062026,2026-07-28T06:20:28.344471
HOSP-001,DEPT-ED,2026-05-12,True,False,False,0.0,None,2,kpi_003; kpi_005,Department contains provisional threshold KPIs,RISKPRIOR-20260728062026,2026-07-28T06:20:28.344471
HOSP-001,DEPT-OPC,2026-05-12,True,False,False,9.2935,Minor,2,kpi_003; kpi_005,Department contains provisional threshold KPIs,RISKPRIOR-20260728062026,2026-07-28T06:20:28.344471
HOSP-001,DEPT-ADM,2026-05-12,True,False,False,0.0,None,2,kpi_003; kpi_005,Department contains provisional threshold KPIs,RISKPRIOR-20260728062026,2026-07-28T06:20:28.344471
HOSP-001,DEPT-ICU,2026-05-13,True,False,False,14.8696,Minor,2,kpi_003; kpi_005,Department contains provisional threshold KPIs,RISKPRIOR-20260728062026,2026-07-28T06:20:28.344471
HOSP-001,DEPT-ED,2026-05-13,True,True,False,20.4457,Material,2,kpi_003; kpi_005,Department contains provisional threshold KPIs; Provisional KPI materially affects department risk,RISKPRIOR-20260728062026,2026-07-28T06:20:28.344471
HOSP-001,DEPT-ADM,2026-05-13,True,False,False,0.0,None,2,kpi_003; kpi_005,Department contains provisional threshold KPIs,RISKPRIOR-20260728062026,2026-07-28T06:20:28.344471
HOSP-001,DEPT-DIAG,2026-05-13,True,True,True,37.1739,Dominant,2,kpi_003; kpi_005,Department contains provisional threshold KPIs; Provisional KPI is dominant risk driver,RISKPRIOR-20260728062026,2026-07-28T06:20:28.344471
HOSP-001,DEPT-SURG,2026-05-13,True,False,False,14.8696,Minor,2,kpi_003; kpi_005,Department contains provisional threshold KPIs,RISKPRIOR-20260728062026,2026-07-28T06:20:28.344471
HOSP-001,DEPT-PEX,2026-05-13,True,False,False,0.0,None,2,kpi_003; kpi_005,Department contains provisional threshold KPIs,RISKPRIOR-20260728062026,2026-07-28T06:20:28.344471
HOSP-001,DEPT-MED,2026-05-13,True,False,False,14.8696,Minor,2,kpi_003; kpi_005,Department contains provisional threshold KPIs,RISKPRIOR-20260728062026,2026-07-28T06:20:28.344471
HOSP-001,DEPT-OPC,2026-05-13,True,False,False,5.5761,Minor,2,kpi_003; kpi_005,Department contains provisional threshold KPIs,RISKPRIOR-20260728062026,2026-07-28T06:20:28.344471
HOSP-001,DEPT-MED,2026-05-14,True,True,True,85.5,Dominant,2,kpi_003; kpi_005,Department contains provisional threshold KPIs; Provisional KPI is dominant risk driver,RISKPRIOR-20260728062026,2026-07-28T06:20:28.344471
HOSP-001,DEPT-DIAG,2026-05-14,True,False,False,13.0109,Minor,2,kpi_003; kpi_005,Department contains provisional threshold KPIs,RISKPRIOR-20260728062026,2026-07-28T06:20:28.344471
HOSP-001,DEPT-ICU,2026-05-14,True,False,False,14.8696,Minor,2,kpi_003; kpi_005,Department contains provisional threshold KPIs,RISKPRIOR-20260728062026,2026-07-28T06:20:28.344471
HOSP-001,DEPT-PEX,2026-05-14,True,False,False,0.0,None,2,kpi_003; kpi_005,Department contains provisional threshold KPIs,RISKPRIOR-20260728062026,2026-07-28T06:20:28.344471
HOSP-001,DEPT-SURG,2026-05-14,True,False,False,14.8696,Minor,2,kpi_003; kpi_005,Department contains provisional threshold KPIs,RISKPRIOR-20260728062026,2026-07-28T06:20:28.344471
HOSP-001,DEPT-ED,2026-05-14,True,False,False,13.0109,Minor,2,kpi_003; kpi_005,Department contains provisional threshold KPIs,RISKPRIOR-20260728062026,2026-07-28T06:20:28.344471
HOSP-001,DEPT-OPC,2026-05-14,True,False,False,13.0109,Minor,2,kpi_003; kpi_005,Department contains provisional threshold KPIs,RISKPRIOR-20260728062026,2026-07-28T06:20:28.344471
HOSP-001,DEPT-ADM,2026-05-14,True,False,False,0.0,None,2,kpi_003; kpi_005,Department contains provisional threshold KPIs,RISKPRIOR-20260728062026,2026-07-28T06:20:28.344471
HOSP-001,DEPT-DIAG,2026-05-15,True,False,False,0.0,None,2,kpi_003; kpi_005,Department contains provisional threshold KPIs,RISKPRIOR-20260728062026,2026-07-28T06:20:28.344471
HOSP-001,DEPT-ADM,2026-05-15,True,False,False,0.0,None,2,kpi_003; kpi_005,Department contains provisional threshold KPIs,RISKPRIOR-20260728062026,2026-07-28T06:20:28.344471
HOSP-001,DEPT-ICU,2026-05-15,True,False,False,14.8696,Minor,2,kpi_003; kpi_005,Department contains provisional threshold KPIs,RISKPRIOR-20260728062026,2026-07-28T06:20:28.344471
HOSP-001,DEPT-PEX,2026-05-15,True,False,False,0.0,None,2,kpi_003; kpi_005,Department contains provisional threshold KPIs,RISKPRIOR-20260728062026,2026-07-28T06:20:28.344471
HOSP-001,DEPT-MED,2026-05-15,True,True,True,46.4674,Dominant,2,kpi_003; kpi_005,Department contains provisional threshold KPIs; Provisional KPI is dominant risk driver,RISKPRIOR-20260728062026,2026-07-28T06:20:28.344471
HOSP-001,DEPT-SURG,2026-05-15,True,False,False,14.8696,Minor,2,kpi_003; kpi_005,Department contains provisional threshold KPIs,RISKPRIOR-20260728062026,2026-07-28T06:20:28.344471
HOSP-001,DEPT-ED,2026-05-15,True,False,False,13.0109,Minor,2,kpi_003; kpi_005,Department contains provisional threshold KPIs,RISKPRIOR-20260728062026,2026-07-28T06:20:28.344471
HOSP-001,DEPT-OPC,2026-05-15,True,False,False,0.0,None,2,kpi_003; kpi_005,Department contains provisional threshold KPIs,RISKPRIOR-20260728062026,2026-07-28T06:20:28.344471
HOSP-001,DEPT-SURG,2026-05-16,True,True,True,85.5,Dominant,2,kpi_003; kpi_005,Department contains provisional threshold KPIs; Provisional KPI is dominant risk driver,RISKPRIOR-20260728062026,2026-07-28T06:20:28.344471
HOSP-001,DEPT-DIAG,2026-05-16,True,False,False,13.0109,Minor,2,kpi_003; kpi_005,Department contains provisional threshold KPIs,RISKPRIOR-20260728062026,2026-07-28T06:20:28.344471
HOSP-001,DEPT-ICU,2026-05-16,True,False,False,11.1522,Minor,2,kpi_003; kpi_005,Department contains provisional threshold KPIs,RISKPRIOR-20260728062026,2026-07-28T06:20:28.344471
HOSP-001,DEPT-OPC,2026-05-16,True,True,False,20.4457,Material,2,kpi_003; kpi_005,Department contains provisional threshold KPIs; Provisional KPI materially affects department risk,RISKPRIOR-20260728062026,2026-07-28T06:20:28.344471
HOSP-001,DEPT-ADM,2026-05-16,True,False,False,0.0,None,2,kpi_003; kpi_005,Department contains provisional threshold KPIs,RISKPRIOR-20260728062026,2026-07-28T06:20:28.344471
HOSP-001,DEPT-MED,2026-05-16,True,False,False,11.1522,Minor,2,kpi_003; kpi_005,Department contains provisional threshold KPIs,RISKPRIOR-20260728062026,2026-07-28T06:20:28.344471
HOSP-001,DEPT-ED,2026-05-16,True,False,False,13.0109,Minor,2,kpi_003; kpi_005,Department contains provisional threshold KPIs,RISKPRIOR-20260728062026,2026-07-28T06:20:28.344471
HOSP-001,DEPT-PEX,2026-05-16,True,False,False,0.0,None,2,kpi_003; kpi_005,Department contains provisional threshold KPIs,RISKPRIOR-20260728062026,2026-07-28T06:20:28.344471
HOSP-001,DEPT-OPC,2026-05-17,True,True,False,20.4457,Material,2,kpi_003; kpi_005,Department contains provisional threshold KPIs; Provisional KPI materially affects department risk,RISKPRIOR-20260728062026,2026-07-28T06:20:28.344471
HOSP-001,DEPT-SURG,2026-05-17,True,True,False,46.4674,Material,2,kpi_003; kpi_005,Department contains provisional threshold KPIs; Provisional KPI materially affects department risk,RISKPRIOR-20260728062026,2026-07-28T06:20:28.344471
HOSP-001,DEPT-ICU,2026-05-17,True,False,False,11.1522,Minor,2,kpi_003; kpi_005,Department contains provisional threshold KPIs,RISKPRIOR-20260728062026,2026-07-28T06:20:28.344471
HOSP-001,DEPT-MED,2026-05-17,True,False,False,14.8696,Minor,2,kpi_003; kpi_005,Department contains provisional threshold KPIs,RISKPRIOR-20260728062026,2026-07-28T06:20:28.344471
HOSP-001,DEPT-PEX,2026-05-17,True,False,False,0.0,None,2,kpi_003; kpi_005,Department contains provisional threshold KPIs,RISKPRIOR-20260728062026,2026-07-28T06:20:28.344471
HOSP-001,DEPT-ADM,2026-05-17,True,False,False,0.0,None,2,kpi_003; kpi_005,Department contains provisional threshold KPIs,RISKPRIOR-20260728062026,2026-07-28T06:20:28.344471
HOSP-001,DEPT-ED,2026-05-17,True,False,False,13.0109,Minor,2,kpi_003; kpi_005,Department contains provisional threshold KPIs,RISKPRIOR-20260728062026,2026-07-28T06:20:28.344471
HOSP-001,DEPT-DIAG,2026-05-17,True,False,False,1.8587,Minor,2,kpi_003; kpi_005,Department contains provisional threshold KPIs,RISKPRIOR-20260728062026,2026-07-28T06:20:28.344471
HOSP-001,DEPT-ICU,2026-05-18,True,True,False,81.7826,Material,2,kpi_003; kpi_005,Department contains provisional threshold KPIs; Provisional KPI materially affects department risk,RISKPRIOR-20260728062026,2026-07-28T06:20:28.344471
HOSP-001,DEPT-OPC,2026-05-18,True,True,True,79.9239,Dominant,2,kpi_003; kpi_005,Department contains provisional threshold KPIs; Provisional KPI is dominant risk driver,RISKPRIOR-20260728062026,2026-07-28T06:20:28.344471
HOSP-001,DEPT-ED,2026-05-18,True,False,False,13.0109,Minor,2,kpi_003; kpi_005,Department contains provisional threshold KPIs,RISKPRIOR-20260728062026,2026-07-28T06:20:28.344471
HOSP-001,DEPT-MED,2026-05-18,True,True,True,46.4674,Dominant,2,kpi_003; kpi_005,Department contains provisional threshold KPIs; Provisional KPI is dominant risk driver,RISKPRIOR-20260728062026,2026-07-28T06:20:28.344471
HOSP-001,DEPT-DIAG,2026-05-18,True,True,True,37.1739,Dominant,2,kpi_003; kpi_005,Department contains provisional threshold KPIs; Provisional KPI is dominant risk driver,RISKPRIOR-20260728062026,2026-07-28T06:20:28.344471
HOSP-001,DEPT-SURG,2026-05-18,True,False,False,11.1522,Minor,2,kpi_003; kpi_005,Department contains provisional threshold KPIs,RISKPRIOR-20260728062026,2026-07-28T06:20:28.344471
HOSP-001,DEPT-ADM,2026-05-18,True,False,False,0.0,None,2,kpi_003; kpi_005,Department contains provisional threshold KPIs,RISKPRIOR-20260728062026,2026-07-28T06:20:28.344471
HOSP-001,DEPT-PEX,2026-05-18,True,False,False,0.0,None,2,kpi_003; kpi_005,Department contains provisional threshold KPIs,RISKPRIOR-20260728062026,2026-07-28T06:20:28.344471
HOSP-001,DEPT-MED,2026-05-19,True,True,True,85.5,Dominant,2,kpi_003; kpi_005,Department contains provisional threshold KPIs; Provisional KPI is dominant risk driver,RISKPRIOR-20260728062026,2026-07-28T06:20:28.344471
HOSP-001,DEPT-ICU,2026-05-19,True,False,False,11.1522,Minor,2,kpi_003; kpi_005,Department contains provisional threshold KPIs,RISKPRIOR-20260728062026,2026-07-28T06:20:28.344471
HOSP-001,DEPT-PEX,2026-05-19,True,False,False,0.0,None,2,kpi_003; kpi_005,Department contains provisional threshold KPIs,RISKPRIOR-20260728062026,2026-07-28T06:20:28.344471
HOSP-001,DEPT-ADM,2026-05-19,True,False,False,0.0,None,2,kpi_003; kpi_005,Department contains provisional threshold KPIs,RISKPRIOR-20260728062026,2026-07-28T06:20:28.344471
HOSP-001,DEPT-DIAG,2026-05-19,True,False,False,0.0,None,2,kpi_003; kpi_005,Department contains provisional threshold KPIs,RISKPRIOR-20260728062026,2026-07-28T06:20:28.344471
HOSP-001,DEPT-OPC,2026-05-19,True,False,False,13.0109,Minor,2,kpi_003; kpi_005,Department contains provisional threshold KPIs,RISKPRIOR-20260728062026,2026-07-28T06:20:28.344471
HOSP-001,DEPT-SURG,2026-05-19,True,False,False,14.8696,Minor,2,kpi_003; kpi_005,Department contains provisional threshold KPIs,RISKPRIOR-20260728062026,2026-07-28T06:20:28.344471
HOSP-001,DEPT-ED,2026-05-19,True,True,True,13.0109,Dominant,2,kpi_003; kpi_005,Department contains provisional threshold KPIs; Provisional KPI is dominant risk driver,RISKPRIOR-20260728062026,2026-07-28T06:20:28.344471
HOSP-001,DEPT-MED,2026-05-20,True,True,True,85.5,Dominant,2,kpi_003; kpi_005,Department contains provisional threshold KPIs; Provisional KPI is dominant risk driver,RISKPRIOR-20260728062026,2026-07-28T06:20:28.344471
HOSP-001,DEPT-DIAG,2026-05-20,True,False,False,1.8587,Minor,2,kpi_003; kpi_005,Department contains provisional threshold KPIs,RISKPRIOR-20260728062026,2026-07-28T06:20:28.344471
HOSP-001,DEPT-ADM,2026-05-20,True,False,False,0.0,None,2,kpi_003; kpi_005,Department contains provisional threshold KPIs,RISKPRIOR-20260728062026,2026-07-28T06:20:28.344471
HOSP-001,DEPT-OPC,2026-05-20,True,True,False,20.4457,Material,2,kpi_003; kpi_005,Department contains provisional threshold KPIs; Provisional KPI materially affects department risk,RISKPRIOR-20260728062026,2026-07-28T06:20:28.344471
HOSP-001,DEPT-ICU,2026-05-20,True,False,False,14.8696,Minor,2,kpi_003; kpi_005,Department contains provisional threshold KPIs,RISKPRIOR-20260728062026,2026-07-28T06:20:28.344471
HOSP-001,DEPT-PEX,2026-05-20,True,False,False,0.0,None,2,kpi_003; kpi_005,Department contains provisional threshold KPIs,RISKPRIOR-20260728062026,2026-07-28T06:20:28.344471
HOSP-001,DEPT-ED,2026-05-20,True,True,True,13.0109,Dominant,2,kpi_003; kpi_005,Department contains provisional threshold KPIs; Provisional KPI is dominant risk driver,RISKPRIOR-20260728062026,2026-07-28T06:20:28.344471
HOSP-001,DEPT-SURG,2026-05-20,True,True,True,14.8696,Dominant,2,kpi_003; kpi_005,Department contains provisional threshold KPIs; Provisional KPI is dominant risk driver,RISKPRIOR-20260728062026,2026-07-28T06:20:28.344471
HOSP-001,DEPT-ADM,2026-05-21,True,False,False,0.0,None,2,kpi_003; kpi_005,Department contains provisional threshold KPIs,RISKPRIOR-20260728062026,2026-07-28T06:20:28.344471
HOSP-001,DEPT-PEX,2026-05-21,True,False,False,0.0,None,2,kpi_003; kpi_005,Department contains provisional threshold KPIs,RISKPRIOR-20260728062026,2026-07-28T06:20:28.344471
HOSP-001,DEPT-SURG,2026-05-21,True,True,False,46.4674,Material,2,kpi_003; kpi_005,Department contains provisional threshold KPIs; Provisional KPI materially affects department risk,RISKPRIOR-20260728062026,2026-07-28T06:20:28.344471
HOSP-001,DEPT-DIAG,2026-05-21,True,True,False,40.8913,Material,2,kpi_003; kpi_005,Department contains provisional threshold KPIs; Provisional KPI materially affects department risk,RISKPRIOR-20260728062026,2026-07-28T06:20:28.344471
HOSP-001,DEPT-ED,2026-05-21,True,False,False,1.8587,Minor,2,kpi_003; kpi_005,Department contains provisional threshold KPIs,RISKPRIOR-20260728062026,2026-07-28T06:20:28.344471
HOSP-001,DEPT-MED,2026-05-21,True,True,True,46.4674,Dominant,2,kpi_003; kpi_005,Department contains provisional threshold KPIs; Provisional KPI is dominant risk driver,RISKPRIOR-20260728062026,2026-07-28T06:20:28.344471
HOSP-001,DEPT-OPC,2026-05-21,True,True,False,20.4457,Material,2,kpi_003; kpi_005,Department contains provisional threshold KPIs; Provisional KPI materially affects department risk,RISKPRIOR-20260728062026,2026-07-28T06:20:28.344471
HOSP-001,DEPT-ICU,2026-05-21,True,False,False,14.8696,Minor,2,kpi_003; kpi_005,Department contains provisional threshold KPIs,RISKPRIOR-20260728062026,2026-07-28T06:20:28.344471
HOSP-001,DEPT-PEX,2026-05-22,True,False,False,0.0,None,2,kpi_003; kpi_005,Department contains provisional threshold KPIs,RISKPRIOR-20260728062026,2026-07-28T06:20:28.344471
HOSP-001,DEPT-ED,2026-05-22,True,False,False,5.5761,Minor,2,kpi_003; kpi_005,Department contains provisional threshold KPIs,RISKPRIOR-20260728062026,2026-07-28T06:20:28.344471
HOSP-001,DEPT-ICU,2026-05-22,True,True,False,44.6087,Material,2,kpi_003; kpi_005,Department contains provisional threshold KPIs; Provisional KPI materially affects department risk,RISKPRIOR-20260728062026,2026-07-28T06:20:28.344471
HOSP-001,DEPT-MED,2026-05-22,True,False,False,14.8696,Minor,2,kpi_003; kpi_005,Department contains provisional threshold KPIs,RISKPRIOR-20260728062026,2026-07-28T06:20:28.344471
HOSP-001,DEPT-OPC,2026-05-22,True,True,False,20.4457,Material,2,kpi_003; kpi_005,Department contains provisional threshold KPIs; Provisional KPI materially affects department risk,RISKPRIOR-20260728062026,2026-07-28T06:20:28.344471
HOSP-001,DEPT-SURG,2026-05-22,True,True,True,46.4674,Dominant,2,kpi_003; kpi_005,Department contains provisional threshold KPIs; Provisional KPI is dominant risk driver,RISKPRIOR-20260728062026,2026-07-28T06:20:28.344471
HOSP-001,DEPT-DIAG,2026-05-22,True,True,True,40.8913,Dominant,2,kpi_003; kpi_005,Department contains provisional threshold KPIs; Provisional KPI is dominant risk driver,RISKPRIOR-20260728062026,2026-07-28T06:20:28.344471
HOSP-001,DEPT-ADM,2026-05-22,True,False,False,0.0,None,2,kpi_003; kpi_005,Department contains provisional threshold KPIs,RISKPRIOR-20260728062026,2026-07-28T06:20:28.344471
HOSP-001,DEPT-ICU,2026-05-23,True,False,False,14.8696,Minor,2,kpi_003; kpi_005,Department contains provisional threshold KPIs,RISKPRIOR-20260728062026,2026-07-28T06:20:28.344471
HOSP-001,DEPT-DIAG,2026-05-23,True,False,False,5.5761,Minor,2,kpi_003; kpi_005,Department contains provisional threshold KPIs,RISKPRIOR-20260728062026,2026-07-28T06:20:28.344471
HOSP-001,DEPT-OPC,2026-05-23,True,True,False,20.4457,Material,2,kpi_003; kpi_005,Department contains provisional threshold KPIs; Provisional KPI materially affects department risk,RISKPRIOR-20260728062026,2026-07-28T06:20:28.344471
HOSP-001,DEPT-PEX,2026-05-23,True,False,False,0.0,None,2,kpi_003; kpi_005,Department contains provisional threshold KPIs,RISKPRIOR-20260728062026,2026-07-28T06:20:28.344471
HOSP-001,DEPT-SURG,2026-05-23,True,True,True,46.4674,Dominant,2,kpi_003; kpi_005,Department contains provisional threshold KPIs; Provisional KPI is dominant risk driver,RISKPRIOR-20260728062026,2026-07-28T06:20:28.344471
HOSP-001,DEPT-ADM,2026-05-23,True,False,False,0.0,None,2,kpi_003; kpi_005,Department contains provisional threshold KPIs,RISKPRIOR-20260728062026,2026-07-28T06:20:28.344471
HOSP-001,DEPT-ED,2026-05-23,True,False,False,5.5761,Minor,2,kpi_003; kpi_005,Department contains provisional threshold KPIs,RISKPRIOR-20260728062026,2026-07-28T06:20:28.344471
HOSP-001,DEPT-MED,2026-05-23,True,False,False,14.8696,Minor,2,kpi_003; kpi_005,Department contains provisional threshold KPIs,RISKPRIOR-20260728062026,2026-07-28T06:20:28.344471
HOSP-001,DEPT-ICU,2026-05-24,True,False,False,14.8696,Minor,2,kpi_003; kpi_005,Department contains provisional threshold KPIs,RISKPRIOR-20260728062026,2026-07-28T06:20:28.344471
HOSP-001,DEPT-ADM,2026-05-24,True,False,False,0.0,None,2,kpi_003; kpi_005,Department contains provisional threshold KPIs,RISKPRIOR-20260728062026,2026-07-28T06:20:28.344471
HOSP-001,DEPT-SURG,2026-05-24,True,False,False,11.1522,Minor,2,kpi_003; kpi_005,Department contains provisional threshold KPIs,RISKPRIOR-20260728062026,2026-07-28T06:20:28.344471
HOSP-001,DEPT-ED,2026-05-24,True,False,False,5.5761,Minor,2,kpi_003; kpi_005,Department contains provisional threshold KPIs,RISKPRIOR-20260728062026,2026-07-28T06:20:28.344471
HOSP-001,DEPT-PEX,2026-05-24,True,False,False,0.0,None,2,kpi_003; kpi_005,Department contains provisional threshold KPIs,RISKPRIOR-20260728062026,2026-07-28T06:20:28.344471
HOSP-001,DEPT-OPC,2026-05-24,True,True,False,20.4457,Material,2,kpi_003; kpi_005,Department contains provisional threshold KPIs; Provisional KPI materially affects department risk,RISKPRIOR-20260728062026,2026-07-28T06:20:28.344471
HOSP-001,DEPT-DIAG,2026-05-24,True,False,False,1.8587,Minor,2,kpi_003; kpi_005,Department contains provisional threshold KPIs,RISKPRIOR-20260728062026,2026-07-28T06:20:28.344471
HOSP-001,DEPT-MED,2026-05-24,True,True,True,11.1522,Dominant,2,kpi_003; kpi_005,Department contains provisional threshold KPIs; Provisional KPI is dominant risk driver,RISKPRIOR-20260728062026,2026-07-28T06:20:28.344471
HOSP-001,DEPT-PEX,2026-05-25,True,False,False,0.0,None,2,kpi_003; kpi_005,Department contains provisional threshold KPIs,RISKPRIOR-20260728062026,2026-07-28T06:20:28.344471
HOSP-001,DEPT-ADM,2026-05-25,True,False,False,0.0,None,2,kpi_003; kpi_005,Department contains provisional threshold KPIs,RISKPRIOR-20260728062026,2026-07-28T06:20:28.344471
HOSP-001,DEPT-MED,2026-05-25,True,False,False,11.1522,Minor,2,kpi_003; kpi_005,Department contains provisional threshold KPIs,RISKPRIOR-20260728062026,2026-07-28T06:20:28.344471
HOSP-001,DEPT-ICU,2026-05-25,True,False,False,14.8696,Minor,2,kpi_003; kpi_005,Department contains provisional threshold KPIs,RISKPRIOR-20260728062026,2026-07-28T06:20:28.344471
HOSP-001,DEPT-DIAG,2026-05-25,True,True,True,37.1739,Dominant,2,kpi_003; kpi_005,Department contains provisional threshold KPIs; Provisional KPI is dominant risk driver,RISKPRIOR-20260728062026,2026-07-28T06:20:28.344471
HOSP-001,DEPT-OPC,2026-05-25,True,False,False,0.0,None,2,kpi_003; kpi_005,Department contains provisional threshold KPIs,RISKPRIOR-20260728062026,2026-07-28T06:20:28.344471
HOSP-001,DEPT-ED,2026-05-25,True,False,False,5.5761,Minor,2,kpi_003; kpi_005,Department contains provisional threshold KPIs,RISKPRIOR-20260728062026,2026-07-28T06:20:28.344471
HOSP-001,DEPT-SURG,2026-05-25,True,False,False,11.1522,Minor,2,kpi_003; kpi_005,Department contains provisional threshold KPIs,RISKPRIOR-20260728062026,2026-07-28T06:20:28.344471
HOSP-001,DEPT-SURG,2026-05-26,True,True,True,81.7826,Dominant,2,kpi_003; kpi_005,Department contains provisional threshold KPIs; Provisional KPI is dominant risk driver,RISKPRIOR-20260728062026,2026-07-28T06:20:28.344471
HOSP-001,DEPT-OPC,2026-05-26,True,True,True,79.9239,Dominant,2,kpi_003; kpi_005,Department contains provisional threshold KPIs; Provisional KPI is dominant risk driver,RISKPRIOR-20260728062026,2026-07-28T06:20:28.344471
HOSP-001,DEPT-ICU,2026-05-26,True,False,False,11.1522,Minor,2,kpi_003; kpi_005,Department contains provisional threshold KPIs,RISKPRIOR-20260728062026,2026-07-28T06:20:28.344471
HOSP-001,DEPT-MED,2026-05-26,True,False,False,11.1522,Minor,2,kpi_003; kpi_005,Department contains provisional threshold KPIs,RISKPRIOR-20260728062026,2026-07-28T06:20:28.344471
HOSP-001,DEPT-PEX,2026-05-26,True,False,False,0.0,None,2,kpi_003; kpi_005,Department contains provisional threshold KPIs,RISKPRIOR-20260728062026,2026-07-28T06:20:28.344471
HOSP-001,DEPT-DIAG,2026-05-26,True,False,False,5.5761,Minor,2,kpi_003; kpi_005,Department contains provisional threshold KPIs,RISKPRIOR-20260728062026,2026-07-28T06:20:28.344471
HOSP-001,DEPT-ED,2026-05-26,True,False,False,0.0,None,2,kpi_003; kpi_005,Department contains provisional threshold KPIs,RISKPRIOR-20260728062026,2026-07-28T06:20:28.344471
HOSP-001,DEPT-ADM,2026-05-26,True,False,False,0.0,None,2,kpi_003; kpi_005,Department contains provisional threshold KPIs,RISKPRIOR-20260728062026,2026-07-28T06:20:28.344471
HOSP-001,DEPT-MED,2026-05-27,True,True,True,85.5,Dominant,2,kpi_003; kpi_005,Department contains provisional threshold KPIs; Provisional KPI is dominant risk driver,RISKPRIOR-20260728062026,2026-07-28T06:20:28.344471
HOSP-001,DEPT-ICU,2026-05-27,True,True,True,85.5,Dominant,2,kpi_003; kpi_005,Department contains provisional threshold KPIs; Provisional KPI is dominant risk driver,RISKPRIOR-20260728062026,2026-07-28T06:20:28.344471
HOSP-001,DEPT-SURG,2026-05-27,True,True,True,42.75,Dominant,2,kpi_003; kpi_005,Department contains provisional threshold KPIs; Provisional KPI is dominant risk driver,RISKPRIOR-20260728062026,2026-07-28T06:20:28.344471
HOSP-001,DEPT-PEX,2026-05-27,True,False,False,0.0,None,2,kpi_003; kpi_005,Department contains provisional threshold KPIs,RISKPRIOR-20260728062026,2026-07-28T06:20:28.344471
HOSP-001,DEPT-DIAG,2026-05-27,True,False,False,9.2935,Minor,2,kpi_003; kpi_005,Department contains provisional threshold KPIs,RISKPRIOR-20260728062026,2026-07-28T06:20:28.344471
HOSP-001,DEPT-ED,2026-05-27,True,False,False,5.5761,Minor,2,kpi_003; kpi_005,Department contains provisional threshold KPIs,RISKPRIOR-20260728062026,2026-07-28T06:20:28.344471
HOSP-001,DEPT-OPC,2026-05-27,True,False,False,13.0109,Minor,2,kpi_003; kpi_005,Department contains provisional threshold KPIs,RISKPRIOR-20260728062026,2026-07-28T06:20:28.344471
HOSP-001,DEPT-ADM,2026-05-27,True,False,False,0.0,None,2,kpi_003; kpi_005,Department contains provisional threshold KPIs,RISKPRIOR-20260728062026,2026-07-28T06:20:28.344471
HOSP-001,DEPT-MED,2026-05-28,True,True,True,85.5,Dominant,2,kpi_003; kpi_005,Department contains provisional threshold KPIs; Provisional KPI is dominant risk driver,RISKPRIOR-20260728062026,2026-07-28T06:20:28.344471
HOSP-001,DEPT-DIAG,2026-05-28,True,True,True,61.337,Dominant,2,kpi_003; kpi_005,Department contains provisional threshold KPIs; Provisional KPI is dominant risk driver,RISKPRIOR-20260728062026,2026-07-28T06:20:28.344471
HOSP-001,DEPT-ICU,2026-05-28,True,False,False,14.8696,Minor,2,kpi_003; kpi_005,Department contains provisional threshold KPIs,RISKPRIOR-20260728062026,2026-07-28T06:20:28.344471
HOSP-001,DEPT-ED,2026-05-28,True,True,False,20.4457,Material,2,kpi_003; kpi_005,Department contains provisional threshold KPIs; Provisional KPI materially affects department risk,RISKPRIOR-20260728062026,2026-07-28T06:20:28.344471
HOSP-001,DEPT-SURG,2026-05-28,True,True,True,42.75,Dominant,2,kpi_003; kpi_005,Department contains provisional threshold KPIs; Provisional KPI is dominant risk driver,RISKPRIOR-20260728062026,2026-07-28T06:20:28.344471
HOSP-001,DEPT-OPC,2026-05-28,True,False,False,13.0109,Minor,2,kpi_003; kpi_005,Department contains provisional threshold KPIs,RISKPRIOR-20260728062026,2026-07-28T06:20:28.344471
HOSP-001,DEPT-ADM,2026-05-28,True,False,False,0.0,None,2,kpi_003; kpi_005,Department contains provisional threshold KPIs,RISKPRIOR-20260728062026,2026-07-28T06:20:28.344471
HOSP-001,DEPT-PEX,2026-05-28,True,False,False,0.0,None,2,kpi_003; kpi_005,Department contains provisional threshold KPIs,RISKPRIOR-20260728062026,2026-07-28T06:20:28.344471
HOSP-001,DEPT-PEX,2026-05-29,True,False,False,0.0,None,2,kpi_003; kpi_005,Department contains provisional threshold KPIs,RISKPRIOR-20260728062026,2026-07-28T06:20:28.344471
HOSP-001,DEPT-SURG,2026-05-29,True,False,False,11.1522,Minor,2,kpi_003; kpi_005,Department contains provisional threshold KPIs,RISKPRIOR-20260728062026,2026-07-28T06:20:28.344471
HOSP-001,DEPT-DIAG,2026-05-29,True,True,True,61.337,Dominant,2,kpi_003; kpi_005,Department contains provisional threshold KPIs; Provisional KPI is dominant risk driver,RISKPRIOR-20260728062026,2026-07-28T06:20:28.344471
HOSP-001,DEPT-ADM,2026-05-29,True,False,False,0.0,None,2,kpi_003; kpi_005,Department contains provisional threshold KPIs,RISKPRIOR-20260728062026,2026-07-28T06:20:28.344471
HOSP-001,DEPT-ICU,2026-05-29,True,True,True,44.6087,Dominant,2,kpi_003; kpi_005,Department contains provisional threshold KPIs; Provisional KPI is dominant risk driver,RISKPRIOR-20260728062026,2026-07-28T06:20:28.344471
HOSP-001,DEPT-MED,2026-05-29,True,True,True,46.4674,Dominant,2,kpi_003; kpi_005,Department contains provisional threshold KPIs; Provisional KPI is dominant risk driver,RISKPRIOR-20260728062026,2026-07-28T06:20:28.344471
HOSP-001,DEPT-ED,2026-05-29,True,True,True,20.4457,Dominant,2,kpi_003; kpi_005,Department contains provisional threshold KPIs; Provisional KPI is dominant risk driver,RISKPRIOR-20260728062026,2026-07-28T06:20:28.344471
HOSP-001,DEPT-OPC,2026-05-29,True,True,True,13.0109,Dominant,2,kpi_003; kpi_005,Department contains provisional threshold KPIs; Provisional KPI is dominant risk driver,RISKPRIOR-20260728062026,2026-07-28T06:20:28.344471
HOSP-001,DEPT-OPC,2026-05-30,True,True,False,20.4457,Material,2,kpi_003; kpi_005,Department contains provisional threshold KPIs; Provisional KPI materially affects department risk,RISKPRIOR-20260728062026,2026-07-28T06:20:28.344471
HOSP-001,DEPT-SURG,2026-05-30,True,True,True,81.7826,Dominant,2,kpi_003; kpi_005,Department contains provisional threshold KPIs; Provisional KPI is dominant risk driver,RISKPRIOR-20260728062026,2026-07-28T06:20:28.344471
HOSP-001,DEPT-ICU,2026-05-30,True,False,False,14.8696,Minor,2,kpi_003; kpi_005,Department contains provisional threshold KPIs,RISKPRIOR-20260728062026,2026-07-28T06:20:28.344471
HOSP-001,DEPT-DIAG,2026-05-30,True,False,False,0.0,None,2,kpi_003; kpi_005,Department contains provisional threshold KPIs,RISKPRIOR-20260728062026,2026-07-28T06:20:28.344471
HOSP-001,DEPT-ED,2026-05-30,True,False,False,13.0109,Minor,2,kpi_003; kpi_005,Department contains provisional threshold KPIs,RISKPRIOR-20260728062026,2026-07-28T06:20:28.344471
HOSP-001,DEPT-ADM,2026-05-30,True,False,False,0.0,None,2,kpi_003; kpi_005,Department contains provisional threshold KPIs,RISKPRIOR-20260728062026,2026-07-28T06:20:28.344471
HOSP-001,DEPT-MED,2026-05-30,True,False,False,14.8696,Minor,2,kpi_003; kpi_005,Department contains provisional threshold KPIs,RISKPRIOR-20260728062026,2026-07-28T06:20:28.344471
HOSP-001,DEPT-PEX,2026-05-30,True,False,False,0.0,None,2,kpi_003; kpi_005,Department contains provisional threshold KPIs,RISKPRIOR-20260728062026,2026-07-28T06:20:28.344471
HOSP-001,DEPT-MED,2026-05-31,True,True,True,81.7826,Dominant,2,kpi_003; kpi_005,Department contains provisional threshold KPIs; Provisional KPI is dominant risk driver,RISKPRIOR-20260728062026,2026-07-28T06:20:28.344471
HOSP-001,DEPT-ED,2026-05-31,True,False,False,13.0109,Minor,2,kpi_003; kpi_005,Department contains provisional threshold KPIs,RISKPRIOR-20260728062026,2026-07-28T06:20:28.344471
HOSP-001,DEPT-SURG,2026-05-31,True,False,False,14.8696,Minor,2,kpi_003; kpi_005,Department contains provisional threshold KPIs,RISKPRIOR-20260728062026,2026-07-28T06:20:28.344471
HOSP-001,DEPT-DIAG,2026-05-31,True,False,False,13.0109,Minor,2,kpi_003; kpi_005,Department contains provisional threshold KPIs,RISKPRIOR-20260728062026,2026-07-28T06:20:28.344471
HOSP-001,DEPT-ICU,2026-05-31,True,False,False,14.8696,Minor,2,kpi_003; kpi_005,Department contains provisional threshold KPIs,RISKPRIOR-20260728062026,2026-07-28T06:20:28.344471
HOSP-001,DEPT-ADM,2026-05-31,True,False,False,0.0,None,2,kpi_003; kpi_005,Department contains provisional threshold KPIs,RISKPRIOR-20260728062026,2026-07-28T06:20:28.344471
HOSP-001,DEPT-OPC,2026-05-31,True,True,True,20.4457,Dominant,2,kpi_003; kpi_005,Department contains provisional threshold KPIs; Provisional KPI is dominant risk driver,RISKPRIOR-20260728062026,2026-07-28T06:20:28.344471
HOSP-001,DEPT-PEX,2026-05-31,True,False,False,0.0,None,2,kpi_003; kpi_005,Department contains provisional threshold KPIs,RISKPRIOR-20260728062026,2026-07-28T06:20:28.344471
HOSP-001,DEPT-OPC,2026-06-01,True,True,False,20.4457,Material,2,kpi_003; kpi_005,Department contains provisional threshold KPIs; Provisional KPI materially affects department risk,RISKPRIOR-20260728062026,2026-07-28T06:20:28.344471
HOSP-001,DEPT-MED,2026-06-01,True,False,False,7.4348,Minor,2,kpi_003; kpi_005,Department contains provisional threshold KPIs,RISKPRIOR-20260728062026,2026-07-28T06:20:28.344471
HOSP-001,DEPT-ED,2026-06-01,True,False,False,1.8587,Minor,2,kpi_003; kpi_005,Department contains provisional threshold KPIs,RISKPRIOR-20260728062026,2026-07-28T06:20:28.344471
HOSP-001,DEPT-DIAG,2026-06-01,True,False,False,13.0109,Minor,2,kpi_003; kpi_005,Department contains provisional threshold KPIs,RISKPRIOR-20260728062026,2026-07-28T06:20:28.344471
HOSP-001,DEPT-ADM,2026-06-01,True,False,False,0.0,None,2,kpi_003; kpi_005,Department contains provisional threshold KPIs,RISKPRIOR-20260728062026,2026-07-28T06:20:28.344471
HOSP-001,DEPT-ICU,2026-06-01,True,False,False,14.8696,Minor,2,kpi_003; kpi_005,Department contains provisional threshold KPIs,RISKPRIOR-20260728062026,2026-07-28T06:20:28.344471
HOSP-001,DEPT-SURG,2026-06-01,True,False,False,14.8696,Minor,2,kpi_003; kpi_005,Department contains provisional threshold KPIs,RISKPRIOR-20260728062026,2026-07-28T06:20:28.344471
HOSP-001,DEPT-PEX,2026-06-01,True,False,False,0.0,None,2,kpi_003; kpi_005,Department contains provisional threshold KPIs,RISKPRIOR-20260728062026,2026-07-28T06:20:28.344471
HOSP-001,DEPT-SURG,2026-06-02,True,True,False,46.4674,Material,2,kpi_003; kpi_005,Department contains provisional threshold KPIs; Provisional KPI materially affects department risk,RISKPRIOR-20260728062026,2026-07-28T06:20:28.344471
HOSP-001,DEPT-OPC,2026-06-02,True,True,False,79.9239,Material,2,kpi_003; kpi_005,Department contains provisional threshold KPIs; Provisional KPI materially affects department risk,RISKPRIOR-20260728062026,2026-07-28T06:20:28.344471
HOSP-001,DEPT-MED,2026-06-02,True,True,True,81.7826,Dominant,2,kpi_003; kpi_005,Department contains provisional threshold KPIs; Provisional KPI is dominant risk driver,RISKPRIOR-20260728062026,2026-07-28T06:20:28.344471
HOSP-001,DEPT-ED,2026-06-02,True,False,False,1.8587,Minor,2,kpi_003; kpi_005,Department contains provisional threshold KPIs,RISKPRIOR-20260728062026,2026-07-28T06:20:28.344471
HOSP-001,DEPT-DIAG,2026-06-02,True,False,False,0.0,None,2,kpi_003; kpi_005,Department contains provisional threshold KPIs,RISKPRIOR-20260728062026,2026-07-28T06:20:28.344471
HOSP-001,DEPT-ADM,2026-06-02,True,False,False,0.0,None,2,kpi_003; kpi_005,Department contains provisional threshold KPIs,RISKPRIOR-20260728062026,2026-07-28T06:20:28.344471
HOSP-001,DEPT-PEX,2026-06-02,True,False,False,0.0,None,2,kpi_003; kpi_005,Department contains provisional threshold KPIs,RISKPRIOR-20260728062026,2026-07-28T06:20:28.344471
HOSP-001,DEPT-ICU,2026-06-02,True,False,False,11.1522,Minor,2,kpi_003; kpi_005,Department contains provisional threshold KPIs,RISKPRIOR-20260728062026,2026-07-28T06:20:28.344471
HOSP-001,DEPT-DIAG,2026-06-03,True,True,False,52.0435,Material,2,kpi_003; kpi_005,Department contains provisional threshold KPIs; Provisional KPI materially affects department risk,RISKPRIOR-20260728062026,2026-07-28T06:20:28.344471
HOSP-001,DEPT-ED,2026-06-03,True,False,False,5.5761,Minor,2,kpi_003; kpi_005,Department contains provisional threshold KPIs,RISKPRIOR-20260728062026,2026-07-28T06:20:28.344471
HOSP-001,DEPT-SURG,2026-06-03,True,True,False,85.5,Material,2,kpi_003; kpi_005,Department contains provisional threshold KPIs; Provisional KPI materially affects department risk,RISKPRIOR-20260728062026,2026-07-28T06:20:28.344471
HOSP-001,DEPT-MED,2026-06-03,True,True,False,42.75,Material,2,kpi_003; kpi_005,Department contains provisional threshold KPIs; Provisional KPI materially affects department risk,RISKPRIOR-20260728062026,2026-07-28T06:20:28.344471
HOSP-001,DEPT-PEX,2026-06-03,True,False,False,0.0,None,2,kpi_003; kpi_005,Department contains provisional threshold KPIs,RISKPRIOR-20260728062026,2026-07-28T06:20:28.344471
HOSP-001,DEPT-ICU,2026-06-03,True,False,False,11.1522,Minor,2,kpi_003; kpi_005,Department contains provisional threshold KPIs,RISKPRIOR-20260728062026,2026-07-28T06:20:28.344471
HOSP-001,DEPT-OPC,2026-06-03,True,False,False,0.0,None,2,kpi_003; kpi_005,Department contains provisional threshold KPIs,RISKPRIOR-20260728062026,2026-07-28T06:20:28.344471
HOSP-001,DEPT-ADM,2026-06-03,True,False,False,0.0,None,2,kpi_003; kpi_005,Department contains provisional threshold KPIs,RISKPRIOR-20260728062026,2026-07-28T06:20:28.344471
HOSP-001,DEPT-ED,2026-06-04,True,True,False,20.4457,Material,2,kpi_003; kpi_005,Department contains provisional threshold KPIs; Provisional KPI materially affects department risk,RISKPRIOR-20260728062026,2026-07-28T06:20:28.344471
HOSP-001,DEPT-MED,2026-06-04,True,True,True,81.7826,Dominant,2,kpi_003; kpi_005,Department contains provisional threshold KPIs; Provisional KPI is dominant risk driver,RISKPRIOR-20260728062026,2026-07-28T06:20:28.344471
HOSP-001,DEPT-SURG,2026-06-04,True,True,True,85.5,Dominant,2,kpi_003; kpi_005,Department contains provisional threshold KPIs; Provisional KPI is dominant risk driver,RISKPRIOR-20260728062026,2026-07-28T06:20:28.344471
HOSP-001,DEPT-PEX,2026-06-04,True,False,False,0.0,None,2,kpi_003; kpi_005,Department contains provisional threshold KPIs,RISKPRIOR-20260728062026,2026-07-28T06:20:28.344471
HOSP-001,DEPT-ICU,2026-06-04,True,True,True,81.7826,Dominant,2,kpi_003; kpi_005,Department contains provisional threshold KPIs; Provisional KPI is dominant risk driver,RISKPRIOR-20260728062026,2026-07-28T06:20:28.344471
HOSP-001,DEPT-OPC,2026-06-04,True,False,False,13.0109,Minor,2,kpi_003; kpi_005,Department contains provisional threshold KPIs,RISKPRIOR-20260728062026,2026-07-28T06:20:28.344471
HOSP-001,DEPT-DIAG,2026-06-04,True,False,False,13.0109,Minor,2,kpi_003; kpi_005,Department contains provisional threshold KPIs,RISKPRIOR-20260728062026,2026-07-28T06:20:28.344471
HOSP-001,DEPT-ADM,2026-06-04,True,False,False,0.0,None,2,kpi_003; kpi_005,Department contains provisional threshold KPIs,RISKPRIOR-20260728062026,2026-07-28T06:20:28.344471
HOSP-001,DEPT-ED,2026-06-05,True,True,False,20.4457,Material,2,kpi_003; kpi_005,Department contains provisional threshold KPIs; Provisional KPI materially affects department risk,RISKPRIOR-20260728062026,2026-07-28T06:20:28.344471
HOSP-001,DEPT-MED,2026-06-05,True,True,False,42.75,Material,2,kpi_003; kpi_005,Department contains provisional threshold KPIs; Provisional KPI materially affects department risk,RISKPRIOR-20260728062026,2026-07-28T06:20:28.344471
HOSP-001,DEPT-OPC,2026-06-05,True,True,False,65.0543,Material,2,kpi_003; kpi_005,Department contains provisional threshold KPIs; Provisional KPI materially affects department risk,RISKPRIOR-20260728062026,2026-07-28T06:20:28.344471
HOSP-001,DEPT-SURG,2026-06-05,True,False,False,14.8696,Minor,2,kpi_003; kpi_005,Department contains provisional threshold KPIs,RISKPRIOR-20260728062026,2026-07-28T06:20:28.344471
HOSP-001,DEPT-DIAG,2026-06-05,True,True,False,57.6196,Material,2,kpi_003; kpi_005,Department contains provisional threshold KPIs; Provisional KPI materially affects department risk,RISKPRIOR-20260728062026,2026-07-28T06:20:28.344471
HOSP-001,DEPT-ICU,2026-06-05,True,False,False,11.1522,Minor,2,kpi_003; kpi_005,Department contains provisional threshold KPIs,RISKPRIOR-20260728062026,2026-07-28T06:20:28.344471
HOSP-001,DEPT-PEX,2026-06-05,True,False,False,0.0,None,2,kpi_003; kpi_005,Department contains provisional threshold KPIs,RISKPRIOR-20260728062026,2026-07-28T06:20:28.344471
HOSP-001,DEPT-ADM,2026-06-05,True,False,False,0.0,None,2,kpi_003; kpi_005,Department contains provisional threshold KPIs,RISKPRIOR-20260728062026,2026-07-28T06:20:28.344471
HOSP-001,DEPT-OPC,2026-06-06,True,False,False,13.0109,Minor,2,kpi_003; kpi_005,Department contains provisional threshold KPIs,RISKPRIOR-20260728062026,2026-07-28T06:20:28.344471
HOSP-001,DEPT-SURG,2026-06-06,True,False,False,14.8696,Minor,2,kpi_003; kpi_005,Department contains provisional threshold KPIs,RISKPRIOR-20260728062026,2026-07-28T06:20:28.344471
HOSP-001,DEPT-MED,2026-06-06,True,True,True,85.5,Dominant,2,kpi_003; kpi_005,Department contains provisional threshold KPIs; Provisional KPI is dominant risk driver,RISKPRIOR-20260728062026,2026-07-28T06:20:28.344471
HOSP-001,DEPT-ICU,2026-06-06,True,True,True,85.5,Dominant,2,kpi_003; kpi_005,Department contains provisional threshold KPIs; Provisional KPI is dominant risk driver,RISKPRIOR-20260728062026,2026-07-28T06:20:28.344471
HOSP-001,DEPT-DIAG,2026-06-06,True,False,False,13.0109,Minor,2,kpi_003; kpi_005,Department contains provisional threshold KPIs,RISKPRIOR-20260728062026,2026-07-28T06:20:28.344471
HOSP-001,DEPT-ED,2026-06-06,True,True,False,20.4457,Material,2,kpi_003; kpi_005,Department contains provisional threshold KPIs; Provisional KPI materially affects department risk,RISKPRIOR-20260728062026,2026-07-28T06:20:28.344471
HOSP-001,DEPT-ADM,2026-06-06,True,False,False,0.0,None,2,kpi_003; kpi_005,Department contains provisional threshold KPIs,RISKPRIOR-20260728062026,2026-07-28T06:20:28.344471
HOSP-001,DEPT-PEX,2026-06-06,True,False,False,0.0,None,2,kpi_003; kpi_005,Department contains provisional threshold KPIs,RISKPRIOR-20260728062026,2026-07-28T06:20:28.344471
HOSP-001,DEPT-SURG,2026-06-07,True,True,False,85.5,Material,2,kpi_003; kpi_005,Department contains provisional threshold KPIs; Provisional KPI materially affects department risk,RISKPRIOR-20260728062026,2026-07-28T06:20:28.344471
HOSP-001,DEPT-OPC,2026-06-07,True,False,False,13.0109,Minor,2,kpi_003; kpi_005,Department contains provisional threshold KPIs,RISKPRIOR-20260728062026,2026-07-28T06:20:28.344471
HOSP-001,DEPT-ADM,2026-06-07,True,False,False,0.0,None,2,kpi_003; kpi_005,Department contains provisional threshold KPIs,RISKPRIOR-20260728062026,2026-07-28T06:20:28.344471
HOSP-001,DEPT-ICU,2026-06-07,True,True,True,85.5,Dominant,2,kpi_003; kpi_005,Department contains provisional threshold KPIs; Provisional KPI is dominant risk driver,RISKPRIOR-20260728062026,2026-07-28T06:20:28.344471
HOSP-001,DEPT-DIAG,2026-06-07,True,False,False,0.0,None,2,kpi_003; kpi_005,Department contains provisional threshold KPIs,RISKPRIOR-20260728062026,2026-07-28T06:20:28.344471
HOSP-001,DEPT-ED,2026-06-07,True,True,False,20.4457,Material,2,kpi_003; kpi_005,Department contains provisional threshold KPIs; Provisional KPI materially affects department risk,RISKPRIOR-20260728062026,2026-07-28T06:20:28.344471
HOSP-001,DEPT-PEX,2026-06-07,True,False,False,0.0,None,2,kpi_003; kpi_005,Department contains provisional threshold KPIs,RISKPRIOR-20260728062026,2026-07-28T06:20:28.344471
HOSP-001,DEPT-MED,2026-06-07,True,False,False,14.8696,Minor,2,kpi_003; kpi_005,Department contains provisional threshold KPIs,RISKPRIOR-20260728062026,2026-07-28T06:20:28.344471
HOSP-001,DEPT-ED,2026-06-08,True,True,False,20.4457,Material,2,kpi_003; kpi_005,Department contains provisional threshold KPIs; Provisional KPI materially affects department risk,RISKPRIOR-20260728062026,2026-07-28T06:20:28.344471
HOSP-001,DEPT-ADM,2026-06-08,True,False,False,0.0,None,2,kpi_003; kpi_005,Department contains provisional threshold KPIs,RISKPRIOR-20260728062026,2026-07-28T06:20:28.344471
HOSP-001,DEPT-OPC,2026-06-08,True,True,False,79.9239,Material,2,kpi_003; kpi_005,Department contains provisional threshold KPIs; Provisional KPI materially affects department risk,RISKPRIOR-20260728062026,2026-07-28T06:20:28.344471
HOSP-001,DEPT-MED,2026-06-08,True,False,False,14.8696,Minor,2,kpi_003; kpi_005,Department contains provisional threshold KPIs,RISKPRIOR-20260728062026,2026-07-28T06:20:28.344471
HOSP-001,DEPT-DIAG,2026-06-08,True,True,False,52.0435,Material,2,kpi_003; kpi_005,Department contains provisional threshold KPIs; Provisional KPI materially affects department risk,RISKPRIOR-20260728062026,2026-07-28T06:20:28.344471
HOSP-001,DEPT-SURG,2026-06-08,True,True,True,85.5,Dominant,2,kpi_003; kpi_005,Department contains provisional threshold KPIs; Provisional KPI is dominant risk driver,RISKPRIOR-20260728062026,2026-07-28T06:20:28.344471
HOSP-001,DEPT-ICU,2026-06-08,True,False,False,14.8696,Minor,2,kpi_003; kpi_005,Department contains provisional threshold KPIs,RISKPRIOR-20260728062026,2026-07-28T06:20:28.344471
HOSP-001,DEPT-PEX,2026-06-08,True,False,False,0.0,None,2,kpi_003; kpi_005,Department contains provisional threshold KPIs,RISKPRIOR-20260728062026,2026-07-28T06:20:28.344471
HOSP-001,DEPT-PEX,2026-06-09,True,False,False,0.0,None,2,kpi_003; kpi_005,Department contains provisional threshold KPIs,RISKPRIOR-20260728062026,2026-07-28T06:20:28.344471
HOSP-001,DEPT-OPC,2026-06-09,True,True,False,79.9239,Material,2,kpi_003; kpi_005,Department contains provisional threshold KPIs; Provisional KPI materially affects department risk,RISKPRIOR-20260728062026,2026-07-28T06:20:28.344471
HOSP-001,DEPT-ED,2026-06-09,True,True,False,55.7609,Material,2,kpi_003; kpi_005,Department contains provisional threshold KPIs; Provisional KPI materially affects department risk,RISKPRIOR-20260728062026,2026-07-28T06:20:28.344471
HOSP-001,DEPT-DIAG,2026-06-09,True,True,False,20.4457,Material,2,kpi_003; kpi_005,Department contains provisional threshold KPIs; Provisional KPI materially affects department risk,RISKPRIOR-20260728062026,2026-07-28T06:20:28.344471
HOSP-001,DEPT-ICU,2026-06-09,True,True,True,85.5,Dominant,2,kpi_003; kpi_005,Department contains provisional threshold KPIs; Provisional KPI is dominant risk driver,RISKPRIOR-20260728062026,2026-07-28T06:20:28.344471
HOSP-001,DEPT-MED,2026-06-09,True,True,True,85.5,Dominant,2,kpi_003; kpi_005,Department contains provisional threshold KPIs; Provisional KPI is dominant risk driver,RISKPRIOR-20260728062026,2026-07-28T06:20:28.344471
HOSP-001,DEPT-SURG,2026-06-09,True,False,False,11.1522,Minor,2,kpi_003; kpi_005,Department contains provisional threshold KPIs,RISKPRIOR-20260728062026,2026-07-28T06:20:28.344471
HOSP-001,DEPT-ADM,2026-06-09,True,False,False,0.0,None,2,kpi_003; kpi_005,Department contains provisional threshold KPIs,RISKPRIOR-20260728062026,2026-07-28T06:20:28.344471
HOSP-001,DEPT-ED,2026-06-10,True,False,False,13.0109,Minor,2,kpi_003; kpi_005,Department contains provisional threshold KPIs,RISKPRIOR-20260728062026,2026-07-28T06:20:28.344471
HOSP-001,DEPT-OPC,2026-06-10,True,True,False,20.4457,Material,2,kpi_003; kpi_005,Department contains provisional threshold KPIs; Provisional KPI materially affects department risk,RISKPRIOR-20260728062026,2026-07-28T06:20:28.344471
HOSP-001,DEPT-PEX,2026-06-10,True,False,False,0.0,None,2,kpi_003; kpi_005,Department contains provisional threshold KPIs,RISKPRIOR-20260728062026,2026-07-28T06:20:28.344471
HOSP-001,DEPT-ICU,2026-06-10,True,True,True,85.5,Dominant,2,kpi_003; kpi_005,Department contains provisional threshold KPIs; Provisional KPI is dominant risk driver,RISKPRIOR-20260728062026,2026-07-28T06:20:28.344471
HOSP-001,DEPT-DIAG,2026-06-10,True,True,False,55.7609,Material,2,kpi_003; kpi_005,Department contains provisional threshold KPIs; Provisional KPI materially affects department risk,RISKPRIOR-20260728062026,2026-07-28T06:20:28.344471
HOSP-001,DEPT-SURG,2026-06-10,True,True,True,81.7826,Dominant,2,kpi_003; kpi_005,Department contains provisional threshold KPIs; Provisional KPI is dominant risk driver,RISKPRIOR-20260728062026,2026-07-28T06:20:28.344471
HOSP-001,DEPT-MED,2026-06-10,True,True,True,46.4674,Dominant,2,kpi_003; kpi_005,Department contains provisional threshold KPIs; Provisional KPI is dominant risk driver,RISKPRIOR-20260728062026,2026-07-28T06:20:28.344471
HOSP-001,DEPT-ADM,2026-06-10,True,False,False,0.0,None,2,kpi_003; kpi_005,Department contains provisional threshold KPIs,RISKPRIOR-20260728062026,2026-07-28T06:20:28.344471
HOSP-001,DEPT-ED,2026-06-11,True,True,False,52.0435,Material,2,kpi_003; kpi_005,Department contains provisional threshold KPIs; Provisional KPI materially affects department risk,RISKPRIOR-20260728062026,2026-07-28T06:20:28.344471
HOSP-001,DEPT-ADM,2026-06-11,True,False,False,0.0,None,2,kpi_003; kpi_005,Department contains provisional threshold KPIs,RISKPRIOR-20260728062026,2026-07-28T06:20:28.344471
HOSP-001,DEPT-SURG,2026-06-11,True,True,True,81.7826,Dominant,2,kpi_003; kpi_005,Department contains provisional threshold KPIs; Provisional KPI is dominant risk driver,RISKPRIOR-20260728062026,2026-07-28T06:20:28.344471
HOSP-001,DEPT-ICU,2026-06-11,True,True,True,85.5,Dominant,2,kpi_003; kpi_005,Department contains provisional threshold KPIs; Provisional KPI is dominant risk driver,RISKPRIOR-20260728062026,2026-07-28T06:20:28.344471
HOSP-001,DEPT-DIAG,2026-06-11,True,True,False,55.7609,Material,2,kpi_003; kpi_005,Department contains provisional threshold KPIs; Provisional KPI materially affects department risk,RISKPRIOR-20260728062026,2026-07-28T06:20:28.344471
HOSP-001,DEPT-OPC,2026-06-11,True,False,False,13.0109,Minor,2,kpi_003; kpi_005,Department contains provisional threshold KPIs,RISKPRIOR-20260728062026,2026-07-28T06:20:28.344471
HOSP-001,DEPT-PEX,2026-06-11,True,False,False,0.0,None,2,kpi_003; kpi_005,Department contains provisional threshold KPIs,RISKPRIOR-20260728062026,2026-07-28T06:20:28.344471
HOSP-001,DEPT-MED,2026-06-11,True,False,False,14.8696,Minor,2,kpi_003; kpi_005,Department contains provisional threshold KPIs,RISKPRIOR-20260728062026,2026-07-28T06:20:28.344471
HOSP-001,DEPT-DIAG,2026-06-12,True,True,False,79.9239,Material,2,kpi_003; kpi_005,Department contains provisional threshold KPIs; Provisional KPI materially affects department risk,RISKPRIOR-20260728062026,2026-07-28T06:20:28.344471
HOSP-001,DEPT-ED,2026-06-12,True,False,False,13.0109,Minor,2,kpi_003; kpi_005,Department contains provisional threshold KPIs,RISKPRIOR-20260728062026,2026-07-28T06:20:28.344471
HOSP-001,DEPT-SURG,2026-06-12,True,True,True,85.5,Dominant,2,kpi_003; kpi_005,Department contains provisional threshold KPIs; Provisional KPI is dominant risk driver,RISKPRIOR-20260728062026,2026-07-28T06:20:28.344471
HOSP-001,DEPT-MED,2026-06-12,True,True,True,85.5,Dominant,2,kpi_003; kpi_005,Department contains provisional threshold KPIs; Provisional KPI is dominant risk driver,RISKPRIOR-20260728062026,2026-07-28T06:20:28.344471
HOSP-001,DEPT-OPC,2026-06-12,True,False,False,5.5761,Minor,2,kpi_003; kpi_005,Department contains provisional threshold KPIs,RISKPRIOR-20260728062026,2026-07-28T06:20:28.344471
HOSP-001,DEPT-ICU,2026-06-12,True,False,False,14.8696,Minor,2,kpi_003; kpi_005,Department contains provisional threshold KPIs,RISKPRIOR-20260728062026,2026-07-28T06:20:28.344471
HOSP-001,DEPT-ADM,2026-06-12,True,False,False,0.0,None,2,kpi_003; kpi_005,Department contains provisional threshold KPIs,RISKPRIOR-20260728062026,2026-07-28T06:20:28.344471
HOSP-001,DEPT-PEX,2026-06-12,True,False,False,0.0,None,2,kpi_003; kpi_005,Department contains provisional threshold KPIs,RISKPRIOR-20260728062026,2026-07-28T06:20:28.344471
HOSP-001,DEPT-SURG,2026-06-13,True,True,False,85.5,Material,2,kpi_003; kpi_005,Department contains provisional threshold KPIs; Provisional KPI materially affects department risk,RISKPRIOR-20260728062026,2026-07-28T06:20:28.344471
HOSP-001,DEPT-DIAG,2026-06-13,True,True,False,55.7609,Material,2,kpi_003; kpi_005,Department contains provisional threshold KPIs; Provisional KPI materially affects department risk,RISKPRIOR-20260728062026,2026-07-28T06:20:28.344471
HOSP-001,DEPT-MED,2026-06-13,True,True,True,85.5,Dominant,2,kpi_003; kpi_005,Department contains provisional threshold KPIs; Provisional KPI is dominant risk driver,RISKPRIOR-20260728062026,2026-07-28T06:20:28.344471
HOSP-001,DEPT-ICU,2026-06-13,True,True,True,85.5,Dominant,2,kpi_003; kpi_005,Department contains provisional threshold KPIs; Provisional KPI is dominant risk driver,RISKPRIOR-20260728062026,2026-07-28T06:20:28.344471
HOSP-001,DEPT-ED,2026-06-13,True,True,False,55.7609,Material,2,kpi_003; kpi_005,Department contains provisional threshold KPIs; Provisional KPI materially affects department risk,RISKPRIOR-20260728062026,2026-07-28T06:20:28.344471
HOSP-001,DEPT-OPC,2026-06-13,True,False,False,5.5761,Minor,2,kpi_003; kpi_005,Department contains provisional threshold KPIs,RISKPRIOR-20260728062026,2026-07-28T06:20:28.344471
HOSP-001,DEPT-PEX,2026-06-13,True,False,False,0.0,None,2,kpi_003; kpi_005,Department contains provisional threshold KPIs,RISKPRIOR-20260728062026,2026-07-28T06:20:28.344471
HOSP-001,DEPT-ADM,2026-06-13,True,False,False,0.0,None,2,kpi_003; kpi_005,Department contains provisional threshold KPIs,RISKPRIOR-20260728062026,2026-07-28T06:20:28.344471
HOSP-001,DEPT-SURG,2026-06-14,True,True,False,85.5,Material,2,kpi_003; kpi_005,Department contains provisional threshold KPIs; Provisional KPI materially affects department risk,RISKPRIOR-20260728062026,2026-07-28T06:20:28.344471
HOSP-001,DEPT-PEX,2026-06-14,True,False,False,0.0,None,2,kpi_003; kpi_005,Department contains provisional threshold KPIs,RISKPRIOR-20260728062026,2026-07-28T06:20:28.344471
HOSP-001,DEPT-ICU,2026-06-14,True,True,True,85.5,Dominant,2,kpi_003; kpi_005,Department contains provisional threshold KPIs; Provisional KPI is dominant risk driver,RISKPRIOR-20260728062026,2026-07-28T06:20:28.344471
HOSP-001,DEPT-MED,2026-06-14,True,True,True,85.5,Dominant,2,kpi_003; kpi_005,Department contains provisional threshold KPIs; Provisional KPI is dominant risk driver,RISKPRIOR-20260728062026,2026-07-28T06:20:28.344471
HOSP-001,DEPT-OPC,2026-06-14,True,False,False,9.2935,Minor,2,kpi_003; kpi_005,Department contains provisional threshold KPIs,RISKPRIOR-20260728062026,2026-07-28T06:20:28.344471
HOSP-001,DEPT-ED,2026-06-14,True,True,False,20.4457,Material,2,kpi_003; kpi_005,Department contains provisional threshold KPIs; Provisional KPI materially affects department risk,RISKPRIOR-20260728062026,2026-07-28T06:20:28.344471
HOSP-001,DEPT-DIAG,2026-06-14,True,True,False,55.7609,Material,2,kpi_003; kpi_005,Department contains provisional threshold KPIs; Provisional KPI materially affects department risk,RISKPRIOR-20260728062026,2026-07-28T06:20:28.344471
HOSP-001,DEPT-ADM,2026-06-14,True,False,False,0.0,None,2,kpi_003; kpi_005,Department contains provisional threshold KPIs,RISKPRIOR-20260728062026,2026-07-28T06:20:28.344471
HOSP-001,DEPT-DIAG,2026-06-15,True,True,False,20.4457,Material,2,kpi_003; kpi_005,Department contains provisional threshold KPIs; Provisional KPI materially affects department risk,RISKPRIOR-20260728062026,2026-07-28T06:20:28.344471
HOSP-001,DEPT-ED,2026-06-15,True,True,False,20.4457,Material,2,kpi_003; kpi_005,Department contains provisional threshold KPIs; Provisional KPI materially affects department risk,RISKPRIOR-20260728062026,2026-07-28T06:20:28.344471
HOSP-001,DEPT-SURG,2026-06-15,True,True,True,85.5,Dominant,2,kpi_003; kpi_005,Department contains provisional threshold KPIs; Provisional KPI is dominant risk driver,RISKPRIOR-20260728062026,2026-07-28T06:20:28.344471
HOSP-001,DEPT-OPC,2026-06-15,True,False,False,5.5761,Minor,2,kpi_003; kpi_005,Department contains provisional threshold KPIs,RISKPRIOR-20260728062026,2026-07-28T06:20:28.344471
HOSP-001,DEPT-MED,2026-06-15,True,True,True,81.7826,Dominant,2,kpi_003; kpi_005,Department contains provisional threshold KPIs; Provisional KPI is dominant risk driver,RISKPRIOR-20260728062026,2026-07-28T06:20:28.344471
HOSP-001,DEPT-PEX,2026-06-15,True,False,False,0.0,None,2,kpi_003; kpi_005,Department contains provisional threshold KPIs,RISKPRIOR-20260728062026,2026-07-28T06:20:28.344471
HOSP-001,DEPT-ICU,2026-06-15,True,False,False,11.1522,Minor,2,kpi_003; kpi_005,Department contains provisional threshold KPIs,RISKPRIOR-20260728062026,2026-07-28T06:20:28.344471
HOSP-001,DEPT-ADM,2026-06-15,True,False,False,0.0,None,2,kpi_003; kpi_005,Department contains provisional threshold KPIs,RISKPRIOR-20260728062026,2026-07-28T06:20:28.344471
HOSP-001,DEPT-MED,2026-06-16,True,True,False,85.5,Material,2,kpi_003; kpi_005,Department contains provisional threshold KPIs; Provisional KPI materially affects department risk,RISKPRIOR-20260728062026,2026-07-28T06:20:28.344471
HOSP-001,DEPT-SURG,2026-06-16,True,True,True,85.5,Dominant,2,kpi_003; kpi_005,Department contains provisional threshold KPIs; Provisional KPI is dominant risk driver,RISKPRIOR-20260728062026,2026-07-28T06:20:28.344471
HOSP-001,DEPT-ED,2026-06-16,True,False,False,13.0109,Minor,2,kpi_003; kpi_005,Department contains provisional threshold KPIs,RISKPRIOR-20260728062026,2026-07-28T06:20:28.344471
HOSP-001,DEPT-OPC,2026-06-16,True,False,False,5.5761,Minor,2,kpi_003; kpi_005,Department contains provisional threshold KPIs,RISKPRIOR-20260728062026,2026-07-28T06:20:28.344471
HOSP-001,DEPT-DIAG,2026-06-16,True,True,False,65.0543,Material,2,kpi_003; kpi_005,Department contains provisional threshold KPIs; Provisional KPI materially affects department risk,RISKPRIOR-20260728062026,2026-07-28T06:20:28.344471
HOSP-001,DEPT-ICU,2026-06-16,True,False,False,11.1522,Minor,2,kpi_003; kpi_005,Department contains provisional threshold KPIs,RISKPRIOR-20260728062026,2026-07-28T06:20:28.344471
HOSP-001,DEPT-PEX,2026-06-16,True,False,False,0.0,None,2,kpi_003; kpi_005,Department contains provisional threshold KPIs,RISKPRIOR-20260728062026,2026-07-28T06:20:28.344471
HOSP-001,DEPT-ADM,2026-06-16,True,False,False,0.0,None,2,kpi_003; kpi_005,Department contains provisional threshold KPIs,RISKPRIOR-20260728062026,2026-07-28T06:20:28.344471
HOSP-001,DEPT-OPC,2026-06-17,True,False,False,0.0,None,2,kpi_003; kpi_005,Department contains provisional threshold KPIs,RISKPRIOR-20260728062026,2026-07-28T06:20:28.344471
HOSP-001,DEPT-ED,2026-06-17,True,True,False,52.0435,Material,2,kpi_003; kpi_005,Department contains provisional threshold KPIs; Provisional KPI materially affects department risk,RISKPRIOR-20260728062026,2026-07-28T06:20:28.344471
HOSP-001,DEPT-MED,2026-06-17,True,False,False,14.8696,Minor,2,kpi_003; kpi_005,Department contains provisional threshold KPIs,RISKPRIOR-20260728062026,2026-07-28T06:20:28.344471
HOSP-001,DEPT-PEX,2026-06-17,True,False,False,0.0,None,2,kpi_003; kpi_005,Department contains provisional threshold KPIs,RISKPRIOR-20260728062026,2026-07-28T06:20:28.344471
HOSP-001,DEPT-DIAG,2026-06-17,True,False,False,13.0109,Minor,2,kpi_003; kpi_005,Department contains provisional threshold KPIs,RISKPRIOR-20260728062026,2026-07-28T06:20:28.344471
HOSP-001,DEPT-ICU,2026-06-17,True,False,False,11.1522,Minor,2,kpi_003; kpi_005,Department contains provisional threshold KPIs,RISKPRIOR-20260728062026,2026-07-28T06:20:28.344471
HOSP-001,DEPT-SURG,2026-06-17,True,False,False,14.8696,Minor,2,kpi_003; kpi_005,Department contains provisional threshold KPIs,RISKPRIOR-20260728062026,2026-07-28T06:20:28.344471
HOSP-001,DEPT-ADM,2026-06-17,True,False,False,0.0,None,2,kpi_003; kpi_005,Department contains provisional threshold KPIs,RISKPRIOR-20260728062026,2026-07-28T06:20:28.344471
HOSP-001,DEPT-DIAG,2026-06-18,True,True,False,79.9239,Material,2,kpi_003; kpi_005,Department contains provisional threshold KPIs; Provisional KPI materially affects department risk,RISKPRIOR-20260728062026,2026-07-28T06:20:28.344471
HOSP-001,DEPT-OPC,2026-06-18,True,True,False,40.8913,Material,2,kpi_003; kpi_005,Department contains provisional threshold KPIs; Provisional KPI materially affects department risk,RISKPRIOR-20260728062026,2026-07-28T06:20:28.344471
HOSP-001,DEPT-ADM,2026-06-18,True,False,False,0.0,None,2,kpi_003; kpi_005,Department contains provisional threshold KPIs,RISKPRIOR-20260728062026,2026-07-28T06:20:28.344471
HOSP-001,DEPT-SURG,2026-06-18,True,True,False,46.4674,Material,2,kpi_003; kpi_005,Department contains provisional threshold KPIs; Provisional KPI materially affects department risk,RISKPRIOR-20260728062026,2026-07-28T06:20:28.344471
HOSP-001,DEPT-ED,2026-06-18,True,False,False,0.0,None,2,kpi_003; kpi_005,Department contains provisional threshold KPIs,RISKPRIOR-20260728062026,2026-07-28T06:20:28.344471
HOSP-001,DEPT-MED,2026-06-18,True,False,False,14.8696,Minor,2,kpi_003; kpi_005,Department contains provisional threshold KPIs,RISKPRIOR-20260728062026,2026-07-28T06:20:28.344471
HOSP-001,DEPT-PEX,2026-06-18,True,False,False,0.0,None,2,kpi_003; kpi_005,Department contains provisional threshold KPIs,RISKPRIOR-20260728062026,2026-07-28T06:20:28.344471
HOSP-001,DEPT-ICU,2026-06-18,True,False,False,11.1522,Minor,2,kpi_003; kpi_005,Department contains provisional threshold KPIs,RISKPRIOR-20260728062026,2026-07-28T06:20:28.344471
HOSP-001,DEPT-DIAG,2026-06-19,True,True,False,55.7609,Material,2,kpi_003; kpi_005,Department contains provisional threshold KPIs; Provisional KPI materially affects department risk,RISKPRIOR-20260728062026,2026-07-28T06:20:28.344471
HOSP-001,DEPT-ED,2026-06-19,True,True,False,20.4457,Material,2,kpi_003; kpi_005,Department contains provisional threshold KPIs; Provisional KPI materially affects department risk,RISKPRIOR-20260728062026,2026-07-28T06:20:28.344471
HOSP-001,DEPT-ADM,2026-06-19,True,False,False,0.0,None,2,kpi_003; kpi_005,Department contains provisional threshold KPIs,RISKPRIOR-20260728062026,2026-07-28T06:20:28.344471
HOSP-001,DEPT-MED,2026-06-19,True,False,False,14.8696,Minor,2,kpi_003; kpi_005,Department contains provisional threshold KPIs,RISKPRIOR-20260728062026,2026-07-28T06:20:28.344471
HOSP-001,DEPT-SURG,2026-06-19,True,True,True,85.5,Dominant,2,kpi_003; kpi_005,Department contains provisional threshold KPIs; Provisional KPI is dominant risk driver,RISKPRIOR-20260728062026,2026-07-28T06:20:28.344471
HOSP-001,DEPT-OPC,2026-06-19,True,True,False,40.8913,Material,2,kpi_003; kpi_005,Department contains provisional threshold KPIs; Provisional KPI materially affects department risk,RISKPRIOR-20260728062026,2026-07-28T06:20:28.344471
HOSP-001,DEPT-ICU,2026-06-19,True,False,False,14.8696,Minor,2,kpi_003; kpi_005,Department contains provisional threshold KPIs,RISKPRIOR-20260728062026,2026-07-28T06:20:28.344471
HOSP-001,DEPT-PEX,2026-06-19,True,False,False,0.0,None,2,kpi_003; kpi_005,Department contains provisional threshold KPIs,RISKPRIOR-20260728062026,2026-07-28T06:20:28.344471
HOSP-001,DEPT-ED,2026-06-20,True,True,False,20.4457,Material,2,kpi_003; kpi_005,Department contains provisional threshold KPIs; Provisional KPI materially affects department risk,RISKPRIOR-20260728062026,2026-07-28T06:20:28.344471
HOSP-001,DEPT-ADM,2026-06-20,True,False,False,0.0,None,2,kpi_003; kpi_005,Department contains provisional threshold KPIs,RISKPRIOR-20260728062026,2026-07-28T06:20:28.344471
HOSP-001,DEPT-ICU,2026-06-20,True,True,True,85.5,Dominant,2,kpi_003; kpi_005,Department contains provisional threshold KPIs; Provisional KPI is dominant risk driver,RISKPRIOR-20260728062026,2026-07-28T06:20:28.344471
HOSP-001,DEPT-OPC,2026-06-20,True,True,False,40.8913,Material,2,kpi_003; kpi_005,Department contains provisional threshold KPIs; Provisional KPI materially affects department risk,RISKPRIOR-20260728062026,2026-07-28T06:20:28.344471
HOSP-001,DEPT-DIAG,2026-06-20,True,False,False,0.0,None,2,kpi_003; kpi_005,Department contains provisional threshold KPIs,RISKPRIOR-20260728062026,2026-07-28T06:20:28.344471
HOSP-001,DEPT-MED,2026-06-20,True,False,False,14.8696,Minor,2,kpi_003; kpi_005,Department contains provisional threshold KPIs,RISKPRIOR-20260728062026,2026-07-28T06:20:28.344471
HOSP-001,DEPT-SURG,2026-06-20,True,False,False,11.1522,Minor,2,kpi_003; kpi_005,Department contains provisional threshold KPIs,RISKPRIOR-20260728062026,2026-07-28T06:20:28.344471
HOSP-001,DEPT-PEX,2026-06-20,True,False,False,0.0,None,2,kpi_003; kpi_005,Department contains provisional threshold KPIs,RISKPRIOR-20260728062026,2026-07-28T06:20:28.344471
HOSP-001,DEPT-ED,2026-06-21,True,True,False,55.7609,Material,2,kpi_003; kpi_005,Department contains provisional threshold KPIs; Provisional KPI materially affects department risk,RISKPRIOR-20260728062026,2026-07-28T06:20:28.344471
HOSP-001,DEPT-MED,2026-06-21,True,True,True,85.5,Dominant,2,kpi_003; kpi_005,Department contains provisional threshold KPIs; Provisional KPI is dominant risk driver,RISKPRIOR-20260728062026,2026-07-28T06:20:28.344471
HOSP-001,DEPT-OPC,2026-06-21,True,True,False,20.4457,Material,2,kpi_003; kpi_005,Department contains provisional threshold KPIs; Provisional KPI materially affects department risk,RISKPRIOR-20260728062026,2026-07-28T06:20:28.344471
HOSP-001,DEPT-ICU,2026-06-21,True,True,True,85.5,Dominant,2,kpi_003; kpi_005,Department contains provisional threshold KPIs; Provisional KPI is dominant risk driver,RISKPRIOR-20260728062026,2026-07-28T06:20:28.344471
HOSP-001,DEPT-SURG,2026-06-21,True,False,False,11.1522,Minor,2,kpi_003; kpi_005,Department contains provisional threshold KPIs,RISKPRIOR-20260728062026,2026-07-28T06:20:28.344471
HOSP-001,DEPT-DIAG,2026-06-21,True,False,False,0.0,None,2,kpi_003; kpi_005,Department contains provisional threshold KPIs,RISKPRIOR-20260728062026,2026-07-28T06:20:28.344471
HOSP-001,DEPT-ADM,2026-06-21,True,False,False,0.0,None,2,kpi_003; kpi_005,Department contains provisional threshold KPIs,RISKPRIOR-20260728062026,2026-07-28T06:20:28.344471
HOSP-001,DEPT-PEX,2026-06-21,True,False,False,0.0,None,2,kpi_003; kpi_005,Department contains provisional threshold KPIs,RISKPRIOR-20260728062026,2026-07-28T06:20:28.344471
HOSP-001,DEPT-PEX,2026-06-22,True,False,False,0.0,None,2,kpi_003; kpi_005,Department contains provisional threshold KPIs,RISKPRIOR-20260728062026,2026-07-28T06:20:28.344471
HOSP-001,DEPT-OPC,2026-06-22,True,True,False,20.4457,Material,2,kpi_003; kpi_005,Department contains provisional threshold KPIs; Provisional KPI materially affects department risk,RISKPRIOR-20260728062026,2026-07-28T06:20:28.344471
HOSP-001,DEPT-ICU,2026-06-22,True,True,True,81.7826,Dominant,2,kpi_003; kpi_005,Department contains provisional threshold KPIs; Provisional KPI is dominant risk driver,RISKPRIOR-20260728062026,2026-07-28T06:20:28.344471
HOSP-001,DEPT-MED,2026-06-22,True,True,True,85.5,Dominant,2,kpi_003; kpi_005,Department contains provisional threshold KPIs; Provisional KPI is dominant risk driver,RISKPRIOR-20260728062026,2026-07-28T06:20:28.344471
HOSP-001,DEPT-ED,2026-06-22,True,True,False,20.4457,Material,2,kpi_003; kpi_005,Department contains provisional threshold KPIs; Provisional KPI materially affects department risk,RISKPRIOR-20260728062026,2026-07-28T06:20:28.344471
HOSP-001,DEPT-DIAG,2026-06-22,True,True,False,20.4457,Material,2,kpi_003; kpi_005,Department contains provisional threshold KPIs; Provisional KPI materially affects department risk,RISKPRIOR-20260728062026,2026-07-28T06:20:28.344471
HOSP-001,DEPT-SURG,2026-06-22,True,False,False,11.1522,Minor,2,kpi_003; kpi_005,Department contains provisional threshold KPIs,RISKPRIOR-20260728062026,2026-07-28T06:20:28.344471
HOSP-001,DEPT-ADM,2026-06-22,True,False,False,0.0,None,2,kpi_003; kpi_005,Department contains provisional threshold KPIs,RISKPRIOR-20260728062026,2026-07-28T06:20:28.344471
HOSP-001,DEPT-PEX,2026-06-23,True,False,False,0.0,None,2,kpi_003; kpi_005,Department contains provisional threshold KPIs,RISKPRIOR-20260728062026,2026-07-28T06:20:28.344471
HOSP-001,DEPT-ICU,2026-06-23,True,True,False,81.7826,Material,2,kpi_003; kpi_005,Department contains provisional threshold KPIs; Provisional KPI materially affects department risk,RISKPRIOR-20260728062026,2026-07-28T06:20:28.344471
HOSP-001,DEPT-OPC,2026-06-23,True,True,False,20.4457,Material,2,kpi_003; kpi_005,Department contains provisional threshold KPIs; Provisional KPI materially affects department risk,RISKPRIOR-20260728062026,2026-07-28T06:20:28.344471
HOSP-001,DEPT-DIAG,2026-06-23,True,False,False,13.0109,Minor,2,kpi_003; kpi_005,Department contains provisional threshold KPIs,RISKPRIOR-20260728062026,2026-07-28T06:20:28.344471
HOSP-001,DEPT-SURG,2026-06-23,True,True,True,81.7826,Dominant,2,kpi_003; kpi_005,Department contains provisional threshold KPIs; Provisional KPI is dominant risk driver,RISKPRIOR-20260728062026,2026-07-28T06:20:28.344471
HOSP-001,DEPT-ADM,2026-06-23,True,False,False,0.0,None,2,kpi_003; kpi_005,Department contains provisional threshold KPIs,RISKPRIOR-20260728062026,2026-07-28T06:20:28.344471
HOSP-001,DEPT-ED,2026-06-23,True,False,False,0.0,None,2,kpi_003; kpi_005,Department contains provisional threshold KPIs,RISKPRIOR-20260728062026,2026-07-28T06:20:28.344471
HOSP-001,DEPT-MED,2026-06-23,True,True,True,46.4674,Dominant,2,kpi_003; kpi_005,Department contains provisional threshold KPIs; Provisional KPI is dominant risk driver,RISKPRIOR-20260728062026,2026-07-28T06:20:28.344471
HOSP-001,DEPT-ADM,2026-06-24,True,False,False,0.0,None,2,kpi_003; kpi_005,Department contains provisional threshold KPIs,RISKPRIOR-20260728062026,2026-07-28T06:20:28.344471
HOSP-001,DEPT-SURG,2026-06-24,True,False,False,7.4348,Minor,2,kpi_003; kpi_005,Department contains provisional threshold KPIs,RISKPRIOR-20260728062026,2026-07-28T06:20:28.344471
HOSP-001,DEPT-OPC,2026-06-24,True,True,True,79.9239,Dominant,2,kpi_003; kpi_005,Department contains provisional threshold KPIs; Provisional KPI is dominant risk driver,RISKPRIOR-20260728062026,2026-07-28T06:20:28.344471
HOSP-001,DEPT-ICU,2026-06-24,True,True,True,81.7826,Dominant,2,kpi_003; kpi_005,Department contains provisional threshold KPIs; Provisional KPI is dominant risk driver,RISKPRIOR-20260728062026,2026-07-28T06:20:28.344471
HOSP-001,DEPT-DIAG,2026-06-24,True,False,False,13.0109,Minor,2,kpi_003; kpi_005,Department contains provisional threshold KPIs,RISKPRIOR-20260728062026,2026-07-28T06:20:28.344471
HOSP-001,DEPT-MED,2026-06-24,True,False,False,14.8696,Minor,2,kpi_003; kpi_005,Department contains provisional threshold KPIs,RISKPRIOR-20260728062026,2026-07-28T06:20:28.344471
HOSP-001,DEPT-ED,2026-06-24,True,True,False,20.4457,Material,2,kpi_003; kpi_005,Department contains provisional threshold KPIs; Provisional KPI materially affects department risk,RISKPRIOR-20260728062026,2026-07-28T06:20:28.344471
HOSP-001,DEPT-PEX,2026-06-24,True,False,False,0.0,None,2,kpi_003; kpi_005,Department contains provisional threshold KPIs,RISKPRIOR-20260728062026,2026-07-28T06:20:28.344471
HOSP-001,DEPT-ED,2026-06-25,True,True,False,20.4457,Material,2,kpi_003; kpi_005,Department contains provisional threshold KPIs; Provisional KPI materially affects department risk,RISKPRIOR-20260728062026,2026-07-28T06:20:28.344471
HOSP-001,DEPT-DIAG,2026-06-25,True,True,False,79.9239,Material,2,kpi_003; kpi_005,Department contains provisional threshold KPIs; Provisional KPI materially affects department risk,RISKPRIOR-20260728062026,2026-07-28T06:20:28.344471
HOSP-001,DEPT-ICU,2026-06-25,True,True,True,85.5,Dominant,2,kpi_003; kpi_005,Department contains provisional threshold KPIs; Provisional KPI is dominant risk driver,RISKPRIOR-20260728062026,2026-07-28T06:20:28.344471
HOSP-001,DEPT-PEX,2026-06-25,True,False,False,0.0,None,2,kpi_003; kpi_005,Department contains provisional threshold KPIs,RISKPRIOR-20260728062026,2026-07-28T06:20:28.344471
HOSP-001,DEPT-OPC,2026-06-25,True,False,False,13.0109,Minor,2,kpi_003; kpi_005,Department contains provisional threshold KPIs,RISKPRIOR-20260728062026,2026-07-28T06:20:28.344471
HOSP-001,DEPT-ADM,2026-06-25,True,False,False,0.0,None,2,kpi_003; kpi_005,Department contains provisional threshold KPIs,RISKPRIOR-20260728062026,2026-07-28T06:20:28.344471
HOSP-001,DEPT-SURG,2026-06-25,True,False,False,11.1522,Minor,2,kpi_003; kpi_005,Department contains provisional threshold KPIs,RISKPRIOR-20260728062026,2026-07-28T06:20:28.344471
HOSP-001,DEPT-MED,2026-06-25,True,False,False,11.1522,Minor,2,kpi_003; kpi_005,Department contains provisional threshold KPIs,RISKPRIOR-20260728062026,2026-07-28T06:20:28.344471
HOSP-001,DEPT-DIAG,2026-06-26,True,True,False,55.7609,Material,2,kpi_003; kpi_005,Department contains provisional threshold KPIs; Provisional KPI materially affects department risk,RISKPRIOR-20260728062026,2026-07-28T06:20:28.344471
HOSP-001,DEPT-ED,2026-06-26,True,False,False,0.0,None,2,kpi_003; kpi_005,Department contains provisional threshold KPIs,RISKPRIOR-20260728062026,2026-07-28T06:20:28.344471
HOSP-001,DEPT-MED,2026-06-26,True,True,True,85.5,Dominant,2,kpi_003; kpi_005,Department contains provisional threshold KPIs; Provisional KPI is dominant risk driver,RISKPRIOR-20260728062026,2026-07-28T06:20:28.344471
HOSP-001,DEPT-ICU,2026-06-26,True,True,True,85.5,Dominant,2,kpi_003; kpi_005,Department contains provisional threshold KPIs; Provisional KPI is dominant risk driver,RISKPRIOR-20260728062026,2026-07-28T06:20:28.344471
HOSP-001,DEPT-OPC,2026-06-26,True,True,True,79.9239,Dominant,2,kpi_003; kpi_005,Department contains provisional threshold KPIs; Provisional KPI is dominant risk driver,RISKPRIOR-20260728062026,2026-07-28T06:20:28.344471
HOSP-001,DEPT-SURG,2026-06-26,True,False,False,11.1522,Minor,2,kpi_003; kpi_005,Department contains provisional threshold KPIs,RISKPRIOR-20260728062026,2026-07-28T06:20:28.344471
HOSP-001,DEPT-ADM,2026-06-26,True,False,False,0.0,None,2,kpi_003; kpi_005,Department contains provisional threshold KPIs,RISKPRIOR-20260728062026,2026-07-28T06:20:28.344471
HOSP-001,DEPT-PEX,2026-06-26,True,False,False,0.0,None,2,kpi_003; kpi_005,Department contains provisional threshold KPIs,RISKPRIOR-20260728062026,2026-07-28T06:20:28.344471
HOSP-001,DEPT-OPC,2026-06-27,True,True,False,20.4457,Material,2,kpi_003; kpi_005,Department contains provisional threshold KPIs; Provisional KPI materially affects department risk,RISKPRIOR-20260728062026,2026-07-28T06:20:28.344471
HOSP-001,DEPT-DIAG,2026-06-27,True,True,False,20.4457,Material,2,kpi_003; kpi_005,Department contains provisional threshold KPIs; Provisional KPI materially affects department risk,RISKPRIOR-20260728062026,2026-07-28T06:20:28.344471
HOSP-001,DEPT-ED,2026-06-27,True,True,False,20.4457,Material,2,kpi_003; kpi_005,Department contains provisional threshold KPIs; Provisional KPI materially affects department risk,RISKPRIOR-20260728062026,2026-07-28T06:20:28.344471
HOSP-001,DEPT-ICU,2026-06-27,True,True,True,85.5,Dominant,2,kpi_003; kpi_005,Department contains provisional threshold KPIs; Provisional KPI is dominant risk driver,RISKPRIOR-20260728062026,2026-07-28T06:20:28.344471
HOSP-001,DEPT-MED,2026-06-27,True,True,True,85.5,Dominant,2,kpi_003; kpi_005,Department contains provisional threshold KPIs; Provisional KPI is dominant risk driver,RISKPRIOR-20260728062026,2026-07-28T06:20:28.344471
HOSP-001,DEPT-PEX,2026-06-27,True,False,False,0.0,None,2,kpi_003; kpi_005,Department contains provisional threshold KPIs,RISKPRIOR-20260728062026,2026-07-28T06:20:28.344471
HOSP-001,DEPT-SURG,2026-06-27,True,True,True,81.7826,Dominant,2,kpi_003; kpi_005,Department contains provisional threshold KPIs; Provisional KPI is dominant risk driver,RISKPRIOR-20260728062026,2026-07-28T06:20:28.344471
HOSP-001,DEPT-ADM,2026-06-27,True,False,False,0.0,None,2,kpi_003; kpi_005,Department contains provisional threshold KPIs,RISKPRIOR-20260728062026,2026-07-28T06:20:28.344471
HOSP-001,DEPT-OPC,2026-06-28,True,True,False,20.4457,Material,2,kpi_003; kpi_005,Department contains provisional threshold KPIs; Provisional KPI materially affects department risk,RISKPRIOR-20260728062026,2026-07-28T06:20:28.344471
HOSP-001,DEPT-DIAG,2026-06-28,True,True,False,55.7609,Material,2,kpi_003; kpi_005,Department contains provisional threshold KPIs; Provisional KPI materially affects department risk,RISKPRIOR-20260728062026,2026-07-28T06:20:28.344471
HOSP-001,DEPT-ICU,2026-06-28,True,True,False,81.7826,Material,2,kpi_003; kpi_005,Department contains provisional threshold KPIs; Provisional KPI materially affects department risk,RISKPRIOR-20260728062026,2026-07-28T06:20:28.344471
HOSP-001,DEPT-MED,2026-06-28,True,True,True,85.5,Dominant,2,kpi_003; kpi_005,Department contains provisional threshold KPIs; Provisional KPI is dominant risk driver,RISKPRIOR-20260728062026,2026-07-28T06:20:28.344471
HOSP-001,DEPT-ED,2026-06-28,True,True,False,20.4457,Material,2,kpi_003; kpi_005,Department contains provisional threshold KPIs; Provisional KPI materially affects department risk,RISKPRIOR-20260728062026,2026-07-28T06:20:28.344471
HOSP-001,DEPT-ADM,2026-06-28,True,False,False,0.0,None,2,kpi_003; kpi_005,Department contains provisional threshold KPIs,RISKPRIOR-20260728062026,2026-07-28T06:20:28.344471
HOSP-001,DEPT-PEX,2026-06-28,True,False,False,0.0,None,2,kpi_003; kpi_005,Department contains provisional threshold KPIs,RISKPRIOR-20260728062026,2026-07-28T06:20:28.344471
HOSP-001,DEPT-SURG,2026-06-28,True,False,False,14.8696,Minor,2,kpi_003; kpi_005,Department contains provisional threshold KPIs,RISKPRIOR-20260728062026,2026-07-28T06:20:28.344471
HOSP-001,DEPT-PEX,2026-06-29,True,False,False,0.0,None,2,kpi_003; kpi_005,Department contains provisional threshold KPIs,RISKPRIOR-20260728062026,2026-07-28T06:20:28.344471
HOSP-001,DEPT-OPC,2026-06-29,True,False,False,13.0109,Minor,2,kpi_003; kpi_005,Department contains provisional threshold KPIs,RISKPRIOR-20260728062026,2026-07-28T06:20:28.344471
HOSP-001,DEPT-SURG,2026-06-29,True,True,True,85.5,Dominant,2,kpi_003; kpi_005,Department contains provisional threshold KPIs; Provisional KPI is dominant risk driver,RISKPRIOR-20260728062026,2026-07-28T06:20:28.344471
HOSP-001,DEPT-ICU,2026-06-29,True,True,True,81.7826,Dominant,2,kpi_003; kpi_005,Department contains provisional threshold KPIs; Provisional KPI is dominant risk driver,RISKPRIOR-20260728062026,2026-07-28T06:20:28.344471
HOSP-001,DEPT-DIAG,2026-06-29,True,True,True,79.9239,Dominant,2,kpi_003; kpi_005,Department contains provisional threshold KPIs; Provisional KPI is dominant risk driver,RISKPRIOR-20260728062026,2026-07-28T06:20:28.344471
HOSP-001,DEPT-ED,2026-06-29,True,False,False,13.0109,Minor,2,kpi_003; kpi_005,Department contains provisional threshold KPIs,RISKPRIOR-20260728062026,2026-07-28T06:20:28.344471
HOSP-001,DEPT-MED,2026-06-29,True,True,False,46.4674,Material,2,kpi_003; kpi_005,Department contains provisional threshold KPIs; Provisional KPI materially affects department risk,RISKPRIOR-20260728062026,2026-07-28T06:20:28.344471
HOSP-001,DEPT-ADM,2026-06-29,True,False,False,0.0,None,2,kpi_003; kpi_005,Department contains provisional threshold KPIs,RISKPRIOR-20260728062026,2026-07-28T06:20:28.344471
HOSP-001,DEPT-ICU,2026-06-30,True,True,False,85.5,Material,2,kpi_003; kpi_005,Department contains provisional threshold KPIs; Provisional KPI materially affects department risk,RISKPRIOR-20260728062026,2026-07-28T06:20:28.344471
HOSP-001,DEPT-SURG,2026-06-30,True,True,True,85.5,Dominant,2,kpi_003; kpi_005,Department contains provisional threshold KPIs; Provisional KPI is dominant risk driver,RISKPRIOR-20260728062026,2026-07-28T06:20:28.344471
HOSP-001,DEPT-OPC,2026-06-30,True,False,False,13.0109,Minor,2,kpi_003; kpi_005,Department contains provisional threshold KPIs,RISKPRIOR-20260728062026,2026-07-28T06:20:28.344471
HOSP-001,DEPT-ED,2026-06-30,True,False,False,13.0109,Minor,2,kpi_003; kpi_005,Department contains provisional threshold KPIs,RISKPRIOR-20260728062026,2026-07-28T06:20:28.344471
HOSP-001,DEPT-DIAG,2026-06-30,True,True,False,52.0435,Material,2,kpi_003; kpi_005,Department contains provisional threshold KPIs; Provisional KPI materially affects department risk,RISKPRIOR-20260728062026,2026-07-28T06:20:28.344471
HOSP-001,DEPT-PEX,2026-06-30,True,False,False,0.0,None,2,kpi_003; kpi_005,Department contains provisional threshold KPIs,RISKPRIOR-20260728062026,2026-07-28T06:20:28.344471
HOSP-001,DEPT-MED,2026-06-30,True,False,False,14.8696,Minor,2,kpi_003; kpi_005,Department contains provisional threshold KPIs,RISKPRIOR-20260728062026,2026-07-28T06:20:28.344471
HOSP-001,DEPT-ADM,2026-06-30,True,False,False,0.0,None,2,kpi_003; kpi_005,Department contains provisional threshold KPIs,RISKPRIOR-20260728062026,2026-07-28T06:20:28.344471
HOSP-001,DEPT-ICU,2026-07-01,True,True,True,85.5,Dominant,2,kpi_003; kpi_005,Department contains provisional threshold KPIs; Provisional KPI is dominant risk driver,RISKPRIOR-20260728062026,2026-07-28T06:20:28.344471
HOSP-001,DEPT-ED,2026-07-01,True,False,False,1.8587,Minor,2,kpi_003; kpi_005,Department contains provisional threshold KPIs,RISKPRIOR-20260728062026,2026-07-28T06:20:28.344471
HOSP-001,DEPT-OPC,2026-07-01,True,False,False,13.0109,Minor,2,kpi_003; kpi_005,Department contains provisional threshold KPIs,RISKPRIOR-20260728062026,2026-07-28T06:20:28.344471
HOSP-001,DEPT-MED,2026-07-01,True,False,False,14.8696,Minor,2,kpi_003; kpi_005,Department contains provisional threshold KPIs,RISKPRIOR-20260728062026,2026-07-28T06:20:28.344471
HOSP-001,DEPT-DIAG,2026-07-01,True,True,True,55.7609,Dominant,2,kpi_003; kpi_005,Department contains provisional threshold KPIs; Provisional KPI is dominant risk driver,RISKPRIOR-20260728062026,2026-07-28T06:20:28.344471
HOSP-001,DEPT-SURG,2026-07-01,True,False,False,14.8696,Minor,2,kpi_003; kpi_005,Department contains provisional threshold KPIs,RISKPRIOR-20260728062026,2026-07-28T06:20:28.344471
HOSP-001,DEPT-ADM,2026-07-01,True,False,False,0.0,None,2,kpi_003; kpi_005,Department contains provisional threshold KPIs,RISKPRIOR-20260728062026,2026-07-28T06:20:28.344471
HOSP-001,DEPT-PEX,2026-07-01,True,False,False,0.0,None,2,kpi_003; kpi_005,Department contains provisional threshold KPIs,RISKPRIOR-20260728062026,2026-07-28T06:20:28.344471
HOSP-001,DEPT-ED,2026-07-02,True,False,False,1.8587,Minor,2,kpi_003; kpi_005,Department contains provisional threshold KPIs,RISKPRIOR-20260728062026,2026-07-28T06:20:28.344471
HOSP-001,DEPT-MED,2026-07-02,True,False,False,14.8696,Minor,2,kpi_003; kpi_005,Department contains provisional threshold KPIs,RISKPRIOR-20260728062026,2026-07-28T06:20:28.344471
HOSP-001,DEPT-DIAG,2026-07-02,True,True,False,55.7609,Material,2,kpi_003; kpi_005,Department contains provisional threshold KPIs; Provisional KPI materially affects department risk,RISKPRIOR-20260728062026,2026-07-28T06:20:28.344471
HOSP-001,DEPT-ADM,2026-07-02,True,False,False,0.0,None,2,kpi_003; kpi_005,Department contains provisional threshold KPIs,RISKPRIOR-20260728062026,2026-07-28T06:20:28.344471
HOSP-001,DEPT-PEX,2026-07-02,True,False,False,0.0,None,2,kpi_003; kpi_005,Department contains provisional threshold KPIs,RISKPRIOR-20260728062026,2026-07-28T06:20:28.344471
HOSP-001,DEPT-SURG,2026-07-02,True,True,False,46.4674,Material,2,kpi_003; kpi_005,Department contains provisional threshold KPIs; Provisional KPI materially affects department risk,RISKPRIOR-20260728062026,2026-07-28T06:20:28.344471
HOSP-001,DEPT-OPC,2026-07-02,True,False,False,1.8587,Minor,2,kpi_003; kpi_005,Department contains provisional threshold KPIs,RISKPRIOR-20260728062026,2026-07-28T06:20:28.344471
HOSP-001,DEPT-ICU,2026-07-02,True,False,False,14.8696,Minor,2,kpi_003; kpi_005,Department contains provisional threshold KPIs,RISKPRIOR-20260728062026,2026-07-28T06:20:28.344471
HOSP-001,DEPT-ADM,2026-07-03,True,False,False,0.0,None,2,kpi_003; kpi_005,Department contains provisional threshold KPIs,RISKPRIOR-20260728062026,2026-07-28T06:20:28.344471
HOSP-001,DEPT-SURG,2026-07-03,True,True,True,85.5,Dominant,2,kpi_003; kpi_005,Department contains provisional threshold KPIs; Provisional KPI is dominant risk driver,RISKPRIOR-20260728062026,2026-07-28T06:20:28.344471
HOSP-001,DEPT-PEX,2026-07-03,True,False,False,0.0,None,2,kpi_003; kpi_005,Department contains provisional threshold KPIs,RISKPRIOR-20260728062026,2026-07-28T06:20:28.344471
HOSP-001,DEPT-OPC,2026-07-03,True,False,False,1.8587,Minor,2,kpi_003; kpi_005,Department contains provisional threshold KPIs,RISKPRIOR-20260728062026,2026-07-28T06:20:28.344471
HOSP-001,DEPT-DIAG,2026-07-03,True,True,False,20.4457,Material,2,kpi_003; kpi_005,Department contains provisional threshold KPIs; Provisional KPI materially affects department risk,RISKPRIOR-20260728062026,2026-07-28T06:20:28.344471
HOSP-001,DEPT-MED,2026-07-03,True,True,False,46.4674,Material,2,kpi_003; kpi_005,Department contains provisional threshold KPIs; Provisional KPI materially affects department risk,RISKPRIOR-20260728062026,2026-07-28T06:20:28.344471
HOSP-001,DEPT-ED,2026-07-03,True,False,False,1.8587,Minor,2,kpi_003; kpi_005,Department contains provisional threshold KPIs,RISKPRIOR-20260728062026,2026-07-28T06:20:28.344471
HOSP-001,DEPT-ICU,2026-07-03,True,True,True,42.75,Dominant,2,kpi_003; kpi_005,Department contains provisional threshold KPIs; Provisional KPI is dominant risk driver,RISKPRIOR-20260728062026,2026-07-28T06:20:28.344471
HOSP-001,DEPT-SURG,2026-07-04,True,True,False,85.5,Material,2,kpi_003; kpi_005,Department contains provisional threshold KPIs; Provisional KPI materially affects department risk,RISKPRIOR-20260728062026,2026-07-28T06:20:28.344471
HOSP-001,DEPT-MED,2026-07-04,True,True,True,85.5,Dominant,2,kpi_003; kpi_005,Department contains provisional threshold KPIs; Provisional KPI is dominant risk driver,RISKPRIOR-20260728062026,2026-07-28T06:20:28.344471
HOSP-001,DEPT-DIAG,2026-07-04,True,True,False,55.7609,Material,2,kpi_003; kpi_005,Department contains provisional threshold KPIs; Provisional KPI materially affects department risk,RISKPRIOR-20260728062026,2026-07-28T06:20:28.344471
HOSP-001,DEPT-PEX,2026-07-04,True,False,False,0.0,None,2,kpi_003; kpi_005,Department contains provisional threshold KPIs,RISKPRIOR-20260728062026,2026-07-28T06:20:28.344471
HOSP-001,DEPT-OPC,2026-07-04,True,True,False,57.6196,Material,2,kpi_003; kpi_005,Department contains provisional threshold KPIs; Provisional KPI materially affects department risk,RISKPRIOR-20260728062026,2026-07-28T06:20:28.344471
HOSP-001,DEPT-ED,2026-07-04,True,False,False,1.8587,Minor,2,kpi_003; kpi_005,Department contains provisional threshold KPIs,RISKPRIOR-20260728062026,2026-07-28T06:20:28.344471
HOSP-001,DEPT-ICU,2026-07-04,True,False,False,11.1522,Minor,2,kpi_003; kpi_005,Department contains provisional threshold KPIs,RISKPRIOR-20260728062026,2026-07-28T06:20:28.344471
HOSP-001,DEPT-ADM,2026-07-04,True,False,False,0.0,None,2,kpi_003; kpi_005,Department contains provisional threshold KPIs,RISKPRIOR-20260728062026,2026-07-28T06:20:28.344471
HOSP-001,DEPT-PEX,2026-07-05,True,False,False,0.0,None,2,kpi_003; kpi_005,Department contains provisional threshold KPIs,RISKPRIOR-20260728062026,2026-07-28T06:20:28.344471
HOSP-001,DEPT-MED,2026-07-05,True,True,False,85.5,Material,2,kpi_003; kpi_005,Department contains provisional threshold KPIs; Provisional KPI materially affects department risk,RISKPRIOR-20260728062026,2026-07-28T06:20:28.344471
HOSP-001,DEPT-SURG,2026-07-05,True,False,False,11.1522,Minor,2,kpi_003; kpi_005,Department contains provisional threshold KPIs,RISKPRIOR-20260728062026,2026-07-28T06:20:28.344471
HOSP-001,DEPT-ED,2026-07-05,True,False,False,1.8587,Minor,2,kpi_003; kpi_005,Department contains provisional threshold KPIs,RISKPRIOR-20260728062026,2026-07-28T06:20:28.344471
HOSP-001,DEPT-DIAG,2026-07-05,True,True,False,20.4457,Material,2,kpi_003; kpi_005,Department contains provisional threshold KPIs; Provisional KPI materially affects department risk,RISKPRIOR-20260728062026,2026-07-28T06:20:28.344471
HOSP-001,DEPT-OPC,2026-07-05,True,False,False,5.5761,Minor,2,kpi_003; kpi_005,Department contains provisional threshold KPIs,RISKPRIOR-20260728062026,2026-07-28T06:20:28.344471
HOSP-001,DEPT-ADM,2026-07-05,True,False,False,0.0,None,2,kpi_003; kpi_005,Department contains provisional threshold KPIs,RISKPRIOR-20260728062026,2026-07-28T06:20:28.344471
HOSP-001,DEPT-ICU,2026-07-05,True,False,False,11.1522,Minor,2,kpi_003; kpi_005,Department contains provisional threshold KPIs,RISKPRIOR-20260728062026,2026-07-28T06:20:28.344471
HOSP-001,DEPT-OPC,2026-07-06,True,True,False,40.8913,Material,2,kpi_003; kpi_005,Department contains provisional threshold KPIs; Provisional KPI materially affects department risk,RISKPRIOR-20260728062026,2026-07-28T06:20:28.344471
HOSP-001,DEPT-SURG,2026-07-06,True,False,False,14.8696,Minor,2,kpi_003; kpi_005,Department contains provisional threshold KPIs,RISKPRIOR-20260728062026,2026-07-28T06:20:28.344471
HOSP-001,DEPT-ED,2026-07-06,True,False,False,1.8587,Minor,2,kpi_003; kpi_005,Department contains provisional threshold KPIs,RISKPRIOR-20260728062026,2026-07-28T06:20:28.344471
HOSP-001,DEPT-DIAG,2026-07-06,True,True,False,20.4457,Material,2,kpi_003; kpi_005,Department contains provisional threshold KPIs; Provisional KPI materially affects department risk,RISKPRIOR-20260728062026,2026-07-28T06:20:28.344471
HOSP-001,DEPT-ADM,2026-07-06,True,False,False,0.0,None,2,kpi_003; kpi_005,Department contains provisional threshold KPIs,RISKPRIOR-20260728062026,2026-07-28T06:20:28.344471
HOSP-001,DEPT-ICU,2026-07-06,True,False,False,11.1522,Minor,2,kpi_003; kpi_005,Department contains provisional threshold KPIs,RISKPRIOR-20260728062026,2026-07-28T06:20:28.344471
HOSP-001,DEPT-PEX,2026-07-06,True,False,False,0.0,None,2,kpi_003; kpi_005,Department contains provisional threshold KPIs,RISKPRIOR-20260728062026,2026-07-28T06:20:28.344471
HOSP-001,DEPT-MED,2026-07-06,True,False,False,14.8696,Minor,2,kpi_003; kpi_005,Department contains provisional threshold KPIs,RISKPRIOR-20260728062026,2026-07-28T06:20:28.344471
HOSP-001,DEPT-OPC,2026-07-07,True,True,False,79.9239,Material,2,kpi_003; kpi_005,Department contains provisional threshold KPIs; Provisional KPI materially affects department risk,RISKPRIOR-20260728062026,2026-07-28T06:20:28.344471
HOSP-001,DEPT-SURG,2026-07-07,True,True,False,85.5,Material,2,kpi_003; kpi_005,Department contains provisional threshold KPIs; Provisional KPI materially affects department risk,RISKPRIOR-20260728062026,2026-07-28T06:20:28.344471
HOSP-001,DEPT-ED,2026-07-07,True,True,False,57.6196,Material,2,kpi_003; kpi_005,Department contains provisional threshold KPIs; Provisional KPI materially affects department risk,RISKPRIOR-20260728062026,2026-07-28T06:20:28.344471
HOSP-001,DEPT-MED,2026-07-07,True,True,True,81.7826,Dominant,2,kpi_003; kpi_005,Department contains provisional threshold KPIs; Provisional KPI is dominant risk driver,RISKPRIOR-20260728062026,2026-07-28T06:20:28.344471
HOSP-001,DEPT-DIAG,2026-07-07,True,True,False,57.6196,Material,2,kpi_003; kpi_005,Department contains provisional threshold KPIs; Provisional KPI materially affects department risk,RISKPRIOR-20260728062026,2026-07-28T06:20:28.344471
HOSP-001,DEPT-ICU,2026-07-07,True,False,False,14.8696,Minor,2,kpi_003; kpi_005,Department contains provisional threshold KPIs,RISKPRIOR-20260728062026,2026-07-28T06:20:28.344471
HOSP-001,DEPT-PEX,2026-07-07,True,False,False,0.0,None,2,kpi_003; kpi_005,Department contains provisional threshold KPIs,RISKPRIOR-20260728062026,2026-07-28T06:20:28.344471
HOSP-001,DEPT-ADM,2026-07-07,True,False,False,0.0,None,2,kpi_003; kpi_005,Department contains provisional threshold KPIs,RISKPRIOR-20260728062026,2026-07-28T06:20:28.344471
HOSP-001,DEPT-OPC,2026-07-08,True,True,False,20.4457,Material,2,kpi_003; kpi_005,Department contains provisional threshold KPIs; Provisional KPI materially affects department risk,RISKPRIOR-20260728062026,2026-07-28T06:20:28.344471
HOSP-001,DEPT-PEX,2026-07-08,True,False,False,0.0,None,2,kpi_003; kpi_005,Department contains provisional threshold KPIs,RISKPRIOR-20260728062026,2026-07-28T06:20:28.344471
HOSP-001,DEPT-ICU,2026-07-08,True,True,True,85.5,Dominant,2,kpi_003; kpi_005,Department contains provisional threshold KPIs; Provisional KPI is dominant risk driver,RISKPRIOR-20260728062026,2026-07-28T06:20:28.344471
HOSP-001,DEPT-ED,2026-07-08,True,False,False,1.8587,Minor,2,kpi_003; kpi_005,Department contains provisional threshold KPIs,RISKPRIOR-20260728062026,2026-07-28T06:20:28.344471
HOSP-001,DEPT-SURG,2026-07-08,True,True,True,85.5,Dominant,2,kpi_003; kpi_005,Department contains provisional threshold KPIs; Provisional KPI is dominant risk driver,RISKPRIOR-20260728062026,2026-07-28T06:20:28.344471
HOSP-001,DEPT-DIAG,2026-07-08,True,False,False,1.8587,Minor,2,kpi_003; kpi_005,Department contains provisional threshold KPIs,RISKPRIOR-20260728062026,2026-07-28T06:20:28.344471
HOSP-001,DEPT-ADM,2026-07-08,True,False,False,0.0,None,2,kpi_003; kpi_005,Department contains provisional threshold KPIs,RISKPRIOR-20260728062026,2026-07-28T06:20:28.344471
HOSP-001,DEPT-MED,2026-07-08,True,False,False,11.1522,Minor,2,kpi_003; kpi_005,Department contains provisional threshold KPIs,RISKPRIOR-20260728062026,2026-07-28T06:20:28.344471
HOSP-001,DEPT-MED,2026-07-09,True,True,False,81.7826,Material,2,kpi_003; kpi_005,Department contains provisional threshold KPIs; Provisional KPI materially affects department risk,RISKPRIOR-20260728062026,2026-07-28T06:20:28.344471
HOSP-001,DEPT-PEX,2026-07-09,True,False,False,0.0,None,2,kpi_003; kpi_005,Department contains provisional threshold KPIs,RISKPRIOR-20260728062026,2026-07-28T06:20:28.344471
HOSP-001,DEPT-SURG,2026-07-09,True,True,False,46.4674,Material,2,kpi_003; kpi_005,Department contains provisional threshold KPIs; Provisional KPI materially affects department risk,RISKPRIOR-20260728062026,2026-07-28T06:20:28.344471
HOSP-001,DEPT-ICU,2026-07-09,True,True,True,85.5,Dominant,2,kpi_003; kpi_005,Department contains provisional threshold KPIs; Provisional KPI is dominant risk driver,RISKPRIOR-20260728062026,2026-07-28T06:20:28.344471
HOSP-001,DEPT-ED,2026-07-09,True,False,False,1.8587,Minor,2,kpi_003; kpi_005,Department contains provisional threshold KPIs,RISKPRIOR-20260728062026,2026-07-28T06:20:28.344471
HOSP-001,DEPT-OPC,2026-07-09,True,True,False,20.4457,Material,2,kpi_003; kpi_005,Department contains provisional threshold KPIs; Provisional KPI materially affects department risk,RISKPRIOR-20260728062026,2026-07-28T06:20:28.344471
HOSP-001,DEPT-ADM,2026-07-09,True,False,False,0.0,None,2,kpi_003; kpi_005,Department contains provisional threshold KPIs,RISKPRIOR-20260728062026,2026-07-28T06:20:28.344471
HOSP-001,DEPT-DIAG,2026-07-09,True,False,False,0.0,None,2,kpi_003; kpi_005,Department contains provisional threshold KPIs,RISKPRIOR-20260728062026,2026-07-28T06:20:28.344471
HOSP-001,DEPT-PEX,2026-07-10,True,False,False,0.0,None,2,kpi_003; kpi_005,Department contains provisional threshold KPIs,RISKPRIOR-20260728062026,2026-07-28T06:20:28.344471
HOSP-001,DEPT-DIAG,2026-07-10,True,False,False,1.8587,Minor,2,kpi_003; kpi_005,Department contains provisional threshold KPIs,RISKPRIOR-20260728062026,2026-07-28T06:20:28.344471
HOSP-001,DEPT-ED,2026-07-10,True,False,False,1.8587,Minor,2,kpi_003; kpi_005,Department contains provisional threshold KPIs,RISKPRIOR-20260728062026,2026-07-28T06:20:28.344471
HOSP-001,DEPT-ADM,2026-07-10,True,False,False,0.0,None,2,kpi_003; kpi_005,Department contains provisional threshold KPIs,RISKPRIOR-20260728062026,2026-07-28T06:20:28.344471
HOSP-001,DEPT-MED,2026-07-10,True,False,False,11.1522,Minor,2,kpi_003; kpi_005,Department contains provisional threshold KPIs,RISKPRIOR-20260728062026,2026-07-28T06:20:28.344471
HOSP-001,DEPT-OPC,2026-07-10,True,False,False,0.0,None,2,kpi_003; kpi_005,Department contains provisional threshold KPIs,RISKPRIOR-20260728062026,2026-07-28T06:20:28.344471
HOSP-001,DEPT-SURG,2026-07-10,True,False,False,14.8696,Minor,2,kpi_003; kpi_005,Department contains provisional threshold KPIs,RISKPRIOR-20260728062026,2026-07-28T06:20:28.344471
HOSP-001,DEPT-ICU,2026-07-10,True,False,False,14.8696,Minor,2,kpi_003; kpi_005,Department contains provisional threshold KPIs,RISKPRIOR-20260728062026,2026-07-28T06:20:28.344471
HOSP-001,DEPT-PEX,2026-07-11,True,False,False,0.0,None,2,kpi_003; kpi_005,Department contains provisional threshold KPIs,RISKPRIOR-20260728062026,2026-07-28T06:20:28.344471
HOSP-001,DEPT-ICU,2026-07-11,True,True,True,85.5,Dominant,2,kpi_003; kpi_005,Department contains provisional threshold KPIs; Provisional KPI is dominant risk driver,RISKPRIOR-20260728062026,2026-07-28T06:20:28.344471
HOSP-001,DEPT-MED,2026-07-11,True,True,True,85.5,Dominant,2,kpi_003; kpi_005,Department contains provisional threshold KPIs; Provisional KPI is dominant risk driver,RISKPRIOR-20260728062026,2026-07-28T06:20:28.344471
HOSP-001,DEPT-DIAG,2026-07-11,True,False,False,1.8587,Minor,2,kpi_003; kpi_005,Department contains provisional threshold KPIs,RISKPRIOR-20260728062026,2026-07-28T06:20:28.344471
HOSP-001,DEPT-OPC,2026-07-11,True,False,False,13.0109,Minor,2,kpi_003; kpi_005,Department contains provisional threshold KPIs,RISKPRIOR-20260728062026,2026-07-28T06:20:28.344471
HOSP-001,DEPT-SURG,2026-07-11,True,True,False,42.75,Material,2,kpi_003; kpi_005,Department contains provisional threshold KPIs; Provisional KPI materially affects department risk,RISKPRIOR-20260728062026,2026-07-28T06:20:28.344471
HOSP-001,DEPT-ED,2026-07-11,True,False,False,1.8587,Minor,2,kpi_003; kpi_005,Department contains provisional threshold KPIs,RISKPRIOR-20260728062026,2026-07-28T06:20:28.344471
HOSP-001,DEPT-ADM,2026-07-11,True,False,False,0.0,None,2,kpi_003; kpi_005,Department contains provisional threshold KPIs,RISKPRIOR-20260728062026,2026-07-28T06:20:28.344471
HOSP-001,DEPT-MED,2026-07-12,True,True,False,85.5,Material,2,kpi_003; kpi_005,Department contains provisional threshold KPIs; Provisional KPI materially affects department risk,RISKPRIOR-20260728062026,2026-07-28T06:20:28.344471
HOSP-001,DEPT-DIAG,2026-07-12,True,True,False,57.6196,Material,2,kpi_003; kpi_005,Department contains provisional threshold KPIs; Provisional KPI materially affects department risk,RISKPRIOR-20260728062026,2026-07-28T06:20:28.344471
HOSP-001,DEPT-ICU,2026-07-12,True,True,True,85.5,Dominant,2,kpi_003; kpi_005,Department contains provisional threshold KPIs; Provisional KPI is dominant risk driver,RISKPRIOR-20260728062026,2026-07-28T06:20:28.344471
HOSP-001,DEPT-OPC,2026-07-12,True,False,False,13.0109,Minor,2,kpi_003; kpi_005,Department contains provisional threshold KPIs,RISKPRIOR-20260728062026,2026-07-28T06:20:28.344471
HOSP-001,DEPT-ED,2026-07-12,True,False,False,1.8587,Minor,2,kpi_003; kpi_005,Department contains provisional threshold KPIs,RISKPRIOR-20260728062026,2026-07-28T06:20:28.344471
HOSP-001,DEPT-SURG,2026-07-12,True,False,False,14.8696,Minor,2,kpi_003; kpi_005,Department contains provisional threshold KPIs,RISKPRIOR-20260728062026,2026-07-28T06:20:28.344471
HOSP-001,DEPT-PEX,2026-07-12,True,False,False,0.0,None,2,kpi_003; kpi_005,Department contains provisional threshold KPIs,RISKPRIOR-20260728062026,2026-07-28T06:20:28.344471
HOSP-001,DEPT-ADM,2026-07-12,True,False,False,0.0,None,2,kpi_003; kpi_005,Department contains provisional threshold KPIs,RISKPRIOR-20260728062026,2026-07-28T06:20:28.344471
HOSP-001,DEPT-ED,2026-07-13,True,True,False,37.1739,Material,2,kpi_003; kpi_005,Department contains provisional threshold KPIs; Provisional KPI materially affects department risk,RISKPRIOR-20260728062026,2026-07-28T06:20:28.344471
HOSP-001,DEPT-PEX,2026-07-13,True,False,False,0.0,None,2,kpi_003; kpi_005,Department contains provisional threshold KPIs,RISKPRIOR-20260728062026,2026-07-28T06:20:28.344471
HOSP-001,DEPT-MED,2026-07-13,True,True,False,46.4674,Material,2,kpi_003; kpi_005,Department contains provisional threshold KPIs; Provisional KPI materially affects department risk,RISKPRIOR-20260728062026,2026-07-28T06:20:28.344471
HOSP-001,DEPT-DIAG,2026-07-13,True,False,False,1.8587,Minor,2,kpi_003; kpi_005,Department contains provisional threshold KPIs,RISKPRIOR-20260728062026,2026-07-28T06:20:28.344471
HOSP-001,DEPT-SURG,2026-07-13,True,True,False,46.4674,Material,2,kpi_003; kpi_005,Department contains provisional threshold KPIs; Provisional KPI materially affects department risk,RISKPRIOR-20260728062026,2026-07-28T06:20:28.344471
HOSP-001,DEPT-OPC,2026-07-13,True,False,False,5.5761,Minor,2,kpi_003; kpi_005,Department contains provisional threshold KPIs,RISKPRIOR-20260728062026,2026-07-28T06:20:28.344471
HOSP-001,DEPT-ICU,2026-07-13,True,False,False,11.1522,Minor,2,kpi_003; kpi_005,Department contains provisional threshold KPIs,RISKPRIOR-20260728062026,2026-07-28T06:20:28.344471
HOSP-001,DEPT-ADM,2026-07-13,True,False,False,0.0,None,2,kpi_003; kpi_005,Department contains provisional threshold KPIs,RISKPRIOR-20260728062026,2026-07-28T06:20:28.344471
HOSP-001,DEPT-ICU,2026-07-14,True,True,True,81.7826,Dominant,2,kpi_003; kpi_005,Department contains provisional threshold KPIs; Provisional KPI is dominant risk driver,RISKPRIOR-20260728062026,2026-07-28T06:20:28.344471
HOSP-001,DEPT-ED,2026-07-14,True,False,False,1.8587,Minor,2,kpi_003; kpi_005,Department contains provisional threshold KPIs,RISKPRIOR-20260728062026,2026-07-28T06:20:28.344471
HOSP-001,DEPT-SURG,2026-07-14,True,True,True,85.5,Dominant,2,kpi_003; kpi_005,Department contains provisional threshold KPIs; Provisional KPI is dominant risk driver,RISKPRIOR-20260728062026,2026-07-28T06:20:28.344471
HOSP-001,DEPT-DIAG,2026-07-14,True,True,False,57.6196,Material,2,kpi_003; kpi_005,Department contains provisional threshold KPIs; Provisional KPI materially affects department risk,RISKPRIOR-20260728062026,2026-07-28T06:20:28.344471
HOSP-001,DEPT-OPC,2026-07-14,True,False,False,1.8587,Minor,2,kpi_003; kpi_005,Department contains provisional threshold KPIs,RISKPRIOR-20260728062026,2026-07-28T06:20:28.344471
HOSP-001,DEPT-PEX,2026-07-14,True,False,False,0.0,None,2,kpi_003; kpi_005,Department contains provisional threshold KPIs,RISKPRIOR-20260728062026,2026-07-28T06:20:28.344471
HOSP-001,DEPT-MED,2026-07-14,True,False,False,14.8696,Minor,2,kpi_003; kpi_005,Department contains provisional threshold KPIs,RISKPRIOR-20260728062026,2026-07-28T06:20:28.344471
HOSP-001,DEPT-ADM,2026-07-14,True,False,False,0.0,None,2,kpi_003; kpi_005,Department contains provisional threshold KPIs,RISKPRIOR-20260728062026,2026-07-28T06:20:28.344471
HOSP-001,DEPT-ADM,2026-07-15,True,False,False,0.0,None,2,kpi_003; kpi_005,Department contains provisional threshold KPIs,RISKPRIOR-20260728062026,2026-07-28T06:20:28.344471
HOSP-001,DEPT-ED,2026-07-15,True,True,False,40.8913,Material,2,kpi_003; kpi_005,Department contains provisional threshold KPIs; Provisional KPI materially affects department risk,RISKPRIOR-20260728062026,2026-07-28T06:20:28.344471
HOSP-001,DEPT-MED,2026-07-15,True,True,True,85.5,Dominant,2,kpi_003; kpi_005,Department contains provisional threshold KPIs; Provisional KPI is dominant risk driver,RISKPRIOR-20260728062026,2026-07-28T06:20:28.344471
HOSP-001,DEPT-OPC,2026-07-15,True,True,False,61.337,Material,2,kpi_003; kpi_005,Department contains provisional threshold KPIs; Provisional KPI materially affects department risk,RISKPRIOR-20260728062026,2026-07-28T06:20:28.344471
HOSP-001,DEPT-DIAG,2026-07-15,True,False,False,0.0,None,2,kpi_003; kpi_005,Department contains provisional threshold KPIs,RISKPRIOR-20260728062026,2026-07-28T06:20:28.344471
HOSP-001,DEPT-ICU,2026-07-15,True,True,True,42.75,Dominant,2,kpi_003; kpi_005,Department contains provisional threshold KPIs; Provisional KPI is dominant risk driver,RISKPRIOR-20260728062026,2026-07-28T06:20:28.344471
HOSP-001,DEPT-SURG,2026-07-15,True,True,True,42.75,Dominant,2,kpi_003; kpi_005,Department contains provisional threshold KPIs; Provisional KPI is dominant risk driver,RISKPRIOR-20260728062026,2026-07-28T06:20:28.344471
HOSP-001,DEPT-PEX,2026-07-15,True,False,False,0.0,None,2,kpi_003; kpi_005,Department contains provisional threshold KPIs,RISKPRIOR-20260728062026,2026-07-28T06:20:28.344471
HOSP-001,DEPT-ICU,2026-07-16,True,True,False,81.7826,Material,2,kpi_003; kpi_005,Department contains provisional threshold KPIs; Provisional KPI materially affects department risk,RISKPRIOR-20260728062026,2026-07-28T06:20:28.344471
HOSP-001,DEPT-ADM,2026-07-16,True,False,False,0.0,None,2,kpi_003; kpi_005,Department contains provisional threshold KPIs,RISKPRIOR-20260728062026,2026-07-28T06:20:28.344471
HOSP-001,DEPT-SURG,2026-07-16,True,True,True,81.7826,Dominant,2,kpi_003; kpi_005,Department contains provisional threshold KPIs; Provisional KPI is dominant risk driver,RISKPRIOR-20260728062026,2026-07-28T06:20:28.344471
HOSP-001,DEPT-MED,2026-07-16,True,True,True,85.5,Dominant,2,kpi_003; kpi_005,Department contains provisional threshold KPIs; Provisional KPI is dominant risk driver,RISKPRIOR-20260728062026,2026-07-28T06:20:28.344471
HOSP-001,DEPT-DIAG,2026-07-16,True,False,False,1.8587,Minor,2,kpi_003; kpi_005,Department contains provisional threshold KPIs,RISKPRIOR-20260728062026,2026-07-28T06:20:28.344471
HOSP-001,DEPT-OPC,2026-07-16,True,False,False,5.5761,Minor,2,kpi_003; kpi_005,Department contains provisional threshold KPIs,RISKPRIOR-20260728062026,2026-07-28T06:20:28.344471
HOSP-001,DEPT-PEX,2026-07-16,True,False,False,0.0,None,2,kpi_003; kpi_005,Department contains provisional threshold KPIs,RISKPRIOR-20260728062026,2026-07-28T06:20:28.344471
HOSP-001,DEPT-ED,2026-07-16,True,False,False,5.5761,Minor,2,kpi_003; kpi_005,Department contains provisional threshold KPIs,RISKPRIOR-20260728062026,2026-07-28T06:20:28.344471
HOSP-001,DEPT-PEX,2026-07-17,True,False,False,0.0,None,2,kpi_003; kpi_005,Department contains provisional threshold KPIs,RISKPRIOR-20260728062026,2026-07-28T06:20:28.344471
HOSP-001,DEPT-SURG,2026-07-17,True,True,True,81.7826,Dominant,2,kpi_003; kpi_005,Department contains provisional threshold KPIs; Provisional KPI is dominant risk driver,RISKPRIOR-20260728062026,2026-07-28T06:20:28.344471
HOSP-001,DEPT-ICU,2026-07-17,True,True,True,81.7826,Dominant,2,kpi_003; kpi_005,Department contains provisional threshold KPIs; Provisional KPI is dominant risk driver,RISKPRIOR-20260728062026,2026-07-28T06:20:28.344471
HOSP-001,DEPT-MED,2026-07-17,True,True,False,46.4674,Material,2,kpi_003; kpi_005,Department contains provisional threshold KPIs; Provisional KPI materially affects department risk,RISKPRIOR-20260728062026,2026-07-28T06:20:28.344471
HOSP-001,DEPT-OPC,2026-07-17,True,False,False,5.5761,Minor,2,kpi_003; kpi_005,Department contains provisional threshold KPIs,RISKPRIOR-20260728062026,2026-07-28T06:20:28.344471
HOSP-001,DEPT-DIAG,2026-07-17,True,True,False,37.1739,Material,2,kpi_003; kpi_005,Department contains provisional threshold KPIs; Provisional KPI materially affects department risk,RISKPRIOR-20260728062026,2026-07-28T06:20:28.344471
HOSP-001,DEPT-ED,2026-07-17,True,True,False,20.4457,Material,2,kpi_003; kpi_005,Department contains provisional threshold KPIs; Provisional KPI materially affects department risk,RISKPRIOR-20260728062026,2026-07-28T06:20:28.344471
HOSP-001,DEPT-ADM,2026-07-17,True,False,False,0.0,None,2,kpi_003; kpi_005,Department contains provisional threshold KPIs,RISKPRIOR-20260728062026,2026-07-28T06:20:28.344471
HOSP-001,DEPT-ICU,2026-07-18,True,False,False,14.8696,Minor,2,kpi_003; kpi_005,Department contains provisional threshold KPIs,RISKPRIOR-20260728062026,2026-07-28T06:20:28.344471
HOSP-001,DEPT-SURG,2026-07-18,True,True,True,85.5,Dominant,2,kpi_003; kpi_005,Department contains provisional threshold KPIs; Provisional KPI is dominant risk driver,RISKPRIOR-20260728062026,2026-07-28T06:20:28.344471
HOSP-001,DEPT-MED,2026-07-18,True,True,True,81.7826,Dominant,2,kpi_003; kpi_005,Department contains provisional threshold KPIs; Provisional KPI is dominant risk driver,RISKPRIOR-20260728062026,2026-07-28T06:20:28.344471
HOSP-001,DEPT-ED,2026-07-18,True,True,False,55.7609,Material,2,kpi_003; kpi_005,Department contains provisional threshold KPIs; Provisional KPI materially affects department risk,RISKPRIOR-20260728062026,2026-07-28T06:20:28.344471
HOSP-001,DEPT-DIAG,2026-07-18,True,True,False,37.1739,Material,2,kpi_003; kpi_005,Department contains provisional threshold KPIs; Provisional KPI materially affects department risk,RISKPRIOR-20260728062026,2026-07-28T06:20:28.344471
HOSP-001,DEPT-ADM,2026-07-18,True,False,False,0.0,None,2,kpi_003; kpi_005,Department contains provisional threshold KPIs,RISKPRIOR-20260728062026,2026-07-28T06:20:28.344471
HOSP-001,DEPT-OPC,2026-07-18,True,False,False,0.0,None,2,kpi_003; kpi_005,Department contains provisional threshold KPIs,RISKPRIOR-20260728062026,2026-07-28T06:20:28.344471
HOSP-001,DEPT-PEX,2026-07-18,True,False,False,0.0,None,2,kpi_003; kpi_005,Department contains provisional threshold KPIs,RISKPRIOR-20260728062026,2026-07-28T06:20:28.344471
HOSP-001,DEPT-SURG,2026-07-19,True,True,True,85.5,Dominant,2,kpi_003; kpi_005,Department contains provisional threshold KPIs; Provisional KPI is dominant risk driver,RISKPRIOR-20260728062026,2026-07-28T06:20:28.344471
HOSP-001,DEPT-PEX,2026-07-19,True,False,False,0.0,None,2,kpi_003; kpi_005,Department contains provisional threshold KPIs,RISKPRIOR-20260728062026,2026-07-28T06:20:28.344471
HOSP-001,DEPT-ADM,2026-07-19,True,False,False,0.0,None,2,kpi_003; kpi_005,Department contains provisional threshold KPIs,RISKPRIOR-20260728062026,2026-07-28T06:20:28.344471
HOSP-001,DEPT-ICU,2026-07-19,True,True,True,85.5,Dominant,2,kpi_003; kpi_005,Department contains provisional threshold KPIs; Provisional KPI is dominant risk driver,RISKPRIOR-20260728062026,2026-07-28T06:20:28.344471
HOSP-001,DEPT-DIAG,2026-07-19,True,True,False,57.6196,Material,2,kpi_003; kpi_005,Department contains provisional threshold KPIs; Provisional KPI materially affects department risk,RISKPRIOR-20260728062026,2026-07-28T06:20:28.344471
HOSP-001,DEPT-MED,2026-07-19,True,False,False,11.1522,Minor,2,kpi_003; kpi_005,Department contains provisional threshold KPIs,RISKPRIOR-20260728062026,2026-07-28T06:20:28.344471
HOSP-001,DEPT-OPC,2026-07-19,True,False,False,5.5761,Minor,2,kpi_003; kpi_005,Department contains provisional threshold KPIs,RISKPRIOR-20260728062026,2026-07-28T06:20:28.344471
HOSP-001,DEPT-ED,2026-07-19,True,True,True,55.7609,Dominant,2,kpi_003; kpi_005,Department contains provisional threshold KPIs; Provisional KPI is dominant risk driver,RISKPRIOR-20260728062026,2026-07-28T06:20:28.344471
HOSP-001,DEPT-ICU,2026-07-20,True,True,True,85.5,Dominant,2,kpi_003; kpi_005,Department contains provisional threshold KPIs; Provisional KPI is dominant risk driver,RISKPRIOR-20260728062026,2026-07-28T06:20:28.344471
HOSP-001,DEPT-ED,2026-07-20,True,True,False,20.4457,Material,2,kpi_003; kpi_005,Department contains provisional threshold KPIs; Provisional KPI materially affects department risk,RISKPRIOR-20260728062026,2026-07-28T06:20:28.344471
HOSP-001,DEPT-DIAG,2026-07-20,True,True,False,57.6196,Material,2,kpi_003; kpi_005,Department contains provisional threshold KPIs; Provisional KPI materially affects department risk,RISKPRIOR-20260728062026,2026-07-28T06:20:28.344471
HOSP-001,DEPT-OPC,2026-07-20,True,False,False,5.5761,Minor,2,kpi_003; kpi_005,Department contains provisional threshold KPIs,RISKPRIOR-20260728062026,2026-07-28T06:20:28.344471
HOSP-001,DEPT-MED,2026-07-20,True,True,True,42.75,Dominant,2,kpi_003; kpi_005,Department contains provisional threshold KPIs; Provisional KPI is dominant risk driver,RISKPRIOR-20260728062026,2026-07-28T06:20:28.344471
HOSP-001,DEPT-SURG,2026-07-20,True,False,False,14.8696,Minor,2,kpi_003; kpi_005,Department contains provisional threshold KPIs,RISKPRIOR-20260728062026,2026-07-28T06:20:28.344471
HOSP-001,DEPT-PEX,2026-07-20,True,False,False,0.0,None,2,kpi_003; kpi_005,Department contains provisional threshold KPIs,RISKPRIOR-20260728062026,2026-07-28T06:20:28.344471
HOSP-001,DEPT-ADM,2026-07-20,True,False,False,0.0,None,2,kpi_003; kpi_005,Department contains provisional threshold KPIs,RISKPRIOR-20260728062026,2026-07-28T06:20:28.344471
HOSP-001,DEPT-DIAG,2026-07-21,True,True,False,65.0543,Material,2,kpi_003; kpi_005,Department contains provisional threshold KPIs; Provisional KPI materially affects department risk,RISKPRIOR-20260728062026,2026-07-28T06:20:28.344471
HOSP-001,DEPT-SURG,2026-07-21,True,True,True,81.7826,Dominant,2,kpi_003; kpi_005,Department contains provisional threshold KPIs; Provisional KPI is dominant risk driver,RISKPRIOR-20260728062026,2026-07-28T06:20:28.344471
HOSP-001,DEPT-ADM,2026-07-21,True,False,False,0.0,None,2,kpi_003; kpi_005,Department contains provisional threshold KPIs,RISKPRIOR-20260728062026,2026-07-28T06:20:28.344471
HOSP-001,DEPT-ED,2026-07-21,True,True,False,52.0435,Material,2,kpi_003; kpi_005,Department contains provisional threshold KPIs; Provisional KPI materially affects department risk,RISKPRIOR-20260728062026,2026-07-28T06:20:28.344471
HOSP-001,DEPT-OPC,2026-07-21,True,False,False,9.2935,Minor,2,kpi_003; kpi_005,Department contains provisional threshold KPIs,RISKPRIOR-20260728062026,2026-07-28T06:20:28.344471
HOSP-001,DEPT-ICU,2026-07-21,True,False,False,14.8696,Minor,2,kpi_003; kpi_005,Department contains provisional threshold KPIs,RISKPRIOR-20260728062026,2026-07-28T06:20:28.344471
HOSP-001,DEPT-MED,2026-07-21,True,True,True,42.75,Dominant,2,kpi_003; kpi_005,Department contains provisional threshold KPIs; Provisional KPI is dominant risk driver,RISKPRIOR-20260728062026,2026-07-28T06:20:28.344471
HOSP-001,DEPT-PEX,2026-07-21,True,False,False,0.0,None,2,kpi_003; kpi_005,Department contains provisional threshold KPIs,RISKPRIOR-20260728062026,2026-07-28T06:20:28.344471
HOSP-001,DEPT-DIAG,2026-07-22,True,False,False,13.0109,Minor,2,kpi_003; kpi_005,Department contains provisional threshold KPIs,RISKPRIOR-20260728062026,2026-07-28T06:20:28.344471
HOSP-001,DEPT-MED,2026-07-22,True,True,True,85.5,Dominant,2,kpi_003; kpi_005,Department contains provisional threshold KPIs; Provisional KPI is dominant risk driver,RISKPRIOR-20260728062026,2026-07-28T06:20:28.344471
HOSP-001,DEPT-SURG,2026-07-22,True,True,True,81.7826,Dominant,2,kpi_003; kpi_005,Department contains provisional threshold KPIs; Provisional KPI is dominant risk driver,RISKPRIOR-20260728062026,2026-07-28T06:20:28.344471
HOSP-001,DEPT-ED,2026-07-22,True,False,False,13.0109,Minor,2,kpi_003; kpi_005,Department contains provisional threshold KPIs,RISKPRIOR-20260728062026,2026-07-28T06:20:28.344471
HOSP-001,DEPT-PEX,2026-07-22,True,False,False,0.0,None,2,kpi_003; kpi_005,Department contains provisional threshold KPIs,RISKPRIOR-20260728062026,2026-07-28T06:20:28.344471
HOSP-001,DEPT-OPC,2026-07-22,True,True,False,61.337,Material,2,kpi_003; kpi_005,Department contains provisional threshold KPIs; Provisional KPI materially affects department risk,RISKPRIOR-20260728062026,2026-07-28T06:20:28.344471
HOSP-001,DEPT-ICU,2026-07-22,True,False,False,14.8696,Minor,2,kpi_003; kpi_005,Department contains provisional threshold KPIs,RISKPRIOR-20260728062026,2026-07-28T06:20:28.344471
HOSP-001,DEPT-ADM,2026-07-22,True,False,False,0.0,None,2,kpi_003; kpi_005,Department contains provisional threshold KPIs,RISKPRIOR-20260728062026,2026-07-28T06:20:28.344471
HOSP-001,DEPT-MED,2026-07-23,True,True,False,85.5,Material,2,kpi_003; kpi_005,Department contains provisional threshold KPIs; Provisional KPI materially affects department risk,RISKPRIOR-20260728062026,2026-07-28T06:20:28.344471
HOSP-001,DEPT-ICU,2026-07-23,True,True,True,85.5,Dominant,2,kpi_003; kpi_005,Department contains provisional threshold KPIs; Provisional KPI is dominant risk driver,RISKPRIOR-20260728062026,2026-07-28T06:20:28.344471
HOSP-001,DEPT-SURG,2026-07-23,True,True,True,81.7826,Dominant,2,kpi_003; kpi_005,Department contains provisional threshold KPIs; Provisional KPI is dominant risk driver,RISKPRIOR-20260728062026,2026-07-28T06:20:28.344471
HOSP-001,DEPT-OPC,2026-07-23,True,False,False,1.8587,Minor,2,kpi_003; kpi_005,Department contains provisional threshold KPIs,RISKPRIOR-20260728062026,2026-07-28T06:20:28.344471
HOSP-001,DEPT-DIAG,2026-07-23,True,True,False,55.7609,Material,2,kpi_003; kpi_005,Department contains provisional threshold KPIs; Provisional KPI materially affects department risk,RISKPRIOR-20260728062026,2026-07-28T06:20:28.344471
HOSP-001,DEPT-ED,2026-07-23,True,False,False,13.0109,Minor,2,kpi_003; kpi_005,Department contains provisional threshold KPIs,RISKPRIOR-20260728062026,2026-07-28T06:20:28.344471
HOSP-001,DEPT-ADM,2026-07-23,True,False,False,0.0,None,2,kpi_003; kpi_005,Department contains provisional threshold KPIs,RISKPRIOR-20260728062026,2026-07-28T06:20:28.344471
HOSP-001,DEPT-PEX,2026-07-23,True,False,False,0.0,None,2,kpi_003; kpi_005,Department contains provisional threshold KPIs,RISKPRIOR-20260728062026,2026-07-28T06:20:28.344471
HOSP-001,DEPT-DIAG,2026-07-24,True,True,False,55.7609,Material,2,kpi_003; kpi_005,Department contains provisional threshold KPIs; Provisional KPI materially affects department risk,RISKPRIOR-20260728062026,2026-07-28T06:20:28.344471
HOSP-001,DEPT-ICU,2026-07-24,True,True,True,85.5,Dominant,2,kpi_003; kpi_005,Department contains provisional threshold KPIs; Provisional KPI is dominant risk driver,RISKPRIOR-20260728062026,2026-07-28T06:20:28.344471
HOSP-001,DEPT-SURG,2026-07-24,True,False,False,11.1522,Minor,2,kpi_003; kpi_005,Department contains provisional threshold KPIs,RISKPRIOR-20260728062026,2026-07-28T06:20:28.344471
HOSP-001,DEPT-MED,2026-07-24,True,False,False,11.1522,Minor,2,kpi_003; kpi_005,Department contains provisional threshold KPIs,RISKPRIOR-20260728062026,2026-07-28T06:20:28.344471
HOSP-001,DEPT-ED,2026-07-24,True,False,False,13.0109,Minor,2,kpi_003; kpi_005,Department contains provisional threshold KPIs,RISKPRIOR-20260728062026,2026-07-28T06:20:28.344471
HOSP-001,DEPT-OPC,2026-07-24,True,False,False,1.8587,Minor,2,kpi_003; kpi_005,Department contains provisional threshold KPIs,RISKPRIOR-20260728062026,2026-07-28T06:20:28.344471
HOSP-001,DEPT-PEX,2026-07-24,True,False,False,0.0,None,2,kpi_003; kpi_005,Department contains provisional threshold KPIs,RISKPRIOR-20260728062026,2026-07-28T06:20:28.344471
HOSP-001,DEPT-ADM,2026-07-24,True,False,False,0.0,None,2,kpi_003; kpi_005,Department contains provisional threshold KPIs,RISKPRIOR-20260728062026,2026-07-28T06:20:28.344471
HOSP-001,DEPT-DIAG,2026-07-25,True,False,False,0.0,None,2,kpi_003; kpi_005,Department contains provisional threshold KPIs,RISKPRIOR-20260728062026,2026-07-28T06:20:28.344471
HOSP-001,DEPT-ICU,2026-07-25,True,True,False,81.7826,Material,2,kpi_003; kpi_005,Department contains provisional threshold KPIs; Provisional KPI materially affects department risk,RISKPRIOR-20260728062026,2026-07-28T06:20:28.344471
HOSP-001,DEPT-SURG,2026-07-25,True,True,True,81.7826,Dominant,2,kpi_003; kpi_005,Department contains provisional threshold KPIs; Provisional KPI is dominant risk driver,RISKPRIOR-20260728062026,2026-07-28T06:20:28.344471
HOSP-001,DEPT-MED,2026-07-25,True,True,True,81.7826,Dominant,2,kpi_003; kpi_005,Department contains provisional threshold KPIs; Provisional KPI is dominant risk driver,RISKPRIOR-20260728062026,2026-07-28T06:20:28.344471
HOSP-001,DEPT-ED,2026-07-25,True,True,False,20.4457,Material,2,kpi_003; kpi_005,Department contains provisional threshold KPIs; Provisional KPI materially affects department risk,RISKPRIOR-20260728062026,2026-07-28T06:20:28.344471
HOSP-001,DEPT-OPC,2026-07-25,True,False,False,1.8587,Minor,2,kpi_003; kpi_005,Department contains provisional threshold KPIs,RISKPRIOR-20260728062026,2026-07-28T06:20:28.344471
HOSP-001,DEPT-PEX,2026-07-25,True,False,False,0.0,None,2,kpi_003; kpi_005,Department contains provisional threshold KPIs,RISKPRIOR-20260728062026,2026-07-28T06:20:28.344471
HOSP-001,DEPT-ADM,2026-07-25,True,False,False,0.0,None,2,kpi_003; kpi_005,Department contains provisional threshold KPIs,RISKPRIOR-20260728062026,2026-07-28T06:20:28.344471
HOSP-001,DEPT-DIAG,2026-07-26,True,True,False,20.4457,Material,2,kpi_003; kpi_005,Department contains provisional threshold KPIs; Provisional KPI materially affects department risk,RISKPRIOR-20260728062026,2026-07-28T06:20:28.344471
HOSP-001,DEPT-ICU,2026-07-26,True,True,True,81.7826,Dominant,2,kpi_003; kpi_005,Department contains provisional threshold KPIs; Provisional KPI is dominant risk driver,RISKPRIOR-20260728062026,2026-07-28T06:20:28.344471
HOSP-001,DEPT-ADM,2026-07-26,True,False,False,0.0,None,2,kpi_003; kpi_005,Department contains provisional threshold KPIs,RISKPRIOR-20260728062026,2026-07-28T06:20:28.344471
HOSP-001,DEPT-MED,2026-07-26,True,False,False,11.1522,Minor,2,kpi_003; kpi_005,Department contains provisional threshold KPIs,RISKPRIOR-20260728062026,2026-07-28T06:20:28.344471
HOSP-001,DEPT-ED,2026-07-26,True,True,False,20.4457,Material,2,kpi_003; kpi_005,Department contains provisional threshold KPIs; Provisional KPI materially affects department risk,RISKPRIOR-20260728062026,2026-07-28T06:20:28.344471
HOSP-001,DEPT-SURG,2026-07-26,True,False,False,11.1522,Minor,2,kpi_003; kpi_005,Department contains provisional threshold KPIs,RISKPRIOR-20260728062026,2026-07-28T06:20:28.344471
HOSP-001,DEPT-OPC,2026-07-26,True,True,False,57.6196,Material,2,kpi_003; kpi_005,Department contains provisional threshold KPIs; Provisional KPI materially affects department risk,RISKPRIOR-20260728062026,2026-07-28T06:20:28.344471
HOSP-001,DEPT-PEX,2026-07-26,True,False,False,0.0,None,2,kpi_003; kpi_005,Department contains provisional threshold KPIs,RISKPRIOR-20260728062026,2026-07-28T06:20:28.344471
HOSP-001,DEPT-MED,2026-07-27,True,True,True,85.5,Dominant,2,kpi_003; kpi_005,Department contains provisional threshold KPIs; Provisional KPI is dominant risk driver,RISKPRIOR-20260728062026,2026-07-28T06:20:28.344471
HOSP-001,DEPT-DIAG,2026-07-27,True,True,False,57.6196,Material,2,kpi_003; kpi_005,Department contains provisional threshold KPIs; Provisional KPI materially affects department risk,RISKPRIOR-20260728062026,2026-07-28T06:20:28.344471
HOSP-001,DEPT-PEX,2026-07-27,True,False,False,0.0,None,2,kpi_003; kpi_005,Department contains provisional threshold KPIs,RISKPRIOR-20260728062026,2026-07-28T06:20:28.344471
HOSP-001,DEPT-SURG,2026-07-27,True,True,False,42.75,Material,2,kpi_003; kpi_005,Department contains provisional threshold KPIs; Provisional KPI materially affects department risk,RISKPRIOR-20260728062026,2026-07-28T06:20:28.344471
HOSP-001,DEPT-ED,2026-07-27,True,True,False,20.4457,Material,2,kpi_003; kpi_005,Department contains provisional threshold KPIs; Provisional KPI materially affects department risk,RISKPRIOR-20260728062026,2026-07-28T06:20:28.344471
HOSP-001,DEPT-OPC,2026-07-27,True,False,False,13.0109,Minor,2,kpi_003; kpi_005,Department contains provisional threshold KPIs,RISKPRIOR-20260728062026,2026-07-28T06:20:28.344471
HOSP-001,DEPT-ADM,2026-07-27,True,False,False,0.0,None,2,kpi_003; kpi_005,Department contains provisional threshold KPIs,RISKPRIOR-20260728062026,2026-07-28T06:20:28.344471
HOSP-001,DEPT-ICU,2026-07-27,True,False,False,14.8696,Minor,2,kpi_003; kpi_005,Department contains provisional threshold KPIs,RISKPRIOR-20260728062026,2026-07-28T06:20:28.344471
HOSP-001,DEPT-MED,2026-07-28,True,True,False,85.5,Material,2,kpi_003; kpi_005,Department contains provisional threshold KPIs; Provisional KPI materially affects department risk,RISKPRIOR-20260728062026,2026-07-28T06:20:28.344471
HOSP-001,DEPT-ICU,2026-07-28,True,True,True,85.5,Dominant,2,kpi_003; kpi_005,Department contains provisional threshold KPIs; Provisional KPI is dominant risk driver,RISKPRIOR-20260728062026,2026-07-28T06:20:28.344471
HOSP-001,DEPT-DIAG,2026-07-28,True,False,False,1.8587,Minor,2,kpi_003; kpi_005,Department contains provisional threshold KPIs,RISKPRIOR-20260728062026,2026-07-28T06:20:28.344471
HOSP-001,DEPT-ED,2026-07-28,True,False,False,0.0,None,2,kpi_003; kpi_005,Department contains provisional threshold KPIs,RISKPRIOR-20260728062026,2026-07-28T06:20:28.344471
HOSP-001,DEPT-OPC,2026-07-28,True,True,True,65.0543,Dominant,2,kpi_003; kpi_005,Department contains provisional threshold KPIs; Provisional KPI is dominant risk driver,RISKPRIOR-20260728062026,2026-07-28T06:20:28.344471
HOSP-001,DEPT-PEX,2026-07-28,True,False,False,0.0,None,2,kpi_003; kpi_005,Department contains provisional threshold KPIs,RISKPRIOR-20260728062026,2026-07-28T06:20:28.344471
HOSP-001,DEPT-SURG,2026-07-28,True,False,False,14.8696,Minor,2,kpi_003; kpi_005,Department contains provisional threshold KPIs,RISKPRIOR-20260728062026,2026-07-28T06:20:28.344471
HOSP-001,DEPT-ADM,2026-07-28,True,False,False,0.0,None,2,kpi_003; kpi_005,Department contains provisional threshold KPIs,RISKPRIOR-20260728062026,2026-07-28T06:20:28.344471
HOSP-001,DEPT-DIAG,2026-07-29,True,True,False,65.0543,Material,2,kpi_003; kpi_005,Department contains provisional threshold KPIs; Provisional KPI materially affects department risk,RISKPRIOR-20260728062026,2026-07-28T06:20:28.344471
HOSP-001,DEPT-ICU,2026-07-29,True,True,True,85.5,Dominant,2,kpi_003; kpi_005,Department contains provisional threshold KPIs; Provisional KPI is dominant risk driver,RISKPRIOR-20260728062026,2026-07-28T06:20:28.344471
HOSP-001,DEPT-PEX,2026-07-29,True,False,False,0.0,None,2,kpi_003; kpi_005,Department contains provisional threshold KPIs,RISKPRIOR-20260728062026,2026-07-28T06:20:28.344471
HOSP-001,DEPT-ED,2026-07-29,True,False,False,13.0109,Minor,2,kpi_003; kpi_005,Department contains provisional threshold KPIs,RISKPRIOR-20260728062026,2026-07-28T06:20:28.344471
HOSP-001,DEPT-ADM,2026-07-29,True,False,False,0.0,None,2,kpi_003; kpi_005,Department contains provisional threshold KPIs,RISKPRIOR-20260728062026,2026-07-28T06:20:28.344471
HOSP-001,DEPT-SURG,2026-07-29,True,True,False,46.4674,Material,2,kpi_003; kpi_005,Department contains provisional threshold KPIs; Provisional KPI materially affects department risk,RISKPRIOR-20260728062026,2026-07-28T06:20:28.344471
HOSP-001,DEPT-OPC,2026-07-29,True,True,False,20.4457,Material,2,kpi_003; kpi_005,Department contains provisional threshold KPIs; Provisional KPI materially affects department risk,RISKPRIOR-20260728062026,2026-07-28T06:20:28.344471
HOSP-001,DEPT-MED,2026-07-29,True,False,False,14.8696,Minor,2,kpi_003; kpi_005,Department contains provisional threshold KPIs,RISKPRIOR-20260728062026,2026-07-28T06:20:28.344471
HOSP-001,DEPT-DIAG,2026-07-30,True,True,False,52.0435,Material,2,kpi_003; kpi_005,Department contains provisional threshold KPIs; Provisional KPI materially affects department risk,RISKPRIOR-20260728062026,2026-07-28T06:20:28.344471
HOSP-001,DEPT-SURG,2026-07-30,True,True,True,85.5,Dominant,2,kpi_003; kpi_005,Department contains provisional threshold KPIs; Provisional KPI is dominant risk driver,RISKPRIOR-20260728062026,2026-07-28T06:20:28.344471
HOSP-001,DEPT-ED,2026-07-30,True,False,False,13.0109,Minor,2,kpi_003; kpi_005,Department contains provisional threshold KPIs,RISKPRIOR-20260728062026,2026-07-28T06:20:28.344471
HOSP-001,DEPT-ICU,2026-07-30,True,False,False,11.1522,Minor,2,kpi_003; kpi_005,Department contains provisional threshold KPIs,RISKPRIOR-20260728062026,2026-07-28T06:20:28.344471
HOSP-001,DEPT-PEX,2026-07-30,True,False,False,0.0,None,2,kpi_003; kpi_005,Department contains provisional threshold KPIs,RISKPRIOR-20260728062026,2026-07-28T06:20:28.344471
HOSP-001,DEPT-MED,2026-07-30,True,True,True,46.4674,Dominant,2,kpi_003; kpi_005,Department contains provisional threshold KPIs; Provisional KPI is dominant risk driver,RISKPRIOR-20260728062026,2026-07-28T06:20:28.344471
HOSP-001,DEPT-OPC,2026-07-30,True,True,False,20.4457,Material,2,kpi_003; kpi_005,Department contains provisional threshold KPIs; Provisional KPI materially affects department risk,RISKPRIOR-20260728062026,2026-07-28T06:20:28.344471
HOSP-001,DEPT-ADM,2026-07-30,True,False,False,0.0,None,2,kpi_003; kpi_005,Department contains provisional threshold KPIs,RISKPRIOR-20260728062026,2026-07-28T06:20:28.344471
HOSP-001,DEPT-DIAG,2026-07-31,True,True,False,65.0543,Material,2,kpi_003; kpi_005,Department contains provisional threshold KPIs; Provisional KPI materially affects department risk,RISKPRIOR-20260728062026,2026-07-28T06:20:28.344471
HOSP-001,DEPT-MED,2026-07-31,True,True,True,85.5,Dominant,2,kpi_003; kpi_005,Department contains provisional threshold KPIs; Provisional KPI is dominant risk driver,RISKPRIOR-20260728062026,2026-07-28T06:20:28.344471
HOSP-001,DEPT-ED,2026-07-31,True,True,False,52.0435,Material,2,kpi_003; kpi_005,Department contains provisional threshold KPIs; Provisional KPI materially affects department risk,RISKPRIOR-20260728062026,2026-07-28T06:20:28.344471
HOSP-001,DEPT-ICU,2026-07-31,True,False,False,11.1522,Minor,2,kpi_003; kpi_005,Department contains provisional threshold KPIs,RISKPRIOR-20260728062026,2026-07-28T06:20:28.344471
HOSP-001,DEPT-SURG,2026-07-31,True,True,False,42.75,Material,2,kpi_003; kpi_005,Department contains provisional threshold KPIs; Provisional KPI materially affects department risk,RISKPRIOR-20260728062026,2026-07-28T06:20:28.344471
HOSP-001,DEPT-PEX,2026-07-31,True,False,False,0.0,None,2,kpi_003; kpi_005,Department contains provisional threshold KPIs,RISKPRIOR-20260728062026,2026-07-28T06:20:28.344471
HOSP-001,DEPT-OPC,2026-07-31,True,True,False,20.4457,Material,2,kpi_003; kpi_005,Department contains provisional threshold KPIs; Provisional KPI materially affects department risk,RISKPRIOR-20260728062026,2026-07-28T06:20:28.344471
HOSP-001,DEPT-ADM,2026-07-31,True,False,False,0.0,None,2,kpi_003; kpi_005,Department contains provisional threshold KPIs,RISKPRIOR-20260728062026,2026-07-28T06:20:28.344471
HOSP-001,DEPT-ICU,2026-08-01,True,True,False,44.6087,Material,2,kpi_003; kpi_005,Department contains provisional threshold KPIs; Provisional KPI materially affects department risk,RISKPRIOR-20260728062026,2026-07-28T06:20:28.344471
HOSP-001,DEPT-MED,2026-08-01,True,True,True,46.4674,Dominant,2,kpi_003; kpi_005,Department contains provisional threshold KPIs; Provisional KPI is dominant risk driver,RISKPRIOR-20260728062026,2026-07-28T06:20:28.344471
HOSP-001,DEPT-SURG,2026-08-01,True,True,True,42.75,Dominant,2,kpi_003; kpi_005,Department contains provisional threshold KPIs; Provisional KPI is dominant risk driver,RISKPRIOR-20260728062026,2026-07-28T06:20:28.344471
HOSP-001,DEPT-DIAG,2026-08-01,True,False,False,13.0109,Minor,2,kpi_003; kpi_005,Department contains provisional threshold KPIs,RISKPRIOR-20260728062026,2026-07-28T06:20:28.344471
HOSP-001,DEPT-OPC,2026-08-01,True,False,False,13.0109,Minor,2,kpi_003; kpi_005,Department contains provisional threshold KPIs,RISKPRIOR-20260728062026,2026-07-28T06:20:28.344471
HOSP-001,DEPT-PEX,2026-08-01,True,False,False,0.0,None,2,kpi_003; kpi_005,Department contains provisional threshold KPIs,RISKPRIOR-20260728062026,2026-07-28T06:20:28.344471
HOSP-001,DEPT-ED,2026-08-01,True,True,True,13.0109,Dominant,2,kpi_003; kpi_005,Department contains provisional threshold KPIs; Provisional KPI is dominant risk driver,RISKPRIOR-20260728062026,2026-07-28T06:20:28.344471
HOSP-001,DEPT-ADM,2026-08-01,True,False,False,0.0,None,2,kpi_003; kpi_005,Department contains provisional threshold KPIs,RISKPRIOR-20260728062026,2026-07-28T06:20:28.344471
HOSP-001,DEPT-MED,2026-08-02,True,True,False,44.6087,Material,2,kpi_003; kpi_005,Department contains provisional threshold KPIs; Provisional KPI materially affects department risk,RISKPRIOR-20260728062026,2026-07-28T06:20:28.344471
HOSP-001,DEPT-SURG,2026-08-02,True,True,False,44.6087,Material,2,kpi_003; kpi_005,Department contains provisional threshold KPIs; Provisional KPI materially affects department risk,RISKPRIOR-20260728062026,2026-07-28T06:20:28.344471
HOSP-001,DEPT-OPC,2026-08-02,True,False,False,13.0109,Minor,2,kpi_003; kpi_005,Department contains provisional threshold KPIs,RISKPRIOR-20260728062026,2026-07-28T06:20:28.344471
HOSP-001,DEPT-DIAG,2026-08-02,True,True,True,52.0435,Dominant,2,kpi_003; kpi_005,Department contains provisional threshold KPIs; Provisional KPI is dominant risk driver,RISKPRIOR-20260728062026,2026-07-28T06:20:28.344471
HOSP-001,DEPT-ICU,2026-08-02,True,False,False,14.8696,Minor,2,kpi_003; kpi_005,Department contains provisional threshold KPIs,RISKPRIOR-20260728062026,2026-07-28T06:20:28.344471
HOSP-001,DEPT-ED,2026-08-02,True,True,True,13.0109,Dominant,2,kpi_003; kpi_005,Department contains provisional threshold KPIs; Provisional KPI is dominant risk driver,RISKPRIOR-20260728062026,2026-07-28T06:20:28.344471
HOSP-001,DEPT-PEX,2026-08-02,True,False,False,0.0,None,2,kpi_003; kpi_005,Department contains provisional threshold KPIs,RISKPRIOR-20260728062026,2026-07-28T06:20:28.344471
HOSP-001,DEPT-ADM,2026-08-02,True,False,False,0.0,None,2,kpi_003; kpi_005,Department contains provisional threshold KPIs,RISKPRIOR-20260728062026,2026-07-28T06:20:28.344471
HOSP-001,DEPT-SURG,2026-08-03,True,False,False,11.1522,Minor,2,kpi_003; kpi_005,Department contains provisional threshold KPIs,RISKPRIOR-20260728062026,2026-07-28T06:20:28.344471
HOSP-001,DEPT-MED,2026-08-03,True,False,False,7.4348,Minor,2,kpi_003; kpi_005,Department contains provisional threshold KPIs,RISKPRIOR-20260728062026,2026-07-28T06:20:28.344471
HOSP-001,DEPT-ED,2026-08-03,True,False,False,13.0109,Minor,2,kpi_003; kpi_005,Department contains provisional threshold KPIs,RISKPRIOR-20260728062026,2026-07-28T06:20:28.344471
HOSP-001,DEPT-ADM,2026-08-03,True,False,False,0.0,None,2,kpi_003; kpi_005,Department contains provisional threshold KPIs,RISKPRIOR-20260728062026,2026-07-28T06:20:28.344471
HOSP-001,DEPT-PEX,2026-08-03,True,False,False,0.0,None,2,kpi_003; kpi_005,Department contains provisional threshold KPIs,RISKPRIOR-20260728062026,2026-07-28T06:20:28.344471
HOSP-001,DEPT-ICU,2026-08-03,True,False,False,14.8696,Minor,2,kpi_003; kpi_005,Department contains provisional threshold KPIs,RISKPRIOR-20260728062026,2026-07-28T06:20:28.344471
HOSP-001,DEPT-OPC,2026-08-03,True,False,False,5.5761,Minor,2,kpi_003; kpi_005,Department contains provisional threshold KPIs,RISKPRIOR-20260728062026,2026-07-28T06:20:28.344471
HOSP-001,DEPT-DIAG,2026-08-03,True,True,True,13.0109,Dominant,2,kpi_003; kpi_005,Department contains provisional threshold KPIs; Provisional KPI is dominant risk driver,RISKPRIOR-20260728062026,2026-07-28T06:20:28.344471
HOSP-001,DEPT-DIAG,2026-08-04,True,True,False,55.7609,Material,2,kpi_003; kpi_005,Department contains provisional threshold KPIs; Provisional KPI materially affects department risk,RISKPRIOR-20260728062026,2026-07-28T06:20:28.344471
HOSP-001,DEPT-ICU,2026-08-04,True,True,True,40.8913,Dominant,2,kpi_003; kpi_005,Department contains provisional threshold KPIs; Provisional KPI is dominant risk driver,RISKPRIOR-20260728062026,2026-07-28T06:20:28.344471
HOSP-001,DEPT-ED,2026-08-04,True,False,False,0.0,None,2,kpi_003; kpi_005,Department contains provisional threshold KPIs,RISKPRIOR-20260728062026,2026-07-28T06:20:28.344471
HOSP-001,DEPT-MED,2026-08-04,True,True,True,44.6087,Dominant,2,kpi_003; kpi_005,Department contains provisional threshold KPIs; Provisional KPI is dominant risk driver,RISKPRIOR-20260728062026,2026-07-28T06:20:28.344471
HOSP-001,DEPT-OPC,2026-08-04,True,False,False,1.8587,Minor,2,kpi_003; kpi_005,Department contains provisional threshold KPIs,RISKPRIOR-20260728062026,2026-07-28T06:20:28.344471
HOSP-001,DEPT-SURG,2026-08-04,True,False,False,11.1522,Minor,2,kpi_003; kpi_005,Department contains provisional threshold KPIs,RISKPRIOR-20260728062026,2026-07-28T06:20:28.344471
HOSP-001,DEPT-PEX,2026-08-04,True,False,False,0.0,None,2,kpi_003; kpi_005,Department contains provisional threshold KPIs,RISKPRIOR-20260728062026,2026-07-28T06:20:28.344471
HOSP-001,DEPT-ADM,2026-08-04,True,False,False,0.0,None,2,kpi_003; kpi_005,Department contains provisional threshold KPIs,RISKPRIOR-20260728062026,2026-07-28T06:20:28.344471
HOSP-001,DEPT-PEX,2026-08-05,True,False,False,0.0,None,2,kpi_003; kpi_005,Department contains provisional threshold KPIs,RISKPRIOR-20260728062026,2026-07-28T06:20:28.344471
HOSP-001,DEPT-DIAG,2026-08-05,True,True,False,55.7609,Material,2,kpi_003; kpi_005,Department contains provisional threshold KPIs; Provisional KPI materially affects department risk,RISKPRIOR-20260728062026,2026-07-28T06:20:28.344471
HOSP-001,DEPT-ED,2026-08-05,True,False,False,1.8587,Minor,2,kpi_003; kpi_005,Department contains provisional threshold KPIs,RISKPRIOR-20260728062026,2026-07-28T06:20:28.344471
HOSP-001,DEPT-OPC,2026-08-05,True,False,False,1.8587,Minor,2,kpi_003; kpi_005,Department contains provisional threshold KPIs,RISKPRIOR-20260728062026,2026-07-28T06:20:28.344471
HOSP-001,DEPT-ICU,2026-08-05,True,True,True,40.8913,Dominant,2,kpi_003; kpi_005,Department contains provisional threshold KPIs; Provisional KPI is dominant risk driver,RISKPRIOR-20260728062026,2026-07-28T06:20:28.344471
HOSP-001,DEPT-MED,2026-08-05,True,False,False,11.1522,Minor,2,kpi_003; kpi_005,Department contains provisional threshold KPIs,RISKPRIOR-20260728062026,2026-07-28T06:20:28.344471
HOSP-001,DEPT-SURG,2026-08-05,True,False,False,7.4348,Minor,2,kpi_003; kpi_005,Department contains provisional threshold KPIs,RISKPRIOR-20260728062026,2026-07-28T06:20:28.344471
HOSP-001,DEPT-ADM,2026-08-05,True,False,False,0.0,None,2,kpi_003; kpi_005,Department contains provisional threshold KPIs,RISKPRIOR-20260728062026,2026-07-28T06:20:28.344471
HOSP-001,DEPT-PEX,2026-08-06,True,False,False,0.0,None,2,kpi_003; kpi_005,Department contains provisional threshold KPIs,RISKPRIOR-20260728062026,2026-07-28T06:20:28.344471
HOSP-001,DEPT-DIAG,2026-08-06,True,True,False,20.4457,Material,2,kpi_003; kpi_005,Department contains provisional threshold KPIs; Provisional KPI materially affects department risk,RISKPRIOR-20260728062026,2026-07-28T06:20:28.344471
HOSP-001,DEPT-ICU,2026-08-06,True,False,False,11.1522,Minor,2,kpi_003; kpi_005,Department contains provisional threshold KPIs,RISKPRIOR-20260728062026,2026-07-28T06:20:28.344471
HOSP-001,DEPT-MED,2026-08-06,True,False,False,14.8696,Minor,2,kpi_003; kpi_005,Department contains provisional threshold KPIs,RISKPRIOR-20260728062026,2026-07-28T06:20:28.344471
HOSP-001,DEPT-OPC,2026-08-06,True,False,False,1.8587,Minor,2,kpi_003; kpi_005,Department contains provisional threshold KPIs,RISKPRIOR-20260728062026,2026-07-28T06:20:28.344471
HOSP-001,DEPT-ADM,2026-08-06,True,False,False,0.0,None,2,kpi_003; kpi_005,Department contains provisional threshold KPIs,RISKPRIOR-20260728062026,2026-07-28T06:20:28.344471
HOSP-001,DEPT-SURG,2026-08-06,True,True,True,11.1522,Dominant,2,kpi_003; kpi_005,Department contains provisional threshold KPIs; Provisional KPI is dominant risk driver,RISKPRIOR-20260728062026,2026-07-28T06:20:28.344471
HOSP-001,DEPT-ED,2026-08-06,True,False,False,1.8587,Minor,2,kpi_003; kpi_005,Department contains provisional threshold KPIs,RISKPRIOR-20260728062026,2026-07-28T06:20:28.344471
HOSP-001,DEPT-MED,2026-08-07,True,True,True,44.6087,Dominant,2,kpi_003; kpi_005,Department contains provisional threshold KPIs; Provisional KPI is dominant risk driver,RISKPRIOR-20260728062026,2026-07-28T06:20:28.344471
HOSP-001,DEPT-ICU,2026-08-07,True,True,True,40.8913,Dominant,2,kpi_003; kpi_005,Department contains provisional threshold KPIs; Provisional KPI is dominant risk driver,RISKPRIOR-20260728062026,2026-07-28T06:20:28.344471
HOSP-001,DEPT-DIAG,2026-08-07,True,False,False,0.0,None,2,kpi_003; kpi_005,Department contains provisional threshold KPIs,RISKPRIOR-20260728062026,2026-07-28T06:20:28.344471
HOSP-001,DEPT-PEX,2026-08-07,True,False,False,0.0,None,2,kpi_003; kpi_005,Department contains provisional threshold KPIs,RISKPRIOR-20260728062026,2026-07-28T06:20:28.344471
HOSP-001,DEPT-OPC,2026-08-07,True,False,False,1.8587,Minor,2,kpi_003; kpi_005,Department contains provisional threshold KPIs,RISKPRIOR-20260728062026,2026-07-28T06:20:28.344471
HOSP-001,DEPT-SURG,2026-08-07,True,True,True,14.8696,Dominant,2,kpi_003; kpi_005,Department contains provisional threshold KPIs; Provisional KPI is dominant risk driver,RISKPRIOR-20260728062026,2026-07-28T06:20:28.344471
HOSP-001,DEPT-ADM,2026-08-07,True,False,False,0.0,None,2,kpi_003; kpi_005,Department contains provisional threshold KPIs,RISKPRIOR-20260728062026,2026-07-28T06:20:28.344471
HOSP-001,DEPT-ED,2026-08-07,True,False,False,1.8587,Minor,2,kpi_003; kpi_005,Department contains provisional threshold KPIs,RISKPRIOR-20260728062026,2026-07-28T06:20:28.344471
HOSP-001,DEPT-OPC,2026-08-08,True,True,True,57.6196,Dominant,2,kpi_003; kpi_005,Department contains provisional threshold KPIs; Provisional KPI is dominant risk driver,RISKPRIOR-20260728062026,2026-07-28T06:20:28.344471
HOSP-001,DEPT-MED,2026-08-08,True,False,False,14.8696,Minor,2,kpi_003; kpi_005,Department contains provisional threshold KPIs,RISKPRIOR-20260728062026,2026-07-28T06:20:28.344471
HOSP-001,DEPT-ICU,2026-08-08,True,False,False,11.1522,Minor,2,kpi_003; kpi_005,Department contains provisional threshold KPIs,RISKPRIOR-20260728062026,2026-07-28T06:20:28.344471
HOSP-001,DEPT-PEX,2026-08-08,True,False,False,0.0,None,2,kpi_003; kpi_005,Department contains provisional threshold KPIs,RISKPRIOR-20260728062026,2026-07-28T06:20:28.344471
HOSP-001,DEPT-DIAG,2026-08-08,True,False,False,1.8587,Minor,2,kpi_003; kpi_005,Department contains provisional threshold KPIs,RISKPRIOR-20260728062026,2026-07-28T06:20:28.344471
HOSP-001,DEPT-ADM,2026-08-08,True,False,False,0.0,None,2,kpi_003; kpi_005,Department contains provisional threshold KPIs,RISKPRIOR-20260728062026,2026-07-28T06:20:28.344471
HOSP-001,DEPT-SURG,2026-08-08,True,True,True,11.1522,Dominant,2,kpi_003; kpi_005,Department contains provisional threshold KPIs; Provisional KPI is dominant risk driver,RISKPRIOR-20260728062026,2026-07-28T06:20:28.344471
HOSP-001,DEPT-ED,2026-08-08,True,False,False,1.8587,Minor,2,kpi_003; kpi_005,Department contains provisional threshold KPIs,RISKPRIOR-20260728062026,2026-07-28T06:20:28.344471
HOSP-001,DEPT-ICU,2026-08-09,True,False,False,11.1522,Minor,2,kpi_003; kpi_005,Department contains provisional threshold KPIs,RISKPRIOR-20260728062026,2026-07-28T06:20:28.344471
HOSP-001,DEPT-ADM,2026-08-09,True,False,False,0.0,None,2,kpi_003; kpi_005,Department contains provisional threshold KPIs,RISKPRIOR-20260728062026,2026-07-28T06:20:28.344471
HOSP-001,DEPT-SURG,2026-08-09,True,True,True,46.4674,Dominant,2,kpi_003; kpi_005,Department contains provisional threshold KPIs; Provisional KPI is dominant risk driver,RISKPRIOR-20260728062026,2026-07-28T06:20:28.344471
HOSP-001,DEPT-OPC,2026-08-09,True,False,False,1.8587,Minor,2,kpi_003; kpi_005,Department contains provisional threshold KPIs,RISKPRIOR-20260728062026,2026-07-28T06:20:28.344471
HOSP-001,DEPT-MED,2026-08-09,True,False,False,11.1522,Minor,2,kpi_003; kpi_005,Department contains provisional threshold KPIs,RISKPRIOR-20260728062026,2026-07-28T06:20:28.344471
HOSP-001,DEPT-PEX,2026-08-09,True,False,False,0.0,None,2,kpi_003; kpi_005,Department contains provisional threshold KPIs,RISKPRIOR-20260728062026,2026-07-28T06:20:28.344471
HOSP-001,DEPT-DIAG,2026-08-09,True,False,False,1.8587,Minor,2,kpi_003; kpi_005,Department contains provisional threshold KPIs,RISKPRIOR-20260728062026,2026-07-28T06:20:28.344471
HOSP-001,DEPT-ED,2026-08-09,True,False,False,1.8587,Minor,2,kpi_003; kpi_005,Department contains provisional threshold KPIs,RISKPRIOR-20260728062026,2026-07-28T06:20:28.344471
HOSP-001,DEPT-DIAG,2026-08-10,True,True,False,57.6196,Material,2,kpi_003; kpi_005,Department contains provisional threshold KPIs; Provisional KPI materially affects department risk,RISKPRIOR-20260728062026,2026-07-28T06:20:28.344471
HOSP-001,DEPT-ICU,2026-08-10,True,False,False,11.1522,Minor,2,kpi_003; kpi_005,Department contains provisional threshold KPIs,RISKPRIOR-20260728062026,2026-07-28T06:20:28.344471
HOSP-001,DEPT-MED,2026-08-10,True,True,True,44.6087,Dominant,2,kpi_003; kpi_005,Department contains provisional threshold KPIs; Provisional KPI is dominant risk driver,RISKPRIOR-20260728062026,2026-07-28T06:20:28.344471
HOSP-001,DEPT-OPC,2026-08-10,True,False,False,1.8587,Minor,2,kpi_003; kpi_005,Department contains provisional threshold KPIs,RISKPRIOR-20260728062026,2026-07-28T06:20:28.344471
HOSP-001,DEPT-SURG,2026-08-10,True,False,False,11.1522,Minor,2,kpi_003; kpi_005,Department contains provisional threshold KPIs,RISKPRIOR-20260728062026,2026-07-28T06:20:28.344471
HOSP-001,DEPT-ADM,2026-08-10,True,False,False,0.0,None,2,kpi_003; kpi_005,Department contains provisional threshold KPIs,RISKPRIOR-20260728062026,2026-07-28T06:20:28.344471
HOSP-001,DEPT-ED,2026-08-10,True,False,False,1.8587,Minor,2,kpi_003; kpi_005,Department contains provisional threshold KPIs,RISKPRIOR-20260728062026,2026-07-28T06:20:28.344471
HOSP-001,DEPT-PEX,2026-08-10,True,False,False,0.0,None,2,kpi_003; kpi_005,Department contains provisional threshold KPIs,RISKPRIOR-20260728062026,2026-07-28T06:20:28.344471
HOSP-001,DEPT-PEX,2026-08-11,True,False,False,0.0,None,2,kpi_003; kpi_005,Department contains provisional threshold KPIs,RISKPRIOR-20260728062026,2026-07-28T06:20:28.344471
HOSP-001,DEPT-ICU,2026-08-11,True,False,False,7.4348,Minor,2,kpi_003; kpi_005,Department contains provisional threshold KPIs,RISKPRIOR-20260728062026,2026-07-28T06:20:28.344471
HOSP-001,DEPT-DIAG,2026-08-11,True,False,False,1.8587,Minor,2,kpi_003; kpi_005,Department contains provisional threshold KPIs,RISKPRIOR-20260728062026,2026-07-28T06:20:28.344471
HOSP-001,DEPT-SURG,2026-08-11,True,False,False,11.1522,Minor,2,kpi_003; kpi_005,Department contains provisional threshold KPIs,RISKPRIOR-20260728062026,2026-07-28T06:20:28.344471
HOSP-001,DEPT-OPC,2026-08-11,True,False,False,1.8587,Minor,2,kpi_003; kpi_005,Department contains provisional threshold KPIs,RISKPRIOR-20260728062026,2026-07-28T06:20:28.344471
HOSP-001,DEPT-MED,2026-08-11,True,True,True,11.1522,Dominant,2,kpi_003; kpi_005,Department contains provisional threshold KPIs; Provisional KPI is dominant risk driver,RISKPRIOR-20260728062026,2026-07-28T06:20:28.344471
HOSP-001,DEPT-ED,2026-08-11,True,False,False,1.8587,Minor,2,kpi_003; kpi_005,Department contains provisional threshold KPIs,RISKPRIOR-20260728062026,2026-07-28T06:20:28.344471
HOSP-001,DEPT-ADM,2026-08-11,True,False,False,0.0,None,2,kpi_003; kpi_005,Department contains provisional threshold KPIs,RISKPRIOR-20260728062026,2026-07-28T06:20:28.344471
HOSP-001,DEPT-PEX,2026-08-12,True,False,False,0.0,None,2,kpi_003; kpi_005,Department contains provisional threshold KPIs,RISKPRIOR-20260728062026,2026-07-28T06:20:28.344471
HOSP-001,DEPT-ADM,2026-08-12,True,False,False,0.0,None,2,kpi_003; kpi_005,Department contains provisional threshold KPIs,RISKPRIOR-20260728062026,2026-07-28T06:20:28.344471
HOSP-001,DEPT-SURG,2026-08-12,True,True,True,44.6087,Dominant,2,kpi_003; kpi_005,Department contains provisional threshold KPIs; Provisional KPI is dominant risk driver,RISKPRIOR-20260728062026,2026-07-28T06:20:28.344471
HOSP-001,DEPT-ICU,2026-08-12,True,False,False,11.1522,Minor,2,kpi_003; kpi_005,Department contains provisional threshold KPIs,RISKPRIOR-20260728062026,2026-07-28T06:20:28.344471
HOSP-001,DEPT-DIAG,2026-08-12,True,True,True,37.1739,Dominant,2,kpi_003; kpi_005,Department contains provisional threshold KPIs; Provisional KPI is dominant risk driver,RISKPRIOR-20260728062026,2026-07-28T06:20:28.344471
HOSP-001,DEPT-OPC,2026-08-12,True,False,False,0.0,None,2,kpi_003; kpi_005,Department contains provisional threshold KPIs,RISKPRIOR-20260728062026,2026-07-28T06:20:28.344471
HOSP-001,DEPT-MED,2026-08-12,True,True,True,14.8696,Dominant,2,kpi_003; kpi_005,Department contains provisional threshold KPIs; Provisional KPI is dominant risk driver,RISKPRIOR-20260728062026,2026-07-28T06:20:28.344471
HOSP-001,DEPT-ED,2026-08-12,True,False,False,1.8587,Minor,2,kpi_003; kpi_005,Department contains provisional threshold KPIs,RISKPRIOR-20260728062026,2026-07-28T06:20:28.344471
HOSP-001,DEPT-PEX,2026-08-13,True,False,False,0.0,None,2,kpi_003; kpi_005,Department contains provisional threshold KPIs,RISKPRIOR-20260728062026,2026-07-28T06:20:28.344471
HOSP-001,DEPT-ICU,2026-08-13,True,False,False,11.1522,Minor,2,kpi_003; kpi_005,Department contains provisional threshold KPIs,RISKPRIOR-20260728062026,2026-07-28T06:20:28.344471
HOSP-001,DEPT-DIAG,2026-08-13,True,False,False,1.8587,Minor,2,kpi_003; kpi_005,Department contains provisional threshold KPIs,RISKPRIOR-20260728062026,2026-07-28T06:20:28.344471
HOSP-001,DEPT-OPC,2026-08-13,True,False,False,5.5761,Minor,2,kpi_003; kpi_005,Department contains provisional threshold KPIs,RISKPRIOR-20260728062026,2026-07-28T06:20:28.344471
HOSP-001,DEPT-SURG,2026-08-13,True,False,False,14.8696,Minor,2,kpi_003; kpi_005,Department contains provisional threshold KPIs,RISKPRIOR-20260728062026,2026-07-28T06:20:28.344471
HOSP-001,DEPT-ADM,2026-08-13,True,False,False,0.0,None,2,kpi_003; kpi_005,Department contains provisional threshold KPIs,RISKPRIOR-20260728062026,2026-07-28T06:20:28.344471
HOSP-001,DEPT-MED,2026-08-13,True,True,True,11.1522,Dominant,2,kpi_003; kpi_005,Department contains provisional threshold KPIs; Provisional KPI is dominant risk driver,RISKPRIOR-20260728062026,2026-07-28T06:20:28.344471
HOSP-001,DEPT-ED,2026-08-13,True,False,False,5.5761,Minor,2,kpi_003; kpi_005,Department contains provisional threshold KPIs,RISKPRIOR-20260728062026,2026-07-28T06:20:28.344471
HOSP-001,DEPT-ADM,2026-08-14,True,False,False,0.0,None,2,kpi_003; kpi_005,Department contains provisional threshold KPIs,RISKPRIOR-20260728062026,2026-07-28T06:20:28.344471
HOSP-001,DEPT-SURG,2026-08-14,True,False,False,14.8696,Minor,2,kpi_003; kpi_005,Department contains provisional threshold KPIs,RISKPRIOR-20260728062026,2026-07-28T06:20:28.344471
HOSP-001,DEPT-ICU,2026-08-14,True,False,False,11.1522,Minor,2,kpi_003; kpi_005,Department contains provisional threshold KPIs,RISKPRIOR-20260728062026,2026-07-28T06:20:28.344471
HOSP-001,DEPT-DIAG,2026-08-14,True,True,True,37.1739,Dominant,2,kpi_003; kpi_005,Department contains provisional threshold KPIs; Provisional KPI is dominant risk driver,RISKPRIOR-20260728062026,2026-07-28T06:20:28.344471
HOSP-001,DEPT-PEX,2026-08-14,True,False,False,0.0,None,2,kpi_003; kpi_005,Department contains provisional threshold KPIs,RISKPRIOR-20260728062026,2026-07-28T06:20:28.344471
HOSP-001,DEPT-OPC,2026-08-14,True,False,False,5.5761,Minor,2,kpi_003; kpi_005,Department contains provisional threshold KPIs,RISKPRIOR-20260728062026,2026-07-28T06:20:28.344471
HOSP-001,DEPT-MED,2026-08-14,True,True,True,14.8696,Dominant,2,kpi_003; kpi_005,Department contains provisional threshold KPIs; Provisional KPI is dominant risk driver,RISKPRIOR-20260728062026,2026-07-28T06:20:28.344471
HOSP-001,DEPT-ED,2026-08-14,True,False,False,1.8587,Minor,2,kpi_003; kpi_005,Department contains provisional threshold KPIs,RISKPRIOR-20260728062026,2026-07-28T06:20:28.344471
HOSP-001,DEPT-OPC,2026-08-15,True,False,False,9.2935,Minor,2,kpi_003; kpi_005,Department contains provisional threshold KPIs,RISKPRIOR-20260728062026,2026-07-28T06:20:28.344471
HOSP-001,DEPT-SURG,2026-08-15,True,False,False,14.8696,Minor,2,kpi_003; kpi_005,Department contains provisional threshold KPIs,RISKPRIOR-20260728062026,2026-07-28T06:20:28.344471
HOSP-001,DEPT-PEX,2026-08-15,True,False,False,0.0,None,2,kpi_003; kpi_005,Department contains provisional threshold KPIs,RISKPRIOR-20260728062026,2026-07-28T06:20:28.344471
HOSP-001,DEPT-DIAG,2026-08-15,True,False,False,1.8587,Minor,2,kpi_003; kpi_005,Department contains provisional threshold KPIs,RISKPRIOR-20260728062026,2026-07-28T06:20:28.344471
HOSP-001,DEPT-ICU,2026-08-15,True,True,True,40.8913,Dominant,2,kpi_003; kpi_005,Department contains provisional threshold KPIs; Provisional KPI is dominant risk driver,RISKPRIOR-20260728062026,2026-07-28T06:20:28.344471
HOSP-001,DEPT-MED,2026-08-15,True,True,True,14.8696,Dominant,2,kpi_003; kpi_005,Department contains provisional threshold KPIs; Provisional KPI is dominant risk driver,RISKPRIOR-20260728062026,2026-07-28T06:20:28.344471
HOSP-001,DEPT-ADM,2026-08-15,True,False,False,0.0,None,2,kpi_003; kpi_005,Department contains provisional threshold KPIs,RISKPRIOR-20260728062026,2026-07-28T06:20:28.344471
HOSP-001,DEPT-ED,2026-08-15,True,False,False,1.8587,Minor,2,kpi_003; kpi_005,Department contains provisional threshold KPIs,RISKPRIOR-20260728062026,2026-07-28T06:20:28.344471
HOSP-001,DEPT-PEX,2026-08-16,True,False,False,0.0,None,2,kpi_003; kpi_005,Department contains provisional threshold KPIs,RISKPRIOR-20260728062026,2026-07-28T06:20:28.344471
HOSP-001,DEPT-ICU,2026-08-16,True,True,True,40.8913,Dominant,2,kpi_003; kpi_005,Department contains provisional threshold KPIs; Provisional KPI is dominant risk driver,RISKPRIOR-20260728062026,2026-07-28T06:20:28.344471
HOSP-001,DEPT-OPC,2026-08-16,True,False,False,1.8587,Minor,2,kpi_003; kpi_005,Department contains provisional threshold KPIs,RISKPRIOR-20260728062026,2026-07-28T06:20:28.344471
HOSP-001,DEPT-SURG,2026-08-16,True,False,False,11.1522,Minor,2,kpi_003; kpi_005,Department contains provisional threshold KPIs,RISKPRIOR-20260728062026,2026-07-28T06:20:28.344471
HOSP-001,DEPT-DIAG,2026-08-16,True,False,False,1.8587,Minor,2,kpi_003; kpi_005,Department contains provisional threshold KPIs,RISKPRIOR-20260728062026,2026-07-28T06:20:28.344471
HOSP-001,DEPT-ADM,2026-08-16,True,False,False,0.0,None,2,kpi_003; kpi_005,Department contains provisional threshold KPIs,RISKPRIOR-20260728062026,2026-07-28T06:20:28.344471
HOSP-001,DEPT-MED,2026-08-16,True,False,False,7.4348,Minor,2,kpi_003; kpi_005,Department contains provisional threshold KPIs,RISKPRIOR-20260728062026,2026-07-28T06:20:28.344471
HOSP-001,DEPT-ED,2026-08-16,True,False,False,0.0,None,2,kpi_003; kpi_005,Department contains provisional threshold KPIs,RISKPRIOR-20260728062026,2026-07-28T06:20:28.344471
HOSP-001,DEPT-DIAG,2026-08-17,True,True,True,57.6196,Dominant,2,kpi_003; kpi_005,Department contains provisional threshold KPIs; Provisional KPI is dominant risk driver,RISKPRIOR-20260728062026,2026-07-28T06:20:28.344471
HOSP-001,DEPT-PEX,2026-08-17,True,False,False,0.0,None,2,kpi_003; kpi_005,Department contains provisional threshold KPIs,RISKPRIOR-20260728062026,2026-07-28T06:20:28.344471
HOSP-001,DEPT-MED,2026-08-17,True,False,False,14.8696,Minor,2,kpi_003; kpi_005,Department contains provisional threshold KPIs,RISKPRIOR-20260728062026,2026-07-28T06:20:28.344471
HOSP-001,DEPT-ICU,2026-08-17,True,True,True,40.8913,Dominant,2,kpi_003; kpi_005,Department contains provisional threshold KPIs; Provisional KPI is dominant risk driver,RISKPRIOR-20260728062026,2026-07-28T06:20:28.344471
HOSP-001,DEPT-OPC,2026-08-17,True,False,False,0.0,None,2,kpi_003; kpi_005,Department contains provisional threshold KPIs,RISKPRIOR-20260728062026,2026-07-28T06:20:28.344471
HOSP-001,DEPT-SURG,2026-08-17,True,False,False,11.1522,Minor,2,kpi_003; kpi_005,Department contains provisional threshold KPIs,RISKPRIOR-20260728062026,2026-07-28T06:20:28.344471
HOSP-001,DEPT-ADM,2026-08-17,True,False,False,0.0,None,2,kpi_003; kpi_005,Department contains provisional threshold KPIs,RISKPRIOR-20260728062026,2026-07-28T06:20:28.344471
HOSP-001,DEPT-ED,2026-08-17,True,False,False,0.0,None,2,kpi_003; kpi_005,Department contains provisional threshold KPIs,RISKPRIOR-20260728062026,2026-07-28T06:20:28.344471
HOSP-001,DEPT-ICU,2026-08-18,True,False,False,14.8696,Minor,2,kpi_003; kpi_005,Department contains provisional threshold KPIs,RISKPRIOR-20260728062026,2026-07-28T06:20:28.344471
HOSP-001,DEPT-OPC,2026-08-18,True,False,False,1.8587,Minor,2,kpi_003; kpi_005,Department contains provisional threshold KPIs,RISKPRIOR-20260728062026,2026-07-28T06:20:28.344471
HOSP-001,DEPT-ED,2026-08-18,True,False,False,1.8587,Minor,2,kpi_003; kpi_005,Department contains provisional threshold KPIs,RISKPRIOR-20260728062026,2026-07-28T06:20:28.344471
HOSP-001,DEPT-MED,2026-08-18,True,False,False,11.1522,Minor,2,kpi_003; kpi_005,Department contains provisional threshold KPIs,RISKPRIOR-20260728062026,2026-07-28T06:20:28.344471
HOSP-001,DEPT-PEX,2026-08-18,True,False,False,0.0,None,2,kpi_003; kpi_005,Department contains provisional threshold KPIs,RISKPRIOR-20260728062026,2026-07-28T06:20:28.344471
HOSP-001,DEPT-DIAG,2026-08-18,True,False,False,1.8587,Minor,2,kpi_003; kpi_005,Department contains provisional threshold KPIs,RISKPRIOR-20260728062026,2026-07-28T06:20:28.344471
HOSP-001,DEPT-SURG,2026-08-18,True,True,True,14.8696,Dominant,2,kpi_003; kpi_005,Department contains provisional threshold KPIs; Provisional KPI is dominant risk driver,RISKPRIOR-20260728062026,2026-07-28T06:20:28.344471
HOSP-001,DEPT-ADM,2026-08-18,True,False,False,0.0,None,2,kpi_003; kpi_005,Department contains provisional threshold KPIs,RISKPRIOR-20260728062026,2026-07-28T06:20:28.344471
HOSP-001,DEPT-DIAG,2026-08-19,True,False,False,0.0,None,2,kpi_003; kpi_005,Department contains provisional threshold KPIs,RISKPRIOR-20260728062026,2026-07-28T06:20:28.344471
HOSP-001,DEPT-ICU,2026-08-19,True,False,False,14.8696,Minor,2,kpi_003; kpi_005,Department contains provisional threshold KPIs,RISKPRIOR-20260728062026,2026-07-28T06:20:28.344471
HOSP-001,DEPT-SURG,2026-08-19,True,True,True,44.6087,Dominant,2,kpi_003; kpi_005,Department contains provisional threshold KPIs; Provisional KPI is dominant risk driver,RISKPRIOR-20260728062026,2026-07-28T06:20:28.344471
HOSP-001,DEPT-OPC,2026-08-19,True,False,False,1.8587,Minor,2,kpi_003; kpi_005,Department contains provisional threshold KPIs,RISKPRIOR-20260728062026,2026-07-28T06:20:28.344471
HOSP-001,DEPT-PEX,2026-08-19,True,False,False,0.0,None,2,kpi_003; kpi_005,Department contains provisional threshold KPIs,RISKPRIOR-20260728062026,2026-07-28T06:20:28.344471
HOSP-001,DEPT-MED,2026-08-19,True,True,True,14.8696,Dominant,2,kpi_003; kpi_005,Department contains provisional threshold KPIs; Provisional KPI is dominant risk driver,RISKPRIOR-20260728062026,2026-07-28T06:20:28.344471
HOSP-001,DEPT-ADM,2026-08-19,True,False,False,0.0,None,2,kpi_003; kpi_005,Department contains provisional threshold KPIs,RISKPRIOR-20260728062026,2026-07-28T06:20:28.344471
HOSP-001,DEPT-ED,2026-08-19,True,False,False,5.5761,Minor,2,kpi_003; kpi_005,Department contains provisional threshold KPIs,RISKPRIOR-20260728062026,2026-07-28T06:20:28.344471
HOSP-001,DEPT-ICU,2026-08-20,True,False,False,14.8696,Minor,2,kpi_003; kpi_005,Department contains provisional threshold KPIs,RISKPRIOR-20260728062026,2026-07-28T06:20:28.344471
HOSP-001,DEPT-SURG,2026-08-20,True,True,True,46.4674,Dominant,2,kpi_003; kpi_005,Department contains provisional threshold KPIs; Provisional KPI is dominant risk driver,RISKPRIOR-20260728062026,2026-07-28T06:20:28.344471
HOSP-001,DEPT-DIAG,2026-08-20,True,False,False,1.8587,Minor,2,kpi_003; kpi_005,Department contains provisional threshold KPIs,RISKPRIOR-20260728062026,2026-07-28T06:20:28.344471
HOSP-001,DEPT-OPC,2026-08-20,True,False,False,5.5761,Minor,2,kpi_003; kpi_005,Department contains provisional threshold KPIs,RISKPRIOR-20260728062026,2026-07-28T06:20:28.344471
HOSP-001,DEPT-PEX,2026-08-20,True,False,False,0.0,None,2,kpi_003; kpi_005,Department contains provisional threshold KPIs,RISKPRIOR-20260728062026,2026-07-28T06:20:28.344471
HOSP-001,DEPT-MED,2026-08-20,True,True,True,11.1522,Dominant,2,kpi_003; kpi_005,Department contains provisional threshold KPIs; Provisional KPI is dominant risk driver,RISKPRIOR-20260728062026,2026-07-28T06:20:28.344471
HOSP-001,DEPT-ADM,2026-08-20,True,False,False,0.0,None,2,kpi_003; kpi_005,Department contains provisional threshold KPIs,RISKPRIOR-20260728062026,2026-07-28T06:20:28.344471
HOSP-001,DEPT-ED,2026-08-20,True,False,False,1.8587,Minor,2,kpi_003; kpi_005,Department contains provisional threshold KPIs,RISKPRIOR-20260728062026,2026-07-28T06:20:28.344471
HOSP-001,DEPT-ICU,2026-08-21,True,True,True,44.6087,Dominant,2,kpi_003; kpi_005,Department contains provisional threshold KPIs; Provisional KPI is dominant risk driver,RISKPRIOR-20260728062026,2026-07-28T06:20:28.344471
HOSP-001,DEPT-ADM,2026-08-21,True,False,False,0.0,None,2,kpi_003; kpi_005,Department contains provisional threshold KPIs,RISKPRIOR-20260728062026,2026-07-28T06:20:28.344471
HOSP-001,DEPT-SURG,2026-08-21,True,True,True,46.4674,Dominant,2,kpi_003; kpi_005,Department contains provisional threshold KPIs; Provisional KPI is dominant risk driver,RISKPRIOR-20260728062026,2026-07-28T06:20:28.344471
HOSP-001,DEPT-MED,2026-08-21,True,True,True,46.4674,Dominant,2,kpi_003; kpi_005,Department contains provisional threshold KPIs; Provisional KPI is dominant risk driver,RISKPRIOR-20260728062026,2026-07-28T06:20:28.344471
HOSP-001,DEPT-OPC,2026-08-21,True,False,False,1.8587,Minor,2,kpi_003; kpi_005,Department contains provisional threshold KPIs,RISKPRIOR-20260728062026,2026-07-28T06:20:28.344471
HOSP-001,DEPT-DIAG,2026-08-21,True,False,False,0.0,None,2,kpi_003; kpi_005,Department contains provisional threshold KPIs,RISKPRIOR-20260728062026,2026-07-28T06:20:28.344471
HOSP-001,DEPT-PEX,2026-08-21,True,False,False,0.0,None,2,kpi_003; kpi_005,Department contains provisional threshold KPIs,RISKPRIOR-20260728062026,2026-07-28T06:20:28.344471
HOSP-001,DEPT-ED,2026-08-21,True,False,False,1.8587,Minor,2,kpi_003; kpi_005,Department contains provisional threshold KPIs,RISKPRIOR-20260728062026,2026-07-28T06:20:28.344471
HOSP-001,DEPT-ADM,2026-08-22,True,False,False,0.0,None,2,kpi_003; kpi_005,Department contains provisional threshold KPIs,RISKPRIOR-20260728062026,2026-07-28T06:20:28.344471
HOSP-001,DEPT-SURG,2026-08-22,True,True,False,46.4674,Material,2,kpi_003; kpi_005,Department contains provisional threshold KPIs; Provisional KPI materially affects department risk,RISKPRIOR-20260728062026,2026-07-28T06:20:28.344471
HOSP-001,DEPT-ED,2026-08-22,True,False,False,0.0,None,2,kpi_003; kpi_005,Department contains provisional threshold KPIs,RISKPRIOR-20260728062026,2026-07-28T06:20:28.344471
HOSP-001,DEPT-ICU,2026-08-22,True,True,True,42.75,Dominant,2,kpi_003; kpi_005,Department contains provisional threshold KPIs; Provisional KPI is dominant risk driver,RISKPRIOR-20260728062026,2026-07-28T06:20:28.344471
HOSP-001,DEPT-OPC,2026-08-22,True,False,False,1.8587,Minor,2,kpi_003; kpi_005,Department contains provisional threshold KPIs,RISKPRIOR-20260728062026,2026-07-28T06:20:28.344471
HOSP-001,DEPT-MED,2026-08-22,True,True,True,11.1522,Dominant,2,kpi_003; kpi_005,Department contains provisional threshold KPIs; Provisional KPI is dominant risk driver,RISKPRIOR-20260728062026,2026-07-28T06:20:28.344471
HOSP-001,DEPT-PEX,2026-08-22,True,False,False,0.0,None,2,kpi_003; kpi_005,Department contains provisional threshold KPIs,RISKPRIOR-20260728062026,2026-07-28T06:20:28.344471
HOSP-001,DEPT-DIAG,2026-08-22,True,False,False,1.8587,Minor,2,kpi_003; kpi_005,Department contains provisional threshold KPIs,RISKPRIOR-20260728062026,2026-07-28T06:20:28.344471
HOSP-001,DEPT-PEX,2026-08-23,True,False,False,0.0,None,2,kpi_003; kpi_005,Department contains provisional threshold KPIs,RISKPRIOR-20260728062026,2026-07-28T06:20:28.344471
HOSP-001,DEPT-OPC,2026-08-23,True,False,False,1.8587,Minor,2,kpi_003; kpi_005,Department contains provisional threshold KPIs,RISKPRIOR-20260728062026,2026-07-28T06:20:28.344471
HOSP-001,DEPT-ICU,2026-08-23,True,True,True,44.6087,Dominant,2,kpi_003; kpi_005,Department contains provisional threshold KPIs; Provisional KPI is dominant risk driver,RISKPRIOR-20260728062026,2026-07-28T06:20:28.344471
HOSP-001,DEPT-ADM,2026-08-23,True,False,False,0.0,None,2,kpi_003; kpi_005,Department contains provisional threshold KPIs,RISKPRIOR-20260728062026,2026-07-28T06:20:28.344471
HOSP-001,DEPT-SURG,2026-08-23,True,False,False,14.8696,Minor,2,kpi_003; kpi_005,Department contains provisional threshold KPIs,RISKPRIOR-20260728062026,2026-07-28T06:20:28.344471
HOSP-001,DEPT-MED,2026-08-23,True,True,True,11.1522,Dominant,2,kpi_003; kpi_005,Department contains provisional threshold KPIs; Provisional KPI is dominant risk driver,RISKPRIOR-20260728062026,2026-07-28T06:20:28.344471
HOSP-001,DEPT-DIAG,2026-08-23,True,False,False,1.8587,Minor,2,kpi_003; kpi_005,Department contains provisional threshold KPIs,RISKPRIOR-20260728062026,2026-07-28T06:20:28.344471
HOSP-001,DEPT-ED,2026-08-23,True,False,False,1.8587,Minor,2,kpi_003; kpi_005,Department contains provisional threshold KPIs,RISKPRIOR-20260728062026,2026-07-28T06:20:28.344471
HOSP-001,DEPT-SURG,2026-08-24,True,False,False,14.8696,Minor,2,kpi_003; kpi_005,Department contains provisional threshold KPIs,RISKPRIOR-20260728062026,2026-07-28T06:20:28.344471
HOSP-001,DEPT-ADM,2026-08-24,True,False,False,0.0,None,2,kpi_003; kpi_005,Department contains provisional threshold KPIs,RISKPRIOR-20260728062026,2026-07-28T06:20:28.344471
HOSP-001,DEPT-PEX,2026-08-24,True,False,False,0.0,None,2,kpi_003; kpi_005,Department contains provisional threshold KPIs,RISKPRIOR-20260728062026,2026-07-28T06:20:28.344471
HOSP-001,DEPT-ICU,2026-08-24,True,False,False,11.1522,Minor,2,kpi_003; kpi_005,Department contains provisional threshold KPIs,RISKPRIOR-20260728062026,2026-07-28T06:20:28.344471
HOSP-001,DEPT-OPC,2026-08-24,True,False,False,1.8587,Minor,2,kpi_003; kpi_005,Department contains provisional threshold KPIs,RISKPRIOR-20260728062026,2026-07-28T06:20:28.344471
HOSP-001,DEPT-MED,2026-08-24,True,True,True,14.8696,Dominant,2,kpi_003; kpi_005,Department contains provisional threshold KPIs; Provisional KPI is dominant risk driver,RISKPRIOR-20260728062026,2026-07-28T06:20:28.344471
HOSP-001,DEPT-DIAG,2026-08-24,True,False,False,1.8587,Minor,2,kpi_003; kpi_005,Department contains provisional threshold KPIs,RISKPRIOR-20260728062026,2026-07-28T06:20:28.344471
HOSP-001,DEPT-ED,2026-08-24,True,False,False,1.8587,Minor,2,kpi_003; kpi_005,Department contains provisional threshold KPIs,RISKPRIOR-20260728062026,2026-07-28T06:20:28.344471
HOSP-001,DEPT-MED,2026-08-25,True,True,True,46.4674,Dominant,2,kpi_003; kpi_005,Department contains provisional threshold KPIs; Provisional KPI is dominant risk driver,RISKPRIOR-20260728062026,2026-07-28T06:20:28.344471
HOSP-001,DEPT-ICU,2026-08-25,True,False,False,14.8696,Minor,2,kpi_003; kpi_005,Department contains provisional threshold KPIs,RISKPRIOR-20260728062026,2026-07-28T06:20:28.344471
HOSP-001,DEPT-DIAG,2026-08-25,True,True,True,37.1739,Dominant,2,kpi_003; kpi_005,Department contains provisional threshold KPIs; Provisional KPI is dominant risk driver,RISKPRIOR-20260728062026,2026-07-28T06:20:28.344471
HOSP-001,DEPT-OPC,2026-08-25,True,False,False,1.8587,Minor,2,kpi_003; kpi_005,Department contains provisional threshold KPIs,RISKPRIOR-20260728062026,2026-07-28T06:20:28.344471
HOSP-001,DEPT-PEX,2026-08-25,True,False,False,0.0,None,2,kpi_003; kpi_005,Department contains provisional threshold KPIs,RISKPRIOR-20260728062026,2026-07-28T06:20:28.344471
HOSP-001,DEPT-SURG,2026-08-25,True,False,False,14.8696,Minor,2,kpi_003; kpi_005,Department contains provisional threshold KPIs,RISKPRIOR-20260728062026,2026-07-28T06:20:28.344471
HOSP-001,DEPT-ADM,2026-08-25,True,False,False,0.0,None,2,kpi_003; kpi_005,Department contains provisional threshold KPIs,RISKPRIOR-20260728062026,2026-07-28T06:20:28.344471
HOSP-001,DEPT-ED,2026-08-25,True,False,False,1.8587,Minor,2,kpi_003; kpi_005,Department contains provisional threshold KPIs,RISKPRIOR-20260728062026,2026-07-28T06:20:28.344471
HOSP-001,DEPT-ICU,2026-08-26,True,False,False,14.8696,Minor,2,kpi_003; kpi_005,Department contains provisional threshold KPIs,RISKPRIOR-20260728062026,2026-07-28T06:20:28.344471
HOSP-001,DEPT-OPC,2026-08-26,True,True,False,61.337,Material,2,kpi_003; kpi_005,Department contains provisional threshold KPIs; Provisional KPI materially affects department risk,RISKPRIOR-20260728062026,2026-07-28T06:20:28.344471
HOSP-001,DEPT-DIAG,2026-08-26,True,False,False,1.8587,Minor,2,kpi_003; kpi_005,Department contains provisional threshold KPIs,RISKPRIOR-20260728062026,2026-07-28T06:20:28.344471
HOSP-001,DEPT-SURG,2026-08-26,True,False,False,14.8696,Minor,2,kpi_003; kpi_005,Department contains provisional threshold KPIs,RISKPRIOR-20260728062026,2026-07-28T06:20:28.344471
HOSP-001,DEPT-ED,2026-08-26,True,False,False,5.5761,Minor,2,kpi_003; kpi_005,Department contains provisional threshold KPIs,RISKPRIOR-20260728062026,2026-07-28T06:20:28.344471
HOSP-001,DEPT-ADM,2026-08-26,True,False,False,0.0,None,2,kpi_003; kpi_005,Department contains provisional threshold KPIs,RISKPRIOR-20260728062026,2026-07-28T06:20:28.344471
HOSP-001,DEPT-MED,2026-08-26,True,True,True,14.8696,Dominant,2,kpi_003; kpi_005,Department contains provisional threshold KPIs; Provisional KPI is dominant risk driver,RISKPRIOR-20260728062026,2026-07-28T06:20:28.344471
HOSP-001,DEPT-PEX,2026-08-26,True,False,False,0.0,None,2,kpi_003; kpi_005,Department contains provisional threshold KPIs,RISKPRIOR-20260728062026,2026-07-28T06:20:28.344471
HOSP-001,DEPT-SURG,2026-08-27,True,False,False,11.1522,Minor,2,kpi_003; kpi_005,Department contains provisional threshold KPIs,RISKPRIOR-20260728062026,2026-07-28T06:20:28.344471
HOSP-001,DEPT-PEX,2026-08-27,True,False,False,0.0,None,2,kpi_003; kpi_005,Department contains provisional threshold KPIs,RISKPRIOR-20260728062026,2026-07-28T06:20:28.344471
HOSP-001,DEPT-ICU,2026-08-27,True,False,False,14.8696,Minor,2,kpi_003; kpi_005,Department contains provisional threshold KPIs,RISKPRIOR-20260728062026,2026-07-28T06:20:28.344471
HOSP-001,DEPT-OPC,2026-08-27,True,False,False,9.2935,Minor,2,kpi_003; kpi_005,Department contains provisional threshold KPIs,RISKPRIOR-20260728062026,2026-07-28T06:20:28.344471
HOSP-001,DEPT-ED,2026-08-27,True,False,False,5.5761,Minor,2,kpi_003; kpi_005,Department contains provisional threshold KPIs,RISKPRIOR-20260728062026,2026-07-28T06:20:28.344471
HOSP-001,DEPT-ADM,2026-08-27,True,False,False,0.0,None,2,kpi_003; kpi_005,Department contains provisional threshold KPIs,RISKPRIOR-20260728062026,2026-07-28T06:20:28.344471
HOSP-001,DEPT-DIAG,2026-08-27,True,False,False,5.5761,Minor,2,kpi_003; kpi_005,Department contains provisional threshold KPIs,RISKPRIOR-20260728062026,2026-07-28T06:20:28.344471
HOSP-001,DEPT-MED,2026-08-27,True,True,True,11.1522,Dominant,2,kpi_003; kpi_005,Department contains provisional threshold KPIs; Provisional KPI is dominant risk driver,RISKPRIOR-20260728062026,2026-07-28T06:20:28.344471
HOSP-001,DEPT-DIAG,2026-08-28,True,True,False,40.8913,Material,2,kpi_003; kpi_005,Department contains provisional threshold KPIs; Provisional KPI materially affects department risk,RISKPRIOR-20260728062026,2026-07-28T06:20:28.344471
HOSP-001,DEPT-SURG,2026-08-28,True,False,False,14.8696,Minor,2,kpi_003; kpi_005,Department contains provisional threshold KPIs,RISKPRIOR-20260728062026,2026-07-28T06:20:28.344471
HOSP-001,DEPT-ICU,2026-08-28,True,True,True,44.6087,Dominant,2,kpi_003; kpi_005,Department contains provisional threshold KPIs; Provisional KPI is dominant risk driver,RISKPRIOR-20260728062026,2026-07-28T06:20:28.344471
HOSP-001,DEPT-OPC,2026-08-28,True,False,False,5.5761,Minor,2,kpi_003; kpi_005,Department contains provisional threshold KPIs,RISKPRIOR-20260728062026,2026-07-28T06:20:28.344471
HOSP-001,DEPT-MED,2026-08-28,True,False,False,14.8696,Minor,2,kpi_003; kpi_005,Department contains provisional threshold KPIs,RISKPRIOR-20260728062026,2026-07-28T06:20:28.344471
HOSP-001,DEPT-ADM,2026-08-28,True,False,False,0.0,None,2,kpi_003; kpi_005,Department contains provisional threshold KPIs,RISKPRIOR-20260728062026,2026-07-28T06:20:28.344471
HOSP-001,DEPT-ED,2026-08-28,True,False,False,5.5761,Minor,2,kpi_003; kpi_005,Department contains provisional threshold KPIs,RISKPRIOR-20260728062026,2026-07-28T06:20:28.344471
HOSP-001,DEPT-PEX,2026-08-28,True,False,False,0.0,None,2,kpi_003; kpi_005,Department contains provisional threshold KPIs,RISKPRIOR-20260728062026,2026-07-28T06:20:28.344471
HOSP-001,DEPT-PEX,2026-08-29,True,False,False,0.0,None,2,kpi_003; kpi_005,Department contains provisional threshold KPIs,RISKPRIOR-20260728062026,2026-07-28T06:20:28.344471
HOSP-001,DEPT-SURG,2026-08-29,True,True,True,42.75,Dominant,2,kpi_003; kpi_005,Department contains provisional threshold KPIs; Provisional KPI is dominant risk driver,RISKPRIOR-20260728062026,2026-07-28T06:20:28.344471
HOSP-001,DEPT-ICU,2026-08-29,True,True,True,40.8913,Dominant,2,kpi_003; kpi_005,Department contains provisional threshold KPIs; Provisional KPI is dominant risk driver,RISKPRIOR-20260728062026,2026-07-28T06:20:28.344471
HOSP-001,DEPT-DIAG,2026-08-29,True,True,True,40.8913,Dominant,2,kpi_003; kpi_005,Department contains provisional threshold KPIs; Provisional KPI is dominant risk driver,RISKPRIOR-20260728062026,2026-07-28T06:20:28.344471
HOSP-001,DEPT-OPC,2026-08-29,True,False,False,13.0109,Minor,2,kpi_003; kpi_005,Department contains provisional threshold KPIs,RISKPRIOR-20260728062026,2026-07-28T06:20:28.344471
HOSP-001,DEPT-ED,2026-08-29,True,False,False,9.2935,Minor,2,kpi_003; kpi_005,Department contains provisional threshold KPIs,RISKPRIOR-20260728062026,2026-07-28T06:20:28.344471
HOSP-001,DEPT-MED,2026-08-29,True,False,False,14.8696,Minor,2,kpi_003; kpi_005,Department contains provisional threshold KPIs,RISKPRIOR-20260728062026,2026-07-28T06:20:28.344471
HOSP-001,DEPT-ADM,2026-08-29,True,False,False,0.0,None,2,kpi_003; kpi_005,Department contains provisional threshold KPIs,RISKPRIOR-20260728062026,2026-07-28T06:20:28.344471
HOSP-001,DEPT-ICU,2026-08-30,True,True,False,39.0326,Material,2,kpi_003; kpi_005,Department contains provisional threshold KPIs; Provisional KPI materially affects department risk,RISKPRIOR-20260728062026,2026-07-28T06:20:28.344471
HOSP-001,DEPT-OPC,2026-08-30,True,False,False,13.0109,Minor,2,kpi_003; kpi_005,Department contains provisional threshold KPIs,RISKPRIOR-20260728062026,2026-07-28T06:20:28.344471
HOSP-001,DEPT-DIAG,2026-08-30,True,True,True,61.337,Dominant,2,kpi_003; kpi_005,Department contains provisional threshold KPIs; Provisional KPI is dominant risk driver,RISKPRIOR-20260728062026,2026-07-28T06:20:28.344471
HOSP-001,DEPT-ADM,2026-08-30,True,False,False,0.0,None,2,kpi_003; kpi_005,Department contains provisional threshold KPIs,RISKPRIOR-20260728062026,2026-07-28T06:20:28.344471
HOSP-001,DEPT-PEX,2026-08-30,True,False,False,0.0,None,2,kpi_003; kpi_005,Department contains provisional threshold KPIs,RISKPRIOR-20260728062026,2026-07-28T06:20:28.344471
HOSP-001,DEPT-SURG,2026-08-30,True,False,False,7.4348,Minor,2,kpi_003; kpi_005,Department contains provisional threshold KPIs,RISKPRIOR-20260728062026,2026-07-28T06:20:28.344471
HOSP-001,DEPT-ED,2026-08-30,True,False,False,1.8587,Minor,2,kpi_003; kpi_005,Department contains provisional threshold KPIs,RISKPRIOR-20260728062026,2026-07-28T06:20:28.344471
HOSP-001,DEPT-MED,2026-08-30,True,False,False,14.8696,Minor,2,kpi_003; kpi_005,Department contains provisional threshold KPIs,RISKPRIOR-20260728062026,2026-07-28T06:20:28.344471
HOSP-001,DEPT-ICU,2026-08-31,True,True,False,40.8913,Material,2,kpi_003; kpi_005,Department contains provisional threshold KPIs; Provisional KPI materially affects department risk,RISKPRIOR-20260728062026,2026-07-28T06:20:28.344471
HOSP-001,DEPT-SURG,2026-08-31,True,True,False,42.75,Material,2,kpi_003; kpi_005,Department contains provisional threshold KPIs; Provisional KPI materially affects department risk,RISKPRIOR-20260728062026,2026-07-28T06:20:28.344471
HOSP-001,DEPT-ED,2026-08-31,True,True,True,37.1739,Dominant,2,kpi_003; kpi_005,Department contains provisional threshold KPIs; Provisional KPI is dominant risk driver,RISKPRIOR-20260728062026,2026-07-28T06:20:28.344471
HOSP-001,DEPT-OPC,2026-08-31,True,False,False,13.0109,Minor,2,kpi_003; kpi_005,Department contains provisional threshold KPIs,RISKPRIOR-20260728062026,2026-07-28T06:20:28.344471
HOSP-001,DEPT-PEX,2026-08-31,True,False,False,0.0,None,2,kpi_003; kpi_005,Department contains provisional threshold KPIs,RISKPRIOR-20260728062026,2026-07-28T06:20:28.344471
HOSP-001,DEPT-ADM,2026-08-31,True,False,False,0.0,None,2,kpi_003; kpi_005,Department contains provisional threshold KPIs,RISKPRIOR-20260728062026,2026-07-28T06:20:28.344471
HOSP-001,DEPT-MED,2026-08-31,True,False,False,11.1522,Minor,2,kpi_003; kpi_005,Department contains provisional threshold KPIs,RISKPRIOR-20260728062026,2026-07-28T06:20:28.344471
HOSP-001,DEPT-DIAG,2026-08-31,True,False,False,13.0109,Minor,2,kpi_003; kpi_005,Department contains provisional threshold KPIs,RISKPRIOR-20260728062026,2026-07-28T06:20:28.344471
HOSP-001,DEPT-DIAG,2026-09-01,True,False,False,13.0109,Minor,2,kpi_003; kpi_005,Department contains provisional threshold KPIs,RISKPRIOR-20260728062026,2026-07-28T06:20:28.344471
HOSP-001,DEPT-SURG,2026-09-01,True,False,False,11.1522,Minor,2,kpi_003; kpi_005,Department contains provisional threshold KPIs,RISKPRIOR-20260728062026,2026-07-28T06:20:28.344471
HOSP-001,DEPT-ICU,2026-09-01,True,True,True,39.0326,Dominant,2,kpi_003; kpi_005,Department contains provisional threshold KPIs; Provisional KPI is dominant risk driver,RISKPRIOR-20260728062026,2026-07-28T06:20:28.344471
HOSP-001,DEPT-OPC,2026-09-01,True,False,False,13.0109,Minor,2,kpi_003; kpi_005,Department contains provisional threshold KPIs,RISKPRIOR-20260728062026,2026-07-28T06:20:28.344471
HOSP-001,DEPT-ED,2026-09-01,True,False,False,0.0,None,2,kpi_003; kpi_005,Department contains provisional threshold KPIs,RISKPRIOR-20260728062026,2026-07-28T06:20:28.344471
HOSP-001,DEPT-PEX,2026-09-01,True,False,False,0.0,None,2,kpi_003; kpi_005,Department contains provisional threshold KPIs,RISKPRIOR-20260728062026,2026-07-28T06:20:28.344471
HOSP-001,DEPT-MED,2026-09-01,True,True,True,11.1522,Dominant,2,kpi_003; kpi_005,Department contains provisional threshold KPIs; Provisional KPI is dominant risk driver,RISKPRIOR-20260728062026,2026-07-28T06:20:28.344471
HOSP-001,DEPT-ADM,2026-09-01,True,False,False,0.0,None,2,kpi_003; kpi_005,Department contains provisional threshold KPIs,RISKPRIOR-20260728062026,2026-07-28T06:20:28.344471
HOSP-001,DEPT-DIAG,2026-09-02,True,False,False,13.0109,Minor,2,kpi_003; kpi_005,Department contains provisional threshold KPIs,RISKPRIOR-20260728062026,2026-07-28T06:20:28.344471
HOSP-001,DEPT-OPC,2026-09-02,True,False,False,0.0,None,2,kpi_003; kpi_005,Department contains provisional threshold KPIs,RISKPRIOR-20260728062026,2026-07-28T06:20:28.344471
HOSP-001,DEPT-ED,2026-09-02,True,False,False,13.0109,Minor,2,kpi_003; kpi_005,Department contains provisional threshold KPIs,RISKPRIOR-20260728062026,2026-07-28T06:20:28.344471
HOSP-001,DEPT-ADM,2026-09-02,True,False,False,0.0,None,2,kpi_003; kpi_005,Department contains provisional threshold KPIs,RISKPRIOR-20260728062026,2026-07-28T06:20:28.344471
HOSP-001,DEPT-SURG,2026-09-02,True,True,True,46.4674,Dominant,2,kpi_003; kpi_005,Department contains provisional threshold KPIs; Provisional KPI is dominant risk driver,RISKPRIOR-20260728062026,2026-07-28T06:20:28.344471
HOSP-001,DEPT-ICU,2026-09-02,True,False,False,11.1522,Minor,2,kpi_003; kpi_005,Department contains provisional threshold KPIs,RISKPRIOR-20260728062026,2026-07-28T06:20:28.344471
HOSP-001,DEPT-PEX,2026-09-02,True,False,False,0.0,None,2,kpi_003; kpi_005,Department contains provisional threshold KPIs,RISKPRIOR-20260728062026,2026-07-28T06:20:28.344471
HOSP-001,DEPT-MED,2026-09-02,True,True,True,7.4348,Dominant,2,kpi_003; kpi_005,Department contains provisional threshold KPIs; Provisional KPI is dominant risk driver,RISKPRIOR-20260728062026,2026-07-28T06:20:28.344471
HOSP-001,DEPT-OPC,2026-09-03,True,False,False,13.0109,Minor,2,kpi_003; kpi_005,Department contains provisional threshold KPIs,RISKPRIOR-20260728062026,2026-07-28T06:20:28.344471
HOSP-001,DEPT-SURG,2026-09-03,True,False,False,14.8696,Minor,2,kpi_003; kpi_005,Department contains provisional threshold KPIs,RISKPRIOR-20260728062026,2026-07-28T06:20:28.344471
HOSP-001,DEPT-MED,2026-09-03,True,False,False,14.8696,Minor,2,kpi_003; kpi_005,Department contains provisional threshold KPIs,RISKPRIOR-20260728062026,2026-07-28T06:20:28.344471
HOSP-001,DEPT-ICU,2026-09-03,True,True,False,44.6087,Material,2,kpi_003; kpi_005,Department contains provisional threshold KPIs; Provisional KPI materially affects department risk,RISKPRIOR-20260728062026,2026-07-28T06:20:28.344471
HOSP-001,DEPT-DIAG,2026-09-03,True,False,False,13.0109,Minor,2,kpi_003; kpi_005,Department contains provisional threshold KPIs,RISKPRIOR-20260728062026,2026-07-28T06:20:28.344471
HOSP-001,DEPT-ED,2026-09-03,True,False,False,13.0109,Minor,2,kpi_003; kpi_005,Department contains provisional threshold KPIs,RISKPRIOR-20260728062026,2026-07-28T06:20:28.344471
HOSP-001,DEPT-ADM,2026-09-03,True,False,False,0.0,None,2,kpi_003; kpi_005,Department contains provisional threshold KPIs,RISKPRIOR-20260728062026,2026-07-28T06:20:28.344471
HOSP-001,DEPT-PEX,2026-09-03,True,False,False,0.0,None,2,kpi_003; kpi_005,Department contains provisional threshold KPIs,RISKPRIOR-20260728062026,2026-07-28T06:20:28.344471
HOSP-001,DEPT-DIAG,2026-09-04,True,True,True,79.9239,Dominant,2,kpi_003; kpi_005,Department contains provisional threshold KPIs; Provisional KPI is dominant risk driver,RISKPRIOR-20260728062026,2026-07-28T06:20:28.344471
HOSP-001,DEPT-ADM,2026-09-04,True,False,False,0.0,None,2,kpi_003; kpi_005,Department contains provisional threshold KPIs,RISKPRIOR-20260728062026,2026-07-28T06:20:28.344471
HOSP-001,DEPT-ICU,2026-09-04,True,False,False,14.8696,Minor,2,kpi_003; kpi_005,Department contains provisional threshold KPIs,RISKPRIOR-20260728062026,2026-07-28T06:20:28.344471
HOSP-001,DEPT-OPC,2026-09-04,True,True,False,20.4457,Material,2,kpi_003; kpi_005,Department contains provisional threshold KPIs; Provisional KPI materially affects department risk,RISKPRIOR-20260728062026,2026-07-28T06:20:28.344471
HOSP-001,DEPT-ED,2026-09-04,True,False,False,13.0109,Minor,2,kpi_003; kpi_005,Department contains provisional threshold KPIs,RISKPRIOR-20260728062026,2026-07-28T06:20:28.344471
HOSP-001,DEPT-MED,2026-09-04,True,False,False,14.8696,Minor,2,kpi_003; kpi_005,Department contains provisional threshold KPIs,RISKPRIOR-20260728062026,2026-07-28T06:20:28.344471
HOSP-001,DEPT-SURG,2026-09-04,True,False,False,14.8696,Minor,2,kpi_003; kpi_005,Department contains provisional threshold KPIs,RISKPRIOR-20260728062026,2026-07-28T06:20:28.344471
HOSP-001,DEPT-PEX,2026-09-04,True,False,False,0.0,None,2,kpi_003; kpi_005,Department contains provisional threshold KPIs,RISKPRIOR-20260728062026,2026-07-28T06:20:28.344471
HOSP-001,DEPT-ADM,2026-09-05,True,False,False,0.0,None,2,kpi_003; kpi_005,Department contains provisional threshold KPIs,RISKPRIOR-20260728062026,2026-07-28T06:20:28.344471
HOSP-001,DEPT-ED,2026-09-05,True,False,False,13.0109,Minor,2,kpi_003; kpi_005,Department contains provisional threshold KPIs,RISKPRIOR-20260728062026,2026-07-28T06:20:28.344471
HOSP-001,DEPT-DIAG,2026-09-05,True,True,True,55.7609,Dominant,2,kpi_003; kpi_005,Department contains provisional threshold KPIs; Provisional KPI is dominant risk driver,RISKPRIOR-20260728062026,2026-07-28T06:20:28.344471
HOSP-001,DEPT-MED,2026-09-05,True,True,True,44.6087,Dominant,2,kpi_003; kpi_005,Department contains provisional threshold KPIs; Provisional KPI is dominant risk driver,RISKPRIOR-20260728062026,2026-07-28T06:20:28.344471
HOSP-001,DEPT-ICU,2026-09-05,True,False,False,14.8696,Minor,2,kpi_003; kpi_005,Department contains provisional threshold KPIs,RISKPRIOR-20260728062026,2026-07-28T06:20:28.344471
HOSP-001,DEPT-OPC,2026-09-05,True,True,False,20.4457,Material,2,kpi_003; kpi_005,Department contains provisional threshold KPIs; Provisional KPI materially affects department risk,RISKPRIOR-20260728062026,2026-07-28T06:20:28.344471
HOSP-001,DEPT-SURG,2026-09-05,True,False,False,11.1522,Minor,2,kpi_003; kpi_005,Department contains provisional threshold KPIs,RISKPRIOR-20260728062026,2026-07-28T06:20:28.344471
HOSP-001,DEPT-PEX,2026-09-05,True,False,False,0.0,None,2,kpi_003; kpi_005,Department contains provisional threshold KPIs,RISKPRIOR-20260728062026,2026-07-28T06:20:28.344471
HOSP-001,DEPT-SURG,2026-09-06,True,False,False,11.1522,Minor,2,kpi_003; kpi_005,Department contains provisional threshold KPIs,RISKPRIOR-20260728062026,2026-07-28T06:20:28.344471
HOSP-001,DEPT-PEX,2026-09-06,True,False,False,0.0,None,2,kpi_003; kpi_005,Department contains provisional threshold KPIs,RISKPRIOR-20260728062026,2026-07-28T06:20:28.344471
HOSP-001,DEPT-MED,2026-09-06,True,True,True,44.6087,Dominant,2,kpi_003; kpi_005,Department contains provisional threshold KPIs; Provisional KPI is dominant risk driver,RISKPRIOR-20260728062026,2026-07-28T06:20:28.344471
HOSP-001,DEPT-ICU,2026-09-06,True,False,False,11.1522,Minor,2,kpi_003; kpi_005,Department contains provisional threshold KPIs,RISKPRIOR-20260728062026,2026-07-28T06:20:28.344471
HOSP-001,DEPT-OPC,2026-09-06,True,True,False,20.4457,Material,2,kpi_003; kpi_005,Department contains provisional threshold KPIs; Provisional KPI materially affects department risk,RISKPRIOR-20260728062026,2026-07-28T06:20:28.344471
HOSP-001,DEPT-DIAG,2026-09-06,True,True,True,20.4457,Dominant,2,kpi_003; kpi_005,Department contains provisional threshold KPIs; Provisional KPI is dominant risk driver,RISKPRIOR-20260728062026,2026-07-28T06:20:28.344471
HOSP-001,DEPT-ED,2026-09-06,True,True,False,20.4457,Material,2,kpi_003; kpi_005,Department contains provisional threshold KPIs; Provisional KPI materially affects department risk,RISKPRIOR-20260728062026,2026-07-28T06:20:28.344471
HOSP-001,DEPT-ADM,2026-09-06,True,False,False,0.0,None,2,kpi_003; kpi_005,Department contains provisional threshold KPIs,RISKPRIOR-20260728062026,2026-07-28T06:20:28.344471
HOSP-001,DEPT-DIAG,2026-09-07,True,True,True,52.0435,Dominant,2,kpi_003; kpi_005,Department contains provisional threshold KPIs; Provisional KPI is dominant risk driver,RISKPRIOR-20260728062026,2026-07-28T06:20:28.344471
HOSP-001,DEPT-ADM,2026-09-07,True,False,False,0.0,None,2,kpi_003; kpi_005,Department contains provisional threshold KPIs,RISKPRIOR-20260728062026,2026-07-28T06:20:28.344471
HOSP-001,DEPT-ICU,2026-09-07,True,False,False,14.8696,Minor,2,kpi_003; kpi_005,Department contains provisional threshold KPIs,RISKPRIOR-20260728062026,2026-07-28T06:20:28.344471
HOSP-001,DEPT-SURG,2026-09-07,True,False,False,7.4348,Minor,2,kpi_003; kpi_005,Department contains provisional threshold KPIs,RISKPRIOR-20260728062026,2026-07-28T06:20:28.344471
HOSP-001,DEPT-OPC,2026-09-07,True,False,False,13.0109,Minor,2,kpi_003; kpi_005,Department contains provisional threshold KPIs,RISKPRIOR-20260728062026,2026-07-28T06:20:28.344471
HOSP-001,DEPT-MED,2026-09-07,True,False,False,11.1522,Minor,2,kpi_003; kpi_005,Department contains provisional threshold KPIs,RISKPRIOR-20260728062026,2026-07-28T06:20:28.344471
HOSP-001,DEPT-ED,2026-09-07,True,False,False,0.0,None,2,kpi_003; kpi_005,Department contains provisional threshold KPIs,RISKPRIOR-20260728062026,2026-07-28T06:20:28.344471
HOSP-001,DEPT-PEX,2026-09-07,True,False,False,0.0,None,2,kpi_003; kpi_005,Department contains provisional threshold KPIs,RISKPRIOR-20260728062026,2026-07-28T06:20:28.344471
HOSP-001,DEPT-SURG,2026-09-08,True,False,False,11.1522,Minor,2,kpi_003; kpi_005,Department contains provisional threshold KPIs,RISKPRIOR-20260728062026,2026-07-28T06:20:28.344471
HOSP-001,DEPT-ICU,2026-09-08,True,False,False,14.8696,Minor,2,kpi_003; kpi_005,Department contains provisional threshold KPIs,RISKPRIOR-20260728062026,2026-07-28T06:20:28.344471
HOSP-001,DEPT-ED,2026-09-08,True,True,False,20.4457,Material,2,kpi_003; kpi_005,Department contains provisional threshold KPIs; Provisional KPI materially affects department risk,RISKPRIOR-20260728062026,2026-07-28T06:20:28.344471
HOSP-001,DEPT-MED,2026-09-08,True,False,False,14.8696,Minor,2,kpi_003; kpi_005,Department contains provisional threshold KPIs,RISKPRIOR-20260728062026,2026-07-28T06:20:28.344471
HOSP-001,DEPT-OPC,2026-09-08,True,False,False,0.0,None,2,kpi_003; kpi_005,Department contains provisional threshold KPIs,RISKPRIOR-20260728062026,2026-07-28T06:20:28.344471
HOSP-001,DEPT-DIAG,2026-09-08,True,False,False,13.0109,Minor,2,kpi_003; kpi_005,Department contains provisional threshold KPIs,RISKPRIOR-20260728062026,2026-07-28T06:20:28.344471
HOSP-001,DEPT-PEX,2026-09-08,True,False,False,0.0,None,2,kpi_003; kpi_005,Department contains provisional threshold KPIs,RISKPRIOR-20260728062026,2026-07-28T06:20:28.344471
HOSP-001,DEPT-ADM,2026-09-08,True,False,False,0.0,None,2,kpi_003; kpi_005,Department contains provisional threshold KPIs,RISKPRIOR-20260728062026,2026-07-28T06:20:28.344471
HOSP-001,DEPT-ED,2026-09-09,True,True,False,20.4457,Material,2,kpi_003; kpi_005,Department contains provisional threshold KPIs; Provisional KPI materially affects department risk,RISKPRIOR-20260728062026,2026-07-28T06:20:28.344471
HOSP-001,DEPT-SURG,2026-09-09,True,True,True,40.8913,Dominant,2,kpi_003; kpi_005,Department contains provisional threshold KPIs; Provisional KPI is dominant risk driver,RISKPRIOR-20260728062026,2026-07-28T06:20:28.344471
HOSP-001,DEPT-ICU,2026-09-09,True,False,False,14.8696,Minor,2,kpi_003; kpi_005,Department contains provisional threshold KPIs,RISKPRIOR-20260728062026,2026-07-28T06:20:28.344471
HOSP-001,DEPT-MED,2026-09-09,True,True,True,44.6087,Dominant,2,kpi_003; kpi_005,Department contains provisional threshold KPIs; Provisional KPI is dominant risk driver,RISKPRIOR-20260728062026,2026-07-28T06:20:28.344471
HOSP-001,DEPT-PEX,2026-09-09,True,False,False,0.0,None,2,kpi_003; kpi_005,Department contains provisional threshold KPIs,RISKPRIOR-20260728062026,2026-07-28T06:20:28.344471
HOSP-001,DEPT-DIAG,2026-09-09,True,False,False,13.0109,Minor,2,kpi_003; kpi_005,Department contains provisional threshold KPIs,RISKPRIOR-20260728062026,2026-07-28T06:20:28.344471
HOSP-001,DEPT-OPC,2026-09-09,True,False,False,13.0109,Minor,2,kpi_003; kpi_005,Department contains provisional threshold KPIs,RISKPRIOR-20260728062026,2026-07-28T06:20:28.344471
HOSP-001,DEPT-ADM,2026-09-09,True,False,False,0.0,None,2,kpi_003; kpi_005,Department contains provisional threshold KPIs,RISKPRIOR-20260728062026,2026-07-28T06:20:28.344471
HOSP-001,DEPT-DIAG,2026-09-10,True,False,False,13.0109,Minor,2,kpi_003; kpi_005,Department contains provisional threshold KPIs,RISKPRIOR-20260728062026,2026-07-28T06:20:28.344471
HOSP-001,DEPT-ICU,2026-09-10,True,False,False,14.8696,Minor,2,kpi_003; kpi_005,Department contains provisional threshold KPIs,RISKPRIOR-20260728062026,2026-07-28T06:20:28.344471
HOSP-001,DEPT-ADM,2026-09-10,True,False,False,0.0,None,2,kpi_003; kpi_005,Department contains provisional threshold KPIs,RISKPRIOR-20260728062026,2026-07-28T06:20:28.344471
HOSP-001,DEPT-MED,2026-09-10,True,True,True,46.4674,Dominant,2,kpi_003; kpi_005,Department contains provisional threshold KPIs; Provisional KPI is dominant risk driver,RISKPRIOR-20260728062026,2026-07-28T06:20:28.344471
HOSP-001,DEPT-SURG,2026-09-10,True,False,False,14.8696,Minor,2,kpi_003; kpi_005,Department contains provisional threshold KPIs,RISKPRIOR-20260728062026,2026-07-28T06:20:28.344471
HOSP-001,DEPT-ED,2026-09-10,True,True,False,20.4457,Material,2,kpi_003; kpi_005,Department contains provisional threshold KPIs; Provisional KPI materially affects department risk,RISKPRIOR-20260728062026,2026-07-28T06:20:28.344471
HOSP-001,DEPT-PEX,2026-09-10,True,False,False,0.0,None,2,kpi_003; kpi_005,Department contains provisional threshold KPIs,RISKPRIOR-20260728062026,2026-07-28T06:20:28.344471
HOSP-001,DEPT-OPC,2026-09-10,True,False,False,13.0109,Minor,2,kpi_003; kpi_005,Department contains provisional threshold KPIs,RISKPRIOR-20260728062026,2026-07-28T06:20:28.344471
HOSP-001,DEPT-PEX,2026-09-11,True,False,False,0.0,None,2,kpi_003; kpi_005,Department contains provisional threshold KPIs,RISKPRIOR-20260728062026,2026-07-28T06:20:28.344471
HOSP-001,DEPT-DIAG,2026-09-11,True,True,True,79.9239,Dominant,2,kpi_003; kpi_005,Department contains provisional threshold KPIs; Provisional KPI is dominant risk driver,RISKPRIOR-20260728062026,2026-07-28T06:20:28.344471
HOSP-001,DEPT-ICU,2026-09-11,True,False,False,14.8696,Minor,2,kpi_003; kpi_005,Department contains provisional threshold KPIs,RISKPRIOR-20260728062026,2026-07-28T06:20:28.344471
HOSP-001,DEPT-ED,2026-09-11,True,True,False,20.4457,Material,2,kpi_003; kpi_005,Department contains provisional threshold KPIs; Provisional KPI materially affects department risk,RISKPRIOR-20260728062026,2026-07-28T06:20:28.344471
HOSP-001,DEPT-SURG,2026-09-11,True,False,False,14.8696,Minor,2,kpi_003; kpi_005,Department contains provisional threshold KPIs,RISKPRIOR-20260728062026,2026-07-28T06:20:28.344471
HOSP-001,DEPT-ADM,2026-09-11,True,False,False,0.0,None,2,kpi_003; kpi_005,Department contains provisional threshold KPIs,RISKPRIOR-20260728062026,2026-07-28T06:20:28.344471
HOSP-001,DEPT-OPC,2026-09-11,True,False,False,13.0109,Minor,2,kpi_003; kpi_005,Department contains provisional threshold KPIs,RISKPRIOR-20260728062026,2026-07-28T06:20:28.344471
HOSP-001,DEPT-MED,2026-09-11,True,True,True,14.8696,Dominant,2,kpi_003; kpi_005,Department contains provisional threshold KPIs; Provisional KPI is dominant risk driver,RISKPRIOR-20260728062026,2026-07-28T06:20:28.344471
HOSP-001,DEPT-DIAG,2026-09-12,True,True,False,55.7609,Material,2,kpi_003; kpi_005,Department contains provisional threshold KPIs; Provisional KPI materially affects department risk,RISKPRIOR-20260728062026,2026-07-28T06:20:28.344471
HOSP-001,DEPT-SURG,2026-09-12,True,True,False,44.6087,Material,2,kpi_003; kpi_005,Department contains provisional threshold KPIs; Provisional KPI materially affects department risk,RISKPRIOR-20260728062026,2026-07-28T06:20:28.344471
HOSP-001,DEPT-ICU,2026-09-12,True,True,True,40.8913,Dominant,2,kpi_003; kpi_005,Department contains provisional threshold KPIs; Provisional KPI is dominant risk driver,RISKPRIOR-20260728062026,2026-07-28T06:20:28.344471
HOSP-001,DEPT-MED,2026-09-12,True,True,True,44.6087,Dominant,2,kpi_003; kpi_005,Department contains provisional threshold KPIs; Provisional KPI is dominant risk driver,RISKPRIOR-20260728062026,2026-07-28T06:20:28.344471
HOSP-001,DEPT-ED,2026-09-12,True,False,False,13.0109,Minor,2,kpi_003; kpi_005,Department contains provisional threshold KPIs,RISKPRIOR-20260728062026,2026-07-28T06:20:28.344471
HOSP-001,DEPT-ADM,2026-09-12,True,False,False,0.0,None,2,kpi_003; kpi_005,Department contains provisional threshold KPIs,RISKPRIOR-20260728062026,2026-07-28T06:20:28.344471
HOSP-001,DEPT-OPC,2026-09-12,True,False,False,13.0109,Minor,2,kpi_003; kpi_005,Department contains provisional threshold KPIs,RISKPRIOR-20260728062026,2026-07-28T06:20:28.344471
HOSP-001,DEPT-PEX,2026-09-12,True,False,False,0.0,None,2,kpi_003; kpi_005,Department contains provisional threshold KPIs,RISKPRIOR-20260728062026,2026-07-28T06:20:28.344471
HOSP-001,DEPT-PEX,2026-09-13,True,False,False,0.0,None,2,kpi_003; kpi_005,Department contains provisional threshold KPIs,RISKPRIOR-20260728062026,2026-07-28T06:20:28.344471
HOSP-001,DEPT-DIAG,2026-09-13,True,True,True,55.7609,Dominant,2,kpi_003; kpi_005,Department contains provisional threshold KPIs; Provisional KPI is dominant risk driver,RISKPRIOR-20260728062026,2026-07-28T06:20:28.344471
HOSP-001,DEPT-ED,2026-09-13,True,True,True,55.7609,Dominant,2,kpi_003; kpi_005,Department contains provisional threshold KPIs; Provisional KPI is dominant risk driver,RISKPRIOR-20260728062026,2026-07-28T06:20:28.344471
HOSP-001,DEPT-OPC,2026-09-13,True,False,False,13.0109,Minor,2,kpi_003; kpi_005,Department contains provisional threshold KPIs,RISKPRIOR-20260728062026,2026-07-28T06:20:28.344471
HOSP-001,DEPT-ICU,2026-09-13,True,False,False,11.1522,Minor,2,kpi_003; kpi_005,Department contains provisional threshold KPIs,RISKPRIOR-20260728062026,2026-07-28T06:20:28.344471
HOSP-001,DEPT-SURG,2026-09-13,True,False,False,14.8696,Minor,2,kpi_003; kpi_005,Department contains provisional threshold KPIs,RISKPRIOR-20260728062026,2026-07-28T06:20:28.344471
HOSP-001,DEPT-ADM,2026-09-13,True,False,False,0.0,None,2,kpi_003; kpi_005,Department contains provisional threshold KPIs,RISKPRIOR-20260728062026,2026-07-28T06:20:28.344471
HOSP-001,DEPT-MED,2026-09-13,True,False,False,11.1522,Minor,2,kpi_003; kpi_005,Department contains provisional threshold KPIs,RISKPRIOR-20260728062026,2026-07-28T06:20:28.344471
HOSP-001,DEPT-ED,2026-09-14,True,True,False,20.4457,Material,2,kpi_003; kpi_005,Department contains provisional threshold KPIs; Provisional KPI materially affects department risk,RISKPRIOR-20260728062026,2026-07-28T06:20:28.344471
HOSP-001,DEPT-ICU,2026-09-14,True,False,False,11.1522,Minor,2,kpi_003; kpi_005,Department contains provisional threshold KPIs,RISKPRIOR-20260728062026,2026-07-28T06:20:28.344471
HOSP-001,DEPT-DIAG,2026-09-14,True,True,False,20.4457,Material,2,kpi_003; kpi_005,Department contains provisional threshold KPIs; Provisional KPI materially affects department risk,RISKPRIOR-20260728062026,2026-07-28T06:20:28.344471
HOSP-001,DEPT-SURG,2026-09-14,True,False,False,14.8696,Minor,2,kpi_003; kpi_005,Department contains provisional threshold KPIs,RISKPRIOR-20260728062026,2026-07-28T06:20:28.344471
HOSP-001,DEPT-OPC,2026-09-14,True,False,False,13.0109,Minor,2,kpi_003; kpi_005,Department contains provisional threshold KPIs,RISKPRIOR-20260728062026,2026-07-28T06:20:28.344471
HOSP-001,DEPT-ADM,2026-09-14,True,False,False,0.0,None,2,kpi_003; kpi_005,Department contains provisional threshold KPIs,RISKPRIOR-20260728062026,2026-07-28T06:20:28.344471
HOSP-001,DEPT-PEX,2026-09-14,True,False,False,0.0,None,2,kpi_003; kpi_005,Department contains provisional threshold KPIs,RISKPRIOR-20260728062026,2026-07-28T06:20:28.344471
HOSP-001,DEPT-MED,2026-09-14,True,False,False,14.8696,Minor,2,kpi_003; kpi_005,Department contains provisional threshold KPIs,RISKPRIOR-20260728062026,2026-07-28T06:20:28.344471
HOSP-001,DEPT-ICU,2026-09-15,True,True,False,39.0326,Material,2,kpi_003; kpi_005,Department contains provisional threshold KPIs; Provisional KPI materially affects department risk,RISKPRIOR-20260728062026,2026-07-28T06:20:28.344471
HOSP-001,DEPT-DIAG,2026-09-15,True,False,False,13.0109,Minor,2,kpi_003; kpi_005,Department contains provisional threshold KPIs,RISKPRIOR-20260728062026,2026-07-28T06:20:28.344471
HOSP-001,DEPT-PEX,2026-09-15,True,False,False,0.0,None,2,kpi_003; kpi_005,Department contains provisional threshold KPIs,RISKPRIOR-20260728062026,2026-07-28T06:20:28.344471
HOSP-001,DEPT-MED,2026-09-15,True,True,True,44.6087,Dominant,2,kpi_003; kpi_005,Department contains provisional threshold KPIs; Provisional KPI is dominant risk driver,RISKPRIOR-20260728062026,2026-07-28T06:20:28.344471
HOSP-001,DEPT-ADM,2026-09-15,True,False,False,0.0,None,2,kpi_003; kpi_005,Department contains provisional threshold KPIs,RISKPRIOR-20260728062026,2026-07-28T06:20:28.344471
HOSP-001,DEPT-OPC,2026-09-15,True,False,False,13.0109,Minor,2,kpi_003; kpi_005,Department contains provisional threshold KPIs,RISKPRIOR-20260728062026,2026-07-28T06:20:28.344471
HOSP-001,DEPT-SURG,2026-09-15,True,False,False,11.1522,Minor,2,kpi_003; kpi_005,Department contains provisional threshold KPIs,RISKPRIOR-20260728062026,2026-07-28T06:20:28.344471
HOSP-001,DEPT-ED,2026-09-15,True,True,True,20.4457,Dominant,2,kpi_003; kpi_005,Department contains provisional threshold KPIs; Provisional KPI is dominant risk driver,RISKPRIOR-20260728062026,2026-07-28T06:20:28.344471
HOSP-001,DEPT-MED,2026-09-16,True,False,False,14.8696,Minor,2,kpi_003; kpi_005,Department contains provisional threshold KPIs,RISKPRIOR-20260728062026,2026-07-28T06:20:28.344471
HOSP-001,DEPT-DIAG,2026-09-16,True,False,False,13.0109,Minor,2,kpi_003; kpi_005,Department contains provisional threshold KPIs,RISKPRIOR-20260728062026,2026-07-28T06:20:28.344471
HOSP-001,DEPT-SURG,2026-09-16,True,False,False,14.8696,Minor,2,kpi_003; kpi_005,Department contains provisional threshold KPIs,RISKPRIOR-20260728062026,2026-07-28T06:20:28.344471
HOSP-001,DEPT-ICU,2026-09-16,True,False,False,11.1522,Minor,2,kpi_003; kpi_005,Department contains provisional threshold KPIs,RISKPRIOR-20260728062026,2026-07-28T06:20:28.344471
HOSP-001,DEPT-PEX,2026-09-16,True,False,False,0.0,None,2,kpi_003; kpi_005,Department contains provisional threshold KPIs,RISKPRIOR-20260728062026,2026-07-28T06:20:28.344471
HOSP-001,DEPT-OPC,2026-09-16,True,False,False,13.0109,Minor,2,kpi_003; kpi_005,Department contains provisional threshold KPIs,RISKPRIOR-20260728062026,2026-07-28T06:20:28.344471
HOSP-001,DEPT-ED,2026-09-16,True,True,True,20.4457,Dominant,2,kpi_003; kpi_005,Department contains provisional threshold KPIs; Provisional KPI is dominant risk driver,RISKPRIOR-20260728062026,2026-07-28T06:20:28.344471
HOSP-001,DEPT-ADM,2026-09-16,True,False,False,0.0,None,2,kpi_003; kpi_005,Department contains provisional threshold KPIs,RISKPRIOR-20260728062026,2026-07-28T06:20:28.344471
HOSP-001,DEPT-ED,2026-09-17,True,True,True,65.0543,Dominant,2,kpi_003; kpi_005,Department contains provisional threshold KPIs; Provisional KPI is dominant risk driver,RISKPRIOR-20260728062026,2026-07-28T06:20:28.344471
HOSP-001,DEPT-ICU,2026-09-17,True,False,False,11.1522,Minor,2,kpi_003; kpi_005,Department contains provisional threshold KPIs,RISKPRIOR-20260728062026,2026-07-28T06:20:28.344471
HOSP-001,DEPT-PEX,2026-09-17,True,False,False,0.0,None,2,kpi_003; kpi_005,Department contains provisional threshold KPIs,RISKPRIOR-20260728062026,2026-07-28T06:20:28.344471
HOSP-001,DEPT-DIAG,2026-09-17,True,False,False,13.0109,Minor,2,kpi_003; kpi_005,Department contains provisional threshold KPIs,RISKPRIOR-20260728062026,2026-07-28T06:20:28.344471
HOSP-001,DEPT-OPC,2026-09-17,True,False,False,1.8587,Minor,2,kpi_003; kpi_005,Department contains provisional threshold KPIs,RISKPRIOR-20260728062026,2026-07-28T06:20:28.344471
HOSP-001,DEPT-SURG,2026-09-17,True,False,False,11.1522,Minor,2,kpi_003; kpi_005,Department contains provisional threshold KPIs,RISKPRIOR-20260728062026,2026-07-28T06:20:28.344471
HOSP-001,DEPT-ADM,2026-09-17,True,False,False,0.0,None,2,kpi_003; kpi_005,Department contains provisional threshold KPIs,RISKPRIOR-20260728062026,2026-07-28T06:20:28.344471
HOSP-001,DEPT-MED,2026-09-17,True,True,True,14.8696,Dominant,2,kpi_003; kpi_005,Department contains provisional threshold KPIs; Provisional KPI is dominant risk driver,RISKPRIOR-20260728062026,2026-07-28T06:20:28.344471
HOSP-001,DEPT-SURG,2026-09-18,True,False,False,11.1522,Minor,2,kpi_003; kpi_005,Department contains provisional threshold KPIs,RISKPRIOR-20260728062026,2026-07-28T06:20:28.344471
HOSP-001,DEPT-DIAG,2026-09-18,True,False,False,1.8587,Minor,2,kpi_003; kpi_005,Department contains provisional threshold KPIs,RISKPRIOR-20260728062026,2026-07-28T06:20:28.344471
HOSP-001,DEPT-MED,2026-09-18,True,False,False,11.1522,Minor,2,kpi_003; kpi_005,Department contains provisional threshold KPIs,RISKPRIOR-20260728062026,2026-07-28T06:20:28.344471
HOSP-001,DEPT-ICU,2026-09-18,True,False,False,7.4348,Minor,2,kpi_003; kpi_005,Department contains provisional threshold KPIs,RISKPRIOR-20260728062026,2026-07-28T06:20:28.344471
HOSP-001,DEPT-ADM,2026-09-18,True,False,False,0.0,None,2,kpi_003; kpi_005,Department contains provisional threshold KPIs,RISKPRIOR-20260728062026,2026-07-28T06:20:28.344471
HOSP-001,DEPT-PEX,2026-09-18,True,False,False,0.0,None,2,kpi_003; kpi_005,Department contains provisional threshold KPIs,RISKPRIOR-20260728062026,2026-07-28T06:20:28.344471
HOSP-001,DEPT-ED,2026-09-18,True,False,False,13.0109,Minor,2,kpi_003; kpi_005,Department contains provisional threshold KPIs,RISKPRIOR-20260728062026,2026-07-28T06:20:28.344471
HOSP-001,DEPT-OPC,2026-09-18,True,True,True,13.0109,Dominant,2,kpi_003; kpi_005,Department contains provisional threshold KPIs; Provisional KPI is dominant risk driver,RISKPRIOR-20260728062026,2026-07-28T06:20:28.344471
HOSP-001,DEPT-DIAG,2026-09-19,True,False,False,13.0109,Minor,2,kpi_003; kpi_005,Department contains provisional threshold KPIs,RISKPRIOR-20260728062026,2026-07-28T06:20:28.344471
HOSP-001,DEPT-SURG,2026-09-19,True,False,False,14.8696,Minor,2,kpi_003; kpi_005,Department contains provisional threshold KPIs,RISKPRIOR-20260728062026,2026-07-28T06:20:28.344471
HOSP-001,DEPT-ADM,2026-09-19,True,False,False,0.0,None,2,kpi_003; kpi_005,Department contains provisional threshold KPIs,RISKPRIOR-20260728062026,2026-07-28T06:20:28.344471
HOSP-001,DEPT-ED,2026-09-19,True,False,False,0.0,None,2,kpi_003; kpi_005,Department contains provisional threshold KPIs,RISKPRIOR-20260728062026,2026-07-28T06:20:28.344471
HOSP-001,DEPT-ICU,2026-09-19,True,False,False,11.1522,Minor,2,kpi_003; kpi_005,Department contains provisional threshold KPIs,RISKPRIOR-20260728062026,2026-07-28T06:20:28.344471
HOSP-001,DEPT-PEX,2026-09-19,True,False,False,0.0,None,2,kpi_003; kpi_005,Department contains provisional threshold KPIs,RISKPRIOR-20260728062026,2026-07-28T06:20:28.344471
HOSP-001,DEPT-MED,2026-09-19,True,False,False,11.1522,Minor,2,kpi_003; kpi_005,Department contains provisional threshold KPIs,RISKPRIOR-20260728062026,2026-07-28T06:20:28.344471
HOSP-001,DEPT-OPC,2026-09-19,True,False,False,1.8587,Minor,2,kpi_003; kpi_005,Department contains provisional threshold KPIs,RISKPRIOR-20260728062026,2026-07-28T06:20:28.344471
HOSP-001,DEPT-DIAG,2026-09-20,True,False,False,1.8587,Minor,2,kpi_003; kpi_005,Department contains provisional threshold KPIs,RISKPRIOR-20260728062026,2026-07-28T06:20:28.344471
HOSP-001,DEPT-MED,2026-09-20,True,True,True,46.4674,Dominant,2,kpi_003; kpi_005,Department contains provisional threshold KPIs; Provisional KPI is dominant risk driver,RISKPRIOR-20260728062026,2026-07-28T06:20:28.344471
HOSP-001,DEPT-OPC,2026-09-20,True,False,False,1.8587,Minor,2,kpi_003; kpi_005,Department contains provisional threshold KPIs,RISKPRIOR-20260728062026,2026-07-28T06:20:28.344471
HOSP-001,DEPT-ICU,2026-09-20,True,False,False,11.1522,Minor,2,kpi_003; kpi_005,Department contains provisional threshold KPIs,RISKPRIOR-20260728062026,2026-07-28T06:20:28.344471
HOSP-001,DEPT-ADM,2026-09-20,True,False,False,0.0,None,2,kpi_003; kpi_005,Department contains provisional threshold KPIs,RISKPRIOR-20260728062026,2026-07-28T06:20:28.344471
HOSP-001,DEPT-SURG,2026-09-20,True,False,False,14.8696,Minor,2,kpi_003; kpi_005,Department contains provisional threshold KPIs,RISKPRIOR-20260728062026,2026-07-28T06:20:28.344471
HOSP-001,DEPT-PEX,2026-09-20,True,False,False,0.0,None,2,kpi_003; kpi_005,Department contains provisional threshold KPIs,RISKPRIOR-20260728062026,2026-07-28T06:20:28.344471
HOSP-001,DEPT-ED,2026-09-20,True,False,False,0.0,None,2,kpi_003; kpi_005,Department contains provisional threshold KPIs,RISKPRIOR-20260728062026,2026-07-28T06:20:28.344471
HOSP-001,DEPT-SURG,2026-09-21,True,True,False,44.6087,Material,2,kpi_003; kpi_005,Department contains provisional threshold KPIs; Provisional KPI materially affects department risk,RISKPRIOR-20260728062026,2026-07-28T06:20:28.344471
HOSP-001,DEPT-ED,2026-09-21,True,False,False,13.0109,Minor,2,kpi_003; kpi_005,Department contains provisional threshold KPIs,RISKPRIOR-20260728062026,2026-07-28T06:20:28.344471
HOSP-001,DEPT-MED,2026-09-21,True,False,False,14.8696,Minor,2,kpi_003; kpi_005,Department contains provisional threshold KPIs,RISKPRIOR-20260728062026,2026-07-28T06:20:28.344471
HOSP-001,DEPT-OPC,2026-09-21,True,True,True,57.6196,Dominant,2,kpi_003; kpi_005,Department contains provisional threshold KPIs; Provisional KPI is dominant risk driver,RISKPRIOR-20260728062026,2026-07-28T06:20:28.344471
HOSP-001,DEPT-DIAG,2026-09-21,True,False,False,1.8587,Minor,2,kpi_003; kpi_005,Department contains provisional threshold KPIs,RISKPRIOR-20260728062026,2026-07-28T06:20:28.344471
HOSP-001,DEPT-ICU,2026-09-21,True,False,False,11.1522,Minor,2,kpi_003; kpi_005,Department contains provisional threshold KPIs,RISKPRIOR-20260728062026,2026-07-28T06:20:28.344471
HOSP-001,DEPT-ADM,2026-09-21,True,False,False,0.0,None,2,kpi_003; kpi_005,Department contains provisional threshold KPIs,RISKPRIOR-20260728062026,2026-07-28T06:20:28.344471
HOSP-001,DEPT-PEX,2026-09-21,True,False,False,0.0,None,2,kpi_003; kpi_005,Department contains provisional threshold KPIs,RISKPRIOR-20260728062026,2026-07-28T06:20:28.344471
HOSP-001,DEPT-DIAG,2026-09-22,True,True,False,61.337,Material,2,kpi_003; kpi_005,Department contains provisional threshold KPIs; Provisional KPI materially affects department risk,RISKPRIOR-20260728062026,2026-07-28T06:20:28.344471
HOSP-001,DEPT-ICU,2026-09-22,True,False,False,11.1522,Minor,2,kpi_003; kpi_005,Department contains provisional threshold KPIs,RISKPRIOR-20260728062026,2026-07-28T06:20:28.344471
HOSP-001,DEPT-MED,2026-09-22,True,True,True,44.6087,Dominant,2,kpi_003; kpi_005,Department contains provisional threshold KPIs; Provisional KPI is dominant risk driver,RISKPRIOR-20260728062026,2026-07-28T06:20:28.344471
HOSP-001,DEPT-SURG,2026-09-22,True,True,True,44.6087,Dominant,2,kpi_003; kpi_005,Department contains provisional threshold KPIs; Provisional KPI is dominant risk driver,RISKPRIOR-20260728062026,2026-07-28T06:20:28.344471
HOSP-001,DEPT-OPC,2026-09-22,True,False,False,0.0,None,2,kpi_003; kpi_005,Department contains provisional threshold KPIs,RISKPRIOR-20260728062026,2026-07-28T06:20:28.344471
HOSP-001,DEPT-ADM,2026-09-22,True,False,False,0.0,None,2,kpi_003; kpi_005,Department contains provisional threshold KPIs,RISKPRIOR-20260728062026,2026-07-28T06:20:28.344471
HOSP-001,DEPT-PEX,2026-09-22,True,False,False,0.0,None,2,kpi_003; kpi_005,Department contains provisional threshold KPIs,RISKPRIOR-20260728062026,2026-07-28T06:20:28.344471
HOSP-001,DEPT-ED,2026-09-22,True,False,False,13.0109,Minor,2,kpi_003; kpi_005,Department contains provisional threshold KPIs,RISKPRIOR-20260728062026,2026-07-28T06:20:28.344471
HOSP-001,DEPT-ADM,2026-09-23,True,False,False,0.0,None,2,kpi_003; kpi_005,Department contains provisional threshold KPIs,RISKPRIOR-20260728062026,2026-07-28T06:20:28.344471
HOSP-001,DEPT-ED,2026-09-23,True,False,False,13.0109,Minor,2,kpi_003; kpi_005,Department contains provisional threshold KPIs,RISKPRIOR-20260728062026,2026-07-28T06:20:28.344471
HOSP-001,DEPT-DIAG,2026-09-23,True,True,True,61.337,Dominant,2,kpi_003; kpi_005,Department contains provisional threshold KPIs; Provisional KPI is dominant risk driver,RISKPRIOR-20260728062026,2026-07-28T06:20:28.344471
HOSP-001,DEPT-MED,2026-09-23,True,True,False,40.8913,Material,2,kpi_003; kpi_005,Department contains provisional threshold KPIs; Provisional KPI materially affects department risk,RISKPRIOR-20260728062026,2026-07-28T06:20:28.344471
HOSP-001,DEPT-SURG,2026-09-23,True,True,True,46.4674,Dominant,2,kpi_003; kpi_005,Department contains provisional threshold KPIs; Provisional KPI is dominant risk driver,RISKPRIOR-20260728062026,2026-07-28T06:20:28.344471
HOSP-001,DEPT-ICU,2026-09-23,True,False,False,11.1522,Minor,2,kpi_003; kpi_005,Department contains provisional threshold KPIs,RISKPRIOR-20260728062026,2026-07-28T06:20:28.344471
HOSP-001,DEPT-PEX,2026-09-23,True,False,False,0.0,None,2,kpi_003; kpi_005,Department contains provisional threshold KPIs,RISKPRIOR-20260728062026,2026-07-28T06:20:28.344471
HOSP-001,DEPT-OPC,2026-09-23,True,False,False,1.8587,Minor,2,kpi_003; kpi_005,Department contains provisional threshold KPIs,RISKPRIOR-20260728062026,2026-07-28T06:20:28.344471
HOSP-001,DEPT-MED,2026-09-24,True,False,False,11.1522,Minor,2,kpi_003; kpi_005,Department contains provisional threshold KPIs,RISKPRIOR-20260728062026,2026-07-28T06:20:28.344471
HOSP-001,DEPT-ICU,2026-09-24,True,False,False,14.8696,Minor,2,kpi_003; kpi_005,Department contains provisional threshold KPIs,RISKPRIOR-20260728062026,2026-07-28T06:20:28.344471
HOSP-001,DEPT-ADM,2026-09-24,True,False,False,0.0,None,2,kpi_003; kpi_005,Department contains provisional threshold KPIs,RISKPRIOR-20260728062026,2026-07-28T06:20:28.344471
HOSP-001,DEPT-DIAG,2026-09-24,True,False,False,0.0,None,2,kpi_003; kpi_005,Department contains provisional threshold KPIs,RISKPRIOR-20260728062026,2026-07-28T06:20:28.344471
HOSP-001,DEPT-ED,2026-09-24,True,False,False,13.0109,Minor,2,kpi_003; kpi_005,Department contains provisional threshold KPIs,RISKPRIOR-20260728062026,2026-07-28T06:20:28.344471
HOSP-001,DEPT-PEX,2026-09-24,True,False,False,0.0,None,2,kpi_003; kpi_005,Department contains provisional threshold KPIs,RISKPRIOR-20260728062026,2026-07-28T06:20:28.344471
HOSP-001,DEPT-SURG,2026-09-24,True,False,False,11.1522,Minor,2,kpi_003; kpi_005,Department contains provisional threshold KPIs,RISKPRIOR-20260728062026,2026-07-28T06:20:28.344471
HOSP-001,DEPT-OPC,2026-09-24,True,False,False,1.8587,Minor,2,kpi_003; kpi_005,Department contains provisional threshold KPIs,RISKPRIOR-20260728062026,2026-07-28T06:20:28.344471
HOSP-001,DEPT-ADM,2026-09-25,True,False,False,0.0,None,2,kpi_003; kpi_005,Department contains provisional threshold KPIs,RISKPRIOR-20260728062026,2026-07-28T06:20:28.344471
HOSP-001,DEPT-PEX,2026-09-25,True,False,False,0.0,None,2,kpi_003; kpi_005,Department contains provisional threshold KPIs,RISKPRIOR-20260728062026,2026-07-28T06:20:28.344471
HOSP-001,DEPT-DIAG,2026-09-25,True,False,False,5.5761,Minor,2,kpi_003; kpi_005,Department contains provisional threshold KPIs,RISKPRIOR-20260728062026,2026-07-28T06:20:28.344471
HOSP-001,DEPT-ICU,2026-09-25,True,False,False,14.8696,Minor,2,kpi_003; kpi_005,Department contains provisional threshold KPIs,RISKPRIOR-20260728062026,2026-07-28T06:20:28.344471
HOSP-001,DEPT-ED,2026-09-25,True,False,False,0.0,None,2,kpi_003; kpi_005,Department contains provisional threshold KPIs,RISKPRIOR-20260728062026,2026-07-28T06:20:28.344471
HOSP-001,DEPT-MED,2026-09-25,True,False,False,11.1522,Minor,2,kpi_003; kpi_005,Department contains provisional threshold KPIs,RISKPRIOR-20260728062026,2026-07-28T06:20:28.344471
HOSP-001,DEPT-SURG,2026-09-25,True,False,False,14.8696,Minor,2,kpi_003; kpi_005,Department contains provisional threshold KPIs,RISKPRIOR-20260728062026,2026-07-28T06:20:28.344471
HOSP-001,DEPT-OPC,2026-09-25,True,False,False,1.8587,Minor,2,kpi_003; kpi_005,Department contains provisional threshold KPIs,RISKPRIOR-20260728062026,2026-07-28T06:20:28.344471
HOSP-001,DEPT-OPC,2026-09-26,True,False,False,0.0,None,2,kpi_003; kpi_005,Department contains provisional threshold KPIs,RISKPRIOR-20260728062026,2026-07-28T06:20:28.344471
HOSP-001,DEPT-ICU,2026-09-26,True,True,True,44.6087,Dominant,2,kpi_003; kpi_005,Department contains provisional threshold KPIs; Provisional KPI is dominant risk driver,RISKPRIOR-20260728062026,2026-07-28T06:20:28.344471
HOSP-001,DEPT-MED,2026-09-26,True,True,True,42.75,Dominant,2,kpi_003; kpi_005,Department contains provisional threshold KPIs; Provisional KPI is dominant risk driver,RISKPRIOR-20260728062026,2026-07-28T06:20:28.344471
HOSP-001,DEPT-DIAG,2026-09-26,True,True,True,37.1739,Dominant,2,kpi_003; kpi_005,Department contains provisional threshold KPIs; Provisional KPI is dominant risk driver,RISKPRIOR-20260728062026,2026-07-28T06:20:28.344471
HOSP-001,DEPT-ADM,2026-09-26,True,False,False,0.0,None,2,kpi_003; kpi_005,Department contains provisional threshold KPIs,RISKPRIOR-20260728062026,2026-07-28T06:20:28.344471
HOSP-001,DEPT-ED,2026-09-26,True,False,False,13.0109,Minor,2,kpi_003; kpi_005,Department contains provisional threshold KPIs,RISKPRIOR-20260728062026,2026-07-28T06:20:28.344471
HOSP-001,DEPT-PEX,2026-09-26,True,False,False,0.0,None,2,kpi_003; kpi_005,Department contains provisional threshold KPIs,RISKPRIOR-20260728062026,2026-07-28T06:20:28.344471
HOSP-001,DEPT-SURG,2026-09-26,True,False,False,14.8696,Minor,2,kpi_003; kpi_005,Department contains provisional threshold KPIs,RISKPRIOR-20260728062026,2026-07-28T06:20:28.344471
HOSP-001,DEPT-SURG,2026-09-27,True,True,False,46.4674,Material,2,kpi_003; kpi_005,Department contains provisional threshold KPIs; Provisional KPI materially affects department risk,RISKPRIOR-20260728062026,2026-07-28T06:20:28.344471
HOSP-001,DEPT-OPC,2026-09-27,True,False,False,5.5761,Minor,2,kpi_003; kpi_005,Department contains provisional threshold KPIs,RISKPRIOR-20260728062026,2026-07-28T06:20:28.344471
HOSP-001,DEPT-PEX,2026-09-27,True,False,False,0.0,None,2,kpi_003; kpi_005,Department contains provisional threshold KPIs,RISKPRIOR-20260728062026,2026-07-28T06:20:28.344471
HOSP-001,DEPT-ICU,2026-09-27,True,False,False,11.1522,Minor,2,kpi_003; kpi_005,Department contains provisional threshold KPIs,RISKPRIOR-20260728062026,2026-07-28T06:20:28.344471
HOSP-001,DEPT-DIAG,2026-09-27,True,True,True,37.1739,Dominant,2,kpi_003; kpi_005,Department contains provisional threshold KPIs; Provisional KPI is dominant risk driver,RISKPRIOR-20260728062026,2026-07-28T06:20:28.344471
HOSP-001,DEPT-ADM,2026-09-27,True,False,False,0.0,None,2,kpi_003; kpi_005,Department contains provisional threshold KPIs,RISKPRIOR-20260728062026,2026-07-28T06:20:28.344471
HOSP-001,DEPT-ED,2026-09-27,True,False,False,13.0109,Minor,2,kpi_003; kpi_005,Department contains provisional threshold KPIs,RISKPRIOR-20260728062026,2026-07-28T06:20:28.344471
HOSP-001,DEPT-MED,2026-09-27,True,False,False,7.4348,Minor,2,kpi_003; kpi_005,Department contains provisional threshold KPIs,RISKPRIOR-20260728062026,2026-07-28T06:20:28.344471
HOSP-001,DEPT-ADM,2026-09-28,True,False,False,0.0,None,2,kpi_003; kpi_005,Department contains provisional threshold KPIs,RISKPRIOR-20260728062026,2026-07-28T06:20:28.344471
HOSP-001,DEPT-ICU,2026-09-28,True,True,True,40.8913,Dominant,2,kpi_003; kpi_005,Department contains provisional threshold KPIs; Provisional KPI is dominant risk driver,RISKPRIOR-20260728062026,2026-07-28T06:20:28.344471
HOSP-001,DEPT-ED,2026-09-28,True,False,False,1.8587,Minor,2,kpi_003; kpi_005,Department contains provisional threshold KPIs,RISKPRIOR-20260728062026,2026-07-28T06:20:28.344471
HOSP-001,DEPT-MED,2026-09-28,True,False,False,11.1522,Minor,2,kpi_003; kpi_005,Department contains provisional threshold KPIs,RISKPRIOR-20260728062026,2026-07-28T06:20:28.344471
HOSP-001,DEPT-DIAG,2026-09-28,True,False,False,1.8587,Minor,2,kpi_003; kpi_005,Department contains provisional threshold KPIs,RISKPRIOR-20260728062026,2026-07-28T06:20:28.344471
HOSP-001,DEPT-SURG,2026-09-28,True,False,False,11.1522,Minor,2,kpi_003; kpi_005,Department contains provisional threshold KPIs,RISKPRIOR-20260728062026,2026-07-28T06:20:28.344471
HOSP-001,DEPT-PEX,2026-09-28,True,False,False,0.0,None,2,kpi_003; kpi_005,Department contains provisional threshold KPIs,RISKPRIOR-20260728062026,2026-07-28T06:20:28.344471
HOSP-001,DEPT-OPC,2026-09-28,True,False,False,5.5761,Minor,2,kpi_003; kpi_005,Department contains provisional threshold KPIs,RISKPRIOR-20260728062026,2026-07-28T06:20:28.344471
HOSP-001,DEPT-SURG,2026-09-29,True,False,False,11.1522,Minor,2,kpi_003; kpi_005,Department contains provisional threshold KPIs,RISKPRIOR-20260728062026,2026-07-28T06:20:28.344471
HOSP-001,DEPT-ADM,2026-09-29,True,False,False,0.0,None,2,kpi_003; kpi_005,Department contains provisional threshold KPIs,RISKPRIOR-20260728062026,2026-07-28T06:20:28.344471
HOSP-001,DEPT-OPC,2026-09-29,True,False,False,9.2935,Minor,2,kpi_003; kpi_005,Department contains provisional threshold KPIs,RISKPRIOR-20260728062026,2026-07-28T06:20:28.344471
HOSP-001,DEPT-MED,2026-09-29,True,True,True,44.6087,Dominant,2,kpi_003; kpi_005,Department contains provisional threshold KPIs; Provisional KPI is dominant risk driver,RISKPRIOR-20260728062026,2026-07-28T06:20:28.344471
HOSP-001,DEPT-ICU,2026-09-29,True,False,False,14.8696,Minor,2,kpi_003; kpi_005,Department contains provisional threshold KPIs,RISKPRIOR-20260728062026,2026-07-28T06:20:28.344471
HOSP-001,DEPT-DIAG,2026-09-29,True,True,True,37.1739,Dominant,2,kpi_003; kpi_005,Department contains provisional threshold KPIs; Provisional KPI is dominant risk driver,RISKPRIOR-20260728062026,2026-07-28T06:20:28.344471
HOSP-001,DEPT-ED,2026-09-29,True,False,False,1.8587,Minor,2,kpi_003; kpi_005,Department contains provisional threshold KPIs,RISKPRIOR-20260728062026,2026-07-28T06:20:28.344471
HOSP-001,DEPT-PEX,2026-09-29,True,False,False,0.0,None,2,kpi_003; kpi_005,Department contains provisional threshold KPIs,RISKPRIOR-20260728062026,2026-07-28T06:20:28.344471
HOSP-001,DEPT-PEX,2026-09-30,True,False,False,0.0,None,2,kpi_003; kpi_005,Department contains provisional threshold KPIs,RISKPRIOR-20260728062026,2026-07-28T06:20:28.344471
HOSP-001,DEPT-ED,2026-09-30,True,False,False,1.8587,Minor,2,kpi_003; kpi_005,Department contains provisional threshold KPIs,RISKPRIOR-20260728062026,2026-07-28T06:20:28.344471
HOSP-001,DEPT-ADM,2026-09-30,True,False,False,0.0,None,2,kpi_003; kpi_005,Department contains provisional threshold KPIs,RISKPRIOR-20260728062026,2026-07-28T06:20:28.344471
HOSP-001,DEPT-DIAG,2026-09-30,True,False,False,1.8587,Minor,2,kpi_003; kpi_005,Department contains provisional threshold KPIs,RISKPRIOR-20260728062026,2026-07-28T06:20:28.344471
HOSP-001,DEPT-SURG,2026-09-30,True,True,False,44.6087,Material,2,kpi_003; kpi_005,Department contains provisional threshold KPIs; Provisional KPI materially affects department risk,RISKPRIOR-20260728062026,2026-07-28T06:20:28.344471
HOSP-001,DEPT-MED,2026-09-30,True,True,True,44.6087,Dominant,2,kpi_003; kpi_005,Department contains provisional threshold KPIs; Provisional KPI is dominant risk driver,RISKPRIOR-20260728062026,2026-07-28T06:20:28.344471
HOSP-001,DEPT-ICU,2026-09-30,True,False,False,14.8696,Minor,2,kpi_003; kpi_005,Department contains provisional threshold KPIs,RISKPRIOR-20260728062026,2026-07-28T06:20:28.344471
HOSP-001,DEPT-OPC,2026-09-30,True,False,False,9.2935,Minor,2,kpi_003; kpi_005,Department contains provisional threshold KPIs,RISKPRIOR-20260728062026,2026-07-28T06:20:28.344471
HOSP-001,DEPT-MED,2026-10-01,True,False,False,14.8696,Minor,2,kpi_003; kpi_005,Department contains provisional threshold KPIs,RISKPRIOR-20260728062026,2026-07-28T06:20:28.344471
HOSP-001,DEPT-PEX,2026-10-01,True,False,False,0.0,None,2,kpi_003; kpi_005,Department contains provisional threshold KPIs,RISKPRIOR-20260728062026,2026-07-28T06:20:28.344471
HOSP-001,DEPT-ICU,2026-10-01,True,True,True,44.6087,Dominant,2,kpi_003; kpi_005,Department contains provisional threshold KPIs; Provisional KPI is dominant risk driver,RISKPRIOR-20260728062026,2026-07-28T06:20:28.344471
HOSP-001,DEPT-ED,2026-10-01,True,False,False,1.8587,Minor,2,kpi_003; kpi_005,Department contains provisional threshold KPIs,RISKPRIOR-20260728062026,2026-07-28T06:20:28.344471
HOSP-001,DEPT-ADM,2026-10-01,True,False,False,0.0,None,2,kpi_003; kpi_005,Department contains provisional threshold KPIs,RISKPRIOR-20260728062026,2026-07-28T06:20:28.344471
HOSP-001,DEPT-SURG,2026-10-01,True,False,False,14.8696,Minor,2,kpi_003; kpi_005,Department contains provisional threshold KPIs,RISKPRIOR-20260728062026,2026-07-28T06:20:28.344471
HOSP-001,DEPT-OPC,2026-10-01,True,False,False,1.8587,Minor,2,kpi_003; kpi_005,Department contains provisional threshold KPIs,RISKPRIOR-20260728062026,2026-07-28T06:20:28.344471
HOSP-001,DEPT-DIAG,2026-10-01,True,False,False,1.8587,Minor,2,kpi_003; kpi_005,Department contains provisional threshold KPIs,RISKPRIOR-20260728062026,2026-07-28T06:20:28.344471
HOSP-001,DEPT-OPC,2026-10-02,True,True,True,57.6196,Dominant,2,kpi_003; kpi_005,Department contains provisional threshold KPIs; Provisional KPI is dominant risk driver,RISKPRIOR-20260728062026,2026-07-28T06:20:28.344471
HOSP-001,DEPT-DIAG,2026-10-02,True,False,False,5.5761,Minor,2,kpi_003; kpi_005,Department contains provisional threshold KPIs,RISKPRIOR-20260728062026,2026-07-28T06:20:28.344471
HOSP-001,DEPT-SURG,2026-10-02,True,True,True,46.4674,Dominant,2,kpi_003; kpi_005,Department contains provisional threshold KPIs; Provisional KPI is dominant risk driver,RISKPRIOR-20260728062026,2026-07-28T06:20:28.344471
HOSP-001,DEPT-ICU,2026-10-02,True,True,True,40.8913,Dominant,2,kpi_003; kpi_005,Department contains provisional threshold KPIs; Provisional KPI is dominant risk driver,RISKPRIOR-20260728062026,2026-07-28T06:20:28.344471
HOSP-001,DEPT-PEX,2026-10-02,True,False,False,0.0,None,2,kpi_003; kpi_005,Department contains provisional threshold KPIs,RISKPRIOR-20260728062026,2026-07-28T06:20:28.344471
HOSP-001,DEPT-MED,2026-10-02,True,False,False,11.1522,Minor,2,kpi_003; kpi_005,Department contains provisional threshold KPIs,RISKPRIOR-20260728062026,2026-07-28T06:20:28.344471
HOSP-001,DEPT-ED,2026-10-02,True,False,False,1.8587,Minor,2,kpi_003; kpi_005,Department contains provisional threshold KPIs,RISKPRIOR-20260728062026,2026-07-28T06:20:28.344471
HOSP-001,DEPT-ADM,2026-10-02,True,False,False,0.0,None,2,kpi_003; kpi_005,Department contains provisional threshold KPIs,RISKPRIOR-20260728062026,2026-07-28T06:20:28.344471
HOSP-001,DEPT-ADM,2026-10-03,True,False,False,0.0,None,2,kpi_003; kpi_005,Department contains provisional threshold KPIs,RISKPRIOR-20260728062026,2026-07-28T06:20:28.344471
HOSP-001,DEPT-PEX,2026-10-03,True,False,False,0.0,None,2,kpi_003; kpi_005,Department contains provisional threshold KPIs,RISKPRIOR-20260728062026,2026-07-28T06:20:28.344471
HOSP-001,DEPT-DIAG,2026-10-03,True,True,True,61.337,Dominant,2,kpi_003; kpi_005,Department contains provisional threshold KPIs; Provisional KPI is dominant risk driver,RISKPRIOR-20260728062026,2026-07-28T06:20:28.344471
HOSP-001,DEPT-ICU,2026-10-03,True,True,True,44.6087,Dominant,2,kpi_003; kpi_005,Department contains provisional threshold KPIs; Provisional KPI is dominant risk driver,RISKPRIOR-20260728062026,2026-07-28T06:20:28.344471
HOSP-001,DEPT-MED,2026-10-03,True,False,False,7.4348,Minor,2,kpi_003; kpi_005,Department contains provisional threshold KPIs,RISKPRIOR-20260728062026,2026-07-28T06:20:28.344471
HOSP-001,DEPT-ED,2026-10-03,True,False,False,1.8587,Minor,2,kpi_003; kpi_005,Department contains provisional threshold KPIs,RISKPRIOR-20260728062026,2026-07-28T06:20:28.344471
HOSP-001,DEPT-OPC,2026-10-03,True,False,False,13.0109,Minor,2,kpi_003; kpi_005,Department contains provisional threshold KPIs,RISKPRIOR-20260728062026,2026-07-28T06:20:28.344471
HOSP-001,DEPT-SURG,2026-10-03,True,False,False,14.8696,Minor,2,kpi_003; kpi_005,Department contains provisional threshold KPIs,RISKPRIOR-20260728062026,2026-07-28T06:20:28.344471
HOSP-001,DEPT-SURG,2026-10-04,True,True,False,44.6087,Material,2,kpi_003; kpi_005,Department contains provisional threshold KPIs; Provisional KPI materially affects department risk,RISKPRIOR-20260728062026,2026-07-28T06:20:28.344471
HOSP-001,DEPT-ED,2026-10-04,True,False,False,1.8587,Minor,2,kpi_003; kpi_005,Department contains provisional threshold KPIs,RISKPRIOR-20260728062026,2026-07-28T06:20:28.344471
HOSP-001,DEPT-PEX,2026-10-04,True,False,False,0.0,None,2,kpi_003; kpi_005,Department contains provisional threshold KPIs,RISKPRIOR-20260728062026,2026-07-28T06:20:28.344471
HOSP-001,DEPT-DIAG,2026-10-04,True,True,True,61.337,Dominant,2,kpi_003; kpi_005,Department contains provisional threshold KPIs; Provisional KPI is dominant risk driver,RISKPRIOR-20260728062026,2026-07-28T06:20:28.344471
HOSP-001,DEPT-MED,2026-10-04,True,True,True,46.4674,Dominant,2,kpi_003; kpi_005,Department contains provisional threshold KPIs; Provisional KPI is dominant risk driver,RISKPRIOR-20260728062026,2026-07-28T06:20:28.344471
HOSP-001,DEPT-ICU,2026-10-04,True,False,False,14.8696,Minor,2,kpi_003; kpi_005,Department contains provisional threshold KPIs,RISKPRIOR-20260728062026,2026-07-28T06:20:28.344471
HOSP-001,DEPT-OPC,2026-10-04,True,False,False,13.0109,Minor,2,kpi_003; kpi_005,Department contains provisional threshold KPIs,RISKPRIOR-20260728062026,2026-07-28T06:20:28.344471
HOSP-001,DEPT-ADM,2026-10-04,True,False,False,0.0,None,2,kpi_003; kpi_005,Department contains provisional threshold KPIs,RISKPRIOR-20260728062026,2026-07-28T06:20:28.344471
HOSP-001,DEPT-SURG,2026-10-05,True,False,False,7.4348,Minor,2,kpi_003; kpi_005,Department contains provisional threshold KPIs,RISKPRIOR-20260728062026,2026-07-28T06:20:28.344471
HOSP-001,DEPT-ED,2026-10-05,True,False,False,0.0,None,2,kpi_003; kpi_005,Department contains provisional threshold KPIs,RISKPRIOR-20260728062026,2026-07-28T06:20:28.344471
HOSP-001,DEPT-DIAG,2026-10-05,True,False,False,13.0109,Minor,2,kpi_003; kpi_005,Department contains provisional threshold KPIs,RISKPRIOR-20260728062026,2026-07-28T06:20:28.344471
HOSP-001,DEPT-ICU,2026-10-05,True,False,False,14.8696,Minor,2,kpi_003; kpi_005,Department contains provisional threshold KPIs,RISKPRIOR-20260728062026,2026-07-28T06:20:28.344471
HOSP-001,DEPT-OPC,2026-10-05,True,True,False,20.4457,Material,2,kpi_003; kpi_005,Department contains provisional threshold KPIs; Provisional KPI materially affects department risk,RISKPRIOR-20260728062026,2026-07-28T06:20:28.344471
HOSP-001,DEPT-PEX,2026-10-05,True,False,False,0.0,None,2,kpi_003; kpi_005,Department contains provisional threshold KPIs,RISKPRIOR-20260728062026,2026-07-28T06:20:28.344471
HOSP-001,DEPT-ADM,2026-10-05,True,False,False,0.0,None,2,kpi_003; kpi_005,Department contains provisional threshold KPIs,RISKPRIOR-20260728062026,2026-07-28T06:20:28.344471
HOSP-001,DEPT-MED,2026-10-05,True,False,False,14.8696,Minor,2,kpi_003; kpi_005,Department contains provisional threshold KPIs,RISKPRIOR-20260728062026,2026-07-28T06:20:28.344471
HOSP-001,DEPT-SURG,2026-10-06,True,True,False,40.8913,Material,2,kpi_003; kpi_005,Department contains provisional threshold KPIs; Provisional KPI materially affects department risk,RISKPRIOR-20260728062026,2026-07-28T06:20:28.344471
HOSP-001,DEPT-ICU,2026-10-06,True,False,False,14.8696,Minor,2,kpi_003; kpi_005,Department contains provisional threshold KPIs,RISKPRIOR-20260728062026,2026-07-28T06:20:28.344471
HOSP-001,DEPT-DIAG,2026-10-06,True,False,False,13.0109,Minor,2,kpi_003; kpi_005,Department contains provisional threshold KPIs,RISKPRIOR-20260728062026,2026-07-28T06:20:28.344471
HOSP-001,DEPT-PEX,2026-10-06,True,False,False,0.0,None,2,kpi_003; kpi_005,Department contains provisional threshold KPIs,RISKPRIOR-20260728062026,2026-07-28T06:20:28.344471
HOSP-001,DEPT-ED,2026-10-06,True,False,False,1.8587,Minor,2,kpi_003; kpi_005,Department contains provisional threshold KPIs,RISKPRIOR-20260728062026,2026-07-28T06:20:28.344471
HOSP-001,DEPT-OPC,2026-10-06,True,True,False,20.4457,Material,2,kpi_003; kpi_005,Department contains provisional threshold KPIs; Provisional KPI materially affects department risk,RISKPRIOR-20260728062026,2026-07-28T06:20:28.344471
HOSP-001,DEPT-ADM,2026-10-06,True,False,False,0.0,None,2,kpi_003; kpi_005,Department contains provisional threshold KPIs,RISKPRIOR-20260728062026,2026-07-28T06:20:28.344471
HOSP-001,DEPT-MED,2026-10-06,True,False,False,14.8696,Minor,2,kpi_003; kpi_005,Department contains provisional threshold KPIs,RISKPRIOR-20260728062026,2026-07-28T06:20:28.344471
HOSP-001,DEPT-SURG,2026-10-07,True,False,False,7.4348,Minor,2,kpi_003; kpi_005,Department contains provisional threshold KPIs,RISKPRIOR-20260728062026,2026-07-28T06:20:28.344471
HOSP-001,DEPT-ADM,2026-10-07,True,False,False,0.0,None,2,kpi_003; kpi_005,Department contains provisional threshold KPIs,RISKPRIOR-20260728062026,2026-07-28T06:20:28.344471
HOSP-001,DEPT-DIAG,2026-10-07,True,False,False,13.0109,Minor,2,kpi_003; kpi_005,Department contains provisional threshold KPIs,RISKPRIOR-20260728062026,2026-07-28T06:20:28.344471
HOSP-001,DEPT-ICU,2026-10-07,True,True,True,44.6087,Dominant,2,kpi_003; kpi_005,Department contains provisional threshold KPIs; Provisional KPI is dominant risk driver,RISKPRIOR-20260728062026,2026-07-28T06:20:28.344471
HOSP-001,DEPT-OPC,2026-10-07,True,True,False,20.4457,Material,2,kpi_003; kpi_005,Department contains provisional threshold KPIs; Provisional KPI materially affects department risk,RISKPRIOR-20260728062026,2026-07-28T06:20:28.344471
HOSP-001,DEPT-ED,2026-10-07,True,False,False,1.8587,Minor,2,kpi_003; kpi_005,Department contains provisional threshold KPIs,RISKPRIOR-20260728062026,2026-07-28T06:20:28.344471
HOSP-001,DEPT-MED,2026-10-07,True,False,False,11.1522,Minor,2,kpi_003; kpi_005,Department contains provisional threshold KPIs,RISKPRIOR-20260728062026,2026-07-28T06:20:28.344471
HOSP-001,DEPT-PEX,2026-10-07,True,False,False,0.0,None,2,kpi_003; kpi_005,Department contains provisional threshold KPIs,RISKPRIOR-20260728062026,2026-07-28T06:20:28.344471
HOSP-001,DEPT-ED,2026-10-08,True,False,False,1.8587,Minor,2,kpi_003; kpi_005,Department contains provisional threshold KPIs,RISKPRIOR-20260728062026,2026-07-28T06:20:28.344471
HOSP-001,DEPT-PEX,2026-10-08,True,False,False,0.0,None,2,kpi_003; kpi_005,Department contains provisional threshold KPIs,RISKPRIOR-20260728062026,2026-07-28T06:20:28.344471
HOSP-001,DEPT-OPC,2026-10-08,True,False,False,13.0109,Minor,2,kpi_003; kpi_005,Department contains provisional threshold KPIs,RISKPRIOR-20260728062026,2026-07-28T06:20:28.344471
HOSP-001,DEPT-MED,2026-10-08,True,True,False,44.6087,Material,2,kpi_003; kpi_005,Department contains provisional threshold KPIs; Provisional KPI materially affects department risk,RISKPRIOR-20260728062026,2026-07-28T06:20:28.344471
HOSP-001,DEPT-DIAG,2026-10-08,True,False,False,13.0109,Minor,2,kpi_003; kpi_005,Department contains provisional threshold KPIs,RISKPRIOR-20260728062026,2026-07-28T06:20:28.344471
HOSP-001,DEPT-ICU,2026-10-08,True,False,False,14.8696,Minor,2,kpi_003; kpi_005,Department contains provisional threshold KPIs,RISKPRIOR-20260728062026,2026-07-28T06:20:28.344471
HOSP-001,DEPT-ADM,2026-10-08,True,False,False,0.0,None,2,kpi_003; kpi_005,Department contains provisional threshold KPIs,RISKPRIOR-20260728062026,2026-07-28T06:20:28.344471
HOSP-001,DEPT-SURG,2026-10-08,True,False,False,11.1522,Minor,2,kpi_003; kpi_005,Department contains provisional threshold KPIs,RISKPRIOR-20260728062026,2026-07-28T06:20:28.344471
HOSP-001,DEPT-DIAG,2026-10-09,True,True,True,79.9239,Dominant,2,kpi_003; kpi_005,Department contains provisional threshold KPIs; Provisional KPI is dominant risk driver,RISKPRIOR-20260728062026,2026-07-28T06:20:28.344471
HOSP-001,DEPT-SURG,2026-10-09,True,False,False,7.4348,Minor,2,kpi_003; kpi_005,Department contains provisional threshold KPIs,RISKPRIOR-20260728062026,2026-07-28T06:20:28.344471
HOSP-001,DEPT-OPC,2026-10-09,True,True,False,20.4457,Material,2,kpi_003; kpi_005,Department contains provisional threshold KPIs; Provisional KPI materially affects department risk,RISKPRIOR-20260728062026,2026-07-28T06:20:28.344471
HOSP-001,DEPT-ICU,2026-10-09,True,False,False,14.8696,Minor,2,kpi_003; kpi_005,Department contains provisional threshold KPIs,RISKPRIOR-20260728062026,2026-07-28T06:20:28.344471
HOSP-001,DEPT-ADM,2026-10-09,True,False,False,0.0,None,2,kpi_003; kpi_005,Department contains provisional threshold KPIs,RISKPRIOR-20260728062026,2026-07-28T06:20:28.344471
HOSP-001,DEPT-ED,2026-10-09,True,False,False,1.8587,Minor,2,kpi_003; kpi_005,Department contains provisional threshold KPIs,RISKPRIOR-20260728062026,2026-07-28T06:20:28.344471
HOSP-001,DEPT-MED,2026-10-09,True,False,False,11.1522,Minor,2,kpi_003; kpi_005,Department contains provisional threshold KPIs,RISKPRIOR-20260728062026,2026-07-28T06:20:28.344471
HOSP-001,DEPT-PEX,2026-10-09,True,False,False,0.0,None,2,kpi_003; kpi_005,Department contains provisional threshold KPIs,RISKPRIOR-20260728062026,2026-07-28T06:20:28.344471
HOSP-001,DEPT-SURG,2026-10-10,True,False,False,11.1522,Minor,2,kpi_003; kpi_005,Department contains provisional threshold KPIs,RISKPRIOR-20260728062026,2026-07-28T06:20:28.344471
HOSP-001,DEPT-PEX,2026-10-10,True,False,False,0.0,None,2,kpi_003; kpi_005,Department contains provisional threshold KPIs,RISKPRIOR-20260728062026,2026-07-28T06:20:28.344471
HOSP-001,DEPT-ICU,2026-10-10,True,False,False,14.8696,Minor,2,kpi_003; kpi_005,Department contains provisional threshold KPIs,RISKPRIOR-20260728062026,2026-07-28T06:20:28.344471
HOSP-001,DEPT-OPC,2026-10-10,True,True,False,20.4457,Material,2,kpi_003; kpi_005,Department contains provisional threshold KPIs; Provisional KPI materially affects department risk,RISKPRIOR-20260728062026,2026-07-28T06:20:28.344471
HOSP-001,DEPT-ADM,2026-10-10,True,False,False,0.0,None,2,kpi_003; kpi_005,Department contains provisional threshold KPIs,RISKPRIOR-20260728062026,2026-07-28T06:20:28.344471
HOSP-001,DEPT-MED,2026-10-10,True,False,False,11.1522,Minor,2,kpi_003; kpi_005,Department contains provisional threshold KPIs,RISKPRIOR-20260728062026,2026-07-28T06:20:28.344471
HOSP-001,DEPT-ED,2026-10-10,True,False,False,1.8587,Minor,2,kpi_003; kpi_005,Department contains provisional threshold KPIs,RISKPRIOR-20260728062026,2026-07-28T06:20:28.344471
HOSP-001,DEPT-DIAG,2026-10-10,True,False,False,0.0,None,2,kpi_003; kpi_005,Department contains provisional threshold KPIs,RISKPRIOR-20260728062026,2026-07-28T06:20:28.344471
HOSP-001,DEPT-OPC,2026-10-11,True,True,False,79.9239,Material,2,kpi_003; kpi_005,Department contains provisional threshold KPIs; Provisional KPI materially affects department risk,RISKPRIOR-20260728062026,2026-07-28T06:20:28.344471
HOSP-001,DEPT-SURG,2026-10-11,True,True,False,42.75,Material,2,kpi_003; kpi_005,Department contains provisional threshold KPIs; Provisional KPI materially affects department risk,RISKPRIOR-20260728062026,2026-07-28T06:20:28.344471
HOSP-001,DEPT-DIAG,2026-10-11,True,True,False,55.7609,Material,2,kpi_003; kpi_005,Department contains provisional threshold KPIs; Provisional KPI materially affects department risk,RISKPRIOR-20260728062026,2026-07-28T06:20:28.344471
HOSP-001,DEPT-ICU,2026-10-11,True,False,False,14.8696,Minor,2,kpi_003; kpi_005,Department contains provisional threshold KPIs,RISKPRIOR-20260728062026,2026-07-28T06:20:28.344471
HOSP-001,DEPT-MED,2026-10-11,True,False,False,11.1522,Minor,2,kpi_003; kpi_005,Department contains provisional threshold KPIs,RISKPRIOR-20260728062026,2026-07-28T06:20:28.344471
HOSP-001,DEPT-ADM,2026-10-11,True,False,False,0.0,None,2,kpi_003; kpi_005,Department contains provisional threshold KPIs,RISKPRIOR-20260728062026,2026-07-28T06:20:28.344471
HOSP-001,DEPT-ED,2026-10-11,True,False,False,1.8587,Minor,2,kpi_003; kpi_005,Department contains provisional threshold KPIs,RISKPRIOR-20260728062026,2026-07-28T06:20:28.344471
HOSP-001,DEPT-PEX,2026-10-11,True,False,False,0.0,None,2,kpi_003; kpi_005,Department contains provisional threshold KPIs,RISKPRIOR-20260728062026,2026-07-28T06:20:28.344471
HOSP-001,DEPT-ICU,2026-10-12,True,True,False,44.6087,Material,2,kpi_003; kpi_005,Department contains provisional threshold KPIs; Provisional KPI materially affects department risk,RISKPRIOR-20260728062026,2026-07-28T06:20:28.344471
HOSP-001,DEPT-MED,2026-10-12,True,False,False,11.1522,Minor,2,kpi_003; kpi_005,Department contains provisional threshold KPIs,RISKPRIOR-20260728062026,2026-07-28T06:20:28.344471
HOSP-001,DEPT-ADM,2026-10-12,True,False,False,0.0,None,2,kpi_003; kpi_005,Department contains provisional threshold KPIs,RISKPRIOR-20260728062026,2026-07-28T06:20:28.344471
HOSP-001,DEPT-PEX,2026-10-12,True,False,False,0.0,None,2,kpi_003; kpi_005,Department contains provisional threshold KPIs,RISKPRIOR-20260728062026,2026-07-28T06:20:28.344471
HOSP-001,DEPT-DIAG,2026-10-12,True,False,False,0.0,None,2,kpi_003; kpi_005,Department contains provisional threshold KPIs,RISKPRIOR-20260728062026,2026-07-28T06:20:28.344471
HOSP-001,DEPT-SURG,2026-10-12,True,True,True,40.8913,Dominant,2,kpi_003; kpi_005,Department contains provisional threshold KPIs; Provisional KPI is dominant risk driver,RISKPRIOR-20260728062026,2026-07-28T06:20:28.344471
HOSP-001,DEPT-OPC,2026-10-12,True,False,False,13.0109,Minor,2,kpi_003; kpi_005,Department contains provisional threshold KPIs,RISKPRIOR-20260728062026,2026-07-28T06:20:28.344471
HOSP-001,DEPT-ED,2026-10-12,True,False,False,1.8587,Minor,2,kpi_003; kpi_005,Department contains provisional threshold KPIs,RISKPRIOR-20260728062026,2026-07-28T06:20:28.344471
HOSP-001,DEPT-MED,2026-10-13,True,False,False,14.8696,Minor,2,kpi_003; kpi_005,Department contains provisional threshold KPIs,RISKPRIOR-20260728062026,2026-07-28T06:20:28.344471
HOSP-001,DEPT-ED,2026-10-13,True,False,False,1.8587,Minor,2,kpi_003; kpi_005,Department contains provisional threshold KPIs,RISKPRIOR-20260728062026,2026-07-28T06:20:28.344471
HOSP-001,DEPT-ICU,2026-10-13,True,False,False,11.1522,Minor,2,kpi_003; kpi_005,Department contains provisional threshold KPIs,RISKPRIOR-20260728062026,2026-07-28T06:20:28.344471
HOSP-001,DEPT-OPC,2026-10-13,True,False,False,13.0109,Minor,2,kpi_003; kpi_005,Department contains provisional threshold KPIs,RISKPRIOR-20260728062026,2026-07-28T06:20:28.344471
HOSP-001,DEPT-DIAG,2026-10-13,True,True,False,20.4457,Material,2,kpi_003; kpi_005,Department contains provisional threshold KPIs; Provisional KPI materially affects department risk,RISKPRIOR-20260728062026,2026-07-28T06:20:28.344471
HOSP-001,DEPT-ADM,2026-10-13,True,False,False,0.0,None,2,kpi_003; kpi_005,Department contains provisional threshold KPIs,RISKPRIOR-20260728062026,2026-07-28T06:20:28.344471
HOSP-001,DEPT-SURG,2026-10-13,True,False,False,7.4348,Minor,2,kpi_003; kpi_005,Department contains provisional threshold KPIs,RISKPRIOR-20260728062026,2026-07-28T06:20:28.344471
HOSP-001,DEPT-PEX,2026-10-13,True,False,False,0.0,None,2,kpi_003; kpi_005,Department contains provisional threshold KPIs,RISKPRIOR-20260728062026,2026-07-28T06:20:28.344471
HOSP-001,DEPT-ED,2026-10-14,True,False,False,1.8587,Minor,2,kpi_003; kpi_005,Department contains provisional threshold KPIs,RISKPRIOR-20260728062026,2026-07-28T06:20:28.344471
HOSP-001,DEPT-ICU,2026-10-14,True,False,False,7.4348,Minor,2,kpi_003; kpi_005,Department contains provisional threshold KPIs,RISKPRIOR-20260728062026,2026-07-28T06:20:28.344471
HOSP-001,DEPT-DIAG,2026-10-14,True,True,True,65.0543,Dominant,2,kpi_003; kpi_005,Department contains provisional threshold KPIs; Provisional KPI is dominant risk driver,RISKPRIOR-20260728062026,2026-07-28T06:20:28.344471
HOSP-001,DEPT-SURG,2026-10-14,True,True,True,44.6087,Dominant,2,kpi_003; kpi_005,Department contains provisional threshold KPIs; Provisional KPI is dominant risk driver,RISKPRIOR-20260728062026,2026-07-28T06:20:28.344471
HOSP-001,DEPT-OPC,2026-10-14,True,False,False,13.0109,Minor,2,kpi_003; kpi_005,Department contains provisional threshold KPIs,RISKPRIOR-20260728062026,2026-07-28T06:20:28.344471
HOSP-001,DEPT-ADM,2026-10-14,True,False,False,0.0,None,2,kpi_003; kpi_005,Department contains provisional threshold KPIs,RISKPRIOR-20260728062026,2026-07-28T06:20:28.344471
HOSP-001,DEPT-PEX,2026-10-14,True,False,False,0.0,None,2,kpi_003; kpi_005,Department contains provisional threshold KPIs,RISKPRIOR-20260728062026,2026-07-28T06:20:28.344471
HOSP-001,DEPT-MED,2026-10-14,True,False,False,7.4348,Minor,2,kpi_003; kpi_005,Department contains provisional threshold KPIs,RISKPRIOR-20260728062026,2026-07-28T06:20:28.344471
HOSP-001,DEPT-DIAG,2026-10-15,True,False,False,13.0109,Minor,2,kpi_003; kpi_005,Department contains provisional threshold KPIs,RISKPRIOR-20260728062026,2026-07-28T06:20:28.344471
HOSP-001,DEPT-MED,2026-10-15,True,True,False,46.4674,Material,2,kpi_003; kpi_005,Department contains provisional threshold KPIs; Provisional KPI materially affects department risk,RISKPRIOR-20260728062026,2026-07-28T06:20:28.344471
HOSP-001,DEPT-ICU,2026-10-15,True,False,False,11.1522,Minor,2,kpi_003; kpi_005,Department contains provisional threshold KPIs,RISKPRIOR-20260728062026,2026-07-28T06:20:28.344471
HOSP-001,DEPT-OPC,2026-10-15,True,False,False,13.0109,Minor,2,kpi_003; kpi_005,Department contains provisional threshold KPIs,RISKPRIOR-20260728062026,2026-07-28T06:20:28.344471
HOSP-001,DEPT-ADM,2026-10-15,True,False,False,0.0,None,2,kpi_003; kpi_005,Department contains provisional threshold KPIs,RISKPRIOR-20260728062026,2026-07-28T06:20:28.344471
HOSP-001,DEPT-ED,2026-10-15,True,False,False,1.8587,Minor,2,kpi_003; kpi_005,Department contains provisional threshold KPIs,RISKPRIOR-20260728062026,2026-07-28T06:20:28.344471
HOSP-001,DEPT-PEX,2026-10-15,True,False,False,0.0,None,2,kpi_003; kpi_005,Department contains provisional threshold KPIs,RISKPRIOR-20260728062026,2026-07-28T06:20:28.344471
HOSP-001,DEPT-SURG,2026-10-15,True,False,False,14.8696,Minor,2,kpi_003; kpi_005,Department contains provisional threshold KPIs,RISKPRIOR-20260728062026,2026-07-28T06:20:28.344471
HOSP-001,DEPT-ED,2026-10-16,True,True,False,57.6196,Material,2,kpi_003; kpi_005,Department contains provisional threshold KPIs; Provisional KPI materially affects department risk,RISKPRIOR-20260728062026,2026-07-28T06:20:28.344471
HOSP-001,DEPT-SURG,2026-10-16,True,False,False,14.8696,Minor,2,kpi_003; kpi_005,Department contains provisional threshold KPIs,RISKPRIOR-20260728062026,2026-07-28T06:20:28.344471
HOSP-001,DEPT-MED,2026-10-16,True,True,True,46.4674,Dominant,2,kpi_003; kpi_005,Department contains provisional threshold KPIs; Provisional KPI is dominant risk driver,RISKPRIOR-20260728062026,2026-07-28T06:20:28.344471
HOSP-001,DEPT-ICU,2026-10-16,True,False,False,11.1522,Minor,2,kpi_003; kpi_005,Department contains provisional threshold KPIs,RISKPRIOR-20260728062026,2026-07-28T06:20:28.344471
HOSP-001,DEPT-OPC,2026-10-16,True,False,False,13.0109,Minor,2,kpi_003; kpi_005,Department contains provisional threshold KPIs,RISKPRIOR-20260728062026,2026-07-28T06:20:28.344471
HOSP-001,DEPT-ADM,2026-10-16,True,False,False,0.0,None,2,kpi_003; kpi_005,Department contains provisional threshold KPIs,RISKPRIOR-20260728062026,2026-07-28T06:20:28.344471
HOSP-001,DEPT-DIAG,2026-10-16,True,False,False,13.0109,Minor,2,kpi_003; kpi_005,Department contains provisional threshold KPIs,RISKPRIOR-20260728062026,2026-07-28T06:20:28.344471
HOSP-001,DEPT-PEX,2026-10-16,True,False,False,0.0,None,2,kpi_003; kpi_005,Department contains provisional threshold KPIs,RISKPRIOR-20260728062026,2026-07-28T06:20:28.344471
HOSP-001,DEPT-DIAG,2026-10-17,True,True,True,79.9239,Dominant,2,kpi_003; kpi_005,Department contains provisional threshold KPIs; Provisional KPI is dominant risk driver,RISKPRIOR-20260728062026,2026-07-28T06:20:28.344471
HOSP-001,DEPT-OPC,2026-10-17,True,False,False,13.0109,Minor,2,kpi_003; kpi_005,Department contains provisional threshold KPIs,RISKPRIOR-20260728062026,2026-07-28T06:20:28.344471
HOSP-001,DEPT-ICU,2026-10-17,True,False,False,7.4348,Minor,2,kpi_003; kpi_005,Department contains provisional threshold KPIs,RISKPRIOR-20260728062026,2026-07-28T06:20:28.344471
HOSP-001,DEPT-MED,2026-10-17,True,True,True,44.6087,Dominant,2,kpi_003; kpi_005,Department contains provisional threshold KPIs; Provisional KPI is dominant risk driver,RISKPRIOR-20260728062026,2026-07-28T06:20:28.344471
HOSP-001,DEPT-SURG,2026-10-17,True,False,False,11.1522,Minor,2,kpi_003; kpi_005,Department contains provisional threshold KPIs,RISKPRIOR-20260728062026,2026-07-28T06:20:28.344471
HOSP-001,DEPT-ED,2026-10-17,True,False,False,0.0,None,2,kpi_003; kpi_005,Department contains provisional threshold KPIs,RISKPRIOR-20260728062026,2026-07-28T06:20:28.344471
HOSP-001,DEPT-ADM,2026-10-17,True,False,False,0.0,None,2,kpi_003; kpi_005,Department contains provisional threshold KPIs,RISKPRIOR-20260728062026,2026-07-28T06:20:28.344471
HOSP-001,DEPT-PEX,2026-10-17,True,False,False,0.0,None,2,kpi_003; kpi_005,Department contains provisional threshold KPIs,RISKPRIOR-20260728062026,2026-07-28T06:20:28.344471
HOSP-001,DEPT-SURG,2026-10-18,True,False,False,14.8696,Minor,2,kpi_003; kpi_005,Department contains provisional threshold KPIs,RISKPRIOR-20260728062026,2026-07-28T06:20:28.344471
HOSP-001,DEPT-PEX,2026-10-18,True,False,False,0.0,None,2,kpi_003; kpi_005,Department contains provisional threshold KPIs,RISKPRIOR-20260728062026,2026-07-28T06:20:28.344471
HOSP-001,DEPT-DIAG,2026-10-18,True,True,True,55.7609,Dominant,2,kpi_003; kpi_005,Department contains provisional threshold KPIs; Provisional KPI is dominant risk driver,RISKPRIOR-20260728062026,2026-07-28T06:20:28.344471
HOSP-001,DEPT-ICU,2026-10-18,True,False,False,11.1522,Minor,2,kpi_003; kpi_005,Department contains provisional threshold KPIs,RISKPRIOR-20260728062026,2026-07-28T06:20:28.344471
HOSP-001,DEPT-OPC,2026-10-18,True,False,False,13.0109,Minor,2,kpi_003; kpi_005,Department contains provisional threshold KPIs,RISKPRIOR-20260728062026,2026-07-28T06:20:28.344471
HOSP-001,DEPT-ADM,2026-10-18,True,False,False,0.0,None,2,kpi_003; kpi_005,Department contains provisional threshold KPIs,RISKPRIOR-20260728062026,2026-07-28T06:20:28.344471
HOSP-001,DEPT-ED,2026-10-18,True,False,False,5.5761,Minor,2,kpi_003; kpi_005,Department contains provisional threshold KPIs,RISKPRIOR-20260728062026,2026-07-28T06:20:28.344471
HOSP-001,DEPT-MED,2026-10-18,True,False,False,11.1522,Minor,2,kpi_003; kpi_005,Department contains provisional threshold KPIs,RISKPRIOR-20260728062026,2026-07-28T06:20:28.344471
HOSP-001,DEPT-DIAG,2026-10-19,True,True,False,20.4457,Material,2,kpi_003; kpi_005,Department contains provisional threshold KPIs; Provisional KPI materially affects department risk,RISKPRIOR-20260728062026,2026-07-28T06:20:28.344471
HOSP-001,DEPT-ED,2026-10-19,True,False,False,5.5761,Minor,2,kpi_003; kpi_005,Department contains provisional threshold KPIs,RISKPRIOR-20260728062026,2026-07-28T06:20:28.344471
HOSP-001,DEPT-ICU,2026-10-19,True,True,False,44.6087,Material,2,kpi_003; kpi_005,Department contains provisional threshold KPIs; Provisional KPI materially affects department risk,RISKPRIOR-20260728062026,2026-07-28T06:20:28.344471
HOSP-001,DEPT-ADM,2026-10-19,True,False,False,0.0,None,2,kpi_003; kpi_005,Department contains provisional threshold KPIs,RISKPRIOR-20260728062026,2026-07-28T06:20:28.344471
HOSP-001,DEPT-MED,2026-10-19,True,True,True,46.4674,Dominant,2,kpi_003; kpi_005,Department contains provisional threshold KPIs; Provisional KPI is dominant risk driver,RISKPRIOR-20260728062026,2026-07-28T06:20:28.344471
HOSP-001,DEPT-OPC,2026-10-19,True,True,False,20.4457,Material,2,kpi_003; kpi_005,Department contains provisional threshold KPIs; Provisional KPI materially affects department risk,RISKPRIOR-20260728062026,2026-07-28T06:20:28.344471
HOSP-001,DEPT-SURG,2026-10-19,True,False,False,14.8696,Minor,2,kpi_003; kpi_005,Department contains provisional threshold KPIs,RISKPRIOR-20260728062026,2026-07-28T06:20:28.344471
HOSP-001,DEPT-PEX,2026-10-19,True,False,False,0.0,None,2,kpi_003; kpi_005,Department contains provisional threshold KPIs,RISKPRIOR-20260728062026,2026-07-28T06:20:28.344471
HOSP-001,DEPT-OPC,2026-10-20,True,False,False,9.2935,Minor,2,kpi_003; kpi_005,Department contains provisional threshold KPIs,RISKPRIOR-20260728062026,2026-07-28T06:20:28.344471
HOSP-001,DEPT-SURG,2026-10-20,True,False,False,14.8696,Minor,2,kpi_003; kpi_005,Department contains provisional threshold KPIs,RISKPRIOR-20260728062026,2026-07-28T06:20:28.344471
HOSP-001,DEPT-PEX,2026-10-20,True,False,False,0.0,None,2,kpi_003; kpi_005,Department contains provisional threshold KPIs,RISKPRIOR-20260728062026,2026-07-28T06:20:28.344471
HOSP-001,DEPT-ED,2026-10-20,True,True,False,20.4457,Material,2,kpi_003; kpi_005,Department contains provisional threshold KPIs; Provisional KPI materially affects department risk,RISKPRIOR-20260728062026,2026-07-28T06:20:28.344471
HOSP-001,DEPT-ICU,2026-10-20,True,True,True,44.6087,Dominant,2,kpi_003; kpi_005,Department contains provisional threshold KPIs; Provisional KPI is dominant risk driver,RISKPRIOR-20260728062026,2026-07-28T06:20:28.344471
HOSP-001,DEPT-DIAG,2026-10-20,True,False,False,13.0109,Minor,2,kpi_003; kpi_005,Department contains provisional threshold KPIs,RISKPRIOR-20260728062026,2026-07-28T06:20:28.344471
HOSP-001,DEPT-MED,2026-10-20,True,False,False,14.8696,Minor,2,kpi_003; kpi_005,Department contains provisional threshold KPIs,RISKPRIOR-20260728062026,2026-07-28T06:20:28.344471
HOSP-001,DEPT-ADM,2026-10-20,True,False,False,0.0,None,2,kpi_003; kpi_005,Department contains provisional threshold KPIs,RISKPRIOR-20260728062026,2026-07-28T06:20:28.344471
HOSP-001,DEPT-ADM,2026-10-21,True,False,False,0.0,None,2,kpi_003; kpi_005,Department contains provisional threshold KPIs,RISKPRIOR-20260728062026,2026-07-28T06:20:28.344471
HOSP-001,DEPT-SURG,2026-10-21,True,False,False,11.1522,Minor,2,kpi_003; kpi_005,Department contains provisional threshold KPIs,RISKPRIOR-20260728062026,2026-07-28T06:20:28.344471
HOSP-001,DEPT-ED,2026-10-21,True,True,False,20.4457,Material,2,kpi_003; kpi_005,Department contains provisional threshold KPIs; Provisional KPI materially affects department risk,RISKPRIOR-20260728062026,2026-07-28T06:20:28.344471
HOSP-001,DEPT-PEX,2026-10-21,True,False,False,0.0,None,2,kpi_003; kpi_005,Department contains provisional threshold KPIs,RISKPRIOR-20260728062026,2026-07-28T06:20:28.344471
HOSP-001,DEPT-DIAG,2026-10-21,True,True,True,52.0435,Dominant,2,kpi_003; kpi_005,Department contains provisional threshold KPIs; Provisional KPI is dominant risk driver,RISKPRIOR-20260728062026,2026-07-28T06:20:28.344471
HOSP-001,DEPT-MED,2026-10-21,True,True,True,44.6087,Dominant,2,kpi_003; kpi_005,Department contains provisional threshold KPIs; Provisional KPI is dominant risk driver,RISKPRIOR-20260728062026,2026-07-28T06:20:28.344471
HOSP-001,DEPT-ICU,2026-10-21,True,False,False,11.1522,Minor,2,kpi_003; kpi_005,Department contains provisional threshold KPIs,RISKPRIOR-20260728062026,2026-07-28T06:20:28.344471
HOSP-001,DEPT-OPC,2026-10-21,True,False,False,0.0,None,2,kpi_003; kpi_005,Department contains provisional threshold KPIs,RISKPRIOR-20260728062026,2026-07-28T06:20:28.344471
HOSP-001,DEPT-OPC,2026-10-22,True,True,False,40.8913,Material,2,kpi_003; kpi_005,Department contains provisional threshold KPIs; Provisional KPI materially affects department risk,RISKPRIOR-20260728062026,2026-07-28T06:20:28.344471
HOSP-001,DEPT-ICU,2026-10-22,True,False,False,11.1522,Minor,2,kpi_003; kpi_005,Department contains provisional threshold KPIs,RISKPRIOR-20260728062026,2026-07-28T06:20:28.344471
HOSP-001,DEPT-DIAG,2026-10-22,True,True,True,52.0435,Dominant,2,kpi_003; kpi_005,Department contains provisional threshold KPIs; Provisional KPI is dominant risk driver,RISKPRIOR-20260728062026,2026-07-28T06:20:28.344471
HOSP-001,DEPT-SURG,2026-10-22,True,True,True,42.75,Dominant,2,kpi_003; kpi_005,Department contains provisional threshold KPIs; Provisional KPI is dominant risk driver,RISKPRIOR-20260728062026,2026-07-28T06:20:28.344471
HOSP-001,DEPT-MED,2026-10-22,True,True,True,44.6087,Dominant,2,kpi_003; kpi_005,Department contains provisional threshold KPIs; Provisional KPI is dominant risk driver,RISKPRIOR-20260728062026,2026-07-28T06:20:28.344471
HOSP-001,DEPT-PEX,2026-10-22,True,False,False,0.0,None,2,kpi_003; kpi_005,Department contains provisional threshold KPIs,RISKPRIOR-20260728062026,2026-07-28T06:20:28.344471
HOSP-001,DEPT-ED,2026-10-22,True,True,False,20.4457,Material,2,kpi_003; kpi_005,Department contains provisional threshold KPIs; Provisional KPI materially affects department risk,RISKPRIOR-20260728062026,2026-07-28T06:20:28.344471
HOSP-001,DEPT-ADM,2026-10-22,True,False,False,0.0,None,2,kpi_003; kpi_005,Department contains provisional threshold KPIs,RISKPRIOR-20260728062026,2026-07-28T06:20:28.344471
HOSP-001,DEPT-DIAG,2026-10-23,True,True,False,65.0543,Material,2,kpi_003; kpi_005,Department contains provisional threshold KPIs; Provisional KPI materially affects department risk,RISKPRIOR-20260728062026,2026-07-28T06:20:28.344471
HOSP-001,DEPT-ADM,2026-10-23,True,False,False,0.0,None,2,kpi_003; kpi_005,Department contains provisional threshold KPIs,RISKPRIOR-20260728062026,2026-07-28T06:20:28.344471
HOSP-001,DEPT-PEX,2026-10-23,True,False,False,0.0,None,2,kpi_003; kpi_005,Department contains provisional threshold KPIs,RISKPRIOR-20260728062026,2026-07-28T06:20:28.344471
HOSP-001,DEPT-ICU,2026-10-23,True,False,False,14.8696,Minor,2,kpi_003; kpi_005,Department contains provisional threshold KPIs,RISKPRIOR-20260728062026,2026-07-28T06:20:28.344471
HOSP-001,DEPT-SURG,2026-10-23,True,False,False,14.8696,Minor,2,kpi_003; kpi_005,Department contains provisional threshold KPIs,RISKPRIOR-20260728062026,2026-07-28T06:20:28.344471
HOSP-001,DEPT-OPC,2026-10-23,True,False,False,13.0109,Minor,2,kpi_003; kpi_005,Department contains provisional threshold KPIs,RISKPRIOR-20260728062026,2026-07-28T06:20:28.344471
HOSP-001,DEPT-MED,2026-10-23,True,False,False,11.1522,Minor,2,kpi_003; kpi_005,Department contains provisional threshold KPIs,RISKPRIOR-20260728062026,2026-07-28T06:20:28.344471
HOSP-001,DEPT-ED,2026-10-23,True,False,False,13.0109,Minor,2,kpi_003; kpi_005,Department contains provisional threshold KPIs,RISKPRIOR-20260728062026,2026-07-28T06:20:28.344471
HOSP-001,DEPT-PEX,2026-10-24,True,False,False,0.0,None,2,kpi_003; kpi_005,Department contains provisional threshold KPIs,RISKPRIOR-20260728062026,2026-07-28T06:20:28.344471
HOSP-001,DEPT-ED,2026-10-24,True,False,False,13.0109,Minor,2,kpi_003; kpi_005,Department contains provisional threshold KPIs,RISKPRIOR-20260728062026,2026-07-28T06:20:28.344471
HOSP-001,DEPT-MED,2026-10-24,True,True,True,44.6087,Dominant,2,kpi_003; kpi_005,Department contains provisional threshold KPIs; Provisional KPI is dominant risk driver,RISKPRIOR-20260728062026,2026-07-28T06:20:28.344471
HOSP-001,DEPT-ICU,2026-10-24,True,False,False,11.1522,Minor,2,kpi_003; kpi_005,Department contains provisional threshold KPIs,RISKPRIOR-20260728062026,2026-07-28T06:20:28.344471
HOSP-001,DEPT-SURG,2026-10-24,True,False,False,11.1522,Minor,2,kpi_003; kpi_005,Department contains provisional threshold KPIs,RISKPRIOR-20260728062026,2026-07-28T06:20:28.344471
HOSP-001,DEPT-DIAG,2026-10-24,True,False,False,13.0109,Minor,2,kpi_003; kpi_005,Department contains provisional threshold KPIs,RISKPRIOR-20260728062026,2026-07-28T06:20:28.344471
HOSP-001,DEPT-ADM,2026-10-24,True,False,False,0.0,None,2,kpi_003; kpi_005,Department contains provisional threshold KPIs,RISKPRIOR-20260728062026,2026-07-28T06:20:28.344471
HOSP-001,DEPT-OPC,2026-10-24,True,False,False,1.8587,Minor,2,kpi_003; kpi_005,Department contains provisional threshold KPIs,RISKPRIOR-20260728062026,2026-07-28T06:20:28.344471
HOSP-001,DEPT-PEX,2026-10-25,True,False,False,0.0,None,2,kpi_003; kpi_005,Department contains provisional threshold KPIs,RISKPRIOR-20260728062026,2026-07-28T06:20:28.344471
HOSP-001,DEPT-OPC,2026-10-25,True,False,False,9.2935,Minor,2,kpi_003; kpi_005,Department contains provisional threshold KPIs,RISKPRIOR-20260728062026,2026-07-28T06:20:28.344471
HOSP-001,DEPT-DIAG,2026-10-25,True,False,False,1.8587,Minor,2,kpi_003; kpi_005,Department contains provisional threshold KPIs,RISKPRIOR-20260728062026,2026-07-28T06:20:28.344471
HOSP-001,DEPT-MED,2026-10-25,True,False,False,14.8696,Minor,2,kpi_003; kpi_005,Department contains provisional threshold KPIs,RISKPRIOR-20260728062026,2026-07-28T06:20:28.344471
HOSP-001,DEPT-ICU,2026-10-25,True,True,True,44.6087,Dominant,2,kpi_003; kpi_005,Department contains provisional threshold KPIs; Provisional KPI is dominant risk driver,RISKPRIOR-20260728062026,2026-07-28T06:20:28.344471
HOSP-001,DEPT-SURG,2026-10-25,True,False,False,11.1522,Minor,2,kpi_003; kpi_005,Department contains provisional threshold KPIs,RISKPRIOR-20260728062026,2026-07-28T06:20:28.344471
HOSP-001,DEPT-ED,2026-10-25,True,True,True,20.4457,Dominant,2,kpi_003; kpi_005,Department contains provisional threshold KPIs; Provisional KPI is dominant risk driver,RISKPRIOR-20260728062026,2026-07-28T06:20:28.344471
HOSP-001,DEPT-ADM,2026-10-25,True,False,False,0.0,None,2,kpi_003; kpi_005,Department contains provisional threshold KPIs,RISKPRIOR-20260728062026,2026-07-28T06:20:28.344471
HOSP-001,DEPT-SURG,2026-10-26,True,False,False,7.4348,Minor,2,kpi_003; kpi_005,Department contains provisional threshold KPIs,RISKPRIOR-20260728062026,2026-07-28T06:20:28.344471
HOSP-001,DEPT-ICU,2026-10-26,True,False,False,11.1522,Minor,2,kpi_003; kpi_005,Department contains provisional threshold KPIs,RISKPRIOR-20260728062026,2026-07-28T06:20:28.344471
HOSP-001,DEPT-ED,2026-10-26,True,False,False,0.0,None,2,kpi_003; kpi_005,Department contains provisional threshold KPIs,RISKPRIOR-20260728062026,2026-07-28T06:20:28.344471
HOSP-001,DEPT-DIAG,2026-10-26,True,True,True,57.6196,Dominant,2,kpi_003; kpi_005,Department contains provisional threshold KPIs; Provisional KPI is dominant risk driver,RISKPRIOR-20260728062026,2026-07-28T06:20:28.344471
HOSP-001,DEPT-MED,2026-10-26,True,True,True,46.4674,Dominant,2,kpi_003; kpi_005,Department contains provisional threshold KPIs; Provisional KPI is dominant risk driver,RISKPRIOR-20260728062026,2026-07-28T06:20:28.344471
HOSP-001,DEPT-PEX,2026-10-26,True,False,False,0.0,None,2,kpi_003; kpi_005,Department contains provisional threshold KPIs,RISKPRIOR-20260728062026,2026-07-28T06:20:28.344471
HOSP-001,DEPT-OPC,2026-10-26,True,False,False,5.5761,Minor,2,kpi_003; kpi_005,Department contains provisional threshold KPIs,RISKPRIOR-20260728062026,2026-07-28T06:20:28.344471
HOSP-001,DEPT-ADM,2026-10-26,True,False,False,0.0,None,2,kpi_003; kpi_005,Department contains provisional threshold KPIs,RISKPRIOR-20260728062026,2026-07-28T06:20:28.344471
HOSP-001,DEPT-DIAG,2026-10-27,True,True,False,52.0435,Material,2,kpi_003; kpi_005,Department contains provisional threshold KPIs; Provisional KPI materially affects department risk,RISKPRIOR-20260728062026,2026-07-28T06:20:28.344471
HOSP-001,DEPT-ICU,2026-10-27,True,False,False,11.1522,Minor,2,kpi_003; kpi_005,Department contains provisional threshold KPIs,RISKPRIOR-20260728062026,2026-07-28T06:20:28.344471
HOSP-001,DEPT-ADM,2026-10-27,True,False,False,0.0,None,2,kpi_003; kpi_005,Department contains provisional threshold KPIs,RISKPRIOR-20260728062026,2026-07-28T06:20:28.344471
HOSP-001,DEPT-PEX,2026-10-27,True,False,False,0.0,None,2,kpi_003; kpi_005,Department contains provisional threshold KPIs,RISKPRIOR-20260728062026,2026-07-28T06:20:28.344471
HOSP-001,DEPT-MED,2026-10-27,True,True,True,44.6087,Dominant,2,kpi_003; kpi_005,Department contains provisional threshold KPIs; Provisional KPI is dominant risk driver,RISKPRIOR-20260728062026,2026-07-28T06:20:28.344471
HOSP-001,DEPT-ED,2026-10-27,True,False,False,0.0,None,2,kpi_003; kpi_005,Department contains provisional threshold KPIs,RISKPRIOR-20260728062026,2026-07-28T06:20:28.344471
HOSP-001,DEPT-SURG,2026-10-27,True,False,False,14.8696,Minor,2,kpi_003; kpi_005,Department contains provisional threshold KPIs,RISKPRIOR-20260728062026,2026-07-28T06:20:28.344471
HOSP-001,DEPT-OPC,2026-10-27,True,False,False,5.5761,Minor,2,kpi_003; kpi_005,Department contains provisional threshold KPIs,RISKPRIOR-20260728062026,2026-07-28T06:20:28.344471
HOSP-001,DEPT-ICU,2026-10-28,True,True,False,44.6087,Material,2,kpi_003; kpi_005,Department contains provisional threshold KPIs; Provisional KPI materially affects department risk,RISKPRIOR-20260728062026,2026-07-28T06:20:28.344471
HOSP-001,DEPT-PEX,2026-10-28,True,False,False,0.0,None,2,kpi_003; kpi_005,Department contains provisional threshold KPIs,RISKPRIOR-20260728062026,2026-07-28T06:20:28.344471
HOSP-001,DEPT-DIAG,2026-10-28,True,True,True,65.0543,Dominant,2,kpi_003; kpi_005,Department contains provisional threshold KPIs; Provisional KPI is dominant risk driver,RISKPRIOR-20260728062026,2026-07-28T06:20:28.344471
HOSP-001,DEPT-MED,2026-10-28,True,False,False,14.8696,Minor,2,kpi_003; kpi_005,Department contains provisional threshold KPIs,RISKPRIOR-20260728062026,2026-07-28T06:20:28.344471
HOSP-001,DEPT-ED,2026-10-28,True,True,False,20.4457,Material,2,kpi_003; kpi_005,Department contains provisional threshold KPIs; Provisional KPI materially affects department risk,RISKPRIOR-20260728062026,2026-07-28T06:20:28.344471
HOSP-001,DEPT-ADM,2026-10-28,True,False,False,0.0,None,2,kpi_003; kpi_005,Department contains provisional threshold KPIs,RISKPRIOR-20260728062026,2026-07-28T06:20:28.344471
HOSP-001,DEPT-OPC,2026-10-28,True,False,False,0.0,None,2,kpi_003; kpi_005,Department contains provisional threshold KPIs,RISKPRIOR-20260728062026,2026-07-28T06:20:28.344471
HOSP-001,DEPT-SURG,2026-10-28,True,True,True,11.1522,Dominant,2,kpi_003; kpi_005,Department contains provisional threshold KPIs; Provisional KPI is dominant risk driver,RISKPRIOR-20260728062026,2026-07-28T06:20:28.344471
HOSP-001,DEPT-OPC,2026-10-29,True,False,False,0.0,None,2,kpi_003; kpi_005,Department contains provisional threshold KPIs,RISKPRIOR-20260728062026,2026-07-28T06:20:28.344471
HOSP-001,DEPT-ED,2026-10-29,True,True,False,20.4457,Material,2,kpi_003; kpi_005,Department contains provisional threshold KPIs; Provisional KPI materially affects department risk,RISKPRIOR-20260728062026,2026-07-28T06:20:28.344471
HOSP-001,DEPT-MED,2026-10-29,True,True,True,46.4674,Dominant,2,kpi_003; kpi_005,Department contains provisional threshold KPIs; Provisional KPI is dominant risk driver,RISKPRIOR-20260728062026,2026-07-28T06:20:28.344471
HOSP-001,DEPT-ICU,2026-10-29,True,False,False,14.8696,Minor,2,kpi_003; kpi_005,Department contains provisional threshold KPIs,RISKPRIOR-20260728062026,2026-07-28T06:20:28.344471
HOSP-001,DEPT-DIAG,2026-10-29,True,False,False,13.0109,Minor,2,kpi_003; kpi_005,Department contains provisional threshold KPIs,RISKPRIOR-20260728062026,2026-07-28T06:20:28.344471
HOSP-001,DEPT-PEX,2026-10-29,True,False,False,0.0,None,2,kpi_003; kpi_005,Department contains provisional threshold KPIs,RISKPRIOR-20260728062026,2026-07-28T06:20:28.344471
HOSP-001,DEPT-ADM,2026-10-29,True,False,False,0.0,None,2,kpi_003; kpi_005,Department contains provisional threshold KPIs,RISKPRIOR-20260728062026,2026-07-28T06:20:28.344471
HOSP-001,DEPT-SURG,2026-10-29,True,True,True,14.8696,Dominant,2,kpi_003; kpi_005,Department contains provisional threshold KPIs; Provisional KPI is dominant risk driver,RISKPRIOR-20260728062026,2026-07-28T06:20:28.344471
HOSP-001,DEPT-DIAG,2026-10-30,True,True,False,65.0543,Material,2,kpi_003; kpi_005,Department contains provisional threshold KPIs; Provisional KPI materially affects department risk,RISKPRIOR-20260728062026,2026-07-28T06:20:28.344471
HOSP-001,DEPT-SURG,2026-10-30,True,True,False,44.6087,Material,2,kpi_003; kpi_005,Department contains provisional threshold KPIs; Provisional KPI materially affects department risk,RISKPRIOR-20260728062026,2026-07-28T06:20:28.344471
HOSP-001,DEPT-OPC,2026-10-30,True,False,False,1.8587,Minor,2,kpi_003; kpi_005,Department contains provisional threshold KPIs,RISKPRIOR-20260728062026,2026-07-28T06:20:28.344471
HOSP-001,DEPT-ED,2026-10-30,True,False,False,13.0109,Minor,2,kpi_003; kpi_005,Department contains provisional threshold KPIs,RISKPRIOR-20260728062026,2026-07-28T06:20:28.344471
HOSP-001,DEPT-MED,2026-10-30,True,True,True,46.4674,Dominant,2,kpi_003; kpi_005,Department contains provisional threshold KPIs; Provisional KPI is dominant risk driver,RISKPRIOR-20260728062026,2026-07-28T06:20:28.344471
HOSP-001,DEPT-ICU,2026-10-30,True,False,False,14.8696,Minor,2,kpi_003; kpi_005,Department contains provisional threshold KPIs,RISKPRIOR-20260728062026,2026-07-28T06:20:28.344471
HOSP-001,DEPT-ADM,2026-10-30,True,False,False,0.0,None,2,kpi_003; kpi_005,Department contains provisional threshold KPIs,RISKPRIOR-20260728062026,2026-07-28T06:20:28.344471
HOSP-001,DEPT-PEX,2026-10-30,True,False,False,0.0,None,2,kpi_003; kpi_005,Department contains provisional threshold KPIs,RISKPRIOR-20260728062026,2026-07-28T06:20:28.344471
HOSP-001,DEPT-ICU,2026-10-31,True,False,False,14.8696,Minor,2,kpi_003; kpi_005,Department contains provisional threshold KPIs,RISKPRIOR-20260728062026,2026-07-28T06:20:28.344471
HOSP-001,DEPT-DIAG,2026-10-31,True,False,False,0.0,None,2,kpi_003; kpi_005,Department contains provisional threshold KPIs,RISKPRIOR-20260728062026,2026-07-28T06:20:28.344471
HOSP-001,DEPT-SURG,2026-10-31,True,True,False,46.4674,Material,2,kpi_003; kpi_005,Department contains provisional threshold KPIs; Provisional KPI materially affects department risk,RISKPRIOR-20260728062026,2026-07-28T06:20:28.344471
HOSP-001,DEPT-ADM,2026-10-31,True,False,False,0.0,None,2,kpi_003; kpi_005,Department contains provisional threshold KPIs,RISKPRIOR-20260728062026,2026-07-28T06:20:28.344471
HOSP-001,DEPT-OPC,2026-10-31,True,False,False,1.8587,Minor,2,kpi_003; kpi_005,Department contains provisional threshold KPIs,RISKPRIOR-20260728062026,2026-07-28T06:20:28.344471
HOSP-001,DEPT-MED,2026-10-31,True,False,False,14.8696,Minor,2,kpi_003; kpi_005,Department contains provisional threshold KPIs,RISKPRIOR-20260728062026,2026-07-28T06:20:28.344471
HOSP-001,DEPT-ED,2026-10-31,True,False,False,13.0109,Minor,2,kpi_003; kpi_005,Department contains provisional threshold KPIs,RISKPRIOR-20260728062026,2026-07-28T06:20:28.344471
HOSP-001,DEPT-PEX,2026-10-31,True,False,False,0.0,None,2,kpi_003; kpi_005,Department contains provisional threshold KPIs,RISKPRIOR-20260728062026,2026-07-28T06:20:28.344471
HOSP-001,DEPT-SURG,2026-11-01,True,False,False,11.1522,Minor,2,kpi_003; kpi_005,Department contains provisional threshold KPIs,RISKPRIOR-20260728062026,2026-07-28T06:20:28.344471
HOSP-001,DEPT-DIAG,2026-11-01,True,True,False,55.7609,Material,2,kpi_003; kpi_005,Department contains provisional threshold KPIs; Provisional KPI materially affects department risk,RISKPRIOR-20260728062026,2026-07-28T06:20:28.344471
HOSP-001,DEPT-OPC,2026-11-01,True,False,False,1.8587,Minor,2,kpi_003; kpi_005,Department contains provisional threshold KPIs,RISKPRIOR-20260728062026,2026-07-28T06:20:28.344471
HOSP-001,DEPT-ED,2026-11-01,True,False,False,13.0109,Minor,2,kpi_003; kpi_005,Department contains provisional threshold KPIs,RISKPRIOR-20260728062026,2026-07-28T06:20:28.344471
HOSP-001,DEPT-ICU,2026-11-01,True,True,True,44.6087,Dominant,2,kpi_003; kpi_005,Department contains provisional threshold KPIs; Provisional KPI is dominant risk driver,RISKPRIOR-20260728062026,2026-07-28T06:20:28.344471
HOSP-001,DEPT-MED,2026-11-01,True,False,False,14.8696,Minor,2,kpi_003; kpi_005,Department contains provisional threshold KPIs,RISKPRIOR-20260728062026,2026-07-28T06:20:28.344471
HOSP-001,DEPT-ADM,2026-11-01,True,False,False,0.0,None,2,kpi_003; kpi_005,Department contains provisional threshold KPIs,RISKPRIOR-20260728062026,2026-07-28T06:20:28.344471
HOSP-001,DEPT-PEX,2026-11-01,True,False,False,0.0,None,2,kpi_003; kpi_005,Department contains provisional threshold KPIs,RISKPRIOR-20260728062026,2026-07-28T06:20:28.344471
HOSP-001,DEPT-MED,2026-11-02,True,True,False,44.6087,Material,2,kpi_003; kpi_005,Department contains provisional threshold KPIs; Provisional KPI materially affects department risk,RISKPRIOR-20260728062026,2026-07-28T06:20:28.344471
HOSP-001,DEPT-ADM,2026-11-02,True,False,False,0.0,None,2,kpi_003; kpi_005,Department contains provisional threshold KPIs,RISKPRIOR-20260728062026,2026-07-28T06:20:28.344471
HOSP-001,DEPT-OPC,2026-11-02,True,False,False,1.8587,Minor,2,kpi_003; kpi_005,Department contains provisional threshold KPIs,RISKPRIOR-20260728062026,2026-07-28T06:20:28.344471
HOSP-001,DEPT-ED,2026-11-02,True,False,False,13.0109,Minor,2,kpi_003; kpi_005,Department contains provisional threshold KPIs,RISKPRIOR-20260728062026,2026-07-28T06:20:28.344471
HOSP-001,DEPT-DIAG,2026-11-02,True,True,True,55.7609,Dominant,2,kpi_003; kpi_005,Department contains provisional threshold KPIs; Provisional KPI is dominant risk driver,RISKPRIOR-20260728062026,2026-07-28T06:20:28.344471
HOSP-001,DEPT-PEX,2026-11-02,True,False,False,0.0,None,2,kpi_003; kpi_005,Department contains provisional threshold KPIs,RISKPRIOR-20260728062026,2026-07-28T06:20:28.344471
HOSP-001,DEPT-SURG,2026-11-02,True,True,True,44.6087,Dominant,2,kpi_003; kpi_005,Department contains provisional threshold KPIs; Provisional KPI is dominant risk driver,RISKPRIOR-20260728062026,2026-07-28T06:20:28.344471
HOSP-001,DEPT-ICU,2026-11-02,True,False,False,14.8696,Minor,2,kpi_003; kpi_005,Department contains provisional threshold KPIs,RISKPRIOR-20260728062026,2026-07-28T06:20:28.344471
HOSP-001,DEPT-DIAG,2026-11-03,True,True,True,79.9239,Dominant,2,kpi_003; kpi_005,Department contains provisional threshold KPIs; Provisional KPI is dominant risk driver,RISKPRIOR-20260728062026,2026-07-28T06:20:28.344471
HOSP-001,DEPT-MED,2026-11-03,True,True,True,46.4674,Dominant,2,kpi_003; kpi_005,Department contains provisional threshold KPIs; Provisional KPI is dominant risk driver,RISKPRIOR-20260728062026,2026-07-28T06:20:28.344471
HOSP-001,DEPT-SURG,2026-11-03,True,True,True,44.6087,Dominant,2,kpi_003; kpi_005,Department contains provisional threshold KPIs; Provisional KPI is dominant risk driver,RISKPRIOR-20260728062026,2026-07-28T06:20:28.344471
HOSP-001,DEPT-OPC,2026-11-03,True,True,True,37.1739,Dominant,2,kpi_003; kpi_005,Department contains provisional threshold KPIs; Provisional KPI is dominant risk driver,RISKPRIOR-20260728062026,2026-07-28T06:20:28.344471
HOSP-001,DEPT-ICU,2026-11-03,True,False,False,11.1522,Minor,2,kpi_003; kpi_005,Department contains provisional threshold KPIs,RISKPRIOR-20260728062026,2026-07-28T06:20:28.344471
HOSP-001,DEPT-ED,2026-11-03,True,False,False,13.0109,Minor,2,kpi_003; kpi_005,Department contains provisional threshold KPIs,RISKPRIOR-20260728062026,2026-07-28T06:20:28.344471
HOSP-001,DEPT-ADM,2026-11-03,True,False,False,0.0,None,2,kpi_003; kpi_005,Department contains provisional threshold KPIs,RISKPRIOR-20260728062026,2026-07-28T06:20:28.344471
HOSP-001,DEPT-PEX,2026-11-03,True,False,False,0.0,None,2,kpi_003; kpi_005,Department contains provisional threshold KPIs,RISKPRIOR-20260728062026,2026-07-28T06:20:28.344471
HOSP-001,DEPT-PEX,2026-11-04,True,False,False,0.0,None,2,kpi_003; kpi_005,Department contains provisional threshold KPIs,RISKPRIOR-20260728062026,2026-07-28T06:20:28.344471
HOSP-001,DEPT-MED,2026-11-04,True,True,True,44.6087,Dominant,2,kpi_003; kpi_005,Department contains provisional threshold KPIs; Provisional KPI is dominant risk driver,RISKPRIOR-20260728062026,2026-07-28T06:20:28.344471
HOSP-001,DEPT-ICU,2026-11-04,True,False,False,11.1522,Minor,2,kpi_003; kpi_005,Department contains provisional threshold KPIs,RISKPRIOR-20260728062026,2026-07-28T06:20:28.344471
HOSP-001,DEPT-ED,2026-11-04,True,True,False,20.4457,Material,2,kpi_003; kpi_005,Department contains provisional threshold KPIs; Provisional KPI materially affects department risk,RISKPRIOR-20260728062026,2026-07-28T06:20:28.344471
HOSP-001,DEPT-OPC,2026-11-04,True,False,False,1.8587,Minor,2,kpi_003; kpi_005,Department contains provisional threshold KPIs,RISKPRIOR-20260728062026,2026-07-28T06:20:28.344471
HOSP-001,DEPT-DIAG,2026-11-04,True,True,False,20.4457,Material,2,kpi_003; kpi_005,Department contains provisional threshold KPIs; Provisional KPI materially affects department risk,RISKPRIOR-20260728062026,2026-07-28T06:20:28.344471
HOSP-001,DEPT-ADM,2026-11-04,True,False,False,0.0,None,2,kpi_003; kpi_005,Department contains provisional threshold KPIs,RISKPRIOR-20260728062026,2026-07-28T06:20:28.344471
HOSP-001,DEPT-SURG,2026-11-04,True,False,False,11.1522,Minor,2,kpi_003; kpi_005,Department contains provisional threshold KPIs,RISKPRIOR-20260728062026,2026-07-28T06:20:28.344471
HOSP-001,DEPT-DIAG,2026-11-05,True,True,True,79.9239,Dominant,2,kpi_003; kpi_005,Department contains provisional threshold KPIs; Provisional KPI is dominant risk driver,RISKPRIOR-20260728062026,2026-07-28T06:20:28.344471
HOSP-001,DEPT-SURG,2026-11-05,True,False,False,14.8696,Minor,2,kpi_003; kpi_005,Department contains provisional threshold KPIs,RISKPRIOR-20260728062026,2026-07-28T06:20:28.344471
HOSP-001,DEPT-ICU,2026-11-05,True,False,False,11.1522,Minor,2,kpi_003; kpi_005,Department contains provisional threshold KPIs,RISKPRIOR-20260728062026,2026-07-28T06:20:28.344471
HOSP-001,DEPT-PEX,2026-11-05,True,False,False,0.0,None,2,kpi_003; kpi_005,Department contains provisional threshold KPIs,RISKPRIOR-20260728062026,2026-07-28T06:20:28.344471
HOSP-001,DEPT-MED,2026-11-05,True,True,False,44.6087,Material,2,kpi_003; kpi_005,Department contains provisional threshold KPIs; Provisional KPI materially affects department risk,RISKPRIOR-20260728062026,2026-07-28T06:20:28.344471
HOSP-001,DEPT-OPC,2026-11-05,True,False,False,0.0,None,2,kpi_003; kpi_005,Department contains provisional threshold KPIs,RISKPRIOR-20260728062026,2026-07-28T06:20:28.344471
HOSP-001,DEPT-ADM,2026-11-05,True,False,False,0.0,None,2,kpi_003; kpi_005,Department contains provisional threshold KPIs,RISKPRIOR-20260728062026,2026-07-28T06:20:28.344471
HOSP-001,DEPT-ED,2026-11-05,True,False,False,0.0,None,2,kpi_003; kpi_005,Department contains provisional threshold KPIs,RISKPRIOR-20260728062026,2026-07-28T06:20:28.344471
HOSP-001,DEPT-DIAG,2026-11-06,True,True,True,79.9239,Dominant,2,kpi_003; kpi_005,Department contains provisional threshold KPIs; Provisional KPI is dominant risk driver,RISKPRIOR-20260728062026,2026-07-28T06:20:28.344471
HOSP-001,DEPT-ICU,2026-11-06,True,False,False,11.1522,Minor,2,kpi_003; kpi_005,Department contains provisional threshold KPIs,RISKPRIOR-20260728062026,2026-07-28T06:20:28.344471
HOSP-001,DEPT-ED,2026-11-06,True,True,False,20.4457,Material,2,kpi_003; kpi_005,Department contains provisional threshold KPIs; Provisional KPI materially affects department risk,RISKPRIOR-20260728062026,2026-07-28T06:20:28.344471
HOSP-001,DEPT-PEX,2026-11-06,True,False,False,0.0,None,2,kpi_003; kpi_005,Department contains provisional threshold KPIs,RISKPRIOR-20260728062026,2026-07-28T06:20:28.344471
HOSP-001,DEPT-ADM,2026-11-06,True,False,False,0.0,None,2,kpi_003; kpi_005,Department contains provisional threshold KPIs,RISKPRIOR-20260728062026,2026-07-28T06:20:28.344471
HOSP-001,DEPT-OPC,2026-11-06,True,False,False,1.8587,Minor,2,kpi_003; kpi_005,Department contains provisional threshold KPIs,RISKPRIOR-20260728062026,2026-07-28T06:20:28.344471
HOSP-001,DEPT-SURG,2026-11-06,True,False,False,11.1522,Minor,2,kpi_003; kpi_005,Department contains provisional threshold KPIs,RISKPRIOR-20260728062026,2026-07-28T06:20:28.344471
HOSP-001,DEPT-MED,2026-11-06,True,False,False,11.1522,Minor,2,kpi_003; kpi_005,Department contains provisional threshold KPIs,RISKPRIOR-20260728062026,2026-07-28T06:20:28.344471
HOSP-001,DEPT-MED,2026-11-07,True,True,False,44.6087,Material,2,kpi_003; kpi_005,Department contains provisional threshold KPIs; Provisional KPI materially affects department risk,RISKPRIOR-20260728062026,2026-07-28T06:20:28.344471
HOSP-001,DEPT-SURG,2026-11-07,True,False,False,14.8696,Minor,2,kpi_003; kpi_005,Department contains provisional threshold KPIs,RISKPRIOR-20260728062026,2026-07-28T06:20:28.344471
HOSP-001,DEPT-ICU,2026-11-07,True,False,False,11.1522,Minor,2,kpi_003; kpi_005,Department contains provisional threshold KPIs,RISKPRIOR-20260728062026,2026-07-28T06:20:28.344471
HOSP-001,DEPT-ADM,2026-11-07,True,False,False,0.0,None,2,kpi_003; kpi_005,Department contains provisional threshold KPIs,RISKPRIOR-20260728062026,2026-07-28T06:20:28.344471
HOSP-001,DEPT-ED,2026-11-07,True,True,False,20.4457,Material,2,kpi_003; kpi_005,Department contains provisional threshold KPIs; Provisional KPI materially affects department risk,RISKPRIOR-20260728062026,2026-07-28T06:20:28.344471
HOSP-001,DEPT-DIAG,2026-11-07,True,False,False,0.0,None,2,kpi_003; kpi_005,Department contains provisional threshold KPIs,RISKPRIOR-20260728062026,2026-07-28T06:20:28.344471
HOSP-001,DEPT-OPC,2026-11-07,True,False,False,5.5761,Minor,2,kpi_003; kpi_005,Department contains provisional threshold KPIs,RISKPRIOR-20260728062026,2026-07-28T06:20:28.344471
HOSP-001,DEPT-PEX,2026-11-07,True,False,False,0.0,None,2,kpi_003; kpi_005,Department contains provisional threshold KPIs,RISKPRIOR-20260728062026,2026-07-28T06:20:28.344471
HOSP-001,DEPT-DIAG,2026-11-08,True,True,False,55.7609,Material,2,kpi_003; kpi_005,Department contains provisional threshold KPIs; Provisional KPI materially affects department risk,RISKPRIOR-20260728062026,2026-07-28T06:20:28.344471
HOSP-001,DEPT-PEX,2026-11-08,True,False,False,0.0,None,2,kpi_003; kpi_005,Department contains provisional threshold KPIs,RISKPRIOR-20260728062026,2026-07-28T06:20:28.344471
HOSP-001,DEPT-ICU,2026-11-08,True,False,False,11.1522,Minor,2,kpi_003; kpi_005,Department contains provisional threshold KPIs,RISKPRIOR-20260728062026,2026-07-28T06:20:28.344471
HOSP-001,DEPT-OPC,2026-11-08,True,False,False,9.2935,Minor,2,kpi_003; kpi_005,Department contains provisional threshold KPIs,RISKPRIOR-20260728062026,2026-07-28T06:20:28.344471
HOSP-001,DEPT-ADM,2026-11-08,True,False,False,0.0,None,2,kpi_003; kpi_005,Department contains provisional threshold KPIs,RISKPRIOR-20260728062026,2026-07-28T06:20:28.344471
HOSP-001,DEPT-MED,2026-11-08,True,False,False,11.1522,Minor,2,kpi_003; kpi_005,Department contains provisional threshold KPIs,RISKPRIOR-20260728062026,2026-07-28T06:20:28.344471
HOSP-001,DEPT-ED,2026-11-08,True,True,False,20.4457,Material,2,kpi_003; kpi_005,Department contains provisional threshold KPIs; Provisional KPI materially affects department risk,RISKPRIOR-20260728062026,2026-07-28T06:20:28.344471
HOSP-001,DEPT-SURG,2026-11-08,True,True,True,14.8696,Dominant,2,kpi_003; kpi_005,Department contains provisional threshold KPIs; Provisional KPI is dominant risk driver,RISKPRIOR-20260728062026,2026-07-28T06:20:28.344471
HOSP-001,DEPT-DIAG,2026-11-09,True,True,False,20.4457,Material,2,kpi_003; kpi_005,Department contains provisional threshold KPIs; Provisional KPI materially affects department risk,RISKPRIOR-20260728062026,2026-07-28T06:20:28.344471
HOSP-001,DEPT-ED,2026-11-09,True,True,False,20.4457,Material,2,kpi_003; kpi_005,Department contains provisional threshold KPIs; Provisional KPI materially affects department risk,RISKPRIOR-20260728062026,2026-07-28T06:20:28.344471
HOSP-001,DEPT-ICU,2026-11-09,True,True,True,44.6087,Dominant,2,kpi_003; kpi_005,Department contains provisional threshold KPIs; Provisional KPI is dominant risk driver,RISKPRIOR-20260728062026,2026-07-28T06:20:28.344471
HOSP-001,DEPT-SURG,2026-11-09,True,True,True,44.6087,Dominant,2,kpi_003; kpi_005,Department contains provisional threshold KPIs; Provisional KPI is dominant risk driver,RISKPRIOR-20260728062026,2026-07-28T06:20:28.344471
HOSP-001,DEPT-MED,2026-11-09,True,False,False,11.1522,Minor,2,kpi_003; kpi_005,Department contains provisional threshold KPIs,RISKPRIOR-20260728062026,2026-07-28T06:20:28.344471
HOSP-001,DEPT-ADM,2026-11-09,True,False,False,0.0,None,2,kpi_003; kpi_005,Department contains provisional threshold KPIs,RISKPRIOR-20260728062026,2026-07-28T06:20:28.344471
HOSP-001,DEPT-PEX,2026-11-09,True,False,False,0.0,None,2,kpi_003; kpi_005,Department contains provisional threshold KPIs,RISKPRIOR-20260728062026,2026-07-28T06:20:28.344471
HOSP-001,DEPT-OPC,2026-11-09,True,True,True,9.2935,Dominant,2,kpi_003; kpi_005,Department contains provisional threshold KPIs; Provisional KPI is dominant risk driver,RISKPRIOR-20260728062026,2026-07-28T06:20:28.344471
HOSP-001,DEPT-PEX,2026-11-10,True,False,False,0.0,None,2,kpi_003; kpi_005,Department contains provisional threshold KPIs,RISKPRIOR-20260728062026,2026-07-28T06:20:28.344471
HOSP-001,DEPT-OPC,2026-11-10,True,False,False,9.2935,Minor,2,kpi_003; kpi_005,Department contains provisional threshold KPIs,RISKPRIOR-20260728062026,2026-07-28T06:20:28.344471
HOSP-001,DEPT-ICU,2026-11-10,True,True,True,44.6087,Dominant,2,kpi_003; kpi_005,Department contains provisional threshold KPIs; Provisional KPI is dominant risk driver,RISKPRIOR-20260728062026,2026-07-28T06:20:28.344471
HOSP-001,DEPT-MED,2026-11-10,True,True,True,46.4674,Dominant,2,kpi_003; kpi_005,Department contains provisional threshold KPIs; Provisional KPI is dominant risk driver,RISKPRIOR-20260728062026,2026-07-28T06:20:28.344471
HOSP-001,DEPT-DIAG,2026-11-10,True,True,True,52.0435,Dominant,2,kpi_003; kpi_005,Department contains provisional threshold KPIs; Provisional KPI is dominant risk driver,RISKPRIOR-20260728062026,2026-07-28T06:20:28.344471
HOSP-001,DEPT-ED,2026-11-10,True,False,False,0.0,None,2,kpi_003; kpi_005,Department contains provisional threshold KPIs,RISKPRIOR-20260728062026,2026-07-28T06:20:28.344471
HOSP-001,DEPT-ADM,2026-11-10,True,False,False,0.0,None,2,kpi_003; kpi_005,Department contains provisional threshold KPIs,RISKPRIOR-20260728062026,2026-07-28T06:20:28.344471
HOSP-001,DEPT-SURG,2026-11-10,True,True,True,11.1522,Dominant,2,kpi_003; kpi_005,Department contains provisional threshold KPIs; Provisional KPI is dominant risk driver,RISKPRIOR-20260728062026,2026-07-28T06:20:28.344471
HOSP-001,DEPT-OPC,2026-11-11,True,True,False,55.7609,Material,2,kpi_003; kpi_005,Department contains provisional threshold KPIs; Provisional KPI materially affects department risk,RISKPRIOR-20260728062026,2026-07-28T06:20:28.344471
HOSP-001,DEPT-ADM,2026-11-11,True,False,False,0.0,None,2,kpi_003; kpi_005,Department contains provisional threshold KPIs,RISKPRIOR-20260728062026,2026-07-28T06:20:28.344471
HOSP-001,DEPT-ICU,2026-11-11,True,False,False,14.8696,Minor,2,kpi_003; kpi_005,Department contains provisional threshold KPIs,RISKPRIOR-20260728062026,2026-07-28T06:20:28.344471
HOSP-001,DEPT-SURG,2026-11-11,True,True,False,40.8913,Material,2,kpi_003; kpi_005,Department contains provisional threshold KPIs; Provisional KPI materially affects department risk,RISKPRIOR-20260728062026,2026-07-28T06:20:28.344471
HOSP-001,DEPT-MED,2026-11-11,True,False,False,14.8696,Minor,2,kpi_003; kpi_005,Department contains provisional threshold KPIs,RISKPRIOR-20260728062026,2026-07-28T06:20:28.344471
HOSP-001,DEPT-DIAG,2026-11-11,True,False,False,13.0109,Minor,2,kpi_003; kpi_005,Department contains provisional threshold KPIs,RISKPRIOR-20260728062026,2026-07-28T06:20:28.344471
HOSP-001,DEPT-ED,2026-11-11,True,False,False,13.0109,Minor,2,kpi_003; kpi_005,Department contains provisional threshold KPIs,RISKPRIOR-20260728062026,2026-07-28T06:20:28.344471
HOSP-001,DEPT-PEX,2026-11-11,True,False,False,0.0,None,2,kpi_003; kpi_005,Department contains provisional threshold KPIs,RISKPRIOR-20260728062026,2026-07-28T06:20:28.344471
HOSP-001,DEPT-DIAG,2026-11-12,True,True,False,52.0435,Material,2,kpi_003; kpi_005,Department contains provisional threshold KPIs; Provisional KPI materially affects department risk,RISKPRIOR-20260728062026,2026-07-28T06:20:28.344471
HOSP-001,DEPT-ICU,2026-11-12,True,False,False,11.1522,Minor,2,kpi_003; kpi_005,Department contains provisional threshold KPIs,RISKPRIOR-20260728062026,2026-07-28T06:20:28.344471
HOSP-001,DEPT-OPC,2026-11-12,True,False,False,13.0109,Minor,2,kpi_003; kpi_005,Department contains provisional threshold KPIs,RISKPRIOR-20260728062026,2026-07-28T06:20:28.344471
HOSP-001,DEPT-SURG,2026-11-12,True,True,True,46.4674,Dominant,2,kpi_003; kpi_005,Department contains provisional threshold KPIs; Provisional KPI is dominant risk driver,RISKPRIOR-20260728062026,2026-07-28T06:20:28.344471
HOSP-001,DEPT-PEX,2026-11-12,True,False,False,0.0,None,2,kpi_003; kpi_005,Department contains provisional threshold KPIs,RISKPRIOR-20260728062026,2026-07-28T06:20:28.344471
HOSP-001,DEPT-ADM,2026-11-12,True,False,False,0.0,None,2,kpi_003; kpi_005,Department contains provisional threshold KPIs,RISKPRIOR-20260728062026,2026-07-28T06:20:28.344471
HOSP-001,DEPT-MED,2026-11-12,True,False,False,14.8696,Minor,2,kpi_003; kpi_005,Department contains provisional threshold KPIs,RISKPRIOR-20260728062026,2026-07-28T06:20:28.344471
HOSP-001,DEPT-ED,2026-11-12,True,False,False,13.0109,Minor,2,kpi_003; kpi_005,Department contains provisional threshold KPIs,RISKPRIOR-20260728062026,2026-07-28T06:20:28.344471
HOSP-001,DEPT-PEX,2026-11-13,True,False,False,0.0,None,2,kpi_003; kpi_005,Department contains provisional threshold KPIs,RISKPRIOR-20260728062026,2026-07-28T06:20:28.344471
HOSP-001,DEPT-ED,2026-11-13,True,False,False,0.0,None,2,kpi_003; kpi_005,Department contains provisional threshold KPIs,RISKPRIOR-20260728062026,2026-07-28T06:20:28.344471
HOSP-001,DEPT-OPC,2026-11-13,True,True,False,20.4457,Material,2,kpi_003; kpi_005,Department contains provisional threshold KPIs; Provisional KPI materially affects department risk,RISKPRIOR-20260728062026,2026-07-28T06:20:28.344471
HOSP-001,DEPT-ICU,2026-11-13,True,True,True,39.0326,Dominant,2,kpi_003; kpi_005,Department contains provisional threshold KPIs; Provisional KPI is dominant risk driver,RISKPRIOR-20260728062026,2026-07-28T06:20:28.344471
HOSP-001,DEPT-ADM,2026-11-13,True,False,False,0.0,None,2,kpi_003; kpi_005,Department contains provisional threshold KPIs,RISKPRIOR-20260728062026,2026-07-28T06:20:28.344471
HOSP-001,DEPT-DIAG,2026-11-13,True,False,False,13.0109,Minor,2,kpi_003; kpi_005,Department contains provisional threshold KPIs,RISKPRIOR-20260728062026,2026-07-28T06:20:28.344471
HOSP-001,DEPT-MED,2026-11-13,True,False,False,14.8696,Minor,2,kpi_003; kpi_005,Department contains provisional threshold KPIs,RISKPRIOR-20260728062026,2026-07-28T06:20:28.344471
HOSP-001,DEPT-SURG,2026-11-13,True,True,True,11.1522,Dominant,2,kpi_003; kpi_005,Department contains provisional threshold KPIs; Provisional KPI is dominant risk driver,RISKPRIOR-20260728062026,2026-07-28T06:20:28.344471
HOSP-001,DEPT-ADM,2026-11-14,True,False,False,0.0,None,2,kpi_003; kpi_005,Department contains provisional threshold KPIs,RISKPRIOR-20260728062026,2026-07-28T06:20:28.344471
HOSP-001,DEPT-ICU,2026-11-14,True,False,False,11.1522,Minor,2,kpi_003; kpi_005,Department contains provisional threshold KPIs,RISKPRIOR-20260728062026,2026-07-28T06:20:28.344471
HOSP-001,DEPT-DIAG,2026-11-14,True,False,False,13.0109,Minor,2,kpi_003; kpi_005,Department contains provisional threshold KPIs,RISKPRIOR-20260728062026,2026-07-28T06:20:28.344471
HOSP-001,DEPT-SURG,2026-11-14,True,False,False,11.1522,Minor,2,kpi_003; kpi_005,Department contains provisional threshold KPIs,RISKPRIOR-20260728062026,2026-07-28T06:20:28.344471
HOSP-001,DEPT-MED,2026-11-14,True,True,True,44.6087,Dominant,2,kpi_003; kpi_005,Department contains provisional threshold KPIs; Provisional KPI is dominant risk driver,RISKPRIOR-20260728062026,2026-07-28T06:20:28.344471
HOSP-001,DEPT-OPC,2026-11-14,True,True,False,20.4457,Material,2,kpi_003; kpi_005,Department contains provisional threshold KPIs; Provisional KPI materially affects department risk,RISKPRIOR-20260728062026,2026-07-28T06:20:28.344471
HOSP-001,DEPT-ED,2026-11-14,True,True,False,20.4457,Material,2,kpi_003; kpi_005,Department contains provisional threshold KPIs; Provisional KPI materially affects department risk,RISKPRIOR-20260728062026,2026-07-28T06:20:28.344471
HOSP-001,DEPT-PEX,2026-11-14,True,False,False,0.0,None,2,kpi_003; kpi_005,Department contains provisional threshold KPIs,RISKPRIOR-20260728062026,2026-07-28T06:20:28.344471
HOSP-001,DEPT-DIAG,2026-11-15,True,False,False,1.8587,Minor,2,kpi_003; kpi_005,Department contains provisional threshold KPIs,RISKPRIOR-20260728062026,2026-07-28T06:20:28.344471
HOSP-001,DEPT-ICU,2026-11-15,True,True,True,39.0326,Dominant,2,kpi_003; kpi_005,Department contains provisional threshold KPIs; Provisional KPI is dominant risk driver,RISKPRIOR-20260728062026,2026-07-28T06:20:28.344471
HOSP-001,DEPT-SURG,2026-11-15,True,False,False,7.4348,Minor,2,kpi_003; kpi_005,Department contains provisional threshold KPIs,RISKPRIOR-20260728062026,2026-07-28T06:20:28.344471
HOSP-001,DEPT-OPC,2026-11-15,True,True,False,20.4457,Material,2,kpi_003; kpi_005,Department contains provisional threshold KPIs; Provisional KPI materially affects department risk,RISKPRIOR-20260728062026,2026-07-28T06:20:28.344471
HOSP-001,DEPT-ADM,2026-11-15,True,False,False,0.0,None,2,kpi_003; kpi_005,Department contains provisional threshold KPIs,RISKPRIOR-20260728062026,2026-07-28T06:20:28.344471
HOSP-001,DEPT-PEX,2026-11-15,True,False,False,0.0,None,2,kpi_003; kpi_005,Department contains provisional threshold KPIs,RISKPRIOR-20260728062026,2026-07-28T06:20:28.344471
HOSP-001,DEPT-ED,2026-11-15,True,False,False,5.5761,Minor,2,kpi_003; kpi_005,Department contains provisional threshold KPIs,RISKPRIOR-20260728062026,2026-07-28T06:20:28.344471
HOSP-001,DEPT-MED,2026-11-15,True,False,False,11.1522,Minor,2,kpi_003; kpi_005,Department contains provisional threshold KPIs,RISKPRIOR-20260728062026,2026-07-28T06:20:28.344471
HOSP-001,DEPT-DIAG,2026-11-16,True,True,False,37.1739,Material,2,kpi_003; kpi_005,Department contains provisional threshold KPIs; Provisional KPI materially affects department risk,RISKPRIOR-20260728062026,2026-07-28T06:20:28.344471
HOSP-001,DEPT-ED,2026-11-16,True,True,True,61.337,Dominant,2,kpi_003; kpi_005,Department contains provisional threshold KPIs; Provisional KPI is dominant risk driver,RISKPRIOR-20260728062026,2026-07-28T06:20:28.344471
HOSP-001,DEPT-OPC,2026-11-16,True,False,False,0.0,None,2,kpi_003; kpi_005,Department contains provisional threshold KPIs,RISKPRIOR-20260728062026,2026-07-28T06:20:28.344471
HOSP-001,DEPT-ICU,2026-11-16,True,False,False,11.1522,Minor,2,kpi_003; kpi_005,Department contains provisional threshold KPIs,RISKPRIOR-20260728062026,2026-07-28T06:20:28.344471
HOSP-001,DEPT-SURG,2026-11-16,True,True,True,44.6087,Dominant,2,kpi_003; kpi_005,Department contains provisional threshold KPIs; Provisional KPI is dominant risk driver,RISKPRIOR-20260728062026,2026-07-28T06:20:28.344471
HOSP-001,DEPT-ADM,2026-11-16,True,False,False,0.0,None,2,kpi_003; kpi_005,Department contains provisional threshold KPIs,RISKPRIOR-20260728062026,2026-07-28T06:20:28.344471
HOSP-001,DEPT-MED,2026-11-16,True,False,False,11.1522,Minor,2,kpi_003; kpi_005,Department contains provisional threshold KPIs,RISKPRIOR-20260728062026,2026-07-28T06:20:28.344471
HOSP-001,DEPT-PEX,2026-11-16,True,False,False,0.0,None,2,kpi_003; kpi_005,Department contains provisional threshold KPIs,RISKPRIOR-20260728062026,2026-07-28T06:20:28.344471
HOSP-001,DEPT-OPC,2026-11-17,True,False,False,13.0109,Minor,2,kpi_003; kpi_005,Department contains provisional threshold KPIs,RISKPRIOR-20260728062026,2026-07-28T06:20:28.344471
HOSP-001,DEPT-SURG,2026-11-17,True,False,False,14.8696,Minor,2,kpi_003; kpi_005,Department contains provisional threshold KPIs,RISKPRIOR-20260728062026,2026-07-28T06:20:28.344471
HOSP-001,DEPT-ED,2026-11-17,True,True,True,55.7609,Dominant,2,kpi_003; kpi_005,Department contains provisional threshold KPIs; Provisional KPI is dominant risk driver,RISKPRIOR-20260728062026,2026-07-28T06:20:28.344471
HOSP-001,DEPT-ICU,2026-11-17,True,False,False,14.8696,Minor,2,kpi_003; kpi_005,Department contains provisional threshold KPIs,RISKPRIOR-20260728062026,2026-07-28T06:20:28.344471
HOSP-001,DEPT-MED,2026-11-17,True,True,True,42.75,Dominant,2,kpi_003; kpi_005,Department contains provisional threshold KPIs; Provisional KPI is dominant risk driver,RISKPRIOR-20260728062026,2026-07-28T06:20:28.344471
HOSP-001,DEPT-ADM,2026-11-17,True,False,False,0.0,None,2,kpi_003; kpi_005,Department contains provisional threshold KPIs,RISKPRIOR-20260728062026,2026-07-28T06:20:28.344471
HOSP-001,DEPT-DIAG,2026-11-17,True,False,False,0.0,None,2,kpi_003; kpi_005,Department contains provisional threshold KPIs,RISKPRIOR-20260728062026,2026-07-28T06:20:28.344471
HOSP-001,DEPT-PEX,2026-11-17,True,False,False,0.0,None,2,kpi_003; kpi_005,Department contains provisional threshold KPIs,RISKPRIOR-20260728062026,2026-07-28T06:20:28.344471
HOSP-001,DEPT-ED,2026-11-18,True,True,False,20.4457,Material,2,kpi_003; kpi_005,Department contains provisional threshold KPIs; Provisional KPI materially affects department risk,RISKPRIOR-20260728062026,2026-07-28T06:20:28.344471
HOSP-001,DEPT-ICU,2026-11-18,True,False,False,11.1522,Minor,2,kpi_003; kpi_005,Department contains provisional threshold KPIs,RISKPRIOR-20260728062026,2026-07-28T06:20:28.344471
HOSP-001,DEPT-SURG,2026-11-18,True,True,False,46.4674,Material,2,kpi_003; kpi_005,Department contains provisional threshold KPIs; Provisional KPI materially affects department risk,RISKPRIOR-20260728062026,2026-07-28T06:20:28.344471
HOSP-001,DEPT-OPC,2026-11-18,True,False,False,13.0109,Minor,2,kpi_003; kpi_005,Department contains provisional threshold KPIs,RISKPRIOR-20260728062026,2026-07-28T06:20:28.344471
HOSP-001,DEPT-DIAG,2026-11-18,True,False,False,1.8587,Minor,2,kpi_003; kpi_005,Department contains provisional threshold KPIs,RISKPRIOR-20260728062026,2026-07-28T06:20:28.344471
HOSP-001,DEPT-MED,2026-11-18,True,False,False,11.1522,Minor,2,kpi_003; kpi_005,Department contains provisional threshold KPIs,RISKPRIOR-20260728062026,2026-07-28T06:20:28.344471
HOSP-001,DEPT-PEX,2026-11-18,True,False,False,0.0,None,2,kpi_003; kpi_005,Department contains provisional threshold KPIs,RISKPRIOR-20260728062026,2026-07-28T06:20:28.344471
HOSP-001,DEPT-ADM,2026-11-18,True,False,False,0.0,None,2,kpi_003; kpi_005,Department contains provisional threshold KPIs,RISKPRIOR-20260728062026,2026-07-28T06:20:28.344471
HOSP-001,DEPT-OPC,2026-11-19,True,False,False,13.0109,Minor,2,kpi_003; kpi_005,Department contains provisional threshold KPIs,RISKPRIOR-20260728062026,2026-07-28T06:20:28.344471
HOSP-001,DEPT-ICU,2026-11-19,True,False,False,11.1522,Minor,2,kpi_003; kpi_005,Department contains provisional threshold KPIs,RISKPRIOR-20260728062026,2026-07-28T06:20:28.344471
HOSP-001,DEPT-DIAG,2026-11-19,True,True,True,57.6196,Dominant,2,kpi_003; kpi_005,Department contains provisional threshold KPIs; Provisional KPI is dominant risk driver,RISKPRIOR-20260728062026,2026-07-28T06:20:28.344471
HOSP-001,DEPT-SURG,2026-11-19,True,True,False,46.4674,Material,2,kpi_003; kpi_005,Department contains provisional threshold KPIs; Provisional KPI materially affects department risk,RISKPRIOR-20260728062026,2026-07-28T06:20:28.344471
HOSP-001,DEPT-MED,2026-11-19,True,True,True,42.75,Dominant,2,kpi_003; kpi_005,Department contains provisional threshold KPIs; Provisional KPI is dominant risk driver,RISKPRIOR-20260728062026,2026-07-28T06:20:28.344471
HOSP-001,DEPT-ADM,2026-11-19,True,False,False,0.0,None,2,kpi_003; kpi_005,Department contains provisional threshold KPIs,RISKPRIOR-20260728062026,2026-07-28T06:20:28.344471
HOSP-001,DEPT-ED,2026-11-19,True,True,False,20.4457,Material,2,kpi_003; kpi_005,Department contains provisional threshold KPIs; Provisional KPI materially affects department risk,RISKPRIOR-20260728062026,2026-07-28T06:20:28.344471
HOSP-001,DEPT-PEX,2026-11-19,True,False,False,0.0,None,2,kpi_003; kpi_005,Department contains provisional threshold KPIs,RISKPRIOR-20260728062026,2026-07-28T06:20:28.344471
HOSP-001,DEPT-ICU,2026-11-20,True,False,False,14.8696,Minor,2,kpi_003; kpi_005,Department contains provisional threshold KPIs,RISKPRIOR-20260728062026,2026-07-28T06:20:28.344471
HOSP-001,DEPT-MED,2026-11-20,True,True,False,44.6087,Material,2,kpi_003; kpi_005,Department contains provisional threshold KPIs; Provisional KPI materially affects department risk,RISKPRIOR-20260728062026,2026-07-28T06:20:28.344471
HOSP-001,DEPT-OPC,2026-11-20,True,False,False,13.0109,Minor,2,kpi_003; kpi_005,Department contains provisional threshold KPIs,RISKPRIOR-20260728062026,2026-07-28T06:20:28.344471
HOSP-001,DEPT-ED,2026-11-20,True,True,False,20.4457,Material,2,kpi_003; kpi_005,Department contains provisional threshold KPIs; Provisional KPI materially affects department risk,RISKPRIOR-20260728062026,2026-07-28T06:20:28.344471
HOSP-001,DEPT-SURG,2026-11-20,True,False,False,11.1522,Minor,2,kpi_003; kpi_005,Department contains provisional threshold KPIs,RISKPRIOR-20260728062026,2026-07-28T06:20:28.344471
HOSP-001,DEPT-DIAG,2026-11-20,True,False,False,1.8587,Minor,2,kpi_003; kpi_005,Department contains provisional threshold KPIs,RISKPRIOR-20260728062026,2026-07-28T06:20:28.344471
HOSP-001,DEPT-PEX,2026-11-20,True,False,False,0.0,None,2,kpi_003; kpi_005,Department contains provisional threshold KPIs,RISKPRIOR-20260728062026,2026-07-28T06:20:28.344471
HOSP-001,DEPT-ADM,2026-11-20,True,False,False,0.0,None,2,kpi_003; kpi_005,Department contains provisional threshold KPIs,RISKPRIOR-20260728062026,2026-07-28T06:20:28.344471
HOSP-001,DEPT-ADM,2026-11-21,True,False,False,0.0,None,2,kpi_003; kpi_005,Department contains provisional threshold KPIs,RISKPRIOR-20260728062026,2026-07-28T06:20:28.344471
HOSP-001,DEPT-DIAG,2026-11-21,True,True,True,57.6196,Dominant,2,kpi_003; kpi_005,Department contains provisional threshold KPIs; Provisional KPI is dominant risk driver,RISKPRIOR-20260728062026,2026-07-28T06:20:28.344471
HOSP-001,DEPT-SURG,2026-11-21,True,True,False,44.6087,Material,2,kpi_003; kpi_005,Department contains provisional threshold KPIs; Provisional KPI materially affects department risk,RISKPRIOR-20260728062026,2026-07-28T06:20:28.344471
HOSP-001,DEPT-OPC,2026-11-21,True,False,False,13.0109,Minor,2,kpi_003; kpi_005,Department contains provisional threshold KPIs,RISKPRIOR-20260728062026,2026-07-28T06:20:28.344471
HOSP-001,DEPT-ED,2026-11-21,True,True,False,20.4457,Material,2,kpi_003; kpi_005,Department contains provisional threshold KPIs; Provisional KPI materially affects department risk,RISKPRIOR-20260728062026,2026-07-28T06:20:28.344471
HOSP-001,DEPT-MED,2026-11-21,True,True,True,46.4674,Dominant,2,kpi_003; kpi_005,Department contains provisional threshold KPIs; Provisional KPI is dominant risk driver,RISKPRIOR-20260728062026,2026-07-28T06:20:28.344471
HOSP-001,DEPT-ICU,2026-11-21,True,False,False,11.1522,Minor,2,kpi_003; kpi_005,Department contains provisional threshold KPIs,RISKPRIOR-20260728062026,2026-07-28T06:20:28.344471
HOSP-001,DEPT-PEX,2026-11-21,True,False,False,0.0,None,2,kpi_003; kpi_005,Department contains provisional threshold KPIs,RISKPRIOR-20260728062026,2026-07-28T06:20:28.344471
HOSP-001,DEPT-MED,2026-11-22,True,True,True,46.4674,Dominant,2,kpi_003; kpi_005,Department contains provisional threshold KPIs; Provisional KPI is dominant risk driver,RISKPRIOR-20260728062026,2026-07-28T06:20:28.344471
HOSP-001,DEPT-SURG,2026-11-22,True,True,True,44.6087,Dominant,2,kpi_003; kpi_005,Department contains provisional threshold KPIs; Provisional KPI is dominant risk driver,RISKPRIOR-20260728062026,2026-07-28T06:20:28.344471
HOSP-001,DEPT-ICU,2026-11-22,True,True,True,40.8913,Dominant,2,kpi_003; kpi_005,Department contains provisional threshold KPIs; Provisional KPI is dominant risk driver,RISKPRIOR-20260728062026,2026-07-28T06:20:28.344471
HOSP-001,DEPT-OPC,2026-11-22,True,False,False,1.8587,Minor,2,kpi_003; kpi_005,Department contains provisional threshold KPIs,RISKPRIOR-20260728062026,2026-07-28T06:20:28.344471
HOSP-001,DEPT-ADM,2026-11-22,True,False,False,0.0,None,2,kpi_003; kpi_005,Department contains provisional threshold KPIs,RISKPRIOR-20260728062026,2026-07-28T06:20:28.344471
HOSP-001,DEPT-ED,2026-11-22,True,True,True,20.4457,Dominant,2,kpi_003; kpi_005,Department contains provisional threshold KPIs; Provisional KPI is dominant risk driver,RISKPRIOR-20260728062026,2026-07-28T06:20:28.344471
HOSP-001,DEPT-DIAG,2026-11-22,True,False,False,1.8587,Minor,2,kpi_003; kpi_005,Department contains provisional threshold KPIs,RISKPRIOR-20260728062026,2026-07-28T06:20:28.344471
HOSP-001,DEPT-PEX,2026-11-22,True,False,False,0.0,None,2,kpi_003; kpi_005,Department contains provisional threshold KPIs,RISKPRIOR-20260728062026,2026-07-28T06:20:28.344471
HOSP-001,DEPT-DIAG,2026-11-23,True,True,False,37.1739,Material,2,kpi_003; kpi_005,Department contains provisional threshold KPIs; Provisional KPI materially affects department risk,RISKPRIOR-20260728062026,2026-07-28T06:20:28.344471
HOSP-001,DEPT-MED,2026-11-23,True,True,True,46.4674,Dominant,2,kpi_003; kpi_005,Department contains provisional threshold KPIs; Provisional KPI is dominant risk driver,RISKPRIOR-20260728062026,2026-07-28T06:20:28.344471
HOSP-001,DEPT-SURG,2026-11-23,True,True,True,44.6087,Dominant,2,kpi_003; kpi_005,Department contains provisional threshold KPIs; Provisional KPI is dominant risk driver,RISKPRIOR-20260728062026,2026-07-28T06:20:28.344471
HOSP-001,DEPT-ICU,2026-11-23,True,True,True,40.8913,Dominant,2,kpi_003; kpi_005,Department contains provisional threshold KPIs; Provisional KPI is dominant risk driver,RISKPRIOR-20260728062026,2026-07-28T06:20:28.344471
HOSP-001,DEPT-OPC,2026-11-23,True,False,False,1.8587,Minor,2,kpi_003; kpi_005,Department contains provisional threshold KPIs,RISKPRIOR-20260728062026,2026-07-28T06:20:28.344471
HOSP-001,DEPT-ED,2026-11-23,True,False,False,0.0,None,2,kpi_003; kpi_005,Department contains provisional threshold KPIs,RISKPRIOR-20260728062026,2026-07-28T06:20:28.344471
HOSP-001,DEPT-PEX,2026-11-23,True,False,False,0.0,None,2,kpi_003; kpi_005,Department contains provisional threshold KPIs,RISKPRIOR-20260728062026,2026-07-28T06:20:28.344471
HOSP-001,DEPT-ADM,2026-11-23,True,False,False,0.0,None,2,kpi_003; kpi_005,Department contains provisional threshold KPIs,RISKPRIOR-20260728062026,2026-07-28T06:20:28.344471
HOSP-001,DEPT-SURG,2026-11-24,True,True,False,44.6087,Material,2,kpi_003; kpi_005,Department contains provisional threshold KPIs; Provisional KPI materially affects department risk,RISKPRIOR-20260728062026,2026-07-28T06:20:28.344471
HOSP-001,DEPT-DIAG,2026-11-24,True,False,False,1.8587,Minor,2,kpi_003; kpi_005,Department contains provisional threshold KPIs,RISKPRIOR-20260728062026,2026-07-28T06:20:28.344471
HOSP-001,DEPT-ICU,2026-11-24,True,False,False,11.1522,Minor,2,kpi_003; kpi_005,Department contains provisional threshold KPIs,RISKPRIOR-20260728062026,2026-07-28T06:20:28.344471
HOSP-001,DEPT-ED,2026-11-24,True,False,False,13.0109,Minor,2,kpi_003; kpi_005,Department contains provisional threshold KPIs,RISKPRIOR-20260728062026,2026-07-28T06:20:28.344471
HOSP-001,DEPT-PEX,2026-11-24,True,False,False,0.0,None,2,kpi_003; kpi_005,Department contains provisional threshold KPIs,RISKPRIOR-20260728062026,2026-07-28T06:20:28.344471
HOSP-001,DEPT-OPC,2026-11-24,True,False,False,1.8587,Minor,2,kpi_003; kpi_005,Department contains provisional threshold KPIs,RISKPRIOR-20260728062026,2026-07-28T06:20:28.344471
HOSP-001,DEPT-MED,2026-11-24,True,True,True,11.1522,Dominant,2,kpi_003; kpi_005,Department contains provisional threshold KPIs; Provisional KPI is dominant risk driver,RISKPRIOR-20260728062026,2026-07-28T06:20:28.344471
HOSP-001,DEPT-ADM,2026-11-24,True,False,False,0.0,None,2,kpi_003; kpi_005,Department contains provisional threshold KPIs,RISKPRIOR-20260728062026,2026-07-28T06:20:28.344471
HOSP-001,DEPT-MED,2026-11-25,True,True,False,44.6087,Material,2,kpi_003; kpi_005,Department contains provisional threshold KPIs; Provisional KPI materially affects department risk,RISKPRIOR-20260728062026,2026-07-28T06:20:28.344471
HOSP-001,DEPT-DIAG,2026-11-25,True,True,True,61.337,Dominant,2,kpi_003; kpi_005,Department contains provisional threshold KPIs; Provisional KPI is dominant risk driver,RISKPRIOR-20260728062026,2026-07-28T06:20:28.344471
HOSP-001,DEPT-ICU,2026-11-25,True,True,True,44.6087,Dominant,2,kpi_003; kpi_005,Department contains provisional threshold KPIs; Provisional KPI is dominant risk driver,RISKPRIOR-20260728062026,2026-07-28T06:20:28.344471
HOSP-001,DEPT-SURG,2026-11-25,True,True,True,44.6087,Dominant,2,kpi_003; kpi_005,Department contains provisional threshold KPIs; Provisional KPI is dominant risk driver,RISKPRIOR-20260728062026,2026-07-28T06:20:28.344471
HOSP-001,DEPT-ED,2026-11-25,True,False,False,0.0,None,2,kpi_003; kpi_005,Department contains provisional threshold KPIs,RISKPRIOR-20260728062026,2026-07-28T06:20:28.344471
HOSP-001,DEPT-OPC,2026-11-25,True,False,False,1.8587,Minor,2,kpi_003; kpi_005,Department contains provisional threshold KPIs,RISKPRIOR-20260728062026,2026-07-28T06:20:28.344471
HOSP-001,DEPT-PEX,2026-11-25,True,False,False,0.0,None,2,kpi_003; kpi_005,Department contains provisional threshold KPIs,RISKPRIOR-20260728062026,2026-07-28T06:20:28.344471
HOSP-001,DEPT-ADM,2026-11-25,True,False,False,0.0,None,2,kpi_003; kpi_005,Department contains provisional threshold KPIs,RISKPRIOR-20260728062026,2026-07-28T06:20:28.344471
HOSP-001,DEPT-DIAG,2026-11-26,True,True,False,40.8913,Material,2,kpi_003; kpi_005,Department contains provisional threshold KPIs; Provisional KPI materially affects department risk,RISKPRIOR-20260728062026,2026-07-28T06:20:28.344471
HOSP-001,DEPT-ICU,2026-11-26,True,False,False,14.8696,Minor,2,kpi_003; kpi_005,Department contains provisional threshold KPIs,RISKPRIOR-20260728062026,2026-07-28T06:20:28.344471
HOSP-001,DEPT-ED,2026-11-26,True,False,False,13.0109,Minor,2,kpi_003; kpi_005,Department contains provisional threshold KPIs,RISKPRIOR-20260728062026,2026-07-28T06:20:28.344471
HOSP-001,DEPT-MED,2026-11-26,True,False,False,14.8696,Minor,2,kpi_003; kpi_005,Department contains provisional threshold KPIs,RISKPRIOR-20260728062026,2026-07-28T06:20:28.344471
HOSP-001,DEPT-SURG,2026-11-26,True,False,False,14.8696,Minor,2,kpi_003; kpi_005,Department contains provisional threshold KPIs,RISKPRIOR-20260728062026,2026-07-28T06:20:28.344471
HOSP-001,DEPT-PEX,2026-11-26,True,False,False,0.0,None,2,kpi_003; kpi_005,Department contains provisional threshold KPIs,RISKPRIOR-20260728062026,2026-07-28T06:20:28.344471
HOSP-001,DEPT-OPC,2026-11-26,True,False,False,1.8587,Minor,2,kpi_003; kpi_005,Department contains provisional threshold KPIs,RISKPRIOR-20260728062026,2026-07-28T06:20:28.344471
HOSP-001,DEPT-ADM,2026-11-26,True,False,False,0.0,None,2,kpi_003; kpi_005,Department contains provisional threshold KPIs,RISKPRIOR-20260728062026,2026-07-28T06:20:28.344471
HOSP-001,DEPT-ED,2026-11-27,True,True,False,52.0435,Material,2,kpi_003; kpi_005,Department contains provisional threshold KPIs; Provisional KPI materially affects department risk,RISKPRIOR-20260728062026,2026-07-28T06:20:28.344471
HOSP-001,DEPT-SURG,2026-11-27,True,False,False,14.8696,Minor,2,kpi_003; kpi_005,Department contains provisional threshold KPIs,RISKPRIOR-20260728062026,2026-07-28T06:20:28.344471
HOSP-001,DEPT-ADM,2026-11-27,True,False,False,0.0,None,2,kpi_003; kpi_005,Department contains provisional threshold KPIs,RISKPRIOR-20260728062026,2026-07-28T06:20:28.344471
HOSP-001,DEPT-DIAG,2026-11-27,True,False,False,5.5761,Minor,2,kpi_003; kpi_005,Department contains provisional threshold KPIs,RISKPRIOR-20260728062026,2026-07-28T06:20:28.344471
HOSP-001,DEPT-PEX,2026-11-27,True,False,False,0.0,None,2,kpi_003; kpi_005,Department contains provisional threshold KPIs,RISKPRIOR-20260728062026,2026-07-28T06:20:28.344471
HOSP-001,DEPT-ICU,2026-11-27,True,False,False,14.8696,Minor,2,kpi_003; kpi_005,Department contains provisional threshold KPIs,RISKPRIOR-20260728062026,2026-07-28T06:20:28.344471
HOSP-001,DEPT-MED,2026-11-27,True,False,False,11.1522,Minor,2,kpi_003; kpi_005,Department contains provisional threshold KPIs,RISKPRIOR-20260728062026,2026-07-28T06:20:28.344471
HOSP-001,DEPT-OPC,2026-11-27,True,False,False,1.8587,Minor,2,kpi_003; kpi_005,Department contains provisional threshold KPIs,RISKPRIOR-20260728062026,2026-07-28T06:20:28.344471
HOSP-001,DEPT-OPC,2026-11-28,True,False,False,5.5761,Minor,2,kpi_003; kpi_005,Department contains provisional threshold KPIs,RISKPRIOR-20260728062026,2026-07-28T06:20:28.344471
HOSP-001,DEPT-ICU,2026-11-28,True,False,False,14.8696,Minor,2,kpi_003; kpi_005,Department contains provisional threshold KPIs,RISKPRIOR-20260728062026,2026-07-28T06:20:28.344471
HOSP-001,DEPT-SURG,2026-11-28,True,True,True,40.8913,Dominant,2,kpi_003; kpi_005,Department contains provisional threshold KPIs; Provisional KPI is dominant risk driver,RISKPRIOR-20260728062026,2026-07-28T06:20:28.344471
HOSP-001,DEPT-ED,2026-11-28,True,False,False,13.0109,Minor,2,kpi_003; kpi_005,Department contains provisional threshold KPIs,RISKPRIOR-20260728062026,2026-07-28T06:20:28.344471
HOSP-001,DEPT-DIAG,2026-11-28,True,False,False,1.8587,Minor,2,kpi_003; kpi_005,Department contains provisional threshold KPIs,RISKPRIOR-20260728062026,2026-07-28T06:20:28.344471
HOSP-001,DEPT-MED,2026-11-28,True,True,True,14.8696,Dominant,2,kpi_003; kpi_005,Department contains provisional threshold KPIs; Provisional KPI is dominant risk driver,RISKPRIOR-20260728062026,2026-07-28T06:20:28.344471
HOSP-001,DEPT-PEX,2026-11-28,True,False,False,0.0,None,2,kpi_003; kpi_005,Department contains provisional threshold KPIs,RISKPRIOR-20260728062026,2026-07-28T06:20:28.344471
HOSP-001,DEPT-ADM,2026-11-28,True,False,False,0.0,None,2,kpi_003; kpi_005,Department contains provisional threshold KPIs,RISKPRIOR-20260728062026,2026-07-28T06:20:28.344471
HOSP-001,DEPT-ICU,2026-11-29,True,False,False,11.1522,Minor,2,kpi_003; kpi_005,Department contains provisional threshold KPIs,RISKPRIOR-20260728062026,2026-07-28T06:20:28.344471
HOSP-001,DEPT-ADM,2026-11-29,True,False,False,0.0,None,2,kpi_003; kpi_005,Department contains provisional threshold KPIs,RISKPRIOR-20260728062026,2026-07-28T06:20:28.344471
HOSP-001,DEPT-SURG,2026-11-29,True,True,False,42.75,Material,2,kpi_003; kpi_005,Department contains provisional threshold KPIs; Provisional KPI materially affects department risk,RISKPRIOR-20260728062026,2026-07-28T06:20:28.344471
HOSP-001,DEPT-ED,2026-11-29,True,False,False,13.0109,Minor,2,kpi_003; kpi_005,Department contains provisional threshold KPIs,RISKPRIOR-20260728062026,2026-07-28T06:20:28.344471
HOSP-001,DEPT-MED,2026-11-29,True,False,False,11.1522,Minor,2,kpi_003; kpi_005,Department contains provisional threshold KPIs,RISKPRIOR-20260728062026,2026-07-28T06:20:28.344471
HOSP-001,DEPT-PEX,2026-11-29,True,False,False,0.0,None,2,kpi_003; kpi_005,Department contains provisional threshold KPIs,RISKPRIOR-20260728062026,2026-07-28T06:20:28.344471
HOSP-001,DEPT-DIAG,2026-11-29,True,False,False,0.0,None,2,kpi_003; kpi_005,Department contains provisional threshold KPIs,RISKPRIOR-20260728062026,2026-07-28T06:20:28.344471
HOSP-001,DEPT-OPC,2026-11-29,True,False,False,0.0,None,2,kpi_003; kpi_005,Department contains provisional threshold KPIs,RISKPRIOR-20260728062026,2026-07-28T06:20:28.344471
HOSP-001,DEPT-ICU,2026-11-30,True,True,False,44.6087,Material,2,kpi_003; kpi_005,Department contains provisional threshold KPIs; Provisional KPI materially affects department risk,RISKPRIOR-20260728062026,2026-07-28T06:20:28.344471
HOSP-001,DEPT-OPC,2026-11-30,True,False,False,1.8587,Minor,2,kpi_003; kpi_005,Department contains provisional threshold KPIs,RISKPRIOR-20260728062026,2026-07-28T06:20:28.344471
HOSP-001,DEPT-SURG,2026-11-30,True,False,False,11.1522,Minor,2,kpi_003; kpi_005,Department contains provisional threshold KPIs,RISKPRIOR-20260728062026,2026-07-28T06:20:28.344471
HOSP-001,DEPT-ADM,2026-11-30,True,False,False,0.0,None,2,kpi_003; kpi_005,Department contains provisional threshold KPIs,RISKPRIOR-20260728062026,2026-07-28T06:20:28.344471
HOSP-001,DEPT-DIAG,2026-11-30,True,False,False,1.8587,Minor,2,kpi_003; kpi_005,Department contains provisional threshold KPIs,RISKPRIOR-20260728062026,2026-07-28T06:20:28.344471
HOSP-001,DEPT-ED,2026-11-30,True,False,False,13.0109,Minor,2,kpi_003; kpi_005,Department contains provisional threshold KPIs,RISKPRIOR-20260728062026,2026-07-28T06:20:28.344471
HOSP-001,DEPT-MED,2026-11-30,True,True,True,14.8696,Dominant,2,kpi_003; kpi_005,Department contains provisional threshold KPIs; Provisional KPI is dominant risk driver,RISKPRIOR-20260728062026,2026-07-28T06:20:28.344471
HOSP-001,DEPT-PEX,2026-11-30,True,False,False,0.0,None,2,kpi_003; kpi_005,Department contains provisional threshold KPIs,RISKPRIOR-20260728062026,2026-07-28T06:20:28.344471
HOSP-001,DEPT-SURG,2026-12-01,True,True,True,42.75,Dominant,2,kpi_003; kpi_005,Department contains provisional threshold KPIs; Provisional KPI is dominant risk driver,RISKPRIOR-20260728062026,2026-07-28T06:20:28.344471
HOSP-001,DEPT-MED,2026-12-01,True,False,False,14.8696,Minor,2,kpi_003; kpi_005,Department contains provisional threshold KPIs,RISKPRIOR-20260728062026,2026-07-28T06:20:28.344471
HOSP-001,DEPT-ICU,2026-12-01,True,False,False,11.1522,Minor,2,kpi_003; kpi_005,Department contains provisional threshold KPIs,RISKPRIOR-20260728062026,2026-07-28T06:20:28.344471
HOSP-001,DEPT-DIAG,2026-12-01,True,True,True,37.1739,Dominant,2,kpi_003; kpi_005,Department contains provisional threshold KPIs; Provisional KPI is dominant risk driver,RISKPRIOR-20260728062026,2026-07-28T06:20:28.344471
HOSP-001,DEPT-ADM,2026-12-01,True,False,False,0.0,None,2,kpi_003; kpi_005,Department contains provisional threshold KPIs,RISKPRIOR-20260728062026,2026-07-28T06:20:28.344471
HOSP-001,DEPT-ED,2026-12-01,True,False,False,0.0,None,2,kpi_003; kpi_005,Department contains provisional threshold KPIs,RISKPRIOR-20260728062026,2026-07-28T06:20:28.344471
HOSP-001,DEPT-OPC,2026-12-01,True,False,False,1.8587,Minor,2,kpi_003; kpi_005,Department contains provisional threshold KPIs,RISKPRIOR-20260728062026,2026-07-28T06:20:28.344471
HOSP-001,DEPT-PEX,2026-12-01,True,False,False,0.0,None,2,kpi_003; kpi_005,Department contains provisional threshold KPIs,RISKPRIOR-20260728062026,2026-07-28T06:20:28.344471
HOSP-001,DEPT-ADM,2026-12-02,True,False,False,0.0,None,2,kpi_003; kpi_005,Department contains provisional threshold KPIs,RISKPRIOR-20260728062026,2026-07-28T06:20:28.344471
HOSP-001,DEPT-SURG,2026-12-02,True,True,False,44.6087,Material,2,kpi_003; kpi_005,Department contains provisional threshold KPIs; Provisional KPI materially affects department risk,RISKPRIOR-20260728062026,2026-07-28T06:20:28.344471
HOSP-001,DEPT-DIAG,2026-12-02,True,False,False,1.8587,Minor,2,kpi_003; kpi_005,Department contains provisional threshold KPIs,RISKPRIOR-20260728062026,2026-07-28T06:20:28.344471
HOSP-001,DEPT-ICU,2026-12-02,True,True,True,42.75,Dominant,2,kpi_003; kpi_005,Department contains provisional threshold KPIs; Provisional KPI is dominant risk driver,RISKPRIOR-20260728062026,2026-07-28T06:20:28.344471
HOSP-001,DEPT-MED,2026-12-02,True,False,False,14.8696,Minor,2,kpi_003; kpi_005,Department contains provisional threshold KPIs,RISKPRIOR-20260728062026,2026-07-28T06:20:28.344471
HOSP-001,DEPT-PEX,2026-12-02,True,False,False,0.0,None,2,kpi_003; kpi_005,Department contains provisional threshold KPIs,RISKPRIOR-20260728062026,2026-07-28T06:20:28.344471
HOSP-001,DEPT-OPC,2026-12-02,True,False,False,5.5761,Minor,2,kpi_003; kpi_005,Department contains provisional threshold KPIs,RISKPRIOR-20260728062026,2026-07-28T06:20:28.344471
HOSP-001,DEPT-ED,2026-12-02,True,True,True,13.0109,Dominant,2,kpi_003; kpi_005,Department contains provisional threshold KPIs; Provisional KPI is dominant risk driver,RISKPRIOR-20260728062026,2026-07-28T06:20:28.344471
HOSP-001,DEPT-SURG,2026-12-03,True,True,False,44.6087,Material,2,kpi_003; kpi_005,Department contains provisional threshold KPIs; Provisional KPI materially affects department risk,RISKPRIOR-20260728062026,2026-07-28T06:20:28.344471
HOSP-001,DEPT-ED,2026-12-03,True,False,False,13.0109,Minor,2,kpi_003; kpi_005,Department contains provisional threshold KPIs,RISKPRIOR-20260728062026,2026-07-28T06:20:28.344471
HOSP-001,DEPT-OPC,2026-12-03,True,False,False,9.2935,Minor,2,kpi_003; kpi_005,Department contains provisional threshold KPIs,RISKPRIOR-20260728062026,2026-07-28T06:20:28.344471
HOSP-001,DEPT-ICU,2026-12-03,True,False,False,14.8696,Minor,2,kpi_003; kpi_005,Department contains provisional threshold KPIs,RISKPRIOR-20260728062026,2026-07-28T06:20:28.344471
HOSP-001,DEPT-MED,2026-12-03,True,False,False,11.1522,Minor,2,kpi_003; kpi_005,Department contains provisional threshold KPIs,RISKPRIOR-20260728062026,2026-07-28T06:20:28.344471
HOSP-001,DEPT-ADM,2026-12-03,True,False,False,0.0,None,2,kpi_003; kpi_005,Department contains provisional threshold KPIs,RISKPRIOR-20260728062026,2026-07-28T06:20:28.344471
HOSP-001,DEPT-DIAG,2026-12-03,True,False,False,0.0,None,2,kpi_003; kpi_005,Department contains provisional threshold KPIs,RISKPRIOR-20260728062026,2026-07-28T06:20:28.344471
HOSP-001,DEPT-PEX,2026-12-03,True,False,False,0.0,None,2,kpi_003; kpi_005,Department contains provisional threshold KPIs,RISKPRIOR-20260728062026,2026-07-28T06:20:28.344471
HOSP-001,DEPT-OPC,2026-12-04,True,False,False,9.2935,Minor,2,kpi_003; kpi_005,Department contains provisional threshold KPIs,RISKPRIOR-20260728062026,2026-07-28T06:20:28.344471
HOSP-001,DEPT-SURG,2026-12-04,True,True,True,46.4674,Dominant,2,kpi_003; kpi_005,Department contains provisional threshold KPIs; Provisional KPI is dominant risk driver,RISKPRIOR-20260728062026,2026-07-28T06:20:28.344471
HOSP-001,DEPT-ED,2026-12-04,True,True,True,40.8913,Dominant,2,kpi_003; kpi_005,Department contains provisional threshold KPIs; Provisional KPI is dominant risk driver,RISKPRIOR-20260728062026,2026-07-28T06:20:28.344471
HOSP-001,DEPT-ICU,2026-12-04,True,False,False,14.8696,Minor,2,kpi_003; kpi_005,Department contains provisional threshold KPIs,RISKPRIOR-20260728062026,2026-07-28T06:20:28.344471
HOSP-001,DEPT-ADM,2026-12-04,True,False,False,0.0,None,2,kpi_003; kpi_005,Department contains provisional threshold KPIs,RISKPRIOR-20260728062026,2026-07-28T06:20:28.344471
HOSP-001,DEPT-DIAG,2026-12-04,True,False,False,0.0,None,2,kpi_003; kpi_005,Department contains provisional threshold KPIs,RISKPRIOR-20260728062026,2026-07-28T06:20:28.344471
HOSP-001,DEPT-MED,2026-12-04,True,False,False,14.8696,Minor,2,kpi_003; kpi_005,Department contains provisional threshold KPIs,RISKPRIOR-20260728062026,2026-07-28T06:20:28.344471
HOSP-001,DEPT-PEX,2026-12-04,True,False,False,0.0,None,2,kpi_003; kpi_005,Department contains provisional threshold KPIs,RISKPRIOR-20260728062026,2026-07-28T06:20:28.344471
HOSP-001,DEPT-ICU,2026-12-05,True,False,False,14.8696,Minor,2,kpi_003; kpi_005,Department contains provisional threshold KPIs,RISKPRIOR-20260728062026,2026-07-28T06:20:28.344471
HOSP-001,DEPT-SURG,2026-12-05,True,False,False,14.8696,Minor,2,kpi_003; kpi_005,Department contains provisional threshold KPIs,RISKPRIOR-20260728062026,2026-07-28T06:20:28.344471
HOSP-001,DEPT-DIAG,2026-12-05,True,True,True,57.6196,Dominant,2,kpi_003; kpi_005,Department contains provisional threshold KPIs; Provisional KPI is dominant risk driver,RISKPRIOR-20260728062026,2026-07-28T06:20:28.344471
HOSP-001,DEPT-ADM,2026-12-05,True,False,False,0.0,None,2,kpi_003; kpi_005,Department contains provisional threshold KPIs,RISKPRIOR-20260728062026,2026-07-28T06:20:28.344471
HOSP-001,DEPT-OPC,2026-12-05,True,False,False,9.2935,Minor,2,kpi_003; kpi_005,Department contains provisional threshold KPIs,RISKPRIOR-20260728062026,2026-07-28T06:20:28.344471
HOSP-001,DEPT-ED,2026-12-05,True,True,False,20.4457,Material,2,kpi_003; kpi_005,Department contains provisional threshold KPIs; Provisional KPI materially affects department risk,RISKPRIOR-20260728062026,2026-07-28T06:20:28.344471
HOSP-001,DEPT-MED,2026-12-05,True,False,False,14.8696,Minor,2,kpi_003; kpi_005,Department contains provisional threshold KPIs,RISKPRIOR-20260728062026,2026-07-28T06:20:28.344471
HOSP-001,DEPT-PEX,2026-12-05,True,False,False,0.0,None,2,kpi_003; kpi_005,Department contains provisional threshold KPIs,RISKPRIOR-20260728062026,2026-07-28T06:20:28.344471
HOSP-001,DEPT-PEX,2026-12-06,True,False,False,0.0,None,2,kpi_003; kpi_005,Department contains provisional threshold KPIs,RISKPRIOR-20260728062026,2026-07-28T06:20:28.344471
HOSP-001,DEPT-ADM,2026-12-06,True,False,False,0.0,None,2,kpi_003; kpi_005,Department contains provisional threshold KPIs,RISKPRIOR-20260728062026,2026-07-28T06:20:28.344471
HOSP-001,DEPT-ICU,2026-12-06,True,True,False,39.0326,Material,2,kpi_003; kpi_005,Department contains provisional threshold KPIs; Provisional KPI materially affects department risk,RISKPRIOR-20260728062026,2026-07-28T06:20:28.344471
HOSP-001,DEPT-OPC,2026-12-06,True,False,False,1.8587,Minor,2,kpi_003; kpi_005,Department contains provisional threshold KPIs,RISKPRIOR-20260728062026,2026-07-28T06:20:28.344471
HOSP-001,DEPT-DIAG,2026-12-06,True,False,False,5.5761,Minor,2,kpi_003; kpi_005,Department contains provisional threshold KPIs,RISKPRIOR-20260728062026,2026-07-28T06:20:28.344471
HOSP-001,DEPT-MED,2026-12-06,True,True,True,46.4674,Dominant,2,kpi_003; kpi_005,Department contains provisional threshold KPIs; Provisional KPI is dominant risk driver,RISKPRIOR-20260728062026,2026-07-28T06:20:28.344471
HOSP-001,DEPT-SURG,2026-12-06,True,False,False,14.8696,Minor,2,kpi_003; kpi_005,Department contains provisional threshold KPIs,RISKPRIOR-20260728062026,2026-07-28T06:20:28.344471
HOSP-001,DEPT-ED,2026-12-06,True,True,True,20.4457,Dominant,2,kpi_003; kpi_005,Department contains provisional threshold KPIs; Provisional KPI is dominant risk driver,RISKPRIOR-20260728062026,2026-07-28T06:20:28.344471
HOSP-001,DEPT-DIAG,2026-12-07,True,True,False,40.8913,Material,2,kpi_003; kpi_005,Department contains provisional threshold KPIs; Provisional KPI materially affects department risk,RISKPRIOR-20260728062026,2026-07-28T06:20:28.344471
HOSP-001,DEPT-PEX,2026-12-07,True,False,False,0.0,None,2,kpi_003; kpi_005,Department contains provisional threshold KPIs,RISKPRIOR-20260728062026,2026-07-28T06:20:28.344471
HOSP-001,DEPT-ICU,2026-12-07,True,False,False,11.1522,Minor,2,kpi_003; kpi_005,Department contains provisional threshold KPIs,RISKPRIOR-20260728062026,2026-07-28T06:20:28.344471
HOSP-001,DEPT-SURG,2026-12-07,True,True,True,44.6087,Dominant,2,kpi_003; kpi_005,Department contains provisional threshold KPIs; Provisional KPI is dominant risk driver,RISKPRIOR-20260728062026,2026-07-28T06:20:28.344471
HOSP-001,DEPT-MED,2026-12-07,True,True,True,46.4674,Dominant,2,kpi_003; kpi_005,Department contains provisional threshold KPIs; Provisional KPI is dominant risk driver,RISKPRIOR-20260728062026,2026-07-28T06:20:28.344471
HOSP-001,DEPT-ADM,2026-12-07,True,False,False,0.0,None,2,kpi_003; kpi_005,Department contains provisional threshold KPIs,RISKPRIOR-20260728062026,2026-07-28T06:20:28.344471
HOSP-001,DEPT-ED,2026-12-07,True,False,False,13.0109,Minor,2,kpi_003; kpi_005,Department contains provisional threshold KPIs,RISKPRIOR-20260728062026,2026-07-28T06:20:28.344471
HOSP-001,DEPT-OPC,2026-12-07,True,False,False,1.8587,Minor,2,kpi_003; kpi_005,Department contains provisional threshold KPIs,RISKPRIOR-20260728062026,2026-07-28T06:20:28.344471
HOSP-001,DEPT-SURG,2026-12-08,True,True,False,44.6087,Material,2,kpi_003; kpi_005,Department contains provisional threshold KPIs; Provisional KPI materially affects department risk,RISKPRIOR-20260728062026,2026-07-28T06:20:28.344471
HOSP-001,DEPT-PEX,2026-12-08,True,False,False,0.0,None,2,kpi_003; kpi_005,Department contains provisional threshold KPIs,RISKPRIOR-20260728062026,2026-07-28T06:20:28.344471
HOSP-001,DEPT-ICU,2026-12-08,True,False,False,11.1522,Minor,2,kpi_003; kpi_005,Department contains provisional threshold KPIs,RISKPRIOR-20260728062026,2026-07-28T06:20:28.344471
HOSP-001,DEPT-DIAG,2026-12-08,True,True,True,40.8913,Dominant,2,kpi_003; kpi_005,Department contains provisional threshold KPIs; Provisional KPI is dominant risk driver,RISKPRIOR-20260728062026,2026-07-28T06:20:28.344471
HOSP-001,DEPT-ADM,2026-12-08,True,False,False,0.0,None,2,kpi_003; kpi_005,Department contains provisional threshold KPIs,RISKPRIOR-20260728062026,2026-07-28T06:20:28.344471
HOSP-001,DEPT-ED,2026-12-08,True,False,False,1.8587,Minor,2,kpi_003; kpi_005,Department contains provisional threshold KPIs,RISKPRIOR-20260728062026,2026-07-28T06:20:28.344471
HOSP-001,DEPT-OPC,2026-12-08,True,False,False,1.8587,Minor,2,kpi_003; kpi_005,Department contains provisional threshold KPIs,RISKPRIOR-20260728062026,2026-07-28T06:20:28.344471
HOSP-001,DEPT-MED,2026-12-08,True,False,False,14.8696,Minor,2,kpi_003; kpi_005,Department contains provisional threshold KPIs,RISKPRIOR-20260728062026,2026-07-28T06:20:28.344471
HOSP-001,DEPT-DIAG,2026-12-09,True,True,True,79.9239,Dominant,2,kpi_003; kpi_005,Department contains provisional threshold KPIs; Provisional KPI is dominant risk driver,RISKPRIOR-20260728062026,2026-07-28T06:20:28.344471
HOSP-001,DEPT-ICU,2026-12-09,True,False,False,11.1522,Minor,2,kpi_003; kpi_005,Department contains provisional threshold KPIs,RISKPRIOR-20260728062026,2026-07-28T06:20:28.344471
HOSP-001,DEPT-OPC,2026-12-09,True,False,False,5.5761,Minor,2,kpi_003; kpi_005,Department contains provisional threshold KPIs,RISKPRIOR-20260728062026,2026-07-28T06:20:28.344471
HOSP-001,DEPT-MED,2026-12-09,True,True,True,42.75,Dominant,2,kpi_003; kpi_005,Department contains provisional threshold KPIs; Provisional KPI is dominant risk driver,RISKPRIOR-20260728062026,2026-07-28T06:20:28.344471
HOSP-001,DEPT-ADM,2026-12-09,True,False,False,0.0,None,2,kpi_003; kpi_005,Department contains provisional threshold KPIs,RISKPRIOR-20260728062026,2026-07-28T06:20:28.344471
HOSP-001,DEPT-ED,2026-12-09,True,False,False,5.5761,Minor,2,kpi_003; kpi_005,Department contains provisional threshold KPIs,RISKPRIOR-20260728062026,2026-07-28T06:20:28.344471
HOSP-001,DEPT-SURG,2026-12-09,True,False,False,11.1522,Minor,2,kpi_003; kpi_005,Department contains provisional threshold KPIs,RISKPRIOR-20260728062026,2026-07-28T06:20:28.344471
HOSP-001,DEPT-PEX,2026-12-09,True,False,False,0.0,None,2,kpi_003; kpi_005,Department contains provisional threshold KPIs,RISKPRIOR-20260728062026,2026-07-28T06:20:28.344471
HOSP-001,DEPT-ED,2026-12-10,True,False,False,1.8587,Minor,2,kpi_003; kpi_005,Department contains provisional threshold KPIs,RISKPRIOR-20260728062026,2026-07-28T06:20:28.344471
HOSP-001,DEPT-DIAG,2026-12-10,True,False,False,13.0109,Minor,2,kpi_003; kpi_005,Department contains provisional threshold KPIs,RISKPRIOR-20260728062026,2026-07-28T06:20:28.344471
HOSP-001,DEPT-PEX,2026-12-10,True,False,False,0.0,None,2,kpi_003; kpi_005,Department contains provisional threshold KPIs,RISKPRIOR-20260728062026,2026-07-28T06:20:28.344471
HOSP-001,DEPT-SURG,2026-12-10,True,True,True,44.6087,Dominant,2,kpi_003; kpi_005,Department contains provisional threshold KPIs; Provisional KPI is dominant risk driver,RISKPRIOR-20260728062026,2026-07-28T06:20:28.344471
HOSP-001,DEPT-ICU,2026-12-10,True,False,False,11.1522,Minor,2,kpi_003; kpi_005,Department contains provisional threshold KPIs,RISKPRIOR-20260728062026,2026-07-28T06:20:28.344471
HOSP-001,DEPT-MED,2026-12-10,True,False,False,11.1522,Minor,2,kpi_003; kpi_005,Department contains provisional threshold KPIs,RISKPRIOR-20260728062026,2026-07-28T06:20:28.344471
HOSP-001,DEPT-ADM,2026-12-10,True,False,False,0.0,None,2,kpi_003; kpi_005,Department contains provisional threshold KPIs,RISKPRIOR-20260728062026,2026-07-28T06:20:28.344471
HOSP-001,DEPT-OPC,2026-12-10,True,False,False,5.5761,Minor,2,kpi_003; kpi_005,Department contains provisional threshold KPIs,RISKPRIOR-20260728062026,2026-07-28T06:20:28.344471
HOSP-001,DEPT-DIAG,2026-12-11,True,False,False,0.0,None,2,kpi_003; kpi_005,Department contains provisional threshold KPIs,RISKPRIOR-20260728062026,2026-07-28T06:20:28.344471
HOSP-001,DEPT-ICU,2026-12-11,True,True,True,39.0326,Dominant,2,kpi_003; kpi_005,Department contains provisional threshold KPIs; Provisional KPI is dominant risk driver,RISKPRIOR-20260728062026,2026-07-28T06:20:28.344471
HOSP-001,DEPT-PEX,2026-12-11,True,False,False,0.0,None,2,kpi_003; kpi_005,Department contains provisional threshold KPIs,RISKPRIOR-20260728062026,2026-07-28T06:20:28.344471
HOSP-001,DEPT-ED,2026-12-11,True,False,False,5.5761,Minor,2,kpi_003; kpi_005,Department contains provisional threshold KPIs,RISKPRIOR-20260728062026,2026-07-28T06:20:28.344471
HOSP-001,DEPT-MED,2026-12-11,True,False,False,11.1522,Minor,2,kpi_003; kpi_005,Department contains provisional threshold KPIs,RISKPRIOR-20260728062026,2026-07-28T06:20:28.344471
HOSP-001,DEPT-OPC,2026-12-11,True,False,False,5.5761,Minor,2,kpi_003; kpi_005,Department contains provisional threshold KPIs,RISKPRIOR-20260728062026,2026-07-28T06:20:28.344471
HOSP-001,DEPT-ADM,2026-12-11,True,False,False,0.0,None,2,kpi_003; kpi_005,Department contains provisional threshold KPIs,RISKPRIOR-20260728062026,2026-07-28T06:20:28.344471
HOSP-001,DEPT-SURG,2026-12-11,True,False,False,14.8696,Minor,2,kpi_003; kpi_005,Department contains provisional threshold KPIs,RISKPRIOR-20260728062026,2026-07-28T06:20:28.344471
HOSP-001,DEPT-ED,2026-12-12,True,False,False,1.8587,Minor,2,kpi_003; kpi_005,Department contains provisional threshold KPIs,RISKPRIOR-20260728062026,2026-07-28T06:20:28.344471
HOSP-001,DEPT-MED,2026-12-12,True,True,False,44.6087,Material,2,kpi_003; kpi_005,Department contains provisional threshold KPIs; Provisional KPI materially affects department risk,RISKPRIOR-20260728062026,2026-07-28T06:20:28.344471
HOSP-001,DEPT-DIAG,2026-12-12,True,True,True,79.9239,Dominant,2,kpi_003; kpi_005,Department contains provisional threshold KPIs; Provisional KPI is dominant risk driver,RISKPRIOR-20260728062026,2026-07-28T06:20:28.344471
HOSP-001,DEPT-ICU,2026-12-12,True,False,False,11.1522,Minor,2,kpi_003; kpi_005,Department contains provisional threshold KPIs,RISKPRIOR-20260728062026,2026-07-28T06:20:28.344471
HOSP-001,DEPT-PEX,2026-12-12,True,False,False,0.0,None,2,kpi_003; kpi_005,Department contains provisional threshold KPIs,RISKPRIOR-20260728062026,2026-07-28T06:20:28.344471
HOSP-001,DEPT-OPC,2026-12-12,True,False,False,1.8587,Minor,2,kpi_003; kpi_005,Department contains provisional threshold KPIs,RISKPRIOR-20260728062026,2026-07-28T06:20:28.344471
HOSP-001,DEPT-ADM,2026-12-12,True,False,False,0.0,None,2,kpi_003; kpi_005,Department contains provisional threshold KPIs,RISKPRIOR-20260728062026,2026-07-28T06:20:28.344471
HOSP-001,DEPT-SURG,2026-12-12,True,False,False,14.8696,Minor,2,kpi_003; kpi_005,Department contains provisional threshold KPIs,RISKPRIOR-20260728062026,2026-07-28T06:20:28.344471
HOSP-001,DEPT-ICU,2026-12-13,True,False,False,11.1522,Minor,2,kpi_003; kpi_005,Department contains provisional threshold KPIs,RISKPRIOR-20260728062026,2026-07-28T06:20:28.344471
HOSP-001,DEPT-DIAG,2026-12-13,True,True,True,55.7609,Dominant,2,kpi_003; kpi_005,Department contains provisional threshold KPIs; Provisional KPI is dominant risk driver,RISKPRIOR-20260728062026,2026-07-28T06:20:28.344471
HOSP-001,DEPT-MED,2026-12-13,True,True,True,44.6087,Dominant,2,kpi_003; kpi_005,Department contains provisional threshold KPIs; Provisional KPI is dominant risk driver,RISKPRIOR-20260728062026,2026-07-28T06:20:28.344471
HOSP-001,DEPT-PEX,2026-12-13,True,False,False,0.0,None,2,kpi_003; kpi_005,Department contains provisional threshold KPIs,RISKPRIOR-20260728062026,2026-07-28T06:20:28.344471
HOSP-001,DEPT-ED,2026-12-13,True,False,False,1.8587,Minor,2,kpi_003; kpi_005,Department contains provisional threshold KPIs,RISKPRIOR-20260728062026,2026-07-28T06:20:28.344471
HOSP-001,DEPT-ADM,2026-12-13,True,False,False,0.0,None,2,kpi_003; kpi_005,Department contains provisional threshold KPIs,RISKPRIOR-20260728062026,2026-07-28T06:20:28.344471
HOSP-001,DEPT-OPC,2026-12-13,True,False,False,13.0109,Minor,2,kpi_003; kpi_005,Department contains provisional threshold KPIs,RISKPRIOR-20260728062026,2026-07-28T06:20:28.344471
HOSP-001,DEPT-SURG,2026-12-13,True,False,False,14.8696,Minor,2,kpi_003; kpi_005,Department contains provisional threshold KPIs,RISKPRIOR-20260728062026,2026-07-28T06:20:28.344471
HOSP-001,DEPT-SURG,2026-12-14,True,True,False,44.6087,Material,2,kpi_003; kpi_005,Department contains provisional threshold KPIs; Provisional KPI materially affects department risk,RISKPRIOR-20260728062026,2026-07-28T06:20:28.344471
HOSP-001,DEPT-PEX,2026-12-14,True,False,False,0.0,None,2,kpi_003; kpi_005,Department contains provisional threshold KPIs,RISKPRIOR-20260728062026,2026-07-28T06:20:28.344471
HOSP-001,DEPT-ADM,2026-12-14,True,False,False,0.0,None,2,kpi_003; kpi_005,Department contains provisional threshold KPIs,RISKPRIOR-20260728062026,2026-07-28T06:20:28.344471
HOSP-001,DEPT-OPC,2026-12-14,True,False,False,13.0109,Minor,2,kpi_003; kpi_005,Department contains provisional threshold KPIs,RISKPRIOR-20260728062026,2026-07-28T06:20:28.344471
HOSP-001,DEPT-DIAG,2026-12-14,True,True,True,55.7609,Dominant,2,kpi_003; kpi_005,Department contains provisional threshold KPIs; Provisional KPI is dominant risk driver,RISKPRIOR-20260728062026,2026-07-28T06:20:28.344471
HOSP-001,DEPT-MED,2026-12-14,True,True,True,46.4674,Dominant,2,kpi_003; kpi_005,Department contains provisional threshold KPIs; Provisional KPI is dominant risk driver,RISKPRIOR-20260728062026,2026-07-28T06:20:28.344471
HOSP-001,DEPT-ICU,2026-12-14,True,False,False,7.4348,Minor,2,kpi_003; kpi_005,Department contains provisional threshold KPIs,RISKPRIOR-20260728062026,2026-07-28T06:20:28.344471
HOSP-001,DEPT-ED,2026-12-14,True,False,False,0.0,None,2,kpi_003; kpi_005,Department contains provisional threshold KPIs,RISKPRIOR-20260728062026,2026-07-28T06:20:28.344471
HOSP-001,DEPT-OPC,2026-12-15,True,True,False,20.4457,Material,2,kpi_003; kpi_005,Department contains provisional threshold KPIs; Provisional KPI materially affects department risk,RISKPRIOR-20260728062026,2026-07-28T06:20:28.344471
HOSP-001,DEPT-DIAG,2026-12-15,True,True,True,65.0543,Dominant,2,kpi_003; kpi_005,Department contains provisional threshold KPIs; Provisional KPI is dominant risk driver,RISKPRIOR-20260728062026,2026-07-28T06:20:28.344471
HOSP-001,DEPT-ICU,2026-12-15,True,True,True,42.75,Dominant,2,kpi_003; kpi_005,Department contains provisional threshold KPIs; Provisional KPI is dominant risk driver,RISKPRIOR-20260728062026,2026-07-28T06:20:28.344471
HOSP-001,DEPT-PEX,2026-12-15,True,False,False,0.0,None,2,kpi_003; kpi_005,Department contains provisional threshold KPIs,RISKPRIOR-20260728062026,2026-07-28T06:20:28.344471
HOSP-001,DEPT-MED,2026-12-15,True,False,False,11.1522,Minor,2,kpi_003; kpi_005,Department contains provisional threshold KPIs,RISKPRIOR-20260728062026,2026-07-28T06:20:28.344471
HOSP-001,DEPT-SURG,2026-12-15,True,False,False,14.8696,Minor,2,kpi_003; kpi_005,Department contains provisional threshold KPIs,RISKPRIOR-20260728062026,2026-07-28T06:20:28.344471
HOSP-001,DEPT-ADM,2026-12-15,True,False,False,0.0,None,2,kpi_003; kpi_005,Department contains provisional threshold KPIs,RISKPRIOR-20260728062026,2026-07-28T06:20:28.344471
HOSP-001,DEPT-ED,2026-12-15,True,False,False,1.8587,Minor,2,kpi_003; kpi_005,Department contains provisional threshold KPIs,RISKPRIOR-20260728062026,2026-07-28T06:20:28.344471
HOSP-001,DEPT-ICU,2026-12-16,True,True,False,44.6087,Material,2,kpi_003; kpi_005,Department contains provisional threshold KPIs; Provisional KPI materially affects department risk,RISKPRIOR-20260728062026,2026-07-28T06:20:28.344471
HOSP-001,DEPT-MED,2026-12-16,True,False,False,11.1522,Minor,2,kpi_003; kpi_005,Department contains provisional threshold KPIs,RISKPRIOR-20260728062026,2026-07-28T06:20:28.344471
HOSP-001,DEPT-PEX,2026-12-16,True,False,False,0.0,None,2,kpi_003; kpi_005,Department contains provisional threshold KPIs,RISKPRIOR-20260728062026,2026-07-28T06:20:28.344471
HOSP-001,DEPT-OPC,2026-12-16,True,True,False,20.4457,Material,2,kpi_003; kpi_005,Department contains provisional threshold KPIs; Provisional KPI materially affects department risk,RISKPRIOR-20260728062026,2026-07-28T06:20:28.344471
HOSP-001,DEPT-DIAG,2026-12-16,True,False,False,0.0,None,2,kpi_003; kpi_005,Department contains provisional threshold KPIs,RISKPRIOR-20260728062026,2026-07-28T06:20:28.344471
HOSP-001,DEPT-SURG,2026-12-16,True,False,False,14.8696,Minor,2,kpi_003; kpi_005,Department contains provisional threshold KPIs,RISKPRIOR-20260728062026,2026-07-28T06:20:28.344471
HOSP-001,DEPT-ED,2026-12-16,True,False,False,1.8587,Minor,2,kpi_003; kpi_005,Department contains provisional threshold KPIs,RISKPRIOR-20260728062026,2026-07-28T06:20:28.344471
HOSP-001,DEPT-ADM,2026-12-16,True,False,False,0.0,None,2,kpi_003; kpi_005,Department contains provisional threshold KPIs,RISKPRIOR-20260728062026,2026-07-28T06:20:28.344471
HOSP-001,DEPT-ICU,2026-12-17,True,True,False,44.6087,Material,2,kpi_003; kpi_005,Department contains provisional threshold KPIs; Provisional KPI materially affects department risk,RISKPRIOR-20260728062026,2026-07-28T06:20:28.344471
HOSP-001,DEPT-ED,2026-12-17,True,False,False,1.8587,Minor,2,kpi_003; kpi_005,Department contains provisional threshold KPIs,RISKPRIOR-20260728062026,2026-07-28T06:20:28.344471
HOSP-001,DEPT-SURG,2026-12-17,True,False,False,11.1522,Minor,2,kpi_003; kpi_005,Department contains provisional threshold KPIs,RISKPRIOR-20260728062026,2026-07-28T06:20:28.344471
HOSP-001,DEPT-OPC,2026-12-17,True,True,False,20.4457,Material,2,kpi_003; kpi_005,Department contains provisional threshold KPIs; Provisional KPI materially affects department risk,RISKPRIOR-20260728062026,2026-07-28T06:20:28.344471
HOSP-001,DEPT-PEX,2026-12-17,True,False,False,0.0,None,2,kpi_003; kpi_005,Department contains provisional threshold KPIs,RISKPRIOR-20260728062026,2026-07-28T06:20:28.344471
HOSP-001,DEPT-DIAG,2026-12-17,True,False,False,13.0109,Minor,2,kpi_003; kpi_005,Department contains provisional threshold KPIs,RISKPRIOR-20260728062026,2026-07-28T06:20:28.344471
HOSP-001,DEPT-MED,2026-12-17,True,False,False,11.1522,Minor,2,kpi_003; kpi_005,Department contains provisional threshold KPIs,RISKPRIOR-20260728062026,2026-07-28T06:20:28.344471
HOSP-001,DEPT-ADM,2026-12-17,True,False,False,0.0,None,2,kpi_003; kpi_005,Department contains provisional threshold KPIs,RISKPRIOR-20260728062026,2026-07-28T06:20:28.344471
HOSP-001,DEPT-ADM,2026-12-18,True,False,False,0.0,None,2,kpi_003; kpi_005,Department contains provisional threshold KPIs,RISKPRIOR-20260728062026,2026-07-28T06:20:28.344471
HOSP-001,DEPT-ICU,2026-12-18,True,False,False,11.1522,Minor,2,kpi_003; kpi_005,Department contains provisional threshold KPIs,RISKPRIOR-20260728062026,2026-07-28T06:20:28.344471
HOSP-001,DEPT-ED,2026-12-18,True,False,False,0.0,None,2,kpi_003; kpi_005,Department contains provisional threshold KPIs,RISKPRIOR-20260728062026,2026-07-28T06:20:28.344471
HOSP-001,DEPT-OPC,2026-12-18,True,True,False,20.4457,Material,2,kpi_003; kpi_005,Department contains provisional threshold KPIs; Provisional KPI materially affects department risk,RISKPRIOR-20260728062026,2026-07-28T06:20:28.344471
HOSP-001,DEPT-MED,2026-12-18,True,False,False,11.1522,Minor,2,kpi_003; kpi_005,Department contains provisional threshold KPIs,RISKPRIOR-20260728062026,2026-07-28T06:20:28.344471
HOSP-001,DEPT-SURG,2026-12-18,True,False,False,7.4348,Minor,2,kpi_003; kpi_005,Department contains provisional threshold KPIs,RISKPRIOR-20260728062026,2026-07-28T06:20:28.344471
HOSP-001,DEPT-DIAG,2026-12-18,True,False,False,13.0109,Minor,2,kpi_003; kpi_005,Department contains provisional threshold KPIs,RISKPRIOR-20260728062026,2026-07-28T06:20:28.344471
HOSP-001,DEPT-PEX,2026-12-18,True,False,False,0.0,None,2,kpi_003; kpi_005,Department contains provisional threshold KPIs,RISKPRIOR-20260728062026,2026-07-28T06:20:28.344471
HOSP-001,DEPT-OPC,2026-12-19,True,True,False,20.4457,Material,2,kpi_003; kpi_005,Department contains provisional threshold KPIs; Provisional KPI materially affects department risk,RISKPRIOR-20260728062026,2026-07-28T06:20:28.344471
HOSP-001,DEPT-MED,2026-12-19,True,True,False,46.4674,Material,2,kpi_003; kpi_005,Department contains provisional threshold KPIs; Provisional KPI materially affects department risk,RISKPRIOR-20260728062026,2026-07-28T06:20:28.344471
HOSP-001,DEPT-SURG,2026-12-19,True,False,False,11.1522,Minor,2,kpi_003; kpi_005,Department contains provisional threshold KPIs,RISKPRIOR-20260728062026,2026-07-28T06:20:28.344471
HOSP-001,DEPT-DIAG,2026-12-19,True,True,True,65.0543,Dominant,2,kpi_003; kpi_005,Department contains provisional threshold KPIs; Provisional KPI is dominant risk driver,RISKPRIOR-20260728062026,2026-07-28T06:20:28.344471
HOSP-001,DEPT-ICU,2026-12-19,True,True,True,39.0326,Dominant,2,kpi_003; kpi_005,Department contains provisional threshold KPIs; Provisional KPI is dominant risk driver,RISKPRIOR-20260728062026,2026-07-28T06:20:28.344471
HOSP-001,DEPT-ED,2026-12-19,True,False,False,1.8587,Minor,2,kpi_003; kpi_005,Department contains provisional threshold KPIs,RISKPRIOR-20260728062026,2026-07-28T06:20:28.344471
HOSP-001,DEPT-ADM,2026-12-19,True,False,False,0.0,None,2,kpi_003; kpi_005,Department contains provisional threshold KPIs,RISKPRIOR-20260728062026,2026-07-28T06:20:28.344471
HOSP-001,DEPT-PEX,2026-12-19,True,False,False,0.0,None,2,kpi_003; kpi_005,Department contains provisional threshold KPIs,RISKPRIOR-20260728062026,2026-07-28T06:20:28.344471
HOSP-001,DEPT-SURG,2026-12-20,True,False,False,14.8696,Minor,2,kpi_003; kpi_005,Department contains provisional threshold KPIs,RISKPRIOR-20260728062026,2026-07-28T06:20:28.344471
HOSP-001,DEPT-ADM,2026-12-20,True,False,False,0.0,None,2,kpi_003; kpi_005,Department contains provisional threshold KPIs,RISKPRIOR-20260728062026,2026-07-28T06:20:28.344471
HOSP-001,DEPT-ICU,2026-12-20,True,False,False,14.8696,Minor,2,kpi_003; kpi_005,Department contains provisional threshold KPIs,RISKPRIOR-20260728062026,2026-07-28T06:20:28.344471
HOSP-001,DEPT-ED,2026-12-20,True,False,False,1.8587,Minor,2,kpi_003; kpi_005,Department contains provisional threshold KPIs,RISKPRIOR-20260728062026,2026-07-28T06:20:28.344471
HOSP-001,DEPT-OPC,2026-12-20,True,True,False,20.4457,Material,2,kpi_003; kpi_005,Department contains provisional threshold KPIs; Provisional KPI materially affects department risk,RISKPRIOR-20260728062026,2026-07-28T06:20:28.344471
HOSP-001,DEPT-MED,2026-12-20,True,False,False,11.1522,Minor,2,kpi_003; kpi_005,Department contains provisional threshold KPIs,RISKPRIOR-20260728062026,2026-07-28T06:20:28.344471
HOSP-001,DEPT-PEX,2026-12-20,True,False,False,0.0,None,2,kpi_003; kpi_005,Department contains provisional threshold KPIs,RISKPRIOR-20260728062026,2026-07-28T06:20:28.344471
HOSP-001,DEPT-DIAG,2026-12-20,True,True,True,13.0109,Dominant,2,kpi_003; kpi_005,Department contains provisional threshold KPIs; Provisional KPI is dominant risk driver,RISKPRIOR-20260728062026,2026-07-28T06:20:28.344471
HOSP-001,DEPT-ADM,2026-12-21,True,False,False,0.0,None,2,kpi_003; kpi_005,Department contains provisional threshold KPIs,RISKPRIOR-20260728062026,2026-07-28T06:20:28.344471
HOSP-001,DEPT-DIAG,2026-12-21,True,True,True,65.0543,Dominant,2,kpi_003; kpi_005,Department contains provisional threshold KPIs; Provisional KPI is dominant risk driver,RISKPRIOR-20260728062026,2026-07-28T06:20:28.344471
HOSP-001,DEPT-MED,2026-12-21,True,True,True,44.6087,Dominant,2,kpi_003; kpi_005,Department contains provisional threshold KPIs; Provisional KPI is dominant risk driver,RISKPRIOR-20260728062026,2026-07-28T06:20:28.344471
HOSP-001,DEPT-ICU,2026-12-21,True,False,False,14.8696,Minor,2,kpi_003; kpi_005,Department contains provisional threshold KPIs,RISKPRIOR-20260728062026,2026-07-28T06:20:28.344471
HOSP-001,DEPT-OPC,2026-12-21,True,True,False,20.4457,Material,2,kpi_003; kpi_005,Department contains provisional threshold KPIs; Provisional KPI materially affects department risk,RISKPRIOR-20260728062026,2026-07-28T06:20:28.344471
HOSP-001,DEPT-ED,2026-12-21,True,False,False,0.0,None,2,kpi_003; kpi_005,Department contains provisional threshold KPIs,RISKPRIOR-20260728062026,2026-07-28T06:20:28.344471
HOSP-001,DEPT-SURG,2026-12-21,True,False,False,14.8696,Minor,2,kpi_003; kpi_005,Department contains provisional threshold KPIs,RISKPRIOR-20260728062026,2026-07-28T06:20:28.344471
HOSP-001,DEPT-PEX,2026-12-21,True,False,False,0.0,None,2,kpi_003; kpi_005,Department contains provisional threshold KPIs,RISKPRIOR-20260728062026,2026-07-28T06:20:28.344471
HOSP-001,DEPT-ADM,2026-12-22,True,False,False,0.0,None,2,kpi_003; kpi_005,Department contains provisional threshold KPIs,RISKPRIOR-20260728062026,2026-07-28T06:20:28.344471
HOSP-001,DEPT-MED,2026-12-22,True,False,False,11.1522,Minor,2,kpi_003; kpi_005,Department contains provisional threshold KPIs,RISKPRIOR-20260728062026,2026-07-28T06:20:28.344471
HOSP-001,DEPT-ICU,2026-12-22,True,True,False,44.6087,Material,2,kpi_003; kpi_005,Department contains provisional threshold KPIs; Provisional KPI materially affects department risk,RISKPRIOR-20260728062026,2026-07-28T06:20:28.344471
HOSP-001,DEPT-ED,2026-12-22,True,False,False,1.8587,Minor,2,kpi_003; kpi_005,Department contains provisional threshold KPIs,RISKPRIOR-20260728062026,2026-07-28T06:20:28.344471
HOSP-001,DEPT-OPC,2026-12-22,True,True,False,20.4457,Material,2,kpi_003; kpi_005,Department contains provisional threshold KPIs; Provisional KPI materially affects department risk,RISKPRIOR-20260728062026,2026-07-28T06:20:28.344471
HOSP-001,DEPT-SURG,2026-12-22,True,False,False,11.1522,Minor,2,kpi_003; kpi_005,Department contains provisional threshold KPIs,RISKPRIOR-20260728062026,2026-07-28T06:20:28.344471
HOSP-001,DEPT-PEX,2026-12-22,True,False,False,0.0,None,2,kpi_003; kpi_005,Department contains provisional threshold KPIs,RISKPRIOR-20260728062026,2026-07-28T06:20:28.344471
HOSP-001,DEPT-DIAG,2026-12-22,True,True,True,13.0109,Dominant,2,kpi_003; kpi_005,Department contains provisional threshold KPIs; Provisional KPI is dominant risk driver,RISKPRIOR-20260728062026,2026-07-28T06:20:28.344471
HOSP-001,DEPT-OPC,2026-12-23,True,True,False,20.4457,Material,2,kpi_003; kpi_005,Department contains provisional threshold KPIs; Provisional KPI materially affects department risk,RISKPRIOR-20260728062026,2026-07-28T06:20:28.344471
HOSP-001,DEPT-ED,2026-12-23,True,True,True,37.1739,Dominant,2,kpi_003; kpi_005,Department contains provisional threshold KPIs; Provisional KPI is dominant risk driver,RISKPRIOR-20260728062026,2026-07-28T06:20:28.344471
HOSP-001,DEPT-DIAG,2026-12-23,True,True,False,20.4457,Material,2,kpi_003; kpi_005,Department contains provisional threshold KPIs; Provisional KPI materially affects department risk,RISKPRIOR-20260728062026,2026-07-28T06:20:28.344471
HOSP-001,DEPT-SURG,2026-12-23,True,True,True,46.4674,Dominant,2,kpi_003; kpi_005,Department contains provisional threshold KPIs; Provisional KPI is dominant risk driver,RISKPRIOR-20260728062026,2026-07-28T06:20:28.344471
HOSP-001,DEPT-PEX,2026-12-23,True,False,False,0.0,None,2,kpi_003; kpi_005,Department contains provisional threshold KPIs,RISKPRIOR-20260728062026,2026-07-28T06:20:28.344471
HOSP-001,DEPT-ICU,2026-12-23,True,False,False,14.8696,Minor,2,kpi_003; kpi_005,Department contains provisional threshold KPIs,RISKPRIOR-20260728062026,2026-07-28T06:20:28.344471
HOSP-001,DEPT-ADM,2026-12-23,True,False,False,0.0,None,2,kpi_003; kpi_005,Department contains provisional threshold KPIs,RISKPRIOR-20260728062026,2026-07-28T06:20:28.344471
HOSP-001,DEPT-MED,2026-12-23,True,False,False,11.1522,Minor,2,kpi_003; kpi_005,Department contains provisional threshold KPIs,RISKPRIOR-20260728062026,2026-07-28T06:20:28.344471
HOSP-001,DEPT-ADM,2026-12-24,True,False,False,0.0,None,2,kpi_003; kpi_005,Department contains provisional threshold KPIs,RISKPRIOR-20260728062026,2026-07-28T06:20:28.344471
HOSP-001,DEPT-OPC,2026-12-24,True,True,False,20.4457,Material,2,kpi_003; kpi_005,Department contains provisional threshold KPIs; Provisional KPI materially affects department risk,RISKPRIOR-20260728062026,2026-07-28T06:20:28.344471
HOSP-001,DEPT-ED,2026-12-24,True,False,False,1.8587,Minor,2,kpi_003; kpi_005,Department contains provisional threshold KPIs,RISKPRIOR-20260728062026,2026-07-28T06:20:28.344471
HOSP-001,DEPT-DIAG,2026-12-24,True,True,True,55.7609,Dominant,2,kpi_003; kpi_005,Department contains provisional threshold KPIs; Provisional KPI is dominant risk driver,RISKPRIOR-20260728062026,2026-07-28T06:20:28.344471
HOSP-001,DEPT-ICU,2026-12-24,True,True,True,44.6087,Dominant,2,kpi_003; kpi_005,Department contains provisional threshold KPIs; Provisional KPI is dominant risk driver,RISKPRIOR-20260728062026,2026-07-28T06:20:28.344471
HOSP-001,DEPT-SURG,2026-12-24,True,False,False,14.8696,Minor,2,kpi_003; kpi_005,Department contains provisional threshold KPIs,RISKPRIOR-20260728062026,2026-07-28T06:20:28.344471
HOSP-001,DEPT-MED,2026-12-24,True,False,False,7.4348,Minor,2,kpi_003; kpi_005,Department contains provisional threshold KPIs,RISKPRIOR-20260728062026,2026-07-28T06:20:28.344471
HOSP-001,DEPT-PEX,2026-12-24,True,False,False,0.0,None,2,kpi_003; kpi_005,Department contains provisional threshold KPIs,RISKPRIOR-20260728062026,2026-07-28T06:20:28.344471
HOSP-001,DEPT-OPC,2026-12-25,True,True,True,79.9239,Dominant,2,kpi_003; kpi_005,Department contains provisional threshold KPIs; Provisional KPI is dominant risk driver,RISKPRIOR-20260728062026,2026-07-28T06:20:28.344471
HOSP-001,DEPT-DIAG,2026-12-25,True,True,True,79.9239,Dominant,2,kpi_003; kpi_005,Department contains provisional threshold KPIs; Provisional KPI is dominant risk driver,RISKPRIOR-20260728062026,2026-07-28T06:20:28.344471
HOSP-001,DEPT-ADM,2026-12-25,True,False,False,0.0,None,2,kpi_003; kpi_005,Department contains provisional threshold KPIs,RISKPRIOR-20260728062026,2026-07-28T06:20:28.344471
HOSP-001,DEPT-ICU,2026-12-25,True,True,True,42.75,Dominant,2,kpi_003; kpi_005,Department contains provisional threshold KPIs; Provisional KPI is dominant risk driver,RISKPRIOR-20260728062026,2026-07-28T06:20:28.344471
HOSP-001,DEPT-MED,2026-12-25,True,True,True,40.8913,Dominant,2,kpi_003; kpi_005,Department contains provisional threshold KPIs; Provisional KPI is dominant risk driver,RISKPRIOR-20260728062026,2026-07-28T06:20:28.344471
HOSP-001,DEPT-ED,2026-12-25,True,False,False,0.0,None,2,kpi_003; kpi_005,Department contains provisional threshold KPIs,RISKPRIOR-20260728062026,2026-07-28T06:20:28.344471
HOSP-001,DEPT-SURG,2026-12-25,True,False,False,14.8696,Minor,2,kpi_003; kpi_005,Department contains provisional threshold KPIs,RISKPRIOR-20260728062026,2026-07-28T06:20:28.344471
HOSP-001,DEPT-PEX,2026-12-25,True,False,False,0.0,None,2,kpi_003; kpi_005,Department contains provisional threshold KPIs,RISKPRIOR-20260728062026,2026-07-28T06:20:28.344471
HOSP-001,DEPT-DIAG,2026-12-26,True,True,True,79.9239,Dominant,2,kpi_003; kpi_005,Department contains provisional threshold KPIs; Provisional KPI is dominant risk driver,RISKPRIOR-20260728062026,2026-07-28T06:20:28.344471
HOSP-001,DEPT-SURG,2026-12-26,True,False,False,14.8696,Minor,2,kpi_003; kpi_005,Department contains provisional threshold KPIs,RISKPRIOR-20260728062026,2026-07-28T06:20:28.344471
HOSP-001,DEPT-MED,2026-12-26,True,False,False,11.1522,Minor,2,kpi_003; kpi_005,Department contains provisional threshold KPIs,RISKPRIOR-20260728062026,2026-07-28T06:20:28.344471
HOSP-001,DEPT-OPC,2026-12-26,True,False,False,0.0,None,2,kpi_003; kpi_005,Department contains provisional threshold KPIs,RISKPRIOR-20260728062026,2026-07-28T06:20:28.344471
HOSP-001,DEPT-PEX,2026-12-26,True,False,False,0.0,None,2,kpi_003; kpi_005,Department contains provisional threshold KPIs,RISKPRIOR-20260728062026,2026-07-28T06:20:28.344471
HOSP-001,DEPT-ICU,2026-12-26,True,False,False,11.1522,Minor,2,kpi_003; kpi_005,Department contains provisional threshold KPIs,RISKPRIOR-20260728062026,2026-07-28T06:20:28.344471
HOSP-001,DEPT-ADM,2026-12-26,True,False,False,0.0,None,2,kpi_003; kpi_005,Department contains provisional threshold KPIs,RISKPRIOR-20260728062026,2026-07-28T06:20:28.344471
HOSP-001,DEPT-ED,2026-12-26,True,False,False,1.8587,Minor,2,kpi_003; kpi_005,Department contains provisional threshold KPIs,RISKPRIOR-20260728062026,2026-07-28T06:20:28.344471
HOSP-001,DEPT-ICU,2026-12-27,True,False,False,11.1522,Minor,2,kpi_003; kpi_005,Department contains provisional threshold KPIs,RISKPRIOR-20260728062026,2026-07-28T06:20:28.344471
HOSP-001,DEPT-DIAG,2026-12-27,True,True,False,20.4457,Material,2,kpi_003; kpi_005,Department contains provisional threshold KPIs; Provisional KPI materially affects department risk,RISKPRIOR-20260728062026,2026-07-28T06:20:28.344471
HOSP-001,DEPT-ED,2026-12-27,True,False,False,1.8587,Minor,2,kpi_003; kpi_005,Department contains provisional threshold KPIs,RISKPRIOR-20260728062026,2026-07-28T06:20:28.344471
HOSP-001,DEPT-PEX,2026-12-27,True,False,False,0.0,None,2,kpi_003; kpi_005,Department contains provisional threshold KPIs,RISKPRIOR-20260728062026,2026-07-28T06:20:28.344471
HOSP-001,DEPT-ADM,2026-12-27,True,False,False,0.0,None,2,kpi_003; kpi_005,Department contains provisional threshold KPIs,RISKPRIOR-20260728062026,2026-07-28T06:20:28.344471
HOSP-001,DEPT-OPC,2026-12-27,True,False,False,13.0109,Minor,2,kpi_003; kpi_005,Department contains provisional threshold KPIs,RISKPRIOR-20260728062026,2026-07-28T06:20:28.344471
HOSP-001,DEPT-MED,2026-12-27,True,False,False,11.1522,Minor,2,kpi_003; kpi_005,Department contains provisional threshold KPIs,RISKPRIOR-20260728062026,2026-07-28T06:20:28.344471
HOSP-001,DEPT-SURG,2026-12-27,True,True,True,14.8696,Dominant,2,kpi_003; kpi_005,Department contains provisional threshold KPIs; Provisional KPI is dominant risk driver,RISKPRIOR-20260728062026,2026-07-28T06:20:28.344471
HOSP-001,DEPT-ADM,2026-12-28,True,False,False,0.0,None,2,kpi_003; kpi_005,Department contains provisional threshold KPIs,RISKPRIOR-20260728062026,2026-07-28T06:20:28.344471
HOSP-001,DEPT-MED,2026-12-28,True,False,False,14.8696,Minor,2,kpi_003; kpi_005,Department contains provisional threshold KPIs,RISKPRIOR-20260728062026,2026-07-28T06:20:28.344471
HOSP-001,DEPT-OPC,2026-12-28,True,False,False,13.0109,Minor,2,kpi_003; kpi_005,Department contains provisional threshold KPIs,RISKPRIOR-20260728062026,2026-07-28T06:20:28.344471
HOSP-001,DEPT-DIAG,2026-12-28,True,True,True,52.0435,Dominant,2,kpi_003; kpi_005,Department contains provisional threshold KPIs; Provisional KPI is dominant risk driver,RISKPRIOR-20260728062026,2026-07-28T06:20:28.344471
HOSP-001,DEPT-SURG,2026-12-28,True,False,False,11.1522,Minor,2,kpi_003; kpi_005,Department contains provisional threshold KPIs,RISKPRIOR-20260728062026,2026-07-28T06:20:28.344471
HOSP-001,DEPT-ICU,2026-12-28,True,False,False,11.1522,Minor,2,kpi_003; kpi_005,Department contains provisional threshold KPIs,RISKPRIOR-20260728062026,2026-07-28T06:20:28.344471
HOSP-001,DEPT-ED,2026-12-28,True,False,False,1.8587,Minor,2,kpi_003; kpi_005,Department contains provisional threshold KPIs,RISKPRIOR-20260728062026,2026-07-28T06:20:28.344471
HOSP-001,DEPT-PEX,2026-12-28,True,False,False,0.0,None,2,kpi_003; kpi_005,Department contains provisional threshold KPIs,RISKPRIOR-20260728062026,2026-07-28T06:20:28.344471
HOSP-001,DEPT-PEX,2026-12-29,True,False,False,0.0,None,2,kpi_003; kpi_005,Department contains provisional threshold KPIs,RISKPRIOR-20260728062026,2026-07-28T06:20:28.344471
HOSP-001,DEPT-OPC,2026-12-29,True,True,False,65.0543,Material,2,kpi_003; kpi_005,Department contains provisional threshold KPIs; Provisional KPI materially affects department risk,RISKPRIOR-20260728062026,2026-07-28T06:20:28.344471
HOSP-001,DEPT-ICU,2026-12-29,True,False,False,7.4348,Minor,2,kpi_003; kpi_005,Department contains provisional threshold KPIs,RISKPRIOR-20260728062026,2026-07-28T06:20:28.344471
HOSP-001,DEPT-MED,2026-12-29,True,False,False,14.8696,Minor,2,kpi_003; kpi_005,Department contains provisional threshold KPIs,RISKPRIOR-20260728062026,2026-07-28T06:20:28.344471
HOSP-001,DEPT-ED,2026-12-29,True,False,False,1.8587,Minor,2,kpi_003; kpi_005,Department contains provisional threshold KPIs,RISKPRIOR-20260728062026,2026-07-28T06:20:28.344471
HOSP-001,DEPT-SURG,2026-12-29,True,False,False,14.8696,Minor,2,kpi_003; kpi_005,Department contains provisional threshold KPIs,RISKPRIOR-20260728062026,2026-07-28T06:20:28.344471
HOSP-001,DEPT-DIAG,2026-12-29,True,False,False,13.0109,Minor,2,kpi_003; kpi_005,Department contains provisional threshold KPIs,RISKPRIOR-20260728062026,2026-07-28T06:20:28.344471
HOSP-001,DEPT-ADM,2026-12-29,True,False,False,0.0,None,2,kpi_003; kpi_005,Department contains provisional threshold KPIs,RISKPRIOR-20260728062026,2026-07-28T06:20:28.344471
HOSP-001,DEPT-ICU,2026-12-30,True,False,False,11.1522,Minor,2,kpi_003; kpi_005,Department contains provisional threshold KPIs,RISKPRIOR-20260728062026,2026-07-28T06:20:28.344471
HOSP-001,DEPT-SURG,2026-12-30,True,True,False,46.4674,Material,2,kpi_003; kpi_005,Department contains provisional threshold KPIs; Provisional KPI materially affects department risk,RISKPRIOR-20260728062026,2026-07-28T06:20:28.344471
HOSP-001,DEPT-PEX,2026-12-30,True,False,False,0.0,None,2,kpi_003; kpi_005,Department contains provisional threshold KPIs,RISKPRIOR-20260728062026,2026-07-28T06:20:28.344471
HOSP-001,DEPT-OPC,2026-12-30,True,False,False,13.0109,Minor,2,kpi_003; kpi_005,Department contains provisional threshold KPIs,RISKPRIOR-20260728062026,2026-07-28T06:20:28.344471
HOSP-001,DEPT-ED,2026-12-30,True,False,False,1.8587,Minor,2,kpi_003; kpi_005,Department contains provisional threshold KPIs,RISKPRIOR-20260728062026,2026-07-28T06:20:28.344471
HOSP-001,DEPT-MED,2026-12-30,True,False,False,11.1522,Minor,2,kpi_003; kpi_005,Department contains provisional threshold KPIs,RISKPRIOR-20260728062026,2026-07-28T06:20:28.344471
HOSP-001,DEPT-ADM,2026-12-30,True,False,False,0.0,None,2,kpi_003; kpi_005,Department contains provisional threshold KPIs,RISKPRIOR-20260728062026,2026-07-28T06:20:28.344471
HOSP-001,DEPT-DIAG,2026-12-30,True,False,False,13.0109,Minor,2,kpi_003; kpi_005,Department contains provisional threshold KPIs,RISKPRIOR-20260728062026,2026-07-28T06:20:28.344471
HOSP-001,DEPT-PEX,2026-12-31,True,False,False,0.0,None,2,kpi_003; kpi_005,Department contains provisional threshold KPIs,RISKPRIOR-20260728062026,2026-07-28T06:20:28.344471
HOSP-001,DEPT-ICU,2026-12-31,True,False,False,11.1522,Minor,2,kpi_003; kpi_005,Department contains provisional threshold KPIs,RISKPRIOR-20260728062026,2026-07-28T06:20:28.344471
HOSP-001,DEPT-DIAG,2026-12-31,True,False,False,13.0109,Minor,2,kpi_003; kpi_005,Department contains provisional threshold KPIs,RISKPRIOR-20260728062026,2026-07-28T06:20:28.344471
HOSP-001,DEPT-OPC,2026-12-31,True,False,False,13.0109,Minor,2,kpi_003; kpi_005,Department contains provisional threshold KPIs,RISKPRIOR-20260728062026,2026-07-28T06:20:28.344471
HOSP-001,DEPT-ED,2026-12-31,True,False,False,1.8587,Minor,2,kpi_003; kpi_005,Department contains provisional threshold KPIs,RISKPRIOR-20260728062026,2026-07-28T06:20:28.344471
HOSP-001,DEPT-ADM,2026-12-31,True,False,False,0.0,None,2,kpi_003; kpi_005,Department contains provisional threshold KPIs,RISKPRIOR-20260728062026,2026-07-28T06:20:28.344471
HOSP-001,DEPT-SURG,2026-12-31,True,False,False,11.1522,Minor,2,kpi_003; kpi_005,Department contains provisional threshold KPIs,RISKPRIOR-20260728062026,2026-07-28T06:20:28.344471
HOSP-001,DEPT-MED,2026-12-31,True,False,False,11.1522,Minor,2,kpi_003; kpi_005,Department contains provisional threshold KPIs,RISKPRIOR-20260728062026,2026-07-28T06:20:28.344471
