scenario_run_id,primary_kpi_id,baseline_value,scenario_value,absolute_change,percentage_change,direction_of_change,affected_supporting_kpis,supporting_kpi_result_status
SR-BL-868B3BEA99B84FFE-,kpi_001,83.33333333333334,,,,Uncertain,[],
SR-BL-0F2C9FAD4B411D32-COMP-BASE-001,kpi_001,83.33333333333334,83.33333333333334,0.0,0.0,No Change,[],
SR-BL-0F2C9FAD4B411D32-COMP-CONS-001,kpi_001,83.33333333333334,94.44444444444444,2.0,11.1111111111111,Increase,[],
SR-BL-0F2C9FAD4B411D32-COMP-EXP-001,kpi_001,83.33333333333334,100.0,5.0,16.666666666666657,Increase,[],
SR-BL-0F2C9FAD4B411D32-COMP-HIGH-001,kpi_001,83.33333333333334,100.0,9.0,16.666666666666657,Increase,[],
SR-BL-7248F57B557B2D88-,kpi_001,83.33333333333334,,,,Uncertain,[],
SR-BL-FA960D624BB4A356-,kpi_001,80.0,,,,Uncertain,[],
SR-BL-8967EE194089397D-COMP-BASE-001,kpi_001,80.0,80.0,0.0,0.0,No Change,[],
SR-BL-8967EE194089397D-COMP-CONS-001,kpi_001,80.0,93.33333333333333,2.0,13.333333333333329,Increase,[],
SR-BL-8967EE194089397D-COMP-EXP-001,kpi_001,80.0,100.0,5.0,20.0,Increase,[],
SR-BL-8967EE194089397D-COMP-HIGH-001,kpi_001,80.0,100.0,9.0,20.0,Increase,[],
SR-BL-39B86971C6CEAA6C-,kpi_001,80.0,,,,Uncertain,[],
SR-BL-D6ADC7A9999608EF-,kpi_001,77.77777777777779,,,,Uncertain,[],
SR-BL-DC41AA9F364EC81B-COMP-BASE-001,kpi_001,77.77777777777779,77.77777777777779,0.0,0.0,No Change,[],
SR-BL-DC41AA9F364EC81B-COMP-CONS-001,kpi_001,77.77777777777779,88.88888888888889,2.0,11.1111111111111,Increase,[],
SR-BL-DC41AA9F364EC81B-COMP-EXP-001,kpi_001,77.77777777777779,100.0,5.0,22.222222222222214,Increase,[],
SR-BL-DC41AA9F364EC81B-COMP-HIGH-001,kpi_001,77.77777777777779,100.0,9.0,22.222222222222214,Increase,[],
SR-BL-70133AFA8D93E01B-,kpi_001,77.77777777777779,,,,Uncertain,[],
SR-BL-BC5DDA2FCB098382-,kpi_001,84.55182072829132,,,,Uncertain,[],
SR-BL-3048F5335B1741BC-COMP-BASE-001,kpi_001,84.55182072829132,84.33734939759036,0.0,-0.21447133070095958,Decrease,[],
SR-BL-3048F5335B1741BC-COMP-CONS-001,kpi_001,84.55182072829132,96.38554216867469,2.0,11.833721440383371,Increase,[],
SR-BL-3048F5335B1741BC-COMP-EXP-001,kpi_001,84.55182072829132,100.0,5.0,15.448179271708682,Increase,[],
SR-BL-3048F5335B1741BC-COMP-HIGH-001,kpi_001,84.55182072829132,100.0,9.0,15.448179271708682,Increase,[],
SR-BL-5321F55DF7C730EE-,kpi_001,84.55182072829132,,,,Uncertain,[],
SR-BL-D2B7A0571B895508-,kpi_001,83.33333333333334,,,,Uncertain,[],
SR-BL-EB935D17ADFCF500-COMP-BASE-001,kpi_001,83.33333333333334,83.33333333333334,0.0,0.0,No Change,[],
SR-BL-EB935D17ADFCF500-COMP-CONS-001,kpi_001,83.33333333333334,94.44444444444444,2.0,11.1111111111111,Increase,[],
SR-BL-EB935D17ADFCF500-COMP-EXP-001,kpi_001,83.33333333333334,100.0,5.0,16.666666666666657,Increase,[],
SR-BL-EB935D17ADFCF500-COMP-HIGH-001,kpi_001,83.33333333333334,100.0,9.0,16.666666666666657,Increase,[],
SR-BL-571A825C51EF3462-,kpi_001,83.33333333333334,,,,Uncertain,[],
SR-BL-8DA7F7613F011877-,kpi_001,78.57142857142857,,,,Uncertain,[],
SR-BL-24E8132F23E980FC-COMP-BASE-001,kpi_001,78.57142857142857,78.57142857142857,0.0,0.0,No Change,[],
SR-BL-24E8132F23E980FC-COMP-CONS-001,kpi_001,78.57142857142857,92.85714285714286,2.0,14.285714285714292,Increase,[],
SR-BL-24E8132F23E980FC-COMP-EXP-001,kpi_001,78.57142857142857,100.0,5.0,21.42857142857143,Increase,[],
SR-BL-24E8132F23E980FC-COMP-HIGH-001,kpi_001,78.57142857142857,100.0,9.0,21.42857142857143,Increase,[],
SR-BL-72CF4289682BAE79-,kpi_001,78.57142857142857,,,,Uncertain,[],
SR-BL-D514917F5CC0C9BF-,kpi_001,75.0,,,,Uncertain,[],
SR-BL-1A12AF7C3E39DADF-COMP-BASE-001,kpi_001,75.0,75.0,0.0,0.0,No Change,[],
SR-BL-1A12AF7C3E39DADF-COMP-CONS-001,kpi_001,75.0,87.5,2.0,12.5,Increase,[],
SR-BL-1A12AF7C3E39DADF-COMP-EXP-001,kpi_001,75.0,100.0,5.0,25.0,Increase,[],
SR-BL-1A12AF7C3E39DADF-COMP-HIGH-001,kpi_001,75.0,100.0,9.0,25.0,Increase,[],
SR-BL-3DC5A27AEF1C9A5C-,kpi_001,75.0,,,,Uncertain,[],
SR-BL-148CC4864432449E-,kpi_001,83.33333333333334,,,,Uncertain,[],
SR-BL-AF5E6D0F3A7F29BE-COMP-BASE-001,kpi_001,83.33333333333334,83.33333333333334,0.0,0.0,No Change,[],
SR-BL-AF5E6D0F3A7F29BE-COMP-CONS-001,kpi_001,83.33333333333334,94.44444444444444,2.0,11.1111111111111,Increase,[],
SR-BL-AF5E6D0F3A7F29BE-COMP-EXP-001,kpi_001,83.33333333333334,100.0,5.0,16.666666666666657,Increase,[],
SR-BL-AF5E6D0F3A7F29BE-COMP-HIGH-001,kpi_001,83.33333333333334,100.0,9.0,16.666666666666657,Increase,[],
SR-BL-0FA5EA53500FF719-,kpi_001,83.33333333333334,,,,Uncertain,[],
SR-BL-0307B1E90B215F96-,kpi_001,75.0,,,,Uncertain,[],
SR-BL-CAC926848EDEB1B6-COMP-BASE-001,kpi_001,75.0,75.0,0.0,0.0,No Change,[],
SR-BL-CAC926848EDEB1B6-COMP-CONS-001,kpi_001,75.0,87.5,2.0,12.5,Increase,[],
SR-BL-CAC926848EDEB1B6-COMP-EXP-001,kpi_001,75.0,100.0,5.0,25.0,Increase,[],
SR-BL-CAC926848EDEB1B6-COMP-HIGH-001,kpi_001,75.0,100.0,9.0,25.0,Increase,[],
SR-BL-D88E7695B211B03E-,kpi_001,75.0,,,,Uncertain,[],
SR-BL-97F70B36E98DB1F1-,kpi_001,64.70588235294117,,,,Uncertain,[],
SR-BL-1E49DB13E2EAA2B1-COMP-BASE-001,kpi_001,64.70588235294117,64.70588235294117,0.0,0.0,No Change,[],
SR-BL-1E49DB13E2EAA2B1-COMP-CONS-001,kpi_001,64.70588235294117,76.47058823529412,2.0,11.764705882352942,Increase,[],
SR-BL-1E49DB13E2EAA2B1-COMP-EXP-001,kpi_001,64.70588235294117,94.11764705882352,5.0,29.411764705882348,Increase,[],
SR-BL-1E49DB13E2EAA2B1-COMP-HIGH-001,kpi_001,64.70588235294117,100.0,9.0,35.294117647058826,Increase,[],
SR-BL-BB49437192EFED17-,kpi_001,64.70588235294117,,,,Uncertain,[],
SR-BL-981EE067F7E229E8-,kpi_001,72.22222222222221,,,,Uncertain,[],
SR-BL-A75EBEA50E13F73B-COMP-BASE-001,kpi_001,72.22222222222221,72.22222222222221,0.0,0.0,No Change,[],
SR-BL-A75EBEA50E13F73B-COMP-CONS-001,kpi_001,72.22222222222221,83.33333333333334,2.0,11.111111111111128,Increase,[],
SR-BL-A75EBEA50E13F73B-COMP-EXP-001,kpi_001,72.22222222222221,100.0,5.0,27.777777777777786,Increase,[],
SR-BL-A75EBEA50E13F73B-COMP-HIGH-001,kpi_001,72.22222222222221,100.0,9.0,27.777777777777786,Increase,[],
SR-BL-96356AE1C16295F7-,kpi_001,72.22222222222221,,,,Uncertain,[],
SR-BL-B5E032C0B67A9356-,kpi_001,73.91304347826086,,,,Uncertain,[],
SR-BL-E2B02306C6DE9E93-COMP-BASE-001,kpi_001,73.91304347826086,73.91304347826086,0.0,0.0,No Change,[],
SR-BL-E2B02306C6DE9E93-COMP-CONS-001,kpi_001,73.91304347826086,82.6086956521739,2.0,8.695652173913047,Increase,[],
SR-BL-E2B02306C6DE9E93-COMP-EXP-001,kpi_001,73.91304347826086,95.65217391304348,5.0,21.739130434782624,Increase,[],
SR-BL-E2B02306C6DE9E93-COMP-HIGH-001,kpi_001,73.91304347826086,100.0,9.0,26.08695652173914,Increase,[],
SR-BL-BC6F6EF3E4D3607E-,kpi_001,73.91304347826086,,,,Uncertain,[],
SR-BL-5323A22D6A8CE9EA-,kpi_001,80.95238095238095,,,,Uncertain,[],
SR-BL-391D7921E462CF87-COMP-BASE-001,kpi_001,80.95238095238095,80.95238095238095,0.0,0.0,No Change,[],
SR-BL-391D7921E462CF87-COMP-CONS-001,kpi_001,80.95238095238095,90.47619047619048,2.0,9.523809523809533,Increase,[],
SR-BL-391D7921E462CF87-COMP-EXP-001,kpi_001,80.95238095238095,100.0,5.0,19.04761904761905,Increase,[],
SR-BL-391D7921E462CF87-COMP-HIGH-001,kpi_001,80.95238095238095,100.0,9.0,19.04761904761905,Increase,[],
SR-BL-C714901CBE320E82-,kpi_001,80.95238095238095,,,,Uncertain,[],
SR-BL-67D0FE462C526756-,kpi_001,75.0,,,,Uncertain,[],
SR-BL-B581A76BC79E1F57-COMP-BASE-001,kpi_001,75.0,75.0,0.0,0.0,No Change,[],
SR-BL-B581A76BC79E1F57-COMP-CONS-001,kpi_001,75.0,87.5,2.0,12.5,Increase,[],
SR-BL-B581A76BC79E1F57-COMP-EXP-001,kpi_001,75.0,100.0,5.0,25.0,Increase,[],
SR-BL-B581A76BC79E1F57-COMP-HIGH-001,kpi_001,75.0,100.0,9.0,25.0,Increase,[],
SR-BL-D4EC09AC5D32BE02-,kpi_001,75.0,,,,Uncertain,[],
SR-BL-D22C401935FBB0AF-,kpi_001,83.89154704944178,,,,Uncertain,[],
SR-BL-A8F1AB286327924A-COMP-BASE-001,kpi_001,83.89154704944178,84.12698412698413,0.0,0.23543707754234333,Increase,[],
SR-BL-A8F1AB286327924A-COMP-CONS-001,kpi_001,83.89154704944178,93.65079365079364,2.0,9.759246601351862,Increase,[],
SR-BL-A8F1AB286327924A-COMP-EXP-001,kpi_001,83.89154704944178,100.0,5.0,16.108452950558217,Increase,[],
SR-BL-A8F1AB286327924A-COMP-HIGH-001,kpi_001,83.89154704944178,100.0,9.0,16.108452950558217,Increase,[],
SR-BL-5A79DCD0A6D101DB-,kpi_001,83.89154704944178,,,,Uncertain,[],
SR-BL-FA8C1DDA281CD363-,kpi_001,79.94987468671678,,,,Uncertain,[],
SR-BL-57C70AF120BE0469-COMP-BASE-001,kpi_001,79.94987468671678,80.0,0.0,0.050125313283217565,Increase,[],
SR-BL-57C70AF120BE0469-COMP-CONS-001,kpi_001,79.94987468671678,90.0,2.0,10.050125313283218,Increase,[],
SR-BL-57C70AF120BE0469-COMP-EXP-001,kpi_001,79.94987468671678,100.0,5.0,20.050125313283218,Increase,[],
SR-BL-57C70AF120BE0469-COMP-HIGH-001,kpi_001,79.94987468671678,100.0,9.0,20.050125313283218,Increase,[],
SR-BL-B0FB2AEC6387C27B-,kpi_001,79.94987468671678,,,,Uncertain,[],
SR-BL-7753CB3DEACFA849-,kpi_001,79.28229665071771,,,,Uncertain,[],
SR-BL-C3F11B1E0C2533F4-COMP-BASE-001,kpi_001,79.28229665071771,79.20792079207921,0.0,-0.07437585863850416,Decrease,[],
SR-BL-C3F11B1E0C2533F4-COMP-CONS-001,kpi_001,79.28229665071771,89.10891089108911,2.0,9.826614240371399,Increase,[],
SR-BL-C3F11B1E0C2533F4-COMP-EXP-001,kpi_001,79.28229665071771,100.0,5.0,20.71770334928229,Increase,[],
SR-BL-C3F11B1E0C2533F4-COMP-HIGH-001,kpi_001,79.28229665071771,100.0,9.0,20.71770334928229,Increase,[],
SR-BL-F75F8590F3554159-,kpi_001,79.28229665071771,,,,Uncertain,[],
SR-BL-277B07B82D13E8F2-,kpi_002,23.809523809523807,,,,Uncertain,[],
SR-BL-DF709330D67ABEC5-COMP-BASE-002,kpi_002,23.809523809523807,23.809523809523807,0.0,0.0,No Change,[],
SR-BL-DF709330D67ABEC5-COMP-CONS-002,kpi_002,23.809523809523807,21.428571428571427,-2.3809523809523796,-9.999999999999995,Decrease,[],
SR-BL-DF709330D67ABEC5-COMP-EXP-002,kpi_002,23.809523809523807,19.047619047619047,-4.761904761904759,-19.99999999999999,Decrease,[],
SR-BL-DF709330D67ABEC5-COMP-HIGH-002,kpi_002,23.809523809523807,15.476190476190474,-8.333333333333332,-35.0,Decrease,[],
SR-BL-8CB0AEE02AFABAE6-,kpi_002,23.809523809523807,,,,Uncertain,[],
SR-BL-5E53C730C5D35B87-,kpi_002,27.27272727272727,,,,Uncertain,[],
SR-BL-747242470CE54799-COMP-BASE-002,kpi_002,27.27272727272727,27.27272727272727,0.0,0.0,No Change,[],
SR-BL-747242470CE54799-COMP-CONS-002,kpi_002,27.27272727272727,24.545454545454543,-2.7272727272727266,-10.0,Decrease,[],
SR-BL-747242470CE54799-COMP-EXP-002,kpi_002,27.27272727272727,21.818181818181817,-5.454545454545453,-20.0,Decrease,[],
SR-BL-747242470CE54799-COMP-HIGH-002,kpi_002,27.27272727272727,17.727272727272727,-9.545454545454543,-35.0,Decrease,[],
SR-BL-0697C97A50D51D05-,kpi_002,27.27272727272727,,,,Uncertain,[],
SR-BL-2371CB60FDB5991C-,kpi_002,23.52941176470588,,,,Uncertain,[],
SR-BL-59E3FB429973055E-COMP-BASE-002,kpi_002,23.52941176470588,23.52941176470588,0.0,0.0,No Change,[],
SR-BL-59E3FB429973055E-COMP-CONS-002,kpi_002,23.52941176470588,21.176470588235293,-2.352941176470587,-9.999999999999995,Decrease,[],
SR-BL-59E3FB429973055E-COMP-EXP-002,kpi_002,23.52941176470588,18.823529411764707,-4.705882352941174,-19.99999999999999,Decrease,[],
SR-BL-59E3FB429973055E-COMP-HIGH-002,kpi_002,23.52941176470588,15.294117647058822,-8.235294117647058,-35.0,Decrease,[],
SR-BL-BA2A5D867DD6C9D1-,kpi_002,23.52941176470588,,,,Uncertain,[],
SR-BL-692B4C265DACB2C3-,kpi_002,18.141945773524718,,,,Uncertain,[],
SR-BL-58927C6C611CB6A2-COMP-BASE-002,kpi_002,18.141945773524718,18.141945773524718,0.0,0.0,No Change,[],
SR-BL-58927C6C611CB6A2-COMP-CONS-002,kpi_002,18.141945773524718,16.327751196172247,-1.8141945773524704,-9.999999999999993,Decrease,[],
SR-BL-58927C6C611CB6A2-COMP-EXP-002,kpi_002,18.141945773524718,14.513556618819775,-3.6283891547049425,-19.999999999999993,Decrease,[],
SR-BL-58927C6C611CB6A2-COMP-HIGH-002,kpi_002,18.141945773524718,11.792264752791066,-6.349681020733652,-35.0,Decrease,[],
SR-BL-6E80ED146DD8D32D-,kpi_002,18.141945773524718,,,,Uncertain,[],
SR-BL-AD6A05DC64723B69-,kpi_002,17.857142857142854,,,,Uncertain,[],
SR-BL-175EFE24E943C187-COMP-BASE-002,kpi_002,17.857142857142854,17.857142857142854,0.0,0.0,No Change,[],
SR-BL-175EFE24E943C187-COMP-CONS-002,kpi_002,17.857142857142854,16.07142857142857,-1.7857142857142847,-9.999999999999996,Decrease,[],
SR-BL-175EFE24E943C187-COMP-EXP-002,kpi_002,17.857142857142854,14.285714285714285,-3.5714285714285694,-19.999999999999993,Decrease,[],
SR-BL-175EFE24E943C187-COMP-HIGH-002,kpi_002,17.857142857142854,11.607142857142856,-6.249999999999998,-35.0,Decrease,[],
SR-BL-F0430A1EBAF01A6C-,kpi_002,17.857142857142854,,,,Uncertain,[],
SR-BL-4BC9F23FBC67922E-,kpi_002,15.789473684210526,,,,Uncertain,[],
SR-BL-65BAA941479C62D1-COMP-BASE-002,kpi_002,15.789473684210526,15.789473684210526,0.0,0.0,No Change,[],
SR-BL-65BAA941479C62D1-COMP-CONS-002,kpi_002,15.789473684210526,14.210526315789473,-1.578947368421053,-10.000000000000004,Decrease,[],
SR-BL-65BAA941479C62D1-COMP-EXP-002,kpi_002,15.789473684210526,12.631578947368421,-3.1578947368421044,-19.999999999999996,Decrease,[],
SR-BL-65BAA941479C62D1-COMP-HIGH-002,kpi_002,15.789473684210526,10.263157894736842,-5.526315789473683,-34.99999999999999,Decrease,[],
SR-BL-3D943D8F4B7B32B0-,kpi_002,15.789473684210526,,,,Uncertain,[],
SR-BL-3020F60E886B6E74-,kpi_002,23.809523809523807,,,,Uncertain,[],
SR-BL-7BC211D1BA18F080-COMP-BASE-002,kpi_002,23.809523809523807,23.809523809523807,0.0,0.0,No Change,[],
SR-BL-7BC211D1BA18F080-COMP-CONS-002,kpi_002,23.809523809523807,21.428571428571427,-2.3809523809523796,-9.999999999999995,Decrease,[],
SR-BL-7BC211D1BA18F080-COMP-EXP-002,kpi_002,23.809523809523807,19.047619047619047,-4.761904761904759,-19.99999999999999,Decrease,[],
SR-BL-7BC211D1BA18F080-COMP-HIGH-002,kpi_002,23.809523809523807,15.476190476190474,-8.333333333333332,-35.0,Decrease,[],
SR-BL-C37A0F5CBF529C0F-,kpi_002,23.809523809523807,,,,Uncertain,[],
SR-BL-11992F3D82CFC75B-,kpi_002,21.052631578947366,,,,Uncertain,[],
SR-BL-ADAE1EF74FA083EE-COMP-BASE-002,kpi_002,21.052631578947366,21.052631578947366,0.0,0.0,No Change,[],
SR-BL-ADAE1EF74FA083EE-COMP-CONS-002,kpi_002,21.052631578947366,18.94736842105263,-2.1052631578947363,-9.999999999999998,Decrease,[],
SR-BL-ADAE1EF74FA083EE-COMP-EXP-002,kpi_002,21.052631578947366,16.842105263157894,-4.210526315789473,-19.999999999999996,Decrease,[],
SR-BL-ADAE1EF74FA083EE-COMP-HIGH-002,kpi_002,21.052631578947366,13.68421052631579,-7.368421052631577,-34.99999999999999,Decrease,[],
SR-BL-9144621D95ACFFA7-,kpi_002,21.052631578947366,,,,Uncertain,[],
SR-BL-ACBDF7EC61D7576F-,kpi_002,24.0,,,,Uncertain,[],
SR-BL-E3505E2589029466-COMP-BASE-002,kpi_002,24.0,24.0,0.0,0.0,No Change,[],
SR-BL-E3505E2589029466-COMP-CONS-002,kpi_002,24.0,21.6,-2.3999999999999986,-9.999999999999993,Decrease,[],
SR-BL-E3505E2589029466-COMP-EXP-002,kpi_002,24.0,19.200000000000003,-4.799999999999997,-19.999999999999986,Decrease,[],
SR-BL-E3505E2589029466-COMP-HIGH-002,kpi_002,24.0,15.600000000000001,-8.399999999999999,-34.99999999999999,Decrease,[],
SR-BL-3F12004ABB2FA9B6-,kpi_002,24.0,,,,Uncertain,[],
SR-BL-8E53C4090E41F632-,kpi_002,19.047619047619047,,,,Uncertain,[],
SR-BL-2F5F5104E962C6F3-COMP-BASE-002,kpi_002,19.047619047619047,19.047619047619047,0.0,0.0,No Change,[],
SR-BL-2F5F5104E962C6F3-COMP-CONS-002,kpi_002,19.047619047619047,17.142857142857142,-1.904761904761905,-10.000000000000002,Decrease,[],
SR-BL-2F5F5104E962C6F3-COMP-EXP-002,kpi_002,19.047619047619047,15.238095238095239,-3.8095238095238084,-19.999999999999996,Decrease,[],
SR-BL-2F5F5104E962C6F3-COMP-HIGH-002,kpi_002,19.047619047619047,12.380952380952381,-6.666666666666666,-35.0,Decrease,[],
SR-BL-B2ABC36B39EFD9B6-,kpi_002,19.047619047619047,,,,Uncertain,[],
SR-BL-73BB5BED2347443C-,kpi_002,23.52941176470588,,,,Uncertain,[],
SR-BL-3A72FD4CECA46A41-COMP-BASE-002,kpi_002,23.52941176470588,23.52941176470588,0.0,0.0,No Change,[],
SR-BL-3A72FD4CECA46A41-COMP-CONS-002,kpi_002,23.52941176470588,21.176470588235293,-2.352941176470587,-9.999999999999995,Decrease,[],
SR-BL-3A72FD4CECA46A41-COMP-EXP-002,kpi_002,23.52941176470588,18.823529411764707,-4.705882352941174,-19.99999999999999,Decrease,[],
SR-BL-3A72FD4CECA46A41-COMP-HIGH-002,kpi_002,23.52941176470588,15.294117647058822,-8.235294117647058,-35.0,Decrease,[],
SR-BL-DDEB953064D97921-,kpi_002,23.52941176470588,,,,Uncertain,[],
SR-BL-0414BA888FA182D6-,kpi_002,21.052631578947366,,,,Uncertain,[],
SR-BL-179518439057D4D5-COMP-BASE-002,kpi_002,21.052631578947366,21.052631578947366,0.0,0.0,No Change,[],
SR-BL-179518439057D4D5-COMP-CONS-002,kpi_002,21.052631578947366,18.94736842105263,-2.1052631578947363,-9.999999999999998,Decrease,[],
SR-BL-179518439057D4D5-COMP-EXP-002,kpi_002,21.052631578947366,16.842105263157894,-4.210526315789473,-19.999999999999996,Decrease,[],
SR-BL-179518439057D4D5-COMP-HIGH-002,kpi_002,21.052631578947366,13.68421052631579,-7.368421052631577,-34.99999999999999,Decrease,[],
SR-BL-B7D1A13E48022E15-,kpi_002,21.052631578947366,,,,Uncertain,[],
SR-BL-73A79F8EF520A799-,kpi_002,20.0,,,,Uncertain,[],
SR-BL-103F6D1B92094997-COMP-BASE-002,kpi_002,20.0,20.0,0.0,0.0,No Change,[],
SR-BL-103F6D1B92094997-COMP-CONS-002,kpi_002,20.0,18.0,-2.0,-10.0,Decrease,[],
SR-BL-103F6D1B92094997-COMP-EXP-002,kpi_002,20.0,16.0,-4.0,-20.0,Decrease,[],
SR-BL-103F6D1B92094997-COMP-HIGH-002,kpi_002,20.0,13.0,-7.0,-35.0,Decrease,[],
SR-BL-8883AE7DF51B151D-,kpi_002,20.0,,,,Uncertain,[],
SR-BL-020C840C4727285E-,kpi_002,18.181818181818183,,,,Uncertain,[],
SR-BL-84D32F194E6CE43C-COMP-BASE-002,kpi_002,18.181818181818183,18.181818181818183,0.0,0.0,No Change,[],
SR-BL-84D32F194E6CE43C-COMP-CONS-002,kpi_002,18.181818181818183,16.363636363636367,-1.8181818181818166,-9.999999999999991,Decrease,[],
SR-BL-84D32F194E6CE43C-COMP-EXP-002,kpi_002,18.181818181818183,14.545454545454547,-3.6363636363636367,-20.0,Decrease,[],
SR-BL-84D32F194E6CE43C-COMP-HIGH-002,kpi_002,18.181818181818183,11.81818181818182,-6.363636363636363,-35.0,Decrease,[],
SR-BL-488DDB6B03A60368-,kpi_002,18.181818181818183,,,,Uncertain,[],
SR-BL-B9ACE0801EC8D8AA-,kpi_002,20.0,,,,Uncertain,[],
SR-BL-D785075A60A5E4A9-COMP-BASE-002,kpi_002,20.0,20.0,0.0,0.0,No Change,[],
SR-BL-D785075A60A5E4A9-COMP-CONS-002,kpi_002,20.0,18.0,-2.0,-10.0,Decrease,[],
SR-BL-D785075A60A5E4A9-COMP-EXP-002,kpi_002,20.0,16.0,-4.0,-20.0,Decrease,[],
SR-BL-D785075A60A5E4A9-COMP-HIGH-002,kpi_002,20.0,13.0,-7.0,-35.0,Decrease,[],
SR-BL-946674628922ED58-,kpi_002,20.0,,,,Uncertain,[],
SR-BL-7EA4DAECD87B30F7-,kpi_002,19.047619047619047,,,,Uncertain,[],
SR-BL-1FD49D3201156F7A-COMP-BASE-002,kpi_002,19.047619047619047,19.047619047619047,0.0,0.0,No Change,[],
SR-BL-1FD49D3201156F7A-COMP-CONS-002,kpi_002,19.047619047619047,17.142857142857142,-1.904761904761905,-10.000000000000002,Decrease,[],
SR-BL-1FD49D3201156F7A-COMP-EXP-002,kpi_002,19.047619047619047,15.238095238095239,-3.8095238095238084,-19.999999999999996,Decrease,[],
SR-BL-1FD49D3201156F7A-COMP-HIGH-002,kpi_002,19.047619047619047,12.380952380952381,-6.666666666666666,-35.0,Decrease,[],
SR-BL-C7E009554234CEC6-,kpi_002,19.047619047619047,,,,Uncertain,[],
SR-BL-1FFF6CD1BA298AC8-,kpi_002,16.666666666666664,,,,Uncertain,[],
SR-BL-8FAD0E9D25DFF2C7-COMP-BASE-002,kpi_002,16.666666666666664,16.666666666666664,0.0,0.0,No Change,[],
SR-BL-8FAD0E9D25DFF2C7-COMP-CONS-002,kpi_002,16.666666666666664,14.999999999999998,-1.666666666666666,-9.999999999999998,Decrease,[],
SR-BL-8FAD0E9D25DFF2C7-COMP-EXP-002,kpi_002,16.666666666666664,13.333333333333332,-3.333333333333332,-19.999999999999996,Decrease,[],
SR-BL-8FAD0E9D25DFF2C7-COMP-HIGH-002,kpi_002,16.666666666666664,10.833333333333332,-5.833333333333332,-35.0,Decrease,[],
SR-BL-55C83308E6D243F7-,kpi_002,16.666666666666664,,,,Uncertain,[],
SR-BL-923BCF8913B6B6EC-,kpi_002,19.047619047619047,,,,Uncertain,[],
SR-BL-6D572CEEF23DE78B-COMP-BASE-002,kpi_002,19.047619047619047,19.047619047619047,0.0,0.0,No Change,[],
SR-BL-6D572CEEF23DE78B-COMP-CONS-002,kpi_002,19.047619047619047,17.142857142857142,-1.904761904761905,-10.000000000000002,Decrease,[],
SR-BL-6D572CEEF23DE78B-COMP-EXP-002,kpi_002,19.047619047619047,15.238095238095239,-3.8095238095238084,-19.999999999999996,Decrease,[],
SR-BL-6D572CEEF23DE78B-COMP-HIGH-002,kpi_002,19.047619047619047,12.380952380952381,-6.666666666666666,-35.0,Decrease,[],
SR-BL-44717C9892F41126-,kpi_002,19.047619047619047,,,,Uncertain,[],
SR-BL-A0F79EC7F7A07D0F-,kpi_002,17.647058823529413,,,,Uncertain,[],
SR-BL-A490C2C5584BB218-COMP-BASE-002,kpi_002,17.647058823529413,17.647058823529413,0.0,0.0,No Change,[],
SR-BL-A490C2C5584BB218-COMP-CONS-002,kpi_002,17.647058823529413,15.882352941176473,-1.7647058823529402,-9.999999999999993,Decrease,[],
SR-BL-A490C2C5584BB218-COMP-EXP-002,kpi_002,17.647058823529413,14.11764705882353,-3.5294117647058822,-20.0,Decrease,[],
SR-BL-A490C2C5584BB218-COMP-HIGH-002,kpi_002,17.647058823529413,11.47058823529412,-6.1764705882352935,-34.99999999999999,Decrease,[],
SR-BL-4E44977D8D9120A8-,kpi_002,17.647058823529413,,,,Uncertain,[],
SR-BL-2B13F67B464D7446--MON,kpi_006,,,,,Uncertain,[],
SR-BL-9F97F6CB4300A27A--MON,kpi_006,,,,,Uncertain,[],
SR-BL-E1227AFE59BBD37D--MON,kpi_006,,,,,Uncertain,[],
SR-BL-F1ED6AF2D8F1EF1A--MON,kpi_006,,,,,Uncertain,[],
SR-BL-B1584F7EACF4DA9E--MON,kpi_006,,,,,Uncertain,[],
SR-BL-C4570BB21F7E34E1--MON,kpi_006,,,,,Uncertain,[],
SR-BL-936C1E53016AE6A1--MON,kpi_006,,,,,Uncertain,[],
SR-BL-A2952EECF5393F48--MON,kpi_006,,,,,Uncertain,[],
SR-BL-0D3F9CFB6983E1E3--MON,kpi_006,,,,,Uncertain,[],
SR-BL-B25A1C8239849C27--MON,kpi_006,,,,,Uncertain,[],
SR-BL-D6B7F70B4792EF6D--MON,kpi_006,,,,,Uncertain,[],
SR-BL-0F73386D1D71F2CC--MON,kpi_006,,,,,Uncertain,[],
SR-BL-5ED63BA561B3B03A--MON,kpi_006,,,,,Uncertain,[],
SR-BL-727F04EE3FB6C752--MON,kpi_006,,,,,Uncertain,[],
SR-BL-0C180E6F11C54A7F--MON,kpi_006,,,,,Uncertain,[],
SR-BL-6D1F928DCD08CF8F--MON,kpi_006,,,,,Uncertain,[],
SR-BL-060B3ADB39872F82--MON,kpi_006,,,,,Uncertain,[],
SR-BL-330BF96E7BA8C75A--MON,kpi_006,,,,,Uncertain,[],
SR-BL-6D944B452152F0E8--MON,kpi_006,,,,,Uncertain,[],
SR-BL-53818CF58BC67A72--MON,kpi_006,,,,,Uncertain,[],
SR-BL-4CB373DDA69EB1F7--MON,kpi_006,,,,,Uncertain,[],
SR-BL-39C76286F3139545--MON,kpi_006,,,,,Uncertain,[],
SR-BL-6DD5A1B515228443--MON,kpi_006,,,,,Uncertain,[],
SR-BL-8172F3F80CE0AB58--MON,kpi_006,,,,,Uncertain,[],
SR-BL-45D6C8F383B2CE5F--MON,kpi_006,,,,,Uncertain,[],
SR-BL-F5CB1C98AB26DB6A--MON,kpi_006,,,,,Uncertain,[],
SR-BL-79493E4A94621449--MON,kpi_006,,,,,Uncertain,[],
SR-BL-F434D85745526290--MON,kpi_006,,,,,Uncertain,[],
SR-BL-9397FC30E4B4E8C0--MON,kpi_006,,,,,Uncertain,[],
SR-BL-71B2EECA8105D7ED--MON,kpi_006,,,,,Uncertain,[],
SR-BL-23C32F36062D2147--MON,kpi_006,,,,,Uncertain,[],
SR-BL-0E1DA0D55F8B8DE9--MON,kpi_006,,,,,Uncertain,[],
SR-BL-C9D69992FDCA46DB--MON,kpi_006,,,,,Uncertain,[],
SR-BL-DA96E22F1213E259--MON,kpi_006,,,,,Uncertain,[],
SR-BL-BC7016D53E361B6C--MON,kpi_006,,,,,Uncertain,[],
SR-BL-7FA25BE37FB130FA--MON,kpi_006,,,,,Uncertain,[],
SR-BL-C25374C78F524C16--MON,kpi_006,,,,,Uncertain,[],
SR-BL-C30643B1834D0FE5--MON,kpi_006,,,,,Uncertain,[],
SR-BL-CEA59D2C11B1C6CE--MON,kpi_006,,,,,Uncertain,[],
SR-BL-E94424EA87CF0C7C--MON,kpi_006,,,,,Uncertain,[],
SR-BL-A8D81AEECEA939D7--MON,kpi_006,,,,,Uncertain,[],
SR-BL-AE41DF557D030911--MON,kpi_006,,,,,Uncertain,[],
SR-BL-6B0104936CC45EEA--MON,kpi_006,,,,,Uncertain,[],
SR-BL-C5EA216F6628932B--MON,kpi_006,,,,,Uncertain,[],
SR-BL-D526C5A67CB24DD4--MON,kpi_006,,,,,Uncertain,[],
SR-BL-29361A00DB1C2528--MON,kpi_006,,,,,Uncertain,[],
SR-BL-D0E59A6EDD6A48F5--MON,kpi_006,,,,,Uncertain,[],
SR-BL-B39A98EE7F13F13A--MON,kpi_006,,,,,Uncertain,[],
SR-BL-DBB5335D39C4165A-,kpi_001,78.57142857142857,,,,Uncertain,[],
SR-BL-FEFBC8B61DA9B843-COMP-BASE-001,kpi_001,78.57142857142857,78.57142857142857,0.0,0.0,No Change,[],
SR-BL-FEFBC8B61DA9B843-COMP-CONS-001,kpi_001,78.57142857142857,92.85714285714286,2.0,14.285714285714292,Increase,[],
SR-BL-FEFBC8B61DA9B843-COMP-EXP-001,kpi_001,78.57142857142857,100.0,5.0,21.42857142857143,Increase,[],
SR-BL-FEFBC8B61DA9B843-COMP-HIGH-001,kpi_001,78.57142857142857,100.0,9.0,21.42857142857143,Increase,[],
SR-BL-1B8E17CD4B65AFDC-,kpi_001,78.57142857142857,,,,Uncertain,[],
SR-BL-AE0ECF84DFF3A318-,kpi_001,83.57843137254902,,,,Uncertain,[],
SR-BL-1D96A40F71E676FB-COMP-BASE-001,kpi_001,83.57843137254902,83.13253012048193,0.0,-0.4459012520670882,Decrease,[],
SR-BL-1D96A40F71E676FB-COMP-CONS-001,kpi_001,83.57843137254902,97.59036144578313,2.0,14.011930073234112,Increase,[],
SR-BL-1D96A40F71E676FB-COMP-EXP-001,kpi_001,83.57843137254902,100.0,5.0,16.42156862745098,Increase,[],
SR-BL-1D96A40F71E676FB-COMP-HIGH-001,kpi_001,83.57843137254902,100.0,9.0,16.42156862745098,Increase,[],
SR-BL-75E2B6F2EFE2A50D-,kpi_001,83.57843137254902,,,,Uncertain,[],
SR-BL-C04295DBBAD58282-,kpi_001,76.92307692307693,,,,Uncertain,[],
SR-BL-BE82963C39B9912F-COMP-BASE-001,kpi_001,76.92307692307693,76.92307692307693,0.0,0.0,No Change,[],
SR-BL-BE82963C39B9912F-COMP-CONS-001,kpi_001,76.92307692307693,92.3076923076923,2.0,15.384615384615373,Increase,[],
SR-BL-BE82963C39B9912F-COMP-EXP-001,kpi_001,76.92307692307693,100.0,5.0,23.076923076923066,Increase,[],
SR-BL-BE82963C39B9912F-COMP-HIGH-001,kpi_001,76.92307692307693,100.0,9.0,23.076923076923066,Increase,[],
SR-BL-3C0B602233877305-,kpi_001,76.92307692307693,,,,Uncertain,[],
SR-BL-5F58A8CB45F0E177-,kpi_001,78.4090909090909,,,,Uncertain,[],
SR-BL-22C42CC7D8441311-COMP-BASE-001,kpi_001,78.4090909090909,78.26086956521739,0.0,-0.14822134387351582,Decrease,[],
SR-BL-22C42CC7D8441311-COMP-CONS-001,kpi_001,78.4090909090909,95.65217391304348,2.0,17.243083003952577,Increase,[],
SR-BL-22C42CC7D8441311-COMP-EXP-001,kpi_001,78.4090909090909,100.0,5.0,21.590909090909093,Increase,[],
SR-BL-22C42CC7D8441311-COMP-HIGH-001,kpi_001,78.4090909090909,100.0,9.0,21.590909090909093,Increase,[],
SR-BL-695096D3E402BD46-,kpi_001,78.4090909090909,,,,Uncertain,[],
SR-BL-22128368177DE61E-,kpi_001,75.0,,,,Uncertain,[],
SR-BL-2CCB064E1D409CEE-COMP-BASE-001,kpi_001,75.0,75.0,0.0,0.0,No Change,[],
SR-BL-2CCB064E1D409CEE-COMP-CONS-001,kpi_001,75.0,91.66666666666666,2.0,16.666666666666657,Increase,[],
SR-BL-2CCB064E1D409CEE-COMP-EXP-001,kpi_001,75.0,100.0,5.0,25.0,Increase,[],
SR-BL-2CCB064E1D409CEE-COMP-HIGH-001,kpi_001,75.0,100.0,9.0,25.0,Increase,[],
SR-BL-1F991A9825FC1777-,kpi_001,75.0,,,,Uncertain,[],
SR-BL-937F36F3F877C31B-,kpi_001,76.78571428571428,,,,Uncertain,[],
SR-BL-E9948BC6064C806C-COMP-BASE-001,kpi_001,76.78571428571428,76.92307692307693,0.0,0.13736263736265641,Increase,[],
SR-BL-E9948BC6064C806C-COMP-CONS-001,kpi_001,76.78571428571428,92.3076923076923,2.0,15.521978021978029,Increase,[],
SR-BL-E9948BC6064C806C-COMP-EXP-001,kpi_001,76.78571428571428,100.0,5.0,23.214285714285722,Increase,[],
SR-BL-E9948BC6064C806C-COMP-HIGH-001,kpi_001,76.78571428571428,100.0,9.0,23.214285714285722,Increase,[],
SR-BL-BE8B597032B2FE60-,kpi_001,76.78571428571428,,,,Uncertain,[],
SR-BL-9D9F4BA1BC854040-,kpi_001,76.92307692307693,,,,Uncertain,[],
SR-BL-3C57805EB83FB27D-COMP-BASE-001,kpi_001,76.92307692307693,76.92307692307693,0.0,0.0,No Change,[],
SR-BL-3C57805EB83FB27D-COMP-CONS-001,kpi_001,76.92307692307693,92.3076923076923,2.0,15.384615384615373,Increase,[],
SR-BL-3C57805EB83FB27D-COMP-EXP-001,kpi_001,76.92307692307693,100.0,5.0,23.076923076923066,Increase,[],
SR-BL-3C57805EB83FB27D-COMP-HIGH-001,kpi_001,76.92307692307693,100.0,9.0,23.076923076923066,Increase,[],
SR-BL-17CE12E919144132-,kpi_001,76.92307692307693,,,,Uncertain,[],
SR-BL-55B7E28F57FC0091-,kpi_001,78.57142857142857,,,,Uncertain,[],
SR-BL-758FACE8410BA690-COMP-BASE-001,kpi_001,78.57142857142857,78.57142857142857,0.0,0.0,No Change,[],
SR-BL-758FACE8410BA690-COMP-CONS-001,kpi_001,78.57142857142857,92.85714285714286,2.0,14.285714285714292,Increase,[],
SR-BL-758FACE8410BA690-COMP-EXP-001,kpi_001,78.57142857142857,100.0,5.0,21.42857142857143,Increase,[],
SR-BL-758FACE8410BA690-COMP-HIGH-001,kpi_001,78.57142857142857,100.0,9.0,21.42857142857143,Increase,[],
SR-BL-B00C44AC2533829E-,kpi_001,78.57142857142857,,,,Uncertain,[],
SR-BL-F4CEEAEEB6134C63-,kpi_001,77.97619047619048,,,,Uncertain,[],
SR-BL-3430FEABC4C3DF9B-COMP-BASE-001,kpi_001,77.97619047619048,78.0,0.0,0.023809523809518396,Increase,[],
SR-BL-3430FEABC4C3DF9B-COMP-CONS-001,kpi_001,77.97619047619048,94.0,2.0,16.02380952380952,Increase,[],
SR-BL-3430FEABC4C3DF9B-COMP-EXP-001,kpi_001,77.97619047619048,100.0,5.0,22.02380952380952,Increase,[],
SR-BL-3430FEABC4C3DF9B-COMP-HIGH-001,kpi_001,77.97619047619048,100.0,9.0,22.02380952380952,Increase,[],
SR-BL-E75688F03B99F32F-,kpi_001,77.97619047619048,,,,Uncertain,[],
SR-BL-C60C5F4A3F1EA3D7-,kpi_001,75.0,,,,Uncertain,[],
SR-BL-2FEE410FDFB16298-COMP-BASE-001,kpi_001,75.0,75.0,0.0,0.0,No Change,[],
SR-BL-2FEE410FDFB16298-COMP-CONS-001,kpi_001,75.0,100.0,2.0,25.0,Increase,[],
SR-BL-2FEE410FDFB16298-COMP-EXP-001,kpi_001,75.0,100.0,5.0,25.0,Increase,[],
SR-BL-2FEE410FDFB16298-COMP-HIGH-001,kpi_001,75.0,100.0,9.0,25.0,Increase,[],
SR-BL-E16784357E70E84C-,kpi_001,75.0,,,,Uncertain,[],
SR-BL-ED7256F23CAF3C7D-,kpi_001,73.33333333333333,,,,Uncertain,[],
SR-BL-46FA657888EFE7AD-COMP-BASE-001,kpi_001,73.33333333333333,73.33333333333333,0.0,0.0,No Change,[],
SR-BL-46FA657888EFE7AD-COMP-CONS-001,kpi_001,73.33333333333333,86.66666666666667,2.0,13.333333333333343,Increase,[],
SR-BL-46FA657888EFE7AD-COMP-EXP-001,kpi_001,73.33333333333333,100.0,5.0,26.66666666666667,Increase,[],
SR-BL-46FA657888EFE7AD-COMP-HIGH-001,kpi_001,73.33333333333333,100.0,9.0,26.66666666666667,Increase,[],
SR-BL-9C3D7EAEF5C01866-,kpi_001,73.33333333333333,,,,Uncertain,[],
SR-BL-80E9ED2513937DAA-,kpi_001,79.76190476190476,,,,Uncertain,[],
SR-BL-9B7D1CB5C80261D2-COMP-BASE-001,kpi_001,79.76190476190476,80.0,0.0,0.2380952380952408,Increase,[],
SR-BL-9B7D1CB5C80261D2-COMP-CONS-001,kpi_001,79.76190476190476,95.0,2.0,15.23809523809524,Increase,[],
SR-BL-9B7D1CB5C80261D2-COMP-EXP-001,kpi_001,79.76190476190476,100.0,5.0,20.23809523809524,Increase,[],
SR-BL-9B7D1CB5C80261D2-COMP-HIGH-001,kpi_001,79.76190476190476,100.0,8.999999999999998,20.23809523809524,Increase,[],
SR-BL-287A92F1AEE17DBD-,kpi_001,79.76190476190476,,,,Uncertain,[],
SR-BL-79398897DDDB37E7-,kpi_001,79.65367965367966,,,,Uncertain,[],
SR-BL-5E612570B8373BB8-COMP-BASE-001,kpi_001,79.65367965367966,79.48717948717949,0.0,-0.16650016650017108,Decrease,[],
SR-BL-5E612570B8373BB8-COMP-CONS-001,kpi_001,79.65367965367966,94.87179487179488,2.0,15.218115218115216,Increase,[],
SR-BL-5E612570B8373BB8-COMP-EXP-001,kpi_001,79.65367965367966,100.0,5.0,20.34632034632034,Increase,[],
SR-BL-5E612570B8373BB8-COMP-HIGH-001,kpi_001,79.65367965367966,100.0,9.000000000000002,20.34632034632034,Increase,[],
SR-BL-F60BA593C5EB33E1-,kpi_001,79.65367965367966,,,,Uncertain,[],
SR-BL-E35EEE61132AB54B-,kpi_001,54.54545454545454,,,,Uncertain,[],
SR-BL-D262692D06094508-COMP-BASE-001,kpi_001,54.54545454545454,54.54545454545454,0.0,0.0,No Change,[],
SR-BL-D262692D06094508-COMP-CONS-001,kpi_001,54.54545454545454,72.72727272727273,2.0,18.181818181818194,Increase,[],
SR-BL-D262692D06094508-COMP-EXP-001,kpi_001,54.54545454545454,100.0,5.0,45.45454545454546,Increase,[],
SR-BL-D262692D06094508-COMP-HIGH-001,kpi_001,54.54545454545454,100.0,9.0,45.45454545454546,Increase,[],
SR-BL-191FE010811D4A1E-,kpi_001,54.54545454545454,,,,Uncertain,[],
SR-BL-EC509AD35DB9402E-,kpi_001,72.72727272727273,,,,Uncertain,[],
SR-BL-070A0C28E0BA5503-COMP-BASE-001,kpi_001,72.72727272727273,72.72727272727273,0.0,0.0,No Change,[],
SR-BL-070A0C28E0BA5503-COMP-CONS-001,kpi_001,72.72727272727273,90.9090909090909,2.0,18.181818181818173,Increase,[],
SR-BL-070A0C28E0BA5503-COMP-EXP-001,kpi_001,72.72727272727273,100.0,5.0,27.272727272727266,Increase,[],
SR-BL-070A0C28E0BA5503-COMP-HIGH-001,kpi_001,72.72727272727273,100.0,9.0,27.272727272727266,Increase,[],
SR-BL-CF05842D79536398-,kpi_001,72.72727272727273,,,,Uncertain,[],
SR-BL-E35A041294E9DE0E-,kpi_001,81.96564798837525,,,,Uncertain,[],
SR-BL-93DB6F1285221796-COMP-BASE-001,kpi_001,81.96564798837525,82.35294117647058,0.0,0.3872931880953274,Increase,[],
SR-BL-93DB6F1285221796-COMP-CONS-001,kpi_001,81.96564798837525,98.52941176470588,2.0,16.56376377633063,Increase,[],
SR-BL-93DB6F1285221796-COMP-EXP-001,kpi_001,81.96564798837525,100.0,5.0,18.034352011624748,Increase,[],
SR-BL-93DB6F1285221796-COMP-HIGH-001,kpi_001,81.96564798837525,100.0,8.999999999999998,18.034352011624748,Increase,[],
SR-BL-EA51A04E691524B9-,kpi_001,81.96564798837525,,,,Uncertain,[],
SR-BL-50C8DDBEDD838DE1-,kpi_001,78.57142857142857,,,,Uncertain,[],
SR-BL-047D3EEF2C3B17A9-COMP-BASE-001,kpi_001,78.57142857142857,78.57142857142857,0.0,0.0,No Change,[],
SR-BL-047D3EEF2C3B17A9-COMP-CONS-001,kpi_001,78.57142857142857,92.85714285714286,2.0,14.285714285714292,Increase,[],
SR-BL-047D3EEF2C3B17A9-COMP-EXP-001,kpi_001,78.57142857142857,100.0,5.0,21.42857142857143,Increase,[],
SR-BL-047D3EEF2C3B17A9-COMP-HIGH-001,kpi_001,78.57142857142857,100.0,9.0,21.42857142857143,Increase,[],
SR-BL-7303B3D158B0453B-,kpi_001,78.57142857142857,,,,Uncertain,[],
SR-BL-773E477B6CEF5092-,kpi_001,81.81818181818183,,,,Uncertain,[],
SR-BL-F7B5D619087F6EBD-COMP-BASE-001,kpi_001,81.81818181818183,81.81818181818183,0.0,0.0,No Change,[],
SR-BL-F7B5D619087F6EBD-COMP-CONS-001,kpi_001,81.81818181818183,100.0,2.0,18.181818181818173,Increase,[],
SR-BL-F7B5D619087F6EBD-COMP-EXP-001,kpi_001,81.81818181818183,100.0,5.0,18.181818181818173,Increase,[],
SR-BL-F7B5D619087F6EBD-COMP-HIGH-001,kpi_001,81.81818181818183,100.0,9.0,18.181818181818173,Increase,[],
SR-BL-80AEB8E2DFFD8693-,kpi_001,81.81818181818183,,,,Uncertain,[],
SR-BL-E420CFBCB020DE61-,kpi_001,80.57109557109557,,,,Uncertain,[],
SR-BL-D5B12F1E9C4A93D9-COMP-BASE-001,kpi_001,80.57109557109557,80.64516129032258,0.0,0.07406571922700778,Increase,[],
SR-BL-D5B12F1E9C4A93D9-COMP-CONS-001,kpi_001,80.57109557109557,96.77419354838709,2.0,16.20309797729152,Increase,[],
SR-BL-D5B12F1E9C4A93D9-COMP-EXP-001,kpi_001,80.57109557109557,100.0,5.0,19.42890442890443,Increase,[],
SR-BL-D5B12F1E9C4A93D9-COMP-HIGH-001,kpi_001,80.57109557109557,100.0,9.0,19.42890442890443,Increase,[],
SR-BL-4B6ABC65AC17BCD6-,kpi_001,80.57109557109557,,,,Uncertain,[],
SR-BL-7F5CF279EB91C859-,kpi_002,33.33333333333333,,,,Uncertain,[],
SR-BL-0258B09545055290-COMP-BASE-002,kpi_002,33.33333333333333,33.33333333333333,0.0,0.0,No Change,[],
SR-BL-0258B09545055290-COMP-CONS-002,kpi_002,33.33333333333333,29.999999999999996,-3.333333333333332,-9.999999999999998,Decrease,[],
SR-BL-0258B09545055290-COMP-EXP-002,kpi_002,33.33333333333333,26.666666666666664,-6.666666666666664,-19.999999999999996,Decrease,[],
SR-BL-0258B09545055290-COMP-HIGH-002,kpi_002,33.33333333333333,21.666666666666664,-11.666666666666664,-35.0,Decrease,[],
SR-BL-CE7E7EB61A5684A3-,kpi_002,33.33333333333333,,,,Uncertain,[],
SR-BL-D799C5DEC843F2FA-,kpi_002,15.384615384615383,,,,Uncertain,[],
SR-BL-8CC358EFDC91E8CD-COMP-BASE-002,kpi_002,15.384615384615383,15.384615384615383,0.0,0.0,No Change,[],
SR-BL-8CC358EFDC91E8CD-COMP-CONS-002,kpi_002,15.384615384615383,13.846153846153845,-1.5384615384615383,-10.0,Decrease,[],
SR-BL-8CC358EFDC91E8CD-COMP-EXP-002,kpi_002,15.384615384615383,12.307692307692307,-3.0769230769230766,-20.0,Decrease,[],
SR-BL-8CC358EFDC91E8CD-COMP-HIGH-002,kpi_002,15.384615384615383,10.0,-5.384615384615383,-34.99999999999999,Decrease,[],
SR-BL-E50E44185A8557BC-,kpi_002,15.384615384615383,,,,Uncertain,[],
SR-BL-44E432B40BC6E736-,kpi_002,12.222222222222221,,,,Uncertain,[],
SR-BL-8103288615D22BDC-COMP-BASE-002,kpi_002,12.222222222222221,12.222222222222221,0.0,0.0,No Change,[],
SR-BL-8103288615D22BDC-COMP-CONS-002,kpi_002,12.222222222222221,11.0,-1.2222222222222214,-9.999999999999993,Decrease,[],
SR-BL-8103288615D22BDC-COMP-EXP-002,kpi_002,12.222222222222221,9.777777777777779,-2.444444444444443,-19.999999999999986,Decrease,[],
SR-BL-8103288615D22BDC-COMP-HIGH-002,kpi_002,12.222222222222221,7.944444444444445,-4.277777777777777,-34.99999999999999,Decrease,[],
SR-BL-788A7D31FCEE5B37-,kpi_002,12.222222222222221,,,,Uncertain,[],
SR-BL-1C73214A576CA935-,kpi_002,17.647058823529413,,,,Uncertain,[],
SR-BL-E1CC2592F6C9FF5D-COMP-BASE-002,kpi_002,17.647058823529413,17.647058823529413,0.0,0.0,No Change,[],
SR-BL-E1CC2592F6C9FF5D-COMP-CONS-002,kpi_002,17.647058823529413,15.882352941176473,-1.7647058823529402,-9.999999999999993,Decrease,[],
SR-BL-E1CC2592F6C9FF5D-COMP-EXP-002,kpi_002,17.647058823529413,14.11764705882353,-3.5294117647058822,-20.0,Decrease,[],
SR-BL-E1CC2592F6C9FF5D-COMP-HIGH-002,kpi_002,17.647058823529413,11.47058823529412,-6.1764705882352935,-34.99999999999999,Decrease,[],
SR-BL-5E1A530C4233A0E8-,kpi_002,17.647058823529413,,,,Uncertain,[],
SR-BL-7D3F1AB8FD2713F6-,kpi_002,24.03846153846154,,,,Uncertain,[],
SR-BL-E5112414C7B6EE2B-COMP-BASE-002,kpi_002,24.03846153846154,24.03846153846154,0.0,0.0,No Change,[],
SR-BL-E5112414C7B6EE2B-COMP-CONS-002,kpi_002,24.03846153846154,21.634615384615387,-2.4038461538461533,-9.999999999999996,Decrease,[],
SR-BL-E5112414C7B6EE2B-COMP-EXP-002,kpi_002,24.03846153846154,19.230769230769234,-4.807692307692307,-19.999999999999993,Decrease,[],
SR-BL-E5112414C7B6EE2B-COMP-HIGH-002,kpi_002,24.03846153846154,15.625000000000002,-8.413461538461538,-35.0,Decrease,[],
SR-BL-0E25AB87844828A4-,kpi_002,24.03846153846154,,,,Uncertain,[],
SR-BL-7A46F409A8C90FAF-,kpi_002,25.174825174825173,,,,Uncertain,[],
SR-BL-B09A9FE61EB3980B-COMP-BASE-002,kpi_002,25.174825174825173,25.174825174825173,0.0,0.0,No Change,[],
SR-BL-B09A9FE61EB3980B-COMP-CONS-002,kpi_002,25.174825174825173,22.657342657342657,-2.5174825174825166,-9.999999999999998,Decrease,[],
SR-BL-B09A9FE61EB3980B-COMP-EXP-002,kpi_002,25.174825174825173,20.13986013986014,-5.034965034965033,-19.999999999999996,Decrease,[],
SR-BL-B09A9FE61EB3980B-COMP-HIGH-002,kpi_002,25.174825174825173,16.363636363636363,-8.81118881118881,-35.0,Decrease,[],
SR-BL-1A90AB2AC3040FDF-,kpi_002,25.174825174825173,,,,Uncertain,[],
SR-BL-DF2AAC5F6ABF4462-,kpi_002,20.0,,,,Uncertain,[],
SR-BL-57A1BFEDDFB3858E-COMP-BASE-002,kpi_002,20.0,20.0,0.0,0.0,No Change,[],
SR-BL-57A1BFEDDFB3858E-COMP-CONS-002,kpi_002,20.0,18.0,-2.0,-10.0,Decrease,[],
SR-BL-57A1BFEDDFB3858E-COMP-EXP-002,kpi_002,20.0,16.0,-4.0,-20.0,Decrease,[],
SR-BL-57A1BFEDDFB3858E-COMP-HIGH-002,kpi_002,20.0,13.0,-7.0,-35.0,Decrease,[],
SR-BL-BB6F7473D8B9DAD7-,kpi_002,20.0,,,,Uncertain,[],
SR-BL-21BF224029786AD4-,kpi_002,27.27272727272727,,,,Uncertain,[],
SR-BL-65961F3EEDFDE03F-COMP-BASE-002,kpi_002,27.27272727272727,27.27272727272727,0.0,0.0,No Change,[],
SR-BL-65961F3EEDFDE03F-COMP-CONS-002,kpi_002,27.27272727272727,24.545454545454543,-2.7272727272727266,-10.0,Decrease,[],
SR-BL-65961F3EEDFDE03F-COMP-EXP-002,kpi_002,27.27272727272727,21.818181818181817,-5.454545454545453,-20.0,Decrease,[],
SR-BL-65961F3EEDFDE03F-COMP-HIGH-002,kpi_002,27.27272727272727,17.727272727272727,-9.545454545454543,-35.0,Decrease,[],
SR-BL-50FF042735561564-,kpi_002,27.27272727272727,,,,Uncertain,[],
SR-BL-4C80F24FCF16EE0E-,kpi_002,15.384615384615383,,,,Uncertain,[],
SR-BL-277EBDFF9E5DE512-COMP-BASE-002,kpi_002,15.384615384615383,15.384615384615383,0.0,0.0,No Change,[],
SR-BL-277EBDFF9E5DE512-COMP-CONS-002,kpi_002,15.384615384615383,13.846153846153845,-1.5384615384615383,-10.0,Decrease,[],
SR-BL-277EBDFF9E5DE512-COMP-EXP-002,kpi_002,15.384615384615383,12.307692307692307,-3.0769230769230766,-20.0,Decrease,[],
SR-BL-277EBDFF9E5DE512-COMP-HIGH-002,kpi_002,15.384615384615383,10.0,-5.384615384615383,-34.99999999999999,Decrease,[],
SR-BL-1B6F08275BB810CC-,kpi_002,15.384615384615383,,,,Uncertain,[],
SR-BL-8B408465AB651CAB-,kpi_002,23.333333333333336,,,,Uncertain,[],
SR-BL-0F8F7C9EE711C4F4-COMP-BASE-002,kpi_002,23.333333333333336,23.333333333333336,0.0,0.0,No Change,[],
SR-BL-0F8F7C9EE711C4F4-COMP-CONS-002,kpi_002,23.333333333333336,21.000000000000004,-2.333333333333332,-9.999999999999993,Decrease,[],
SR-BL-0F8F7C9EE711C4F4-COMP-EXP-002,kpi_002,23.333333333333336,18.666666666666668,-4.666666666666668,-20.000000000000004,Decrease,[],
SR-BL-0F8F7C9EE711C4F4-COMP-HIGH-002,kpi_002,23.333333333333336,15.166666666666668,-8.166666666666668,-35.0,Decrease,[],
SR-BL-DD652AE19CA1EFC5-,kpi_002,23.333333333333336,,,,Uncertain,[],
SR-BL-396FEAAEE79CEA3F-,kpi_002,20.0,,,,Uncertain,[],
SR-BL-D82D03A02C1E510E-COMP-BASE-002,kpi_002,20.0,20.0,0.0,0.0,No Change,[],
SR-BL-D82D03A02C1E510E-COMP-CONS-002,kpi_002,20.0,18.0,-2.0,-10.0,Decrease,[],
SR-BL-D82D03A02C1E510E-COMP-EXP-002,kpi_002,20.0,16.0,-4.0,-20.0,Decrease,[],
SR-BL-D82D03A02C1E510E-COMP-HIGH-002,kpi_002,20.0,13.0,-7.0,-35.0,Decrease,[],
SR-BL-9F05FBEE23FDF1B8-,kpi_002,20.0,,,,Uncertain,[],
SR-BL-5EE400C92D50D749-,kpi_002,21.428571428571427,,,,Uncertain,[],
SR-BL-2AE42776F9AA2C7D-COMP-BASE-002,kpi_002,21.428571428571427,21.428571428571427,0.0,0.0,No Change,[],
SR-BL-2AE42776F9AA2C7D-COMP-CONS-002,kpi_002,21.428571428571427,19.285714285714285,-2.1428571428571423,-9.999999999999998,Decrease,[],
SR-BL-2AE42776F9AA2C7D-COMP-EXP-002,kpi_002,21.428571428571427,17.142857142857142,-4.285714285714285,-19.999999999999996,Decrease,[],
SR-BL-2AE42776F9AA2C7D-COMP-HIGH-002,kpi_002,21.428571428571427,13.928571428571429,-7.499999999999998,-34.99999999999999,Decrease,[],
SR-BL-C542CB217AA5669C-,kpi_002,21.428571428571427,,,,Uncertain,[],
SR-BL-3C7B3C94DAEE61D2-,kpi_002,20.0,,,,Uncertain,[],
SR-BL-24C7187D9091688F-COMP-BASE-002,kpi_002,20.0,20.0,0.0,0.0,No Change,[],
SR-BL-24C7187D9091688F-COMP-CONS-002,kpi_002,20.0,18.0,-2.0,-10.0,Decrease,[],
SR-BL-24C7187D9091688F-COMP-EXP-002,kpi_002,20.0,16.0,-4.0,-20.0,Decrease,[],
SR-BL-24C7187D9091688F-COMP-HIGH-002,kpi_002,20.0,13.0,-7.0,-35.0,Decrease,[],
SR-BL-9A8466A4910CFF54-,kpi_002,20.0,,,,Uncertain,[],
SR-BL-B14CC3A5517BD2D9-,kpi_002,20.0,,,,Uncertain,[],
SR-BL-294CD3C94DA05CCF-COMP-BASE-002,kpi_002,20.0,20.0,0.0,0.0,No Change,[],
SR-BL-294CD3C94DA05CCF-COMP-CONS-002,kpi_002,20.0,18.0,-2.0,-10.0,Decrease,[],
SR-BL-294CD3C94DA05CCF-COMP-EXP-002,kpi_002,20.0,16.0,-4.0,-20.0,Decrease,[],
SR-BL-294CD3C94DA05CCF-COMP-HIGH-002,kpi_002,20.0,13.0,-7.0,-35.0,Decrease,[],
SR-BL-BE27FF9D940D268E-,kpi_002,20.0,,,,Uncertain,[],
SR-BL-4DCCCED7D9856FEC-,kpi_002,15.384615384615383,,,,Uncertain,[],
SR-BL-811CC10E28CE7105-COMP-BASE-002,kpi_002,15.384615384615383,15.384615384615383,0.0,0.0,No Change,[],
SR-BL-811CC10E28CE7105-COMP-CONS-002,kpi_002,15.384615384615383,13.846153846153845,-1.5384615384615383,-10.0,Decrease,[],
SR-BL-811CC10E28CE7105-COMP-EXP-002,kpi_002,15.384615384615383,12.307692307692307,-3.0769230769230766,-20.0,Decrease,[],
SR-BL-811CC10E28CE7105-COMP-HIGH-002,kpi_002,15.384615384615383,10.0,-5.384615384615383,-34.99999999999999,Decrease,[],
SR-BL-B7C85E65FA5F8D4F-,kpi_002,15.384615384615383,,,,Uncertain,[],
SR-BL-7521E251C63AE142-,kpi_002,11.794871794871796,,,,Uncertain,[],
SR-BL-C08CF67492F5A2D8-COMP-BASE-002,kpi_002,11.794871794871796,11.794871794871796,0.0,0.0,No Change,[],
SR-BL-C08CF67492F5A2D8-COMP-CONS-002,kpi_002,11.794871794871796,10.615384615384617,-1.1794871794871788,-9.999999999999993,Decrease,[],
SR-BL-C08CF67492F5A2D8-COMP-EXP-002,kpi_002,11.794871794871796,9.435897435897436,-2.3589743589743595,-20.000000000000004,Decrease,[],
SR-BL-C08CF67492F5A2D8-COMP-HIGH-002,kpi_002,11.794871794871796,7.666666666666667,-4.128205128205129,-35.0,Decrease,[],
SR-BL-004F26965B496888-,kpi_002,11.794871794871796,,,,Uncertain,[],
SR-BL-B4A6D363D4586802-,kpi_002,21.428571428571427,,,,Uncertain,[],
SR-BL-DBA45C7ECC024F2A-COMP-BASE-002,kpi_002,21.428571428571427,21.428571428571427,0.0,0.0,No Change,[],
SR-BL-DBA45C7ECC024F2A-COMP-CONS-002,kpi_002,21.428571428571427,19.285714285714285,-2.1428571428571423,-9.999999999999998,Decrease,[],
SR-BL-DBA45C7ECC024F2A-COMP-EXP-002,kpi_002,21.428571428571427,17.142857142857142,-4.285714285714285,-19.999999999999996,Decrease,[],
SR-BL-DBA45C7ECC024F2A-COMP-HIGH-002,kpi_002,21.428571428571427,13.928571428571429,-7.499999999999998,-34.99999999999999,Decrease,[],
SR-BL-1888AEFFDD12972C-,kpi_002,21.428571428571427,,,,Uncertain,[],
SR-BL-695A7ABF28792814-,kpi_002,23.07692307692308,,,,Uncertain,[],
SR-BL-E071EA94B2CE7EF4-COMP-BASE-002,kpi_002,23.07692307692308,23.07692307692308,0.0,0.0,No Change,[],
SR-BL-E071EA94B2CE7EF4-COMP-CONS-002,kpi_002,23.07692307692308,20.769230769230774,-2.3076923076923066,-9.999999999999993,Decrease,[],
SR-BL-E071EA94B2CE7EF4-COMP-EXP-002,kpi_002,23.07692307692308,18.461538461538463,-4.615384615384617,-20.000000000000004,Decrease,[],
SR-BL-E071EA94B2CE7EF4-COMP-HIGH-002,kpi_002,23.07692307692308,15.000000000000002,-8.076923076923078,-35.0,Decrease,[],
SR-BL-5486D31FAFE61B88-,kpi_002,23.07692307692308,,,,Uncertain,[],
SR-BL-CF8531C287DF1007-,kpi_002,18.066933066933068,,,,Uncertain,[],
SR-BL-22F79AE722DD9BCE-COMP-BASE-002,kpi_002,18.066933066933068,18.066933066933068,0.0,0.0,No Change,[],
SR-BL-22F79AE722DD9BCE-COMP-CONS-002,kpi_002,18.066933066933068,16.260239760239763,-1.8066933066933046,-9.999999999999988,Decrease,[],
SR-BL-22F79AE722DD9BCE-COMP-EXP-002,kpi_002,18.066933066933068,14.453546453546455,-3.613386613386613,-19.999999999999996,Decrease,[],
SR-BL-22F79AE722DD9BCE-COMP-HIGH-002,kpi_002,18.066933066933068,11.743506493506494,-6.323426573426573,-35.0,Decrease,[],
SR-BL-743A80A747CC0ECF-,kpi_002,18.066933066933068,,,,Uncertain,[],
SR-BL-9109CAFE35346EC3-,kpi_002,16.666666666666664,,,,Uncertain,[],
SR-BL-83DE60C89519B089-COMP-BASE-002,kpi_002,16.666666666666664,16.666666666666664,0.0,0.0,No Change,[],
SR-BL-83DE60C89519B089-COMP-CONS-002,kpi_002,16.666666666666664,14.999999999999998,-1.666666666666666,-9.999999999999998,Decrease,[],
SR-BL-83DE60C89519B089-COMP-EXP-002,kpi_002,16.666666666666664,13.333333333333332,-3.333333333333332,-19.999999999999996,Decrease,[],
SR-BL-83DE60C89519B089-COMP-HIGH-002,kpi_002,16.666666666666664,10.833333333333332,-5.833333333333332,-35.0,Decrease,[],
SR-BL-6B7FF05A74B571FA-,kpi_002,16.666666666666664,,,,Uncertain,[],
SR-BL-47DB665261C980BE-,kpi_002,20.0,,,,Uncertain,[],
SR-BL-D8BF9220CA7444BB-COMP-BASE-002,kpi_002,20.0,20.0,0.0,0.0,No Change,[],
SR-BL-D8BF9220CA7444BB-COMP-CONS-002,kpi_002,20.0,18.0,-2.0,-10.0,Decrease,[],
SR-BL-D8BF9220CA7444BB-COMP-EXP-002,kpi_002,20.0,16.0,-4.0,-20.0,Decrease,[],
SR-BL-D8BF9220CA7444BB-COMP-HIGH-002,kpi_002,20.0,13.0,-7.0,-35.0,Decrease,[],
SR-BL-C24BDC36D1C65346-,kpi_002,20.0,,,,Uncertain,[],
SR-BL-143E677BFF52C442-,kpi_002,19.871794871794872,,,,Uncertain,[],
SR-BL-2577E4AF31EE74E2-COMP-BASE-002,kpi_002,19.871794871794872,19.871794871794872,0.0,0.0,No Change,[],
SR-BL-2577E4AF31EE74E2-COMP-CONS-002,kpi_002,19.871794871794872,17.884615384615387,-1.9871794871794854,-9.999999999999991,Decrease,[],
SR-BL-2577E4AF31EE74E2-COMP-EXP-002,kpi_002,19.871794871794872,15.897435897435898,-3.9743589743589745,-20.0,Decrease,[],
SR-BL-2577E4AF31EE74E2-COMP-HIGH-002,kpi_002,19.871794871794872,12.916666666666668,-6.955128205128204,-35.0,Decrease,[],
SR-BL-D32993B07640C5B1-,kpi_002,19.871794871794872,,,,Uncertain,[],
SR-BL-54E56114F28780A9-,kpi_002,16.666666666666664,,,,Uncertain,[],
SR-BL-4AE8A17F60DA4DB1-COMP-BASE-002,kpi_002,16.666666666666664,16.666666666666664,0.0,0.0,No Change,[],
SR-BL-4AE8A17F60DA4DB1-COMP-CONS-002,kpi_002,16.666666666666664,14.999999999999998,-1.666666666666666,-9.999999999999998,Decrease,[],
SR-BL-4AE8A17F60DA4DB1-COMP-EXP-002,kpi_002,16.666666666666664,13.333333333333332,-3.333333333333332,-19.999999999999996,Decrease,[],
SR-BL-4AE8A17F60DA4DB1-COMP-HIGH-002,kpi_002,16.666666666666664,10.833333333333332,-5.833333333333332,-35.0,Decrease,[],
SR-BL-EDCC02606557C305-,kpi_002,16.666666666666664,,,,Uncertain,[],
SR-BL-0557EF81D40A2323-,kpi_002,15.695970695970697,,,,Uncertain,[],
SR-BL-B59C32BF756AC3DE-COMP-BASE-002,kpi_002,15.695970695970697,15.695970695970697,0.0,0.0,No Change,[],
SR-BL-B59C32BF756AC3DE-COMP-CONS-002,kpi_002,15.695970695970697,14.126373626373628,-1.5695970695970693,-9.999999999999998,Decrease,[],
SR-BL-B59C32BF756AC3DE-COMP-EXP-002,kpi_002,15.695970695970697,12.556776556776558,-3.1391941391941387,-19.999999999999996,Decrease,[],
SR-BL-B59C32BF756AC3DE-COMP-HIGH-002,kpi_002,15.695970695970697,10.202380952380953,-5.4935897435897445,-35.0,Decrease,[],
SR-BL-01B18CB07DA821B4-,kpi_002,15.695970695970697,,,,Uncertain,[],
SR-BL-2C2AF477380BDCC7-,kpi_002,21.428571428571427,,,,Uncertain,[],
SR-BL-6EBF25096E740FA0-COMP-BASE-002,kpi_002,21.428571428571427,21.428571428571427,0.0,0.0,No Change,[],
SR-BL-6EBF25096E740FA0-COMP-CONS-002,kpi_002,21.428571428571427,19.285714285714285,-2.1428571428571423,-9.999999999999998,Decrease,[],
SR-BL-6EBF25096E740FA0-COMP-EXP-002,kpi_002,21.428571428571427,17.142857142857142,-4.285714285714285,-19.999999999999996,Decrease,[],
SR-BL-6EBF25096E740FA0-COMP-HIGH-002,kpi_002,21.428571428571427,13.928571428571429,-7.499999999999998,-34.99999999999999,Decrease,[],
SR-BL-D4FAB072959D8316-,kpi_002,21.428571428571427,,,,Uncertain,[],
SR-BL-38678E5689869795-,kpi_004,46.13890483058932,,,,Uncertain,[],
SR-BL-3E1C7D26C1A5391F-COMP-BASE-003,kpi_004,46.13890483058932,46.13890483058932,0.0,0.0,No Change,[],
SR-BL-3E1C7D26C1A5391F-COMP-CONS-003,kpi_004,46.13890483058932,49.04466499008815,2.9057601594988327,6.297852474323064,Increase,[],
SR-BL-3E1C7D26C1A5391F-COMP-EXP-003,kpi_004,46.13890483058932,51.71152580363453,5.572620973045211,12.077922077922095,Increase,[],
SR-BL-3E1C7D26C1A5391F-COMP-HIGH-003,kpi_004,46.13890483058932,55.82258211824753,9.683677287658213,20.988095238095244,Increase,[],
SR-BL-7F3B93A674C645ED-,kpi_004,46.13890483058932,,,,Uncertain,[],
SR-BL-D13103F4972D90FE-,kpi_004,46.83939272460714,,,,Uncertain,[],
SR-BL-70C290549E361197-COMP-BASE-003,kpi_004,46.83939272460714,46.83939272460714,0.0,0.0,No Change,[],
SR-BL-70C290549E361197-COMP-CONS-003,kpi_004,46.83939272460714,49.7892685782717,2.9498758536645653,6.297852474323058,Increase,[],
SR-BL-70C290549E361197-COMP-EXP-003,kpi_004,46.83939272460714,52.4966180796571,5.65722535504996,12.077922077922091,Increase,[],
SR-BL-70C290549E361197-COMP-HIGH-003,kpi_004,46.83939272460714,56.670089078593136,9.830696353986,20.98809523809524,Increase,[],
SR-BL-EFF6F1B7A597F945-,kpi_004,46.83939272460714,,,,Uncertain,[],
SR-BL-DEAC703545739416-,kpi_004,47.93103448275862,,,,Uncertain,[],
SR-BL-BC5B6E80B089ECEF-COMP-BASE-003,kpi_004,47.93103448275862,47.93103448275862,0.0,0.0,No Change,[],
SR-BL-BC5B6E80B089ECEF-COMP-CONS-003,kpi_004,47.93103448275862,50.94966032389967,3.018625841141052,6.297852474323058,Increase,[],
SR-BL-BC5B6E80B089ECEF-COMP-EXP-003,kpi_004,47.93103448275862,53.720107478728174,5.789072995969555,12.077922077922093,Increase,[],
SR-BL-BC5B6E80B089ECEF-COMP-HIGH-003,kpi_004,47.93103448275862,57.99084564860427,10.059811165845652,20.988095238095244,Increase,[],
SR-BL-68BB32F61D404F38-,kpi_004,47.93103448275862,,,,Uncertain,[],
SR-BL-2168E5C437591E09-,kpi_004,47.25,,,,Uncertain,[],
SR-BL-3BBE890AACAE0A48-,kpi_004,55.078924278607985,,,,Uncertain,[],
SR-BL-6564610C0FF8940F-COMP-BASE-003,kpi_004,55.078924278607985,55.078924278607985,0.0,0.0,No Change,[],
SR-BL-6564610C0FF8940F-COMP-CONS-003,kpi_004,55.078924278607985,58.547713674118825,3.4687893955108393,6.297852474323062,Increase,[],
SR-BL-6564610C0FF8940F-COMP-EXP-003,kpi_004,55.078924278607985,61.73131383433597,6.652389555727986,12.077922077922093,Increase,[],
SR-BL-6564610C0FF8940F-COMP-HIGH-003,kpi_004,55.078924278607985,66.6389413623206,11.560017083712609,20.988095238095244,Increase,[],
SR-BL-915E5B0AA46A6B70-,kpi_004,55.078924278607985,,,,Uncertain,[],
SR-BL-00481974C87524F7-,kpi_004,54.19036737080703,,,,Uncertain,[],
SR-BL-CEDB52C10CC5423A-COMP-BASE-003,kpi_004,54.19036737080703,54.19036737080703,0.0,0.0,No Change,[],
SR-BL-CEDB52C10CC5423A-COMP-CONS-003,kpi_004,54.19036737080703,57.60319676311416,3.412829392307131,6.297852474323068,Increase,[],
SR-BL-CEDB52C10CC5423A-COMP-EXP-003,kpi_004,54.19036737080703,60.73543771559282,6.545070344785792,12.077922077922091,Increase,[],
SR-BL-CEDB52C10CC5423A-COMP-HIGH-003,kpi_004,54.19036737080703,65.56389328446569,11.37352591365866,20.988095238095227,Increase,[],
SR-BL-1426CFDF91048144-,kpi_004,54.19036737080703,,,,Uncertain,[],
SR-BL-91CD19B6C48033FE-,kpi_004,55.169694412730514,,,,Uncertain,[],
SR-BL-4D5FEEBD0155BB4E-COMP-BASE-003,kpi_004,55.169694412730514,55.169694412730514,0.0,0.0,No Change,[],
SR-BL-4D5FEEBD0155BB4E-COMP-CONS-003,kpi_004,55.169694412730514,58.644200377379136,3.474505964648621,6.297852474323062,Increase,[],
SR-BL-4D5FEEBD0155BB4E-COMP-EXP-003,kpi_004,55.169694412730514,61.833047114527844,6.663352701797329,12.077922077922091,Increase,[],
SR-BL-4D5FEEBD0155BB4E-COMP-HIGH-003,kpi_004,55.169694412730514,66.7487624186405,11.579068005909981,20.988095238095227,Increase,[],
SR-BL-C05EBF1343BF753B-,kpi_004,55.169694412730514,,,,Uncertain,[],
SR-BL-BE8D33591FD2816B--MON,kpi_005,,,,,Uncertain,[],
SR-BL-74DBFBFBD9C9B210--MON,kpi_005,,,,,Uncertain,[],
SR-BL-A4EAA76D4093AD8E--MON,kpi_005,,,,,Uncertain,[],
SR-BL-C5EEF4DB551AD659--MON,kpi_005,,,,,Uncertain,[],
SR-BL-67C40614C7DB74D3--MON,kpi_005,,,,,Uncertain,[],
SR-BL-B36E0CD3C7D01332--MON,kpi_005,,,,,Uncertain,[],
SR-BL-8A38403578933459--MON,kpi_005,,,,,Uncertain,[],
SR-BL-5D26FBB6B1107DC4--MON,kpi_005,,,,,Uncertain,[],
SR-BL-E0B475FE2D400B50--MON,kpi_005,,,,,Uncertain,[],
SR-BL-80D09EE171A0865B--MON,kpi_005,,,,,Uncertain,[],
SR-BL-6663E43B75ED90DA--MON,kpi_005,,,,,Uncertain,[],
SR-BL-F077028A651E150A--MON,kpi_005,,,,,Uncertain,[],
SR-BL-7DE689254374CE73--MON,kpi_005,,,,,Uncertain,[],
SR-BL-1D8A8491739DDA26--MON,kpi_005,,,,,Uncertain,[],
SR-BL-4FD3E2F631B6F237--MON,kpi_005,,,,,Uncertain,[],
SR-BL-A140E681146CE95E--MON,kpi_005,,,,,Uncertain,[],
SR-BL-E568B56CB995AB52--MON,kpi_005,,,,,Uncertain,[],
SR-BL-EC7E703A3F0CEAC8--MON,kpi_005,,,,,Uncertain,[],
SR-BL-C2D5993C803E46DF--MON,kpi_005,,,,,Uncertain,[],
SR-BL-75C86DF74A992BE7--MON,kpi_005,,,,,Uncertain,[],
SR-BL-E1ADDFC779B34AA5--MON,kpi_005,,,,,Uncertain,[],
SR-BL-DD42E0154691AC7C--MON,kpi_005,,,,,Uncertain,[],
SR-BL-3495CD4E234915FF--MON,kpi_005,,,,,Uncertain,[],
SR-BL-A16A2F293E7EC206--MON,kpi_005,,,,,Uncertain,[],
SR-BL-2D2B2D4BBEF06B88--MON,kpi_005,,,,,Uncertain,[],
SR-BL-71FEBB0461DFE0F0--MON,kpi_005,,,,,Uncertain,[],
SR-BL-A91D3EC735ED023A--MON,kpi_005,,,,,Uncertain,[],
SR-BL-E5E3B69A43EA7E36--MON,kpi_005,,,,,Uncertain,[],
SR-BL-F352D3B800467CB4--MON,kpi_005,,,,,Uncertain,[],
SR-BL-81200D3E1A973607--MON,kpi_005,,,,,Uncertain,[],
SR-BL-59E8DE6770B05868--MON,kpi_005,,,,,Uncertain,[],
SR-BL-F608D8F85DAB495A--MON,kpi_005,,,,,Uncertain,[],
SR-BL-ECA7DC0949158A96--MON,kpi_005,,,,,Uncertain,[],
SR-BL-5235B21E1A318F12--MON,kpi_005,,,,,Uncertain,[],
SR-BL-4B01770459806D99--MON,kpi_005,,,,,Uncertain,[],
SR-BL-D36EE91B1E793CE7--MON,kpi_005,,,,,Uncertain,[],
SR-BL-D81C5F3675A0ECD0--MON,kpi_005,,,,,Uncertain,[],
SR-BL-A3253CD31CD5ACE6--MON,kpi_005,,,,,Uncertain,[],
SR-BL-DF7EF7480B739FCE--MON,kpi_005,,,,,Uncertain,[],
SR-BL-72139DE8A42C917F--MON,kpi_005,,,,,Uncertain,[],
SR-BL-8C84CBE00DF9F034--MON,kpi_005,,,,,Uncertain,[],
SR-BL-77928D88BCE38B57--MON,kpi_005,,,,,Uncertain,[],
SR-BL-35053D6F8B4D6736--MON,kpi_005,,,,,Uncertain,[],
SR-BL-3736BE54EF25857D--MON,kpi_005,,,,,Uncertain,[],
SR-BL-AB40D4F9A7C79EFF--MON,kpi_005,,,,,Uncertain,[],
SR-BL-92D3226A01537F99--MON,kpi_005,,,,,Uncertain,[],
SR-BL-2BD1E2767855F1BF--MON,kpi_005,,,,,Uncertain,[],
SR-BL-A73DF549051C3D5D--MON,kpi_005,,,,,Uncertain,[],
SR-BL-4E91881D0C9E2BB1--MON,kpi_005,,,,,Uncertain,[],
SR-BL-9B18C2824CC9FDAA--MON,kpi_005,,,,,Uncertain,[],
SR-BL-721DF811BB318017--MON,kpi_005,,,,,Uncertain,[],
SR-BL-B891720AE06EB7BE--MON,kpi_005,,,,,Uncertain,[],
SR-BL-6ED01961ECB4CB7C--MON,kpi_005,,,,,Uncertain,[],
SR-BL-9DD5D037FBEBE3D5--MON,kpi_005,,,,,Uncertain,[],
SR-BL-D0E55E0DB82F172A--MON,kpi_005,,,,,Uncertain,[],
SR-BL-4B84A057EC092B02--MON,kpi_005,,,,,Uncertain,[],
SR-BL-D80172AA3BB4DC7D--MON,kpi_005,,,,,Uncertain,[],
SR-BL-50656E809C1AF1F3--MON,kpi_005,,,,,Uncertain,[],
SR-BL-A984E3B92C4F2700--MON,kpi_005,,,,,Uncertain,[],
SR-BL-C7E91C367F041F94--MON,kpi_005,,,,,Uncertain,[],
SR-BL-170578C5A601E71E--MON,kpi_006,,,,,Uncertain,[],
SR-BL-4AB083C455FE1131--MON,kpi_006,,,,,Uncertain,[],
SR-BL-0A71573DCC70EC9B--MON,kpi_006,,,,,Uncertain,[],
SR-BL-34979A915BA9CBFD--MON,kpi_006,,,,,Uncertain,[],
SR-BL-B3DAB0D9838765D8--MON,kpi_006,,,,,Uncertain,[],
SR-BL-9FDCC9FA4F75F6ED--MON,kpi_006,,,,,Uncertain,[],
SR-BL-F6AD820F341F1A68--MON,kpi_006,,,,,Uncertain,[],
SR-BL-BA50FD991209F5CB--MON,kpi_006,,,,,Uncertain,[],
SR-BL-40BF3A7DB5F1DCA2--MON,kpi_006,,,,,Uncertain,[],
SR-BL-26A24F02AFEBCA14--MON,kpi_006,,,,,Uncertain,[],
SR-BL-C77301E306CD6D47--MON,kpi_006,,,,,Uncertain,[],
SR-BL-6D329947F753E54B--MON,kpi_006,,,,,Uncertain,[],
SR-BL-75574A46124C92CE--MON,kpi_006,,,,,Uncertain,[],
SR-BL-70739CBFF3C38767--MON,kpi_006,,,,,Uncertain,[],
SR-BL-E27C09B5D986A2FB--MON,kpi_006,,,,,Uncertain,[],
SR-BL-9C7905230BC934FB--MON,kpi_006,,,,,Uncertain,[],
SR-BL-CF13A27418C2D96D--MON,kpi_006,,,,,Uncertain,[],
SR-BL-5FB3830E8874C6F1--MON,kpi_006,,,,,Uncertain,[],
SR-BL-FFF509FC499B55FA--MON,kpi_006,,,,,Uncertain,[],
SR-BL-DA7031676C8E7CD8--MON,kpi_006,,,,,Uncertain,[],
SR-BL-AEC76AFC01C3B023--MON,kpi_006,,,,,Uncertain,[],
SR-BL-BD5E92AB544FBCDB--MON,kpi_006,,,,,Uncertain,[],
SR-BL-A52804A4895489E7--MON,kpi_006,,,,,Uncertain,[],
SR-BL-68350E12DF5BDA99--MON,kpi_006,,,,,Uncertain,[],
SR-BL-2784F9EBD86A398D--MON,kpi_006,,,,,Uncertain,[],
SR-BL-86C1A6634D35FCAD--MON,kpi_006,,,,,Uncertain,[],
SR-BL-D94CB81B611E4A4B--MON,kpi_006,,,,,Uncertain,[],
SR-BL-95480B8350CE3BDA--MON,kpi_006,,,,,Uncertain,[],
SR-BL-0345B5DA683BDD91--MON,kpi_006,,,,,Uncertain,[],
SR-BL-D34E4CD341086F49--MON,kpi_006,,,,,Uncertain,[],
SR-BL-F971EBD7103EF751--MON,kpi_006,,,,,Uncertain,[],
SR-BL-E999A8F1FED5F106--MON,kpi_006,,,,,Uncertain,[],
SR-BL-EE6ADAA544A356B9--MON,kpi_006,,,,,Uncertain,[],
SR-BL-8A136BE28811CAD6--MON,kpi_006,,,,,Uncertain,[],
SR-BL-34837CD68BE5D7DE--MON,kpi_006,,,,,Uncertain,[],
SR-BL-7E185626EF5F845A--MON,kpi_006,,,,,Uncertain,[],
SR-BL-7F39BF83839BA3F0--MON,kpi_006,,,,,Uncertain,[],
SR-BL-A02B35E2A202D2FF--MON,kpi_006,,,,,Uncertain,[],
SR-BL-3B81F31A7C714C9E--MON,kpi_006,,,,,Uncertain,[],
SR-BL-31A2880DFB800934--MON,kpi_006,,,,,Uncertain,[],
SR-BL-4AD3CF9B0CABAC72--MON,kpi_006,,,,,Uncertain,[],
SR-BL-54E6CB3181F5BAA9--MON,kpi_006,,,,,Uncertain,[],
SR-BL-3035CF0E42A9C87D-,kpi_001,75.96153846153847,,,,Uncertain,[],
SR-BL-720D117C0393DF94-COMP-BASE-001,kpi_001,75.96153846153847,75.86206896551724,0.0,-0.09946949602122857,Decrease,[],
SR-BL-720D117C0393DF94-COMP-CONS-001,kpi_001,75.96153846153847,89.65517241379311,2.0,13.693633952254643,Increase,[],
SR-BL-720D117C0393DF94-COMP-EXP-001,kpi_001,75.96153846153847,100.0,5.0,24.038461538461533,Increase,[],
SR-BL-720D117C0393DF94-COMP-HIGH-001,kpi_001,75.96153846153847,100.0,9.0,24.038461538461533,Increase,[],
SR-BL-27B874B991C9CB29-,kpi_001,75.96153846153847,,,,Uncertain,[],
SR-BL-D9970E7D67CA5E03-,kpi_001,78.57142857142857,,,,Uncertain,[],
SR-BL-102023A8C50140A8-COMP-BASE-001,kpi_001,78.57142857142857,78.57142857142857,0.0,0.0,No Change,[],
SR-BL-102023A8C50140A8-COMP-CONS-001,kpi_001,78.57142857142857,92.85714285714286,2.0,14.285714285714292,Increase,[],
SR-BL-102023A8C50140A8-COMP-EXP-001,kpi_001,78.57142857142857,100.0,5.0,21.42857142857143,Increase,[],
SR-BL-102023A8C50140A8-COMP-HIGH-001,kpi_001,78.57142857142857,100.0,9.0,21.42857142857143,Increase,[],
SR-BL-DE79553E24FCABE7-,kpi_001,78.57142857142857,,,,Uncertain,[],
SR-BL-5AB86272407D54FF-,kpi_001,75.0,,,,Uncertain,[],
SR-BL-1677D6803DE79D4D-COMP-BASE-001,kpi_001,75.0,75.0,0.0,0.0,No Change,[],
SR-BL-1677D6803DE79D4D-COMP-CONS-001,kpi_001,75.0,91.66666666666666,2.0,16.666666666666657,Increase,[],
SR-BL-1677D6803DE79D4D-COMP-EXP-001,kpi_001,75.0,100.0,5.0,25.0,Increase,[],
SR-BL-1677D6803DE79D4D-COMP-HIGH-001,kpi_001,75.0,100.0,9.0,25.0,Increase,[],
SR-BL-B4AB871BA6ED9AD4-,kpi_001,75.0,,,,Uncertain,[],
SR-BL-B99B91E1DF6431A9-,kpi_001,75.0,,,,Uncertain,[],
SR-BL-15FDB31BC48E9013-COMP-BASE-001,kpi_001,75.0,75.0,0.0,0.0,No Change,[],
SR-BL-15FDB31BC48E9013-COMP-CONS-001,kpi_001,75.0,87.5,2.0,12.5,Increase,[],
SR-BL-15FDB31BC48E9013-COMP-EXP-001,kpi_001,75.0,100.0,5.0,25.0,Increase,[],
SR-BL-15FDB31BC48E9013-COMP-HIGH-001,kpi_001,75.0,100.0,9.0,25.0,Increase,[],
SR-BL-9F1F8F94C9FCFD88-,kpi_001,75.0,,,,Uncertain,[],
SR-BL-A3D3D1D2EF8DFEC3-,kpi_001,78.57142857142857,,,,Uncertain,[],
SR-BL-0158BC532C54A11F-COMP-BASE-001,kpi_001,78.57142857142857,78.57142857142857,0.0,0.0,No Change,[],
SR-BL-0158BC532C54A11F-COMP-CONS-001,kpi_001,78.57142857142857,92.85714285714286,2.0,14.285714285714292,Increase,[],
SR-BL-0158BC532C54A11F-COMP-EXP-001,kpi_001,78.57142857142857,100.0,5.0,21.42857142857143,Increase,[],
SR-BL-0158BC532C54A11F-COMP-HIGH-001,kpi_001,78.57142857142857,100.0,9.0,21.42857142857143,Increase,[],
SR-BL-733B326684AB0E66-,kpi_001,78.57142857142857,,,,Uncertain,[],
SR-BL-52CBD665DDB33ECA-,kpi_001,77.77777777777779,,,,Uncertain,[],
SR-BL-85DC79D66DA80A48-COMP-BASE-001,kpi_001,77.77777777777779,77.77777777777779,0.0,0.0,No Change,[],
SR-BL-85DC79D66DA80A48-COMP-CONS-001,kpi_001,77.77777777777779,100.0,2.0,22.222222222222214,Increase,[],
SR-BL-85DC79D66DA80A48-COMP-EXP-001,kpi_001,77.77777777777779,100.0,5.0,22.222222222222214,Increase,[],
SR-BL-85DC79D66DA80A48-COMP-HIGH-001,kpi_001,77.77777777777779,100.0,9.0,22.222222222222214,Increase,[],
SR-BL-769955EF86238566-,kpi_001,77.77777777777779,,,,Uncertain,[],
SR-BL-05DE3085846B1FA0-,kpi_001,78.78205128205127,,,,Uncertain,[],
SR-BL-C7DB6D840DFFFBEC-COMP-BASE-001,kpi_001,78.78205128205127,79.66101694915254,0.0,0.8789656671012693,Increase,[],
SR-BL-C7DB6D840DFFFBEC-COMP-CONS-001,kpi_001,78.78205128205127,93.22033898305084,2.0,14.438287700999567,Increase,[],
SR-BL-C7DB6D840DFFFBEC-COMP-EXP-001,kpi_001,78.78205128205127,100.0,5.0,21.21794871794873,Increase,[],
SR-BL-C7DB6D840DFFFBEC-COMP-HIGH-001,kpi_001,78.78205128205127,100.0,9.0,21.21794871794873,Increase,[],
SR-BL-551B3C8181AEE184-,kpi_001,78.78205128205127,,,,Uncertain,[],
SR-BL-35F7F9341816D31A-,kpi_001,82.35294117647058,,,,Uncertain,[],
SR-BL-13E22D760FAB321E-COMP-BASE-001,kpi_001,82.35294117647058,82.35294117647058,0.0,0.0,No Change,[],
SR-BL-13E22D760FAB321E-COMP-CONS-001,kpi_001,82.35294117647058,94.11764705882352,2.0,11.764705882352942,Increase,[],
SR-BL-13E22D760FAB321E-COMP-EXP-001,kpi_001,82.35294117647058,100.0,5.0,17.64705882352942,Increase,[],
SR-BL-13E22D760FAB321E-COMP-HIGH-001,kpi_001,82.35294117647058,100.0,9.0,17.64705882352942,Increase,[],
SR-BL-BB8DA0C32502CB26-,kpi_001,82.35294117647058,,,,Uncertain,[],
SR-BL-4851567169E541E6-,kpi_001,70.0,,,,Uncertain,[],
SR-BL-CDEE919CF33CA549-COMP-BASE-001,kpi_001,70.0,70.0,0.0,0.0,No Change,[],
SR-BL-CDEE919CF33CA549-COMP-CONS-001,kpi_001,70.0,90.0,2.0,20.0,Increase,[],
SR-BL-CDEE919CF33CA549-COMP-EXP-001,kpi_001,70.0,100.0,5.0,30.0,Increase,[],
SR-BL-CDEE919CF33CA549-COMP-HIGH-001,kpi_001,70.0,100.0,9.0,30.0,Increase,[],
SR-BL-EAD34124DB24A71B-,kpi_001,70.0,,,,Uncertain,[],
SR-BL-608E24ACC9709DC1-,kpi_001,71.42857142857143,,,,Uncertain,[],
SR-BL-BC800799FD590418-COMP-BASE-001,kpi_001,71.42857142857143,71.42857142857143,0.0,0.0,No Change,[],
SR-BL-BC800799FD590418-COMP-CONS-001,kpi_001,71.42857142857143,85.71428571428571,2.0,14.285714285714278,Increase,[],
SR-BL-BC800799FD590418-COMP-EXP-001,kpi_001,71.42857142857143,100.0,5.0,28.57142857142857,Increase,[],
SR-BL-BC800799FD590418-COMP-HIGH-001,kpi_001,71.42857142857143,100.0,9.0,28.57142857142857,Increase,[],
SR-BL-7D4D71D698DA138B-,kpi_001,71.42857142857143,,,,Uncertain,[],
SR-BL-12DDAF0C730188CC-,kpi_001,75.39682539682539,,,,Uncertain,[],
SR-BL-87C8776C5C8CAC38-COMP-BASE-001,kpi_001,75.39682539682539,75.0,0.0,-0.39682539682539186,Decrease,[],
SR-BL-87C8776C5C8CAC38-COMP-CONS-001,kpi_001,75.39682539682539,87.5,2.0,12.103174603174608,Increase,[],
SR-BL-87C8776C5C8CAC38-COMP-EXP-001,kpi_001,75.39682539682539,100.0,5.0,24.603174603174608,Increase,[],
SR-BL-87C8776C5C8CAC38-COMP-HIGH-001,kpi_001,75.39682539682539,100.0,9.0,24.603174603174608,Increase,[],
SR-BL-A9841CCAEF9B3C2F-,kpi_001,75.39682539682539,,,,Uncertain,[],
SR-BL-248682E430211FDC-,kpi_001,78.57142857142857,,,,Uncertain,[],
SR-BL-3604EBCA4A970746-COMP-BASE-001,kpi_001,78.57142857142857,78.57142857142857,0.0,0.0,No Change,[],
SR-BL-3604EBCA4A970746-COMP-CONS-001,kpi_001,78.57142857142857,92.85714285714286,2.0,14.285714285714292,Increase,[],
SR-BL-3604EBCA4A970746-COMP-EXP-001,kpi_001,78.57142857142857,100.0,5.0,21.42857142857143,Increase,[],
SR-BL-3604EBCA4A970746-COMP-HIGH-001,kpi_001,78.57142857142857,100.0,9.0,21.42857142857143,Increase,[],
SR-BL-8597442C9AA3907D-,kpi_001,78.57142857142857,,,,Uncertain,[],
SR-BL-90290EE72EEE536F-,kpi_001,73.33333333333333,,,,Uncertain,[],
SR-BL-0D3165B7E88FFD7A-COMP-BASE-001,kpi_001,73.33333333333333,73.33333333333333,0.0,0.0,No Change,[],
SR-BL-0D3165B7E88FFD7A-COMP-CONS-001,kpi_001,73.33333333333333,86.66666666666667,2.0,13.333333333333343,Increase,[],
SR-BL-0D3165B7E88FFD7A-COMP-EXP-001,kpi_001,73.33333333333333,100.0,5.0,26.66666666666667,Increase,[],
SR-BL-0D3165B7E88FFD7A-COMP-HIGH-001,kpi_001,73.33333333333333,100.0,9.0,26.66666666666667,Increase,[],
SR-BL-982763AC51383BC5-,kpi_001,73.33333333333333,,,,Uncertain,[],
SR-BL-4F3551A6D950B8BC-,kpi_001,83.1547619047619,,,,Uncertain,[],
SR-BL-C7ADF007DD874559-COMP-BASE-001,kpi_001,83.1547619047619,84.25925925925925,0.0,1.1044973544973544,Increase,[],
SR-BL-C7ADF007DD874559-COMP-CONS-001,kpi_001,83.1547619047619,99.07407407407408,2.0,15.919312169312178,Increase,[],
SR-BL-C7ADF007DD874559-COMP-EXP-001,kpi_001,83.1547619047619,100.0,5.0,16.845238095238102,Increase,[],
SR-BL-C7ADF007DD874559-COMP-HIGH-001,kpi_001,83.1547619047619,100.0,9.0,16.845238095238102,Increase,[],
SR-BL-5B74E957EDC5DC45-,kpi_001,83.1547619047619,,,,Uncertain,[],
SR-BL-2B77A5E6CD012F40-,kpi_001,83.33333333333334,,,,Uncertain,[],
SR-BL-D66BBB26F7FCA9E8-COMP-BASE-001,kpi_001,83.33333333333334,83.33333333333334,0.0,0.0,No Change,[],
SR-BL-D66BBB26F7FCA9E8-COMP-CONS-001,kpi_001,83.33333333333334,100.0,2.0,16.666666666666657,Increase,[],
SR-BL-D66BBB26F7FCA9E8-COMP-EXP-001,kpi_001,83.33333333333334,100.0,5.0,16.666666666666657,Increase,[],
SR-BL-D66BBB26F7FCA9E8-COMP-HIGH-001,kpi_001,83.33333333333334,100.0,9.0,16.666666666666657,Increase,[],
SR-BL-F5315F2E6A698A8C-,kpi_001,83.33333333333334,,,,Uncertain,[],
SR-BL-BCEDC2D60191C0E5-,kpi_001,75.0,,,,Uncertain,[],
SR-BL-F9EDD8AD8C3D4FDF-COMP-BASE-001,kpi_001,75.0,75.0,0.0,0.0,No Change,[],
SR-BL-F9EDD8AD8C3D4FDF-COMP-CONS-001,kpi_001,75.0,87.5,2.0,12.5,Increase,[],
SR-BL-F9EDD8AD8C3D4FDF-COMP-EXP-001,kpi_001,75.0,100.0,5.0,25.0,Increase,[],
SR-BL-F9EDD8AD8C3D4FDF-COMP-HIGH-001,kpi_001,75.0,100.0,9.0,25.0,Increase,[],
SR-BL-EE01444F86B8E2C6-,kpi_001,75.0,,,,Uncertain,[],
SR-BL-D8BDB5EA0F5A2882-,kpi_001,78.57142857142857,,,,Uncertain,[],
SR-BL-8A83D7DA100E5D02-COMP-BASE-001,kpi_001,78.57142857142857,78.57142857142857,0.0,0.0,No Change,[],
SR-BL-8A83D7DA100E5D02-COMP-CONS-001,kpi_001,78.57142857142857,92.85714285714286,2.0,14.285714285714292,Increase,[],
SR-BL-8A83D7DA100E5D02-COMP-EXP-001,kpi_001,78.57142857142857,100.0,5.0,21.42857142857143,Increase,[],
SR-BL-8A83D7DA100E5D02-COMP-HIGH-001,kpi_001,78.57142857142857,100.0,9.0,21.42857142857143,Increase,[],
SR-BL-88A0F6715916BE3E-,kpi_001,78.57142857142857,,,,Uncertain,[],
SR-BL-096B272EC57F2D0C-,kpi_001,84.44562274670635,,,,Uncertain,[],
SR-BL-8DED0EB10F15C211-COMP-BASE-001,kpi_001,84.44562274670635,84.11764705882354,0.0,-0.3279756878828124,Decrease,[],
SR-BL-8DED0EB10F15C211-COMP-CONS-001,kpi_001,84.44562274670635,97.05882352941177,2.0,12.61320078270542,Increase,[],
SR-BL-8DED0EB10F15C211-COMP-EXP-001,kpi_001,84.44562274670635,100.0,5.0,15.554377253293652,Increase,[],
SR-BL-8DED0EB10F15C211-COMP-HIGH-001,kpi_001,84.44562274670635,100.0,9.0,15.554377253293652,Increase,[],
SR-BL-7657276FB5D72668-,kpi_001,84.44562274670635,,,,Uncertain,[],
SR-BL-9DD7F377CAC60534-,kpi_001,83.33333333333334,,,,Uncertain,[],
SR-BL-945DADB9F3FCA786-COMP-BASE-001,kpi_001,83.33333333333334,83.33333333333334,0.0,0.0,No Change,[],
SR-BL-945DADB9F3FCA786-COMP-CONS-001,kpi_001,83.33333333333334,100.0,2.0,16.666666666666657,Increase,[],
SR-BL-945DADB9F3FCA786-COMP-EXP-001,kpi_001,83.33333333333334,100.0,5.0,16.666666666666657,Increase,[],
SR-BL-945DADB9F3FCA786-COMP-HIGH-001,kpi_001,83.33333333333334,100.0,9.0,16.666666666666657,Increase,[],
SR-BL-8B775814052643E6-,kpi_001,83.33333333333334,,,,Uncertain,[],
SR-BL-053914F71B0320AD-,kpi_001,73.33333333333333,,,,Uncertain,[],
SR-BL-5C8256177ABE7D9E-COMP-BASE-001,kpi_001,73.33333333333333,73.33333333333333,0.0,0.0,No Change,[],
SR-BL-5C8256177ABE7D9E-COMP-CONS-001,kpi_001,73.33333333333333,86.66666666666667,2.0,13.333333333333343,Increase,[],
SR-BL-5C8256177ABE7D9E-COMP-EXP-001,kpi_001,73.33333333333333,100.0,5.0,26.66666666666667,Increase,[],
SR-BL-5C8256177ABE7D9E-COMP-HIGH-001,kpi_001,73.33333333333333,100.0,9.0,26.66666666666667,Increase,[],
SR-BL-4199D58E9D204D3E-,kpi_001,73.33333333333333,,,,Uncertain,[],
SR-BL-57D83F8B0C4E7DEB-,kpi_001,80.0,,,,Uncertain,[],
SR-BL-109CB996345A0593-COMP-BASE-001,kpi_001,80.0,80.0,0.0,0.0,No Change,[],
SR-BL-109CB996345A0593-COMP-CONS-001,kpi_001,80.0,93.33333333333333,2.0,13.333333333333329,Increase,[],
SR-BL-109CB996345A0593-COMP-EXP-001,kpi_001,80.0,100.0,5.0,20.0,Increase,[],
SR-BL-109CB996345A0593-COMP-HIGH-001,kpi_001,80.0,100.0,9.0,20.0,Increase,[],
SR-BL-5D7D39BA05ED6CDE-,kpi_001,80.0,,,,Uncertain,[],
SR-BL-161C3929127BEB92-,kpi_002,15.384615384615383,,,,Uncertain,[],
SR-BL-640531690BF49FC3-COMP-BASE-002,kpi_002,15.384615384615383,15.384615384615383,0.0,0.0,No Change,[],
SR-BL-640531690BF49FC3-COMP-CONS-002,kpi_002,15.384615384615383,13.846153846153845,-1.5384615384615383,-10.0,Decrease,[],
SR-BL-640531690BF49FC3-COMP-EXP-002,kpi_002,15.384615384615383,12.307692307692307,-3.0769230769230766,-20.0,Decrease,[],
SR-BL-640531690BF49FC3-COMP-HIGH-002,kpi_002,15.384615384615383,10.0,-5.384615384615383,-34.99999999999999,Decrease,[],
SR-BL-36847EE0B66BDB3D-,kpi_002,15.384615384615383,,,,Uncertain,[],
SR-BL-C7365B79F596270E-,kpi_002,25.0,,,,Uncertain,[],
SR-BL-062B8B568A7B6C5F-COMP-BASE-002,kpi_002,25.0,25.0,0.0,0.0,No Change,[],
SR-BL-062B8B568A7B6C5F-COMP-CONS-002,kpi_002,25.0,22.5,-2.5,-10.0,Decrease,[],
SR-BL-062B8B568A7B6C5F-COMP-EXP-002,kpi_002,25.0,20.0,-5.0,-20.0,Decrease,[],
SR-BL-062B8B568A7B6C5F-COMP-HIGH-002,kpi_002,25.0,16.25,-8.75,-35.0,Decrease,[],
SR-BL-CB98F87A804EC3E9-,kpi_002,25.0,,,,Uncertain,[],
SR-BL-EE45E7FBFA1B5CD1-,kpi_002,20.0,,,,Uncertain,[],
SR-BL-D77B91D98CAB4A91-COMP-BASE-002,kpi_002,20.0,20.0,0.0,0.0,No Change,[],
SR-BL-D77B91D98CAB4A91-COMP-CONS-002,kpi_002,20.0,18.0,-2.0,-10.0,Decrease,[],
SR-BL-D77B91D98CAB4A91-COMP-EXP-002,kpi_002,20.0,16.0,-4.0,-20.0,Decrease,[],
SR-BL-D77B91D98CAB4A91-COMP-HIGH-002,kpi_002,20.0,13.0,-7.0,-35.0,Decrease,[],
SR-BL-9FB51D46EE70CC5A-,kpi_002,20.0,,,,Uncertain,[],
SR-BL-7DC1D6AB59053FE5-,kpi_002,20.0,,,,Uncertain,[],
SR-BL-21D63D3D35D398E8-COMP-BASE-002,kpi_002,20.0,20.0,0.0,0.0,No Change,[],
SR-BL-21D63D3D35D398E8-COMP-CONS-002,kpi_002,20.0,18.0,-2.0,-10.0,Decrease,[],
SR-BL-21D63D3D35D398E8-COMP-EXP-002,kpi_002,20.0,16.0,-4.0,-20.0,Decrease,[],
SR-BL-21D63D3D35D398E8-COMP-HIGH-002,kpi_002,20.0,13.0,-7.0,-35.0,Decrease,[],
SR-BL-9195F72EBB15E5EB-,kpi_002,20.0,,,,Uncertain,[],
SR-BL-E69B646714DA0B43-,kpi_002,20.192307692307693,,,,Uncertain,[],
SR-BL-3243B244F2A3A939-COMP-BASE-002,kpi_002,20.192307692307693,20.192307692307693,0.0,0.0,No Change,[],
SR-BL-3243B244F2A3A939-COMP-CONS-002,kpi_002,20.192307692307693,18.173076923076923,-2.01923076923077,-10.000000000000004,Decrease,[],
SR-BL-3243B244F2A3A939-COMP-EXP-002,kpi_002,20.192307692307693,16.153846153846157,-4.0384615384615365,-19.99999999999999,Decrease,[],
SR-BL-3243B244F2A3A939-COMP-HIGH-002,kpi_002,20.192307692307693,13.125000000000002,-7.067307692307692,-34.99999999999999,Decrease,[],
SR-BL-EC738AF2642491BB-,kpi_002,20.192307692307693,,,,Uncertain,[],
SR-BL-9E227D04DAB3386C-,kpi_002,16.199095022624434,,,,Uncertain,[],
SR-BL-708E0D60F809A0E3-COMP-BASE-002,kpi_002,16.199095022624434,16.199095022624434,0.0,0.0,No Change,[],
SR-BL-708E0D60F809A0E3-COMP-CONS-002,kpi_002,16.199095022624434,14.57918552036199,-1.619909502262443,-9.999999999999998,Decrease,[],
SR-BL-708E0D60F809A0E3-COMP-EXP-002,kpi_002,16.199095022624434,12.959276018099548,-3.239819004524886,-19.999999999999996,Decrease,[],
SR-BL-708E0D60F809A0E3-COMP-HIGH-002,kpi_002,16.199095022624434,10.529411764705882,-5.669683257918551,-35.0,Decrease,[],
SR-BL-50F2A926887EAEFE-,kpi_002,16.199095022624434,,,,Uncertain,[],
SR-BL-B3918152F7838CBE-,kpi_002,25.0,,,,Uncertain,[],
SR-BL-0FF5DC781B30E376-COMP-BASE-002,kpi_002,25.0,25.0,0.0,0.0,No Change,[],
SR-BL-0FF5DC781B30E376-COMP-CONS-002,kpi_002,25.0,22.5,-2.5,-10.0,Decrease,[],
SR-BL-0FF5DC781B30E376-COMP-EXP-002,kpi_002,25.0,20.0,-5.0,-20.0,Decrease,[],
SR-BL-0FF5DC781B30E376-COMP-HIGH-002,kpi_002,25.0,16.25,-8.75,-35.0,Decrease,[],
SR-BL-2D3FFEAE90E475FC-,kpi_002,25.0,,,,Uncertain,[],
SR-BL-9E2F1AA9469B4319-,kpi_002,23.07692307692308,,,,Uncertain,[],
SR-BL-1AB0374A3339D42D-COMP-BASE-002,kpi_002,23.07692307692308,23.07692307692308,0.0,0.0,No Change,[],
SR-BL-1AB0374A3339D42D-COMP-CONS-002,kpi_002,23.07692307692308,20.769230769230774,-2.3076923076923066,-9.999999999999993,Decrease,[],
SR-BL-1AB0374A3339D42D-COMP-EXP-002,kpi_002,23.07692307692308,18.461538461538463,-4.615384615384617,-20.000000000000004,Decrease,[],
SR-BL-1AB0374A3339D42D-COMP-HIGH-002,kpi_002,23.07692307692308,15.000000000000002,-8.076923076923078,-35.0,Decrease,[],
SR-BL-259569643BC5D658-,kpi_002,23.07692307692308,,,,Uncertain,[],
SR-BL-B019D39672E7C38D-,kpi_002,18.629807692307693,,,,Uncertain,[],
SR-BL-2F13768166C08BF3-COMP-BASE-002,kpi_002,18.629807692307693,18.629807692307693,0.0,0.0,No Change,[],
SR-BL-2F13768166C08BF3-COMP-CONS-002,kpi_002,18.629807692307693,16.766826923076923,-1.86298076923077,-10.000000000000004,Decrease,[],
SR-BL-2F13768166C08BF3-COMP-EXP-002,kpi_002,18.629807692307693,14.903846153846155,-3.7259615384615383,-20.0,Decrease,[],
SR-BL-2F13768166C08BF3-COMP-HIGH-002,kpi_002,18.629807692307693,12.109375000000002,-6.520432692307692,-34.99999999999999,Decrease,[],
SR-BL-11879640E81344F6-,kpi_002,18.629807692307693,,,,Uncertain,[],
SR-BL-83645F4325A31DF8-,kpi_002,16.923076923076923,,,,Uncertain,[],
SR-BL-CCD1F0648DF417E7-COMP-BASE-002,kpi_002,16.923076923076923,16.923076923076923,0.0,0.0,No Change,[],
SR-BL-CCD1F0648DF417E7-COMP-CONS-002,kpi_002,16.923076923076923,15.230769230769232,-1.6923076923076916,-9.999999999999996,Decrease,[],
SR-BL-CCD1F0648DF417E7-COMP-EXP-002,kpi_002,16.923076923076923,13.53846153846154,-3.3846153846153832,-19.999999999999993,Decrease,[],
SR-BL-CCD1F0648DF417E7-COMP-HIGH-002,kpi_002,16.923076923076923,11.0,-5.923076923076923,-35.0,Decrease,[],
SR-BL-F83B36C6F819414A-,kpi_002,16.923076923076923,,,,Uncertain,[],
SR-BL-9CE70EED6A18A43A-,kpi_002,30.0,,,,Uncertain,[],
SR-BL-EDFEFEEFE780B78F-COMP-BASE-002,kpi_002,30.0,30.0,0.0,0.0,No Change,[],
SR-BL-EDFEFEEFE780B78F-COMP-CONS-002,kpi_002,30.0,27.0,-3.0,-10.0,Decrease,[],
SR-BL-EDFEFEEFE780B78F-COMP-EXP-002,kpi_002,30.0,24.0,-6.0,-20.0,Decrease,[],
SR-BL-EDFEFEEFE780B78F-COMP-HIGH-002,kpi_002,30.0,19.5,-10.5,-35.0,Decrease,[],
SR-BL-6A658ED93902E992-,kpi_002,30.0,,,,Uncertain,[],
SR-BL-6EF86569B42D3CE4-,kpi_002,23.52941176470588,,,,Uncertain,[],
SR-BL-236419D4F0EF55BD-COMP-BASE-002,kpi_002,23.52941176470588,23.52941176470588,0.0,0.0,No Change,[],
SR-BL-236419D4F0EF55BD-COMP-CONS-002,kpi_002,23.52941176470588,21.176470588235293,-2.352941176470587,-9.999999999999995,Decrease,[],
SR-BL-236419D4F0EF55BD-COMP-EXP-002,kpi_002,23.52941176470588,18.823529411764707,-4.705882352941174,-19.99999999999999,Decrease,[],
SR-BL-236419D4F0EF55BD-COMP-HIGH-002,kpi_002,23.52941176470588,15.294117647058822,-8.235294117647058,-35.0,Decrease,[],
SR-BL-53C31B79F4B320D4-,kpi_002,23.52941176470588,,,,Uncertain,[],
SR-BL-86C0E1139E076812-,kpi_002,23.07692307692308,,,,Uncertain,[],
SR-BL-4AD80E402F2044AB-COMP-BASE-002,kpi_002,23.07692307692308,23.07692307692308,0.0,0.0,No Change,[],
SR-BL-4AD80E402F2044AB-COMP-CONS-002,kpi_002,23.07692307692308,20.769230769230774,-2.3076923076923066,-9.999999999999993,Decrease,[],
SR-BL-4AD80E402F2044AB-COMP-EXP-002,kpi_002,23.07692307692308,18.461538461538463,-4.615384615384617,-20.000000000000004,Decrease,[],
SR-BL-4AD80E402F2044AB-COMP-HIGH-002,kpi_002,23.07692307692308,15.000000000000002,-8.076923076923078,-35.0,Decrease,[],
SR-BL-DB148A3FC65B1A49-,kpi_002,23.07692307692308,,,,Uncertain,[],
SR-BL-9F59256B1F93A2FE-,kpi_002,15.384615384615383,,,,Uncertain,[],
SR-BL-5F70E8D8CDCD3FA1-COMP-BASE-002,kpi_002,15.384615384615383,15.384615384615383,0.0,0.0,No Change,[],
SR-BL-5F70E8D8CDCD3FA1-COMP-CONS-002,kpi_002,15.384615384615383,13.846153846153845,-1.5384615384615383,-10.0,Decrease,[],
SR-BL-5F70E8D8CDCD3FA1-COMP-EXP-002,kpi_002,15.384615384615383,12.307692307692307,-3.0769230769230766,-20.0,Decrease,[],
SR-BL-5F70E8D8CDCD3FA1-COMP-HIGH-002,kpi_002,15.384615384615383,10.0,-5.384615384615383,-34.99999999999999,Decrease,[],
SR-BL-A49FE82E16CFE20A-,kpi_002,15.384615384615383,,,,Uncertain,[],
SR-BL-F6FF5B6CB6C54239-,kpi_002,15.384615384615383,,,,Uncertain,[],
SR-BL-A2D4B87CED1D8FBA-COMP-BASE-002,kpi_002,15.384615384615383,15.384615384615383,0.0,0.0,No Change,[],
SR-BL-A2D4B87CED1D8FBA-COMP-CONS-002,kpi_002,15.384615384615383,13.846153846153845,-1.5384615384615383,-10.0,Decrease,[],
SR-BL-A2D4B87CED1D8FBA-COMP-EXP-002,kpi_002,15.384615384615383,12.307692307692307,-3.0769230769230766,-20.0,Decrease,[],
SR-BL-A2D4B87CED1D8FBA-COMP-HIGH-002,kpi_002,15.384615384615383,10.0,-5.384615384615383,-34.99999999999999,Decrease,[],
SR-BL-06C660ED656D90B4-,kpi_002,15.384615384615383,,,,Uncertain,[],
SR-BL-0AA1713C3471F36A-,kpi_002,19.851190476190474,,,,Uncertain,[],
SR-BL-7C780C8FC9E335FE-COMP-BASE-002,kpi_002,19.851190476190474,19.851190476190474,0.0,0.0,No Change,[],
SR-BL-7C780C8FC9E335FE-COMP-CONS-002,kpi_002,19.851190476190474,17.866071428571427,-1.9851190476190474,-10.0,Decrease,[],
SR-BL-7C780C8FC9E335FE-COMP-EXP-002,kpi_002,19.851190476190474,15.88095238095238,-3.970238095238095,-20.0,Decrease,[],
SR-BL-7C780C8FC9E335FE-COMP-HIGH-002,kpi_002,19.851190476190474,12.903273809523808,-6.947916666666666,-35.0,Decrease,[],
SR-BL-2DDFE958A0C84D1F-,kpi_002,19.851190476190474,,,,Uncertain,[],
SR-BL-478F9F7063FC1ADE-,kpi_002,15.384615384615383,,,,Uncertain,[],
SR-BL-115F5DAD55E1127E-COMP-BASE-002,kpi_002,15.384615384615383,15.384615384615383,0.0,0.0,No Change,[],
SR-BL-115F5DAD55E1127E-COMP-CONS-002,kpi_002,15.384615384615383,13.846153846153845,-1.5384615384615383,-10.0,Decrease,[],
SR-BL-115F5DAD55E1127E-COMP-EXP-002,kpi_002,15.384615384615383,12.307692307692307,-3.0769230769230766,-20.0,Decrease,[],
SR-BL-115F5DAD55E1127E-COMP-HIGH-002,kpi_002,15.384615384615383,10.0,-5.384615384615383,-34.99999999999999,Decrease,[],
SR-BL-9FD5C4E7DCC05EAC-,kpi_002,15.384615384615383,,,,Uncertain,[],
SR-BL-8359E691E4D65417-,kpi_002,15.384615384615383,,,,Uncertain,[],
SR-BL-75AED2490A9FD068-COMP-BASE-002,kpi_002,15.384615384615383,15.384615384615383,0.0,0.0,No Change,[],
SR-BL-75AED2490A9FD068-COMP-CONS-002,kpi_002,15.384615384615383,13.846153846153845,-1.5384615384615383,-10.0,Decrease,[],
SR-BL-75AED2490A9FD068-COMP-EXP-002,kpi_002,15.384615384615383,12.307692307692307,-3.0769230769230766,-20.0,Decrease,[],
SR-BL-75AED2490A9FD068-COMP-HIGH-002,kpi_002,15.384615384615383,10.0,-5.384615384615383,-34.99999999999999,Decrease,[],
SR-BL-0880A8400804356B-,kpi_002,15.384615384615383,,,,Uncertain,[],
SR-BL-767ED8EC7F2314B8-,kpi_002,20.0,,,,Uncertain,[],
SR-BL-77E9E29455DF9DE5-COMP-BASE-002,kpi_002,20.0,20.0,0.0,0.0,No Change,[],
SR-BL-77E9E29455DF9DE5-COMP-CONS-002,kpi_002,20.0,18.0,-2.0,-10.0,Decrease,[],
SR-BL-77E9E29455DF9DE5-COMP-EXP-002,kpi_002,20.0,16.0,-4.0,-20.0,Decrease,[],
SR-BL-77E9E29455DF9DE5-COMP-HIGH-002,kpi_002,20.0,13.0,-7.0,-35.0,Decrease,[],
SR-BL-A1750ED20077C520-,kpi_002,20.0,,,,Uncertain,[],
SR-BL-4821A8556C080B6E-,kpi_002,23.07692307692308,,,,Uncertain,[],
SR-BL-2E258E2B6EECBB9A-COMP-BASE-002,kpi_002,23.07692307692308,23.07692307692308,0.0,0.0,No Change,[],
SR-BL-2E258E2B6EECBB9A-COMP-CONS-002,kpi_002,23.07692307692308,20.769230769230774,-2.3076923076923066,-9.999999999999993,Decrease,[],
SR-BL-2E258E2B6EECBB9A-COMP-EXP-002,kpi_002,23.07692307692308,18.461538461538463,-4.615384615384617,-20.000000000000004,Decrease,[],
SR-BL-2E258E2B6EECBB9A-COMP-HIGH-002,kpi_002,23.07692307692308,15.000000000000002,-8.076923076923078,-35.0,Decrease,[],
SR-BL-31AA222832E28967-,kpi_002,23.07692307692308,,,,Uncertain,[],
SR-BL-D025D8D663C11391-,kpi_002,12.425595238095237,,,,Uncertain,[],
SR-BL-7B5E7D4C33015107-COMP-BASE-002,kpi_002,12.425595238095237,12.425595238095237,0.0,0.0,No Change,[],
SR-BL-7B5E7D4C33015107-COMP-CONS-002,kpi_002,12.425595238095237,11.183035714285714,-1.2425595238095237,-10.0,Decrease,[],
SR-BL-7B5E7D4C33015107-COMP-EXP-002,kpi_002,12.425595238095237,9.94047619047619,-2.4851190476190474,-20.0,Decrease,[],
SR-BL-7B5E7D4C33015107-COMP-HIGH-002,kpi_002,12.425595238095237,8.076636904761905,-4.348958333333332,-34.99999999999999,Decrease,[],
SR-BL-E4EBBD8B222CCE23-,kpi_002,12.425595238095237,,,,Uncertain,[],
SR-BL-60176ECC72D0CF72-,kpi_004,45.8786245854942,,,,Uncertain,[],
SR-BL-717C3041C52D461B-,kpi_004,47.66037735849056,,,,Uncertain,[],
SR-BL-A59EA802A0FB8080-,kpi_004,47.3671875,,,,Uncertain,[],
SR-BL-A3B0C3014BCA4A25-,kpi_004,47.67479674796748,,,,Uncertain,[],
SR-BL-04DB2DCC55B39B6B-,kpi_004,47.35652173913044,,,,Uncertain,[],
SR-BL-8C252FC6FAAFBF21-,kpi_004,55.13123413596762,,,,Uncertain,[],
SR-BL-DF599DF8EE7050E7-COMP-BASE-003,kpi_004,55.13123413596762,55.13123413596762,0.0,0.0,No Change,[],
SR-BL-DF599DF8EE7050E7-COMP-CONS-003,kpi_004,55.13123413596762,58.60331792912449,3.4720837931568767,6.297852474323061,Increase,[],
SR-BL-DF599DF8EE7050E7-COMP-EXP-003,kpi_004,55.13123413596762,61.789941635506565,6.658707499538949,12.077922077922084,Increase,[],
SR-BL-DF599DF8EE7050E7-COMP-HIGH-003,kpi_004,55.13123413596762,66.70223006236178,11.570995926394161,20.988095238095248,Increase,[],
SR-BL-DE1A6414A0B5A1CF-,kpi_004,55.13123413596762,,,,Uncertain,[],
SR-BL-F7E23B6852FBE17F-,kpi_004,54.40870949086626,,,,Uncertain,[],
SR-BL-0B92FC41A972F69B-COMP-BASE-003,kpi_004,54.40870949086626,54.40870949086626,0.0,0.0,No Change,[],
SR-BL-0B92FC41A972F69B-COMP-CONS-003,kpi_004,54.40870949086626,57.835289747784024,3.4265802569177666,6.297852474323061,Increase,[],
SR-BL-0B92FC41A972F69B-COMP-EXP-003,kpi_004,54.40870949086626,60.980151026776085,6.571441535909827,12.07792207792209,Increase,[],
SR-BL-0B92FC41A972F69B-COMP-HIGH-003,kpi_004,54.40870949086626,65.82806125662783,11.419351765761576,20.988095238095244,Increase,[],
SR-BL-CB4EDD32E4E3B3C9-,kpi_004,54.40870949086626,,,,Uncertain,[],
SR-BL-0EF8FBF86E62EB02-,kpi_004,54.318490803834074,,,,Uncertain,[],
SR-BL-A0612B49C9FE475C-COMP-BASE-003,kpi_004,54.318490803834074,54.318490803834074,0.0,0.0,No Change,[],
SR-BL-A0612B49C9FE475C-COMP-CONS-003,kpi_004,54.318490803834074,57.739389220938286,3.420898417104212,6.297852474323067,Increase,[],
SR-BL-A0612B49C9FE475C-COMP-EXP-003,kpi_004,54.318490803834074,60.87903579702443,6.560544993190355,12.07792207792209,Increase,[],
SR-BL-A0612B49C9FE475C-COMP-HIGH-003,kpi_004,54.318490803834074,65.71890738563877,11.400416581804699,20.988095238095237,Increase,[],
SR-BL-187B3482F61B6576-,kpi_004,54.318490803834074,,,,Uncertain,[],
SR-BL-35D096A82C22F473--MON,kpi_005,,,,,Uncertain,[],
SR-BL-2CAF626A08B041D9--MON,kpi_005,,,,,Uncertain,[],
SR-BL-EE87F7F75CB80C5E--MON,kpi_005,,,,,Uncertain,[],
SR-BL-8EFC1BF74F136CA8--MON,kpi_005,,,,,Uncertain,[],
SR-BL-59F4B76F203E4788--MON,kpi_005,,,,,Uncertain,[],
SR-BL-065804D3B54B5BCE--MON,kpi_005,,,,,Uncertain,[],
SR-BL-F9F5409E57CED1D3--MON,kpi_005,,,,,Uncertain,[],
SR-BL-C7EE0D3C6944D83E--MON,kpi_005,,,,,Uncertain,[],
SR-BL-C62E9B4165011B3E--MON,kpi_005,,,,,Uncertain,[],
SR-BL-4EAE14B624EBB955--MON,kpi_005,,,,,Uncertain,[],
SR-BL-661211B94BDF4832--MON,kpi_005,,,,,Uncertain,[],
SR-BL-9B7E360269902906--MON,kpi_005,,,,,Uncertain,[],
SR-BL-885386B68F74031B--MON,kpi_005,,,,,Uncertain,[],
SR-BL-72187E3C7E7E838B--MON,kpi_005,,,,,Uncertain,[],
SR-BL-A58E6E71A2C764C6--MON,kpi_005,,,,,Uncertain,[],
SR-BL-BCB2904AB4DB5BE2--MON,kpi_005,,,,,Uncertain,[],
SR-BL-21ED7D1362C9123C--MON,kpi_006,,,,,Uncertain,[],
SR-BL-3F408940C70A1B57--MON,kpi_006,,,,,Uncertain,[],
SR-BL-8B8996887F07D91A--MON,kpi_006,,,,,Uncertain,[],
SR-BL-DF7AD94C4508EE27--MON,kpi_006,,,,,Uncertain,[],
SR-BL-F65B036FD808132B--MON,kpi_006,,,,,Uncertain,[],
SR-BL-9D1CB23AE04E7E48--MON,kpi_006,,,,,Uncertain,[],
SR-BL-4E4EBBDED75CE2DA--MON,kpi_006,,,,,Uncertain,[],
SR-BL-39F856789B6B4530--MON,kpi_006,,,,,Uncertain,[],
SR-BL-F5781E592DDD54BF--MON,kpi_006,,,,,Uncertain,[],
SR-BL-4DE7629234990145--MON,kpi_006,,,,,Uncertain,[],
SR-BL-5143F2D5659F0C75--MON,kpi_006,,,,,Uncertain,[],
SR-BL-11F076839A1E9D5B--MON,kpi_006,,,,,Uncertain,[],
SR-BL-6CD11DC1E205ABD5--MON,kpi_006,,,,,Uncertain,[],
SR-BL-C02E65A8C56E8632--MON,kpi_006,,,,,Uncertain,[],
SR-BL-B77126A09675DD1C--MON,kpi_006,,,,,Uncertain,[],
SR-BL-A33B7F1B8BB31C96--MON,kpi_006,,,,,Uncertain,[],
SR-BL-640975197FA04042--MON,kpi_006,,,,,Uncertain,[],
SR-BL-AC8E243687963490--MON,kpi_006,,,,,Uncertain,[],
SR-BL-8B558A9842645EAC--MON,kpi_006,,,,,Uncertain,[],
SR-BL-73CA478C5F4986E2--MON,kpi_006,,,,,Uncertain,[],
SR-BL-9E2DF988B69B0C34--MON,kpi_006,,,,,Uncertain,[],
SR-BL-D7817169735BB48F--MON,kpi_006,,,,,Uncertain,[],
SR-BL-E6F13C1E488B0636--MON,kpi_006,,,,,Uncertain,[],
SR-BL-F979132E34F53F71--MON,kpi_006,,,,,Uncertain,[],
SR-BL-DD8B5C585D4A368B--MON,kpi_006,,,,,Uncertain,[],
SR-BL-113F02FA67839817--MON,kpi_006,,,,,Uncertain,[],
SR-BL-BD44C5662AD685F3--MON,kpi_006,,,,,Uncertain,[],
SR-BL-00C71683938CAED2--MON,kpi_006,,,,,Uncertain,[],
SR-BL-70D364EF34F9A430--MON,kpi_006,,,,,Uncertain,[],
SR-BL-27D9CD0C766D5773--MON,kpi_006,,,,,Uncertain,[],
SR-BL-D4F581BA90AA7D0D--MON,kpi_006,,,,,Uncertain,[],
SR-BL-BDC01C1266A6E75F--MON,kpi_006,,,,,Uncertain,[],
SR-BL-90EF043027716DEC--MON,kpi_006,,,,,Uncertain,[],
SR-BL-CCC4105891D139B0--MON,kpi_006,,,,,Uncertain,[],
SR-BL-1F2D37CDCADE7AAC--MON,kpi_006,,,,,Uncertain,[],
SR-BL-94DF98046EE1E00F--MON,kpi_006,,,,,Uncertain,[],
SR-BL-1FB41F7B58A47EB6--MON,kpi_006,,,,,Uncertain,[],
SR-BL-F603A8FACAF7ADEF--MON,kpi_006,,,,,Uncertain,[],
SR-BL-87395B849B04888D--MON,kpi_006,,,,,Uncertain,[],
SR-BL-0935E02D1B4731AD--MON,kpi_006,,,,,Uncertain,[],
SR-BL-EED85294B154B96F--MON,kpi_006,,,,,Uncertain,[],
SR-BL-BC4A66BC39B09EA1--MON,kpi_006,,,,,Uncertain,[],
SR-BL-B4129373EF43AAF4-,kpi_001,77.77777777777779,,,,Uncertain,[],
SR-BL-6F8BFFC14A228B81-COMP-BASE-001,kpi_001,77.77777777777779,77.77777777777779,0.0,0.0,No Change,[],
SR-BL-6F8BFFC14A228B81-COMP-CONS-001,kpi_001,77.77777777777779,88.88888888888889,2.0,11.1111111111111,Increase,[],
SR-BL-6F8BFFC14A228B81-COMP-EXP-001,kpi_001,77.77777777777779,100.0,5.0,22.222222222222214,Increase,[],
SR-BL-6F8BFFC14A228B81-COMP-HIGH-001,kpi_001,77.77777777777779,100.0,9.0,22.222222222222214,Increase,[],
SR-BL-B1A264E3E5651E6C-,kpi_001,77.77777777777779,,,,Uncertain,[],
SR-BL-478DE0B55E86E85C-,kpi_001,80.0,,,,Uncertain,[],
SR-BL-1E015E22AD2D25A5-COMP-BASE-001,kpi_001,80.0,80.0,0.0,0.0,No Change,[],
SR-BL-1E015E22AD2D25A5-COMP-CONS-001,kpi_001,80.0,93.33333333333333,2.0,13.333333333333329,Increase,[],
SR-BL-1E015E22AD2D25A5-COMP-EXP-001,kpi_001,80.0,100.0,5.0,20.0,Increase,[],
SR-BL-1E015E22AD2D25A5-COMP-HIGH-001,kpi_001,80.0,100.0,9.0,20.0,Increase,[],
SR-BL-AB66174EBCB53783-,kpi_001,80.0,,,,Uncertain,[],
SR-BL-F387C8AEE3022793-,kpi_001,81.25,,,,Uncertain,[],
SR-BL-6066780E8FD7DD47-COMP-BASE-001,kpi_001,81.25,81.25,0.0,0.0,No Change,[],
SR-BL-6066780E8FD7DD47-COMP-CONS-001,kpi_001,81.25,93.75,2.0,12.5,Increase,[],
SR-BL-6066780E8FD7DD47-COMP-EXP-001,kpi_001,81.25,100.0,5.0,18.75,Increase,[],
SR-BL-6066780E8FD7DD47-COMP-HIGH-001,kpi_001,81.25,100.0,9.0,18.75,Increase,[],
SR-BL-B461E91992329E83-,kpi_001,81.25,,,,Uncertain,[],
SR-BL-C83813AA86405761-,kpi_001,78.57142857142857,,,,Uncertain,[],
SR-BL-ACC46F6CB15B6EBF-COMP-BASE-001,kpi_001,78.57142857142857,78.57142857142857,0.0,0.0,No Change,[],
SR-BL-ACC46F6CB15B6EBF-COMP-CONS-001,kpi_001,78.57142857142857,92.85714285714286,2.0,14.285714285714292,Increase,[],
SR-BL-ACC46F6CB15B6EBF-COMP-EXP-001,kpi_001,78.57142857142857,100.0,5.0,21.42857142857143,Increase,[],
SR-BL-ACC46F6CB15B6EBF-COMP-HIGH-001,kpi_001,78.57142857142857,100.0,9.0,21.42857142857143,Increase,[],
SR-BL-FA693CCF4B81F7B5-,kpi_001,78.57142857142857,,,,Uncertain,[],
SR-BL-388C72DB07B5FAAB-,kpi_001,85.51925198984021,,,,Uncertain,[],
SR-BL-F42FAC4C4D3A4309-COMP-BASE-001,kpi_001,85.51925198984021,85.36585365853658,0.0,-0.15339833130363445,Decrease,[],
SR-BL-F42FAC4C4D3A4309-COMP-CONS-001,kpi_001,85.51925198984021,100.0,2.0,14.480748010159786,Increase,[],
SR-BL-F42FAC4C4D3A4309-COMP-EXP-001,kpi_001,85.51925198984021,100.0,4.999999999999998,14.480748010159786,Increase,[],
SR-BL-F42FAC4C4D3A4309-COMP-HIGH-001,kpi_001,85.51925198984021,100.0,8.999999999999998,14.480748010159786,Increase,[],
SR-BL-4E0616D87B3E8EF7-,kpi_001,85.51925198984021,,,,Uncertain,[],
SR-BL-64039B8E895FE70E-,kpi_001,82.35294117647058,,,,Uncertain,[],
SR-BL-F31A0E1BCBEA15E3-COMP-BASE-001,kpi_001,82.35294117647058,82.35294117647058,0.0,0.0,No Change,[],
SR-BL-F31A0E1BCBEA15E3-COMP-CONS-001,kpi_001,82.35294117647058,94.11764705882352,2.0,11.764705882352942,Increase,[],
SR-BL-F31A0E1BCBEA15E3-COMP-EXP-001,kpi_001,82.35294117647058,100.0,5.0,17.64705882352942,Increase,[],
SR-BL-F31A0E1BCBEA15E3-COMP-HIGH-001,kpi_001,82.35294117647058,100.0,9.0,17.64705882352942,Increase,[],
SR-BL-FF424A0AB382C7BF-,kpi_001,82.35294117647058,,,,Uncertain,[],
SR-BL-0E0F6211930F0546-,kpi_001,69.23076923076923,,,,Uncertain,[],
SR-BL-10FA56CAF893F136-COMP-BASE-001,kpi_001,69.23076923076923,69.23076923076923,0.0,0.0,No Change,[],
SR-BL-10FA56CAF893F136-COMP-CONS-001,kpi_001,69.23076923076923,84.61538461538461,2.0,15.384615384615387,Increase,[],
SR-BL-10FA56CAF893F136-COMP-EXP-001,kpi_001,69.23076923076923,100.0,5.0,30.769230769230774,Increase,[],
SR-BL-10FA56CAF893F136-COMP-HIGH-001,kpi_001,69.23076923076923,100.0,9.0,30.769230769230774,Increase,[],
SR-BL-C538D938C4765B07-,kpi_001,69.23076923076923,,,,Uncertain,[],
SR-BL-22F0626F953D3520-,kpi_001,73.97435897435898,,,,Uncertain,[],
SR-BL-631AA6ED81601D84-COMP-BASE-001,kpi_001,73.97435897435898,74.28571428571429,0.0,0.3113553113553138,Increase,[],
SR-BL-631AA6ED81601D84-COMP-CONS-001,kpi_001,73.97435897435898,91.42857142857143,2.0,17.454212454212453,Increase,[],
SR-BL-631AA6ED81601D84-COMP-EXP-001,kpi_001,73.97435897435898,100.0,5.0,26.025641025641022,Increase,[],
SR-BL-631AA6ED81601D84-COMP-HIGH-001,kpi_001,73.97435897435898,100.0,8.999999999999998,26.025641025641022,Increase,[],
SR-BL-03D0BBAD8BC967C8-,kpi_001,73.97435897435898,,,,Uncertain,[],
SR-BL-3299C937AA7B9B88-,kpi_001,85.09920634920636,,,,Uncertain,[],
SR-BL-F6B2E5E23B8A7322-COMP-BASE-001,kpi_001,85.09920634920636,84.61538461538461,0.0,-0.4838217338217419,Decrease,[],
SR-BL-F6B2E5E23B8A7322-COMP-CONS-001,kpi_001,85.09920634920636,98.07692307692307,2.0,12.977716727716711,Increase,[],
SR-BL-F6B2E5E23B8A7322-COMP-EXP-001,kpi_001,85.09920634920636,100.0,4.999999999999998,14.900793650793645,Increase,[],
SR-BL-F6B2E5E23B8A7322-COMP-HIGH-001,kpi_001,85.09920634920636,100.0,8.999999999999998,14.900793650793645,Increase,[],
SR-BL-DB0730D6C69AD29B-,kpi_001,85.09920634920636,,,,Uncertain,[],
SR-BL-AAC69201781022FD-,kpi_001,80.0,,,,Uncertain,[],
SR-BL-7FB2C8C6F74E5FEC-COMP-BASE-001,kpi_001,80.0,80.0,0.0,0.0,No Change,[],
SR-BL-7FB2C8C6F74E5FEC-COMP-CONS-001,kpi_001,80.0,93.33333333333333,2.0,13.333333333333329,Increase,[],
SR-BL-7FB2C8C6F74E5FEC-COMP-EXP-001,kpi_001,80.0,100.0,5.0,20.0,Increase,[],
SR-BL-7FB2C8C6F74E5FEC-COMP-HIGH-001,kpi_001,80.0,100.0,9.0,20.0,Increase,[],
SR-BL-1AC83ADDF0B1A3E5-,kpi_001,80.0,,,,Uncertain,[],
SR-BL-E17A9C26B96BC14A-,kpi_001,83.33333333333334,,,,Uncertain,[],
SR-BL-0AD930E0AC51BA76-COMP-BASE-001,kpi_001,83.33333333333334,83.33333333333334,0.0,0.0,No Change,[],
SR-BL-0AD930E0AC51BA76-COMP-CONS-001,kpi_001,83.33333333333334,100.0,2.0,16.666666666666657,Increase,[],
SR-BL-0AD930E0AC51BA76-COMP-EXP-001,kpi_001,83.33333333333334,100.0,5.0,16.666666666666657,Increase,[],
SR-BL-0AD930E0AC51BA76-COMP-HIGH-001,kpi_001,83.33333333333334,100.0,9.0,16.666666666666657,Increase,[],
SR-BL-0C63E59B03BB3FD5-,kpi_001,83.33333333333334,,,,Uncertain,[],
SR-BL-41A70FB42FE3FEAA-,kpi_001,81.25,,,,Uncertain,[],
SR-BL-3865B4B4B991BFF5-COMP-BASE-001,kpi_001,81.25,81.25,0.0,0.0,No Change,[],
SR-BL-3865B4B4B991BFF5-COMP-CONS-001,kpi_001,81.25,93.75,2.0,12.5,Increase,[],
SR-BL-3865B4B4B991BFF5-COMP-EXP-001,kpi_001,81.25,100.0,5.0,18.75,Increase,[],
SR-BL-3865B4B4B991BFF5-COMP-HIGH-001,kpi_001,81.25,100.0,9.0,18.75,Increase,[],
SR-BL-9B5928994E7FEA5F-,kpi_001,81.25,,,,Uncertain,[],
SR-BL-A188C02CFBAFA1DA-,kpi_001,78.57142857142857,,,,Uncertain,[],
SR-BL-41190B74CBFF97DC-COMP-BASE-001,kpi_001,78.57142857142857,78.57142857142857,0.0,0.0,No Change,[],
SR-BL-41190B74CBFF97DC-COMP-CONS-001,kpi_001,78.57142857142857,92.85714285714286,2.0,14.285714285714292,Increase,[],
SR-BL-41190B74CBFF97DC-COMP-EXP-001,kpi_001,78.57142857142857,100.0,5.0,21.42857142857143,Increase,[],
SR-BL-41190B74CBFF97DC-COMP-HIGH-001,kpi_001,78.57142857142857,100.0,9.0,21.42857142857143,Increase,[],
SR-BL-462B3B4505EFA77B-,kpi_001,78.57142857142857,,,,Uncertain,[],
SR-BL-D6DD03960810729C-,kpi_001,77.29166666666666,,,,Uncertain,[],
SR-BL-365F3CDA682E06AB-COMP-BASE-001,kpi_001,77.29166666666666,77.41935483870968,0.0,0.12768817204302252,Increase,[],
SR-BL-365F3CDA682E06AB-COMP-CONS-001,kpi_001,77.29166666666666,90.32258064516128,2.0,13.030913978494624,Increase,[],
SR-BL-365F3CDA682E06AB-COMP-EXP-001,kpi_001,77.29166666666666,100.0,5.0,22.708333333333343,Increase,[],
SR-BL-365F3CDA682E06AB-COMP-HIGH-001,kpi_001,77.29166666666666,100.0,9.0,22.708333333333343,Increase,[],
SR-BL-771D233C84FA1A0C-,kpi_001,77.29166666666666,,,,Uncertain,[],
SR-BL-ADDE9BCE5485A4EE-,kpi_001,83.48476890756302,,,,Uncertain,[],
SR-BL-7FB623F904162769-COMP-BASE-001,kpi_001,83.48476890756302,83.87096774193549,0.0,0.3861988343724647,Increase,[],
SR-BL-7FB623F904162769-COMP-CONS-001,kpi_001,83.48476890756302,96.7741935483871,2.0,13.28942464082408,Increase,[],
SR-BL-7FB623F904162769-COMP-EXP-001,kpi_001,83.48476890756302,100.0,5.0,16.515231092436977,Increase,[],
SR-BL-7FB623F904162769-COMP-HIGH-001,kpi_001,83.48476890756302,100.0,9.0,16.515231092436977,Increase,[],
SR-BL-81338364C7A3CA31-,kpi_001,83.48476890756302,,,,Uncertain,[],
SR-BL-86D0A53ACEBC7492-,kpi_001,72.72727272727273,,,,Uncertain,[],
SR-BL-6B8BB20E172B6851-COMP-BASE-001,kpi_001,72.72727272727273,72.72727272727273,0.0,0.0,No Change,[],
SR-BL-6B8BB20E172B6851-COMP-CONS-001,kpi_001,72.72727272727273,90.9090909090909,2.0,18.181818181818173,Increase,[],
SR-BL-6B8BB20E172B6851-COMP-EXP-001,kpi_001,72.72727272727273,100.0,5.0,27.272727272727266,Increase,[],
SR-BL-6B8BB20E172B6851-COMP-HIGH-001,kpi_001,72.72727272727273,100.0,9.0,27.272727272727266,Increase,[],
SR-BL-A0922442B4F736D1-,kpi_001,72.72727272727273,,,,Uncertain,[],
SR-BL-4EB0748305EF0771-,kpi_001,81.81818181818183,,,,Uncertain,[],
SR-BL-0B5A85869F8B8397-COMP-BASE-001,kpi_001,81.81818181818183,81.81818181818183,0.0,0.0,No Change,[],
SR-BL-0B5A85869F8B8397-COMP-CONS-001,kpi_001,81.81818181818183,100.0,2.0,18.181818181818173,Increase,[],
SR-BL-0B5A85869F8B8397-COMP-EXP-001,kpi_001,81.81818181818183,100.0,5.0,18.181818181818173,Increase,[],
SR-BL-0B5A85869F8B8397-COMP-HIGH-001,kpi_001,81.81818181818183,100.0,9.0,18.181818181818173,Increase,[],
SR-BL-42495FC3D7B9D4E0-,kpi_001,81.81818181818183,,,,Uncertain,[],
SR-BL-8564DD0F463F96F6-,kpi_001,85.04193722943722,,,,Uncertain,[],
SR-BL-A25C9716E2AC7EBD-COMP-BASE-001,kpi_001,85.04193722943722,85.71428571428571,0.0,0.6723484848484844,Increase,[],
SR-BL-A25C9716E2AC7EBD-COMP-CONS-001,kpi_001,85.04193722943722,100.0,2.0,14.958062770562776,Increase,[],
SR-BL-A25C9716E2AC7EBD-COMP-EXP-001,kpi_001,85.04193722943722,100.0,5.0,14.958062770562776,Increase,[],
SR-BL-A25C9716E2AC7EBD-COMP-HIGH-001,kpi_001,85.04193722943722,100.0,9.0,14.958062770562776,Increase,[],
SR-BL-E35104AF0515029B-,kpi_001,85.04193722943722,,,,Uncertain,[],
SR-BL-9B3CAD8368A7E747-,kpi_001,80.0,,,,Uncertain,[],
SR-BL-C1C45E32A2C1DA10-COMP-BASE-001,kpi_001,80.0,80.0,0.0,0.0,No Change,[],
SR-BL-C1C45E32A2C1DA10-COMP-CONS-001,kpi_001,80.0,93.33333333333333,2.0,13.333333333333329,Increase,[],
SR-BL-C1C45E32A2C1DA10-COMP-EXP-001,kpi_001,80.0,100.0,5.0,20.0,Increase,[],
SR-BL-C1C45E32A2C1DA10-COMP-HIGH-001,kpi_001,80.0,100.0,9.0,20.0,Increase,[],
SR-BL-27B856A1B20EF768-,kpi_001,80.0,,,,Uncertain,[],
SR-BL-1ECBC783572DB7BF-,kpi_001,84.37229437229438,,,,Uncertain,[],
SR-BL-C4EB16F780D437C5-COMP-BASE-001,kpi_001,84.37229437229438,85.18518518518519,0.0,0.8128908128908137,Increase,[],
SR-BL-C4EB16F780D437C5-COMP-CONS-001,kpi_001,84.37229437229438,100.0,2.0,15.627705627705623,Increase,[],
SR-BL-C4EB16F780D437C5-COMP-EXP-001,kpi_001,84.37229437229438,100.0,5.0,15.627705627705623,Increase,[],
SR-BL-C4EB16F780D437C5-COMP-HIGH-001,kpi_001,84.37229437229438,100.0,9.0,15.627705627705623,Increase,[],
SR-BL-AA3C4483041BF671-,kpi_001,84.37229437229438,,,,Uncertain,[],
SR-BL-45974E37AAA56EC4-,kpi_002,20.0,,,,Uncertain,[],
SR-BL-5AB786BB9A210BA9-COMP-BASE-002,kpi_002,20.0,20.0,0.0,0.0,No Change,[],
SR-BL-5AB786BB9A210BA9-COMP-CONS-002,kpi_002,20.0,18.0,-2.0,-10.0,Decrease,[],
SR-BL-5AB786BB9A210BA9-COMP-EXP-002,kpi_002,20.0,16.0,-4.0,-20.0,Decrease,[],
SR-BL-5AB786BB9A210BA9-COMP-HIGH-002,kpi_002,20.0,13.0,-7.0,-35.0,Decrease,[],
SR-BL-4559B8F837323FFD-,kpi_002,20.0,,,,Uncertain,[],
SR-BL-3193735CF4FD8E8E-,kpi_002,20.0,,,,Uncertain,[],
SR-BL-73F70DF48AF98D86-COMP-BASE-002,kpi_002,20.0,20.0,0.0,0.0,No Change,[],
SR-BL-73F70DF48AF98D86-COMP-CONS-002,kpi_002,20.0,18.0,-2.0,-10.0,Decrease,[],
SR-BL-73F70DF48AF98D86-COMP-EXP-002,kpi_002,20.0,16.0,-4.0,-20.0,Decrease,[],
SR-BL-73F70DF48AF98D86-COMP-HIGH-002,kpi_002,20.0,13.0,-7.0,-35.0,Decrease,[],
SR-BL-83B08A00BFB0C520-,kpi_002,20.0,,,,Uncertain,[],
SR-BL-36BEE5A89C12095E-,kpi_002,15.384615384615383,,,,Uncertain,[],
SR-BL-2CE41C509912DF71-COMP-BASE-002,kpi_002,15.384615384615383,15.384615384615383,0.0,0.0,No Change,[],
SR-BL-2CE41C509912DF71-COMP-CONS-002,kpi_002,15.384615384615383,13.846153846153845,-1.5384615384615383,-10.0,Decrease,[],
SR-BL-2CE41C509912DF71-COMP-EXP-002,kpi_002,15.384615384615383,12.307692307692307,-3.0769230769230766,-20.0,Decrease,[],
SR-BL-2CE41C509912DF71-COMP-HIGH-002,kpi_002,15.384615384615383,10.0,-5.384615384615383,-34.99999999999999,Decrease,[],
SR-BL-43A6577593892D32-,kpi_002,15.384615384615383,,,,Uncertain,[],
SR-BL-893B31146958CF09-,kpi_002,18.75,,,,Uncertain,[],
SR-BL-CD18D51E979C42EE-COMP-BASE-002,kpi_002,18.75,18.75,0.0,0.0,No Change,[],
SR-BL-CD18D51E979C42EE-COMP-CONS-002,kpi_002,18.75,16.875,-1.875,-10.0,Decrease,[],
SR-BL-CD18D51E979C42EE-COMP-EXP-002,kpi_002,18.75,15.0,-3.75,-20.0,Decrease,[],
SR-BL-CD18D51E979C42EE-COMP-HIGH-002,kpi_002,18.75,12.1875,-6.5625,-35.0,Decrease,[],
SR-BL-8AA9C30FFDDAE425-,kpi_002,18.75,,,,Uncertain,[],
SR-BL-B9093A50E1A0B20E-,kpi_002,15.384615384615383,,,,Uncertain,[],
SR-BL-AE4620047CC60360-COMP-BASE-002,kpi_002,15.384615384615383,15.384615384615383,0.0,0.0,No Change,[],
SR-BL-AE4620047CC60360-COMP-CONS-002,kpi_002,15.384615384615383,13.846153846153845,-1.5384615384615383,-10.0,Decrease,[],
SR-BL-AE4620047CC60360-COMP-EXP-002,kpi_002,15.384615384615383,12.307692307692307,-3.0769230769230766,-20.0,Decrease,[],
SR-BL-AE4620047CC60360-COMP-HIGH-002,kpi_002,15.384615384615383,10.0,-5.384615384615383,-34.99999999999999,Decrease,[],
SR-BL-479FC7035F8CD1B9-,kpi_002,15.384615384615383,,,,Uncertain,[],
SR-BL-834752C4966D8DE1-,kpi_002,15.384615384615383,,,,Uncertain,[],
SR-BL-9D66226849111836-COMP-BASE-002,kpi_002,15.384615384615383,15.384615384615383,0.0,0.0,No Change,[],
SR-BL-9D66226849111836-COMP-CONS-002,kpi_002,15.384615384615383,13.846153846153845,-1.5384615384615383,-10.0,Decrease,[],
SR-BL-9D66226849111836-COMP-EXP-002,kpi_002,15.384615384615383,12.307692307692307,-3.0769230769230766,-20.0,Decrease,[],
SR-BL-9D66226849111836-COMP-HIGH-002,kpi_002,15.384615384615383,10.0,-5.384615384615383,-34.99999999999999,Decrease,[],
SR-BL-2F0B47A5CA8720FE-,kpi_002,15.384615384615383,,,,Uncertain,[],
SR-BL-25513ADE7A78040C-,kpi_002,36.36363636363637,,,,Uncertain,[],
SR-BL-92CC9141A6E2FEA9-COMP-BASE-002,kpi_002,36.36363636363637,36.36363636363637,0.0,0.0,No Change,[],
SR-BL-92CC9141A6E2FEA9-COMP-CONS-002,kpi_002,36.36363636363637,32.727272727272734,-3.636363636363633,-9.999999999999991,Decrease,[],
SR-BL-92CC9141A6E2FEA9-COMP-EXP-002,kpi_002,36.36363636363637,29.090909090909093,-7.272727272727273,-20.0,Decrease,[],
SR-BL-92CC9141A6E2FEA9-COMP-HIGH-002,kpi_002,36.36363636363637,23.63636363636364,-12.727272727272727,-35.0,Decrease,[],
SR-BL-1510A9E65E44123E-,kpi_002,36.36363636363637,,,,Uncertain,[],
SR-BL-7F753A0C89395130-,kpi_002,12.01923076923077,,,,Uncertain,[],
SR-BL-9E8B3DFB3469FF88-COMP-BASE-002,kpi_002,12.01923076923077,12.01923076923077,0.0,0.0,No Change,[],
SR-BL-9E8B3DFB3469FF88-COMP-CONS-002,kpi_002,12.01923076923077,10.817307692307693,-1.2019230769230766,-9.999999999999996,Decrease,[],
SR-BL-9E8B3DFB3469FF88-COMP-EXP-002,kpi_002,12.01923076923077,9.615384615384617,-2.4038461538461533,-19.999999999999993,Decrease,[],
SR-BL-9E8B3DFB3469FF88-COMP-HIGH-002,kpi_002,12.01923076923077,7.812500000000001,-4.206730769230769,-35.0,Decrease,[],
SR-BL-B538DA952323157F-,kpi_002,12.01923076923077,,,,Uncertain,[],
SR-BL-7D3B145F594135A8-,kpi_002,27.27272727272727,,,,Uncertain,[],
SR-BL-D9E8F1B0F158F311-COMP-BASE-002,kpi_002,27.27272727272727,27.27272727272727,0.0,0.0,No Change,[],
SR-BL-D9E8F1B0F158F311-COMP-CONS-002,kpi_002,27.27272727272727,24.545454545454543,-2.7272727272727266,-10.0,Decrease,[],
SR-BL-D9E8F1B0F158F311-COMP-EXP-002,kpi_002,27.27272727272727,21.818181818181817,-5.454545454545453,-20.0,Decrease,[],
SR-BL-D9E8F1B0F158F311-COMP-HIGH-002,kpi_002,27.27272727272727,17.727272727272727,-9.545454545454543,-35.0,Decrease,[],
SR-BL-19B47F51000C6977-,kpi_002,27.27272727272727,,,,Uncertain,[],
SR-BL-C6A85498A730586A-,kpi_002,19.032051282051285,,,,Uncertain,[],
SR-BL-921DC570492B5F00-COMP-BASE-002,kpi_002,19.032051282051285,19.032051282051285,0.0,0.0,No Change,[],
SR-BL-921DC570492B5F00-COMP-CONS-002,kpi_002,19.032051282051285,17.12884615384616,-1.9032051282051263,-9.99999999999999,Decrease,[],
SR-BL-921DC570492B5F00-COMP-EXP-002,kpi_002,19.032051282051285,15.225641025641028,-3.806410256410256,-19.999999999999996,Decrease,[],
SR-BL-921DC570492B5F00-COMP-HIGH-002,kpi_002,19.032051282051285,12.370833333333335,-6.661217948717949,-35.0,Decrease,[],
SR-BL-468E99D95A0A138D-,kpi_002,19.032051282051285,,,,Uncertain,[],
SR-BL-DDBA33AAF307DA9D-,kpi_002,17.647058823529413,,,,Uncertain,[],
SR-BL-FF4A86119C667B26-COMP-BASE-002,kpi_002,17.647058823529413,17.647058823529413,0.0,0.0,No Change,[],
SR-BL-FF4A86119C667B26-COMP-CONS-002,kpi_002,17.647058823529413,15.882352941176473,-1.7647058823529402,-9.999999999999993,Decrease,[],
SR-BL-FF4A86119C667B26-COMP-EXP-002,kpi_002,17.647058823529413,14.11764705882353,-3.5294117647058822,-20.0,Decrease,[],
SR-BL-FF4A86119C667B26-COMP-HIGH-002,kpi_002,17.647058823529413,11.47058823529412,-6.1764705882352935,-34.99999999999999,Decrease,[],
SR-BL-4EF23BC544F25BD7-,kpi_002,17.647058823529413,,,,Uncertain,[],
SR-BL-D8E0C7562579665E-,kpi_002,18.465909090909093,,,,Uncertain,[],
SR-BL-E032CADFA9E7049E-COMP-BASE-002,kpi_002,18.465909090909093,18.465909090909093,0.0,0.0,No Change,[],
SR-BL-E032CADFA9E7049E-COMP-CONS-002,kpi_002,18.465909090909093,16.619318181818183,-1.84659090909091,-10.000000000000004,Decrease,[],
SR-BL-E032CADFA9E7049E-COMP-EXP-002,kpi_002,18.465909090909093,14.772727272727275,-3.6931818181818183,-20.0,Decrease,[],
SR-BL-E032CADFA9E7049E-COMP-HIGH-002,kpi_002,18.465909090909093,12.002840909090912,-6.463068181818182,-34.99999999999999,Decrease,[],
SR-BL-0DBC6CC22A75F9C2-,kpi_002,18.465909090909093,,,,Uncertain,[],
SR-BL-ECECFCC151A096E3-,kpi_002,26.666666666666668,,,,Uncertain,[],
SR-BL-09923380121DE9F5-COMP-BASE-002,kpi_002,26.666666666666668,26.666666666666668,0.0,0.0,No Change,[],
SR-BL-09923380121DE9F5-COMP-CONS-002,kpi_002,26.666666666666668,24.0,-2.666666666666668,-10.000000000000004,Decrease,[],
SR-BL-09923380121DE9F5-COMP-EXP-002,kpi_002,26.666666666666668,21.333333333333336,-5.333333333333332,-19.999999999999996,Decrease,[],
SR-BL-09923380121DE9F5-COMP-HIGH-002,kpi_002,26.666666666666668,17.333333333333336,-9.333333333333332,-34.99999999999999,Decrease,[],
SR-BL-50DC28D24959A84D-,kpi_002,26.666666666666668,,,,Uncertain,[],
SR-BL-A7EA70B487A92989-,kpi_002,33.33333333333333,,,,Uncertain,[],
SR-BL-45EE363121383A55-COMP-BASE-002,kpi_002,33.33333333333333,33.33333333333333,0.0,0.0,No Change,[],
SR-BL-45EE363121383A55-COMP-CONS-002,kpi_002,33.33333333333333,29.999999999999996,-3.333333333333332,-9.999999999999998,Decrease,[],
SR-BL-45EE363121383A55-COMP-EXP-002,kpi_002,33.33333333333333,26.666666666666664,-6.666666666666664,-19.999999999999996,Decrease,[],
SR-BL-45EE363121383A55-COMP-HIGH-002,kpi_002,33.33333333333333,21.666666666666664,-11.666666666666664,-35.0,Decrease,[],
SR-BL-AEBEFEE787E24758-,kpi_002,33.33333333333333,,,,Uncertain,[],
SR-BL-F958FA99C3AF89B9-,kpi_002,16.23931623931624,,,,Uncertain,[],
SR-BL-2F892DACDD651C7D-COMP-BASE-002,kpi_002,16.23931623931624,16.23931623931624,0.0,0.0,No Change,[],
SR-BL-2F892DACDD651C7D-COMP-CONS-002,kpi_002,16.23931623931624,14.615384615384615,-1.6239316239316235,-9.999999999999998,Decrease,[],
SR-BL-2F892DACDD651C7D-COMP-EXP-002,kpi_002,16.23931623931624,12.991452991452991,-3.247863247863247,-19.999999999999996,Decrease,[],
SR-BL-2F892DACDD651C7D-COMP-HIGH-002,kpi_002,16.23931623931624,10.555555555555555,-5.683760683760683,-35.0,Decrease,[],
SR-BL-A4244C69C5FCC4DC-,kpi_002,16.23931623931624,,,,Uncertain,[],
SR-BL-D664F9181FE6CB63-,kpi_002,18.181818181818183,,,,Uncertain,[],
SR-BL-9838F8E9D8951D40-COMP-BASE-002,kpi_002,18.181818181818183,18.181818181818183,0.0,0.0,No Change,[],
SR-BL-9838F8E9D8951D40-COMP-CONS-002,kpi_002,18.181818181818183,16.363636363636367,-1.8181818181818166,-9.999999999999991,Decrease,[],
SR-BL-9838F8E9D8951D40-COMP-EXP-002,kpi_002,18.181818181818183,14.545454545454547,-3.6363636363636367,-20.0,Decrease,[],
SR-BL-9838F8E9D8951D40-COMP-HIGH-002,kpi_002,18.181818181818183,11.81818181818182,-6.363636363636363,-35.0,Decrease,[],
SR-BL-3373A06F7E78EFE1-,kpi_002,18.181818181818183,,,,Uncertain,[],
SR-BL-B27749AF65DFFF2F-,kpi_002,33.33333333333333,,,,Uncertain,[],
SR-BL-D207440696CD41CF-COMP-BASE-002,kpi_002,33.33333333333333,33.33333333333333,0.0,0.0,No Change,[],
SR-BL-D207440696CD41CF-COMP-CONS-002,kpi_002,33.33333333333333,29.999999999999996,-3.333333333333332,-9.999999999999998,Decrease,[],
SR-BL-D207440696CD41CF-COMP-EXP-002,kpi_002,33.33333333333333,26.666666666666664,-6.666666666666664,-19.999999999999996,Decrease,[],
SR-BL-D207440696CD41CF-COMP-HIGH-002,kpi_002,33.33333333333333,21.666666666666664,-11.666666666666664,-35.0,Decrease,[],
SR-BL-4AA279B322875EDC-,kpi_002,33.33333333333333,,,,Uncertain,[],
SR-BL-60BCDE4AA071E060-,kpi_002,15.789473684210526,,,,Uncertain,[],
SR-BL-11A51694AAF1C17E-COMP-BASE-002,kpi_002,15.789473684210526,15.789473684210526,0.0,0.0,No Change,[],
SR-BL-11A51694AAF1C17E-COMP-CONS-002,kpi_002,15.789473684210526,14.210526315789473,-1.578947368421053,-10.000000000000004,Decrease,[],
SR-BL-11A51694AAF1C17E-COMP-EXP-002,kpi_002,15.789473684210526,12.631578947368421,-3.1578947368421044,-19.999999999999996,Decrease,[],
SR-BL-11A51694AAF1C17E-COMP-HIGH-002,kpi_002,15.789473684210526,10.263157894736842,-5.526315789473683,-34.99999999999999,Decrease,[],
SR-BL-E8D5D4012ABA1E12-,kpi_002,15.789473684210526,,,,Uncertain,[],
SR-BL-2B8E77A51DD9F7B0-,kpi_002,14.126542317331792,,,,Uncertain,[],
SR-BL-59FD21FD8B502BCF-COMP-BASE-002,kpi_002,14.126542317331792,14.126542317331792,0.0,0.0,No Change,[],
SR-BL-59FD21FD8B502BCF-COMP-CONS-002,kpi_002,14.126542317331792,12.713888085598613,-1.4126542317331783,-9.999999999999993,Decrease,[],
SR-BL-59FD21FD8B502BCF-COMP-EXP-002,kpi_002,14.126542317331792,11.301233853865433,-2.8253084634663583,-20.0,Decrease,[],
SR-BL-59FD21FD8B502BCF-COMP-HIGH-002,kpi_002,14.126542317331792,9.182252506265664,-4.9442898110661275,-35.0,Decrease,[],
SR-BL-FFD01A551344BB79-,kpi_002,14.126542317331792,,,,Uncertain,[],
SR-BL-1F42C988A814040A-,kpi_002,19.97549019607843,,,,Uncertain,[],
SR-BL-8C041C02619F296B-COMP-BASE-002,kpi_002,19.97549019607843,19.97549019607843,0.0,0.0,No Change,[],
SR-BL-8C041C02619F296B-COMP-CONS-002,kpi_002,19.97549019607843,17.977941176470587,-1.9975490196078418,-9.999999999999995,Decrease,[],
SR-BL-8C041C02619F296B-COMP-EXP-002,kpi_002,19.97549019607843,15.980392156862743,-3.9950980392156854,-20.0,Decrease,[],
SR-BL-8C041C02619F296B-COMP-HIGH-002,kpi_002,19.97549019607843,12.984068627450979,-6.99142156862745,-35.0,Decrease,[],
SR-BL-3DC09806F41E82C6-,kpi_002,19.97549019607843,,,,Uncertain,[],
SR-BL-D09A25D8C0A189ED-,kpi_002,23.07692307692308,,,,Uncertain,[],
SR-BL-8D58E766E0F8149A-COMP-BASE-002,kpi_002,23.07692307692308,23.07692307692308,0.0,0.0,No Change,[],
SR-BL-8D58E766E0F8149A-COMP-CONS-002,kpi_002,23.07692307692308,20.769230769230774,-2.3076923076923066,-9.999999999999993,Decrease,[],
SR-BL-8D58E766E0F8149A-COMP-EXP-002,kpi_002,23.07692307692308,18.461538461538463,-4.615384615384617,-20.000000000000004,Decrease,[],
SR-BL-8D58E766E0F8149A-COMP-HIGH-002,kpi_002,23.07692307692308,15.000000000000002,-8.076923076923078,-35.0,Decrease,[],
SR-BL-E118A1F43C69E4BE-,kpi_002,23.07692307692308,,,,Uncertain,[],
SR-BL-707EBF88B2D26DA1-,kpi_002,16.666666666666668,,,,Uncertain,[],
SR-BL-ED1B6F966DDBF9A5-COMP-BASE-002,kpi_002,16.666666666666668,16.666666666666668,0.0,0.0,No Change,[],
SR-BL-ED1B6F966DDBF9A5-COMP-CONS-002,kpi_002,16.666666666666668,15.000000000000002,-1.666666666666666,-9.999999999999996,Decrease,[],
SR-BL-ED1B6F966DDBF9A5-COMP-EXP-002,kpi_002,16.666666666666668,13.333333333333336,-3.333333333333332,-19.999999999999993,Decrease,[],
SR-BL-ED1B6F966DDBF9A5-COMP-HIGH-002,kpi_002,16.666666666666668,10.833333333333334,-5.833333333333334,-35.0,Decrease,[],
SR-BL-39B9F087F8FA26C0-,kpi_002,16.666666666666668,,,,Uncertain,[],
SR-BL-1D34095728C9D2C6-,kpi_002,18.181818181818183,,,,Uncertain,[],
SR-BL-1716810432B0A219-COMP-BASE-002,kpi_002,18.181818181818183,18.181818181818183,0.0,0.0,No Change,[],
SR-BL-1716810432B0A219-COMP-CONS-002,kpi_002,18.181818181818183,16.363636363636367,-1.8181818181818166,-9.999999999999991,Decrease,[],
SR-BL-1716810432B0A219-COMP-EXP-002,kpi_002,18.181818181818183,14.545454545454547,-3.6363636363636367,-20.0,Decrease,[],
SR-BL-1716810432B0A219-COMP-HIGH-002,kpi_002,18.181818181818183,11.81818181818182,-6.363636363636363,-35.0,Decrease,[],
SR-BL-2A54ABE70D21BFC4-,kpi_002,18.181818181818183,,,,Uncertain,[],
SR-BL-F375D035E51DC134-,kpi_002,27.27272727272727,,,,Uncertain,[],
SR-BL-9DA71EA6F095DE3C-COMP-BASE-002,kpi_002,27.27272727272727,27.27272727272727,0.0,0.0,No Change,[],
SR-BL-9DA71EA6F095DE3C-COMP-CONS-002,kpi_002,27.27272727272727,24.545454545454543,-2.7272727272727266,-10.0,Decrease,[],
SR-BL-9DA71EA6F095DE3C-COMP-EXP-002,kpi_002,27.27272727272727,21.818181818181817,-5.454545454545453,-20.0,Decrease,[],
SR-BL-9DA71EA6F095DE3C-COMP-HIGH-002,kpi_002,27.27272727272727,17.727272727272727,-9.545454545454543,-35.0,Decrease,[],
SR-BL-666B78F12D3295AE-,kpi_002,27.27272727272727,,,,Uncertain,[],
SR-BL-4965C436F52CDB57-,kpi_002,15.384615384615383,,,,Uncertain,[],
SR-BL-6E42DB4834A8870A-COMP-BASE-002,kpi_002,15.384615384615383,15.384615384615383,0.0,0.0,No Change,[],
SR-BL-6E42DB4834A8870A-COMP-CONS-002,kpi_002,15.384615384615383,13.846153846153845,-1.5384615384615383,-10.0,Decrease,[],
SR-BL-6E42DB4834A8870A-COMP-EXP-002,kpi_002,15.384615384615383,12.307692307692307,-3.0769230769230766,-20.0,Decrease,[],
SR-BL-6E42DB4834A8870A-COMP-HIGH-002,kpi_002,15.384615384615383,10.0,-5.384615384615383,-34.99999999999999,Decrease,[],
SR-BL-1E6FAC0A48C70764-,kpi_002,15.384615384615383,,,,Uncertain,[],
SR-BL-0BA83B3219FC5FD7--MON,kpi_003,,,,,Uncertain,[],
SR-BL-247276FEE00F6463--MON,kpi_003,,,,,Uncertain,[],
SR-BL-D9D30FA2D2AE2613--MON,kpi_003,,,,,Uncertain,[],
SR-BL-F76646C45D134A3E--MON,kpi_003,,,,,Uncertain,[],
SR-BL-5471399BF364BA0D--MON,kpi_003,,,,,Uncertain,[],
SR-BL-4DE09AFDB2E3B40A--MON,kpi_003,,,,,Uncertain,[],
SR-BL-79C3DE5C6D95D846--MON,kpi_003,,,,,Uncertain,[],
SR-BL-BA2FB076BE15920C--MON,kpi_003,,,,,Uncertain,[],
SR-BL-F93D911BA7D15F4F--MON,kpi_003,,,,,Uncertain,[],
SR-BL-7CE17C85605A55E1--MON,kpi_003,,,,,Uncertain,[],
SR-BL-1F6148CF2A6AE72D--MON,kpi_003,,,,,Uncertain,[],
SR-BL-D84274F5BD8393E0--MON,kpi_003,,,,,Uncertain,[],
SR-BL-BB2EA73A805EC8B3--MON,kpi_003,,,,,Uncertain,[],
SR-BL-1D0E550DED076088--MON,kpi_003,,,,,Uncertain,[],
SR-BL-BE14797D180B7523--MON,kpi_003,,,,,Uncertain,[],
SR-BL-529CFB2B212FD343--MON,kpi_003,,,,,Uncertain,[],
SR-BL-572B46A2EF8DA520--MON,kpi_003,,,,,Uncertain,[],
SR-BL-333F605A43C43E71--MON,kpi_003,,,,,Uncertain,[],
SR-BL-77D0DCA48BC99ECB--MON,kpi_003,,,,,Uncertain,[],
SR-BL-B4A873EEABD33557--MON,kpi_003,,,,,Uncertain,[],
SR-BL-5BB84731BF0E89A6--MON,kpi_003,,,,,Uncertain,[],
SR-BL-E01754D950DF4AB9--MON,kpi_003,,,,,Uncertain,[],
SR-BL-F908F7C92F5D877F--MON,kpi_003,,,,,Uncertain,[],
SR-BL-CBA0387CC7CDA9CA--MON,kpi_003,,,,,Uncertain,[],
SR-BL-1D6A37012984A6BD--MON,kpi_003,,,,,Uncertain,[],
SR-BL-4F96DDBFB4BA7FA2--MON,kpi_003,,,,,Uncertain,[],
SR-BL-55372511E5149375--MON,kpi_003,,,,,Uncertain,[],
SR-BL-7DB59892EB894050--MON,kpi_003,,,,,Uncertain,[],
SR-BL-4DE8853930D7EFA9--MON,kpi_003,,,,,Uncertain,[],
SR-BL-D013C23E421CDD5D--MON,kpi_003,,,,,Uncertain,[],
SR-BL-6B6CF52B5B8CED62--MON,kpi_003,,,,,Uncertain,[],
SR-BL-4CF9CF8B16E89105--MON,kpi_003,,,,,Uncertain,[],
SR-BL-ECC498F20004D7CD--MON,kpi_003,,,,,Uncertain,[],
SR-BL-33A4D87478684A8D--MON,kpi_003,,,,,Uncertain,[],
SR-BL-0E4BD0AE3E26BA69--MON,kpi_003,,,,,Uncertain,[],
SR-BL-2345E47A438C7408--MON,kpi_003,,,,,Uncertain,[],
SR-BL-2273C5FCC7E90597--MON,kpi_003,,,,,Uncertain,[],
SR-BL-7D55EEA0B49A0985--MON,kpi_003,,,,,Uncertain,[],
SR-BL-1456C26010D03CD4--MON,kpi_003,,,,,Uncertain,[],
SR-BL-6420333A201BAA47--MON,kpi_003,,,,,Uncertain,[],
SR-BL-DF91F1F1CB085CA7--MON,kpi_003,,,,,Uncertain,[],
SR-BL-97FA47E872283C7B--MON,kpi_003,,,,,Uncertain,[],
SR-BL-BC1A454076D32914--MON,kpi_003,,,,,Uncertain,[],
SR-BL-A3B5F1775DDDC6FA--MON,kpi_003,,,,,Uncertain,[],
SR-BL-AC5F3DC2D943A938--MON,kpi_003,,,,,Uncertain,[],
SR-BL-3B6D71567A01E739--MON,kpi_003,,,,,Uncertain,[],
SR-BL-0CAEDD41EBEA6EFE--MON,kpi_003,,,,,Uncertain,[],
SR-BL-315E7D45D2E623DC--MON,kpi_003,,,,,Uncertain,[],
SR-BL-C612A2A585EB2CFF--MON,kpi_003,,,,,Uncertain,[],
SR-BL-8565080F81F6E188--MON,kpi_003,,,,,Uncertain,[],
SR-BL-C295E3A33E33CABD--MON,kpi_003,,,,,Uncertain,[],
SR-BL-057AA08B27CC6B1A--MON,kpi_003,,,,,Uncertain,[],
SR-BL-4DB916849DC6B547--MON,kpi_003,,,,,Uncertain,[],
SR-BL-788AADD19476E77B--MON,kpi_003,,,,,Uncertain,[],
SR-BL-BE1D9F1520DEBF8E--MON,kpi_003,,,,,Uncertain,[],
SR-BL-9556AA65E5FBE0AE--MON,kpi_003,,,,,Uncertain,[],
SR-BL-7D7B14231A2FB81C--MON,kpi_003,,,,,Uncertain,[],
SR-BL-EB74C73E16CEDBCC--MON,kpi_003,,,,,Uncertain,[],
SR-BL-46F71FF090209EC1--MON,kpi_003,,,,,Uncertain,[],
SR-BL-A1CB86D16691BB41--MON,kpi_003,,,,,Uncertain,[],
SR-BL-CB216287B48AD5AD--MON,kpi_003,,,,,Uncertain,[],
SR-BL-9DE5CA929CF07125--MON,kpi_003,,,,,Uncertain,[],
SR-BL-8A4F6DCB0592B06F--MON,kpi_003,,,,,Uncertain,[],
SR-BL-0D9B81D67708927B--MON,kpi_003,,,,,Uncertain,[],
SR-BL-D06D6173ED2338F4--MON,kpi_003,,,,,Uncertain,[],
SR-BL-1862FFF2CD80620B--MON,kpi_003,,,,,Uncertain,[],
SR-BL-17066017C165019A--MON,kpi_006,,,,,Uncertain,[],
SR-BL-600C02AEBF28B08D--MON,kpi_006,,,,,Uncertain,[],
SR-BL-F449D040574035CF--MON,kpi_006,,,,,Uncertain,[],
SR-BL-F3F11AA4C7F562B1--MON,kpi_006,,,,,Uncertain,[],
SR-BL-C666258C751230C7--MON,kpi_006,,,,,Uncertain,[],
SR-BL-3814E91DE2769898--MON,kpi_006,,,,,Uncertain,[],
SR-BL-32114E4B5FE591CE--MON,kpi_006,,,,,Uncertain,[],
SR-BL-0CF19AB3015138F7--MON,kpi_006,,,,,Uncertain,[],
SR-BL-9BB203E3F323E02C--MON,kpi_006,,,,,Uncertain,[],
SR-BL-F751C90A730F4F84--MON,kpi_006,,,,,Uncertain,[],
SR-BL-5215C0202620154B--MON,kpi_006,,,,,Uncertain,[],
SR-BL-7CBC0FF8D1BD5921--MON,kpi_006,,,,,Uncertain,[],
SR-BL-9246CAF8FD25DFB4--MON,kpi_006,,,,,Uncertain,[],
SR-BL-8C3E2D8827CC8C84--MON,kpi_006,,,,,Uncertain,[],
SR-BL-5FE2B070743539CA--MON,kpi_006,,,,,Uncertain,[],
SR-BL-3DF7402E946AE1A0--MON,kpi_006,,,,,Uncertain,[],
SR-BL-820C436FCBC59CE2--MON,kpi_006,,,,,Uncertain,[],
SR-BL-40007EFDA601F8D0--MON,kpi_006,,,,,Uncertain,[],
SR-BL-C60C9901445460DA--MON,kpi_006,,,,,Uncertain,[],
SR-BL-FF83633A91939DB0--MON,kpi_006,,,,,Uncertain,[],
SR-BL-832476B2BBE8FDF6--MON,kpi_006,,,,,Uncertain,[],
SR-BL-540E0804AAB99BF6--MON,kpi_006,,,,,Uncertain,[],
SR-BL-FE8C3F51556487FB--MON,kpi_006,,,,,Uncertain,[],
SR-BL-FFEC16E1604431C7--MON,kpi_006,,,,,Uncertain,[],
SR-BL-9601669B0E7BF5D6--MON,kpi_006,,,,,Uncertain,[],
SR-BL-3723E6C73450A1E4--MON,kpi_006,,,,,Uncertain,[],
SR-BL-9BA872164EC51AF8--MON,kpi_006,,,,,Uncertain,[],
SR-BL-2569DB4E92EC6EB6--MON,kpi_006,,,,,Uncertain,[],
SR-BL-636BDA0BD5C4E696--MON,kpi_006,,,,,Uncertain,[],
SR-BL-49C3E7D7102B3CC3--MON,kpi_006,,,,,Uncertain,[],
SR-BL-6F0492A876F347D5--MON,kpi_006,,,,,Uncertain,[],
SR-BL-4B81A6D92E3B974F--MON,kpi_006,,,,,Uncertain,[],
SR-BL-8A467F55B62CBBBC--MON,kpi_006,,,,,Uncertain,[],
SR-BL-3DF6014D76F01BBC--MON,kpi_006,,,,,Uncertain,[],
SR-BL-CA210D09FB1B6FD6--MON,kpi_006,,,,,Uncertain,[],
SR-BL-0CEC894F0FCF58FC--MON,kpi_006,,,,,Uncertain,[],
SR-BL-D2B05D2DACEA416E--MON,kpi_006,,,,,Uncertain,[],
SR-BL-7A30E9C018F8F29F--MON,kpi_006,,,,,Uncertain,[],
SR-BL-F7F82BC3D0A83931--MON,kpi_006,,,,,Uncertain,[],
SR-BL-ADAE3A8DD2425BFB--MON,kpi_006,,,,,Uncertain,[],
SR-BL-B42B9394424E6852--MON,kpi_006,,,,,Uncertain,[],
SR-BL-53DDBC2FB657BFD3--MON,kpi_006,,,,,Uncertain,[],
SR-BL-9B6A1F4988C53FFC--MON,kpi_006,,,,,Uncertain,[],
SR-BL-A92F6FE2EABA14FB--MON,kpi_006,,,,,Uncertain,[],
SR-BL-D5F48E34D9FD4548--MON,kpi_006,,,,,Uncertain,[],
SR-BL-B5D38D1A0370C883--MON,kpi_006,,,,,Uncertain,[],
SR-BL-5CD977DC1A655C83--MON,kpi_006,,,,,Uncertain,[],
SR-BL-EFC3FA39D9C619C5--MON,kpi_006,,,,,Uncertain,[],
SR-BL-260296C085E543B4-,kpi_001,83.33333333333334,,,,Uncertain,[],
SR-BL-EAA08A205B779039-COMP-BASE-001,kpi_001,83.33333333333334,83.33333333333334,0.0,0.0,No Change,[],
SR-BL-EAA08A205B779039-COMP-CONS-001,kpi_001,83.33333333333334,94.44444444444444,2.0,11.1111111111111,Increase,[],
SR-BL-EAA08A205B779039-COMP-EXP-001,kpi_001,83.33333333333334,100.0,5.0,16.666666666666657,Increase,[],
SR-BL-EAA08A205B779039-COMP-HIGH-001,kpi_001,83.33333333333334,100.0,9.0,16.666666666666657,Increase,[],
SR-BL-38A48F2EF776EC75-,kpi_001,83.33333333333334,,,,Uncertain,[],
SR-BL-82406D4AC3DE25E5-,kpi_001,83.33333333333334,,,,Uncertain,[],
SR-BL-D4DCAB2419572533-COMP-BASE-001,kpi_001,83.33333333333334,83.33333333333334,0.0,0.0,No Change,[],
SR-BL-D4DCAB2419572533-COMP-CONS-001,kpi_001,83.33333333333334,91.66666666666666,2.0,8.333333333333314,Increase,[],
SR-BL-D4DCAB2419572533-COMP-EXP-001,kpi_001,83.33333333333334,100.0,5.0,16.666666666666657,Increase,[],
SR-BL-D4DCAB2419572533-COMP-HIGH-001,kpi_001,83.33333333333334,100.0,9.0,16.666666666666657,Increase,[],
SR-BL-D929AF88920F4842-,kpi_001,83.33333333333334,,,,Uncertain,[],
SR-BL-223141FED50542A6-,kpi_001,80.46218487394958,,,,Uncertain,[],
SR-BL-2868AD907B99788E-COMP-BASE-001,kpi_001,80.46218487394958,80.64516129032258,0.0,0.18297641637299478,Increase,[],
SR-BL-2868AD907B99788E-COMP-CONS-001,kpi_001,80.46218487394958,93.54838709677419,2.0,13.08620222282461,Increase,[],
SR-BL-2868AD907B99788E-COMP-EXP-001,kpi_001,80.46218487394958,100.0,5.0,19.53781512605042,Increase,[],
SR-BL-2868AD907B99788E-COMP-HIGH-001,kpi_001,80.46218487394958,100.0,9.0,19.53781512605042,Increase,[],
SR-BL-CD3F09CE8E4D73AD-,kpi_001,80.46218487394958,,,,Uncertain,[],
SR-BL-02109FBA4BF72DB2-,kpi_001,82.35294117647058,,,,Uncertain,[],
SR-BL-992093454AB2494C-COMP-BASE-001,kpi_001,82.35294117647058,82.35294117647058,0.0,0.0,No Change,[],
SR-BL-992093454AB2494C-COMP-CONS-001,kpi_001,82.35294117647058,94.11764705882352,2.0,11.764705882352942,Increase,[],
SR-BL-992093454AB2494C-COMP-EXP-001,kpi_001,82.35294117647058,100.0,5.0,17.64705882352942,Increase,[],
SR-BL-992093454AB2494C-COMP-HIGH-001,kpi_001,82.35294117647058,100.0,9.0,17.64705882352942,Increase,[],
SR-BL-35BF4626ACA016F4-,kpi_001,82.35294117647058,,,,Uncertain,[],
SR-BL-94287900EFEAE55A-,kpi_001,75.0,,,,Uncertain,[],
SR-BL-D8F9C80165FA63EB-COMP-BASE-001,kpi_001,75.0,75.0,0.0,0.0,No Change,[],
SR-BL-D8F9C80165FA63EB-COMP-CONS-001,kpi_001,75.0,87.5,2.0,12.5,Increase,[],
SR-BL-D8F9C80165FA63EB-COMP-EXP-001,kpi_001,75.0,100.0,5.0,25.0,Increase,[],
SR-BL-D8F9C80165FA63EB-COMP-HIGH-001,kpi_001,75.0,100.0,9.0,25.0,Increase,[],
SR-BL-7B1213F4C4B0A58C-,kpi_001,75.0,,,,Uncertain,[],
SR-BL-BC494695FC3A109B-,kpi_001,82.35294117647058,,,,Uncertain,[],
SR-BL-18D7AB87AEDF1495-COMP-BASE-001,kpi_001,82.35294117647058,82.35294117647058,0.0,0.0,No Change,[],
SR-BL-18D7AB87AEDF1495-COMP-CONS-001,kpi_001,82.35294117647058,94.11764705882352,2.0,11.764705882352942,Increase,[],
SR-BL-18D7AB87AEDF1495-COMP-EXP-001,kpi_001,82.35294117647058,100.0,5.0,17.64705882352942,Increase,[],
SR-BL-18D7AB87AEDF1495-COMP-HIGH-001,kpi_001,82.35294117647058,100.0,9.0,17.64705882352942,Increase,[],
SR-BL-42BBDCD158C145B0-,kpi_001,82.35294117647058,,,,Uncertain,[],
SR-BL-407C49FDAD7D6D08-,kpi_001,77.77777777777779,,,,Uncertain,[],
SR-BL-0A7D75F9FD5346F1-COMP-BASE-001,kpi_001,77.77777777777779,77.77777777777779,0.0,0.0,No Change,[],
SR-BL-0A7D75F9FD5346F1-COMP-CONS-001,kpi_001,77.77777777777779,88.88888888888889,2.0,11.1111111111111,Increase,[],
SR-BL-0A7D75F9FD5346F1-COMP-EXP-001,kpi_001,77.77777777777779,100.0,5.0,22.222222222222214,Increase,[],
SR-BL-0A7D75F9FD5346F1-COMP-HIGH-001,kpi_001,77.77777777777779,100.0,9.0,22.222222222222214,Increase,[],
SR-BL-3C11EEC70E8F2E91-,kpi_001,77.77777777777779,,,,Uncertain,[],
SR-BL-F664C41FA4846DC2-,kpi_001,82.38968633705475,,,,Uncertain,[],
SR-BL-629E7ED2FD407BE5-COMP-BASE-001,kpi_001,82.38968633705475,81.1320754716981,0.0,-1.2576108653566536,Decrease,[],
SR-BL-629E7ED2FD407BE5-COMP-CONS-001,kpi_001,82.38968633705475,92.45283018867924,2.0000000000000018,10.063143851624488,Increase,[],
SR-BL-629E7ED2FD407BE5-COMP-EXP-001,kpi_001,82.38968633705475,100.0,5.000000000000002,17.610313662945245,Increase,[],
SR-BL-629E7ED2FD407BE5-COMP-HIGH-001,kpi_001,82.38968633705475,100.0,9.000000000000002,17.610313662945245,Increase,[],
SR-BL-9502BE52A65B5A83-,kpi_001,82.38968633705475,,,,Uncertain,[],
SR-BL-1C64985F10FF801D-,kpi_001,57.89473684210527,,,,Uncertain,[],
SR-BL-4081D05CA37DA6DE-COMP-BASE-001,kpi_001,57.89473684210527,57.89473684210527,0.0,0.0,No Change,[],
SR-BL-4081D05CA37DA6DE-COMP-CONS-001,kpi_001,57.89473684210527,68.42105263157895,2.0,10.526315789473678,Increase,[],
SR-BL-4081D05CA37DA6DE-COMP-EXP-001,kpi_001,57.89473684210527,84.21052631578947,5.0,26.315789473684198,Increase,[],
SR-BL-4081D05CA37DA6DE-COMP-HIGH-001,kpi_001,57.89473684210527,100.0,9.0,42.10526315789473,Increase,[],
SR-BL-63E31527ED95139A-,kpi_001,57.89473684210527,,,,Uncertain,[],
SR-BL-1C741A36DF48FCC0-,kpi_001,77.52100840336135,,,,Uncertain,[],
SR-BL-0EF21274DE2FCB48-COMP-BASE-001,kpi_001,77.52100840336135,77.41935483870968,0.0,-0.10165356465167008,Decrease,[],
SR-BL-0EF21274DE2FCB48-COMP-CONS-001,kpi_001,77.52100840336135,90.32258064516128,2.0,12.801572241799931,Increase,[],
SR-BL-0EF21274DE2FCB48-COMP-EXP-001,kpi_001,77.52100840336135,100.0,5.0,22.47899159663865,Increase,[],
SR-BL-0EF21274DE2FCB48-COMP-HIGH-001,kpi_001,77.52100840336135,100.0,9.0,22.47899159663865,Increase,[],
SR-BL-F9F8F29A5DB5F071-,kpi_001,77.52100840336135,,,,Uncertain,[],
SR-BL-340430A36DAC4D79-,kpi_001,61.53846153846154,,,,Uncertain,[],
SR-BL-D973511CFAB1075F-COMP-BASE-001,kpi_001,61.53846153846154,61.53846153846154,0.0,0.0,No Change,[],
SR-BL-D973511CFAB1075F-COMP-CONS-001,kpi_001,61.53846153846154,76.92307692307693,2.0,15.384615384615394,Increase,[],
SR-BL-D973511CFAB1075F-COMP-EXP-001,kpi_001,61.53846153846154,100.0,5.0,38.46153846153846,Increase,[],
SR-BL-D973511CFAB1075F-COMP-HIGH-001,kpi_001,61.53846153846154,100.0,9.0,38.46153846153846,Increase,[],
SR-BL-698CF22CD7157B5C-,kpi_001,61.53846153846154,,,,Uncertain,[],
SR-BL-9351C11809AF5072-,kpi_001,85.51645658263305,,,,Uncertain,[],
SR-BL-E595F877B4C96388-COMP-BASE-001,kpi_001,85.51645658263305,85.38461538461539,0.0,-0.1318411980176677,Decrease,[],
SR-BL-E595F877B4C96388-COMP-CONS-001,kpi_001,85.51645658263305,97.6923076923077,2.0,12.175851109674639,Increase,[],
SR-BL-E595F877B4C96388-COMP-EXP-001,kpi_001,85.51645658263305,100.0,5.0,14.483543417366946,Increase,[],
SR-BL-E595F877B4C96388-COMP-HIGH-001,kpi_001,85.51645658263305,100.0,9.0,14.483543417366946,Increase,[],
SR-BL-7DA7B534A30B70A6-,kpi_001,85.51645658263305,,,,Uncertain,[],
SR-BL-885A5783268F445D-,kpi_001,78.94736842105263,,,,Uncertain,[],
SR-BL-6EF675B332A91905-COMP-BASE-001,kpi_001,78.94736842105263,78.94736842105263,0.0,0.0,No Change,[],
SR-BL-6EF675B332A91905-COMP-CONS-001,kpi_001,78.94736842105263,89.47368421052632,2.0,10.526315789473685,Increase,[],
SR-BL-6EF675B332A91905-COMP-EXP-001,kpi_001,78.94736842105263,100.0,5.0,21.05263157894737,Increase,[],
SR-BL-6EF675B332A91905-COMP-HIGH-001,kpi_001,78.94736842105263,100.0,9.0,21.05263157894737,Increase,[],
SR-BL-58E750E653E2040B-,kpi_001,78.94736842105263,,,,Uncertain,[],
SR-BL-5CE514AE00B30918-,kpi_001,72.22222222222221,,,,Uncertain,[],
SR-BL-182D2A1944A6583F-COMP-BASE-001,kpi_001,72.22222222222221,72.22222222222221,0.0,0.0,No Change,[],
SR-BL-182D2A1944A6583F-COMP-CONS-001,kpi_001,72.22222222222221,83.33333333333334,2.0,11.111111111111128,Increase,[],
SR-BL-182D2A1944A6583F-COMP-EXP-001,kpi_001,72.22222222222221,100.0,5.0,27.777777777777786,Increase,[],
SR-BL-182D2A1944A6583F-COMP-HIGH-001,kpi_001,72.22222222222221,100.0,9.0,27.777777777777786,Increase,[],
SR-BL-9F92685A3ABC3B4F-,kpi_001,72.22222222222221,,,,Uncertain,[],
SR-BL-1DEDEA33AE2993A4-,kpi_001,82.35294117647058,,,,Uncertain,[],
SR-BL-BCC7FED40A63B4D9-COMP-BASE-001,kpi_001,82.35294117647058,82.35294117647058,0.0,0.0,No Change,[],
SR-BL-BCC7FED40A63B4D9-COMP-CONS-001,kpi_001,82.35294117647058,94.11764705882352,2.0,11.764705882352942,Increase,[],
SR-BL-BCC7FED40A63B4D9-COMP-EXP-001,kpi_001,82.35294117647058,100.0,5.0,17.64705882352942,Increase,[],
SR-BL-BCC7FED40A63B4D9-COMP-HIGH-001,kpi_001,82.35294117647058,100.0,9.0,17.64705882352942,Increase,[],
SR-BL-1FA2B76435E2F370-,kpi_001,82.35294117647058,,,,Uncertain,[],
SR-BL-CFEE8B54F0EA1697-,kpi_001,86.30952380952381,,,,Uncertain,[],
SR-BL-01366CC1CEC217CC-COMP-BASE-001,kpi_001,86.30952380952381,86.66666666666667,0.0,0.3571428571428612,Increase,[],
SR-BL-01366CC1CEC217CC-COMP-CONS-001,kpi_001,86.30952380952381,97.33333333333334,2.0,11.023809523809533,Increase,[],
SR-BL-01366CC1CEC217CC-COMP-EXP-001,kpi_001,86.30952380952381,100.0,5.0,13.69047619047619,Increase,[],
SR-BL-01366CC1CEC217CC-COMP-HIGH-001,kpi_001,86.30952380952381,100.0,9.0,13.69047619047619,Increase,[],
SR-BL-3865FF8F0FA8BEBB-,kpi_001,86.30952380952381,,,,Uncertain,[],
SR-BL-68C1C94081BD2583-,kpi_001,77.77777777777779,,,,Uncertain,[],
SR-BL-52FD9B5BD83EAA8D-COMP-BASE-001,kpi_001,77.77777777777779,77.77777777777779,0.0,0.0,No Change,[],
SR-BL-52FD9B5BD83EAA8D-COMP-CONS-001,kpi_001,77.77777777777779,88.88888888888889,2.0,11.1111111111111,Increase,[],
SR-BL-52FD9B5BD83EAA8D-COMP-EXP-001,kpi_001,77.77777777777779,100.0,5.0,22.222222222222214,Increase,[],
SR-BL-52FD9B5BD83EAA8D-COMP-HIGH-001,kpi_001,77.77777777777779,100.0,9.0,22.222222222222214,Increase,[],
SR-BL-4953AE5BDFCF090A-,kpi_001,77.77777777777779,,,,Uncertain,[],
SR-BL-E461F5F10FBD8096-,kpi_002,23.809523809523807,,,,Uncertain,[],
SR-BL-D57F80DD20D95EFE-COMP-BASE-002,kpi_002,23.809523809523807,23.809523809523807,0.0,0.0,No Change,[],
SR-BL-D57F80DD20D95EFE-COMP-CONS-002,kpi_002,23.809523809523807,21.428571428571427,-2.3809523809523796,-9.999999999999995,Decrease,[],
SR-BL-D57F80DD20D95EFE-COMP-EXP-002,kpi_002,23.809523809523807,19.047619047619047,-4.761904761904759,-19.99999999999999,Decrease,[],
SR-BL-D57F80DD20D95EFE-COMP-HIGH-002,kpi_002,23.809523809523807,15.476190476190474,-8.333333333333332,-35.0,Decrease,[],
SR-BL-7D20BB09C14CCAFF-,kpi_002,23.809523809523807,,,,Uncertain,[],
SR-BL-5889ACA5B5B3A10C-,kpi_002,20.0,,,,Uncertain,[],
SR-BL-52281CFFFCC24D02-COMP-BASE-002,kpi_002,20.0,20.0,0.0,0.0,No Change,[],
SR-BL-52281CFFFCC24D02-COMP-CONS-002,kpi_002,20.0,18.0,-2.0,-10.0,Decrease,[],
SR-BL-52281CFFFCC24D02-COMP-EXP-002,kpi_002,20.0,16.0,-4.0,-20.0,Decrease,[],
SR-BL-52281CFFFCC24D02-COMP-HIGH-002,kpi_002,20.0,13.0,-7.0,-35.0,Decrease,[],
SR-BL-F33E2975BA8CFE09-,kpi_002,20.0,,,,Uncertain,[],
SR-BL-4F014CD7B48E714E-,kpi_002,20.0,,,,Uncertain,[],
SR-BL-38423A73DD807845-COMP-BASE-002,kpi_002,20.0,20.0,0.0,0.0,No Change,[],
SR-BL-38423A73DD807845-COMP-CONS-002,kpi_002,20.0,18.0,-2.0,-10.0,Decrease,[],
SR-BL-38423A73DD807845-COMP-EXP-002,kpi_002,20.0,16.0,-4.0,-20.0,Decrease,[],
SR-BL-38423A73DD807845-COMP-HIGH-002,kpi_002,20.0,13.0,-7.0,-35.0,Decrease,[],
SR-BL-EB065F53F2362604-,kpi_002,20.0,,,,Uncertain,[],
SR-BL-7A164DEB4E55EFDB-,kpi_002,22.22222222222222,,,,Uncertain,[],
SR-BL-00E8F7240048C2FF-COMP-BASE-002,kpi_002,22.22222222222222,22.22222222222222,0.0,0.0,No Change,[],
SR-BL-00E8F7240048C2FF-COMP-CONS-002,kpi_002,22.22222222222222,20.0,-2.2222222222222214,-9.999999999999996,Decrease,[],
SR-BL-00E8F7240048C2FF-COMP-EXP-002,kpi_002,22.22222222222222,17.77777777777778,-4.444444444444443,-19.999999999999993,Decrease,[],
SR-BL-00E8F7240048C2FF-COMP-HIGH-002,kpi_002,22.22222222222222,14.444444444444445,-7.777777777777777,-35.0,Decrease,[],
SR-BL-20F615258A5DE302-,kpi_002,22.22222222222222,,,,Uncertain,[],
SR-BL-DBB39332EC4F3D80-,kpi_002,20.869565217391305,,,,Uncertain,[],
SR-BL-C4AEEC540CB8E385-COMP-BASE-002,kpi_002,20.869565217391305,20.869565217391305,0.0,0.0,No Change,[],
SR-BL-C4AEEC540CB8E385-COMP-CONS-002,kpi_002,20.869565217391305,18.782608695652176,-2.086956521739129,-9.999999999999993,Decrease,[],
SR-BL-C4AEEC540CB8E385-COMP-EXP-002,kpi_002,20.869565217391305,16.695652173913043,-4.173913043478262,-20.000000000000004,Decrease,[],
SR-BL-C4AEEC540CB8E385-COMP-HIGH-002,kpi_002,20.869565217391305,13.565217391304348,-7.304347826086957,-35.0,Decrease,[],
SR-BL-035CAF8669B2E7AC-,kpi_002,20.869565217391305,,,,Uncertain,[],
SR-BL-3C51DD45993908A3-,kpi_002,15.789473684210526,,,,Uncertain,[],
SR-BL-1BF29AF1D39F69C4-COMP-BASE-002,kpi_002,15.789473684210526,15.789473684210526,0.0,0.0,No Change,[],
SR-BL-1BF29AF1D39F69C4-COMP-CONS-002,kpi_002,15.789473684210526,14.210526315789473,-1.578947368421053,-10.000000000000004,Decrease,[],
SR-BL-1BF29AF1D39F69C4-COMP-EXP-002,kpi_002,15.789473684210526,12.631578947368421,-3.1578947368421044,-19.999999999999996,Decrease,[],
SR-BL-1BF29AF1D39F69C4-COMP-HIGH-002,kpi_002,15.789473684210526,10.263157894736842,-5.526315789473683,-34.99999999999999,Decrease,[],
SR-BL-76F251C40BA19257-,kpi_002,15.789473684210526,,,,Uncertain,[],
SR-BL-8AB34165FB30351C-,kpi_002,20.833333333333336,,,,Uncertain,[],
SR-BL-4B7B4E3F76390408-COMP-BASE-002,kpi_002,20.833333333333336,20.833333333333336,0.0,0.0,No Change,[],
SR-BL-4B7B4E3F76390408-COMP-CONS-002,kpi_002,20.833333333333336,18.750000000000004,-2.083333333333332,-9.999999999999993,Decrease,[],
SR-BL-4B7B4E3F76390408-COMP-EXP-002,kpi_002,20.833333333333336,16.666666666666668,-4.166666666666668,-20.000000000000004,Decrease,[],
SR-BL-4B7B4E3F76390408-COMP-HIGH-002,kpi_002,20.833333333333336,13.541666666666668,-7.291666666666668,-35.0,Decrease,[],
SR-BL-F38FE72321CA0C76-,kpi_002,20.833333333333336,,,,Uncertain,[],
SR-BL-68371BCAC39B1743-,kpi_002,20.0,,,,Uncertain,[],
SR-BL-6D36E4CD902A03C3-COMP-BASE-002,kpi_002,20.0,20.0,0.0,0.0,No Change,[],
SR-BL-6D36E4CD902A03C3-COMP-CONS-002,kpi_002,20.0,18.0,-2.0,-10.0,Decrease,[],
SR-BL-6D36E4CD902A03C3-COMP-EXP-002,kpi_002,20.0,16.0,-4.0,-20.0,Decrease,[],
SR-BL-6D36E4CD902A03C3-COMP-HIGH-002,kpi_002,20.0,13.0,-7.0,-35.0,Decrease,[],
SR-BL-8915CDDECD19E6FD-,kpi_002,20.0,,,,Uncertain,[],
SR-BL-70BF0FCD0690B901-,kpi_002,22.22222222222222,,,,Uncertain,[],
SR-BL-231E7FD07C8E239E-COMP-BASE-002,kpi_002,22.22222222222222,22.22222222222222,0.0,0.0,No Change,[],
SR-BL-231E7FD07C8E239E-COMP-CONS-002,kpi_002,22.22222222222222,20.0,-2.2222222222222214,-9.999999999999996,Decrease,[],
SR-BL-231E7FD07C8E239E-COMP-EXP-002,kpi_002,22.22222222222222,17.77777777777778,-4.444444444444443,-19.999999999999993,Decrease,[],
SR-BL-231E7FD07C8E239E-COMP-HIGH-002,kpi_002,22.22222222222222,14.444444444444445,-7.777777777777777,-35.0,Decrease,[],
SR-BL-FC1AC1EBB03BC6F0-,kpi_002,22.22222222222222,,,,Uncertain,[],
SR-BL-7F5AD461E4FBD92A-,kpi_002,25.0,,,,Uncertain,[],
SR-BL-38833579398C04FA-COMP-BASE-002,kpi_002,25.0,25.0,0.0,0.0,No Change,[],
SR-BL-38833579398C04FA-COMP-CONS-002,kpi_002,25.0,22.5,-2.5,-10.0,Decrease,[],
SR-BL-38833579398C04FA-COMP-EXP-002,kpi_002,25.0,20.0,-5.0,-20.0,Decrease,[],
SR-BL-38833579398C04FA-COMP-HIGH-002,kpi_002,25.0,16.25,-8.75,-35.0,Decrease,[],
SR-BL-3190E9165BC71227-,kpi_002,25.0,,,,Uncertain,[],
SR-BL-EEAA1D23E41AC049-,kpi_002,25.0,,,,Uncertain,[],
SR-BL-41656BD47109AE63-COMP-BASE-002,kpi_002,25.0,25.0,0.0,0.0,No Change,[],
SR-BL-41656BD47109AE63-COMP-CONS-002,kpi_002,25.0,22.5,-2.5,-10.0,Decrease,[],
SR-BL-41656BD47109AE63-COMP-EXP-002,kpi_002,25.0,20.0,-5.0,-20.0,Decrease,[],
SR-BL-41656BD47109AE63-COMP-HIGH-002,kpi_002,25.0,16.25,-8.75,-35.0,Decrease,[],
SR-BL-E9E7A34915777B53-,kpi_002,25.0,,,,Uncertain,[],
SR-BL-0496FCE3D4A9283C-,kpi_002,14.797619047619047,,,,Uncertain,[],
SR-BL-8A4D8FC38A2271AD-COMP-BASE-002,kpi_002,14.797619047619047,14.797619047619047,0.0,0.0,No Change,[],
SR-BL-8A4D8FC38A2271AD-COMP-CONS-002,kpi_002,14.797619047619047,13.317857142857143,-1.4797619047619044,-9.999999999999998,Decrease,[],
SR-BL-8A4D8FC38A2271AD-COMP-EXP-002,kpi_002,14.797619047619047,11.838095238095239,-2.959523809523809,-19.999999999999996,Decrease,[],
SR-BL-8A4D8FC38A2271AD-COMP-HIGH-002,kpi_002,14.797619047619047,9.61845238095238,-5.179166666666667,-35.0,Decrease,[],
SR-BL-D3F54AC02307623D-,kpi_002,14.797619047619047,,,,Uncertain,[],
SR-BL-0ED825E20B085FE1-,kpi_002,25.0,,,,Uncertain,[],
SR-BL-0B956423BE705304-COMP-BASE-002,kpi_002,25.0,25.0,0.0,0.0,No Change,[],
SR-BL-0B956423BE705304-COMP-CONS-002,kpi_002,25.0,22.5,-2.5,-10.0,Decrease,[],
SR-BL-0B956423BE705304-COMP-EXP-002,kpi_002,25.0,20.0,-5.0,-20.0,Decrease,[],
SR-BL-0B956423BE705304-COMP-HIGH-002,kpi_002,25.0,16.25,-8.75,-35.0,Decrease,[],
SR-BL-27F90BC922BDE961-,kpi_002,25.0,,,,Uncertain,[],
SR-BL-248FC0190F69D458-,kpi_002,19.659442724458202,,,,Uncertain,[],
SR-BL-46A2F0023A1595AC-COMP-BASE-002,kpi_002,19.659442724458202,19.659442724458202,0.0,0.0,No Change,[],
SR-BL-46A2F0023A1595AC-COMP-CONS-002,kpi_002,19.659442724458202,17.69349845201238,-1.965944272445821,-10.000000000000004,Decrease,[],
SR-BL-46A2F0023A1595AC-COMP-EXP-002,kpi_002,19.659442724458202,15.727554179566562,-3.93188854489164,-20.0,Decrease,[],
SR-BL-46A2F0023A1595AC-COMP-HIGH-002,kpi_002,19.659442724458202,12.778637770897832,-6.88080495356037,-34.99999999999999,Decrease,[],
SR-BL-17AFB5BE82EA3984-,kpi_002,19.659442724458202,,,,Uncertain,[],
SR-BL-AC8AC528BA8480D2-,kpi_002,15.384615384615383,,,,Uncertain,[],
SR-BL-67782FB8BA6FCCAD-COMP-BASE-002,kpi_002,15.384615384615383,15.384615384615383,0.0,0.0,No Change,[],
SR-BL-67782FB8BA6FCCAD-COMP-CONS-002,kpi_002,15.384615384615383,13.846153846153845,-1.5384615384615383,-10.0,Decrease,[],
SR-BL-67782FB8BA6FCCAD-COMP-EXP-002,kpi_002,15.384615384615383,12.307692307692307,-3.0769230769230766,-20.0,Decrease,[],
SR-BL-67782FB8BA6FCCAD-COMP-HIGH-002,kpi_002,15.384615384615383,10.0,-5.384615384615383,-34.99999999999999,Decrease,[],
SR-BL-A27955CD002D8798-,kpi_002,15.384615384615383,,,,Uncertain,[],
SR-BL-5D3823D6423ACA5B--MON,kpi_003,,,,,Uncertain,[],
SR-BL-2EE1E5BAD9EF1AD9--MON,kpi_003,,,,,Uncertain,[],
SR-BL-F485D57493DB0DE3--MON,kpi_003,,,,,Uncertain,[],
SR-BL-4CD7000A5DC716C6--MON,kpi_003,,,,,Uncertain,[],
SR-BL-00F78A912F892310--MON,kpi_003,,,,,Uncertain,[],
SR-BL-40D0355A65F29BE2--MON,kpi_003,,,,,Uncertain,[],
SR-BL-8826B9EAE38E202F--MON,kpi_003,,,,,Uncertain,[],
SR-BL-E72D0E48DC3255F2--MON,kpi_003,,,,,Uncertain,[],
SR-BL-665CFED0BAC346B4--MON,kpi_003,,,,,Uncertain,[],
SR-BL-218946860367C678--MON,kpi_003,,,,,Uncertain,[],
SR-BL-61EDF67445765325--MON,kpi_003,,,,,Uncertain,[],
SR-BL-CF0188A025EDFDFE--MON,kpi_003,,,,,Uncertain,[],
SR-BL-A09B503BAF236304--MON,kpi_003,,,,,Uncertain,[],
SR-BL-E82BF8FAF0DB233B--MON,kpi_003,,,,,Uncertain,[],
SR-BL-B08A5803D6BDF1A3--MON,kpi_003,,,,,Uncertain,[],
SR-BL-533D10F06145CC25--MON,kpi_003,,,,,Uncertain,[],
SR-BL-C834B7342D9A9774--MON,kpi_003,,,,,Uncertain,[],
SR-BL-C6620B17611F0F0B--MON,kpi_003,,,,,Uncertain,[],
SR-BL-9D666739C32492BC--MON,kpi_003,,,,,Uncertain,[],
SR-BL-325DF99E3207CA78--MON,kpi_003,,,,,Uncertain,[],
SR-BL-40A5F9674C60E610--MON,kpi_003,,,,,Uncertain,[],
SR-BL-81962E3528D32C8A--MON,kpi_003,,,,,Uncertain,[],
SR-BL-0E420CC941F6CA9B--MON,kpi_003,,,,,Uncertain,[],
SR-BL-732A73FDEBEB66A5--MON,kpi_003,,,,,Uncertain,[],
SR-BL-2F1FC553AB03451A--MON,kpi_003,,,,,Uncertain,[],
SR-BL-38522F48A57436EB--MON,kpi_003,,,,,Uncertain,[],
SR-BL-7E43C9EE88736470--MON,kpi_003,,,,,Uncertain,[],
SR-BL-F386D92BDFA0D030--MON,kpi_003,,,,,Uncertain,[],
SR-BL-C80C869DC1202ECA--MON,kpi_006,,,,,Uncertain,[],
SR-BL-247477A91B3CAC29--MON,kpi_006,,,,,Uncertain,[],
SR-BL-039665E89DF7A6CF--MON,kpi_006,,,,,Uncertain,[],
SR-BL-8F09D75D8E5EC366--MON,kpi_006,,,,,Uncertain,[],
SR-BL-A850C015C96CA790--MON,kpi_006,,,,,Uncertain,[],
SR-BL-115977B0798C22B2--MON,kpi_006,,,,,Uncertain,[],
SR-BL-FF8167937F283171--MON,kpi_006,,,,,Uncertain,[],
SR-BL-4A3D139B264AD1C2--MON,kpi_006,,,,,Uncertain,[],
SR-BL-B5A8E19D6B03FCB4--MON,kpi_006,,,,,Uncertain,[],
SR-BL-8001D68777B51945--MON,kpi_006,,,,,Uncertain,[],
SR-BL-04DB425316905D2A--MON,kpi_006,,,,,Uncertain,[],
SR-BL-A0EA796553F4F1F8--MON,kpi_006,,,,,Uncertain,[],
SR-BL-6ADE6D017189C7A1--MON,kpi_006,,,,,Uncertain,[],
SR-BL-B94EB3656E9AC14F--MON,kpi_006,,,,,Uncertain,[],
SR-BL-F614ADE475500537--MON,kpi_006,,,,,Uncertain,[],
SR-BL-CF98091072442FAF--MON,kpi_006,,,,,Uncertain,[],
SR-BL-2E4865F33DD4D7C7--MON,kpi_006,,,,,Uncertain,[],
SR-BL-CCB7AA3C0B26FF61--MON,kpi_006,,,,,Uncertain,[],
SR-BL-C9EC2BDA2191456C--MON,kpi_006,,,,,Uncertain,[],
SR-BL-40A1D033391EE74D--MON,kpi_006,,,,,Uncertain,[],
SR-BL-FA1122F94E85DB16--MON,kpi_006,,,,,Uncertain,[],
SR-BL-898EC16A934A9B86--MON,kpi_006,,,,,Uncertain,[],
SR-BL-D13D84DC92D25C95--MON,kpi_006,,,,,Uncertain,[],
SR-BL-82007DC97A6097B6--MON,kpi_006,,,,,Uncertain,[],
SR-BL-B76F52AE6F08C271--MON,kpi_006,,,,,Uncertain,[],
SR-BL-897AFB7A64E1A900--MON,kpi_006,,,,,Uncertain,[],
SR-BL-F9AA49338022BF8F--MON,kpi_006,,,,,Uncertain,[],
SR-BL-008AE740E78BF4C3--MON,kpi_006,,,,,Uncertain,[],
SR-BL-ED4D15CFFF17582E--MON,kpi_006,,,,,Uncertain,[],
SR-BL-3B4618D1760C2200--MON,kpi_006,,,,,Uncertain,[],
SR-BL-BB45DA7984BE9EC4--MON,kpi_006,,,,,Uncertain,[],
SR-BL-088A4AC9076930C9--MON,kpi_006,,,,,Uncertain,[],
SR-BL-DD2BC829EECE2C57--MON,kpi_006,,,,,Uncertain,[],
SR-BL-74BEF6050E92DDE8--MON,kpi_006,,,,,Uncertain,[],
SR-BL-78254C2B3854554D--MON,kpi_006,,,,,Uncertain,[],
SR-BL-BFF395394596CA75--MON,kpi_006,,,,,Uncertain,[],
SR-BL-E5FE601899CEB0BB--MON,kpi_006,,,,,Uncertain,[],
SR-BL-04F92D4A9B989CAD--MON,kpi_006,,,,,Uncertain,[],
SR-BL-E229E59F4F4F895A--MON,kpi_006,,,,,Uncertain,[],
SR-BL-5F6F363A275DA999--MON,kpi_006,,,,,Uncertain,[],
SR-BL-EBD7BED6B49865AD--MON,kpi_006,,,,,Uncertain,[],
SR-BL-F28326881EF169B7--MON,kpi_006,,,,,Uncertain,[],
SR-BL-B043C3BA3AE12493--MON,kpi_006,,,,,Uncertain,[],
SR-BL-498C47CE069B9848--MON,kpi_006,,,,,Uncertain,[],
SR-BL-5F8436600621610B--MON,kpi_006,,,,,Uncertain,[],
SR-BL-F545D25B446A7B3E--MON,kpi_006,,,,,Uncertain,[],
SR-BL-AFCD15A31623A568--MON,kpi_006,,,,,Uncertain,[],
SR-BL-3177586428CAA12C--MON,kpi_006,,,,,Uncertain,[],
SR-BL-3661351528228246-,kpi_001,70.0,,,,Uncertain,[],
SR-BL-CCE9DACA8394BB1B-COMP-BASE-001,kpi_001,70.0,70.0,0.0,0.0,No Change,[],
SR-BL-CCE9DACA8394BB1B-COMP-CONS-001,kpi_001,70.0,90.0,2.0,20.0,Increase,[],
SR-BL-CCE9DACA8394BB1B-COMP-EXP-001,kpi_001,70.0,100.0,5.0,30.0,Increase,[],
SR-BL-CCE9DACA8394BB1B-COMP-HIGH-001,kpi_001,70.0,100.0,9.0,30.0,Increase,[],
SR-BL-6A57E968F354C547-,kpi_001,70.0,,,,Uncertain,[],
SR-BL-2372364812028581-,kpi_001,83.33333333333334,,,,Uncertain,[],
SR-BL-30F8F80A983C578F-COMP-BASE-001,kpi_001,83.33333333333334,83.33333333333334,0.0,0.0,No Change,[],
SR-BL-30F8F80A983C578F-COMP-CONS-001,kpi_001,83.33333333333334,100.0,2.0,16.666666666666657,Increase,[],
SR-BL-30F8F80A983C578F-COMP-EXP-001,kpi_001,83.33333333333334,100.0,5.0,16.666666666666657,Increase,[],
SR-BL-30F8F80A983C578F-COMP-HIGH-001,kpi_001,83.33333333333334,100.0,9.0,16.666666666666657,Increase,[],
SR-BL-4FFFBFCC3FAA6FA1-,kpi_001,83.33333333333334,,,,Uncertain,[],
SR-BL-8479B65802C520CB-,kpi_001,81.94444444444444,,,,Uncertain,[],
SR-BL-0620D073F955070B-COMP-BASE-001,kpi_001,81.94444444444444,80.95238095238095,0.0,-0.9920634920634939,Decrease,[],
SR-BL-0620D073F955070B-COMP-CONS-001,kpi_001,81.94444444444444,100.0,2.0,18.055555555555557,Increase,[],
SR-BL-0620D073F955070B-COMP-EXP-001,kpi_001,81.94444444444444,100.0,5.0,18.055555555555557,Increase,[],
SR-BL-0620D073F955070B-COMP-HIGH-001,kpi_001,81.94444444444444,100.0,9.0,18.055555555555557,Increase,[],
SR-BL-D85D54D75B5F1EC7-,kpi_001,81.94444444444444,,,,Uncertain,[],
SR-BL-1140749069D8D377-,kpi_001,77.74725274725276,,,,Uncertain,[],
SR-BL-4252681C47EC5144-COMP-BASE-001,kpi_001,77.74725274725276,77.77777777777779,0.0,0.030525030525026864,Increase,[],
SR-BL-4252681C47EC5144-COMP-CONS-001,kpi_001,77.74725274725276,92.5925925925926,2.0,14.845339845339836,Increase,[],
SR-BL-4252681C47EC5144-COMP-EXP-001,kpi_001,77.74725274725276,100.0,5.0,22.25274725274724,Increase,[],
SR-BL-4252681C47EC5144-COMP-HIGH-001,kpi_001,77.74725274725276,100.0,9.0,22.25274725274724,Increase,[],
SR-BL-FD947CAC0689AEA3-,kpi_001,77.74725274725276,,,,Uncertain,[],
SR-BL-E78FD53C25AC0E44-,kpi_001,83.33333333333334,,,,Uncertain,[],
SR-BL-019C625F78356E2C-COMP-BASE-001,kpi_001,83.33333333333334,83.33333333333334,0.0,0.0,No Change,[],
SR-BL-019C625F78356E2C-COMP-CONS-001,kpi_001,83.33333333333334,100.0,2.0,16.666666666666657,Increase,[],
SR-BL-019C625F78356E2C-COMP-EXP-001,kpi_001,83.33333333333334,100.0,5.0,16.666666666666657,Increase,[],
SR-BL-019C625F78356E2C-COMP-HIGH-001,kpi_001,83.33333333333334,100.0,9.0,16.666666666666657,Increase,[],
SR-BL-A359E51F91147281-,kpi_001,83.33333333333334,,,,Uncertain,[],
SR-BL-F868E236756EA8DC-,kpi_001,71.42857142857143,,,,Uncertain,[],
SR-BL-E3193F8E25D0F619-COMP-BASE-001,kpi_001,71.42857142857143,71.42857142857143,0.0,0.0,No Change,[],
SR-BL-E3193F8E25D0F619-COMP-CONS-001,kpi_001,71.42857142857143,85.71428571428571,2.0,14.285714285714278,Increase,[],
SR-BL-E3193F8E25D0F619-COMP-EXP-001,kpi_001,71.42857142857143,100.0,5.0,28.57142857142857,Increase,[],
SR-BL-E3193F8E25D0F619-COMP-HIGH-001,kpi_001,71.42857142857143,100.0,9.0,28.57142857142857,Increase,[],
SR-BL-5C765FB2AD9D0F40-,kpi_001,71.42857142857143,,,,Uncertain,[],
SR-BL-6CE3229905C4C37E-,kpi_001,83.48096348096348,,,,Uncertain,[],
SR-BL-AA7C54C98DD1D177-COMP-BASE-001,kpi_001,83.48096348096348,83.01886792452831,0.0,-0.4620955564351732,Decrease,[],
SR-BL-AA7C54C98DD1D177-COMP-CONS-001,kpi_001,83.48096348096348,100.0,2.0,16.51903651903652,Increase,[],
SR-BL-AA7C54C98DD1D177-COMP-EXP-001,kpi_001,83.48096348096348,100.0,5.0,16.51903651903652,Increase,[],
SR-BL-AA7C54C98DD1D177-COMP-HIGH-001,kpi_001,83.48096348096348,100.0,9.0,16.51903651903652,Increase,[],
SR-BL-49010082B47CF23D-,kpi_001,83.48096348096348,,,,Uncertain,[],
SR-BL-8BEBC94EF0E1BA6B-,kpi_001,81.81818181818183,,,,Uncertain,[],
SR-BL-B2272FE31CB45E17-COMP-BASE-001,kpi_001,81.81818181818183,81.81818181818183,0.0,0.0,No Change,[],
SR-BL-B2272FE31CB45E17-COMP-CONS-001,kpi_001,81.81818181818183,100.0,2.0,18.181818181818173,Increase,[],
SR-BL-B2272FE31CB45E17-COMP-EXP-001,kpi_001,81.81818181818183,100.0,5.0,18.181818181818173,Increase,[],
SR-BL-B2272FE31CB45E17-COMP-HIGH-001,kpi_001,81.81818181818183,100.0,9.0,18.181818181818173,Increase,[],
SR-BL-CF1CE4903BAE012D-,kpi_001,81.81818181818183,,,,Uncertain,[],
SR-BL-38B5287806D89D1A-,kpi_001,75.0,,,,Uncertain,[],
SR-BL-268F888700F2B7A1-COMP-BASE-001,kpi_001,75.0,75.0,0.0,0.0,No Change,[],
SR-BL-268F888700F2B7A1-COMP-CONS-001,kpi_001,75.0,91.66666666666666,2.0,16.666666666666657,Increase,[],
SR-BL-268F888700F2B7A1-COMP-EXP-001,kpi_001,75.0,100.0,5.0,25.0,Increase,[],
SR-BL-268F888700F2B7A1-COMP-HIGH-001,kpi_001,75.0,100.0,9.0,25.0,Increase,[],
SR-BL-36071D62B08CAF3B-,kpi_001,75.0,,,,Uncertain,[],
SR-BL-A744FD30CEED2666-,kpi_001,81.96581196581197,,,,Uncertain,[],
SR-BL-3928AD8BBDE8B58E-COMP-BASE-001,kpi_001,81.96581196581197,84.03361344537815,0.0,2.067801479566185,Increase,[],
SR-BL-3928AD8BBDE8B58E-COMP-CONS-001,kpi_001,81.96581196581197,100.0,2.0,18.034188034188034,Increase,[],
SR-BL-3928AD8BBDE8B58E-COMP-EXP-001,kpi_001,81.96581196581197,100.0,5.0,18.034188034188034,Increase,[],
SR-BL-3928AD8BBDE8B58E-COMP-HIGH-001,kpi_001,81.96581196581197,100.0,9.000000000000002,18.034188034188034,Increase,[],
SR-BL-CF7523BE4F7D2781-,kpi_001,81.96581196581197,,,,Uncertain,[],
SR-BL-78CE5E612B9B58BF-,kpi_001,72.72727272727273,,,,Uncertain,[],
SR-BL-9657669AA12DB627-COMP-BASE-001,kpi_001,72.72727272727273,72.72727272727273,0.0,0.0,No Change,[],
SR-BL-9657669AA12DB627-COMP-CONS-001,kpi_001,72.72727272727273,90.9090909090909,2.0,18.181818181818173,Increase,[],
SR-BL-9657669AA12DB627-COMP-EXP-001,kpi_001,72.72727272727273,100.0,5.0,27.272727272727266,Increase,[],
SR-BL-9657669AA12DB627-COMP-HIGH-001,kpi_001,72.72727272727273,100.0,9.0,27.272727272727266,Increase,[],
SR-BL-580BDC98AF42C5FB-,kpi_001,72.72727272727273,,,,Uncertain,[],
SR-BL-E83B0DA95AD502E3-,kpi_001,78.57142857142857,,,,Uncertain,[],
SR-BL-88FE729827A4AE38-COMP-BASE-001,kpi_001,78.57142857142857,78.57142857142857,0.0,0.0,No Change,[],
SR-BL-88FE729827A4AE38-COMP-CONS-001,kpi_001,78.57142857142857,92.85714285714286,2.0,14.285714285714292,Increase,[],
SR-BL-88FE729827A4AE38-COMP-EXP-001,kpi_001,78.57142857142857,100.0,5.0,21.42857142857143,Increase,[],
SR-BL-88FE729827A4AE38-COMP-HIGH-001,kpi_001,78.57142857142857,100.0,9.0,21.42857142857143,Increase,[],
SR-BL-58737BD37A9F174B-,kpi_001,78.57142857142857,,,,Uncertain,[],
SR-BL-A2FC9D5B8A8AF1F9-,kpi_001,72.40028490028492,,,,Uncertain,[],
SR-BL-8E26EF7B244882DF-COMP-BASE-001,kpi_001,72.40028490028492,73.33333333333333,0.0,0.9330484330484126,Increase,[],
SR-BL-8E26EF7B244882DF-COMP-CONS-001,kpi_001,72.40028490028492,93.33333333333333,1.9999999999999991,20.933048433048413,Increase,[],
SR-BL-8E26EF7B244882DF-COMP-EXP-001,kpi_001,72.40028490028492,100.0,4.999999999999999,27.599715099715084,Increase,[],
SR-BL-8E26EF7B244882DF-COMP-HIGH-001,kpi_001,72.40028490028492,100.0,9.0,27.599715099715084,Increase,[],
SR-BL-BBBDEB837201E10F-,kpi_001,72.40028490028492,,,,Uncertain,[],
SR-BL-D28639ABC256FD44-,kpi_001,80.37153322867609,,,,Uncertain,[],
SR-BL-1E068F000624D203-COMP-BASE-001,kpi_001,80.37153322867609,80.26315789473684,0.0,-0.10837533393925014,Decrease,[],
SR-BL-1E068F000624D203-COMP-CONS-001,kpi_001,80.37153322867609,98.68421052631578,2.0,18.312677297639695,Increase,[],
SR-BL-1E068F000624D203-COMP-EXP-001,kpi_001,80.37153322867609,100.0,5.0,19.628466771323914,Increase,[],
SR-BL-1E068F000624D203-COMP-HIGH-001,kpi_001,80.37153322867609,100.0,9.000000000000002,19.628466771323914,Increase,[],
SR-BL-0C134717331B8F60-,kpi_001,80.37153322867609,,,,Uncertain,[],
SR-BL-86228B3CF9A48FAB-,kpi_001,72.11111111111111,,,,Uncertain,[],
SR-BL-760E1A37C6F9A678-COMP-BASE-001,kpi_001,72.11111111111111,72.13114754098362,0.0,0.02003642987250487,Increase,[],
SR-BL-760E1A37C6F9A678-COMP-CONS-001,kpi_001,72.11111111111111,88.52459016393443,2.0,16.41347905282332,Increase,[],
SR-BL-760E1A37C6F9A678-COMP-EXP-001,kpi_001,72.11111111111111,100.0,5.0,27.888888888888886,Increase,[],
SR-BL-760E1A37C6F9A678-COMP-HIGH-001,kpi_001,72.11111111111111,100.0,9.0,27.888888888888886,Increase,[],
SR-BL-1981A2688CAFE581-,kpi_001,72.11111111111111,,,,Uncertain,[],
SR-BL-186D4A0C3165BE1D-,kpi_001,75.0,,,,Uncertain,[],
SR-BL-091FE53772D8A9F0-COMP-BASE-001,kpi_001,75.0,75.0,0.0,0.0,No Change,[],
SR-BL-091FE53772D8A9F0-COMP-CONS-001,kpi_001,75.0,91.66666666666666,2.0,16.666666666666657,Increase,[],
SR-BL-091FE53772D8A9F0-COMP-EXP-001,kpi_001,75.0,100.0,5.0,25.0,Increase,[],
SR-BL-091FE53772D8A9F0-COMP-HIGH-001,kpi_001,75.0,100.0,9.0,25.0,Increase,[],
SR-BL-CC0E45EC3E29AFCB-,kpi_001,75.0,,,,Uncertain,[],
SR-BL-0AED1DE5A363BB5C-,kpi_001,81.81818181818183,,,,Uncertain,[],
SR-BL-876AEB93880CED33-COMP-BASE-001,kpi_001,81.81818181818183,81.81818181818183,0.0,0.0,No Change,[],
SR-BL-876AEB93880CED33-COMP-CONS-001,kpi_001,81.81818181818183,100.0,2.0,18.181818181818173,Increase,[],
SR-BL-876AEB93880CED33-COMP-EXP-001,kpi_001,81.81818181818183,100.0,5.0,18.181818181818173,Increase,[],
SR-BL-876AEB93880CED33-COMP-HIGH-001,kpi_001,81.81818181818183,100.0,9.0,18.181818181818173,Increase,[],
SR-BL-10212900913B8352-,kpi_001,81.81818181818183,,,,Uncertain,[],
SR-BL-415B7D7A90F40961-,kpi_001,86.0989010989011,,,,Uncertain,[],
SR-BL-E29A4281D1F87169-COMP-BASE-001,kpi_001,86.0989010989011,85.48387096774192,0.0,-0.6150301311591733,Decrease,[],
SR-BL-E29A4281D1F87169-COMP-CONS-001,kpi_001,86.0989010989011,100.0,2.0,13.901098901098905,Increase,[],
SR-BL-E29A4281D1F87169-COMP-EXP-001,kpi_001,86.0989010989011,100.0,5.0,13.901098901098905,Increase,[],
SR-BL-E29A4281D1F87169-COMP-HIGH-001,kpi_001,86.0989010989011,100.0,9.000000000000002,13.901098901098905,Increase,[],
SR-BL-AB1454A270EFC87E-,kpi_001,86.0989010989011,,,,Uncertain,[],
SR-BL-D0E75732EB2F0F5E-,kpi_001,69.23076923076923,,,,Uncertain,[],
SR-BL-AC01845DCB390582-COMP-BASE-001,kpi_001,69.23076923076923,69.23076923076923,0.0,0.0,No Change,[],
SR-BL-AC01845DCB390582-COMP-CONS-001,kpi_001,69.23076923076923,84.61538461538461,2.0,15.384615384615387,Increase,[],
SR-BL-AC01845DCB390582-COMP-EXP-001,kpi_001,69.23076923076923,100.0,5.0,30.769230769230774,Increase,[],
SR-BL-AC01845DCB390582-COMP-HIGH-001,kpi_001,69.23076923076923,100.0,9.0,30.769230769230774,Increase,[],
SR-BL-B4866757D18D84D5-,kpi_001,69.23076923076923,,,,Uncertain,[],
SR-BL-5177EC802865C13A-,kpi_001,86.25,,,,Uncertain,[],
SR-BL-519EF2A0ED52DA15-COMP-BASE-001,kpi_001,86.25,86.48648648648648,0.0,0.23648648648648418,Increase,[],
SR-BL-519EF2A0ED52DA15-COMP-CONS-001,kpi_001,86.25,100.0,2.0,13.75,Increase,[],
SR-BL-519EF2A0ED52DA15-COMP-EXP-001,kpi_001,86.25,100.0,5.0,13.75,Increase,[],
SR-BL-519EF2A0ED52DA15-COMP-HIGH-001,kpi_001,86.25,100.0,9.0,13.75,Increase,[],
SR-BL-F0C7E4942059EE71-,kpi_001,86.25,,,,Uncertain,[],
SR-BL-C85E0DBC8A16C966-,kpi_001,76.92307692307693,,,,Uncertain,[],
SR-BL-A33F29A16E668071-COMP-BASE-001,kpi_001,76.92307692307693,76.92307692307693,0.0,0.0,No Change,[],
SR-BL-A33F29A16E668071-COMP-CONS-001,kpi_001,76.92307692307693,92.3076923076923,2.0,15.384615384615373,Increase,[],
SR-BL-A33F29A16E668071-COMP-EXP-001,kpi_001,76.92307692307693,100.0,5.0,23.076923076923066,Increase,[],
SR-BL-A33F29A16E668071-COMP-HIGH-001,kpi_001,76.92307692307693,100.0,9.0,23.076923076923066,Increase,[],
SR-BL-2C031E1A46F94444-,kpi_001,76.92307692307693,,,,Uncertain,[],
SR-BL-9BAF25E7D6D62BCD-,kpi_001,82.01243201243201,,,,Uncertain,[],
SR-BL-0980E332844918BC-COMP-BASE-001,kpi_001,82.01243201243201,81.81818181818183,0.0,-0.19425019425018775,Decrease,[],
SR-BL-0980E332844918BC-COMP-CONS-001,kpi_001,82.01243201243201,100.0,2.0,17.987567987567985,Increase,[],
SR-BL-0980E332844918BC-COMP-EXP-001,kpi_001,82.01243201243201,100.0,5.0,17.987567987567985,Increase,[],
SR-BL-0980E332844918BC-COMP-HIGH-001,kpi_001,82.01243201243201,100.0,9.0,17.987567987567985,Increase,[],
SR-BL-4E8CB6024AAAD132-,kpi_001,82.01243201243201,,,,Uncertain,[],
SR-BL-A91022E3E21EDD1C-,kpi_001,63.57142857142857,,,,Uncertain,[],
SR-BL-6397970B7B2B3E14-COMP-BASE-001,kpi_001,63.57142857142857,62.5,0.0,-1.0714285714285694,Decrease,[],
SR-BL-6397970B7B2B3E14-COMP-CONS-001,kpi_001,63.57142857142857,79.16666666666666,2.0,15.595238095238088,Increase,[],
SR-BL-6397970B7B2B3E14-COMP-EXP-001,kpi_001,63.57142857142857,100.0,5.0,36.42857142857143,Increase,[],
SR-BL-6397970B7B2B3E14-COMP-HIGH-001,kpi_001,63.57142857142857,100.0,9.0,36.42857142857143,Increase,[],
SR-BL-CD9461EB5A43938C-,kpi_001,63.57142857142857,,,,Uncertain,[],
SR-BL-F74DD3DA48F0374F-,kpi_001,87.5,,,,Uncertain,[],
SR-BL-8DD89008D7A5A62C-COMP-BASE-001,kpi_001,87.5,88.37209302325581,0.0,0.8720930232558146,Increase,[],
SR-BL-8DD89008D7A5A62C-COMP-CONS-001,kpi_001,87.5,100.0,2.0,12.5,Increase,[],
SR-BL-8DD89008D7A5A62C-COMP-EXP-001,kpi_001,87.5,100.0,5.0,12.5,Increase,[],
SR-BL-8DD89008D7A5A62C-COMP-HIGH-001,kpi_001,87.5,100.0,9.0,12.5,Increase,[],
SR-BL-78B2C0AB55FF1529-,kpi_001,87.5,,,,Uncertain,[],
SR-BL-7973BA2941438B43-,kpi_001,76.92307692307693,,,,Uncertain,[],
SR-BL-A630FBB84907CFB8-COMP-BASE-001,kpi_001,76.92307692307693,76.92307692307693,0.0,0.0,No Change,[],
SR-BL-A630FBB84907CFB8-COMP-CONS-001,kpi_001,76.92307692307693,92.3076923076923,2.0,15.384615384615373,Increase,[],
SR-BL-A630FBB84907CFB8-COMP-EXP-001,kpi_001,76.92307692307693,100.0,5.0,23.076923076923066,Increase,[],
SR-BL-A630FBB84907CFB8-COMP-HIGH-001,kpi_001,76.92307692307693,100.0,9.0,23.076923076923066,Increase,[],
SR-BL-DD92083743DDD521-,kpi_001,76.92307692307693,,,,Uncertain,[],
SR-BL-C89ECEC38446032A-,kpi_001,70.0,,,,Uncertain,[],
SR-BL-9952ED077423C0EA-COMP-BASE-001,kpi_001,70.0,70.0,0.0,0.0,No Change,[],
SR-BL-9952ED077423C0EA-COMP-CONS-001,kpi_001,70.0,90.0,2.0,20.0,Increase,[],
SR-BL-9952ED077423C0EA-COMP-EXP-001,kpi_001,70.0,100.0,5.0,30.0,Increase,[],
SR-BL-9952ED077423C0EA-COMP-HIGH-001,kpi_001,70.0,100.0,9.0,30.0,Increase,[],
SR-BL-C7292482E6416C2C-,kpi_001,70.0,,,,Uncertain,[],
SR-BL-D2DE1D46CF5D3FE1-,kpi_001,66.66666666666666,,,,Uncertain,[],
SR-BL-D8FB49A192722A11-COMP-BASE-001,kpi_001,66.66666666666666,66.66666666666666,0.0,0.0,No Change,[],
SR-BL-D8FB49A192722A11-COMP-CONS-001,kpi_001,66.66666666666666,88.88888888888889,2.0,22.22222222222223,Increase,[],
SR-BL-D8FB49A192722A11-COMP-EXP-001,kpi_001,66.66666666666666,100.0,5.0,33.33333333333334,Increase,[],
SR-BL-D8FB49A192722A11-COMP-HIGH-001,kpi_001,66.66666666666666,100.0,9.0,33.33333333333334,Increase,[],
SR-BL-E7294730DA5340BC-,kpi_001,66.66666666666666,,,,Uncertain,[],
SR-BL-5C5029F255E3D084-,kpi_001,83.33333333333334,,,,Uncertain,[],
SR-BL-37C6F73FEA2CC94E-COMP-BASE-001,kpi_001,83.33333333333334,83.33333333333334,0.0,0.0,No Change,[],
SR-BL-37C6F73FEA2CC94E-COMP-CONS-001,kpi_001,83.33333333333334,100.0,2.0,16.666666666666657,Increase,[],
SR-BL-37C6F73FEA2CC94E-COMP-EXP-001,kpi_001,83.33333333333334,100.0,5.0,16.666666666666657,Increase,[],
SR-BL-37C6F73FEA2CC94E-COMP-HIGH-001,kpi_001,83.33333333333334,100.0,9.0,16.666666666666657,Increase,[],
SR-BL-8394CAA3E295EA20-,kpi_001,83.33333333333334,,,,Uncertain,[],
SR-BL-FEEE926C3727860A-,kpi_001,76.92307692307693,,,,Uncertain,[],
SR-BL-288FD2A828B8FB0E-COMP-BASE-001,kpi_001,76.92307692307693,76.92307692307693,0.0,0.0,No Change,[],
SR-BL-288FD2A828B8FB0E-COMP-CONS-001,kpi_001,76.92307692307693,92.3076923076923,2.0,15.384615384615373,Increase,[],
SR-BL-288FD2A828B8FB0E-COMP-EXP-001,kpi_001,76.92307692307693,100.0,5.0,23.076923076923066,Increase,[],
SR-BL-288FD2A828B8FB0E-COMP-HIGH-001,kpi_001,76.92307692307693,100.0,9.0,23.076923076923066,Increase,[],
SR-BL-F14D02CF10242C14-,kpi_001,76.92307692307693,,,,Uncertain,[],
SR-BL-3A0340D61884D911-,kpi_001,70.83333333333333,,,,Uncertain,[],
SR-BL-AE7A0FD7340DC83C-COMP-BASE-001,kpi_001,70.83333333333333,70.0,0.0,-0.8333333333333286,Decrease,[],
SR-BL-AE7A0FD7340DC83C-COMP-CONS-001,kpi_001,70.83333333333333,90.0,2.0,19.16666666666667,Increase,[],
SR-BL-AE7A0FD7340DC83C-COMP-EXP-001,kpi_001,70.83333333333333,100.0,5.0,29.16666666666667,Increase,[],
SR-BL-AE7A0FD7340DC83C-COMP-HIGH-001,kpi_001,70.83333333333333,100.0,9.0,29.16666666666667,Increase,[],
SR-BL-3637F38BB43EA485-,kpi_001,70.83333333333333,,,,Uncertain,[],
SR-BL-B243FB901D250EF1-,kpi_002,20.0,,,,Uncertain,[],
SR-BL-85CA6B2892CE6D66-COMP-BASE-002,kpi_002,20.0,20.0,0.0,0.0,No Change,[],
SR-BL-85CA6B2892CE6D66-COMP-CONS-002,kpi_002,20.0,18.0,-2.0,-10.0,Decrease,[],
SR-BL-85CA6B2892CE6D66-COMP-EXP-002,kpi_002,20.0,16.0,-4.0,-20.0,Decrease,[],
SR-BL-85CA6B2892CE6D66-COMP-HIGH-002,kpi_002,20.0,13.0,-7.0,-35.0,Decrease,[],
SR-BL-C857253CBE8A9470-,kpi_002,20.0,,,,Uncertain,[],
SR-BL-9552C8E099600285-,kpi_002,19.761904761904763,,,,Uncertain,[],
SR-BL-A0435FD7471CDAE7-COMP-BASE-002,kpi_002,19.761904761904763,19.761904761904763,0.0,0.0,No Change,[],
SR-BL-A0435FD7471CDAE7-COMP-CONS-002,kpi_002,19.761904761904763,17.78571428571429,-1.9761904761904745,-9.999999999999991,Decrease,[],
SR-BL-A0435FD7471CDAE7-COMP-EXP-002,kpi_002,19.761904761904763,15.80952380952381,-3.9523809523809526,-20.0,Decrease,[],
SR-BL-A0435FD7471CDAE7-COMP-HIGH-002,kpi_002,19.761904761904763,12.845238095238097,-6.916666666666666,-35.0,Decrease,[],
SR-BL-2DD7FEAEC1287F6B-,kpi_002,19.761904761904763,,,,Uncertain,[],
SR-BL-5CCB9C79A86D58D5-,kpi_002,22.377622377622377,,,,Uncertain,[],
SR-BL-E352E960D592CE19-COMP-BASE-002,kpi_002,22.377622377622377,22.377622377622377,0.0,0.0,No Change,[],
SR-BL-E352E960D592CE19-COMP-CONS-002,kpi_002,22.377622377622377,20.13986013986014,-2.2377622377622366,-9.999999999999995,Decrease,[],
SR-BL-E352E960D592CE19-COMP-EXP-002,kpi_002,22.377622377622377,17.902097902097903,-4.475524475524473,-19.99999999999999,Decrease,[],
SR-BL-E352E960D592CE19-COMP-HIGH-002,kpi_002,22.377622377622377,14.545454545454545,-7.832167832167832,-35.0,Decrease,[],
SR-BL-DEDC9706CC7C41C2-,kpi_002,22.377622377622377,,,,Uncertain,[],
SR-BL-9A20A8C923CEAC6E-,kpi_002,16.666666666666664,,,,Uncertain,[],
SR-BL-7313762631FF4150-COMP-BASE-002,kpi_002,16.666666666666664,16.666666666666664,0.0,0.0,No Change,[],
SR-BL-7313762631FF4150-COMP-CONS-002,kpi_002,16.666666666666664,14.999999999999998,-1.666666666666666,-9.999999999999998,Decrease,[],
SR-BL-7313762631FF4150-COMP-EXP-002,kpi_002,16.666666666666664,13.333333333333332,-3.333333333333332,-19.999999999999996,Decrease,[],
SR-BL-7313762631FF4150-COMP-HIGH-002,kpi_002,16.666666666666664,10.833333333333332,-5.833333333333332,-35.0,Decrease,[],
SR-BL-2B9BB61829935F97-,kpi_002,16.666666666666664,,,,Uncertain,[],
SR-BL-2F5A29B9B032F906-,kpi_002,37.5,,,,Uncertain,[],
SR-BL-D70D2E80A5EA10D3-COMP-BASE-002,kpi_002,37.5,37.5,0.0,0.0,No Change,[],
SR-BL-D70D2E80A5EA10D3-COMP-CONS-002,kpi_002,37.5,33.75,-3.75,-10.0,Decrease,[],
SR-BL-D70D2E80A5EA10D3-COMP-EXP-002,kpi_002,37.5,30.0,-7.5,-20.0,Decrease,[],
SR-BL-D70D2E80A5EA10D3-COMP-HIGH-002,kpi_002,37.5,24.375,-13.125,-35.0,Decrease,[],
SR-BL-713766F2ABD8F764-,kpi_002,37.5,,,,Uncertain,[],
SR-BL-E7DC0DAB95FE6E18-,kpi_002,20.0,,,,Uncertain,[],
SR-BL-AFB4DF20628BF942-COMP-BASE-002,kpi_002,20.0,20.0,0.0,0.0,No Change,[],
SR-BL-AFB4DF20628BF942-COMP-CONS-002,kpi_002,20.0,18.0,-2.0,-10.0,Decrease,[],
SR-BL-AFB4DF20628BF942-COMP-EXP-002,kpi_002,20.0,16.0,-4.0,-20.0,Decrease,[],
SR-BL-AFB4DF20628BF942-COMP-HIGH-002,kpi_002,20.0,13.0,-7.0,-35.0,Decrease,[],
SR-BL-241E2764BF0803B3-,kpi_002,20.0,,,,Uncertain,[],
SR-BL-7596110DF5996BB2-,kpi_002,16.666666666666664,,,,Uncertain,[],
SR-BL-A0BAE680DE6EC797-COMP-BASE-002,kpi_002,16.666666666666664,16.666666666666664,0.0,0.0,No Change,[],
SR-BL-A0BAE680DE6EC797-COMP-CONS-002,kpi_002,16.666666666666664,14.999999999999998,-1.666666666666666,-9.999999999999998,Decrease,[],
SR-BL-A0BAE680DE6EC797-COMP-EXP-002,kpi_002,16.666666666666664,13.333333333333332,-3.333333333333332,-19.999999999999996,Decrease,[],
SR-BL-A0BAE680DE6EC797-COMP-HIGH-002,kpi_002,16.666666666666664,10.833333333333332,-5.833333333333332,-35.0,Decrease,[],
SR-BL-009FD366C30394F7-,kpi_002,16.666666666666664,,,,Uncertain,[],
SR-BL-D2F9AD66C99EDCBA-,kpi_002,18.181818181818183,,,,Uncertain,[],
SR-BL-33B92E8BF5A10BAF-COMP-BASE-002,kpi_002,18.181818181818183,18.181818181818183,0.0,0.0,No Change,[],
SR-BL-33B92E8BF5A10BAF-COMP-CONS-002,kpi_002,18.181818181818183,16.363636363636367,-1.8181818181818166,-9.999999999999991,Decrease,[],
SR-BL-33B92E8BF5A10BAF-COMP-EXP-002,kpi_002,18.181818181818183,14.545454545454547,-3.6363636363636367,-20.0,Decrease,[],
SR-BL-33B92E8BF5A10BAF-COMP-HIGH-002,kpi_002,18.181818181818183,11.81818181818182,-6.363636363636363,-35.0,Decrease,[],
SR-BL-ED5FCB89EDFAEC0A-,kpi_002,18.181818181818183,,,,Uncertain,[],
SR-BL-270C1CF6D2D4B9F2-,kpi_002,20.0,,,,Uncertain,[],
SR-BL-312FFAEFC5A7DDE1-COMP-BASE-002,kpi_002,20.0,20.0,0.0,0.0,No Change,[],
SR-BL-312FFAEFC5A7DDE1-COMP-CONS-002,kpi_002,20.0,18.0,-2.0,-10.0,Decrease,[],
SR-BL-312FFAEFC5A7DDE1-COMP-EXP-002,kpi_002,20.0,16.0,-4.0,-20.0,Decrease,[],
SR-BL-312FFAEFC5A7DDE1-COMP-HIGH-002,kpi_002,20.0,13.0,-7.0,-35.0,Decrease,[],
SR-BL-A71A9C6780C43295-,kpi_002,20.0,,,,Uncertain,[],
SR-BL-3958CD89066568F9-,kpi_002,18.181818181818183,,,,Uncertain,[],
SR-BL-EA27B9201B7BF32E-COMP-BASE-002,kpi_002,18.181818181818183,18.181818181818183,0.0,0.0,No Change,[],
SR-BL-EA27B9201B7BF32E-COMP-CONS-002,kpi_002,18.181818181818183,16.363636363636367,-1.8181818181818166,-9.999999999999991,Decrease,[],
SR-BL-EA27B9201B7BF32E-COMP-EXP-002,kpi_002,18.181818181818183,14.545454545454547,-3.6363636363636367,-20.0,Decrease,[],
SR-BL-EA27B9201B7BF32E-COMP-HIGH-002,kpi_002,18.181818181818183,11.81818181818182,-6.363636363636363,-35.0,Decrease,[],
SR-BL-21FDEEA71F7EC9B6-,kpi_002,18.181818181818183,,,,Uncertain,[],
SR-BL-6273EB30EB588308-,kpi_002,15.384615384615383,,,,Uncertain,[],
SR-BL-93D2A526FD9A58EF-COMP-BASE-002,kpi_002,15.384615384615383,15.384615384615383,0.0,0.0,No Change,[],
SR-BL-93D2A526FD9A58EF-COMP-CONS-002,kpi_002,15.384615384615383,13.846153846153845,-1.5384615384615383,-10.0,Decrease,[],
SR-BL-93D2A526FD9A58EF-COMP-EXP-002,kpi_002,15.384615384615383,12.307692307692307,-3.0769230769230766,-20.0,Decrease,[],
SR-BL-93D2A526FD9A58EF-COMP-HIGH-002,kpi_002,15.384615384615383,10.0,-5.384615384615383,-34.99999999999999,Decrease,[],
SR-BL-576E5327C3D281A0-,kpi_002,15.384615384615383,,,,Uncertain,[],
SR-BL-F4EA82257B7C4C3E-,kpi_002,15.384615384615383,,,,Uncertain,[],
SR-BL-1E9BDCE509E7026C-COMP-BASE-002,kpi_002,15.384615384615383,15.384615384615383,0.0,0.0,No Change,[],
SR-BL-1E9BDCE509E7026C-COMP-CONS-002,kpi_002,15.384615384615383,13.846153846153845,-1.5384615384615383,-10.0,Decrease,[],
SR-BL-1E9BDCE509E7026C-COMP-EXP-002,kpi_002,15.384615384615383,12.307692307692307,-3.0769230769230766,-20.0,Decrease,[],
SR-BL-1E9BDCE509E7026C-COMP-HIGH-002,kpi_002,15.384615384615383,10.0,-5.384615384615383,-34.99999999999999,Decrease,[],
SR-BL-AD967EE46E9A09A9-,kpi_002,15.384615384615383,,,,Uncertain,[],
SR-BL-AF2B1E4787BC33B8-,kpi_002,15.384615384615383,,,,Uncertain,[],
SR-BL-9C3FD04FE5267066-COMP-BASE-002,kpi_002,15.384615384615383,15.384615384615383,0.0,0.0,No Change,[],
SR-BL-9C3FD04FE5267066-COMP-CONS-002,kpi_002,15.384615384615383,13.846153846153845,-1.5384615384615383,-10.0,Decrease,[],
SR-BL-9C3FD04FE5267066-COMP-EXP-002,kpi_002,15.384615384615383,12.307692307692307,-3.0769230769230766,-20.0,Decrease,[],
SR-BL-9C3FD04FE5267066-COMP-HIGH-002,kpi_002,15.384615384615383,10.0,-5.384615384615383,-34.99999999999999,Decrease,[],
SR-BL-AD40D1A224B3BC80-,kpi_002,15.384615384615383,,,,Uncertain,[],
SR-BL-473C7DAA6C1A8DF5-,kpi_002,17.613636363636363,,,,Uncertain,[],
SR-BL-01CED663D02E88D9-COMP-BASE-002,kpi_002,17.613636363636363,17.613636363636363,0.0,0.0,No Change,[],
SR-BL-01CED663D02E88D9-COMP-CONS-002,kpi_002,17.613636363636363,15.852272727272727,-1.7613636363636367,-10.000000000000002,Decrease,[],
SR-BL-01CED663D02E88D9-COMP-EXP-002,kpi_002,17.613636363636363,14.090909090909092,-3.5227272727272716,-19.999999999999993,Decrease,[],
SR-BL-01CED663D02E88D9-COMP-HIGH-002,kpi_002,17.613636363636363,11.448863636363637,-6.164772727272727,-35.0,Decrease,[],
SR-BL-79CAB8BBA3CD92FA-,kpi_002,17.613636363636363,,,,Uncertain,[],
SR-BL-C0A114E2BBAE071A-,kpi_004,47.51546391752577,,,,Uncertain,[],
SR-BL-A5FF91E646FC91D8-COMP-BASE-003,kpi_004,47.51546391752577,47.51546391752577,0.0,0.0,No Change,[],
SR-BL-A5FF91E646FC91D8-COMP-CONS-003,kpi_004,47.51546391752577,50.50791773754175,2.9924538200159816,6.297852474323068,Increase,[],
SR-BL-A5FF91E646FC91D8-COMP-EXP-003,kpi_004,47.51546391752577,53.25434462444772,5.738880706921947,12.077922077922084,Increase,[],
SR-BL-A5FF91E646FC91D8-COMP-HIGH-003,kpi_004,47.51546391752577,57.48805473735886,9.972590819833087,20.988095238095237,Increase,[],
SR-BL-288A2257F44BD11F-,kpi_004,47.51546391752577,,,,Uncertain,[],
SR-BL-33BBB51ABBFDDCC9-,kpi_004,47.775510204081634,,,,Uncertain,[],
SR-BL-B162DC5C597B074E-COMP-BASE-003,kpi_004,47.775510204081634,47.775510204081634,0.0,0.0,No Change,[],
SR-BL-B162DC5C597B074E-COMP-CONS-003,kpi_004,47.775510204081634,50.78434135558986,3.0088311515082253,6.2978524743230695,Increase,[],
SR-BL-B162DC5C597B074E-COMP-EXP-003,kpi_004,47.775510204081634,53.54579909886033,5.7702888947786946,12.077922077922086,Increase,[],
SR-BL-B162DC5C597B074E-COMP-HIGH-003,kpi_004,47.775510204081634,57.802679786200194,10.02716958211856,20.988095238095234,Increase,[],
SR-BL-D54FC72B31344D5E-,kpi_004,47.775510204081634,,,,Uncertain,[],
SR-BL-6FFFE3AE98FE058D-,kpi_004,48.28235294117647,,,,Uncertain,[],
SR-BL-F7ECFCBEEFBCA7C0-,kpi_004,49.12857142857143,,,,Uncertain,[],
SR-BL-97E96B5E1CFCBF39-,kpi_004,48.54545454545455,,,,Uncertain,[],
SR-BL-FF9B87ED6FF2510F-,kpi_004,48.41558441558441,,,,Uncertain,[],
SR-BL-C0973DB490DCFE27-COMP-BASE-003,kpi_004,48.41558441558441,48.41558441558441,0.0,0.0,No Change,[],
SR-BL-C0973DB490DCFE27-COMP-CONS-003,kpi_004,48.41558441558441,51.46472649665927,3.049142081074855,6.297852474323065,Increase,[],
SR-BL-C0973DB490DCFE27-COMP-EXP-003,kpi_004,48.41558441558441,54.263180974869286,5.847596559284874,12.077922077922084,Increase,[],
SR-BL-C0973DB490DCFE27-COMP-HIGH-003,kpi_004,48.41558441558441,58.57709338280767,10.161508967223256,20.988095238095244,Increase,[],
SR-BL-92B5AEA670D0393E-,kpi_004,48.41558441558441,,,,Uncertain,[],
SR-BL-46EA8247DF0EED53-,kpi_004,55.48675934738411,,,,Uncertain,[],
SR-BL-4353BDC43D1E45D6-COMP-BASE-003,kpi_004,55.48675934738411,55.48675934738411,0.0,0.0,No Change,[],
SR-BL-4353BDC43D1E45D6-COMP-CONS-003,kpi_004,55.48675934738411,58.98123359386502,3.4944742464809124,6.297852474323061,Increase,[],
SR-BL-4353BDC43D1E45D6-COMP-EXP-003,kpi_004,55.48675934738411,62.18840690492531,6.7016475575412,12.077922077922084,Increase,[],
SR-BL-4353BDC43D1E45D6-COMP-HIGH-003,kpi_004,55.48675934738411,67.1323732437458,11.645613896361695,20.98809523809525,Increase,[],
SR-BL-B1823367B29C2BAC-,kpi_004,55.48675934738411,,,,Uncertain,[],
SR-BL-549A25A06505BFCA-,kpi_004,55.94509604106967,,,,Uncertain,[],
SR-BL-D047A91EA624E09F-COMP-BASE-003,kpi_004,55.94509604106967,55.94509604106967,0.0,0.0,No Change,[],
SR-BL-D047A91EA624E09F-COMP-CONS-003,kpi_004,55.94509604106967,59.4684356563546,3.5233396152849323,6.297852474323085,Increase,[],
SR-BL-D047A91EA624E09F-COMP-EXP-003,kpi_004,55.94509604106967,62.70210114732874,6.757005106259072,12.077922077922093,Increase,[],
SR-BL-D047A91EA624E09F-COMP-HIGH-003,kpi_004,55.94509604106967,67.68690607921322,11.741810038143548,20.988095238095234,Increase,[],
SR-BL-1482608CB95C6B10-,kpi_004,55.94509604106967,,,,Uncertain,[],
SR-BL-D2C3DF8E1593FC4D-,kpi_004,55.3536873800953,,,,Uncertain,[],
SR-BL-29B3FB2AD64EF4C5-COMP-BASE-003,kpi_004,55.3536873800953,55.3536873800953,0.0,0.0,No Change,[],
SR-BL-29B3FB2AD64EF4C5-COMP-CONS-003,kpi_004,55.3536873800953,58.839780950391685,3.486093570296383,6.29785247432306,Increase,[],
SR-BL-29B3FB2AD64EF4C5-COMP-EXP-003,kpi_004,55.3536873800953,62.0392626091198,6.685575229024501,12.077922077922084,Increase,[],
SR-BL-29B3FB2AD64EF4C5-COMP-HIGH-003,kpi_004,55.3536873800953,66.97137200522721,11.617684625131908,20.98809523809524,Increase,[],
SR-BL-E3CEF8F6BBF94632-,kpi_004,55.3536873800953,,,,Uncertain,[],
SR-BL-4F17D88CBACF1A2B-,kpi_004,54.31412169679967,,,,Uncertain,[],
SR-BL-B91B9DB362E2B380-COMP-BASE-003,kpi_004,54.31412169679967,54.31412169679967,0.0,0.0,No Change,[],
SR-BL-B91B9DB362E2B380-COMP-CONS-003,kpi_004,54.31412169679967,57.734744953988404,3.420623257188737,6.297852474323062,Increase,[],
SR-BL-B91B9DB362E2B380-COMP-EXP-003,kpi_004,54.31412169679967,60.874138992646905,6.5600172958472385,12.07792207792209,Increase,[],
SR-BL-B91B9DB362E2B380-COMP-HIGH-003,kpi_004,54.31412169679967,65.71362128625893,11.39949958945926,20.988095238095234,Increase,[],
SR-BL-2EFBB4814C8E7598-,kpi_004,54.31412169679967,,,,Uncertain,[],
SR-BL-520900CEC5985F85-,kpi_004,54.93961578400831,,,,Uncertain,[],
SR-BL-2A324A709B5C1AD8-COMP-BASE-003,kpi_004,54.93961578400831,54.93961578400831,0.0,0.0,No Change,[],
SR-BL-2A324A709B5C1AD8-COMP-CONS-003,kpi_004,54.93961578400831,58.39963173604506,3.4600159520367484,6.297852474323057,Increase,[],
SR-BL-2A324A709B5C1AD8-COMP-EXP-003,kpi_004,54.93961578400831,61.57517976831062,6.635563984302308,12.07792207792209,Increase,[],
SR-BL-2A324A709B5C1AD8-COMP-HIGH-003,kpi_004,54.93961578400831,66.47039466819957,11.530778884191264,20.98809523809523,Increase,[],
SR-BL-78936FEDF7006BB9-,kpi_004,54.93961578400831,,,,Uncertain,[],
SR-BL-409F141CDBA341C1-,kpi_004,55.4471983614125,,,,Uncertain,[],
SR-BL-84B64722FA0A3F3C-COMP-BASE-003,kpi_004,55.4471983614125,55.4471983614125,0.0,0.0,No Change,[],
SR-BL-84B64722FA0A3F3C-COMP-CONS-003,kpi_004,55.4471983614125,58.93918111535953,3.4919827539470347,6.297852474323065,Increase,[],
SR-BL-84B64722FA0A3F3C-COMP-EXP-003,kpi_004,55.4471983614125,62.14406777389479,6.696869412482293,12.077922077922086,Increase,[],
SR-BL-84B64722FA0A3F3C-COMP-HIGH-003,kpi_004,55.4471983614125,67.08450916036134,11.637310798948839,20.98809523809524,Increase,[],
SR-BL-2F5107D55EA3BC63-,kpi_004,55.4471983614125,,,,Uncertain,[],
SR-BL-D995D3D6D65F8BE1--MON,kpi_005,,,,,Uncertain,[],
SR-BL-7988EBDBF09C0FA3--MON,kpi_005,,,,,Uncertain,[],
SR-BL-DF7D202F213344B1--MON,kpi_005,,,,,Uncertain,[],
SR-BL-B6D1AD9D0A676833--MON,kpi_005,,,,,Uncertain,[],
SR-BL-C2F24AAC91F2D32F--MON,kpi_005,,,,,Uncertain,[],
SR-BL-20FB6E7ACC22EECF--MON,kpi_005,,,,,Uncertain,[],
SR-BL-B1A70458A2E31805--MON,kpi_005,,,,,Uncertain,[],
SR-BL-F6A272143F7A0F12--MON,kpi_005,,,,,Uncertain,[],
SR-BL-E102D5060F63A919--MON,kpi_005,,,,,Uncertain,[],
SR-BL-B208188D979B2AE3--MON,kpi_005,,,,,Uncertain,[],
SR-BL-BA56BB122A2B6644--MON,kpi_005,,,,,Uncertain,[],
SR-BL-BDBFE42E334CE812--MON,kpi_005,,,,,Uncertain,[],
SR-BL-B4D08F4701A87516--MON,kpi_005,,,,,Uncertain,[],
SR-BL-A58DDC4AB1451656--MON,kpi_005,,,,,Uncertain,[],
SR-BL-3BB340FFBC7505F4--MON,kpi_005,,,,,Uncertain,[],
SR-BL-462FC7D5236511AF--MON,kpi_005,,,,,Uncertain,[],
SR-BL-84941345061FA15D--MON,kpi_006,,,,,Uncertain,[],
SR-BL-68E3933CEEF6FE44--MON,kpi_006,,,,,Uncertain,[],
SR-BL-A6289AF662665248--MON,kpi_006,,,,,Uncertain,[],
SR-BL-B738F1B1DB56388B--MON,kpi_006,,,,,Uncertain,[],
SR-BL-2A331B9444AF5B83--MON,kpi_006,,,,,Uncertain,[],
SR-BL-D5AA6700F1113F58--MON,kpi_006,,,,,Uncertain,[],
SR-BL-734BA647A37EE3C8--MON,kpi_006,,,,,Uncertain,[],
SR-BL-CBABEEC4A9E9B925--MON,kpi_006,,,,,Uncertain,[],
SR-BL-1715A6D5C3DCDAA9--MON,kpi_006,,,,,Uncertain,[],
SR-BL-71D88D21C19B5B17--MON,kpi_006,,,,,Uncertain,[],
SR-BL-C7325A22F2017587--MON,kpi_006,,,,,Uncertain,[],
SR-BL-D9841E2A7D4BCC7B--MON,kpi_006,,,,,Uncertain,[],
SR-BL-5D88B7FFFD5485BB--MON,kpi_006,,,,,Uncertain,[],
SR-BL-763F826CA429688A--MON,kpi_006,,,,,Uncertain,[],
SR-BL-C58B41DA7BACC0F2--MON,kpi_006,,,,,Uncertain,[],
SR-BL-9E6F03365C45EECA--MON,kpi_006,,,,,Uncertain,[],
SR-BL-B0657A87DF3EF77C--MON,kpi_006,,,,,Uncertain,[],
SR-BL-29546761F6C549CD--MON,kpi_006,,,,,Uncertain,[],
SR-BL-15D376322F811E6B--MON,kpi_006,,,,,Uncertain,[],
SR-BL-8A9DB825C4839CFA--MON,kpi_006,,,,,Uncertain,[],
SR-BL-06FE7D4D6688A926--MON,kpi_006,,,,,Uncertain,[],
SR-BL-8CF32F99848D2093--MON,kpi_006,,,,,Uncertain,[],
SR-BL-B68A7A566B69F1E5--MON,kpi_006,,,,,Uncertain,[],
SR-BL-9CD84198B1A1F183--MON,kpi_006,,,,,Uncertain,[],
SR-BL-EAFFFF212D033A2F--MON,kpi_006,,,,,Uncertain,[],
SR-BL-B131F96F76E71520--MON,kpi_006,,,,,Uncertain,[],
SR-BL-E5AD8F46EE6178D5--MON,kpi_006,,,,,Uncertain,[],
SR-BL-DE11A31EFCBC0DEE--MON,kpi_006,,,,,Uncertain,[],
SR-BL-F2DB5BECE745B8B2--MON,kpi_006,,,,,Uncertain,[],
SR-BL-8B671EE60CE3770D--MON,kpi_006,,,,,Uncertain,[],
SR-BL-1274B9B405407DDC--MON,kpi_006,,,,,Uncertain,[],
SR-BL-846624BE09008347--MON,kpi_006,,,,,Uncertain,[],
SR-BL-6D7B46F37ECF63A1--MON,kpi_006,,,,,Uncertain,[],
SR-BL-1EEC57A69CC767C7--MON,kpi_006,,,,,Uncertain,[],
SR-BL-6F21C3A2798EA770--MON,kpi_006,,,,,Uncertain,[],
SR-BL-E6620FD00E749A00--MON,kpi_006,,,,,Uncertain,[],
SR-BL-33D65E59374B0F1E-,kpi_001,77.77777777777779,,,,Uncertain,[],
SR-BL-182E7B2A3B235385-COMP-BASE-001,kpi_001,77.77777777777779,77.77777777777779,0.0,0.0,No Change,[],
SR-BL-182E7B2A3B235385-COMP-CONS-001,kpi_001,77.77777777777779,100.0,2.0,22.222222222222214,Increase,[],
SR-BL-182E7B2A3B235385-COMP-EXP-001,kpi_001,77.77777777777779,100.0,5.0,22.222222222222214,Increase,[],
SR-BL-182E7B2A3B235385-COMP-HIGH-001,kpi_001,77.77777777777779,100.0,9.0,22.222222222222214,Increase,[],
SR-BL-67AE4687CC3E9FC6-,kpi_001,77.77777777777779,,,,Uncertain,[],
SR-BL-A8CEDCBD05619FCD-,kpi_001,81.81818181818183,,,,Uncertain,[],
SR-BL-AD1C877F1BC887EE-COMP-BASE-001,kpi_001,81.81818181818183,81.81818181818183,0.0,0.0,No Change,[],
SR-BL-AD1C877F1BC887EE-COMP-CONS-001,kpi_001,81.81818181818183,100.0,2.0,18.181818181818173,Increase,[],
SR-BL-AD1C877F1BC887EE-COMP-EXP-001,kpi_001,81.81818181818183,100.0,5.0,18.181818181818173,Increase,[],
SR-BL-AD1C877F1BC887EE-COMP-HIGH-001,kpi_001,81.81818181818183,100.0,9.0,18.181818181818173,Increase,[],
SR-BL-3C4A8EE7F85673D7-,kpi_001,81.81818181818183,,,,Uncertain,[],
SR-BL-5D6A10CF8751AEED-,kpi_001,83.33333333333334,,,,Uncertain,[],
SR-BL-93B129DAE7183D19-COMP-BASE-001,kpi_001,83.33333333333334,83.33333333333334,0.0,0.0,No Change,[],
SR-BL-93B129DAE7183D19-COMP-CONS-001,kpi_001,83.33333333333334,100.0,2.0,16.666666666666657,Increase,[],
SR-BL-93B129DAE7183D19-COMP-EXP-001,kpi_001,83.33333333333334,100.0,5.0,16.666666666666657,Increase,[],
SR-BL-93B129DAE7183D19-COMP-HIGH-001,kpi_001,83.33333333333334,100.0,9.0,16.666666666666657,Increase,[],
SR-BL-90ACB90E8311F8AF-,kpi_001,83.33333333333334,,,,Uncertain,[],
SR-BL-C6353D7A0BEF9DAF-,kpi_001,78.57142857142857,,,,Uncertain,[],
SR-BL-D7B90663401662DF-COMP-BASE-001,kpi_001,78.57142857142857,78.57142857142857,0.0,0.0,No Change,[],
SR-BL-D7B90663401662DF-COMP-CONS-001,kpi_001,78.57142857142857,92.85714285714286,2.0,14.285714285714292,Increase,[],
SR-BL-D7B90663401662DF-COMP-EXP-001,kpi_001,78.57142857142857,100.0,5.0,21.42857142857143,Increase,[],
SR-BL-D7B90663401662DF-COMP-HIGH-001,kpi_001,78.57142857142857,100.0,9.0,21.42857142857143,Increase,[],
SR-BL-4C026674C2C52A69-,kpi_001,78.57142857142857,,,,Uncertain,[],
SR-BL-6EBA8D1DB1B27984-,kpi_001,85.81973581973581,,,,Uncertain,[],
SR-BL-FF9AC0333269B79A-COMP-BASE-001,kpi_001,85.81973581973581,86.11111111111111,0.0,0.29137529137530294,Increase,[],
SR-BL-FF9AC0333269B79A-COMP-CONS-001,kpi_001,85.81973581973581,100.0,2.0,14.180264180264189,Increase,[],
SR-BL-FF9AC0333269B79A-COMP-EXP-001,kpi_001,85.81973581973581,100.0,5.0,14.180264180264189,Increase,[],
SR-BL-FF9AC0333269B79A-COMP-HIGH-001,kpi_001,85.81973581973581,100.0,9.000000000000002,14.180264180264189,Increase,[],
SR-BL-731F746519FB5834-,kpi_001,85.81973581973581,,,,Uncertain,[],
SR-BL-76ECAB58213DE179-,kpi_001,76.38888888888889,,,,Uncertain,[],
SR-BL-43D5C387B09CE936-COMP-BASE-001,kpi_001,76.38888888888889,76.19047619047619,0.0,-0.19841269841269593,Decrease,[],
SR-BL-43D5C387B09CE936-COMP-CONS-001,kpi_001,76.38888888888889,95.23809523809523,2.0,18.84920634920634,Increase,[],
SR-BL-43D5C387B09CE936-COMP-EXP-001,kpi_001,76.38888888888889,100.0,5.0,23.611111111111114,Increase,[],
SR-BL-43D5C387B09CE936-COMP-HIGH-001,kpi_001,76.38888888888889,100.0,9.0,23.611111111111114,Increase,[],
SR-BL-95C43B1935EB5527-,kpi_001,76.38888888888889,,,,Uncertain,[],
SR-BL-C43A92C91497A300-,kpi_001,78.57142857142857,,,,Uncertain,[],
SR-BL-E236601C63E281B9-COMP-BASE-001,kpi_001,78.57142857142857,78.57142857142857,0.0,0.0,No Change,[],
SR-BL-E236601C63E281B9-COMP-CONS-001,kpi_001,78.57142857142857,92.85714285714286,2.0,14.285714285714292,Increase,[],
SR-BL-E236601C63E281B9-COMP-EXP-001,kpi_001,78.57142857142857,100.0,5.0,21.42857142857143,Increase,[],
SR-BL-E236601C63E281B9-COMP-HIGH-001,kpi_001,78.57142857142857,100.0,9.0,21.42857142857143,Increase,[],
SR-BL-1531ED4AD3B91E9C-,kpi_001,78.57142857142857,,,,Uncertain,[],
SR-BL-53E7DFAB031D8EB0-,kpi_001,76.92307692307693,,,,Uncertain,[],
SR-BL-5641CB60A6BE0C5D-COMP-BASE-001,kpi_001,76.92307692307693,76.92307692307693,0.0,0.0,No Change,[],
SR-BL-5641CB60A6BE0C5D-COMP-CONS-001,kpi_001,76.92307692307693,92.3076923076923,2.0,15.384615384615373,Increase,[],
SR-BL-5641CB60A6BE0C5D-COMP-EXP-001,kpi_001,76.92307692307693,100.0,5.0,23.076923076923066,Increase,[],
SR-BL-5641CB60A6BE0C5D-COMP-HIGH-001,kpi_001,76.92307692307693,100.0,9.0,23.076923076923066,Increase,[],
SR-BL-2FEBACEAD3B78DCD-,kpi_001,76.92307692307693,,,,Uncertain,[],
SR-BL-414A88D4336FADB8-,kpi_001,81.81818181818183,,,,Uncertain,[],
SR-BL-A18AA17B5A374474-COMP-BASE-001,kpi_001,81.81818181818183,81.81818181818183,0.0,0.0,No Change,[],
SR-BL-A18AA17B5A374474-COMP-CONS-001,kpi_001,81.81818181818183,100.0,2.0,18.181818181818173,Increase,[],
SR-BL-A18AA17B5A374474-COMP-EXP-001,kpi_001,81.81818181818183,100.0,5.0,18.181818181818173,Increase,[],
SR-BL-A18AA17B5A374474-COMP-HIGH-001,kpi_001,81.81818181818183,100.0,9.0,18.181818181818173,Increase,[],
SR-BL-721A9F7B369BA3E9-,kpi_001,81.81818181818183,,,,Uncertain,[],
SR-BL-A47ED9AF40CEBF53-,kpi_001,71.42857142857143,,,,Uncertain,[],
SR-BL-4003FA96E45DE8D4-COMP-BASE-001,kpi_001,71.42857142857143,71.42857142857143,0.0,0.0,No Change,[],
SR-BL-4003FA96E45DE8D4-COMP-CONS-001,kpi_001,71.42857142857143,85.71428571428571,2.0,14.285714285714278,Increase,[],
SR-BL-4003FA96E45DE8D4-COMP-EXP-001,kpi_001,71.42857142857143,100.0,5.0,28.57142857142857,Increase,[],
SR-BL-4003FA96E45DE8D4-COMP-HIGH-001,kpi_001,71.42857142857143,100.0,9.0,28.57142857142857,Increase,[],
SR-BL-744B0416C4FE3502-,kpi_001,71.42857142857143,,,,Uncertain,[],
SR-BL-07495536BE82F45E-,kpi_001,83.33333333333334,,,,Uncertain,[],
SR-BL-CAA7A936D38C352B-COMP-BASE-001,kpi_001,83.33333333333334,83.33333333333334,0.0,0.0,No Change,[],
SR-BL-CAA7A936D38C352B-COMP-CONS-001,kpi_001,83.33333333333334,100.0,2.0,16.666666666666657,Increase,[],
SR-BL-CAA7A936D38C352B-COMP-EXP-001,kpi_001,83.33333333333334,100.0,5.0,16.666666666666657,Increase,[],
SR-BL-CAA7A936D38C352B-COMP-HIGH-001,kpi_001,83.33333333333334,100.0,9.0,16.666666666666657,Increase,[],
SR-BL-0F805FC94EB1D2F6-,kpi_001,83.33333333333334,,,,Uncertain,[],
SR-BL-FC21A04926A67828-,kpi_001,75.0,,,,Uncertain,[],
SR-BL-DFC54352043A385E-COMP-BASE-001,kpi_001,75.0,75.0,0.0,0.0,No Change,[],
SR-BL-DFC54352043A385E-COMP-CONS-001,kpi_001,75.0,91.66666666666666,2.0,16.666666666666657,Increase,[],
SR-BL-DFC54352043A385E-COMP-EXP-001,kpi_001,75.0,100.0,5.0,25.0,Increase,[],
SR-BL-DFC54352043A385E-COMP-HIGH-001,kpi_001,75.0,100.0,9.0,25.0,Increase,[],
SR-BL-0A7A0844B0B97FB6-,kpi_001,75.0,,,,Uncertain,[],
SR-BL-19D64CE38864D4B3-,kpi_001,83.9392353678068,,,,Uncertain,[],
SR-BL-189E500248EDE815-COMP-BASE-001,kpi_001,83.9392353678068,82.92682926829268,0.0,-1.0124060995141235,Decrease,[],
SR-BL-189E500248EDE815-COMP-CONS-001,kpi_001,83.9392353678068,100.0,2.0,16.060764632193198,Increase,[],
SR-BL-189E500248EDE815-COMP-EXP-001,kpi_001,83.9392353678068,100.0,5.0,16.060764632193198,Increase,[],
SR-BL-189E500248EDE815-COMP-HIGH-001,kpi_001,83.9392353678068,100.0,9.000000000000002,16.060764632193198,Increase,[],
SR-BL-D8F7A1804A7D28F0-,kpi_001,83.9392353678068,,,,Uncertain,[],
SR-BL-BBF42DCA4B46CFF4-,kpi_001,82.84860972360973,,,,Uncertain,[],
SR-BL-E46ACAA2117B4B13-COMP-BASE-001,kpi_001,82.84860972360973,83.16831683168317,0.0,0.3197071080734446,Increase,[],
SR-BL-E46ACAA2117B4B13-COMP-CONS-001,kpi_001,82.84860972360973,99.00990099009901,2.0,16.161291266489286,Increase,[],
SR-BL-E46ACAA2117B4B13-COMP-EXP-001,kpi_001,82.84860972360973,100.0,5.0,17.151390276390273,Increase,[],
SR-BL-E46ACAA2117B4B13-COMP-HIGH-001,kpi_001,82.84860972360973,100.0,9.0,17.151390276390273,Increase,[],
SR-BL-9FC97A12D4CD76B7-,kpi_001,82.84860972360973,,,,Uncertain,[],
SR-BL-C0B27082D5B48817-,kpi_001,78.57142857142857,,,,Uncertain,[],
SR-BL-3085970FCFAE6598-COMP-BASE-001,kpi_001,78.57142857142857,78.57142857142857,0.0,0.0,No Change,[],
SR-BL-3085970FCFAE6598-COMP-CONS-001,kpi_001,78.57142857142857,92.85714285714286,2.0,14.285714285714292,Increase,[],
SR-BL-3085970FCFAE6598-COMP-EXP-001,kpi_001,78.57142857142857,100.0,5.0,21.42857142857143,Increase,[],
SR-BL-3085970FCFAE6598-COMP-HIGH-001,kpi_001,78.57142857142857,100.0,9.0,21.42857142857143,Increase,[],
SR-BL-5B62EFC6B6852F46-,kpi_001,78.57142857142857,,,,Uncertain,[],
SR-BL-0CA9E8114BAB177D-,kpi_001,83.10822510822511,,,,Uncertain,[],
SR-BL-BDDEF6B0E1FF18BC-COMP-BASE-001,kpi_001,83.10822510822511,82.75862068965517,0.0,-0.34960441856993896,Decrease,[],
SR-BL-BDDEF6B0E1FF18BC-COMP-CONS-001,kpi_001,83.10822510822511,100.0,2.0,16.891774891774887,Increase,[],
SR-BL-BDDEF6B0E1FF18BC-COMP-EXP-001,kpi_001,83.10822510822511,100.0,5.0,16.891774891774887,Increase,[],
SR-BL-BDDEF6B0E1FF18BC-COMP-HIGH-001,kpi_001,83.10822510822511,100.0,9.000000000000002,16.891774891774887,Increase,[],
SR-BL-49DB21B41C4571CC-,kpi_001,83.10822510822511,,,,Uncertain,[],
SR-BL-86409E5AEB542479-,kpi_001,72.72727272727273,,,,Uncertain,[],
SR-BL-C336FF5427DF84D8-COMP-BASE-001,kpi_001,72.72727272727273,72.72727272727273,0.0,0.0,No Change,[],
SR-BL-C336FF5427DF84D8-COMP-CONS-001,kpi_001,72.72727272727273,90.9090909090909,2.0,18.181818181818173,Increase,[],
SR-BL-C336FF5427DF84D8-COMP-EXP-001,kpi_001,72.72727272727273,100.0,5.0,27.272727272727266,Increase,[],
SR-BL-C336FF5427DF84D8-COMP-HIGH-001,kpi_001,72.72727272727273,100.0,9.0,27.272727272727266,Increase,[],
SR-BL-F456BBA27891CDA2-,kpi_001,72.72727272727273,,,,Uncertain,[],
SR-BL-F1AEDAE1326060E1-,kpi_001,77.77777777777779,,,,Uncertain,[],
SR-BL-F587D2679E8D8D1B-COMP-BASE-001,kpi_001,77.77777777777779,77.77777777777779,0.0,0.0,No Change,[],
SR-BL-F587D2679E8D8D1B-COMP-CONS-001,kpi_001,77.77777777777779,100.0,2.0,22.222222222222214,Increase,[],
SR-BL-F587D2679E8D8D1B-COMP-EXP-001,kpi_001,77.77777777777779,100.0,5.0,22.222222222222214,Increase,[],
SR-BL-F587D2679E8D8D1B-COMP-HIGH-001,kpi_001,77.77777777777779,100.0,9.0,22.222222222222214,Increase,[],
SR-BL-0EFEDA38C618AF37-,kpi_001,77.77777777777779,,,,Uncertain,[],
SR-BL-ADDCB9BA617B9813-,kpi_001,87.32638888888889,,,,Uncertain,[],
SR-BL-06EB9F3F16F87F6B-COMP-BASE-001,kpi_001,87.32638888888889,89.58333333333334,0.0,2.256944444444457,Increase,[],
SR-BL-06EB9F3F16F87F6B-COMP-CONS-001,kpi_001,87.32638888888889,100.0,2.0,12.673611111111114,Increase,[],
SR-BL-06EB9F3F16F87F6B-COMP-EXP-001,kpi_001,87.32638888888889,100.0,5.0,12.673611111111114,Increase,[],
SR-BL-06EB9F3F16F87F6B-COMP-HIGH-001,kpi_001,87.32638888888889,100.0,9.0,12.673611111111114,Increase,[],
SR-BL-BE523B29D9937B75-,kpi_001,87.32638888888889,,,,Uncertain,[],
SR-BL-73A39E1B424047FE-,kpi_001,77.77777777777779,,,,Uncertain,[],
SR-BL-D0586F0E81DE2802-COMP-BASE-001,kpi_001,77.77777777777779,77.77777777777779,0.0,0.0,No Change,[],
SR-BL-D0586F0E81DE2802-COMP-CONS-001,kpi_001,77.77777777777779,100.0,2.0,22.222222222222214,Increase,[],
SR-BL-D0586F0E81DE2802-COMP-EXP-001,kpi_001,77.77777777777779,100.0,5.0,22.222222222222214,Increase,[],
SR-BL-D0586F0E81DE2802-COMP-HIGH-001,kpi_001,77.77777777777779,100.0,9.0,22.222222222222214,Increase,[],
SR-BL-1A51315F694A284E-,kpi_001,77.77777777777779,,,,Uncertain,[],
SR-BL-5503C82683C481B0-,kpi_002,20.0,,,,Uncertain,[],
SR-BL-969096010C63457B-COMP-BASE-002,kpi_002,20.0,20.0,0.0,0.0,No Change,[],
SR-BL-969096010C63457B-COMP-CONS-002,kpi_002,20.0,18.0,-2.0,-10.0,Decrease,[],
SR-BL-969096010C63457B-COMP-EXP-002,kpi_002,20.0,16.0,-4.0,-20.0,Decrease,[],
SR-BL-969096010C63457B-COMP-HIGH-002,kpi_002,20.0,13.0,-7.0,-35.0,Decrease,[],
SR-BL-48CFF172880EF923-,kpi_002,20.0,,,,Uncertain,[],
SR-BL-6156F25AEDDB2255-,kpi_002,16.666666666666664,,,,Uncertain,[],
SR-BL-FF275071CC199C1D-COMP-BASE-002,kpi_002,16.666666666666664,16.666666666666664,0.0,0.0,No Change,[],
SR-BL-FF275071CC199C1D-COMP-CONS-002,kpi_002,16.666666666666664,14.999999999999998,-1.666666666666666,-9.999999999999998,Decrease,[],
SR-BL-FF275071CC199C1D-COMP-EXP-002,kpi_002,16.666666666666664,13.333333333333332,-3.333333333333332,-19.999999999999996,Decrease,[],
SR-BL-FF275071CC199C1D-COMP-HIGH-002,kpi_002,16.666666666666664,10.833333333333332,-5.833333333333332,-35.0,Decrease,[],
SR-BL-916E3F5AC56508AC-,kpi_002,16.666666666666664,,,,Uncertain,[],
SR-BL-ED761E7E36A1C2C7-,kpi_002,20.0,,,,Uncertain,[],
SR-BL-2622B2F5170D6F57-COMP-BASE-002,kpi_002,20.0,20.0,0.0,0.0,No Change,[],
SR-BL-2622B2F5170D6F57-COMP-CONS-002,kpi_002,20.0,18.0,-2.0,-10.0,Decrease,[],
SR-BL-2622B2F5170D6F57-COMP-EXP-002,kpi_002,20.0,16.0,-4.0,-20.0,Decrease,[],
SR-BL-2622B2F5170D6F57-COMP-HIGH-002,kpi_002,20.0,13.0,-7.0,-35.0,Decrease,[],
SR-BL-36E349F71E9077CC-,kpi_002,20.0,,,,Uncertain,[],
SR-BL-5A8D159A9617616C-,kpi_002,20.555555555555554,,,,Uncertain,[],
SR-BL-C9B74F8865C841A1-COMP-BASE-002,kpi_002,20.555555555555554,20.555555555555554,0.0,0.0,No Change,[],
SR-BL-C9B74F8865C841A1-COMP-CONS-002,kpi_002,20.555555555555554,18.5,-2.0555555555555536,-9.999999999999991,Decrease,[],
SR-BL-C9B74F8865C841A1-COMP-EXP-002,kpi_002,20.555555555555554,16.444444444444443,-4.111111111111111,-20.0,Decrease,[],
SR-BL-C9B74F8865C841A1-COMP-HIGH-002,kpi_002,20.555555555555554,13.36111111111111,-7.194444444444443,-35.0,Decrease,[],
SR-BL-C121EC51D0865BEE-,kpi_002,20.555555555555554,,,,Uncertain,[],
SR-BL-F19E1D1619816035-,kpi_002,15.384615384615383,,,,Uncertain,[],
SR-BL-E0E67AE8A9F6E66E-COMP-BASE-002,kpi_002,15.384615384615383,15.384615384615383,0.0,0.0,No Change,[],
SR-BL-E0E67AE8A9F6E66E-COMP-CONS-002,kpi_002,15.384615384615383,13.846153846153845,-1.5384615384615383,-10.0,Decrease,[],
SR-BL-E0E67AE8A9F6E66E-COMP-EXP-002,kpi_002,15.384615384615383,12.307692307692307,-3.0769230769230766,-20.0,Decrease,[],
SR-BL-E0E67AE8A9F6E66E-COMP-HIGH-002,kpi_002,15.384615384615383,10.0,-5.384615384615383,-34.99999999999999,Decrease,[],
SR-BL-735D027EAAFA463B-,kpi_002,15.384615384615383,,,,Uncertain,[],
SR-BL-5AA868410896EA0E-,kpi_002,20.0,,,,Uncertain,[],
SR-BL-B45700FF8087B88D-COMP-BASE-002,kpi_002,20.0,20.0,0.0,0.0,No Change,[],
SR-BL-B45700FF8087B88D-COMP-CONS-002,kpi_002,20.0,18.0,-2.0,-10.0,Decrease,[],
SR-BL-B45700FF8087B88D-COMP-EXP-002,kpi_002,20.0,16.0,-4.0,-20.0,Decrease,[],
SR-BL-B45700FF8087B88D-COMP-HIGH-002,kpi_002,20.0,13.0,-7.0,-35.0,Decrease,[],
SR-BL-09781AAF4AF8B746-,kpi_002,20.0,,,,Uncertain,[],
SR-BL-9725B45C1850461E-,kpi_002,18.75,,,,Uncertain,[],
SR-BL-9F034FA6AFEB31EB-COMP-BASE-002,kpi_002,18.75,18.75,0.0,0.0,No Change,[],
SR-BL-9F034FA6AFEB31EB-COMP-CONS-002,kpi_002,18.75,16.875,-1.875,-10.0,Decrease,[],
SR-BL-9F034FA6AFEB31EB-COMP-EXP-002,kpi_002,18.75,15.0,-3.75,-20.0,Decrease,[],
SR-BL-9F034FA6AFEB31EB-COMP-HIGH-002,kpi_002,18.75,12.1875,-6.5625,-35.0,Decrease,[],
SR-BL-AA8302FE6E2973AF-,kpi_002,18.75,,,,Uncertain,[],
SR-BL-6869D9521D243F47-,kpi_002,15.384615384615383,,,,Uncertain,[],
SR-BL-A0DB19C8B5ADF890-COMP-BASE-002,kpi_002,15.384615384615383,15.384615384615383,0.0,0.0,No Change,[],
SR-BL-A0DB19C8B5ADF890-COMP-CONS-002,kpi_002,15.384615384615383,13.846153846153845,-1.5384615384615383,-10.0,Decrease,[],
SR-BL-A0DB19C8B5ADF890-COMP-EXP-002,kpi_002,15.384615384615383,12.307692307692307,-3.0769230769230766,-20.0,Decrease,[],
SR-BL-A0DB19C8B5ADF890-COMP-HIGH-002,kpi_002,15.384615384615383,10.0,-5.384615384615383,-34.99999999999999,Decrease,[],
SR-BL-57BB727025AE31A3-,kpi_002,15.384615384615383,,,,Uncertain,[],
SR-BL-EFECF8E30F44EE46-,kpi_002,19.8989898989899,,,,Uncertain,[],
SR-BL-3B9F7771186FD5C5-COMP-BASE-002,kpi_002,19.8989898989899,19.8989898989899,0.0,0.0,No Change,[],
SR-BL-3B9F7771186FD5C5-COMP-CONS-002,kpi_002,19.8989898989899,17.90909090909091,-1.9898989898989896,-9.999999999999998,Decrease,[],
SR-BL-3B9F7771186FD5C5-COMP-EXP-002,kpi_002,19.8989898989899,15.91919191919192,-3.9797979797979792,-19.999999999999996,Decrease,[],
SR-BL-3B9F7771186FD5C5-COMP-HIGH-002,kpi_002,19.8989898989899,12.934343434343436,-6.964646464646464,-34.99999999999999,Decrease,[],
SR-BL-4FC60C2612CE78EC-,kpi_002,19.8989898989899,,,,Uncertain,[],
SR-BL-3EF5B6D0A900C080-,kpi_002,16.666666666666664,,,,Uncertain,[],
SR-BL-AD702A568FB0D1F5-COMP-BASE-002,kpi_002,16.666666666666664,16.666666666666664,0.0,0.0,No Change,[],
SR-BL-AD702A568FB0D1F5-COMP-CONS-002,kpi_002,16.666666666666664,14.999999999999998,-1.666666666666666,-9.999999999999998,Decrease,[],
SR-BL-AD702A568FB0D1F5-COMP-EXP-002,kpi_002,16.666666666666664,13.333333333333332,-3.333333333333332,-19.999999999999996,Decrease,[],
SR-BL-AD702A568FB0D1F5-COMP-HIGH-002,kpi_002,16.666666666666664,10.833333333333332,-5.833333333333332,-35.0,Decrease,[],
SR-BL-C30A9FB52700B9B9-,kpi_002,16.666666666666664,,,,Uncertain,[],
SR-BL-C7610ED0898FB5BD-,kpi_002,21.428571428571427,,,,Uncertain,[],
SR-BL-7D3C3A536A1A4A00-COMP-BASE-002,kpi_002,21.428571428571427,21.428571428571427,0.0,0.0,No Change,[],
SR-BL-7D3C3A536A1A4A00-COMP-CONS-002,kpi_002,21.428571428571427,19.285714285714285,-2.1428571428571423,-9.999999999999998,Decrease,[],
SR-BL-7D3C3A536A1A4A00-COMP-EXP-002,kpi_002,21.428571428571427,17.142857142857142,-4.285714285714285,-19.999999999999996,Decrease,[],
SR-BL-7D3C3A536A1A4A00-COMP-HIGH-002,kpi_002,21.428571428571427,13.928571428571429,-7.499999999999998,-34.99999999999999,Decrease,[],
SR-BL-B0DFC5F8AC165A5D-,kpi_002,21.428571428571427,,,,Uncertain,[],
SR-BL-BCAD51500F7B2654-,kpi_002,31.25,,,,Uncertain,[],
SR-BL-0DEEC7144486CE6A-COMP-BASE-002,kpi_002,31.25,31.25,0.0,0.0,No Change,[],
SR-BL-0DEEC7144486CE6A-COMP-CONS-002,kpi_002,31.25,28.125,-3.125,-10.0,Decrease,[],
SR-BL-0DEEC7144486CE6A-COMP-EXP-002,kpi_002,31.25,25.0,-6.25,-20.0,Decrease,[],
SR-BL-0DEEC7144486CE6A-COMP-HIGH-002,kpi_002,31.25,20.3125,-10.9375,-35.0,Decrease,[],
SR-BL-33C90FED2BB84101-,kpi_002,31.25,,,,Uncertain,[],
SR-BL-E3C89208A957ECB0-,kpi_002,16.102564102564102,,,,Uncertain,[],
SR-BL-8688180A719A997D-COMP-BASE-002,kpi_002,16.102564102564102,16.102564102564102,0.0,0.0,No Change,[],
SR-BL-8688180A719A997D-COMP-CONS-002,kpi_002,16.102564102564102,14.492307692307692,-1.6102564102564099,-9.999999999999998,Decrease,[],
SR-BL-8688180A719A997D-COMP-EXP-002,kpi_002,16.102564102564102,12.882051282051282,-3.2205128205128197,-19.999999999999996,Decrease,[],
SR-BL-8688180A719A997D-COMP-HIGH-002,kpi_002,16.102564102564102,10.466666666666667,-5.635897435897435,-35.0,Decrease,[],
SR-BL-E78A4C3912D56DD2-,kpi_002,16.102564102564102,,,,Uncertain,[],
SR-BL-A4AB06C4156FA3B9-,kpi_002,15.384615384615383,,,,Uncertain,[],
SR-BL-8FD95C27F6570DB1-COMP-BASE-002,kpi_002,15.384615384615383,15.384615384615383,0.0,0.0,No Change,[],
SR-BL-8FD95C27F6570DB1-COMP-CONS-002,kpi_002,15.384615384615383,13.846153846153845,-1.5384615384615383,-10.0,Decrease,[],
SR-BL-8FD95C27F6570DB1-COMP-EXP-002,kpi_002,15.384615384615383,12.307692307692307,-3.0769230769230766,-20.0,Decrease,[],
SR-BL-8FD95C27F6570DB1-COMP-HIGH-002,kpi_002,15.384615384615383,10.0,-5.384615384615383,-34.99999999999999,Decrease,[],
SR-BL-75841AB63FB8A9F8-,kpi_002,15.384615384615383,,,,Uncertain,[],
SR-BL-F491D10BEB0189E3-,kpi_002,30.0,,,,Uncertain,[],
SR-BL-C26C09113F5A653F-COMP-BASE-002,kpi_002,30.0,30.0,0.0,0.0,No Change,[],
SR-BL-C26C09113F5A653F-COMP-CONS-002,kpi_002,30.0,27.0,-3.0,-10.0,Decrease,[],
SR-BL-C26C09113F5A653F-COMP-EXP-002,kpi_002,30.0,24.0,-6.0,-20.0,Decrease,[],
SR-BL-C26C09113F5A653F-COMP-HIGH-002,kpi_002,30.0,19.5,-10.5,-35.0,Decrease,[],
SR-BL-C84AA334D0D260CF-,kpi_002,30.0,,,,Uncertain,[],
SR-BL-5A3FB7728C644633-,kpi_002,12.653388278388277,,,,Uncertain,[],
SR-BL-3960628B08FD4EDB-COMP-BASE-002,kpi_002,12.653388278388277,12.653388278388277,0.0,0.0,No Change,[],
SR-BL-3960628B08FD4EDB-COMP-CONS-002,kpi_002,12.653388278388277,11.38804945054945,-1.2653388278388267,-9.999999999999993,Decrease,[],
SR-BL-3960628B08FD4EDB-COMP-EXP-002,kpi_002,12.653388278388277,10.122710622710622,-2.530677655677655,-20.0,Decrease,[],
SR-BL-3960628B08FD4EDB-COMP-HIGH-002,kpi_002,12.653388278388277,8.224702380952381,-4.428685897435896,-34.99999999999999,Decrease,[],
SR-BL-356EAE07B4289AFE-,kpi_002,12.653388278388277,,,,Uncertain,[],
SR-BL-5956676B044D3AB9-,kpi_002,20.94017094017094,,,,Uncertain,[],
SR-BL-79B48ACEE595A4FE-COMP-BASE-002,kpi_002,20.94017094017094,20.94017094017094,0.0,0.0,No Change,[],
SR-BL-79B48ACEE595A4FE-COMP-CONS-002,kpi_002,20.94017094017094,18.846153846153847,-2.0940170940170937,-9.999999999999998,Decrease,[],
SR-BL-79B48ACEE595A4FE-COMP-EXP-002,kpi_002,20.94017094017094,16.752136752136753,-4.188034188034187,-19.999999999999996,Decrease,[],
SR-BL-79B48ACEE595A4FE-COMP-HIGH-002,kpi_002,20.94017094017094,13.611111111111112,-7.329059829059828,-34.99999999999999,Decrease,[],
SR-BL-C62F66E51A72719B-,kpi_002,20.94017094017094,,,,Uncertain,[],
SR-BL-B7C0EA323499B1C4-,kpi_002,12.222222222222221,,,,Uncertain,[],
SR-BL-8799DFF4CFD9A522-COMP-BASE-002,kpi_002,12.222222222222221,12.222222222222221,0.0,0.0,No Change,[],
SR-BL-8799DFF4CFD9A522-COMP-CONS-002,kpi_002,12.222222222222221,11.0,-1.2222222222222214,-9.999999999999993,Decrease,[],
SR-BL-8799DFF4CFD9A522-COMP-EXP-002,kpi_002,12.222222222222221,9.777777777777779,-2.444444444444443,-19.999999999999986,Decrease,[],
SR-BL-8799DFF4CFD9A522-COMP-HIGH-002,kpi_002,12.222222222222221,7.944444444444445,-4.277777777777777,-34.99999999999999,Decrease,[],
SR-BL-6C1CE2E3233F630E-,kpi_002,12.222222222222221,,,,Uncertain,[],
SR-BL-EAA362DCDB2730AF-,kpi_002,20.0,,,,Uncertain,[],
SR-BL-93FFE139AD57EDF7-COMP-BASE-002,kpi_002,20.0,20.0,0.0,0.0,No Change,[],
SR-BL-93FFE139AD57EDF7-COMP-CONS-002,kpi_002,20.0,18.0,-2.0,-10.0,Decrease,[],
SR-BL-93FFE139AD57EDF7-COMP-EXP-002,kpi_002,20.0,16.0,-4.0,-20.0,Decrease,[],
SR-BL-93FFE139AD57EDF7-COMP-HIGH-002,kpi_002,20.0,13.0,-7.0,-35.0,Decrease,[],
SR-BL-44B73BD38A5B9A69-,kpi_002,20.0,,,,Uncertain,[],
SR-BL-C13CC21720ACEA8D-,kpi_002,15.993265993265993,,,,Uncertain,[],
SR-BL-A6FC1D16B597CE2B-COMP-BASE-002,kpi_002,15.993265993265993,15.993265993265993,0.0,0.0,No Change,[],
SR-BL-A6FC1D16B597CE2B-COMP-CONS-002,kpi_002,15.993265993265993,14.393939393939394,-1.5993265993265986,-9.999999999999995,Decrease,[],
SR-BL-A6FC1D16B597CE2B-COMP-EXP-002,kpi_002,15.993265993265993,12.794612794612796,-3.198653198653197,-19.99999999999999,Decrease,[],
SR-BL-A6FC1D16B597CE2B-COMP-HIGH-002,kpi_002,15.993265993265993,10.395622895622896,-5.597643097643097,-35.0,Decrease,[],
SR-BL-79B1E1DA30A1390F-,kpi_002,15.993265993265993,,,,Uncertain,[],
SR-BL-3151D56A7F3B4893-,kpi_002,14.522144522144522,,,,Uncertain,[],
SR-BL-1DA70840F8567175-COMP-BASE-002,kpi_002,14.522144522144522,14.522144522144522,0.0,0.0,No Change,[],
SR-BL-1DA70840F8567175-COMP-CONS-002,kpi_002,14.522144522144522,13.06993006993007,-1.4522144522144522,-10.0,Decrease,[],
SR-BL-1DA70840F8567175-COMP-EXP-002,kpi_002,14.522144522144522,11.617715617715618,-2.9044289044289044,-20.0,Decrease,[],
SR-BL-1DA70840F8567175-COMP-HIGH-002,kpi_002,14.522144522144522,9.43939393939394,-5.082750582750583,-35.0,Decrease,[],
SR-BL-9445CF38B4072568-,kpi_002,14.522144522144522,,,,Uncertain,[],
SR-BL-5637BC02F434FAC5-,kpi_002,23.07692307692308,,,,Uncertain,[],
SR-BL-EB898D9326FD37E6-COMP-BASE-002,kpi_002,23.07692307692308,23.07692307692308,0.0,0.0,No Change,[],
SR-BL-EB898D9326FD37E6-COMP-CONS-002,kpi_002,23.07692307692308,20.769230769230774,-2.3076923076923066,-9.999999999999993,Decrease,[],
SR-BL-EB898D9326FD37E6-COMP-EXP-002,kpi_002,23.07692307692308,18.461538461538463,-4.615384615384617,-20.000000000000004,Decrease,[],
SR-BL-EB898D9326FD37E6-COMP-HIGH-002,kpi_002,23.07692307692308,15.000000000000002,-8.076923076923078,-35.0,Decrease,[],
SR-BL-704242B7E6ECA324-,kpi_002,23.07692307692308,,,,Uncertain,[],
SR-BL-55A8C803D4132A12-,kpi_002,20.0,,,,Uncertain,[],
SR-BL-19149A65686D4F03-COMP-BASE-002,kpi_002,20.0,20.0,0.0,0.0,No Change,[],
SR-BL-19149A65686D4F03-COMP-CONS-002,kpi_002,20.0,18.0,-2.0,-10.0,Decrease,[],
SR-BL-19149A65686D4F03-COMP-EXP-002,kpi_002,20.0,16.0,-4.0,-20.0,Decrease,[],
SR-BL-19149A65686D4F03-COMP-HIGH-002,kpi_002,20.0,13.0,-7.0,-35.0,Decrease,[],
SR-BL-3C6F4E8347198FA6-,kpi_002,20.0,,,,Uncertain,[],
SR-BL-44345B5AB6515E59-,kpi_002,14.219114219114218,,,,Uncertain,[],
SR-BL-2E513237A24AEEA4-COMP-BASE-002,kpi_002,14.219114219114218,14.219114219114218,0.0,0.0,No Change,[],
SR-BL-2E513237A24AEEA4-COMP-CONS-002,kpi_002,14.219114219114218,12.797202797202797,-1.421911421911421,-9.999999999999995,Decrease,[],
SR-BL-2E513237A24AEEA4-COMP-EXP-002,kpi_002,14.219114219114218,11.375291375291376,-2.843822843822842,-19.99999999999999,Decrease,[],
SR-BL-2E513237A24AEEA4-COMP-HIGH-002,kpi_002,14.219114219114218,9.242424242424242,-4.9766899766899755,-34.99999999999999,Decrease,[],
SR-BL-6732C5B4652A7DEA-,kpi_002,14.219114219114218,,,,Uncertain,[],
SR-BL-6435AA30600713F8--MON,kpi_006,,,,,Uncertain,[],
SR-BL-DAB7F5C70C3282BF--MON,kpi_006,,,,,Uncertain,[],
SR-BL-1CF36F78781C0D41--MON,kpi_006,,,,,Uncertain,[],
SR-BL-4873F920973793AB--MON,kpi_006,,,,,Uncertain,[],
SR-BL-2B9CB0AD73D7D871--MON,kpi_006,,,,,Uncertain,[],
SR-BL-56CC8033F8ABA20D--MON,kpi_006,,,,,Uncertain,[],
SR-BL-003BB227A7813F0B--MON,kpi_006,,,,,Uncertain,[],
SR-BL-F8937175C3025228--MON,kpi_006,,,,,Uncertain,[],
SR-BL-021D2925541DDCF9--MON,kpi_006,,,,,Uncertain,[],
SR-BL-85B07D4F7B437A00--MON,kpi_006,,,,,Uncertain,[],
SR-BL-F68A602CF5838A0B--MON,kpi_006,,,,,Uncertain,[],
SR-BL-18863B77B4F5D4E3--MON,kpi_006,,,,,Uncertain,[],
SR-BL-5DF543AEEAB0BDAD--MON,kpi_006,,,,,Uncertain,[],
SR-BL-4723622C65E363CB--MON,kpi_006,,,,,Uncertain,[],
SR-BL-CF51F12DB2A361C5--MON,kpi_006,,,,,Uncertain,[],
SR-BL-6CF4138CF901DD94--MON,kpi_006,,,,,Uncertain,[],
SR-BL-441FADFF1A3A0727--MON,kpi_006,,,,,Uncertain,[],
SR-BL-8AB9FE9ACE68D01B--MON,kpi_006,,,,,Uncertain,[],
SR-BL-03E814B581590075--MON,kpi_006,,,,,Uncertain,[],
SR-BL-56006D159CA66C78--MON,kpi_006,,,,,Uncertain,[],
SR-BL-7001BF827C1B93AA--MON,kpi_006,,,,,Uncertain,[],
SR-BL-1BF1D02DE5986B9B--MON,kpi_006,,,,,Uncertain,[],
SR-BL-D28CB3B8DE224B9B--MON,kpi_006,,,,,Uncertain,[],
SR-BL-38CB388D12B7531E--MON,kpi_006,,,,,Uncertain,[],
SR-BL-4CF6A2E77CC66E65--MON,kpi_006,,,,,Uncertain,[],
SR-BL-35EB8C327D4792A1--MON,kpi_006,,,,,Uncertain,[],
SR-BL-63DE3DF92B595C43--MON,kpi_006,,,,,Uncertain,[],
SR-BL-E5B7E76279A827E7--MON,kpi_006,,,,,Uncertain,[],
SR-BL-202CF7E2C36CC797--MON,kpi_006,,,,,Uncertain,[],
SR-BL-FA372767F64F2F3B--MON,kpi_006,,,,,Uncertain,[],
SR-BL-15E4862CD99EF5E0--MON,kpi_006,,,,,Uncertain,[],
SR-BL-3D2B98E80D7904ED--MON,kpi_006,,,,,Uncertain,[],
SR-BL-1CED330147AC5C79--MON,kpi_006,,,,,Uncertain,[],
SR-BL-B391873F4F29C723--MON,kpi_006,,,,,Uncertain,[],
SR-BL-0C0186E692B4258A--MON,kpi_006,,,,,Uncertain,[],
SR-BL-A2722B3C24FDB376--MON,kpi_006,,,,,Uncertain,[],
SR-BL-7DCC0757734518DE--MON,kpi_006,,,,,Uncertain,[],
SR-BL-003C3EE712D29AFE--MON,kpi_006,,,,,Uncertain,[],
SR-BL-691968F967E7FB4B--MON,kpi_006,,,,,Uncertain,[],
SR-BL-278555820A8CE309--MON,kpi_006,,,,,Uncertain,[],
SR-BL-4507D03BBD014AA0--MON,kpi_006,,,,,Uncertain,[],
SR-BL-CE0A66490333ACC1--MON,kpi_006,,,,,Uncertain,[],
SR-BL-05E518B2778F0CEC--MON,kpi_006,,,,,Uncertain,[],
SR-BL-3BE2C2E84AB41E9C--MON,kpi_006,,,,,Uncertain,[],
SR-BL-7727C8A1CA2CE052-,kpi_001,83.33333333333334,,,,Uncertain,[],
SR-BL-1CE526D285AE659C-COMP-BASE-001,kpi_001,83.33333333333334,83.33333333333334,0.0,0.0,No Change,[],
SR-BL-1CE526D285AE659C-COMP-CONS-001,kpi_001,83.33333333333334,100.0,2.0,16.666666666666657,Increase,[],
SR-BL-1CE526D285AE659C-COMP-EXP-001,kpi_001,83.33333333333334,100.0,5.0,16.666666666666657,Increase,[],
SR-BL-1CE526D285AE659C-COMP-HIGH-001,kpi_001,83.33333333333334,100.0,9.0,16.666666666666657,Increase,[],
SR-BL-78B2FF58E92C2902-,kpi_001,83.33333333333334,,,,Uncertain,[],
SR-BL-02C98FAE9BFE5D06-,kpi_001,80.0,,,,Uncertain,[],
SR-BL-0DDD3FFA1684B6E6-COMP-BASE-001,kpi_001,80.0,80.0,0.0,0.0,No Change,[],
SR-BL-0DDD3FFA1684B6E6-COMP-CONS-001,kpi_001,80.0,100.0,2.0,20.0,Increase,[],
SR-BL-0DDD3FFA1684B6E6-COMP-EXP-001,kpi_001,80.0,100.0,5.0,20.0,Increase,[],
SR-BL-0DDD3FFA1684B6E6-COMP-HIGH-001,kpi_001,80.0,100.0,9.0,20.0,Increase,[],
SR-BL-F5C43B34A544F1A5-,kpi_001,80.0,,,,Uncertain,[],
SR-BL-EBFC7645E3C1763E-,kpi_001,81.81818181818183,,,,Uncertain,[],
SR-BL-E2C476FA3A57C725-COMP-BASE-001,kpi_001,81.81818181818183,81.81818181818183,0.0,0.0,No Change,[],
SR-BL-E2C476FA3A57C725-COMP-CONS-001,kpi_001,81.81818181818183,100.0,2.0,18.181818181818173,Increase,[],
SR-BL-E2C476FA3A57C725-COMP-EXP-001,kpi_001,81.81818181818183,100.0,5.0,18.181818181818173,Increase,[],
SR-BL-E2C476FA3A57C725-COMP-HIGH-001,kpi_001,81.81818181818183,100.0,9.0,18.181818181818173,Increase,[],
SR-BL-FFBE921293671DB3-,kpi_001,81.81818181818183,,,,Uncertain,[],
SR-BL-2EE3974E2BCDD93A-,kpi_001,75.0,,,,Uncertain,[],
SR-BL-89DD22282A56088C-COMP-BASE-001,kpi_001,75.0,75.0,0.0,0.0,No Change,[],
SR-BL-89DD22282A56088C-COMP-CONS-001,kpi_001,75.0,91.66666666666666,2.0,16.666666666666657,Increase,[],
SR-BL-89DD22282A56088C-COMP-EXP-001,kpi_001,75.0,100.0,5.0,25.0,Increase,[],
SR-BL-89DD22282A56088C-COMP-HIGH-001,kpi_001,75.0,100.0,9.0,25.0,Increase,[],
SR-BL-38E44070DFF8A7C9-,kpi_001,75.0,,,,Uncertain,[],
SR-BL-34A1677443239CF3-,kpi_001,70.0,,,,Uncertain,[],
SR-BL-C5D2C5695B684DC1-COMP-BASE-001,kpi_001,70.0,70.0,0.0,0.0,No Change,[],
SR-BL-C5D2C5695B684DC1-COMP-CONS-001,kpi_001,70.0,90.0,2.0,20.0,Increase,[],
SR-BL-C5D2C5695B684DC1-COMP-EXP-001,kpi_001,70.0,100.0,5.0,30.0,Increase,[],
SR-BL-C5D2C5695B684DC1-COMP-HIGH-001,kpi_001,70.0,100.0,9.0,30.0,Increase,[],
SR-BL-E38B77ADDC81C7FA-,kpi_001,70.0,,,,Uncertain,[],
SR-BL-9DBAD0156E1AE096-,kpi_001,79.16666666666667,,,,Uncertain,[],
SR-BL-C8E7D25BF661D607-COMP-BASE-001,kpi_001,79.16666666666667,79.16666666666666,0.0,-1.4210854715202004e-14,Decrease,[],
SR-BL-C8E7D25BF661D607-COMP-CONS-001,kpi_001,79.16666666666667,95.83333333333334,2.0,16.66666666666667,Increase,[],
SR-BL-C8E7D25BF661D607-COMP-EXP-001,kpi_001,79.16666666666667,100.0,5.0,20.83333333333333,Increase,[],
SR-BL-C8E7D25BF661D607-COMP-HIGH-001,kpi_001,79.16666666666667,100.0,9.0,20.83333333333333,Increase,[],
SR-BL-B0D4CE22CBB067E5-,kpi_001,79.16666666666667,,,,Uncertain,[],
SR-BL-C32A31BB12F3DAE7-,kpi_001,75.25252525252526,,,,Uncertain,[],
SR-BL-DFA8AC3275555F17-COMP-BASE-001,kpi_001,75.25252525252526,75.0,0.0,-0.2525252525252597,Decrease,[],
SR-BL-DFA8AC3275555F17-COMP-CONS-001,kpi_001,75.25252525252526,95.0,2.0,19.74747474747474,Increase,[],
SR-BL-DFA8AC3275555F17-COMP-EXP-001,kpi_001,75.25252525252526,100.0,5.0,24.74747474747474,Increase,[],
SR-BL-DFA8AC3275555F17-COMP-HIGH-001,kpi_001,75.25252525252526,100.0,9.0,24.74747474747474,Increase,[],
SR-BL-0F5BA2B1ED0F69C3-,kpi_001,75.25252525252526,,,,Uncertain,[],
SR-BL-F43296BD4E1DD94C-,kpi_001,66.66666666666666,,,,Uncertain,[],
SR-BL-D3E53C0D5F8F1B80-COMP-BASE-001,kpi_001,66.66666666666666,66.66666666666666,0.0,0.0,No Change,[],
SR-BL-D3E53C0D5F8F1B80-COMP-CONS-001,kpi_001,66.66666666666666,83.33333333333334,2.0,16.666666666666686,Increase,[],
SR-BL-D3E53C0D5F8F1B80-COMP-EXP-001,kpi_001,66.66666666666666,100.0,5.0,33.33333333333334,Increase,[],
SR-BL-D3E53C0D5F8F1B80-COMP-HIGH-001,kpi_001,66.66666666666666,100.0,9.0,33.33333333333334,Increase,[],
SR-BL-EB1FAB76C02F9545-,kpi_001,66.66666666666666,,,,Uncertain,[],
SR-BL-1A637827B29A3565-,kpi_001,83.33333333333334,,,,Uncertain,[],
SR-BL-49D9FF836B7F98D5-COMP-BASE-001,kpi_001,83.33333333333334,83.33333333333334,0.0,0.0,No Change,[],
SR-BL-49D9FF836B7F98D5-COMP-CONS-001,kpi_001,83.33333333333334,100.0,2.0,16.666666666666657,Increase,[],
SR-BL-49D9FF836B7F98D5-COMP-EXP-001,kpi_001,83.33333333333334,100.0,5.0,16.666666666666657,Increase,[],
SR-BL-49D9FF836B7F98D5-COMP-HIGH-001,kpi_001,83.33333333333334,100.0,9.0,16.666666666666657,Increase,[],
SR-BL-52A098AA2EC620D2-,kpi_001,83.33333333333334,,,,Uncertain,[],
SR-BL-0601A66CB65FA249-,kpi_001,81.81818181818183,,,,Uncertain,[],
SR-BL-C655127B554A64AE-COMP-BASE-001,kpi_001,81.81818181818183,81.81818181818183,0.0,0.0,No Change,[],
SR-BL-C655127B554A64AE-COMP-CONS-001,kpi_001,81.81818181818183,100.0,2.0,18.181818181818173,Increase,[],
SR-BL-C655127B554A64AE-COMP-EXP-001,kpi_001,81.81818181818183,100.0,5.0,18.181818181818173,Increase,[],
SR-BL-C655127B554A64AE-COMP-HIGH-001,kpi_001,81.81818181818183,100.0,9.0,18.181818181818173,Increase,[],
SR-BL-7B0AAE80C0D9E042-,kpi_001,81.81818181818183,,,,Uncertain,[],
SR-BL-A09515D6FB9F05EA-,kpi_001,83.33333333333334,,,,Uncertain,[],
SR-BL-4EB4306376D2F8D1-COMP-BASE-001,kpi_001,83.33333333333334,83.33333333333334,0.0,0.0,No Change,[],
SR-BL-4EB4306376D2F8D1-COMP-CONS-001,kpi_001,83.33333333333334,100.0,2.0,16.666666666666657,Increase,[],
SR-BL-4EB4306376D2F8D1-COMP-EXP-001,kpi_001,83.33333333333334,100.0,5.0,16.666666666666657,Increase,[],
SR-BL-4EB4306376D2F8D1-COMP-HIGH-001,kpi_001,83.33333333333334,100.0,9.0,16.666666666666657,Increase,[],
SR-BL-132EC2E1B5A7FB2F-,kpi_001,83.33333333333334,,,,Uncertain,[],
SR-BL-03D794C1BFDD571D-,kpi_001,81.81818181818183,,,,Uncertain,[],
SR-BL-1D258A1050219DC6-COMP-BASE-001,kpi_001,81.81818181818183,81.81818181818183,0.0,0.0,No Change,[],
SR-BL-1D258A1050219DC6-COMP-CONS-001,kpi_001,81.81818181818183,100.0,2.0,18.181818181818173,Increase,[],
SR-BL-1D258A1050219DC6-COMP-EXP-001,kpi_001,81.81818181818183,100.0,5.0,18.181818181818173,Increase,[],
SR-BL-1D258A1050219DC6-COMP-HIGH-001,kpi_001,81.81818181818183,100.0,9.0,18.181818181818173,Increase,[],
SR-BL-E2382F972A108C4B-,kpi_001,81.81818181818183,,,,Uncertain,[],
SR-BL-0B3037E1A64247F2-,kpi_001,85.69444444444446,,,,Uncertain,[],
SR-BL-84FCB2A3ED9717C2-COMP-BASE-001,kpi_001,85.69444444444446,86.04651162790698,0.0,0.3520671834625233,Increase,[],
SR-BL-84FCB2A3ED9717C2-COMP-CONS-001,kpi_001,85.69444444444446,100.0,2.0,14.305555555555543,Increase,[],
SR-BL-84FCB2A3ED9717C2-COMP-EXP-001,kpi_001,85.69444444444446,100.0,5.0,14.305555555555543,Increase,[],
SR-BL-84FCB2A3ED9717C2-COMP-HIGH-001,kpi_001,85.69444444444446,100.0,9.0,14.305555555555543,Increase,[],
SR-BL-F3A6DDF12C3728CC-,kpi_001,85.69444444444446,,,,Uncertain,[],
SR-BL-FD3555B8D1191F01-,kpi_001,81.58730158730158,,,,Uncertain,[],
SR-BL-74EAB950704FC274-COMP-BASE-001,kpi_001,81.58730158730158,81.81818181818183,0.0,0.23088023088024556,Increase,[],
SR-BL-74EAB950704FC274-COMP-CONS-001,kpi_001,81.58730158730158,100.0,2.0,18.41269841269842,Increase,[],
SR-BL-74EAB950704FC274-COMP-EXP-001,kpi_001,81.58730158730158,100.0,5.0,18.41269841269842,Increase,[],
SR-BL-74EAB950704FC274-COMP-HIGH-001,kpi_001,81.58730158730158,100.0,9.0,18.41269841269842,Increase,[],
SR-BL-3D8B00EEC1773184-,kpi_001,81.58730158730158,,,,Uncertain,[],
SR-BL-DD8B7DC0FD071950-,kpi_001,77.35042735042737,,,,Uncertain,[],
SR-BL-0E9B491E04023FAC-COMP-BASE-001,kpi_001,77.35042735042737,77.27272727272727,0.0,-0.07770007770010068,Decrease,[],
SR-BL-0E9B491E04023FAC-COMP-CONS-001,kpi_001,77.35042735042737,95.45454545454545,2.0,18.104118104118086,Increase,[],
SR-BL-0E9B491E04023FAC-COMP-EXP-001,kpi_001,77.35042735042737,100.0,5.0,22.649572649572633,Increase,[],
SR-BL-0E9B491E04023FAC-COMP-HIGH-001,kpi_001,77.35042735042737,100.0,9.0,22.649572649572633,Increase,[],
SR-BL-B95DF50193B9A1EF-,kpi_001,77.35042735042737,,,,Uncertain,[],
SR-BL-EB50C5F3B28DA9F1-,kpi_001,77.35042735042737,,,,Uncertain,[],
SR-BL-C6AB63DB395A5659-COMP-BASE-001,kpi_001,77.35042735042737,77.27272727272727,0.0,-0.07770007770010068,Decrease,[],
SR-BL-C6AB63DB395A5659-COMP-CONS-001,kpi_001,77.35042735042737,95.45454545454545,2.0,18.104118104118086,Increase,[],
SR-BL-C6AB63DB395A5659-COMP-EXP-001,kpi_001,77.35042735042737,100.0,5.0,22.649572649572633,Increase,[],
SR-BL-C6AB63DB395A5659-COMP-HIGH-001,kpi_001,77.35042735042737,100.0,9.0,22.649572649572633,Increase,[],
SR-BL-4B6919A10CCDD3DB-,kpi_001,77.35042735042737,,,,Uncertain,[],
SR-BL-63F2CC746A16D64C-,kpi_001,80.0,,,,Uncertain,[],
SR-BL-BB98073D906A9F97-COMP-BASE-001,kpi_001,80.0,80.0,0.0,0.0,No Change,[],
SR-BL-BB98073D906A9F97-COMP-CONS-001,kpi_001,80.0,100.0,2.0,20.0,Increase,[],
SR-BL-BB98073D906A9F97-COMP-EXP-001,kpi_001,80.0,100.0,5.0,20.0,Increase,[],
SR-BL-BB98073D906A9F97-COMP-HIGH-001,kpi_001,80.0,100.0,9.0,20.0,Increase,[],
SR-BL-AEB67037CF1337A4-,kpi_001,80.0,,,,Uncertain,[],
SR-BL-B680BE6C66E8FDB5-,kpi_001,76.92307692307693,,,,Uncertain,[],
SR-BL-AE18B99B80CFF239-COMP-BASE-001,kpi_001,76.92307692307693,76.92307692307693,0.0,0.0,No Change,[],
SR-BL-AE18B99B80CFF239-COMP-CONS-001,kpi_001,76.92307692307693,92.3076923076923,2.0,15.384615384615373,Increase,[],
SR-BL-AE18B99B80CFF239-COMP-EXP-001,kpi_001,76.92307692307693,100.0,5.0,23.076923076923066,Increase,[],
SR-BL-AE18B99B80CFF239-COMP-HIGH-001,kpi_001,76.92307692307693,100.0,9.0,23.076923076923066,Increase,[],
SR-BL-EA31DB794CC1CBCF-,kpi_001,76.92307692307693,,,,Uncertain,[],
SR-BL-93EF24AE387B0E6B-,kpi_001,78.7878787878788,,,,Uncertain,[],
SR-BL-6662624678F0790B-COMP-BASE-001,kpi_001,78.7878787878788,79.06976744186046,0.0,0.2818886539816674,Increase,[],
SR-BL-6662624678F0790B-COMP-CONS-001,kpi_001,78.7878787878788,97.67441860465115,2.0,18.886539816772355,Increase,[],
SR-BL-6662624678F0790B-COMP-EXP-001,kpi_001,78.7878787878788,100.0,5.0,21.212121212121204,Increase,[],
SR-BL-6662624678F0790B-COMP-HIGH-001,kpi_001,78.7878787878788,100.0,9.0,21.212121212121204,Increase,[],
SR-BL-0C28491AAD7EF111-,kpi_001,78.7878787878788,,,,Uncertain,[],
SR-BL-9141A4EC0FCFF3BE-,kpi_001,77.77777777777779,,,,Uncertain,[],
SR-BL-F4B1A8E34D3CA306-COMP-BASE-001,kpi_001,77.77777777777779,77.77777777777779,0.0,0.0,No Change,[],
SR-BL-F4B1A8E34D3CA306-COMP-CONS-001,kpi_001,77.77777777777779,100.0,2.0,22.222222222222214,Increase,[],
SR-BL-F4B1A8E34D3CA306-COMP-EXP-001,kpi_001,77.77777777777779,100.0,5.0,22.222222222222214,Increase,[],
SR-BL-F4B1A8E34D3CA306-COMP-HIGH-001,kpi_001,77.77777777777779,100.0,9.0,22.222222222222214,Increase,[],
SR-BL-EC6E7DA3052F5FF1-,kpi_001,77.77777777777779,,,,Uncertain,[],
SR-BL-925C673DBE5236A4-,kpi_001,72.72727272727273,,,,Uncertain,[],
SR-BL-DDACF86B340AC401-COMP-BASE-001,kpi_001,72.72727272727273,72.72727272727273,0.0,0.0,No Change,[],
SR-BL-DDACF86B340AC401-COMP-CONS-001,kpi_001,72.72727272727273,90.9090909090909,2.0,18.181818181818173,Increase,[],
SR-BL-DDACF86B340AC401-COMP-EXP-001,kpi_001,72.72727272727273,100.0,5.0,27.272727272727266,Increase,[],
SR-BL-DDACF86B340AC401-COMP-HIGH-001,kpi_001,72.72727272727273,100.0,9.0,27.272727272727266,Increase,[],
SR-BL-2F445A59D65DCA73-,kpi_001,72.72727272727273,,,,Uncertain,[],
SR-BL-DA3B4F7DC2F247F1-,kpi_001,75.0,,,,Uncertain,[],
SR-BL-8E0C244E3C833C85-COMP-BASE-001,kpi_001,75.0,75.0,0.0,0.0,No Change,[],
SR-BL-8E0C244E3C833C85-COMP-CONS-001,kpi_001,75.0,91.66666666666666,2.0,16.666666666666657,Increase,[],
SR-BL-8E0C244E3C833C85-COMP-EXP-001,kpi_001,75.0,100.0,5.0,25.0,Increase,[],
SR-BL-8E0C244E3C833C85-COMP-HIGH-001,kpi_001,75.0,100.0,9.0,25.0,Increase,[],
SR-BL-66B845FA1AFD5199-,kpi_001,75.0,,,,Uncertain,[],
SR-BL-B610131C922E88B1-,kpi_001,76.92307692307693,,,,Uncertain,[],
SR-BL-05D2340EF87B4C00-COMP-BASE-001,kpi_001,76.92307692307693,76.92307692307693,0.0,0.0,No Change,[],
SR-BL-05D2340EF87B4C00-COMP-CONS-001,kpi_001,76.92307692307693,92.3076923076923,2.0,15.384615384615373,Increase,[],
SR-BL-05D2340EF87B4C00-COMP-EXP-001,kpi_001,76.92307692307693,100.0,5.0,23.076923076923066,Increase,[],
SR-BL-05D2340EF87B4C00-COMP-HIGH-001,kpi_001,76.92307692307693,100.0,9.0,23.076923076923066,Increase,[],
SR-BL-F82B8F00D61CB66E-,kpi_001,76.92307692307693,,,,Uncertain,[],
SR-BL-22091021CA7449F7-,kpi_001,83.21969696969697,,,,Uncertain,[],
SR-BL-EA6F2DA241BAFEF5-COMP-BASE-001,kpi_001,83.21969696969697,83.07692307692307,0.0,-0.14277389277390284,Decrease,[],
SR-BL-EA6F2DA241BAFEF5-COMP-CONS-001,kpi_001,83.21969696969697,100.0,2.0,16.78030303030303,Increase,[],
SR-BL-EA6F2DA241BAFEF5-COMP-EXP-001,kpi_001,83.21969696969697,100.0,5.0,16.78030303030303,Increase,[],
SR-BL-EA6F2DA241BAFEF5-COMP-HIGH-001,kpi_001,83.21969696969697,100.0,9.0,16.78030303030303,Increase,[],
SR-BL-382A428350D30317-,kpi_001,83.21969696969697,,,,Uncertain,[],
SR-BL-1C04DB6A6DF6F894-,kpi_001,75.0,,,,Uncertain,[],
SR-BL-907FDA5ECAB588F6-COMP-BASE-001,kpi_001,75.0,75.0,0.0,0.0,No Change,[],
SR-BL-907FDA5ECAB588F6-COMP-CONS-001,kpi_001,75.0,91.66666666666666,2.0,16.666666666666657,Increase,[],
SR-BL-907FDA5ECAB588F6-COMP-EXP-001,kpi_001,75.0,100.0,5.0,25.0,Increase,[],
SR-BL-907FDA5ECAB588F6-COMP-HIGH-001,kpi_001,75.0,100.0,9.0,25.0,Increase,[],
SR-BL-F4271ECAA41CB7B4-,kpi_001,75.0,,,,Uncertain,[],
SR-BL-90035B7505F03333-,kpi_001,78.57142857142857,,,,Uncertain,[],
SR-BL-C0CC38E1771910E5-COMP-BASE-001,kpi_001,78.57142857142857,78.57142857142857,0.0,0.0,No Change,[],
SR-BL-C0CC38E1771910E5-COMP-CONS-001,kpi_001,78.57142857142857,92.85714285714286,2.0,14.285714285714292,Increase,[],
SR-BL-C0CC38E1771910E5-COMP-EXP-001,kpi_001,78.57142857142857,100.0,5.0,21.42857142857143,Increase,[],
SR-BL-C0CC38E1771910E5-COMP-HIGH-001,kpi_001,78.57142857142857,100.0,9.0,21.42857142857143,Increase,[],
SR-BL-587FC403614CBA71-,kpi_001,78.57142857142857,,,,Uncertain,[],
SR-BL-4959BA1E3166A312-,kpi_001,77.77777777777779,,,,Uncertain,[],
SR-BL-64096E81A330EB04-COMP-BASE-001,kpi_001,77.77777777777779,77.77777777777779,0.0,0.0,No Change,[],
SR-BL-64096E81A330EB04-COMP-CONS-001,kpi_001,77.77777777777779,100.0,2.0,22.222222222222214,Increase,[],
SR-BL-64096E81A330EB04-COMP-EXP-001,kpi_001,77.77777777777779,100.0,5.0,22.222222222222214,Increase,[],
SR-BL-64096E81A330EB04-COMP-HIGH-001,kpi_001,77.77777777777779,100.0,9.0,22.222222222222214,Increase,[],
SR-BL-9AB6B7DBB79B8CD8-,kpi_001,77.77777777777779,,,,Uncertain,[],
SR-BL-952B8BFECDEF6AB5-,kpi_001,76.92307692307693,,,,Uncertain,[],
SR-BL-B397B6FB8E289FF7-COMP-BASE-001,kpi_001,76.92307692307693,76.92307692307693,0.0,0.0,No Change,[],
SR-BL-B397B6FB8E289FF7-COMP-CONS-001,kpi_001,76.92307692307693,92.3076923076923,2.0,15.384615384615373,Increase,[],
SR-BL-B397B6FB8E289FF7-COMP-EXP-001,kpi_001,76.92307692307693,100.0,5.0,23.076923076923066,Increase,[],
SR-BL-B397B6FB8E289FF7-COMP-HIGH-001,kpi_001,76.92307692307693,100.0,9.0,23.076923076923066,Increase,[],
SR-BL-C14FB3BDD137C738-,kpi_001,76.92307692307693,,,,Uncertain,[],
SR-BL-804F5C168CDA7BB5-,kpi_001,77.01465201465201,,,,Uncertain,[],
SR-BL-E6487F4236B4C28E-COMP-BASE-001,kpi_001,77.01465201465201,78.12500000000001,0.0,1.1103479853479996,Increase,[],
SR-BL-E6487F4236B4C28E-COMP-CONS-001,kpi_001,77.01465201465201,96.87500000000001,2.0,19.860347985348,Increase,[],
SR-BL-E6487F4236B4C28E-COMP-EXP-001,kpi_001,77.01465201465201,100.0,5.0,22.985347985347985,Increase,[],
SR-BL-E6487F4236B4C28E-COMP-HIGH-001,kpi_001,77.01465201465201,100.0,9.000000000000002,22.985347985347985,Increase,[],
SR-BL-21D19614D772C891-,kpi_001,77.01465201465201,,,,Uncertain,[],
SR-BL-C23B8A43206851E7-,kpi_001,80.95238095238095,,,,Uncertain,[],
SR-BL-2D3A9464747D080B-COMP-BASE-001,kpi_001,80.95238095238095,81.57894736842107,0.0,0.6265664160401201,Increase,[],
SR-BL-2D3A9464747D080B-COMP-CONS-001,kpi_001,80.95238095238095,97.36842105263159,2.0,16.41604010025064,Increase,[],
SR-BL-2D3A9464747D080B-COMP-EXP-001,kpi_001,80.95238095238095,100.0,5.0,19.04761904761905,Increase,[],
SR-BL-2D3A9464747D080B-COMP-HIGH-001,kpi_001,80.95238095238095,100.0,9.000000000000002,19.04761904761905,Increase,[],
SR-BL-3176FB0C70C6114D-,kpi_001,80.95238095238095,,,,Uncertain,[],
SR-BL-8A985842471B15EB-,kpi_002,20.0,,,,Uncertain,[],
SR-BL-39D66351A0B3D431-COMP-BASE-002,kpi_002,20.0,20.0,0.0,0.0,No Change,[],
SR-BL-39D66351A0B3D431-COMP-CONS-002,kpi_002,20.0,18.0,-2.0,-10.0,Decrease,[],
SR-BL-39D66351A0B3D431-COMP-EXP-002,kpi_002,20.0,16.0,-4.0,-20.0,Decrease,[],
SR-BL-39D66351A0B3D431-COMP-HIGH-002,kpi_002,20.0,13.0,-7.0,-35.0,Decrease,[],
SR-BL-005239049F2185A6-,kpi_002,20.0,,,,Uncertain,[],
SR-BL-802BA5F805B5E936-,kpi_002,30.0,,,,Uncertain,[],
SR-BL-2846399D02FA3AAC-COMP-BASE-002,kpi_002,30.0,30.0,0.0,0.0,No Change,[],
SR-BL-2846399D02FA3AAC-COMP-CONS-002,kpi_002,30.0,27.0,-3.0,-10.0,Decrease,[],
SR-BL-2846399D02FA3AAC-COMP-EXP-002,kpi_002,30.0,24.0,-6.0,-20.0,Decrease,[],
SR-BL-2846399D02FA3AAC-COMP-HIGH-002,kpi_002,30.0,19.5,-10.5,-35.0,Decrease,[],
SR-BL-D2D547BFAD6ED335-,kpi_002,30.0,,,,Uncertain,[],
SR-BL-82F9D2636F171F9C-,kpi_002,18.181818181818183,,,,Uncertain,[],
SR-BL-91E4729A5175A6BC-COMP-BASE-002,kpi_002,18.181818181818183,18.181818181818183,0.0,0.0,No Change,[],
SR-BL-91E4729A5175A6BC-COMP-CONS-002,kpi_002,18.181818181818183,16.363636363636367,-1.8181818181818166,-9.999999999999991,Decrease,[],
SR-BL-91E4729A5175A6BC-COMP-EXP-002,kpi_002,18.181818181818183,14.545454545454547,-3.6363636363636367,-20.0,Decrease,[],
SR-BL-91E4729A5175A6BC-COMP-HIGH-002,kpi_002,18.181818181818183,11.81818181818182,-6.363636363636363,-35.0,Decrease,[],
SR-BL-036341C763ACDE5A-,kpi_002,18.181818181818183,,,,Uncertain,[],
SR-BL-CB55FE06D4AED2F1-,kpi_002,18.181818181818183,,,,Uncertain,[],
SR-BL-2C76C464B1284732-COMP-BASE-002,kpi_002,18.181818181818183,18.181818181818183,0.0,0.0,No Change,[],
SR-BL-2C76C464B1284732-COMP-CONS-002,kpi_002,18.181818181818183,16.363636363636367,-1.8181818181818166,-9.999999999999991,Decrease,[],
SR-BL-2C76C464B1284732-COMP-EXP-002,kpi_002,18.181818181818183,14.545454545454547,-3.6363636363636367,-20.0,Decrease,[],
SR-BL-2C76C464B1284732-COMP-HIGH-002,kpi_002,18.181818181818183,11.81818181818182,-6.363636363636363,-35.0,Decrease,[],
SR-BL-1710B225144AC6DA-,kpi_002,18.181818181818183,,,,Uncertain,[],
SR-BL-9C0EB3CC061FFBAF-,kpi_002,15.384615384615383,,,,Uncertain,[],
SR-BL-A8EC8DBA127C4C1D-COMP-BASE-002,kpi_002,15.384615384615383,15.384615384615383,0.0,0.0,No Change,[],
SR-BL-A8EC8DBA127C4C1D-COMP-CONS-002,kpi_002,15.384615384615383,13.846153846153845,-1.5384615384615383,-10.0,Decrease,[],
SR-BL-A8EC8DBA127C4C1D-COMP-EXP-002,kpi_002,15.384615384615383,12.307692307692307,-3.0769230769230766,-20.0,Decrease,[],
SR-BL-A8EC8DBA127C4C1D-COMP-HIGH-002,kpi_002,15.384615384615383,10.0,-5.384615384615383,-34.99999999999999,Decrease,[],
SR-BL-475B67C59EE36AB7-,kpi_002,15.384615384615383,,,,Uncertain,[],
SR-BL-55035BFEAC2BD604-,kpi_002,26.0989010989011,,,,Uncertain,[],
SR-BL-1042AFD757FE880B-COMP-BASE-002,kpi_002,26.0989010989011,26.0989010989011,0.0,0.0,No Change,[],
SR-BL-1042AFD757FE880B-COMP-CONS-002,kpi_002,26.0989010989011,23.48901098901099,-2.6098901098901095,-10.0,Decrease,[],
SR-BL-1042AFD757FE880B-COMP-EXP-002,kpi_002,26.0989010989011,20.87912087912088,-5.219780219780219,-20.0,Decrease,[],
SR-BL-1042AFD757FE880B-COMP-HIGH-002,kpi_002,26.0989010989011,16.964285714285715,-9.134615384615383,-35.0,Decrease,[],
SR-BL-17E31EE9A90FADA0-,kpi_002,26.0989010989011,,,,Uncertain,[],
SR-BL-C8888AEB86B71C3D-,kpi_002,38.888888888888886,,,,Uncertain,[],
SR-BL-3A760B9CB96D07E0-COMP-BASE-002,kpi_002,38.888888888888886,38.888888888888886,0.0,0.0,No Change,[],
SR-BL-3A760B9CB96D07E0-COMP-CONS-002,kpi_002,38.888888888888886,35.0,-3.8888888888888857,-9.999999999999993,Decrease,[],
SR-BL-3A760B9CB96D07E0-COMP-EXP-002,kpi_002,38.888888888888886,31.11111111111111,-7.777777777777775,-19.999999999999996,Decrease,[],
SR-BL-3A760B9CB96D07E0-COMP-HIGH-002,kpi_002,38.888888888888886,25.277777777777775,-13.61111111111111,-35.0,Decrease,[],
SR-BL-C47E04D6D2BA68EE-,kpi_002,38.888888888888886,,,,Uncertain,[],
SR-BL-3A9D7FD581FB78E1-,kpi_002,20.0,,,,Uncertain,[],
SR-BL-EE2BF1DB6F1F5C7A-COMP-BASE-002,kpi_002,20.0,20.0,0.0,0.0,No Change,[],
SR-BL-EE2BF1DB6F1F5C7A-COMP-CONS-002,kpi_002,20.0,18.0,-2.0,-10.0,Decrease,[],
SR-BL-EE2BF1DB6F1F5C7A-COMP-EXP-002,kpi_002,20.0,16.0,-4.0,-20.0,Decrease,[],
SR-BL-EE2BF1DB6F1F5C7A-COMP-HIGH-002,kpi_002,20.0,13.0,-7.0,-35.0,Decrease,[],
SR-BL-BB5A76033AD68E24-,kpi_002,20.0,,,,Uncertain,[],
SR-BL-A3D9DD5582C89DB9-,kpi_002,28.57142857142857,,,,Uncertain,[],
SR-BL-1187E4AAD5D4644D-COMP-BASE-002,kpi_002,28.57142857142857,28.57142857142857,0.0,0.0,No Change,[],
SR-BL-1187E4AAD5D4644D-COMP-CONS-002,kpi_002,28.57142857142857,25.71428571428571,-2.8571428571428577,-10.000000000000002,Decrease,[],
SR-BL-1187E4AAD5D4644D-COMP-EXP-002,kpi_002,28.57142857142857,22.857142857142858,-5.714285714285712,-19.999999999999993,Decrease,[],
SR-BL-1187E4AAD5D4644D-COMP-HIGH-002,kpi_002,28.57142857142857,18.57142857142857,-10.0,-35.0,Decrease,[],
SR-BL-D253A65DE4BF480A-,kpi_002,28.57142857142857,,,,Uncertain,[],
SR-BL-805926D8127A840A-,kpi_002,16.536796536796537,,,,Uncertain,[],
SR-BL-A50465290766018D-COMP-BASE-002,kpi_002,16.536796536796537,16.536796536796537,0.0,0.0,No Change,[],
SR-BL-A50465290766018D-COMP-CONS-002,kpi_002,16.536796536796537,14.883116883116884,-1.653679653679653,-9.999999999999996,Decrease,[],
SR-BL-A50465290766018D-COMP-EXP-002,kpi_002,16.536796536796537,13.22943722943723,-3.307359307359306,-19.999999999999993,Decrease,[],
SR-BL-A50465290766018D-COMP-HIGH-002,kpi_002,16.536796536796537,10.74891774891775,-5.787878787878787,-35.0,Decrease,[],
SR-BL-91C2356834E7EE30-,kpi_002,16.536796536796537,,,,Uncertain,[],
SR-BL-022EF21D32A3D699-,kpi_002,18.26923076923077,,,,Uncertain,[],
SR-BL-28776B14C3FD64CF-COMP-BASE-002,kpi_002,18.26923076923077,18.26923076923077,0.0,0.0,No Change,[],
SR-BL-28776B14C3FD64CF-COMP-CONS-002,kpi_002,18.26923076923077,16.442307692307693,-1.8269230769230766,-9.999999999999998,Decrease,[],
SR-BL-28776B14C3FD64CF-COMP-EXP-002,kpi_002,18.26923076923077,14.615384615384617,-3.6538461538461533,-19.999999999999996,Decrease,[],
SR-BL-28776B14C3FD64CF-COMP-HIGH-002,kpi_002,18.26923076923077,11.875000000000002,-6.394230769230768,-34.99999999999999,Decrease,[],
SR-BL-4896AD8CA5DA9C2B-,kpi_002,18.26923076923077,,,,Uncertain,[],
SR-BL-61F453E8D212B8A0-,kpi_002,15.998445998446,,,,Uncertain,[],
SR-BL-AFE10D1B95A58684-COMP-BASE-002,kpi_002,15.998445998446,15.998445998446,0.0,0.0,No Change,[],
SR-BL-AFE10D1B95A58684-COMP-CONS-002,kpi_002,15.998445998446,14.3986013986014,-1.5998445998445998,-10.0,Decrease,[],
SR-BL-AFE10D1B95A58684-COMP-EXP-002,kpi_002,15.998445998446,12.7987567987568,-3.1996891996891996,-20.0,Decrease,[],
SR-BL-AFE10D1B95A58684-COMP-HIGH-002,kpi_002,15.998445998446,10.3989898989899,-5.5994560994561,-35.0,Decrease,[],
SR-BL-1C2C3E9EC8CE3719-,kpi_002,15.998445998446,,,,Uncertain,[],
SR-BL-5358366D0AB64E75-,kpi_002,22.22222222222222,,,,Uncertain,[],
SR-BL-E4B046F997D6A8E2-COMP-BASE-002,kpi_002,22.22222222222222,22.22222222222222,0.0,0.0,No Change,[],
SR-BL-E4B046F997D6A8E2-COMP-CONS-002,kpi_002,22.22222222222222,20.0,-2.2222222222222214,-9.999999999999996,Decrease,[],
SR-BL-E4B046F997D6A8E2-COMP-EXP-002,kpi_002,22.22222222222222,17.77777777777778,-4.444444444444443,-19.999999999999993,Decrease,[],
SR-BL-E4B046F997D6A8E2-COMP-HIGH-002,kpi_002,22.22222222222222,14.444444444444445,-7.777777777777777,-35.0,Decrease,[],
SR-BL-D48E5F812ADE3434-,kpi_002,22.22222222222222,,,,Uncertain,[],
SR-BL-B65F2AEBB07D32E1-,kpi_002,20.0,,,,Uncertain,[],
SR-BL-371E9789E1CC305E-COMP-BASE-002,kpi_002,20.0,20.0,0.0,0.0,No Change,[],
SR-BL-371E9789E1CC305E-COMP-CONS-002,kpi_002,20.0,18.0,-2.0,-10.0,Decrease,[],
SR-BL-371E9789E1CC305E-COMP-EXP-002,kpi_002,20.0,16.0,-4.0,-20.0,Decrease,[],
SR-BL-371E9789E1CC305E-COMP-HIGH-002,kpi_002,20.0,13.0,-7.0,-35.0,Decrease,[],
SR-BL-A5B81FB6A989C607-,kpi_002,20.0,,,,Uncertain,[],
SR-BL-A5F7504607F5954E-,kpi_002,13.843440510107177,,,,Uncertain,[],
SR-BL-F24CA947437BA1F4-COMP-BASE-002,kpi_002,13.843440510107177,13.843440510107177,0.0,0.0,No Change,[],
SR-BL-F24CA947437BA1F4-COMP-CONS-002,kpi_002,13.843440510107177,12.45909645909646,-1.384344051010718,-10.000000000000002,Decrease,[],
SR-BL-F24CA947437BA1F4-COMP-EXP-002,kpi_002,13.843440510107177,11.074752408085743,-2.768688102021434,-19.99999999999999,Decrease,[],
SR-BL-F24CA947437BA1F4-COMP-HIGH-002,kpi_002,13.843440510107177,8.998236331569666,-4.845204178537511,-34.99999999999999,Decrease,[],
SR-BL-42CC4FFBEB2DD794-,kpi_002,13.843440510107177,,,,Uncertain,[],
SR-BL-79AFB4BD7297DC69-,kpi_002,30.0,,,,Uncertain,[],
SR-BL-F409592A0E4F7312-COMP-BASE-002,kpi_002,30.0,30.0,0.0,0.0,No Change,[],
SR-BL-F409592A0E4F7312-COMP-CONS-002,kpi_002,30.0,27.0,-3.0,-10.0,Decrease,[],
SR-BL-F409592A0E4F7312-COMP-EXP-002,kpi_002,30.0,24.0,-6.0,-20.0,Decrease,[],
SR-BL-F409592A0E4F7312-COMP-HIGH-002,kpi_002,30.0,19.5,-10.5,-35.0,Decrease,[],
SR-BL-5DD7B85174DDA047-,kpi_002,30.0,,,,Uncertain,[],
SR-BL-AEFD014109BCDC99-,kpi_002,16.666666666666664,,,,Uncertain,[],
SR-BL-8F099928DFB20203-COMP-BASE-002,kpi_002,16.666666666666664,16.666666666666664,0.0,0.0,No Change,[],
SR-BL-8F099928DFB20203-COMP-CONS-002,kpi_002,16.666666666666664,14.999999999999998,-1.666666666666666,-9.999999999999998,Decrease,[],
SR-BL-8F099928DFB20203-COMP-EXP-002,kpi_002,16.666666666666664,13.333333333333332,-3.333333333333332,-19.999999999999996,Decrease,[],
SR-BL-8F099928DFB20203-COMP-HIGH-002,kpi_002,16.666666666666664,10.833333333333332,-5.833333333333332,-35.0,Decrease,[],
SR-BL-BB90AE5167661470-,kpi_002,16.666666666666664,,,,Uncertain,[],
SR-BL-C950810756046E57-,kpi_002,15.09920634920635,,,,Uncertain,[],
SR-BL-30284F05F566D8DD-COMP-BASE-002,kpi_002,15.09920634920635,15.09920634920635,0.0,0.0,No Change,[],
SR-BL-30284F05F566D8DD-COMP-CONS-002,kpi_002,15.09920634920635,13.589285714285715,-1.5099206349206344,-9.999999999999996,Decrease,[],
SR-BL-30284F05F566D8DD-COMP-EXP-002,kpi_002,15.09920634920635,12.07936507936508,-3.019841269841269,-19.999999999999993,Decrease,[],
SR-BL-30284F05F566D8DD-COMP-HIGH-002,kpi_002,15.09920634920635,9.814484126984128,-5.284722222222221,-34.99999999999999,Decrease,[],
SR-BL-56737AFC1379863D-,kpi_002,15.09920634920635,,,,Uncertain,[],
SR-BL-0D7D46D1497011BE-,kpi_002,17.994505494505493,,,,Uncertain,[],
SR-BL-C3B328136F2786C2-COMP-BASE-002,kpi_002,17.994505494505493,17.994505494505493,0.0,0.0,No Change,[],
SR-BL-C3B328136F2786C2-COMP-CONS-002,kpi_002,17.994505494505493,16.195054945054945,-1.7994505494505475,-9.99999999999999,Decrease,[],
SR-BL-C3B328136F2786C2-COMP-EXP-002,kpi_002,17.994505494505493,14.395604395604394,-3.5989010989010985,-20.0,Decrease,[],
SR-BL-C3B328136F2786C2-COMP-HIGH-002,kpi_002,17.994505494505493,11.696428571428571,-6.298076923076922,-35.0,Decrease,[],
SR-BL-AB57045F0CD4C032-,kpi_002,17.994505494505493,,,,Uncertain,[],
SR-BL-8BD0CF1DD512DAD8-,kpi_002,24.722222222222218,,,,Uncertain,[],
SR-BL-2C557EB33BF29B07-COMP-BASE-002,kpi_002,24.722222222222218,24.722222222222218,0.0,0.0,No Change,[],
SR-BL-2C557EB33BF29B07-COMP-CONS-002,kpi_002,24.722222222222218,22.249999999999996,-2.4722222222222214,-10.0,Decrease,[],
SR-BL-2C557EB33BF29B07-COMP-EXP-002,kpi_002,24.722222222222218,19.777777777777775,-4.944444444444443,-20.0,Decrease,[],
SR-BL-2C557EB33BF29B07-COMP-HIGH-002,kpi_002,24.722222222222218,16.069444444444443,-8.652777777777775,-34.99999999999999,Decrease,[],
SR-BL-3664E12B10C1730B-,kpi_002,24.722222222222218,,,,Uncertain,[],
SR-BL-1634E71704E9A5A2-,kpi_002,28.896103896103895,,,,Uncertain,[],
SR-BL-0C82208C88821E2D-COMP-BASE-002,kpi_002,28.896103896103895,28.896103896103895,0.0,0.0,No Change,[],
SR-BL-0C82208C88821E2D-COMP-CONS-002,kpi_002,28.896103896103895,26.006493506493506,-2.8896103896103895,-10.0,Decrease,[],
SR-BL-0C82208C88821E2D-COMP-EXP-002,kpi_002,28.896103896103895,23.116883116883116,-5.779220779220779,-20.0,Decrease,[],
SR-BL-0C82208C88821E2D-COMP-HIGH-002,kpi_002,28.896103896103895,18.782467532467532,-10.113636363636363,-35.0,Decrease,[],
SR-BL-D496B604D1BE944D-,kpi_002,28.896103896103895,,,,Uncertain,[],
SR-BL-CF7C05B3C6D6D42B-,kpi_002,15.384615384615383,,,,Uncertain,[],
SR-BL-A94EFCFDB71B2619-COMP-BASE-002,kpi_002,15.384615384615383,15.384615384615383,0.0,0.0,No Change,[],
SR-BL-A94EFCFDB71B2619-COMP-CONS-002,kpi_002,15.384615384615383,13.846153846153845,-1.5384615384615383,-10.0,Decrease,[],
SR-BL-A94EFCFDB71B2619-COMP-EXP-002,kpi_002,15.384615384615383,12.307692307692307,-3.0769230769230766,-20.0,Decrease,[],
SR-BL-A94EFCFDB71B2619-COMP-HIGH-002,kpi_002,15.384615384615383,10.0,-5.384615384615383,-34.99999999999999,Decrease,[],
SR-BL-23468471655ACCF7-,kpi_002,15.384615384615383,,,,Uncertain,[],
SR-BL-5C3ED7358BF04204--MON,kpi_003,,,,,Uncertain,[],
SR-BL-EF013F3613A9EBB1--MON,kpi_003,,,,,Uncertain,[],
SR-BL-DC6344C362CE5C8F--MON,kpi_003,,,,,Uncertain,[],
SR-BL-4FF9EF836948F2D0--MON,kpi_003,,,,,Uncertain,[],
SR-BL-6A681E219F6B3475--MON,kpi_003,,,,,Uncertain,[],
SR-BL-1B3B28C1F14CE513--MON,kpi_003,,,,,Uncertain,[],
SR-BL-A6F7A1EAFF62745E--MON,kpi_003,,,,,Uncertain,[],
SR-BL-B2FA5EDCC88F918A--MON,kpi_003,,,,,Uncertain,[],
SR-BL-FB5C4A93D5B15EEB--MON,kpi_003,,,,,Uncertain,[],
SR-BL-191A5A08D92FA854--MON,kpi_003,,,,,Uncertain,[],
SR-BL-588C278A99A7EA4E--MON,kpi_003,,,,,Uncertain,[],
SR-BL-C3EDC3C6FEAFA705--MON,kpi_003,,,,,Uncertain,[],
SR-BL-55E24A956F96FBC3--MON,kpi_003,,,,,Uncertain,[],
SR-BL-18D9AE6E9E57924B--MON,kpi_003,,,,,Uncertain,[],
SR-BL-555FCA4027DF52A0--MON,kpi_003,,,,,Uncertain,[],
SR-BL-7BFD648325B5939B--MON,kpi_003,,,,,Uncertain,[],
SR-BL-9C79559E0E20D28A--MON,kpi_003,,,,,Uncertain,[],
SR-BL-8E3B3DE7E6ECD60A--MON,kpi_003,,,,,Uncertain,[],
SR-BL-95A7DD844165954F--MON,kpi_003,,,,,Uncertain,[],
SR-BL-503C7F6E555FAE29--MON,kpi_003,,,,,Uncertain,[],
SR-BL-1D0ABA3BA58CF6ED--MON,kpi_003,,,,,Uncertain,[],
SR-BL-B913E177B84F14AD--MON,kpi_003,,,,,Uncertain,[],
SR-BL-F82CA1E74A7D12BE--MON,kpi_006,,,,,Uncertain,[],
SR-BL-B42F655C9D8D20DA--MON,kpi_006,,,,,Uncertain,[],
SR-BL-51AE7AA4DD28424C--MON,kpi_006,,,,,Uncertain,[],
SR-BL-6292E8B0C536C889--MON,kpi_006,,,,,Uncertain,[],
SR-BL-EA148AC403B4C404--MON,kpi_006,,,,,Uncertain,[],
SR-BL-B34F1B5F91B8EDEA--MON,kpi_006,,,,,Uncertain,[],
SR-BL-4638A9B83B14DC15--MON,kpi_006,,,,,Uncertain,[],
SR-BL-998DA38066B639A5--MON,kpi_006,,,,,Uncertain,[],
SR-BL-619EA368392FBE50--MON,kpi_006,,,,,Uncertain,[],
SR-BL-9E5180FE0858EC1B--MON,kpi_006,,,,,Uncertain,[],
SR-BL-F9ED29E708169C87--MON,kpi_006,,,,,Uncertain,[],
SR-BL-CF0FDEB13586C350--MON,kpi_006,,,,,Uncertain,[],
SR-BL-31C5E103F65864B2--MON,kpi_006,,,,,Uncertain,[],
SR-BL-56B00A717F26B57D--MON,kpi_006,,,,,Uncertain,[],
SR-BL-CAC176A564B976F5--MON,kpi_006,,,,,Uncertain,[],
SR-BL-943B575DE7A3A7F7--MON,kpi_006,,,,,Uncertain,[],
SR-BL-5B42E30FF5CBA0B7--MON,kpi_006,,,,,Uncertain,[],
SR-BL-6D9FC686AD9D7F20--MON,kpi_006,,,,,Uncertain,[],
SR-BL-34B114CCC4D17ADD--MON,kpi_006,,,,,Uncertain,[],
SR-BL-2DE7A18E54CCA30B--MON,kpi_006,,,,,Uncertain,[],
SR-BL-4DBF3C55B2B90FB8--MON,kpi_006,,,,,Uncertain,[],
SR-BL-1F335105CDEEBEA2--MON,kpi_006,,,,,Uncertain,[],
SR-BL-EF74A71839E1438D--MON,kpi_006,,,,,Uncertain,[],
SR-BL-C30923A64AB17EAC--MON,kpi_006,,,,,Uncertain,[],
SR-BL-B5BAC89233098F66--MON,kpi_006,,,,,Uncertain,[],
SR-BL-1A43909FD2C77CC1--MON,kpi_006,,,,,Uncertain,[],
SR-BL-70C2972B4EDF7862--MON,kpi_006,,,,,Uncertain,[],
SR-BL-8FE1F3C17CD881F1--MON,kpi_006,,,,,Uncertain,[],
SR-BL-43250934CC66807A--MON,kpi_006,,,,,Uncertain,[],
SR-BL-680473B49D7DE19F--MON,kpi_006,,,,,Uncertain,[],
SR-BL-36647FE36CB86A37--MON,kpi_006,,,,,Uncertain,[],
SR-BL-4263D413BBF61881--MON,kpi_006,,,,,Uncertain,[],
SR-BL-58F46A8BC58DE236--MON,kpi_006,,,,,Uncertain,[],
SR-BL-98E877E54EC84511--MON,kpi_006,,,,,Uncertain,[],
SR-BL-5EAA0048FDA9531E--MON,kpi_006,,,,,Uncertain,[],
SR-BL-6239864E03B1DF5C--MON,kpi_006,,,,,Uncertain,[],
SR-BL-BAE142C243816E82--MON,kpi_006,,,,,Uncertain,[],
SR-BL-42ADE0B033262165--MON,kpi_006,,,,,Uncertain,[],
SR-BL-FAB0A52D089D2807--MON,kpi_006,,,,,Uncertain,[],
SR-BL-69C7D0B0ECAE8642--MON,kpi_006,,,,,Uncertain,[],
SR-BL-364853B2E24D6136--MON,kpi_006,,,,,Uncertain,[],
SR-BL-F1E9467935F3FD90--MON,kpi_006,,,,,Uncertain,[],
SR-BL-91318080865ECD9A--MON,kpi_006,,,,,Uncertain,[],
SR-BL-5FB9EA8BCA06D03F--MON,kpi_006,,,,,Uncertain,[],
