financial_input_requirement_id,approval_package_id,scenario_family,required_cost_input,actual_input_available,financial_input_status,missing_input_flag,missing_input_flag
FIN-REQ-PKG-EP-HOSP-001-DEPT-ADM-kpi_001-20260108-1,PKG-EP-HOSP-001-DEPT-ADM-kpi_001-20260108,No-Action or Baseline Comparator,implementation_cost,False,Missing,True,True
FIN-REQ-PKG-EP-HOSP-001-DEPT-ADM-kpi_001-20260108-2,PKG-EP-HOSP-001-DEPT-ADM-kpi_001-20260108,No-Action or Baseline Comparator,recurring_monitoring_cost,False,Missing,True,True
FIN-REQ-PKG-EP-HOSP-001-DEPT-ADM-kpi_001-20260108-1,PKG-EP-HOSP-001-DEPT-ADM-kpi_001-20260116,No-Action or Baseline Comparator,implementation_cost,False,Missing,True,True
FIN-REQ-PKG-EP-HOSP-001-DEPT-ADM-kpi_001-20260108-2,PKG-EP-HOSP-001-DEPT-ADM-kpi_001-20260116,No-Action or Baseline Comparator,recurring_monitoring_cost,False,Missing,True,True
FIN-REQ-PKG-EP-HOSP-001-DEPT-ADM-kpi_001-20260108-1,PKG-EP-HOSP-001-DEPT-ADM-kpi_001-20260209,No-Action or Baseline Comparator,implementation_cost,False,Missing,True,True
FIN-REQ-PKG-EP-HOSP-001-DEPT-ADM-kpi_001-20260108-2,PKG-EP-HOSP-001-DEPT-ADM-kpi_001-20260209,No-Action or Baseline Comparator,recurring_monitoring_cost,False,Missing,True,True
FIN-REQ-PKG-EP-HOSP-001-DEPT-ADM-kpi_001-20260108-1,PKG-EP-HOSP-001-DEPT-ADM-kpi_001-20260328,No-Action or Baseline Comparator,implementation_cost,False,Missing,True,True
FIN-REQ-PKG-EP-HOSP-001-DEPT-ADM-kpi_001-20260108-2,PKG-EP-HOSP-001-DEPT-ADM-kpi_001-20260328,No-Action or Baseline Comparator,recurring_monitoring_cost,False,Missing,True,True
FIN-REQ-PKG-EP-HOSP-001-DEPT-ADM-kpi_001-20260108-1,PKG-EP-HOSP-001-DEPT-ADM-kpi_001-20260410,No-Action or Baseline Comparator,implementation_cost,False,Missing,True,True
FIN-REQ-PKG-EP-HOSP-001-DEPT-ADM-kpi_001-20260108-2,PKG-EP-HOSP-001-DEPT-ADM-kpi_001-20260410,No-Action or Baseline Comparator,recurring_monitoring_cost,False,Missing,True,True
FIN-REQ-PKG-EP-HOSP-001-DEPT-ADM-kpi_001-20260108-1,PKG-EP-HOSP-001-DEPT-ADM-kpi_001-20260420,No-Action or Baseline Comparator,implementation_cost,False,Missing,True,True
FIN-REQ-PKG-EP-HOSP-001-DEPT-ADM-kpi_001-20260108-2,PKG-EP-HOSP-001-DEPT-ADM-kpi_001-20260420,No-Action or Baseline Comparator,recurring_monitoring_cost,False,Missing,True,True
FIN-REQ-PKG-EP-HOSP-001-DEPT-ADM-kpi_001-20260108-1,PKG-EP-HOSP-001-DEPT-ADM-kpi_001-20260506,No-Action or Baseline Comparator,implementation_cost,False,Missing,True,True
FIN-REQ-PKG-EP-HOSP-001-DEPT-ADM-kpi_001-20260108-2,PKG-EP-HOSP-001-DEPT-ADM-kpi_001-20260506,No-Action or Baseline Comparator,recurring_monitoring_cost,False,Missing,True,True
FIN-REQ-PKG-EP-HOSP-001-DEPT-ADM-kpi_001-20260108-1,PKG-EP-HOSP-001-DEPT-ADM-kpi_001-20260602,No-Action or Baseline Comparator,implementation_cost,False,Missing,True,True
FIN-REQ-PKG-EP-HOSP-001-DEPT-ADM-kpi_001-20260108-2,PKG-EP-HOSP-001-DEPT-ADM-kpi_001-20260602,No-Action or Baseline Comparator,recurring_monitoring_cost,False,Missing,True,True
FIN-REQ-PKG-EP-HOSP-001-DEPT-ADM-kpi_001-20260108-1,PKG-EP-HOSP-001-DEPT-ADM-kpi_001-20260608,No-Action or Baseline Comparator,implementation_cost,False,Missing,True,True
FIN-REQ-PKG-EP-HOSP-001-DEPT-ADM-kpi_001-20260108-2,PKG-EP-HOSP-001-DEPT-ADM-kpi_001-20260608,No-Action or Baseline Comparator,recurring_monitoring_cost,False,Missing,True,True
FIN-REQ-PKG-EP-HOSP-001-DEPT-ADM-kpi_001-20260108-1,PKG-EP-HOSP-001-DEPT-ADM-kpi_001-20260721,No-Action or Baseline Comparator,implementation_cost,False,Missing,True,True
FIN-REQ-PKG-EP-HOSP-001-DEPT-ADM-kpi_001-20260108-2,PKG-EP-HOSP-001-DEPT-ADM-kpi_001-20260721,No-Action or Baseline Comparator,recurring_monitoring_cost,False,Missing,True,True
FIN-REQ-PKG-EP-HOSP-001-DEPT-ADM-kpi_001-20260108-1,PKG-EP-HOSP-001-DEPT-ADM-kpi_001-20260726,No-Action or Baseline Comparator,implementation_cost,False,Missing,True,True
FIN-REQ-PKG-EP-HOSP-001-DEPT-ADM-kpi_001-20260108-2,PKG-EP-HOSP-001-DEPT-ADM-kpi_001-20260726,No-Action or Baseline Comparator,recurring_monitoring_cost,False,Missing,True,True
FIN-REQ-PKG-EP-HOSP-001-DEPT-ADM-kpi_001-20260108-1,PKG-EP-HOSP-001-DEPT-ADM-kpi_001-20260822,No-Action or Baseline Comparator,implementation_cost,False,Missing,True,True
FIN-REQ-PKG-EP-HOSP-001-DEPT-ADM-kpi_001-20260108-2,PKG-EP-HOSP-001-DEPT-ADM-kpi_001-20260822,No-Action or Baseline Comparator,recurring_monitoring_cost,False,Missing,True,True
FIN-REQ-PKG-EP-HOSP-001-DEPT-ADM-kpi_001-20260108-1,PKG-EP-HOSP-001-DEPT-ADM-kpi_001-20261012,No-Action or Baseline Comparator,implementation_cost,False,Missing,True,True
FIN-REQ-PKG-EP-HOSP-001-DEPT-ADM-kpi_001-20260108-2,PKG-EP-HOSP-001-DEPT-ADM-kpi_001-20261012,No-Action or Baseline Comparator,recurring_monitoring_cost,False,Missing,True,True
FIN-REQ-PKG-EP-HOSP-001-DEPT-ADM-kpi_001-20260108-1,PKG-EP-HOSP-001-DEPT-ADM-kpi_001-20261021,No-Action or Baseline Comparator,implementation_cost,False,Missing,True,True
FIN-REQ-PKG-EP-HOSP-001-DEPT-ADM-kpi_001-20260108-2,PKG-EP-HOSP-001-DEPT-ADM-kpi_001-20261021,No-Action or Baseline Comparator,recurring_monitoring_cost,False,Missing,True,True
FIN-REQ-PKG-EP-HOSP-001-DEPT-ADM-kpi_001-20260108-1,PKG-EP-HOSP-001-DEPT-ADM-kpi_001-20261127,No-Action or Baseline Comparator,implementation_cost,False,Missing,True,True
FIN-REQ-PKG-EP-HOSP-001-DEPT-ADM-kpi_001-20260108-2,PKG-EP-HOSP-001-DEPT-ADM-kpi_001-20261127,No-Action or Baseline Comparator,recurring_monitoring_cost,False,Missing,True,True
FIN-REQ-PKG-EP-HOSP-001-DEPT-ADM-kpi_001-20260108-1,PKG-EP-HOSP-001-DEPT-ADM-kpi_001-20261205,No-Action or Baseline Comparator,implementation_cost,False,Missing,True,True
FIN-REQ-PKG-EP-HOSP-001-DEPT-ADM-kpi_001-20260108-2,PKG-EP-HOSP-001-DEPT-ADM-kpi_001-20261205,No-Action or Baseline Comparator,recurring_monitoring_cost,False,Missing,True,True
FIN-REQ-PKG-EP-HOSP-001-DEPT-ADM-kpi_001-20260108-1,PKG-EP-HOSP-001-DEPT-ADM-kpi_001-20261220,No-Action or Baseline Comparator,implementation_cost,False,Missing,True,True
FIN-REQ-PKG-EP-HOSP-001-DEPT-ADM-kpi_001-20260108-2,PKG-EP-HOSP-001-DEPT-ADM-kpi_001-20261220,No-Action or Baseline Comparator,recurring_monitoring_cost,False,Missing,True,True
FIN-REQ-PKG-EP-HOSP-001-DEPT-ADM-kpi_001-20260108-1,PKG-EP-HOSP-001-DEPT-ADM-kpi_002-20260202,No-Action or Baseline Comparator,implementation_cost,False,Missing,True,True
FIN-REQ-PKG-EP-HOSP-001-DEPT-ADM-kpi_001-20260108-2,PKG-EP-HOSP-001-DEPT-ADM-kpi_002-20260202,No-Action or Baseline Comparator,recurring_monitoring_cost,False,Missing,True,True
FIN-REQ-PKG-EP-HOSP-001-DEPT-ADM-kpi_001-20260108-1,PKG-EP-HOSP-001-DEPT-ADM-kpi_002-20260206,No-Action or Baseline Comparator,implementation_cost,False,Missing,True,True
FIN-REQ-PKG-EP-HOSP-001-DEPT-ADM-kpi_001-20260108-2,PKG-EP-HOSP-001-DEPT-ADM-kpi_002-20260206,No-Action or Baseline Comparator,recurring_monitoring_cost,False,Missing,True,True
FIN-REQ-PKG-EP-HOSP-001-DEPT-ADM-kpi_001-20260108-1,PKG-EP-HOSP-001-DEPT-ADM-kpi_002-20260330,No-Action or Baseline Comparator,implementation_cost,False,Missing,True,True
FIN-REQ-PKG-EP-HOSP-001-DEPT-ADM-kpi_001-20260108-2,PKG-EP-HOSP-001-DEPT-ADM-kpi_002-20260330,No-Action or Baseline Comparator,recurring_monitoring_cost,False,Missing,True,True
FIN-REQ-PKG-EP-HOSP-001-DEPT-ADM-kpi_001-20260108-1,PKG-EP-HOSP-001-DEPT-ADM-kpi_002-20260409,No-Action or Baseline Comparator,implementation_cost,False,Missing,True,True
FIN-REQ-PKG-EP-HOSP-001-DEPT-ADM-kpi_001-20260108-2,PKG-EP-HOSP-001-DEPT-ADM-kpi_002-20260409,No-Action or Baseline Comparator,recurring_monitoring_cost,False,Missing,True,True
FIN-REQ-PKG-EP-HOSP-001-DEPT-ADM-kpi_001-20260108-1,PKG-EP-HOSP-001-DEPT-ADM-kpi_002-20260524,No-Action or Baseline Comparator,implementation_cost,False,Missing,True,True
FIN-REQ-PKG-EP-HOSP-001-DEPT-ADM-kpi_001-20260108-2,PKG-EP-HOSP-001-DEPT-ADM-kpi_002-20260524,No-Action or Baseline Comparator,recurring_monitoring_cost,False,Missing,True,True
FIN-REQ-PKG-EP-HOSP-001-DEPT-ADM-kpi_001-20260108-1,PKG-EP-HOSP-001-DEPT-ADM-kpi_002-20260529,No-Action or Baseline Comparator,implementation_cost,False,Missing,True,True
FIN-REQ-PKG-EP-HOSP-001-DEPT-ADM-kpi_001-20260108-2,PKG-EP-HOSP-001-DEPT-ADM-kpi_002-20260529,No-Action or Baseline Comparator,recurring_monitoring_cost,False,Missing,True,True
FIN-REQ-PKG-EP-HOSP-001-DEPT-ADM-kpi_001-20260108-1,PKG-EP-HOSP-001-DEPT-ADM-kpi_002-20260611,No-Action or Baseline Comparator,implementation_cost,False,Missing,True,True
FIN-REQ-PKG-EP-HOSP-001-DEPT-ADM-kpi_001-20260108-2,PKG-EP-HOSP-001-DEPT-ADM-kpi_002-20260611,No-Action or Baseline Comparator,recurring_monitoring_cost,False,Missing,True,True
FIN-REQ-PKG-EP-HOSP-001-DEPT-ADM-kpi_001-20260108-1,PKG-EP-HOSP-001-DEPT-ADM-kpi_002-20260620,No-Action or Baseline Comparator,implementation_cost,False,Missing,True,True
FIN-REQ-PKG-EP-HOSP-001-DEPT-ADM-kpi_001-20260108-2,PKG-EP-HOSP-001-DEPT-ADM-kpi_002-20260620,No-Action or Baseline Comparator,recurring_monitoring_cost,False,Missing,True,True
FIN-REQ-PKG-EP-HOSP-001-DEPT-ADM-kpi_001-20260108-1,PKG-EP-HOSP-001-DEPT-ADM-kpi_002-20260624,No-Action or Baseline Comparator,implementation_cost,False,Missing,True,True
FIN-REQ-PKG-EP-HOSP-001-DEPT-ADM-kpi_001-20260108-2,PKG-EP-HOSP-001-DEPT-ADM-kpi_002-20260624,No-Action or Baseline Comparator,recurring_monitoring_cost,False,Missing,True,True
FIN-REQ-PKG-EP-HOSP-001-DEPT-ADM-kpi_001-20260108-1,PKG-EP-HOSP-001-DEPT-ADM-kpi_002-20260710,No-Action or Baseline Comparator,implementation_cost,False,Missing,True,True
FIN-REQ-PKG-EP-HOSP-001-DEPT-ADM-kpi_001-20260108-2,PKG-EP-HOSP-001-DEPT-ADM-kpi_002-20260710,No-Action or Baseline Comparator,recurring_monitoring_cost,False,Missing,True,True
FIN-REQ-PKG-EP-HOSP-001-DEPT-ADM-kpi_001-20260108-1,PKG-EP-HOSP-001-DEPT-ADM-kpi_002-20260716,No-Action or Baseline Comparator,implementation_cost,False,Missing,True,True
FIN-REQ-PKG-EP-HOSP-001-DEPT-ADM-kpi_001-20260108-2,PKG-EP-HOSP-001-DEPT-ADM-kpi_002-20260716,No-Action or Baseline Comparator,recurring_monitoring_cost,False,Missing,True,True
FIN-REQ-PKG-EP-HOSP-001-DEPT-ADM-kpi_001-20260108-1,PKG-EP-HOSP-001-DEPT-ADM-kpi_002-20260814,No-Action or Baseline Comparator,implementation_cost,False,Missing,True,True
FIN-REQ-PKG-EP-HOSP-001-DEPT-ADM-kpi_001-20260108-2,PKG-EP-HOSP-001-DEPT-ADM-kpi_002-20260814,No-Action or Baseline Comparator,recurring_monitoring_cost,False,Missing,True,True
FIN-REQ-PKG-EP-HOSP-001-DEPT-ADM-kpi_001-20260108-1,PKG-EP-HOSP-001-DEPT-ADM-kpi_002-20260925,No-Action or Baseline Comparator,implementation_cost,False,Missing,True,True
FIN-REQ-PKG-EP-HOSP-001-DEPT-ADM-kpi_001-20260108-2,PKG-EP-HOSP-001-DEPT-ADM-kpi_002-20260925,No-Action or Baseline Comparator,recurring_monitoring_cost,False,Missing,True,True
FIN-REQ-PKG-EP-HOSP-001-DEPT-ADM-kpi_001-20260108-1,PKG-EP-HOSP-001-DEPT-ADM-kpi_002-20261019,No-Action or Baseline Comparator,implementation_cost,False,Missing,True,True
FIN-REQ-PKG-EP-HOSP-001-DEPT-ADM-kpi_001-20260108-2,PKG-EP-HOSP-001-DEPT-ADM-kpi_002-20261019,No-Action or Baseline Comparator,recurring_monitoring_cost,False,Missing,True,True
FIN-REQ-PKG-EP-HOSP-001-DEPT-ADM-kpi_001-20260108-1,PKG-EP-HOSP-001-DEPT-ADM-kpi_002-20261102,No-Action or Baseline Comparator,implementation_cost,False,Missing,True,True
FIN-REQ-PKG-EP-HOSP-001-DEPT-ADM-kpi_001-20260108-2,PKG-EP-HOSP-001-DEPT-ADM-kpi_002-20261102,No-Action or Baseline Comparator,recurring_monitoring_cost,False,Missing,True,True
FIN-REQ-PKG-EP-HOSP-001-DEPT-ADM-kpi_001-20260108-1,PKG-EP-HOSP-001-DEPT-ADM-kpi_002-20261114,No-Action or Baseline Comparator,implementation_cost,False,Missing,True,True
FIN-REQ-PKG-EP-HOSP-001-DEPT-ADM-kpi_001-20260108-2,PKG-EP-HOSP-001-DEPT-ADM-kpi_002-20261114,No-Action or Baseline Comparator,recurring_monitoring_cost,False,Missing,True,True
FIN-REQ-PKG-EP-HOSP-001-DEPT-ADM-kpi_001-20260108-1,PKG-EP-HOSP-001-DEPT-ADM-kpi_002-20261121,No-Action or Baseline Comparator,implementation_cost,False,Missing,True,True
FIN-REQ-PKG-EP-HOSP-001-DEPT-ADM-kpi_001-20260108-2,PKG-EP-HOSP-001-DEPT-ADM-kpi_002-20261121,No-Action or Baseline Comparator,recurring_monitoring_cost,False,Missing,True,True
FIN-REQ-PKG-EP-HOSP-001-DEPT-ADM-kpi_001-20260108-1,PKG-EP-HOSP-001-DEPT-ADM-kpi_002-20261214,No-Action or Baseline Comparator,implementation_cost,False,Missing,True,True
FIN-REQ-PKG-EP-HOSP-001-DEPT-ADM-kpi_001-20260108-2,PKG-EP-HOSP-001-DEPT-ADM-kpi_002-20261214,No-Action or Baseline Comparator,recurring_monitoring_cost,False,Missing,True,True
FIN-REQ-PKG-EP-HOSP-001-DEPT-ADM-kpi_001-20260108-1,PKG-EP-HOSP-001-DEPT-ADM-kpi_002-20261225,No-Action or Baseline Comparator,implementation_cost,False,Missing,True,True
FIN-REQ-PKG-EP-HOSP-001-DEPT-ADM-kpi_001-20260108-2,PKG-EP-HOSP-001-DEPT-ADM-kpi_002-20261225,No-Action or Baseline Comparator,recurring_monitoring_cost,False,Missing,True,True
FIN-REQ-PKG-EP-HOSP-001-DEPT-ADM-kpi_001-20260108-1,PKG-EP-HOSP-001-DEPT-DIAG-kpi_001-20260108,No-Action or Baseline Comparator,implementation_cost,False,Missing,True,True
FIN-REQ-PKG-EP-HOSP-001-DEPT-ADM-kpi_001-20260108-2,PKG-EP-HOSP-001-DEPT-DIAG-kpi_001-20260108,No-Action or Baseline Comparator,recurring_monitoring_cost,False,Missing,True,True
FIN-REQ-PKG-EP-HOSP-001-DEPT-ADM-kpi_001-20260108-1,PKG-EP-HOSP-001-DEPT-DIAG-kpi_001-20260401,No-Action or Baseline Comparator,implementation_cost,False,Missing,True,True
FIN-REQ-PKG-EP-HOSP-001-DEPT-ADM-kpi_001-20260108-2,PKG-EP-HOSP-001-DEPT-DIAG-kpi_001-20260401,No-Action or Baseline Comparator,recurring_monitoring_cost,False,Missing,True,True
FIN-REQ-PKG-EP-HOSP-001-DEPT-ADM-kpi_001-20260108-1,PKG-EP-HOSP-001-DEPT-DIAG-kpi_001-20260417,No-Action or Baseline Comparator,implementation_cost,False,Missing,True,True
FIN-REQ-PKG-EP-HOSP-001-DEPT-ADM-kpi_001-20260108-2,PKG-EP-HOSP-001-DEPT-DIAG-kpi_001-20260417,No-Action or Baseline Comparator,recurring_monitoring_cost,False,Missing,True,True
FIN-REQ-PKG-EP-HOSP-001-DEPT-ADM-kpi_001-20260108-1,PKG-EP-HOSP-001-DEPT-DIAG-kpi_001-20260423,No-Action or Baseline Comparator,implementation_cost,False,Missing,True,True
FIN-REQ-PKG-EP-HOSP-001-DEPT-ADM-kpi_001-20260108-2,PKG-EP-HOSP-001-DEPT-DIAG-kpi_001-20260423,No-Action or Baseline Comparator,recurring_monitoring_cost,False,Missing,True,True
FIN-REQ-PKG-EP-HOSP-001-DEPT-ADM-kpi_001-20260108-1,PKG-EP-HOSP-001-DEPT-DIAG-kpi_001-20260507,No-Action or Baseline Comparator,implementation_cost,False,Missing,True,True
FIN-REQ-PKG-EP-HOSP-001-DEPT-ADM-kpi_001-20260108-2,PKG-EP-HOSP-001-DEPT-DIAG-kpi_001-20260507,No-Action or Baseline Comparator,recurring_monitoring_cost,False,Missing,True,True
FIN-REQ-PKG-EP-HOSP-001-DEPT-ADM-kpi_001-20260108-1,PKG-EP-HOSP-001-DEPT-DIAG-kpi_001-20260511,No-Action or Baseline Comparator,implementation_cost,False,Missing,True,True
FIN-REQ-PKG-EP-HOSP-001-DEPT-ADM-kpi_001-20260108-2,PKG-EP-HOSP-001-DEPT-DIAG-kpi_001-20260511,No-Action or Baseline Comparator,recurring_monitoring_cost,False,Missing,True,True
FIN-REQ-PKG-EP-HOSP-001-DEPT-ADM-kpi_001-20260108-1,PKG-EP-HOSP-001-DEPT-DIAG-kpi_001-20260520,No-Action or Baseline Comparator,implementation_cost,False,Missing,True,True
FIN-REQ-PKG-EP-HOSP-001-DEPT-ADM-kpi_001-20260108-2,PKG-EP-HOSP-001-DEPT-DIAG-kpi_001-20260520,No-Action or Baseline Comparator,recurring_monitoring_cost,False,Missing,True,True
FIN-REQ-PKG-EP-HOSP-001-DEPT-ADM-kpi_001-20260108-1,PKG-EP-HOSP-001-DEPT-DIAG-kpi_001-20260606,No-Action or Baseline Comparator,implementation_cost,False,Missing,True,True
FIN-REQ-PKG-EP-HOSP-001-DEPT-ADM-kpi_001-20260108-2,PKG-EP-HOSP-001-DEPT-DIAG-kpi_001-20260606,No-Action or Baseline Comparator,recurring_monitoring_cost,False,Missing,True,True
FIN-REQ-PKG-EP-HOSP-001-DEPT-ADM-kpi_001-20260108-1,PKG-EP-HOSP-001-DEPT-DIAG-kpi_001-20260610,No-Action or Baseline Comparator,implementation_cost,False,Missing,True,True
FIN-REQ-PKG-EP-HOSP-001-DEPT-ADM-kpi_001-20260108-2,PKG-EP-HOSP-001-DEPT-DIAG-kpi_001-20260610,No-Action or Baseline Comparator,recurring_monitoring_cost,False,Missing,True,True
FIN-REQ-PKG-EP-HOSP-001-DEPT-ADM-kpi_001-20260108-1,PKG-EP-HOSP-001-DEPT-DIAG-kpi_001-20260704,No-Action or Baseline Comparator,implementation_cost,False,Missing,True,True
FIN-REQ-PKG-EP-HOSP-001-DEPT-ADM-kpi_001-20260108-2,PKG-EP-HOSP-001-DEPT-DIAG-kpi_001-20260704,No-Action or Baseline Comparator,recurring_monitoring_cost,False,Missing,True,True
FIN-REQ-PKG-EP-HOSP-001-DEPT-ADM-kpi_001-20260108-1,PKG-EP-HOSP-001-DEPT-DIAG-kpi_001-20260723,No-Action or Baseline Comparator,implementation_cost,False,Missing,True,True
FIN-REQ-PKG-EP-HOSP-001-DEPT-ADM-kpi_001-20260108-2,PKG-EP-HOSP-001-DEPT-DIAG-kpi_001-20260723,No-Action or Baseline Comparator,recurring_monitoring_cost,False,Missing,True,True
FIN-REQ-PKG-EP-HOSP-001-DEPT-ADM-kpi_001-20260108-1,PKG-EP-HOSP-001-DEPT-DIAG-kpi_001-20260804,No-Action or Baseline Comparator,implementation_cost,False,Missing,True,True
FIN-REQ-PKG-EP-HOSP-001-DEPT-ADM-kpi_001-20260108-2,PKG-EP-HOSP-001-DEPT-DIAG-kpi_001-20260804,No-Action or Baseline Comparator,recurring_monitoring_cost,False,Missing,True,True
FIN-REQ-PKG-EP-HOSP-001-DEPT-ADM-kpi_001-20260108-1,PKG-EP-HOSP-001-DEPT-DIAG-kpi_001-20260810,No-Action or Baseline Comparator,implementation_cost,False,Missing,True,True
FIN-REQ-PKG-EP-HOSP-001-DEPT-ADM-kpi_001-20260108-2,PKG-EP-HOSP-001-DEPT-DIAG-kpi_001-20260810,No-Action or Baseline Comparator,recurring_monitoring_cost,False,Missing,True,True
FIN-REQ-PKG-EP-HOSP-001-DEPT-ADM-kpi_001-20260108-1,PKG-EP-HOSP-001-DEPT-DIAG-kpi_001-20260901,No-Action or Baseline Comparator,implementation_cost,False,Missing,True,True
FIN-REQ-PKG-EP-HOSP-001-DEPT-ADM-kpi_001-20260108-2,PKG-EP-HOSP-001-DEPT-DIAG-kpi_001-20260901,No-Action or Baseline Comparator,recurring_monitoring_cost,False,Missing,True,True
FIN-REQ-PKG-EP-HOSP-001-DEPT-ADM-kpi_001-20260108-1,PKG-EP-HOSP-001-DEPT-DIAG-kpi_001-20260912,No-Action or Baseline Comparator,implementation_cost,False,Missing,True,True
FIN-REQ-PKG-EP-HOSP-001-DEPT-ADM-kpi_001-20260108-2,PKG-EP-HOSP-001-DEPT-DIAG-kpi_001-20260912,No-Action or Baseline Comparator,recurring_monitoring_cost,False,Missing,True,True
FIN-REQ-PKG-EP-HOSP-001-DEPT-ADM-kpi_001-20260108-1,PKG-EP-HOSP-001-DEPT-DIAG-kpi_001-20261023,No-Action or Baseline Comparator,implementation_cost,False,Missing,True,True
FIN-REQ-PKG-EP-HOSP-001-DEPT-ADM-kpi_001-20260108-2,PKG-EP-HOSP-001-DEPT-DIAG-kpi_001-20261023,No-Action or Baseline Comparator,recurring_monitoring_cost,False,Missing,True,True
FIN-REQ-PKG-EP-HOSP-001-DEPT-ADM-kpi_001-20260108-1,PKG-EP-HOSP-001-DEPT-DIAG-kpi_001-20261108,No-Action or Baseline Comparator,implementation_cost,False,Missing,True,True
FIN-REQ-PKG-EP-HOSP-001-DEPT-ADM-kpi_001-20260108-2,PKG-EP-HOSP-001-DEPT-DIAG-kpi_001-20261108,No-Action or Baseline Comparator,recurring_monitoring_cost,False,Missing,True,True
FIN-REQ-PKG-EP-HOSP-001-DEPT-ADM-kpi_001-20260108-1,PKG-EP-HOSP-001-DEPT-DIAG-kpi_002-20260122,No-Action or Baseline Comparator,implementation_cost,False,Missing,True,True
FIN-REQ-PKG-EP-HOSP-001-DEPT-ADM-kpi_001-20260108-2,PKG-EP-HOSP-001-DEPT-DIAG-kpi_002-20260122,No-Action or Baseline Comparator,recurring_monitoring_cost,False,Missing,True,True
FIN-REQ-PKG-EP-HOSP-001-DEPT-ADM-kpi_001-20260108-1,PKG-EP-HOSP-001-DEPT-DIAG-kpi_002-20260328,No-Action or Baseline Comparator,implementation_cost,False,Missing,True,True
FIN-REQ-PKG-EP-HOSP-001-DEPT-ADM-kpi_001-20260108-2,PKG-EP-HOSP-001-DEPT-DIAG-kpi_002-20260328,No-Action or Baseline Comparator,recurring_monitoring_cost,False,Missing,True,True
FIN-REQ-PKG-EP-HOSP-001-DEPT-ADM-kpi_001-20260108-1,PKG-EP-HOSP-001-DEPT-DIAG-kpi_002-20260409,No-Action or Baseline Comparator,implementation_cost,False,Missing,True,True
FIN-REQ-PKG-EP-HOSP-001-DEPT-ADM-kpi_001-20260108-2,PKG-EP-HOSP-001-DEPT-DIAG-kpi_002-20260409,No-Action or Baseline Comparator,recurring_monitoring_cost,False,Missing,True,True
FIN-REQ-PKG-EP-HOSP-001-DEPT-ADM-kpi_001-20260108-1,PKG-EP-HOSP-001-DEPT-DIAG-kpi_002-20260422,No-Action or Baseline Comparator,implementation_cost,False,Missing,True,True
FIN-REQ-PKG-EP-HOSP-001-DEPT-ADM-kpi_001-20260108-2,PKG-EP-HOSP-001-DEPT-DIAG-kpi_002-20260422,No-Action or Baseline Comparator,recurring_monitoring_cost,False,Missing,True,True
FIN-REQ-PKG-EP-HOSP-001-DEPT-ADM-kpi_001-20260108-1,PKG-EP-HOSP-001-DEPT-DIAG-kpi_002-20260426,No-Action or Baseline Comparator,implementation_cost,False,Missing,True,True
FIN-REQ-PKG-EP-HOSP-001-DEPT-ADM-kpi_001-20260108-2,PKG-EP-HOSP-001-DEPT-DIAG-kpi_002-20260426,No-Action or Baseline Comparator,recurring_monitoring_cost,False,Missing,True,True
FIN-REQ-PKG-EP-HOSP-001-DEPT-ADM-kpi_001-20260108-1,PKG-EP-HOSP-001-DEPT-DIAG-kpi_002-20260515,No-Action or Baseline Comparator,implementation_cost,False,Missing,True,True
FIN-REQ-PKG-EP-HOSP-001-DEPT-ADM-kpi_001-20260108-2,PKG-EP-HOSP-001-DEPT-DIAG-kpi_002-20260515,No-Action or Baseline Comparator,recurring_monitoring_cost,False,Missing,True,True
FIN-REQ-PKG-EP-HOSP-001-DEPT-ADM-kpi_001-20260108-1,PKG-EP-HOSP-001-DEPT-DIAG-kpi_002-20260521,No-Action or Baseline Comparator,implementation_cost,False,Missing,True,True
FIN-REQ-PKG-EP-HOSP-001-DEPT-ADM-kpi_001-20260108-2,PKG-EP-HOSP-001-DEPT-DIAG-kpi_002-20260521,No-Action or Baseline Comparator,recurring_monitoring_cost,False,Missing,True,True
FIN-REQ-PKG-EP-HOSP-001-DEPT-ADM-kpi_001-20260108-1,PKG-EP-HOSP-001-DEPT-DIAG-kpi_002-20260615,No-Action or Baseline Comparator,implementation_cost,False,Missing,True,True
FIN-REQ-PKG-EP-HOSP-001-DEPT-ADM-kpi_001-20260108-2,PKG-EP-HOSP-001-DEPT-DIAG-kpi_002-20260615,No-Action or Baseline Comparator,recurring_monitoring_cost,False,Missing,True,True
FIN-REQ-PKG-EP-HOSP-001-DEPT-ADM-kpi_001-20260108-1,PKG-EP-HOSP-001-DEPT-DIAG-kpi_002-20260621,No-Action or Baseline Comparator,implementation_cost,False,Missing,True,True
FIN-REQ-PKG-EP-HOSP-001-DEPT-ADM-kpi_001-20260108-2,PKG-EP-HOSP-001-DEPT-DIAG-kpi_002-20260621,No-Action or Baseline Comparator,recurring_monitoring_cost,False,Missing,True,True
FIN-REQ-PKG-EP-HOSP-001-DEPT-ADM-kpi_001-20260108-1,PKG-EP-HOSP-001-DEPT-DIAG-kpi_002-20260626,No-Action or Baseline Comparator,implementation_cost,False,Missing,True,True
FIN-REQ-PKG-EP-HOSP-001-DEPT-ADM-kpi_001-20260108-2,PKG-EP-HOSP-001-DEPT-DIAG-kpi_002-20260626,No-Action or Baseline Comparator,recurring_monitoring_cost,False,Missing,True,True
FIN-REQ-PKG-EP-HOSP-001-DEPT-ADM-kpi_001-20260108-1,PKG-EP-HOSP-001-DEPT-DIAG-kpi_002-20260720,No-Action or Baseline Comparator,implementation_cost,False,Missing,True,True
FIN-REQ-PKG-EP-HOSP-001-DEPT-ADM-kpi_001-20260108-2,PKG-EP-HOSP-001-DEPT-DIAG-kpi_002-20260720,No-Action or Baseline Comparator,recurring_monitoring_cost,False,Missing,True,True
FIN-REQ-PKG-EP-HOSP-001-DEPT-ADM-kpi_001-20260108-1,PKG-EP-HOSP-001-DEPT-DIAG-kpi_002-20260727,No-Action or Baseline Comparator,implementation_cost,False,Missing,True,True
FIN-REQ-PKG-EP-HOSP-001-DEPT-ADM-kpi_001-20260108-2,PKG-EP-HOSP-001-DEPT-DIAG-kpi_002-20260727,No-Action or Baseline Comparator,recurring_monitoring_cost,False,Missing,True,True
FIN-REQ-PKG-EP-HOSP-001-DEPT-ADM-kpi_001-20260108-1,PKG-EP-HOSP-001-DEPT-DIAG-kpi_002-20260910,No-Action or Baseline Comparator,implementation_cost,False,Missing,True,True
FIN-REQ-PKG-EP-HOSP-001-DEPT-ADM-kpi_001-20260108-2,PKG-EP-HOSP-001-DEPT-DIAG-kpi_002-20260910,No-Action or Baseline Comparator,recurring_monitoring_cost,False,Missing,True,True
FIN-REQ-PKG-EP-HOSP-001-DEPT-ADM-kpi_001-20260108-1,PKG-EP-HOSP-001-DEPT-DIAG-kpi_002-20260915,No-Action or Baseline Comparator,implementation_cost,False,Missing,True,True
FIN-REQ-PKG-EP-HOSP-001-DEPT-ADM-kpi_001-20260108-2,PKG-EP-HOSP-001-DEPT-DIAG-kpi_002-20260915,No-Action or Baseline Comparator,recurring_monitoring_cost,False,Missing,True,True
FIN-REQ-PKG-EP-HOSP-001-DEPT-ADM-kpi_001-20260108-1,PKG-EP-HOSP-001-DEPT-DIAG-kpi_002-20260921,No-Action or Baseline Comparator,implementation_cost,False,Missing,True,True
FIN-REQ-PKG-EP-HOSP-001-DEPT-ADM-kpi_001-20260108-2,PKG-EP-HOSP-001-DEPT-DIAG-kpi_002-20260921,No-Action or Baseline Comparator,recurring_monitoring_cost,False,Missing,True,True
FIN-REQ-PKG-EP-HOSP-001-DEPT-ADM-kpi_001-20260108-1,PKG-EP-HOSP-001-DEPT-DIAG-kpi_002-20260930,No-Action or Baseline Comparator,implementation_cost,False,Missing,True,True
FIN-REQ-PKG-EP-HOSP-001-DEPT-ADM-kpi_001-20260108-2,PKG-EP-HOSP-001-DEPT-DIAG-kpi_002-20260930,No-Action or Baseline Comparator,recurring_monitoring_cost,False,Missing,True,True
FIN-REQ-PKG-EP-HOSP-001-DEPT-ADM-kpi_001-20260108-1,PKG-EP-HOSP-001-DEPT-DIAG-kpi_002-20261015,No-Action or Baseline Comparator,implementation_cost,False,Missing,True,True
FIN-REQ-PKG-EP-HOSP-001-DEPT-ADM-kpi_001-20260108-2,PKG-EP-HOSP-001-DEPT-DIAG-kpi_002-20261015,No-Action or Baseline Comparator,recurring_monitoring_cost,False,Missing,True,True
FIN-REQ-PKG-EP-HOSP-001-DEPT-ADM-kpi_001-20260108-1,PKG-EP-HOSP-001-DEPT-DIAG-kpi_002-20261019,No-Action or Baseline Comparator,implementation_cost,False,Missing,True,True
FIN-REQ-PKG-EP-HOSP-001-DEPT-ADM-kpi_001-20260108-2,PKG-EP-HOSP-001-DEPT-DIAG-kpi_002-20261019,No-Action or Baseline Comparator,recurring_monitoring_cost,False,Missing,True,True
FIN-REQ-PKG-EP-HOSP-001-DEPT-ADM-kpi_001-20260108-1,PKG-EP-HOSP-001-DEPT-DIAG-kpi_002-20261027,No-Action or Baseline Comparator,implementation_cost,False,Missing,True,True
FIN-REQ-PKG-EP-HOSP-001-DEPT-ADM-kpi_001-20260108-2,PKG-EP-HOSP-001-DEPT-DIAG-kpi_002-20261027,No-Action or Baseline Comparator,recurring_monitoring_cost,False,Missing,True,True
FIN-REQ-PKG-EP-HOSP-001-DEPT-ADM-kpi_001-20260108-1,PKG-EP-HOSP-001-DEPT-DIAG-kpi_002-20261111,No-Action or Baseline Comparator,implementation_cost,False,Missing,True,True
FIN-REQ-PKG-EP-HOSP-001-DEPT-ADM-kpi_001-20260108-2,PKG-EP-HOSP-001-DEPT-DIAG-kpi_002-20261111,No-Action or Baseline Comparator,recurring_monitoring_cost,False,Missing,True,True
FIN-REQ-PKG-EP-HOSP-001-DEPT-ADM-kpi_001-20260108-1,PKG-EP-HOSP-001-DEPT-DIAG-kpi_002-20261115,No-Action or Baseline Comparator,implementation_cost,False,Missing,True,True
FIN-REQ-PKG-EP-HOSP-001-DEPT-ADM-kpi_001-20260108-2,PKG-EP-HOSP-001-DEPT-DIAG-kpi_002-20261115,No-Action or Baseline Comparator,recurring_monitoring_cost,False,Missing,True,True
FIN-REQ-PKG-EP-HOSP-001-DEPT-ADM-kpi_001-20260108-1,PKG-EP-HOSP-001-DEPT-DIAG-kpi_002-20261126,No-Action or Baseline Comparator,implementation_cost,False,Missing,True,True
FIN-REQ-PKG-EP-HOSP-001-DEPT-ADM-kpi_001-20260108-2,PKG-EP-HOSP-001-DEPT-DIAG-kpi_002-20261126,No-Action or Baseline Comparator,recurring_monitoring_cost,False,Missing,True,True
FIN-REQ-PKG-EP-HOSP-001-DEPT-ADM-kpi_001-20260108-1,PKG-EP-HOSP-001-DEPT-DIAG-kpi_002-20261202,No-Action or Baseline Comparator,implementation_cost,False,Missing,True,True
FIN-REQ-PKG-EP-HOSP-001-DEPT-ADM-kpi_001-20260108-2,PKG-EP-HOSP-001-DEPT-DIAG-kpi_002-20261202,No-Action or Baseline Comparator,recurring_monitoring_cost,False,Missing,True,True
FIN-REQ-PKG-EP-HOSP-001-DEPT-ADM-kpi_001-20260108-1,PKG-EP-HOSP-001-DEPT-DIAG-kpi_002-20261207,No-Action or Baseline Comparator,implementation_cost,False,Missing,True,True
FIN-REQ-PKG-EP-HOSP-001-DEPT-ADM-kpi_001-20260108-2,PKG-EP-HOSP-001-DEPT-DIAG-kpi_002-20261207,No-Action or Baseline Comparator,recurring_monitoring_cost,False,Missing,True,True
FIN-REQ-PKG-EP-HOSP-001-DEPT-ADM-kpi_001-20260108-1,PKG-EP-HOSP-001-DEPT-DIAG-kpi_002-20261227,No-Action or Baseline Comparator,implementation_cost,False,Missing,True,True
FIN-REQ-PKG-EP-HOSP-001-DEPT-ADM-kpi_001-20260108-2,PKG-EP-HOSP-001-DEPT-DIAG-kpi_002-20261227,No-Action or Baseline Comparator,recurring_monitoring_cost,False,Missing,True,True
FIN-REQ-PKG-EP-HOSP-001-DEPT-ADM-kpi_001-20260108-1,PKG-EP-HOSP-001-DEPT-DIAG-kpi_004-20260402,No-Action or Baseline Comparator,implementation_cost,False,Missing,True,True
FIN-REQ-PKG-EP-HOSP-001-DEPT-ADM-kpi_001-20260108-2,PKG-EP-HOSP-001-DEPT-DIAG-kpi_004-20260402,No-Action or Baseline Comparator,recurring_monitoring_cost,False,Missing,True,True
FIN-REQ-PKG-EP-HOSP-001-DEPT-ADM-kpi_001-20260108-1,PKG-EP-HOSP-001-DEPT-DIAG-kpi_004-20260412,No-Action or Baseline Comparator,implementation_cost,False,Missing,True,True
FIN-REQ-PKG-EP-HOSP-001-DEPT-ADM-kpi_001-20260108-2,PKG-EP-HOSP-001-DEPT-DIAG-kpi_004-20260412,No-Action or Baseline Comparator,recurring_monitoring_cost,False,Missing,True,True
FIN-REQ-PKG-EP-HOSP-001-DEPT-ADM-kpi_001-20260108-1,PKG-EP-HOSP-001-DEPT-DIAG-kpi_004-20260421,No-Action or Baseline Comparator,implementation_cost,False,Missing,True,True
FIN-REQ-PKG-EP-HOSP-001-DEPT-ADM-kpi_001-20260108-2,PKG-EP-HOSP-001-DEPT-DIAG-kpi_004-20260421,No-Action or Baseline Comparator,recurring_monitoring_cost,False,Missing,True,True
FIN-REQ-PKG-EP-HOSP-001-DEPT-ADM-kpi_001-20260108-1,PKG-EP-HOSP-001-DEPT-DIAG-kpi_004-20260531,No-Action or Baseline Comparator,implementation_cost,False,Missing,True,True
FIN-REQ-PKG-EP-HOSP-001-DEPT-ADM-kpi_001-20260108-2,PKG-EP-HOSP-001-DEPT-DIAG-kpi_004-20260531,No-Action or Baseline Comparator,recurring_monitoring_cost,False,Missing,True,True
FIN-REQ-PKG-EP-HOSP-001-DEPT-ADM-kpi_001-20260108-1,PKG-EP-HOSP-001-DEPT-DIAG-kpi_004-20260614,No-Action or Baseline Comparator,implementation_cost,False,Missing,True,True
FIN-REQ-PKG-EP-HOSP-001-DEPT-ADM-kpi_001-20260108-2,PKG-EP-HOSP-001-DEPT-DIAG-kpi_004-20260614,No-Action or Baseline Comparator,recurring_monitoring_cost,False,Missing,True,True
FIN-REQ-PKG-EP-HOSP-001-DEPT-ADM-kpi_001-20260108-1,PKG-EP-HOSP-001-DEPT-DIAG-kpi_004-20260707,No-Action or Baseline Comparator,implementation_cost,False,Missing,True,True
FIN-REQ-PKG-EP-HOSP-001-DEPT-ADM-kpi_001-20260108-2,PKG-EP-HOSP-001-DEPT-DIAG-kpi_004-20260707,No-Action or Baseline Comparator,recurring_monitoring_cost,False,Missing,True,True
FIN-REQ-PKG-EP-HOSP-001-DEPT-ADM-kpi_001-20260108-1,PKG-EP-HOSP-001-DEPT-ED-kpi_001-20260107,No-Action or Baseline Comparator,implementation_cost,False,Missing,True,True
FIN-REQ-PKG-EP-HOSP-001-DEPT-ADM-kpi_001-20260108-2,PKG-EP-HOSP-001-DEPT-ED-kpi_001-20260107,No-Action or Baseline Comparator,recurring_monitoring_cost,False,Missing,True,True
FIN-REQ-PKG-EP-HOSP-001-DEPT-ADM-kpi_001-20260108-1,PKG-EP-HOSP-001-DEPT-ED-kpi_001-20260201,No-Action or Baseline Comparator,implementation_cost,False,Missing,True,True
FIN-REQ-PKG-EP-HOSP-001-DEPT-ADM-kpi_001-20260108-2,PKG-EP-HOSP-001-DEPT-ED-kpi_001-20260201,No-Action or Baseline Comparator,recurring_monitoring_cost,False,Missing,True,True
FIN-REQ-PKG-EP-HOSP-001-DEPT-ADM-kpi_001-20260108-1,PKG-EP-HOSP-001-DEPT-ED-kpi_001-20260211,No-Action or Baseline Comparator,implementation_cost,False,Missing,True,True
FIN-REQ-PKG-EP-HOSP-001-DEPT-ADM-kpi_001-20260108-2,PKG-EP-HOSP-001-DEPT-ED-kpi_001-20260211,No-Action or Baseline Comparator,recurring_monitoring_cost,False,Missing,True,True
FIN-REQ-PKG-EP-HOSP-001-DEPT-ADM-kpi_001-20260108-1,PKG-EP-HOSP-001-DEPT-ED-kpi_001-20260303,No-Action or Baseline Comparator,implementation_cost,False,Missing,True,True
FIN-REQ-PKG-EP-HOSP-001-DEPT-ADM-kpi_001-20260108-2,PKG-EP-HOSP-001-DEPT-ED-kpi_001-20260303,No-Action or Baseline Comparator,recurring_monitoring_cost,False,Missing,True,True
FIN-REQ-PKG-EP-HOSP-001-DEPT-ADM-kpi_001-20260108-1,PKG-EP-HOSP-001-DEPT-ED-kpi_001-20260319,No-Action or Baseline Comparator,implementation_cost,False,Missing,True,True
FIN-REQ-PKG-EP-HOSP-001-DEPT-ADM-kpi_001-20260108-2,PKG-EP-HOSP-001-DEPT-ED-kpi_001-20260319,No-Action or Baseline Comparator,recurring_monitoring_cost,False,Missing,True,True
FIN-REQ-PKG-EP-HOSP-001-DEPT-ADM-kpi_001-20260108-1,PKG-EP-HOSP-001-DEPT-ED-kpi_001-20260502,No-Action or Baseline Comparator,implementation_cost,False,Missing,True,True
FIN-REQ-PKG-EP-HOSP-001-DEPT-ADM-kpi_001-20260108-2,PKG-EP-HOSP-001-DEPT-ED-kpi_001-20260502,No-Action or Baseline Comparator,recurring_monitoring_cost,False,Missing,True,True
FIN-REQ-PKG-EP-HOSP-001-DEPT-ADM-kpi_001-20260108-1,PKG-EP-HOSP-001-DEPT-ED-kpi_001-20260509,No-Action or Baseline Comparator,implementation_cost,False,Missing,True,True
FIN-REQ-PKG-EP-HOSP-001-DEPT-ADM-kpi_001-20260108-2,PKG-EP-HOSP-001-DEPT-ED-kpi_001-20260509,No-Action or Baseline Comparator,recurring_monitoring_cost,False,Missing,True,True
FIN-REQ-PKG-EP-HOSP-001-DEPT-ADM-kpi_001-20260108-1,PKG-EP-HOSP-001-DEPT-ED-kpi_001-20260522,No-Action or Baseline Comparator,implementation_cost,False,Missing,True,True
FIN-REQ-PKG-EP-HOSP-001-DEPT-ADM-kpi_001-20260108-2,PKG-EP-HOSP-001-DEPT-ED-kpi_001-20260522,No-Action or Baseline Comparator,recurring_monitoring_cost,False,Missing,True,True
FIN-REQ-PKG-EP-HOSP-001-DEPT-ADM-kpi_001-20260108-1,PKG-EP-HOSP-001-DEPT-ED-kpi_001-20260531,No-Action or Baseline Comparator,implementation_cost,False,Missing,True,True
FIN-REQ-PKG-EP-HOSP-001-DEPT-ADM-kpi_001-20260108-2,PKG-EP-HOSP-001-DEPT-ED-kpi_001-20260531,No-Action or Baseline Comparator,recurring_monitoring_cost,False,Missing,True,True
FIN-REQ-PKG-EP-HOSP-001-DEPT-ADM-kpi_001-20260108-1,PKG-EP-HOSP-001-DEPT-ED-kpi_001-20260604,No-Action or Baseline Comparator,implementation_cost,False,Missing,True,True
FIN-REQ-PKG-EP-HOSP-001-DEPT-ADM-kpi_001-20260108-2,PKG-EP-HOSP-001-DEPT-ED-kpi_001-20260604,No-Action or Baseline Comparator,recurring_monitoring_cost,False,Missing,True,True
FIN-REQ-PKG-EP-HOSP-001-DEPT-ADM-kpi_001-20260108-1,PKG-EP-HOSP-001-DEPT-ED-kpi_001-20260624,No-Action or Baseline Comparator,implementation_cost,False,Missing,True,True
FIN-REQ-PKG-EP-HOSP-001-DEPT-ADM-kpi_001-20260108-2,PKG-EP-HOSP-001-DEPT-ED-kpi_001-20260624,No-Action or Baseline Comparator,recurring_monitoring_cost,False,Missing,True,True
FIN-REQ-PKG-EP-HOSP-001-DEPT-ADM-kpi_001-20260108-1,PKG-EP-HOSP-001-DEPT-ED-kpi_001-20260705,No-Action or Baseline Comparator,implementation_cost,False,Missing,True,True
FIN-REQ-PKG-EP-HOSP-001-DEPT-ADM-kpi_001-20260108-2,PKG-EP-HOSP-001-DEPT-ED-kpi_001-20260705,No-Action or Baseline Comparator,recurring_monitoring_cost,False,Missing,True,True
FIN-REQ-PKG-EP-HOSP-001-DEPT-ADM-kpi_001-20260108-1,PKG-EP-HOSP-001-DEPT-ED-kpi_001-20260713,No-Action or Baseline Comparator,implementation_cost,False,Missing,True,True
FIN-REQ-PKG-EP-HOSP-001-DEPT-ADM-kpi_001-20260108-2,PKG-EP-HOSP-001-DEPT-ED-kpi_001-20260713,No-Action or Baseline Comparator,recurring_monitoring_cost,False,Missing,True,True
FIN-REQ-PKG-EP-HOSP-001-DEPT-ADM-kpi_001-20260108-1,PKG-EP-HOSP-001-DEPT-ED-kpi_001-20260930,No-Action or Baseline Comparator,implementation_cost,False,Missing,True,True
FIN-REQ-PKG-EP-HOSP-001-DEPT-ADM-kpi_001-20260108-2,PKG-EP-HOSP-001-DEPT-ED-kpi_001-20260930,No-Action or Baseline Comparator,recurring_monitoring_cost,False,Missing,True,True
FIN-REQ-PKG-EP-HOSP-001-DEPT-ADM-kpi_001-20260108-1,PKG-EP-HOSP-001-DEPT-ED-kpi_001-20261008,No-Action or Baseline Comparator,implementation_cost,False,Missing,True,True
FIN-REQ-PKG-EP-HOSP-001-DEPT-ADM-kpi_001-20260108-2,PKG-EP-HOSP-001-DEPT-ED-kpi_001-20261008,No-Action or Baseline Comparator,recurring_monitoring_cost,False,Missing,True,True
FIN-REQ-PKG-EP-HOSP-001-DEPT-ADM-kpi_001-20260108-1,PKG-EP-HOSP-001-DEPT-ED-kpi_001-20261014,No-Action or Baseline Comparator,implementation_cost,False,Missing,True,True
FIN-REQ-PKG-EP-HOSP-001-DEPT-ADM-kpi_001-20260108-2,PKG-EP-HOSP-001-DEPT-ED-kpi_001-20261014,No-Action or Baseline Comparator,recurring_monitoring_cost,False,Missing,True,True
FIN-REQ-PKG-EP-HOSP-001-DEPT-ADM-kpi_001-20260108-1,PKG-EP-HOSP-001-DEPT-ED-kpi_001-20261113,No-Action or Baseline Comparator,implementation_cost,False,Missing,True,True
FIN-REQ-PKG-EP-HOSP-001-DEPT-ADM-kpi_001-20260108-2,PKG-EP-HOSP-001-DEPT-ED-kpi_001-20261113,No-Action or Baseline Comparator,recurring_monitoring_cost,False,Missing,True,True
FIN-REQ-PKG-EP-HOSP-001-DEPT-ADM-kpi_001-20260108-1,PKG-EP-HOSP-001-DEPT-ED-kpi_001-20261227,No-Action or Baseline Comparator,implementation_cost,False,Missing,True,True
FIN-REQ-PKG-EP-HOSP-001-DEPT-ADM-kpi_001-20260108-2,PKG-EP-HOSP-001-DEPT-ED-kpi_001-20261227,No-Action or Baseline Comparator,recurring_monitoring_cost,False,Missing,True,True
FIN-REQ-PKG-EP-HOSP-001-DEPT-ADM-kpi_001-20260108-1,PKG-EP-HOSP-001-DEPT-ED-kpi_002-20260106,No-Action or Baseline Comparator,implementation_cost,False,Missing,True,True
FIN-REQ-PKG-EP-HOSP-001-DEPT-ADM-kpi_001-20260108-2,PKG-EP-HOSP-001-DEPT-ED-kpi_002-20260106,No-Action or Baseline Comparator,recurring_monitoring_cost,False,Missing,True,True
FIN-REQ-PKG-EP-HOSP-001-DEPT-ADM-kpi_001-20260108-1,PKG-EP-HOSP-001-DEPT-ED-kpi_002-20260207,No-Action or Baseline Comparator,implementation_cost,False,Missing,True,True
FIN-REQ-PKG-EP-HOSP-001-DEPT-ADM-kpi_001-20260108-2,PKG-EP-HOSP-001-DEPT-ED-kpi_002-20260207,No-Action or Baseline Comparator,recurring_monitoring_cost,False,Missing,True,True
FIN-REQ-PKG-EP-HOSP-001-DEPT-ADM-kpi_001-20260108-1,PKG-EP-HOSP-001-DEPT-ED-kpi_002-20260310,No-Action or Baseline Comparator,implementation_cost,False,Missing,True,True
FIN-REQ-PKG-EP-HOSP-001-DEPT-ADM-kpi_001-20260108-2,PKG-EP-HOSP-001-DEPT-ED-kpi_002-20260310,No-Action or Baseline Comparator,recurring_monitoring_cost,False,Missing,True,True
FIN-REQ-PKG-EP-HOSP-001-DEPT-ADM-kpi_001-20260108-1,PKG-EP-HOSP-001-DEPT-ED-kpi_002-20260421,No-Action or Baseline Comparator,implementation_cost,False,Missing,True,True
FIN-REQ-PKG-EP-HOSP-001-DEPT-ADM-kpi_001-20260108-2,PKG-EP-HOSP-001-DEPT-ED-kpi_002-20260421,No-Action or Baseline Comparator,recurring_monitoring_cost,False,Missing,True,True
FIN-REQ-PKG-EP-HOSP-001-DEPT-ADM-kpi_001-20260108-1,PKG-EP-HOSP-001-DEPT-ED-kpi_002-20260425,No-Action or Baseline Comparator,implementation_cost,False,Missing,True,True
FIN-REQ-PKG-EP-HOSP-001-DEPT-ADM-kpi_001-20260108-2,PKG-EP-HOSP-001-DEPT-ED-kpi_002-20260425,No-Action or Baseline Comparator,recurring_monitoring_cost,False,Missing,True,True
FIN-REQ-PKG-EP-HOSP-001-DEPT-ADM-kpi_001-20260108-1,PKG-EP-HOSP-001-DEPT-ED-kpi_002-20260521,No-Action or Baseline Comparator,implementation_cost,False,Missing,True,True
FIN-REQ-PKG-EP-HOSP-001-DEPT-ADM-kpi_001-20260108-2,PKG-EP-HOSP-001-DEPT-ED-kpi_002-20260521,No-Action or Baseline Comparator,recurring_monitoring_cost,False,Missing,True,True
FIN-REQ-PKG-EP-HOSP-001-DEPT-ADM-kpi_001-20260108-1,PKG-EP-HOSP-001-DEPT-ED-kpi_002-20260603,No-Action or Baseline Comparator,implementation_cost,False,Missing,True,True
FIN-REQ-PKG-EP-HOSP-001-DEPT-ADM-kpi_001-20260108-2,PKG-EP-HOSP-001-DEPT-ED-kpi_002-20260603,No-Action or Baseline Comparator,recurring_monitoring_cost,False,Missing,True,True
FIN-REQ-PKG-EP-HOSP-001-DEPT-ADM-kpi_001-20260108-1,PKG-EP-HOSP-001-DEPT-ED-kpi_002-20260610,No-Action or Baseline Comparator,implementation_cost,False,Missing,True,True
FIN-REQ-PKG-EP-HOSP-001-DEPT-ADM-kpi_001-20260108-2,PKG-EP-HOSP-001-DEPT-ED-kpi_002-20260610,No-Action or Baseline Comparator,recurring_monitoring_cost,False,Missing,True,True
FIN-REQ-PKG-EP-HOSP-001-DEPT-ADM-kpi_001-20260108-1,PKG-EP-HOSP-001-DEPT-ED-kpi_002-20260614,No-Action or Baseline Comparator,implementation_cost,False,Missing,True,True
FIN-REQ-PKG-EP-HOSP-001-DEPT-ADM-kpi_001-20260108-2,PKG-EP-HOSP-001-DEPT-ED-kpi_002-20260614,No-Action or Baseline Comparator,recurring_monitoring_cost,False,Missing,True,True
FIN-REQ-PKG-EP-HOSP-001-DEPT-ADM-kpi_001-20260108-1,PKG-EP-HOSP-001-DEPT-ED-kpi_002-20260626,No-Action or Baseline Comparator,implementation_cost,False,Missing,True,True
FIN-REQ-PKG-EP-HOSP-001-DEPT-ADM-kpi_001-20260108-2,PKG-EP-HOSP-001-DEPT-ED-kpi_002-20260626,No-Action or Baseline Comparator,recurring_monitoring_cost,False,Missing,True,True
FIN-REQ-PKG-EP-HOSP-001-DEPT-ADM-kpi_001-20260108-1,PKG-EP-HOSP-001-DEPT-ED-kpi_002-20260707,No-Action or Baseline Comparator,implementation_cost,False,Missing,True,True
FIN-REQ-PKG-EP-HOSP-001-DEPT-ADM-kpi_001-20260108-2,PKG-EP-HOSP-001-DEPT-ED-kpi_002-20260707,No-Action or Baseline Comparator,recurring_monitoring_cost,False,Missing,True,True
FIN-REQ-PKG-EP-HOSP-001-DEPT-ADM-kpi_001-20260108-1,PKG-EP-HOSP-001-DEPT-ED-kpi_002-20260818,No-Action or Baseline Comparator,implementation_cost,False,Missing,True,True
FIN-REQ-PKG-EP-HOSP-001-DEPT-ADM-kpi_001-20260108-2,PKG-EP-HOSP-001-DEPT-ED-kpi_002-20260818,No-Action or Baseline Comparator,recurring_monitoring_cost,False,Missing,True,True
FIN-REQ-PKG-EP-HOSP-001-DEPT-ADM-kpi_001-20260108-1,PKG-EP-HOSP-001-DEPT-ED-kpi_002-20260923,No-Action or Baseline Comparator,implementation_cost,False,Missing,True,True
FIN-REQ-PKG-EP-HOSP-001-DEPT-ADM-kpi_001-20260108-2,PKG-EP-HOSP-001-DEPT-ED-kpi_002-20260923,No-Action or Baseline Comparator,recurring_monitoring_cost,False,Missing,True,True
FIN-REQ-PKG-EP-HOSP-001-DEPT-ADM-kpi_001-20260108-1,PKG-EP-HOSP-001-DEPT-ED-kpi_002-20261005,No-Action or Baseline Comparator,implementation_cost,False,Missing,True,True
FIN-REQ-PKG-EP-HOSP-001-DEPT-ADM-kpi_001-20260108-2,PKG-EP-HOSP-001-DEPT-ED-kpi_002-20261005,No-Action or Baseline Comparator,recurring_monitoring_cost,False,Missing,True,True
FIN-REQ-PKG-EP-HOSP-001-DEPT-ADM-kpi_001-20260108-1,PKG-EP-HOSP-001-DEPT-ED-kpi_002-20261013,No-Action or Baseline Comparator,implementation_cost,False,Missing,True,True
FIN-REQ-PKG-EP-HOSP-001-DEPT-ADM-kpi_001-20260108-2,PKG-EP-HOSP-001-DEPT-ED-kpi_002-20261013,No-Action or Baseline Comparator,recurring_monitoring_cost,False,Missing,True,True
FIN-REQ-PKG-EP-HOSP-001-DEPT-ADM-kpi_001-20260108-1,PKG-EP-HOSP-001-DEPT-ED-kpi_002-20261026,No-Action or Baseline Comparator,implementation_cost,False,Missing,True,True
FIN-REQ-PKG-EP-HOSP-001-DEPT-ADM-kpi_001-20260108-2,PKG-EP-HOSP-001-DEPT-ED-kpi_002-20261026,No-Action or Baseline Comparator,recurring_monitoring_cost,False,Missing,True,True
FIN-REQ-PKG-EP-HOSP-001-DEPT-ADM-kpi_001-20260108-1,PKG-EP-HOSP-001-DEPT-ED-kpi_002-20261102,No-Action or Baseline Comparator,implementation_cost,False,Missing,True,True
FIN-REQ-PKG-EP-HOSP-001-DEPT-ADM-kpi_001-20260108-2,PKG-EP-HOSP-001-DEPT-ED-kpi_002-20261102,No-Action or Baseline Comparator,recurring_monitoring_cost,False,Missing,True,True
FIN-REQ-PKG-EP-HOSP-001-DEPT-ADM-kpi_001-20260108-1,PKG-EP-HOSP-001-DEPT-ED-kpi_002-20261109,No-Action or Baseline Comparator,implementation_cost,False,Missing,True,True
FIN-REQ-PKG-EP-HOSP-001-DEPT-ADM-kpi_001-20260108-2,PKG-EP-HOSP-001-DEPT-ED-kpi_002-20261109,No-Action or Baseline Comparator,recurring_monitoring_cost,False,Missing,True,True
FIN-REQ-PKG-EP-HOSP-001-DEPT-ADM-kpi_001-20260108-1,PKG-EP-HOSP-001-DEPT-ED-kpi_002-20261127,No-Action or Baseline Comparator,implementation_cost,False,Missing,True,True
FIN-REQ-PKG-EP-HOSP-001-DEPT-ADM-kpi_001-20260108-2,PKG-EP-HOSP-001-DEPT-ED-kpi_002-20261127,No-Action or Baseline Comparator,recurring_monitoring_cost,False,Missing,True,True
FIN-REQ-PKG-EP-HOSP-001-DEPT-ADM-kpi_001-20260108-1,PKG-EP-HOSP-001-DEPT-ED-kpi_002-20261212,No-Action or Baseline Comparator,implementation_cost,False,Missing,True,True
FIN-REQ-PKG-EP-HOSP-001-DEPT-ADM-kpi_001-20260108-2,PKG-EP-HOSP-001-DEPT-ED-kpi_002-20261212,No-Action or Baseline Comparator,recurring_monitoring_cost,False,Missing,True,True
FIN-REQ-PKG-EP-HOSP-001-DEPT-ADM-kpi_001-20260108-1,PKG-EP-HOSP-001-DEPT-ED-kpi_002-20261217,No-Action or Baseline Comparator,implementation_cost,False,Missing,True,True
FIN-REQ-PKG-EP-HOSP-001-DEPT-ADM-kpi_001-20260108-2,PKG-EP-HOSP-001-DEPT-ED-kpi_002-20261217,No-Action or Baseline Comparator,recurring_monitoring_cost,False,Missing,True,True
FIN-REQ-PKG-EP-HOSP-001-DEPT-ADM-kpi_001-20260108-1,PKG-EP-HOSP-001-DEPT-ED-kpi_004-20260601,No-Action or Baseline Comparator,implementation_cost,False,Missing,True,True
FIN-REQ-PKG-EP-HOSP-001-DEPT-ADM-kpi_001-20260108-2,PKG-EP-HOSP-001-DEPT-ED-kpi_004-20260601,No-Action or Baseline Comparator,recurring_monitoring_cost,False,Missing,True,True
FIN-REQ-PKG-EP-HOSP-001-DEPT-ADM-kpi_001-20260108-1,PKG-EP-HOSP-001-DEPT-ED-kpi_004-20260606,No-Action or Baseline Comparator,implementation_cost,False,Missing,True,True
FIN-REQ-PKG-EP-HOSP-001-DEPT-ADM-kpi_001-20260108-2,PKG-EP-HOSP-001-DEPT-ED-kpi_004-20260606,No-Action or Baseline Comparator,recurring_monitoring_cost,False,Missing,True,True
FIN-REQ-PKG-EP-HOSP-001-DEPT-ADM-kpi_001-20260108-1,PKG-EP-HOSP-001-DEPT-ED-kpi_004-20260716,No-Action or Baseline Comparator,implementation_cost,False,Missing,True,True
FIN-REQ-PKG-EP-HOSP-001-DEPT-ADM-kpi_001-20260108-2,PKG-EP-HOSP-001-DEPT-ED-kpi_004-20260716,No-Action or Baseline Comparator,recurring_monitoring_cost,False,Missing,True,True
FIN-REQ-PKG-EP-HOSP-001-DEPT-ADM-kpi_001-20260108-1,PKG-EP-HOSP-001-DEPT-ICU-kpi_001-20260106,No-Action or Baseline Comparator,implementation_cost,False,Missing,True,True
FIN-REQ-PKG-EP-HOSP-001-DEPT-ADM-kpi_001-20260108-2,PKG-EP-HOSP-001-DEPT-ICU-kpi_001-20260106,No-Action or Baseline Comparator,recurring_monitoring_cost,False,Missing,True,True
FIN-REQ-PKG-EP-HOSP-001-DEPT-ADM-kpi_001-20260108-1,PKG-EP-HOSP-001-DEPT-ICU-kpi_001-20260114,No-Action or Baseline Comparator,implementation_cost,False,Missing,True,True
FIN-REQ-PKG-EP-HOSP-001-DEPT-ADM-kpi_001-20260108-2,PKG-EP-HOSP-001-DEPT-ICU-kpi_001-20260114,No-Action or Baseline Comparator,recurring_monitoring_cost,False,Missing,True,True
FIN-REQ-PKG-EP-HOSP-001-DEPT-ADM-kpi_001-20260108-1,PKG-EP-HOSP-001-DEPT-ICU-kpi_001-20260211,No-Action or Baseline Comparator,implementation_cost,False,Missing,True,True
FIN-REQ-PKG-EP-HOSP-001-DEPT-ADM-kpi_001-20260108-2,PKG-EP-HOSP-001-DEPT-ICU-kpi_001-20260211,No-Action or Baseline Comparator,recurring_monitoring_cost,False,Missing,True,True
FIN-REQ-PKG-EP-HOSP-001-DEPT-ADM-kpi_001-20260108-1,PKG-EP-HOSP-001-DEPT-ICU-kpi_001-20260216,No-Action or Baseline Comparator,implementation_cost,False,Missing,True,True
FIN-REQ-PKG-EP-HOSP-001-DEPT-ADM-kpi_001-20260108-2,PKG-EP-HOSP-001-DEPT-ICU-kpi_001-20260216,No-Action or Baseline Comparator,recurring_monitoring_cost,False,Missing,True,True
FIN-REQ-PKG-EP-HOSP-001-DEPT-ADM-kpi_001-20260108-1,PKG-EP-HOSP-001-DEPT-ICU-kpi_001-20260407,No-Action or Baseline Comparator,implementation_cost,False,Missing,True,True
FIN-REQ-PKG-EP-HOSP-001-DEPT-ADM-kpi_001-20260108-2,PKG-EP-HOSP-001-DEPT-ICU-kpi_001-20260407,No-Action or Baseline Comparator,recurring_monitoring_cost,False,Missing,True,True
FIN-REQ-PKG-EP-HOSP-001-DEPT-ADM-kpi_001-20260108-1,PKG-EP-HOSP-001-DEPT-ICU-kpi_001-20260426,No-Action or Baseline Comparator,implementation_cost,False,Missing,True,True
FIN-REQ-PKG-EP-HOSP-001-DEPT-ADM-kpi_001-20260108-2,PKG-EP-HOSP-001-DEPT-ICU-kpi_001-20260426,No-Action or Baseline Comparator,recurring_monitoring_cost,False,Missing,True,True
FIN-REQ-PKG-EP-HOSP-001-DEPT-ADM-kpi_001-20260108-1,PKG-EP-HOSP-001-DEPT-ICU-kpi_001-20260505,No-Action or Baseline Comparator,implementation_cost,False,Missing,True,True
FIN-REQ-PKG-EP-HOSP-001-DEPT-ADM-kpi_001-20260108-2,PKG-EP-HOSP-001-DEPT-ICU-kpi_001-20260505,No-Action or Baseline Comparator,recurring_monitoring_cost,False,Missing,True,True
FIN-REQ-PKG-EP-HOSP-001-DEPT-ADM-kpi_001-20260108-1,PKG-EP-HOSP-001-DEPT-ICU-kpi_001-20260513,No-Action or Baseline Comparator,implementation_cost,False,Missing,True,True
FIN-REQ-PKG-EP-HOSP-001-DEPT-ADM-kpi_001-20260108-2,PKG-EP-HOSP-001-DEPT-ICU-kpi_001-20260513,No-Action or Baseline Comparator,recurring_monitoring_cost,False,Missing,True,True
FIN-REQ-PKG-EP-HOSP-001-DEPT-ADM-kpi_001-20260108-1,PKG-EP-HOSP-001-DEPT-ICU-kpi_001-20260528,No-Action or Baseline Comparator,implementation_cost,False,Missing,True,True
FIN-REQ-PKG-EP-HOSP-001-DEPT-ADM-kpi_001-20260108-2,PKG-EP-HOSP-001-DEPT-ICU-kpi_001-20260528,No-Action or Baseline Comparator,recurring_monitoring_cost,False,Missing,True,True
FIN-REQ-PKG-EP-HOSP-001-DEPT-ADM-kpi_001-20260108-1,PKG-EP-HOSP-001-DEPT-ICU-kpi_001-20260707,No-Action or Baseline Comparator,implementation_cost,False,Missing,True,True
FIN-REQ-PKG-EP-HOSP-001-DEPT-ADM-kpi_001-20260108-2,PKG-EP-HOSP-001-DEPT-ICU-kpi_001-20260707,No-Action or Baseline Comparator,recurring_monitoring_cost,False,Missing,True,True
FIN-REQ-PKG-EP-HOSP-001-DEPT-ADM-kpi_001-20260108-1,PKG-EP-HOSP-001-DEPT-ICU-kpi_001-20260801,No-Action or Baseline Comparator,implementation_cost,False,Missing,True,True
FIN-REQ-PKG-EP-HOSP-001-DEPT-ADM-kpi_001-20260108-2,PKG-EP-HOSP-001-DEPT-ICU-kpi_001-20260801,No-Action or Baseline Comparator,recurring_monitoring_cost,False,Missing,True,True
FIN-REQ-PKG-EP-HOSP-001-DEPT-ADM-kpi_001-20260108-1,PKG-EP-HOSP-001-DEPT-ICU-kpi_001-20260830,No-Action or Baseline Comparator,implementation_cost,False,Missing,True,True
FIN-REQ-PKG-EP-HOSP-001-DEPT-ADM-kpi_001-20260108-2,PKG-EP-HOSP-001-DEPT-ICU-kpi_001-20260830,No-Action or Baseline Comparator,recurring_monitoring_cost,False,Missing,True,True
FIN-REQ-PKG-EP-HOSP-001-DEPT-ADM-kpi_001-20260108-1,PKG-EP-HOSP-001-DEPT-ICU-kpi_001-20260914,No-Action or Baseline Comparator,implementation_cost,False,Missing,True,True
FIN-REQ-PKG-EP-HOSP-001-DEPT-ADM-kpi_001-20260108-2,PKG-EP-HOSP-001-DEPT-ICU-kpi_001-20260914,No-Action or Baseline Comparator,recurring_monitoring_cost,False,Missing,True,True
FIN-REQ-PKG-EP-HOSP-001-DEPT-ADM-kpi_001-20260108-1,PKG-EP-HOSP-001-DEPT-ICU-kpi_001-20260922,No-Action or Baseline Comparator,implementation_cost,False,Missing,True,True
FIN-REQ-PKG-EP-HOSP-001-DEPT-ADM-kpi_001-20260108-2,PKG-EP-HOSP-001-DEPT-ICU-kpi_001-20260922,No-Action or Baseline Comparator,recurring_monitoring_cost,False,Missing,True,True
FIN-REQ-PKG-EP-HOSP-001-DEPT-ADM-kpi_001-20260108-1,PKG-EP-HOSP-001-DEPT-ICU-kpi_001-20261130,No-Action or Baseline Comparator,implementation_cost,False,Missing,True,True
FIN-REQ-PKG-EP-HOSP-001-DEPT-ADM-kpi_001-20260108-2,PKG-EP-HOSP-001-DEPT-ICU-kpi_001-20261130,No-Action or Baseline Comparator,recurring_monitoring_cost,False,Missing,True,True
FIN-REQ-PKG-EP-HOSP-001-DEPT-ADM-kpi_001-20260108-1,PKG-EP-HOSP-001-DEPT-ICU-kpi_002-20260109,No-Action or Baseline Comparator,implementation_cost,False,Missing,True,True
FIN-REQ-PKG-EP-HOSP-001-DEPT-ADM-kpi_001-20260108-2,PKG-EP-HOSP-001-DEPT-ICU-kpi_002-20260109,No-Action or Baseline Comparator,recurring_monitoring_cost,False,Missing,True,True
FIN-REQ-PKG-EP-HOSP-001-DEPT-ADM-kpi_001-20260108-1,PKG-EP-HOSP-001-DEPT-ICU-kpi_002-20260126,No-Action or Baseline Comparator,implementation_cost,False,Missing,True,True
FIN-REQ-PKG-EP-HOSP-001-DEPT-ADM-kpi_001-20260108-2,PKG-EP-HOSP-001-DEPT-ICU-kpi_002-20260126,No-Action or Baseline Comparator,recurring_monitoring_cost,False,Missing,True,True
FIN-REQ-PKG-EP-HOSP-001-DEPT-ADM-kpi_001-20260108-1,PKG-EP-HOSP-001-DEPT-ICU-kpi_002-20260219,No-Action or Baseline Comparator,implementation_cost,False,Missing,True,True
FIN-REQ-PKG-EP-HOSP-001-DEPT-ADM-kpi_001-20260108-2,PKG-EP-HOSP-001-DEPT-ICU-kpi_002-20260219,No-Action or Baseline Comparator,recurring_monitoring_cost,False,Missing,True,True
FIN-REQ-PKG-EP-HOSP-001-DEPT-ADM-kpi_001-20260108-1,PKG-EP-HOSP-001-DEPT-ICU-kpi_002-20260227,No-Action or Baseline Comparator,implementation_cost,False,Missing,True,True
FIN-REQ-PKG-EP-HOSP-001-DEPT-ADM-kpi_001-20260108-2,PKG-EP-HOSP-001-DEPT-ICU-kpi_002-20260227,No-Action or Baseline Comparator,recurring_monitoring_cost,False,Missing,True,True
FIN-REQ-PKG-EP-HOSP-001-DEPT-ADM-kpi_001-20260108-1,PKG-EP-HOSP-001-DEPT-ICU-kpi_002-20260305,No-Action or Baseline Comparator,implementation_cost,False,Missing,True,True
FIN-REQ-PKG-EP-HOSP-001-DEPT-ADM-kpi_001-20260108-2,PKG-EP-HOSP-001-DEPT-ICU-kpi_002-20260305,No-Action or Baseline Comparator,recurring_monitoring_cost,False,Missing,True,True
FIN-REQ-PKG-EP-HOSP-001-DEPT-ADM-kpi_001-20260108-1,PKG-EP-HOSP-001-DEPT-ICU-kpi_002-20260315,No-Action or Baseline Comparator,implementation_cost,False,Missing,True,True
FIN-REQ-PKG-EP-HOSP-001-DEPT-ADM-kpi_001-20260108-2,PKG-EP-HOSP-001-DEPT-ICU-kpi_002-20260315,No-Action or Baseline Comparator,recurring_monitoring_cost,False,Missing,True,True
FIN-REQ-PKG-EP-HOSP-001-DEPT-ADM-kpi_001-20260108-1,PKG-EP-HOSP-001-DEPT-ICU-kpi_002-20260406,No-Action or Baseline Comparator,implementation_cost,False,Missing,True,True
FIN-REQ-PKG-EP-HOSP-001-DEPT-ADM-kpi_001-20260108-2,PKG-EP-HOSP-001-DEPT-ICU-kpi_002-20260406,No-Action or Baseline Comparator,recurring_monitoring_cost,False,Missing,True,True
FIN-REQ-PKG-EP-HOSP-001-DEPT-ADM-kpi_001-20260108-1,PKG-EP-HOSP-001-DEPT-ICU-kpi_002-20260422,No-Action or Baseline Comparator,implementation_cost,False,Missing,True,True
FIN-REQ-PKG-EP-HOSP-001-DEPT-ADM-kpi_001-20260108-2,PKG-EP-HOSP-001-DEPT-ICU-kpi_002-20260422,No-Action or Baseline Comparator,recurring_monitoring_cost,False,Missing,True,True
FIN-REQ-PKG-EP-HOSP-001-DEPT-ADM-kpi_001-20260108-1,PKG-EP-HOSP-001-DEPT-ICU-kpi_002-20260429,No-Action or Baseline Comparator,implementation_cost,False,Missing,True,True
FIN-REQ-PKG-EP-HOSP-001-DEPT-ADM-kpi_001-20260108-2,PKG-EP-HOSP-001-DEPT-ICU-kpi_002-20260429,No-Action or Baseline Comparator,recurring_monitoring_cost,False,Missing,True,True
FIN-REQ-PKG-EP-HOSP-001-DEPT-ADM-kpi_001-20260108-1,PKG-EP-HOSP-001-DEPT-ICU-kpi_002-20260522,No-Action or Baseline Comparator,implementation_cost,False,Missing,True,True
FIN-REQ-PKG-EP-HOSP-001-DEPT-ADM-kpi_001-20260108-2,PKG-EP-HOSP-001-DEPT-ICU-kpi_002-20260522,No-Action or Baseline Comparator,recurring_monitoring_cost,False,Missing,True,True
FIN-REQ-PKG-EP-HOSP-001-DEPT-ADM-kpi_001-20260108-1,PKG-EP-HOSP-001-DEPT-ICU-kpi_002-20260530,No-Action or Baseline Comparator,implementation_cost,False,Missing,True,True
FIN-REQ-PKG-EP-HOSP-001-DEPT-ADM-kpi_001-20260108-2,PKG-EP-HOSP-001-DEPT-ICU-kpi_002-20260530,No-Action or Baseline Comparator,recurring_monitoring_cost,False,Missing,True,True
FIN-REQ-PKG-EP-HOSP-001-DEPT-ADM-kpi_001-20260108-1,PKG-EP-HOSP-001-DEPT-ICU-kpi_002-20260615,No-Action or Baseline Comparator,implementation_cost,False,Missing,True,True
FIN-REQ-PKG-EP-HOSP-001-DEPT-ADM-kpi_001-20260108-2,PKG-EP-HOSP-001-DEPT-ICU-kpi_002-20260615,No-Action or Baseline Comparator,recurring_monitoring_cost,False,Missing,True,True
FIN-REQ-PKG-EP-HOSP-001-DEPT-ADM-kpi_001-20260108-1,PKG-EP-HOSP-001-DEPT-ICU-kpi_002-20260630,No-Action or Baseline Comparator,implementation_cost,False,Missing,True,True
FIN-REQ-PKG-EP-HOSP-001-DEPT-ADM-kpi_001-20260108-2,PKG-EP-HOSP-001-DEPT-ICU-kpi_002-20260630,No-Action or Baseline Comparator,recurring_monitoring_cost,False,Missing,True,True
FIN-REQ-PKG-EP-HOSP-001-DEPT-ADM-kpi_001-20260108-1,PKG-EP-HOSP-001-DEPT-ICU-kpi_002-20260718,No-Action or Baseline Comparator,implementation_cost,False,Missing,True,True
FIN-REQ-PKG-EP-HOSP-001-DEPT-ADM-kpi_001-20260108-2,PKG-EP-HOSP-001-DEPT-ICU-kpi_002-20260718,No-Action or Baseline Comparator,recurring_monitoring_cost,False,Missing,True,True
FIN-REQ-PKG-EP-HOSP-001-DEPT-ADM-kpi_001-20260108-1,PKG-EP-HOSP-001-DEPT-ICU-kpi_002-20260818,No-Action or Baseline Comparator,implementation_cost,False,Missing,True,True
FIN-REQ-PKG-EP-HOSP-001-DEPT-ADM-kpi_001-20260108-2,PKG-EP-HOSP-001-DEPT-ICU-kpi_002-20260818,No-Action or Baseline Comparator,recurring_monitoring_cost,False,Missing,True,True
FIN-REQ-PKG-EP-HOSP-001-DEPT-ADM-kpi_001-20260108-1,PKG-EP-HOSP-001-DEPT-ICU-kpi_002-20260911,No-Action or Baseline Comparator,implementation_cost,False,Missing,True,True
FIN-REQ-PKG-EP-HOSP-001-DEPT-ADM-kpi_001-20260108-2,PKG-EP-HOSP-001-DEPT-ICU-kpi_002-20260911,No-Action or Baseline Comparator,recurring_monitoring_cost,False,Missing,True,True
FIN-REQ-PKG-EP-HOSP-001-DEPT-ADM-kpi_001-20260108-1,PKG-EP-HOSP-001-DEPT-ICU-kpi_002-20261014,No-Action or Baseline Comparator,implementation_cost,False,Missing,True,True
FIN-REQ-PKG-EP-HOSP-001-DEPT-ADM-kpi_001-20260108-2,PKG-EP-HOSP-001-DEPT-ICU-kpi_002-20261014,No-Action or Baseline Comparator,recurring_monitoring_cost,False,Missing,True,True
FIN-REQ-PKG-EP-HOSP-001-DEPT-ADM-kpi_001-20260108-1,PKG-EP-HOSP-001-DEPT-ICU-kpi_002-20261019,No-Action or Baseline Comparator,implementation_cost,False,Missing,True,True
FIN-REQ-PKG-EP-HOSP-001-DEPT-ADM-kpi_001-20260108-2,PKG-EP-HOSP-001-DEPT-ICU-kpi_002-20261019,No-Action or Baseline Comparator,recurring_monitoring_cost,False,Missing,True,True
FIN-REQ-PKG-EP-HOSP-001-DEPT-ADM-kpi_001-20260108-1,PKG-EP-HOSP-001-DEPT-ICU-kpi_002-20261026,No-Action or Baseline Comparator,implementation_cost,False,Missing,True,True
FIN-REQ-PKG-EP-HOSP-001-DEPT-ADM-kpi_001-20260108-2,PKG-EP-HOSP-001-DEPT-ICU-kpi_002-20261026,No-Action or Baseline Comparator,recurring_monitoring_cost,False,Missing,True,True
FIN-REQ-PKG-EP-HOSP-001-DEPT-ADM-kpi_001-20260108-1,PKG-EP-HOSP-001-DEPT-ICU-kpi_002-20261118,No-Action or Baseline Comparator,implementation_cost,False,Missing,True,True
FIN-REQ-PKG-EP-HOSP-001-DEPT-ADM-kpi_001-20260108-2,PKG-EP-HOSP-001-DEPT-ICU-kpi_002-20261118,No-Action or Baseline Comparator,recurring_monitoring_cost,False,Missing,True,True
FIN-REQ-PKG-EP-HOSP-001-DEPT-ADM-kpi_001-20260108-1,PKG-EP-HOSP-001-DEPT-ICU-kpi_002-20261129,No-Action or Baseline Comparator,implementation_cost,False,Missing,True,True
FIN-REQ-PKG-EP-HOSP-001-DEPT-ADM-kpi_001-20260108-2,PKG-EP-HOSP-001-DEPT-ICU-kpi_002-20261129,No-Action or Baseline Comparator,recurring_monitoring_cost,False,Missing,True,True
FIN-REQ-PKG-EP-HOSP-001-DEPT-ADM-kpi_001-20260108-1,PKG-EP-HOSP-001-DEPT-ICU-kpi_002-20261207,No-Action or Baseline Comparator,implementation_cost,False,Missing,True,True
FIN-REQ-PKG-EP-HOSP-001-DEPT-ADM-kpi_001-20260108-2,PKG-EP-HOSP-001-DEPT-ICU-kpi_002-20261207,No-Action or Baseline Comparator,recurring_monitoring_cost,False,Missing,True,True
FIN-REQ-PKG-EP-HOSP-001-DEPT-ADM-kpi_001-20260108-1,PKG-EP-HOSP-001-DEPT-ICU-kpi_002-20261213,No-Action or Baseline Comparator,implementation_cost,False,Missing,True,True
FIN-REQ-PKG-EP-HOSP-001-DEPT-ADM-kpi_001-20260108-2,PKG-EP-HOSP-001-DEPT-ICU-kpi_002-20261213,No-Action or Baseline Comparator,recurring_monitoring_cost,False,Missing,True,True
FIN-REQ-PKG-EP-HOSP-001-DEPT-ADM-kpi_001-20260108-1,PKG-EP-HOSP-001-DEPT-ICU-kpi_002-20261217,No-Action or Baseline Comparator,implementation_cost,False,Missing,True,True
FIN-REQ-PKG-EP-HOSP-001-DEPT-ADM-kpi_001-20260108-2,PKG-EP-HOSP-001-DEPT-ICU-kpi_002-20261217,No-Action or Baseline Comparator,recurring_monitoring_cost,False,Missing,True,True
FIN-REQ-PKG-EP-HOSP-001-DEPT-ADM-kpi_001-20260108-1,PKG-EP-HOSP-001-DEPT-ICU-kpi_002-20261231,No-Action or Baseline Comparator,implementation_cost,False,Missing,True,True
FIN-REQ-PKG-EP-HOSP-001-DEPT-ADM-kpi_001-20260108-2,PKG-EP-HOSP-001-DEPT-ICU-kpi_002-20261231,No-Action or Baseline Comparator,recurring_monitoring_cost,False,Missing,True,True
FIN-REQ-PKG-EP-HOSP-001-DEPT-ADM-kpi_001-20260108-1,PKG-EP-HOSP-001-DEPT-MED-kpi_001-20260116,No-Action or Baseline Comparator,implementation_cost,False,Missing,True,True
FIN-REQ-PKG-EP-HOSP-001-DEPT-ADM-kpi_001-20260108-2,PKG-EP-HOSP-001-DEPT-MED-kpi_001-20260116,No-Action or Baseline Comparator,recurring_monitoring_cost,False,Missing,True,True
FIN-REQ-PKG-EP-HOSP-001-DEPT-ADM-kpi_001-20260108-1,PKG-EP-HOSP-001-DEPT-MED-kpi_001-20260208,No-Action or Baseline Comparator,implementation_cost,False,Missing,True,True
FIN-REQ-PKG-EP-HOSP-001-DEPT-ADM-kpi_001-20260108-2,PKG-EP-HOSP-001-DEPT-MED-kpi_001-20260208,No-Action or Baseline Comparator,recurring_monitoring_cost,False,Missing,True,True
FIN-REQ-PKG-EP-HOSP-001-DEPT-ADM-kpi_001-20260108-1,PKG-EP-HOSP-001-DEPT-MED-kpi_001-20260330,No-Action or Baseline Comparator,implementation_cost,False,Missing,True,True
FIN-REQ-PKG-EP-HOSP-001-DEPT-ADM-kpi_001-20260108-2,PKG-EP-HOSP-001-DEPT-MED-kpi_001-20260330,No-Action or Baseline Comparator,recurring_monitoring_cost,False,Missing,True,True
FIN-REQ-PKG-EP-HOSP-001-DEPT-ADM-kpi_001-20260108-1,PKG-EP-HOSP-001-DEPT-MED-kpi_001-20260408,No-Action or Baseline Comparator,implementation_cost,False,Missing,True,True
FIN-REQ-PKG-EP-HOSP-001-DEPT-ADM-kpi_001-20260108-2,PKG-EP-HOSP-001-DEPT-MED-kpi_001-20260408,No-Action or Baseline Comparator,recurring_monitoring_cost,False,Missing,True,True
FIN-REQ-PKG-EP-HOSP-001-DEPT-ADM-kpi_001-20260108-1,PKG-EP-HOSP-001-DEPT-MED-kpi_001-20260421,No-Action or Baseline Comparator,implementation_cost,False,Missing,True,True
FIN-REQ-PKG-EP-HOSP-001-DEPT-ADM-kpi_001-20260108-2,PKG-EP-HOSP-001-DEPT-MED-kpi_001-20260421,No-Action or Baseline Comparator,recurring_monitoring_cost,False,Missing,True,True
FIN-REQ-PKG-EP-HOSP-001-DEPT-ADM-kpi_001-20260108-1,PKG-EP-HOSP-001-DEPT-MED-kpi_001-20260502,No-Action or Baseline Comparator,implementation_cost,False,Missing,True,True
FIN-REQ-PKG-EP-HOSP-001-DEPT-ADM-kpi_001-20260108-2,PKG-EP-HOSP-001-DEPT-MED-kpi_001-20260502,No-Action or Baseline Comparator,recurring_monitoring_cost,False,Missing,True,True
FIN-REQ-PKG-EP-HOSP-001-DEPT-ADM-kpi_001-20260108-1,PKG-EP-HOSP-001-DEPT-MED-kpi_001-20260605,No-Action or Baseline Comparator,implementation_cost,False,Missing,True,True
FIN-REQ-PKG-EP-HOSP-001-DEPT-ADM-kpi_001-20260108-2,PKG-EP-HOSP-001-DEPT-MED-kpi_001-20260605,No-Action or Baseline Comparator,recurring_monitoring_cost,False,Missing,True,True
FIN-REQ-PKG-EP-HOSP-001-DEPT-ADM-kpi_001-20260108-1,PKG-EP-HOSP-001-DEPT-MED-kpi_001-20260616,No-Action or Baseline Comparator,implementation_cost,False,Missing,True,True
FIN-REQ-PKG-EP-HOSP-001-DEPT-ADM-kpi_001-20260108-2,PKG-EP-HOSP-001-DEPT-MED-kpi_001-20260616,No-Action or Baseline Comparator,recurring_monitoring_cost,False,Missing,True,True
FIN-REQ-PKG-EP-HOSP-001-DEPT-ADM-kpi_001-20260108-1,PKG-EP-HOSP-001-DEPT-MED-kpi_001-20260717,No-Action or Baseline Comparator,implementation_cost,False,Missing,True,True
FIN-REQ-PKG-EP-HOSP-001-DEPT-ADM-kpi_001-20260108-2,PKG-EP-HOSP-001-DEPT-MED-kpi_001-20260717,No-Action or Baseline Comparator,recurring_monitoring_cost,False,Missing,True,True
FIN-REQ-PKG-EP-HOSP-001-DEPT-ADM-kpi_001-20260108-1,PKG-EP-HOSP-001-DEPT-MED-kpi_001-20260723,No-Action or Baseline Comparator,implementation_cost,False,Missing,True,True
FIN-REQ-PKG-EP-HOSP-001-DEPT-ADM-kpi_001-20260108-2,PKG-EP-HOSP-001-DEPT-MED-kpi_001-20260723,No-Action or Baseline Comparator,recurring_monitoring_cost,False,Missing,True,True
FIN-REQ-PKG-EP-HOSP-001-DEPT-ADM-kpi_001-20260108-1,PKG-EP-HOSP-001-DEPT-MED-kpi_001-20260728,No-Action or Baseline Comparator,implementation_cost,False,Missing,True,True
FIN-REQ-PKG-EP-HOSP-001-DEPT-ADM-kpi_001-20260108-2,PKG-EP-HOSP-001-DEPT-MED-kpi_001-20260728,No-Action or Baseline Comparator,recurring_monitoring_cost,False,Missing,True,True
FIN-REQ-PKG-EP-HOSP-001-DEPT-ADM-kpi_001-20260108-1,PKG-EP-HOSP-001-DEPT-MED-kpi_001-20260916,No-Action or Baseline Comparator,implementation_cost,False,Missing,True,True
FIN-REQ-PKG-EP-HOSP-001-DEPT-ADM-kpi_001-20260108-2,PKG-EP-HOSP-001-DEPT-MED-kpi_001-20260916,No-Action or Baseline Comparator,recurring_monitoring_cost,False,Missing,True,True
FIN-REQ-PKG-EP-HOSP-001-DEPT-ADM-kpi_001-20260108-1,PKG-EP-HOSP-001-DEPT-MED-kpi_001-20261008,No-Action or Baseline Comparator,implementation_cost,False,Missing,True,True
FIN-REQ-PKG-EP-HOSP-001-DEPT-ADM-kpi_001-20260108-2,PKG-EP-HOSP-001-DEPT-MED-kpi_001-20261008,No-Action or Baseline Comparator,recurring_monitoring_cost,False,Missing,True,True
FIN-REQ-PKG-EP-HOSP-001-DEPT-ADM-kpi_001-20260108-1,PKG-EP-HOSP-001-DEPT-MED-kpi_001-20261102,No-Action or Baseline Comparator,implementation_cost,False,Missing,True,True
FIN-REQ-PKG-EP-HOSP-001-DEPT-ADM-kpi_001-20260108-2,PKG-EP-HOSP-001-DEPT-MED-kpi_001-20261102,No-Action or Baseline Comparator,recurring_monitoring_cost,False,Missing,True,True
FIN-REQ-PKG-EP-HOSP-001-DEPT-ADM-kpi_001-20260108-1,PKG-EP-HOSP-001-DEPT-MED-kpi_001-20261107,No-Action or Baseline Comparator,implementation_cost,False,Missing,True,True
FIN-REQ-PKG-EP-HOSP-001-DEPT-ADM-kpi_001-20260108-2,PKG-EP-HOSP-001-DEPT-MED-kpi_001-20261107,No-Action or Baseline Comparator,recurring_monitoring_cost,False,Missing,True,True
FIN-REQ-PKG-EP-HOSP-001-DEPT-ADM-kpi_001-20260108-1,PKG-EP-HOSP-001-DEPT-MED-kpi_001-20261219,No-Action or Baseline Comparator,implementation_cost,False,Missing,True,True
FIN-REQ-PKG-EP-HOSP-001-DEPT-ADM-kpi_001-20260108-2,PKG-EP-HOSP-001-DEPT-MED-kpi_001-20261219,No-Action or Baseline Comparator,recurring_monitoring_cost,False,Missing,True,True
FIN-REQ-PKG-EP-HOSP-001-DEPT-ADM-kpi_001-20260108-1,PKG-EP-HOSP-001-DEPT-MED-kpi_001-20261228,No-Action or Baseline Comparator,implementation_cost,False,Missing,True,True
FIN-REQ-PKG-EP-HOSP-001-DEPT-ADM-kpi_001-20260108-2,PKG-EP-HOSP-001-DEPT-MED-kpi_001-20261228,No-Action or Baseline Comparator,recurring_monitoring_cost,False,Missing,True,True
FIN-REQ-PKG-EP-HOSP-001-DEPT-ADM-kpi_001-20260108-1,PKG-EP-HOSP-001-DEPT-MED-kpi_002-20260128,No-Action or Baseline Comparator,implementation_cost,False,Missing,True,True
FIN-REQ-PKG-EP-HOSP-001-DEPT-ADM-kpi_001-20260108-2,PKG-EP-HOSP-001-DEPT-MED-kpi_002-20260128,No-Action or Baseline Comparator,recurring_monitoring_cost,False,Missing,True,True
FIN-REQ-PKG-EP-HOSP-001-DEPT-ADM-kpi_001-20260108-1,PKG-EP-HOSP-001-DEPT-MED-kpi_002-20260209,No-Action or Baseline Comparator,implementation_cost,False,Missing,True,True
FIN-REQ-PKG-EP-HOSP-001-DEPT-ADM-kpi_001-20260108-2,PKG-EP-HOSP-001-DEPT-MED-kpi_002-20260209,No-Action or Baseline Comparator,recurring_monitoring_cost,False,Missing,True,True
FIN-REQ-PKG-EP-HOSP-001-DEPT-ADM-kpi_001-20260108-1,PKG-EP-HOSP-001-DEPT-MED-kpi_002-20260222,No-Action or Baseline Comparator,implementation_cost,False,Missing,True,True
FIN-REQ-PKG-EP-HOSP-001-DEPT-ADM-kpi_001-20260108-2,PKG-EP-HOSP-001-DEPT-MED-kpi_002-20260222,No-Action or Baseline Comparator,recurring_monitoring_cost,False,Missing,True,True
FIN-REQ-PKG-EP-HOSP-001-DEPT-ADM-kpi_001-20260108-1,PKG-EP-HOSP-001-DEPT-MED-kpi_002-20260322,No-Action or Baseline Comparator,implementation_cost,False,Missing,True,True
FIN-REQ-PKG-EP-HOSP-001-DEPT-ADM-kpi_001-20260108-2,PKG-EP-HOSP-001-DEPT-MED-kpi_002-20260322,No-Action or Baseline Comparator,recurring_monitoring_cost,False,Missing,True,True
FIN-REQ-PKG-EP-HOSP-001-DEPT-ADM-kpi_001-20260108-1,PKG-EP-HOSP-001-DEPT-MED-kpi_002-20260403,No-Action or Baseline Comparator,implementation_cost,False,Missing,True,True
FIN-REQ-PKG-EP-HOSP-001-DEPT-ADM-kpi_001-20260108-2,PKG-EP-HOSP-001-DEPT-MED-kpi_002-20260403,No-Action or Baseline Comparator,recurring_monitoring_cost,False,Missing,True,True
FIN-REQ-PKG-EP-HOSP-001-DEPT-ADM-kpi_001-20260108-1,PKG-EP-HOSP-001-DEPT-MED-kpi_002-20260411,No-Action or Baseline Comparator,implementation_cost,False,Missing,True,True
FIN-REQ-PKG-EP-HOSP-001-DEPT-ADM-kpi_001-20260108-2,PKG-EP-HOSP-001-DEPT-MED-kpi_002-20260411,No-Action or Baseline Comparator,recurring_monitoring_cost,False,Missing,True,True
FIN-REQ-PKG-EP-HOSP-001-DEPT-ADM-kpi_001-20260108-1,PKG-EP-HOSP-001-DEPT-MED-kpi_002-20260505,No-Action or Baseline Comparator,implementation_cost,False,Missing,True,True
FIN-REQ-PKG-EP-HOSP-001-DEPT-ADM-kpi_001-20260108-2,PKG-EP-HOSP-001-DEPT-MED-kpi_002-20260505,No-Action or Baseline Comparator,recurring_monitoring_cost,False,Missing,True,True
FIN-REQ-PKG-EP-HOSP-001-DEPT-ADM-kpi_001-20260108-1,PKG-EP-HOSP-001-DEPT-MED-kpi_002-20260601,No-Action or Baseline Comparator,implementation_cost,False,Missing,True,True
FIN-REQ-PKG-EP-HOSP-001-DEPT-ADM-kpi_001-20260108-2,PKG-EP-HOSP-001-DEPT-MED-kpi_002-20260601,No-Action or Baseline Comparator,recurring_monitoring_cost,False,Missing,True,True
FIN-REQ-PKG-EP-HOSP-001-DEPT-ADM-kpi_001-20260108-1,PKG-EP-HOSP-001-DEPT-MED-kpi_002-20260608,No-Action or Baseline Comparator,implementation_cost,False,Missing,True,True
FIN-REQ-PKG-EP-HOSP-001-DEPT-ADM-kpi_001-20260108-2,PKG-EP-HOSP-001-DEPT-MED-kpi_002-20260608,No-Action or Baseline Comparator,recurring_monitoring_cost,False,Missing,True,True
FIN-REQ-PKG-EP-HOSP-001-DEPT-ADM-kpi_001-20260108-1,PKG-EP-HOSP-001-DEPT-MED-kpi_002-20260617,No-Action or Baseline Comparator,implementation_cost,False,Missing,True,True
FIN-REQ-PKG-EP-HOSP-001-DEPT-ADM-kpi_001-20260108-2,PKG-EP-HOSP-001-DEPT-MED-kpi_002-20260617,No-Action or Baseline Comparator,recurring_monitoring_cost,False,Missing,True,True
FIN-REQ-PKG-EP-HOSP-001-DEPT-ADM-kpi_001-20260108-1,PKG-EP-HOSP-001-DEPT-MED-kpi_002-20260624,No-Action or Baseline Comparator,implementation_cost,False,Missing,True,True
FIN-REQ-PKG-EP-HOSP-001-DEPT-ADM-kpi_001-20260108-2,PKG-EP-HOSP-001-DEPT-MED-kpi_002-20260624,No-Action or Baseline Comparator,recurring_monitoring_cost,False,Missing,True,True
FIN-REQ-PKG-EP-HOSP-001-DEPT-ADM-kpi_001-20260108-1,PKG-EP-HOSP-001-DEPT-MED-kpi_002-20260701,No-Action or Baseline Comparator,implementation_cost,False,Missing,True,True
FIN-REQ-PKG-EP-HOSP-001-DEPT-ADM-kpi_001-20260108-2,PKG-EP-HOSP-001-DEPT-MED-kpi_002-20260701,No-Action or Baseline Comparator,recurring_monitoring_cost,False,Missing,True,True
FIN-REQ-PKG-EP-HOSP-001-DEPT-ADM-kpi_001-20260108-1,PKG-EP-HOSP-001-DEPT-MED-kpi_002-20260709,No-Action or Baseline Comparator,implementation_cost,False,Missing,True,True
FIN-REQ-PKG-EP-HOSP-001-DEPT-ADM-kpi_001-20260108-2,PKG-EP-HOSP-001-DEPT-MED-kpi_002-20260709,No-Action or Baseline Comparator,recurring_monitoring_cost,False,Missing,True,True
FIN-REQ-PKG-EP-HOSP-001-DEPT-ADM-kpi_001-20260108-1,PKG-EP-HOSP-001-DEPT-MED-kpi_002-20260802,No-Action or Baseline Comparator,implementation_cost,False,Missing,True,True
FIN-REQ-PKG-EP-HOSP-001-DEPT-ADM-kpi_001-20260108-2,PKG-EP-HOSP-001-DEPT-MED-kpi_002-20260802,No-Action or Baseline Comparator,recurring_monitoring_cost,False,Missing,True,True
FIN-REQ-PKG-EP-HOSP-001-DEPT-ADM-kpi_001-20260108-1,PKG-EP-HOSP-001-DEPT-MED-kpi_002-20261111,No-Action or Baseline Comparator,implementation_cost,False,Missing,True,True
FIN-REQ-PKG-EP-HOSP-001-DEPT-ADM-kpi_001-20260108-2,PKG-EP-HOSP-001-DEPT-MED-kpi_002-20261111,No-Action or Baseline Comparator,recurring_monitoring_cost,False,Missing,True,True
FIN-REQ-PKG-EP-HOSP-001-DEPT-ADM-kpi_001-20260108-1,PKG-EP-HOSP-001-DEPT-OPC-kpi_001-20260107,No-Action or Baseline Comparator,implementation_cost,False,Missing,True,True
FIN-REQ-PKG-EP-HOSP-001-DEPT-ADM-kpi_001-20260108-2,PKG-EP-HOSP-001-DEPT-OPC-kpi_001-20260107,No-Action or Baseline Comparator,recurring_monitoring_cost,False,Missing,True,True
FIN-REQ-PKG-EP-HOSP-001-DEPT-ADM-kpi_001-20260108-1,PKG-EP-HOSP-001-DEPT-OPC-kpi_001-20260314,No-Action or Baseline Comparator,implementation_cost,False,Missing,True,True
FIN-REQ-PKG-EP-HOSP-001-DEPT-ADM-kpi_001-20260108-2,PKG-EP-HOSP-001-DEPT-OPC-kpi_001-20260314,No-Action or Baseline Comparator,recurring_monitoring_cost,False,Missing,True,True
FIN-REQ-PKG-EP-HOSP-001-DEPT-ADM-kpi_001-20260108-1,PKG-EP-HOSP-001-DEPT-OPC-kpi_001-20260331,No-Action or Baseline Comparator,implementation_cost,False,Missing,True,True
FIN-REQ-PKG-EP-HOSP-001-DEPT-ADM-kpi_001-20260108-2,PKG-EP-HOSP-001-DEPT-OPC-kpi_001-20260331,No-Action or Baseline Comparator,recurring_monitoring_cost,False,Missing,True,True
FIN-REQ-PKG-EP-HOSP-001-DEPT-ADM-kpi_001-20260108-1,PKG-EP-HOSP-001-DEPT-OPC-kpi_001-20260423,No-Action or Baseline Comparator,implementation_cost,False,Missing,True,True
FIN-REQ-PKG-EP-HOSP-001-DEPT-ADM-kpi_001-20260108-2,PKG-EP-HOSP-001-DEPT-OPC-kpi_001-20260423,No-Action or Baseline Comparator,recurring_monitoring_cost,False,Missing,True,True
FIN-REQ-PKG-EP-HOSP-001-DEPT-ADM-kpi_001-20260108-1,PKG-EP-HOSP-001-DEPT-OPC-kpi_001-20260517,No-Action or Baseline Comparator,implementation_cost,False,Missing,True,True
FIN-REQ-PKG-EP-HOSP-001-DEPT-ADM-kpi_001-20260108-2,PKG-EP-HOSP-001-DEPT-OPC-kpi_001-20260517,No-Action or Baseline Comparator,recurring_monitoring_cost,False,Missing,True,True
FIN-REQ-PKG-EP-HOSP-001-DEPT-ADM-kpi_001-20260108-1,PKG-EP-HOSP-001-DEPT-OPC-kpi_001-20260530,No-Action or Baseline Comparator,implementation_cost,False,Missing,True,True
FIN-REQ-PKG-EP-HOSP-001-DEPT-ADM-kpi_001-20260108-2,PKG-EP-HOSP-001-DEPT-OPC-kpi_001-20260530,No-Action or Baseline Comparator,recurring_monitoring_cost,False,Missing,True,True
FIN-REQ-PKG-EP-HOSP-001-DEPT-ADM-kpi_001-20260108-1,PKG-EP-HOSP-001-DEPT-OPC-kpi_001-20260616,No-Action or Baseline Comparator,implementation_cost,False,Missing,True,True
FIN-REQ-PKG-EP-HOSP-001-DEPT-ADM-kpi_001-20260108-2,PKG-EP-HOSP-001-DEPT-OPC-kpi_001-20260616,No-Action or Baseline Comparator,recurring_monitoring_cost,False,Missing,True,True
FIN-REQ-PKG-EP-HOSP-001-DEPT-ADM-kpi_001-20260108-1,PKG-EP-HOSP-001-DEPT-OPC-kpi_001-20260622,No-Action or Baseline Comparator,implementation_cost,False,Missing,True,True
FIN-REQ-PKG-EP-HOSP-001-DEPT-ADM-kpi_001-20260108-2,PKG-EP-HOSP-001-DEPT-OPC-kpi_001-20260622,No-Action or Baseline Comparator,recurring_monitoring_cost,False,Missing,True,True
FIN-REQ-PKG-EP-HOSP-001-DEPT-ADM-kpi_001-20260108-1,PKG-EP-HOSP-001-DEPT-OPC-kpi_001-20260706,No-Action or Baseline Comparator,implementation_cost,False,Missing,True,True
FIN-REQ-PKG-EP-HOSP-001-DEPT-ADM-kpi_001-20260108-2,PKG-EP-HOSP-001-DEPT-OPC-kpi_001-20260706,No-Action or Baseline Comparator,recurring_monitoring_cost,False,Missing,True,True
FIN-REQ-PKG-EP-HOSP-001-DEPT-ADM-kpi_001-20260108-1,PKG-EP-HOSP-001-DEPT-OPC-kpi_001-20260815,No-Action or Baseline Comparator,implementation_cost,False,Missing,True,True
FIN-REQ-PKG-EP-HOSP-001-DEPT-ADM-kpi_001-20260108-2,PKG-EP-HOSP-001-DEPT-OPC-kpi_001-20260815,No-Action or Baseline Comparator,recurring_monitoring_cost,False,Missing,True,True
FIN-REQ-PKG-EP-HOSP-001-DEPT-ADM-kpi_001-20260108-1,PKG-EP-HOSP-001-DEPT-OPC-kpi_001-20260929,No-Action or Baseline Comparator,implementation_cost,False,Missing,True,True
FIN-REQ-PKG-EP-HOSP-001-DEPT-ADM-kpi_001-20260108-2,PKG-EP-HOSP-001-DEPT-OPC-kpi_001-20260929,No-Action or Baseline Comparator,recurring_monitoring_cost,False,Missing,True,True
FIN-REQ-PKG-EP-HOSP-001-DEPT-ADM-kpi_001-20260108-1,PKG-EP-HOSP-001-DEPT-OPC-kpi_001-20261017,No-Action or Baseline Comparator,implementation_cost,False,Missing,True,True
FIN-REQ-PKG-EP-HOSP-001-DEPT-ADM-kpi_001-20260108-2,PKG-EP-HOSP-001-DEPT-OPC-kpi_001-20261017,No-Action or Baseline Comparator,recurring_monitoring_cost,False,Missing,True,True
FIN-REQ-PKG-EP-HOSP-001-DEPT-ADM-kpi_001-20260108-1,PKG-EP-HOSP-001-DEPT-OPC-kpi_001-20261110,No-Action or Baseline Comparator,implementation_cost,False,Missing,True,True
FIN-REQ-PKG-EP-HOSP-001-DEPT-ADM-kpi_001-20260108-2,PKG-EP-HOSP-001-DEPT-OPC-kpi_001-20261110,No-Action or Baseline Comparator,recurring_monitoring_cost,False,Missing,True,True
FIN-REQ-PKG-EP-HOSP-001-DEPT-ADM-kpi_001-20260108-1,PKG-EP-HOSP-001-DEPT-OPC-kpi_001-20261128,No-Action or Baseline Comparator,implementation_cost,False,Missing,True,True
FIN-REQ-PKG-EP-HOSP-001-DEPT-ADM-kpi_001-20260108-2,PKG-EP-HOSP-001-DEPT-OPC-kpi_001-20261128,No-Action or Baseline Comparator,recurring_monitoring_cost,False,Missing,True,True
FIN-REQ-PKG-EP-HOSP-001-DEPT-ADM-kpi_001-20260108-1,PKG-EP-HOSP-001-DEPT-OPC-kpi_001-20261203,No-Action or Baseline Comparator,implementation_cost,False,Missing,True,True
FIN-REQ-PKG-EP-HOSP-001-DEPT-ADM-kpi_001-20260108-2,PKG-EP-HOSP-001-DEPT-OPC-kpi_001-20261203,No-Action or Baseline Comparator,recurring_monitoring_cost,False,Missing,True,True
FIN-REQ-PKG-EP-HOSP-001-DEPT-ADM-kpi_001-20260108-1,PKG-EP-HOSP-001-DEPT-OPC-kpi_001-20261209,No-Action or Baseline Comparator,implementation_cost,False,Missing,True,True
FIN-REQ-PKG-EP-HOSP-001-DEPT-ADM-kpi_001-20260108-2,PKG-EP-HOSP-001-DEPT-OPC-kpi_001-20261209,No-Action or Baseline Comparator,recurring_monitoring_cost,False,Missing,True,True
FIN-REQ-PKG-EP-HOSP-001-DEPT-ADM-kpi_001-20260108-1,PKG-EP-HOSP-001-DEPT-OPC-kpi_001-20261219,No-Action or Baseline Comparator,implementation_cost,False,Missing,True,True
FIN-REQ-PKG-EP-HOSP-001-DEPT-ADM-kpi_001-20260108-2,PKG-EP-HOSP-001-DEPT-OPC-kpi_001-20261219,No-Action or Baseline Comparator,recurring_monitoring_cost,False,Missing,True,True
FIN-REQ-PKG-EP-HOSP-001-DEPT-ADM-kpi_001-20260108-1,PKG-EP-HOSP-001-DEPT-OPC-kpi_001-20261223,No-Action or Baseline Comparator,implementation_cost,False,Missing,True,True
FIN-REQ-PKG-EP-HOSP-001-DEPT-ADM-kpi_001-20260108-2,PKG-EP-HOSP-001-DEPT-OPC-kpi_001-20261223,No-Action or Baseline Comparator,recurring_monitoring_cost,False,Missing,True,True
FIN-REQ-PKG-EP-HOSP-001-DEPT-ADM-kpi_001-20260108-1,PKG-EP-HOSP-001-DEPT-OPC-kpi_002-20260118,No-Action or Baseline Comparator,implementation_cost,False,Missing,True,True
FIN-REQ-PKG-EP-HOSP-001-DEPT-ADM-kpi_001-20260108-2,PKG-EP-HOSP-001-DEPT-OPC-kpi_002-20260118,No-Action or Baseline Comparator,recurring_monitoring_cost,False,Missing,True,True
FIN-REQ-PKG-EP-HOSP-001-DEPT-ADM-kpi_001-20260108-1,PKG-EP-HOSP-001-DEPT-OPC-kpi_002-20260319,No-Action or Baseline Comparator,implementation_cost,False,Missing,True,True
FIN-REQ-PKG-EP-HOSP-001-DEPT-ADM-kpi_001-20260108-2,PKG-EP-HOSP-001-DEPT-OPC-kpi_002-20260319,No-Action or Baseline Comparator,recurring_monitoring_cost,False,Missing,True,True
FIN-REQ-PKG-EP-HOSP-001-DEPT-ADM-kpi_001-20260108-1,PKG-EP-HOSP-001-DEPT-OPC-kpi_002-20260404,No-Action or Baseline Comparator,implementation_cost,False,Missing,True,True
FIN-REQ-PKG-EP-HOSP-001-DEPT-ADM-kpi_001-20260108-2,PKG-EP-HOSP-001-DEPT-OPC-kpi_002-20260404,No-Action or Baseline Comparator,recurring_monitoring_cost,False,Missing,True,True
FIN-REQ-PKG-EP-HOSP-001-DEPT-ADM-kpi_001-20260108-1,PKG-EP-HOSP-001-DEPT-OPC-kpi_002-20260414,No-Action or Baseline Comparator,implementation_cost,False,Missing,True,True
FIN-REQ-PKG-EP-HOSP-001-DEPT-ADM-kpi_001-20260108-2,PKG-EP-HOSP-001-DEPT-OPC-kpi_002-20260414,No-Action or Baseline Comparator,recurring_monitoring_cost,False,Missing,True,True
FIN-REQ-PKG-EP-HOSP-001-DEPT-ADM-kpi_001-20260108-1,PKG-EP-HOSP-001-DEPT-OPC-kpi_002-20260421,No-Action or Baseline Comparator,implementation_cost,False,Missing,True,True
FIN-REQ-PKG-EP-HOSP-001-DEPT-ADM-kpi_001-20260108-2,PKG-EP-HOSP-001-DEPT-OPC-kpi_002-20260421,No-Action or Baseline Comparator,recurring_monitoring_cost,False,Missing,True,True
FIN-REQ-PKG-EP-HOSP-001-DEPT-ADM-kpi_001-20260108-1,PKG-EP-HOSP-001-DEPT-OPC-kpi_002-20260504,No-Action or Baseline Comparator,implementation_cost,False,Missing,True,True
FIN-REQ-PKG-EP-HOSP-001-DEPT-ADM-kpi_001-20260108-2,PKG-EP-HOSP-001-DEPT-OPC-kpi_002-20260504,No-Action or Baseline Comparator,recurring_monitoring_cost,False,Missing,True,True
FIN-REQ-PKG-EP-HOSP-001-DEPT-ADM-kpi_001-20260108-1,PKG-EP-HOSP-001-DEPT-OPC-kpi_002-20260704,No-Action or Baseline Comparator,implementation_cost,False,Missing,True,True
FIN-REQ-PKG-EP-HOSP-001-DEPT-ADM-kpi_001-20260108-2,PKG-EP-HOSP-001-DEPT-OPC-kpi_002-20260704,No-Action or Baseline Comparator,recurring_monitoring_cost,False,Missing,True,True
FIN-REQ-PKG-EP-HOSP-001-DEPT-ADM-kpi_001-20260108-1,PKG-EP-HOSP-001-DEPT-OPC-kpi_002-20260826,No-Action or Baseline Comparator,implementation_cost,False,Missing,True,True
FIN-REQ-PKG-EP-HOSP-001-DEPT-ADM-kpi_001-20260108-2,PKG-EP-HOSP-001-DEPT-OPC-kpi_002-20260826,No-Action or Baseline Comparator,recurring_monitoring_cost,False,Missing,True,True
FIN-REQ-PKG-EP-HOSP-001-DEPT-ADM-kpi_001-20260108-1,PKG-EP-HOSP-001-DEPT-OPC-kpi_002-20260926,No-Action or Baseline Comparator,implementation_cost,False,Missing,True,True
FIN-REQ-PKG-EP-HOSP-001-DEPT-ADM-kpi_001-20260108-2,PKG-EP-HOSP-001-DEPT-OPC-kpi_002-20260926,No-Action or Baseline Comparator,recurring_monitoring_cost,False,Missing,True,True
FIN-REQ-PKG-EP-HOSP-001-DEPT-ADM-kpi_001-20260108-1,PKG-EP-HOSP-001-DEPT-OPC-kpi_002-20261009,No-Action or Baseline Comparator,implementation_cost,False,Missing,True,True
FIN-REQ-PKG-EP-HOSP-001-DEPT-ADM-kpi_001-20260108-2,PKG-EP-HOSP-001-DEPT-OPC-kpi_002-20261009,No-Action or Baseline Comparator,recurring_monitoring_cost,False,Missing,True,True
FIN-REQ-PKG-EP-HOSP-001-DEPT-ADM-kpi_001-20260108-1,PKG-EP-HOSP-001-DEPT-OPC-kpi_002-20261030,No-Action or Baseline Comparator,implementation_cost,False,Missing,True,True
FIN-REQ-PKG-EP-HOSP-001-DEPT-ADM-kpi_001-20260108-2,PKG-EP-HOSP-001-DEPT-OPC-kpi_002-20261030,No-Action or Baseline Comparator,recurring_monitoring_cost,False,Missing,True,True
FIN-REQ-PKG-EP-HOSP-001-DEPT-ADM-kpi_001-20260108-1,PKG-EP-HOSP-001-DEPT-OPC-kpi_002-20261112,No-Action or Baseline Comparator,implementation_cost,False,Missing,True,True
FIN-REQ-PKG-EP-HOSP-001-DEPT-ADM-kpi_001-20260108-2,PKG-EP-HOSP-001-DEPT-OPC-kpi_002-20261112,No-Action or Baseline Comparator,recurring_monitoring_cost,False,Missing,True,True
FIN-REQ-PKG-EP-HOSP-001-DEPT-ADM-kpi_001-20260108-1,PKG-EP-HOSP-001-DEPT-OPC-kpi_002-20261121,No-Action or Baseline Comparator,implementation_cost,False,Missing,True,True
FIN-REQ-PKG-EP-HOSP-001-DEPT-ADM-kpi_001-20260108-2,PKG-EP-HOSP-001-DEPT-OPC-kpi_002-20261121,No-Action or Baseline Comparator,recurring_monitoring_cost,False,Missing,True,True
FIN-REQ-PKG-EP-HOSP-001-DEPT-ADM-kpi_001-20260108-1,PKG-EP-HOSP-001-DEPT-OPC-kpi_002-20261226,No-Action or Baseline Comparator,implementation_cost,False,Missing,True,True
FIN-REQ-PKG-EP-HOSP-001-DEPT-ADM-kpi_001-20260108-2,PKG-EP-HOSP-001-DEPT-OPC-kpi_002-20261226,No-Action or Baseline Comparator,recurring_monitoring_cost,False,Missing,True,True
FIN-REQ-PKG-EP-HOSP-001-DEPT-ADM-kpi_001-20260108-1,PKG-EP-HOSP-001-DEPT-OPC-kpi_004-20260402,No-Action or Baseline Comparator,implementation_cost,False,Missing,True,True
FIN-REQ-PKG-EP-HOSP-001-DEPT-ADM-kpi_001-20260108-2,PKG-EP-HOSP-001-DEPT-OPC-kpi_004-20260402,No-Action or Baseline Comparator,recurring_monitoring_cost,False,Missing,True,True
FIN-REQ-PKG-EP-HOSP-001-DEPT-ADM-kpi_001-20260108-1,PKG-EP-HOSP-001-DEPT-OPC-kpi_004-20260410,No-Action or Baseline Comparator,implementation_cost,False,Missing,True,True
FIN-REQ-PKG-EP-HOSP-001-DEPT-ADM-kpi_001-20260108-2,PKG-EP-HOSP-001-DEPT-OPC-kpi_004-20260410,No-Action or Baseline Comparator,recurring_monitoring_cost,False,Missing,True,True
FIN-REQ-PKG-EP-HOSP-001-DEPT-ADM-kpi_001-20260108-1,PKG-EP-HOSP-001-DEPT-OPC-kpi_004-20260509,No-Action or Baseline Comparator,implementation_cost,False,Missing,True,True
FIN-REQ-PKG-EP-HOSP-001-DEPT-ADM-kpi_001-20260108-2,PKG-EP-HOSP-001-DEPT-OPC-kpi_004-20260509,No-Action or Baseline Comparator,recurring_monitoring_cost,False,Missing,True,True
FIN-REQ-PKG-EP-HOSP-001-DEPT-ADM-kpi_001-20260108-1,PKG-EP-HOSP-001-DEPT-OPC-kpi_004-20260602,No-Action or Baseline Comparator,implementation_cost,False,Missing,True,True
FIN-REQ-PKG-EP-HOSP-001-DEPT-ADM-kpi_001-20260108-2,PKG-EP-HOSP-001-DEPT-OPC-kpi_004-20260602,No-Action or Baseline Comparator,recurring_monitoring_cost,False,Missing,True,True
FIN-REQ-PKG-EP-HOSP-001-DEPT-ADM-kpi_001-20260108-1,PKG-EP-HOSP-001-DEPT-OPC-kpi_004-20260619,No-Action or Baseline Comparator,implementation_cost,False,Missing,True,True
FIN-REQ-PKG-EP-HOSP-001-DEPT-ADM-kpi_001-20260108-2,PKG-EP-HOSP-001-DEPT-OPC-kpi_004-20260619,No-Action or Baseline Comparator,recurring_monitoring_cost,False,Missing,True,True
FIN-REQ-PKG-EP-HOSP-001-DEPT-ADM-kpi_001-20260108-1,PKG-EP-HOSP-001-DEPT-OPC-kpi_004-20260629,No-Action or Baseline Comparator,implementation_cost,False,Missing,True,True
FIN-REQ-PKG-EP-HOSP-001-DEPT-ADM-kpi_001-20260108-2,PKG-EP-HOSP-001-DEPT-OPC-kpi_004-20260629,No-Action or Baseline Comparator,recurring_monitoring_cost,False,Missing,True,True
FIN-REQ-PKG-EP-HOSP-001-DEPT-ADM-kpi_001-20260108-1,PKG-EP-HOSP-001-DEPT-OPC-kpi_004-20260709,No-Action or Baseline Comparator,implementation_cost,False,Missing,True,True
FIN-REQ-PKG-EP-HOSP-001-DEPT-ADM-kpi_001-20260108-2,PKG-EP-HOSP-001-DEPT-OPC-kpi_004-20260709,No-Action or Baseline Comparator,recurring_monitoring_cost,False,Missing,True,True
FIN-REQ-PKG-EP-HOSP-001-DEPT-ADM-kpi_001-20260108-1,PKG-EP-HOSP-001-DEPT-OPC-kpi_004-20260716,No-Action or Baseline Comparator,implementation_cost,False,Missing,True,True
FIN-REQ-PKG-EP-HOSP-001-DEPT-ADM-kpi_001-20260108-2,PKG-EP-HOSP-001-DEPT-OPC-kpi_004-20260716,No-Action or Baseline Comparator,recurring_monitoring_cost,False,Missing,True,True
FIN-REQ-PKG-EP-HOSP-001-DEPT-ADM-kpi_001-20260108-1,PKG-EP-HOSP-001-DEPT-OPC-kpi_004-20260721,No-Action or Baseline Comparator,implementation_cost,False,Missing,True,True
FIN-REQ-PKG-EP-HOSP-001-DEPT-ADM-kpi_001-20260108-2,PKG-EP-HOSP-001-DEPT-OPC-kpi_004-20260721,No-Action or Baseline Comparator,recurring_monitoring_cost,False,Missing,True,True
FIN-REQ-PKG-EP-HOSP-001-DEPT-ADM-kpi_001-20260108-1,PKG-EP-HOSP-001-DEPT-PEX-kpi_001-20260207,No-Action or Baseline Comparator,implementation_cost,False,Missing,True,True
FIN-REQ-PKG-EP-HOSP-001-DEPT-ADM-kpi_001-20260108-2,PKG-EP-HOSP-001-DEPT-PEX-kpi_001-20260207,No-Action or Baseline Comparator,recurring_monitoring_cost,False,Missing,True,True
FIN-REQ-PKG-EP-HOSP-001-DEPT-ADM-kpi_001-20260108-1,PKG-EP-HOSP-001-DEPT-PEX-kpi_001-20260326,No-Action or Baseline Comparator,implementation_cost,False,Missing,True,True
FIN-REQ-PKG-EP-HOSP-001-DEPT-ADM-kpi_001-20260108-2,PKG-EP-HOSP-001-DEPT-PEX-kpi_001-20260326,No-Action or Baseline Comparator,recurring_monitoring_cost,False,Missing,True,True
FIN-REQ-PKG-EP-HOSP-001-DEPT-ADM-kpi_001-20260108-1,PKG-EP-HOSP-001-DEPT-PEX-kpi_001-20260413,No-Action or Baseline Comparator,implementation_cost,False,Missing,True,True
FIN-REQ-PKG-EP-HOSP-001-DEPT-ADM-kpi_001-20260108-2,PKG-EP-HOSP-001-DEPT-PEX-kpi_001-20260413,No-Action or Baseline Comparator,recurring_monitoring_cost,False,Missing,True,True
FIN-REQ-PKG-EP-HOSP-001-DEPT-ADM-kpi_001-20260108-1,PKG-EP-HOSP-001-DEPT-PEX-kpi_001-20260421,No-Action or Baseline Comparator,implementation_cost,False,Missing,True,True
FIN-REQ-PKG-EP-HOSP-001-DEPT-ADM-kpi_001-20260108-2,PKG-EP-HOSP-001-DEPT-PEX-kpi_001-20260421,No-Action or Baseline Comparator,recurring_monitoring_cost,False,Missing,True,True
FIN-REQ-PKG-EP-HOSP-001-DEPT-ADM-kpi_001-20260108-1,PKG-EP-HOSP-001-DEPT-PEX-kpi_001-20260510,No-Action or Baseline Comparator,implementation_cost,False,Missing,True,True
FIN-REQ-PKG-EP-HOSP-001-DEPT-ADM-kpi_001-20260108-2,PKG-EP-HOSP-001-DEPT-PEX-kpi_001-20260510,No-Action or Baseline Comparator,recurring_monitoring_cost,False,Missing,True,True
FIN-REQ-PKG-EP-HOSP-001-DEPT-ADM-kpi_001-20260108-1,PKG-EP-HOSP-001-DEPT-PEX-kpi_001-20260521,No-Action or Baseline Comparator,implementation_cost,False,Missing,True,True
FIN-REQ-PKG-EP-HOSP-001-DEPT-ADM-kpi_001-20260108-2,PKG-EP-HOSP-001-DEPT-PEX-kpi_001-20260521,No-Action or Baseline Comparator,recurring_monitoring_cost,False,Missing,True,True
FIN-REQ-PKG-EP-HOSP-001-DEPT-ADM-kpi_001-20260108-1,PKG-EP-HOSP-001-DEPT-PEX-kpi_001-20260710,No-Action or Baseline Comparator,implementation_cost,False,Missing,True,True
FIN-REQ-PKG-EP-HOSP-001-DEPT-ADM-kpi_001-20260108-2,PKG-EP-HOSP-001-DEPT-PEX-kpi_001-20260710,No-Action or Baseline Comparator,recurring_monitoring_cost,False,Missing,True,True
FIN-REQ-PKG-EP-HOSP-001-DEPT-ADM-kpi_001-20260108-1,PKG-EP-HOSP-001-DEPT-PEX-kpi_001-20260727,No-Action or Baseline Comparator,implementation_cost,False,Missing,True,True
FIN-REQ-PKG-EP-HOSP-001-DEPT-ADM-kpi_001-20260108-2,PKG-EP-HOSP-001-DEPT-PEX-kpi_001-20260727,No-Action or Baseline Comparator,recurring_monitoring_cost,False,Missing,True,True
FIN-REQ-PKG-EP-HOSP-001-DEPT-ADM-kpi_001-20260108-1,PKG-EP-HOSP-001-DEPT-PEX-kpi_001-20260915,No-Action or Baseline Comparator,implementation_cost,False,Missing,True,True
FIN-REQ-PKG-EP-HOSP-001-DEPT-ADM-kpi_001-20260108-2,PKG-EP-HOSP-001-DEPT-PEX-kpi_001-20260915,No-Action or Baseline Comparator,recurring_monitoring_cost,False,Missing,True,True
FIN-REQ-PKG-EP-HOSP-001-DEPT-ADM-kpi_001-20260108-1,PKG-EP-HOSP-001-DEPT-PEX-kpi_002-20260103,No-Action or Baseline Comparator,implementation_cost,False,Missing,True,True
FIN-REQ-PKG-EP-HOSP-001-DEPT-ADM-kpi_001-20260108-2,PKG-EP-HOSP-001-DEPT-PEX-kpi_002-20260103,No-Action or Baseline Comparator,recurring_monitoring_cost,False,Missing,True,True
FIN-REQ-PKG-EP-HOSP-001-DEPT-ADM-kpi_001-20260108-1,PKG-EP-HOSP-001-DEPT-PEX-kpi_002-20260209,No-Action or Baseline Comparator,implementation_cost,False,Missing,True,True
FIN-REQ-PKG-EP-HOSP-001-DEPT-ADM-kpi_001-20260108-2,PKG-EP-HOSP-001-DEPT-PEX-kpi_002-20260209,No-Action or Baseline Comparator,recurring_monitoring_cost,False,Missing,True,True
FIN-REQ-PKG-EP-HOSP-001-DEPT-ADM-kpi_001-20260108-1,PKG-EP-HOSP-001-DEPT-PEX-kpi_002-20260221,No-Action or Baseline Comparator,implementation_cost,False,Missing,True,True
FIN-REQ-PKG-EP-HOSP-001-DEPT-ADM-kpi_001-20260108-2,PKG-EP-HOSP-001-DEPT-PEX-kpi_002-20260221,No-Action or Baseline Comparator,recurring_monitoring_cost,False,Missing,True,True
FIN-REQ-PKG-EP-HOSP-001-DEPT-ADM-kpi_001-20260108-1,PKG-EP-HOSP-001-DEPT-PEX-kpi_002-20260302,No-Action or Baseline Comparator,implementation_cost,False,Missing,True,True
FIN-REQ-PKG-EP-HOSP-001-DEPT-ADM-kpi_001-20260108-2,PKG-EP-HOSP-001-DEPT-PEX-kpi_002-20260302,No-Action or Baseline Comparator,recurring_monitoring_cost,False,Missing,True,True
FIN-REQ-PKG-EP-HOSP-001-DEPT-ADM-kpi_001-20260108-1,PKG-EP-HOSP-001-DEPT-PEX-kpi_002-20260328,No-Action or Baseline Comparator,implementation_cost,False,Missing,True,True
FIN-REQ-PKG-EP-HOSP-001-DEPT-ADM-kpi_001-20260108-2,PKG-EP-HOSP-001-DEPT-PEX-kpi_002-20260328,No-Action or Baseline Comparator,recurring_monitoring_cost,False,Missing,True,True
FIN-REQ-PKG-EP-HOSP-001-DEPT-ADM-kpi_001-20260108-1,PKG-EP-HOSP-001-DEPT-PEX-kpi_002-20260406,No-Action or Baseline Comparator,implementation_cost,False,Missing,True,True
FIN-REQ-PKG-EP-HOSP-001-DEPT-ADM-kpi_001-20260108-2,PKG-EP-HOSP-001-DEPT-PEX-kpi_002-20260406,No-Action or Baseline Comparator,recurring_monitoring_cost,False,Missing,True,True
FIN-REQ-PKG-EP-HOSP-001-DEPT-ADM-kpi_001-20260108-1,PKG-EP-HOSP-001-DEPT-PEX-kpi_002-20260416,No-Action or Baseline Comparator,implementation_cost,False,Missing,True,True
FIN-REQ-PKG-EP-HOSP-001-DEPT-ADM-kpi_001-20260108-2,PKG-EP-HOSP-001-DEPT-PEX-kpi_002-20260416,No-Action or Baseline Comparator,recurring_monitoring_cost,False,Missing,True,True
FIN-REQ-PKG-EP-HOSP-001-DEPT-ADM-kpi_001-20260108-1,PKG-EP-HOSP-001-DEPT-PEX-kpi_002-20260424,No-Action or Baseline Comparator,implementation_cost,False,Missing,True,True
FIN-REQ-PKG-EP-HOSP-001-DEPT-ADM-kpi_001-20260108-2,PKG-EP-HOSP-001-DEPT-PEX-kpi_002-20260424,No-Action or Baseline Comparator,recurring_monitoring_cost,False,Missing,True,True
FIN-REQ-PKG-EP-HOSP-001-DEPT-ADM-kpi_001-20260108-1,PKG-EP-HOSP-001-DEPT-PEX-kpi_002-20260430,No-Action or Baseline Comparator,implementation_cost,False,Missing,True,True
FIN-REQ-PKG-EP-HOSP-001-DEPT-ADM-kpi_001-20260108-2,PKG-EP-HOSP-001-DEPT-PEX-kpi_002-20260430,No-Action or Baseline Comparator,recurring_monitoring_cost,False,Missing,True,True
FIN-REQ-PKG-EP-HOSP-001-DEPT-ADM-kpi_001-20260108-1,PKG-EP-HOSP-001-DEPT-PEX-kpi_002-20260519,No-Action or Baseline Comparator,implementation_cost,False,Missing,True,True
FIN-REQ-PKG-EP-HOSP-001-DEPT-ADM-kpi_001-20260108-2,PKG-EP-HOSP-001-DEPT-PEX-kpi_002-20260519,No-Action or Baseline Comparator,recurring_monitoring_cost,False,Missing,True,True
FIN-REQ-PKG-EP-HOSP-001-DEPT-ADM-kpi_001-20260108-1,PKG-EP-HOSP-001-DEPT-PEX-kpi_002-20260529,No-Action or Baseline Comparator,implementation_cost,False,Missing,True,True
FIN-REQ-PKG-EP-HOSP-001-DEPT-ADM-kpi_001-20260108-2,PKG-EP-HOSP-001-DEPT-PEX-kpi_002-20260529,No-Action or Baseline Comparator,recurring_monitoring_cost,False,Missing,True,True
FIN-REQ-PKG-EP-HOSP-001-DEPT-ADM-kpi_001-20260108-1,PKG-EP-HOSP-001-DEPT-PEX-kpi_002-20260603,No-Action or Baseline Comparator,implementation_cost,False,Missing,True,True
FIN-REQ-PKG-EP-HOSP-001-DEPT-ADM-kpi_001-20260108-2,PKG-EP-HOSP-001-DEPT-PEX-kpi_002-20260603,No-Action or Baseline Comparator,recurring_monitoring_cost,False,Missing,True,True
FIN-REQ-PKG-EP-HOSP-001-DEPT-ADM-kpi_001-20260108-1,PKG-EP-HOSP-001-DEPT-PEX-kpi_002-20260613,No-Action or Baseline Comparator,implementation_cost,False,Missing,True,True
FIN-REQ-PKG-EP-HOSP-001-DEPT-ADM-kpi_001-20260108-2,PKG-EP-HOSP-001-DEPT-PEX-kpi_002-20260613,No-Action or Baseline Comparator,recurring_monitoring_cost,False,Missing,True,True
FIN-REQ-PKG-EP-HOSP-001-DEPT-ADM-kpi_001-20260108-1,PKG-EP-HOSP-001-DEPT-PEX-kpi_002-20260704,No-Action or Baseline Comparator,implementation_cost,False,Missing,True,True
FIN-REQ-PKG-EP-HOSP-001-DEPT-ADM-kpi_001-20260108-2,PKG-EP-HOSP-001-DEPT-PEX-kpi_002-20260704,No-Action or Baseline Comparator,recurring_monitoring_cost,False,Missing,True,True
FIN-REQ-PKG-EP-HOSP-001-DEPT-ADM-kpi_001-20260108-1,PKG-EP-HOSP-001-DEPT-PEX-kpi_002-20260708,No-Action or Baseline Comparator,implementation_cost,False,Missing,True,True
FIN-REQ-PKG-EP-HOSP-001-DEPT-ADM-kpi_001-20260108-2,PKG-EP-HOSP-001-DEPT-PEX-kpi_002-20260708,No-Action or Baseline Comparator,recurring_monitoring_cost,False,Missing,True,True
FIN-REQ-PKG-EP-HOSP-001-DEPT-ADM-kpi_001-20260108-1,PKG-EP-HOSP-001-DEPT-PEX-kpi_002-20260719,No-Action or Baseline Comparator,implementation_cost,False,Missing,True,True
FIN-REQ-PKG-EP-HOSP-001-DEPT-ADM-kpi_001-20260108-2,PKG-EP-HOSP-001-DEPT-PEX-kpi_002-20260719,No-Action or Baseline Comparator,recurring_monitoring_cost,False,Missing,True,True
FIN-REQ-PKG-EP-HOSP-001-DEPT-ADM-kpi_001-20260108-1,PKG-EP-HOSP-001-DEPT-PEX-kpi_002-20260728,No-Action or Baseline Comparator,implementation_cost,False,Missing,True,True
FIN-REQ-PKG-EP-HOSP-001-DEPT-ADM-kpi_001-20260108-2,PKG-EP-HOSP-001-DEPT-PEX-kpi_002-20260728,No-Action or Baseline Comparator,recurring_monitoring_cost,False,Missing,True,True
FIN-REQ-PKG-EP-HOSP-001-DEPT-ADM-kpi_001-20260108-1,PKG-EP-HOSP-001-DEPT-PEX-kpi_002-20260911,No-Action or Baseline Comparator,implementation_cost,False,Missing,True,True
FIN-REQ-PKG-EP-HOSP-001-DEPT-ADM-kpi_001-20260108-2,PKG-EP-HOSP-001-DEPT-PEX-kpi_002-20260911,No-Action or Baseline Comparator,recurring_monitoring_cost,False,Missing,True,True
FIN-REQ-PKG-EP-HOSP-001-DEPT-ADM-kpi_001-20260108-1,PKG-EP-HOSP-001-DEPT-PEX-kpi_002-20260925,No-Action or Baseline Comparator,implementation_cost,False,Missing,True,True
FIN-REQ-PKG-EP-HOSP-001-DEPT-ADM-kpi_001-20260108-2,PKG-EP-HOSP-001-DEPT-PEX-kpi_002-20260925,No-Action or Baseline Comparator,recurring_monitoring_cost,False,Missing,True,True
FIN-REQ-PKG-EP-HOSP-001-DEPT-ADM-kpi_001-20260108-1,PKG-EP-HOSP-001-DEPT-PEX-kpi_002-20261010,No-Action or Baseline Comparator,implementation_cost,False,Missing,True,True
FIN-REQ-PKG-EP-HOSP-001-DEPT-ADM-kpi_001-20260108-2,PKG-EP-HOSP-001-DEPT-PEX-kpi_002-20261010,No-Action or Baseline Comparator,recurring_monitoring_cost,False,Missing,True,True
FIN-REQ-PKG-EP-HOSP-001-DEPT-ADM-kpi_001-20260108-1,PKG-EP-HOSP-001-DEPT-PEX-kpi_002-20261018,No-Action or Baseline Comparator,implementation_cost,False,Missing,True,True
FIN-REQ-PKG-EP-HOSP-001-DEPT-ADM-kpi_001-20260108-2,PKG-EP-HOSP-001-DEPT-PEX-kpi_002-20261018,No-Action or Baseline Comparator,recurring_monitoring_cost,False,Missing,True,True
FIN-REQ-PKG-EP-HOSP-001-DEPT-ADM-kpi_001-20260108-1,PKG-EP-HOSP-001-DEPT-PEX-kpi_002-20261025,No-Action or Baseline Comparator,implementation_cost,False,Missing,True,True
FIN-REQ-PKG-EP-HOSP-001-DEPT-ADM-kpi_001-20260108-2,PKG-EP-HOSP-001-DEPT-PEX-kpi_002-20261025,No-Action or Baseline Comparator,recurring_monitoring_cost,False,Missing,True,True
FIN-REQ-PKG-EP-HOSP-001-DEPT-ADM-kpi_001-20260108-1,PKG-EP-HOSP-001-DEPT-PEX-kpi_002-20261104,No-Action or Baseline Comparator,implementation_cost,False,Missing,True,True
FIN-REQ-PKG-EP-HOSP-001-DEPT-ADM-kpi_001-20260108-2,PKG-EP-HOSP-001-DEPT-PEX-kpi_002-20261104,No-Action or Baseline Comparator,recurring_monitoring_cost,False,Missing,True,True
FIN-REQ-PKG-EP-HOSP-001-DEPT-ADM-kpi_001-20260108-1,PKG-EP-HOSP-001-DEPT-PEX-kpi_002-20261214,No-Action or Baseline Comparator,implementation_cost,False,Missing,True,True
FIN-REQ-PKG-EP-HOSP-001-DEPT-ADM-kpi_001-20260108-2,PKG-EP-HOSP-001-DEPT-PEX-kpi_002-20261214,No-Action or Baseline Comparator,recurring_monitoring_cost,False,Missing,True,True
FIN-REQ-PKG-EP-HOSP-001-DEPT-ADM-kpi_001-20260108-1,PKG-EP-HOSP-001-DEPT-SURG-kpi_001-20260301,No-Action or Baseline Comparator,implementation_cost,False,Missing,True,True
FIN-REQ-PKG-EP-HOSP-001-DEPT-ADM-kpi_001-20260108-2,PKG-EP-HOSP-001-DEPT-SURG-kpi_001-20260301,No-Action or Baseline Comparator,recurring_monitoring_cost,False,Missing,True,True
FIN-REQ-PKG-EP-HOSP-001-DEPT-ADM-kpi_001-20260108-1,PKG-EP-HOSP-001-DEPT-SURG-kpi_001-20260305,No-Action or Baseline Comparator,implementation_cost,False,Missing,True,True
FIN-REQ-PKG-EP-HOSP-001-DEPT-ADM-kpi_001-20260108-2,PKG-EP-HOSP-001-DEPT-SURG-kpi_001-20260305,No-Action or Baseline Comparator,recurring_monitoring_cost,False,Missing,True,True
FIN-REQ-PKG-EP-HOSP-001-DEPT-ADM-kpi_001-20260108-1,PKG-EP-HOSP-001-DEPT-SURG-kpi_001-20260311,No-Action or Baseline Comparator,implementation_cost,False,Missing,True,True
FIN-REQ-PKG-EP-HOSP-001-DEPT-ADM-kpi_001-20260108-2,PKG-EP-HOSP-001-DEPT-SURG-kpi_001-20260311,No-Action or Baseline Comparator,recurring_monitoring_cost,False,Missing,True,True
FIN-REQ-PKG-EP-HOSP-001-DEPT-ADM-kpi_001-20260108-1,PKG-EP-HOSP-001-DEPT-SURG-kpi_001-20260401,No-Action or Baseline Comparator,implementation_cost,False,Missing,True,True
FIN-REQ-PKG-EP-HOSP-001-DEPT-ADM-kpi_001-20260108-2,PKG-EP-HOSP-001-DEPT-SURG-kpi_001-20260401,No-Action or Baseline Comparator,recurring_monitoring_cost,False,Missing,True,True
FIN-REQ-PKG-EP-HOSP-001-DEPT-ADM-kpi_001-20260108-1,PKG-EP-HOSP-001-DEPT-SURG-kpi_001-20260411,No-Action or Baseline Comparator,implementation_cost,False,Missing,True,True
FIN-REQ-PKG-EP-HOSP-001-DEPT-ADM-kpi_001-20260108-2,PKG-EP-HOSP-001-DEPT-SURG-kpi_001-20260411,No-Action or Baseline Comparator,recurring_monitoring_cost,False,Missing,True,True
FIN-REQ-PKG-EP-HOSP-001-DEPT-ADM-kpi_001-20260108-1,PKG-EP-HOSP-001-DEPT-SURG-kpi_001-20260606,No-Action or Baseline Comparator,implementation_cost,False,Missing,True,True
FIN-REQ-PKG-EP-HOSP-001-DEPT-ADM-kpi_001-20260108-2,PKG-EP-HOSP-001-DEPT-SURG-kpi_001-20260606,No-Action or Baseline Comparator,recurring_monitoring_cost,False,Missing,True,True
FIN-REQ-PKG-EP-HOSP-001-DEPT-ADM-kpi_001-20260108-1,PKG-EP-HOSP-001-DEPT-SURG-kpi_001-20260613,No-Action or Baseline Comparator,implementation_cost,False,Missing,True,True
FIN-REQ-PKG-EP-HOSP-001-DEPT-ADM-kpi_001-20260108-2,PKG-EP-HOSP-001-DEPT-SURG-kpi_001-20260613,No-Action or Baseline Comparator,recurring_monitoring_cost,False,Missing,True,True
FIN-REQ-PKG-EP-HOSP-001-DEPT-ADM-kpi_001-20260108-1,PKG-EP-HOSP-001-DEPT-SURG-kpi_001-20260702,No-Action or Baseline Comparator,implementation_cost,False,Missing,True,True
FIN-REQ-PKG-EP-HOSP-001-DEPT-ADM-kpi_001-20260108-2,PKG-EP-HOSP-001-DEPT-SURG-kpi_001-20260702,No-Action or Baseline Comparator,recurring_monitoring_cost,False,Missing,True,True
FIN-REQ-PKG-EP-HOSP-001-DEPT-ADM-kpi_001-20260108-1,PKG-EP-HOSP-001-DEPT-SURG-kpi_001-20260709,No-Action or Baseline Comparator,implementation_cost,False,Missing,True,True
FIN-REQ-PKG-EP-HOSP-001-DEPT-ADM-kpi_001-20260108-2,PKG-EP-HOSP-001-DEPT-SURG-kpi_001-20260709,No-Action or Baseline Comparator,recurring_monitoring_cost,False,Missing,True,True
FIN-REQ-PKG-EP-HOSP-001-DEPT-ADM-kpi_001-20260108-1,PKG-EP-HOSP-001-DEPT-SURG-kpi_001-20260802,No-Action or Baseline Comparator,implementation_cost,False,Missing,True,True
FIN-REQ-PKG-EP-HOSP-001-DEPT-ADM-kpi_001-20260108-2,PKG-EP-HOSP-001-DEPT-SURG-kpi_001-20260802,No-Action or Baseline Comparator,recurring_monitoring_cost,False,Missing,True,True
FIN-REQ-PKG-EP-HOSP-001-DEPT-ADM-kpi_001-20260108-1,PKG-EP-HOSP-001-DEPT-SURG-kpi_001-20260822,No-Action or Baseline Comparator,implementation_cost,False,Missing,True,True
FIN-REQ-PKG-EP-HOSP-001-DEPT-ADM-kpi_001-20260108-2,PKG-EP-HOSP-001-DEPT-SURG-kpi_001-20260822,No-Action or Baseline Comparator,recurring_monitoring_cost,False,Missing,True,True
FIN-REQ-PKG-EP-HOSP-001-DEPT-ADM-kpi_001-20260108-1,PKG-EP-HOSP-001-DEPT-SURG-kpi_001-20260903,No-Action or Baseline Comparator,implementation_cost,False,Missing,True,True
FIN-REQ-PKG-EP-HOSP-001-DEPT-ADM-kpi_001-20260108-2,PKG-EP-HOSP-001-DEPT-SURG-kpi_001-20260903,No-Action or Baseline Comparator,recurring_monitoring_cost,False,Missing,True,True
FIN-REQ-PKG-EP-HOSP-001-DEPT-ADM-kpi_001-20260108-1,PKG-EP-HOSP-001-DEPT-SURG-kpi_001-20260929,No-Action or Baseline Comparator,implementation_cost,False,Missing,True,True
FIN-REQ-PKG-EP-HOSP-001-DEPT-ADM-kpi_001-20260108-2,PKG-EP-HOSP-001-DEPT-SURG-kpi_001-20260929,No-Action or Baseline Comparator,recurring_monitoring_cost,False,Missing,True,True
FIN-REQ-PKG-EP-HOSP-001-DEPT-ADM-kpi_001-20260108-1,PKG-EP-HOSP-001-DEPT-SURG-kpi_001-20261020,No-Action or Baseline Comparator,implementation_cost,False,Missing,True,True
FIN-REQ-PKG-EP-HOSP-001-DEPT-ADM-kpi_001-20260108-2,PKG-EP-HOSP-001-DEPT-SURG-kpi_001-20261020,No-Action or Baseline Comparator,recurring_monitoring_cost,False,Missing,True,True
FIN-REQ-PKG-EP-HOSP-001-DEPT-ADM-kpi_001-20260108-1,PKG-EP-HOSP-001-DEPT-SURG-kpi_001-20261111,No-Action or Baseline Comparator,implementation_cost,False,Missing,True,True
FIN-REQ-PKG-EP-HOSP-001-DEPT-ADM-kpi_001-20260108-2,PKG-EP-HOSP-001-DEPT-SURG-kpi_001-20261111,No-Action or Baseline Comparator,recurring_monitoring_cost,False,Missing,True,True
FIN-REQ-PKG-EP-HOSP-001-DEPT-ADM-kpi_001-20260108-1,PKG-EP-HOSP-001-DEPT-SURG-kpi_001-20261127,No-Action or Baseline Comparator,implementation_cost,False,Missing,True,True
FIN-REQ-PKG-EP-HOSP-001-DEPT-ADM-kpi_001-20260108-2,PKG-EP-HOSP-001-DEPT-SURG-kpi_001-20261127,No-Action or Baseline Comparator,recurring_monitoring_cost,False,Missing,True,True
FIN-REQ-PKG-EP-HOSP-001-DEPT-ADM-kpi_001-20260108-1,PKG-EP-HOSP-001-DEPT-SURG-kpi_001-20261203,No-Action or Baseline Comparator,implementation_cost,False,Missing,True,True
FIN-REQ-PKG-EP-HOSP-001-DEPT-ADM-kpi_001-20260108-2,PKG-EP-HOSP-001-DEPT-SURG-kpi_001-20261203,No-Action or Baseline Comparator,recurring_monitoring_cost,False,Missing,True,True
FIN-REQ-PKG-EP-HOSP-001-DEPT-ADM-kpi_001-20260108-1,PKG-EP-HOSP-001-DEPT-SURG-kpi_002-20260120,No-Action or Baseline Comparator,implementation_cost,False,Missing,True,True
FIN-REQ-PKG-EP-HOSP-001-DEPT-ADM-kpi_001-20260108-2,PKG-EP-HOSP-001-DEPT-SURG-kpi_002-20260120,No-Action or Baseline Comparator,recurring_monitoring_cost,False,Missing,True,True
FIN-REQ-PKG-EP-HOSP-001-DEPT-ADM-kpi_001-20260108-1,PKG-EP-HOSP-001-DEPT-SURG-kpi_002-20260125,No-Action or Baseline Comparator,implementation_cost,False,Missing,True,True
FIN-REQ-PKG-EP-HOSP-001-DEPT-ADM-kpi_001-20260108-2,PKG-EP-HOSP-001-DEPT-SURG-kpi_002-20260125,No-Action or Baseline Comparator,recurring_monitoring_cost,False,Missing,True,True
FIN-REQ-PKG-EP-HOSP-001-DEPT-ADM-kpi_001-20260108-1,PKG-EP-HOSP-001-DEPT-SURG-kpi_002-20260214,No-Action or Baseline Comparator,implementation_cost,False,Missing,True,True
FIN-REQ-PKG-EP-HOSP-001-DEPT-ADM-kpi_001-20260108-2,PKG-EP-HOSP-001-DEPT-SURG-kpi_002-20260214,No-Action or Baseline Comparator,recurring_monitoring_cost,False,Missing,True,True
FIN-REQ-PKG-EP-HOSP-001-DEPT-ADM-kpi_001-20260108-1,PKG-EP-HOSP-001-DEPT-SURG-kpi_002-20260226,No-Action or Baseline Comparator,implementation_cost,False,Missing,True,True
FIN-REQ-PKG-EP-HOSP-001-DEPT-ADM-kpi_001-20260108-2,PKG-EP-HOSP-001-DEPT-SURG-kpi_002-20260226,No-Action or Baseline Comparator,recurring_monitoring_cost,False,Missing,True,True
FIN-REQ-PKG-EP-HOSP-001-DEPT-ADM-kpi_001-20260108-1,PKG-EP-HOSP-001-DEPT-SURG-kpi_002-20260304,No-Action or Baseline Comparator,implementation_cost,False,Missing,True,True
FIN-REQ-PKG-EP-HOSP-001-DEPT-ADM-kpi_001-20260108-2,PKG-EP-HOSP-001-DEPT-SURG-kpi_002-20260304,No-Action or Baseline Comparator,recurring_monitoring_cost,False,Missing,True,True
FIN-REQ-PKG-EP-HOSP-001-DEPT-ADM-kpi_001-20260108-1,PKG-EP-HOSP-001-DEPT-SURG-kpi_002-20260314,No-Action or Baseline Comparator,implementation_cost,False,Missing,True,True
FIN-REQ-PKG-EP-HOSP-001-DEPT-ADM-kpi_001-20260108-2,PKG-EP-HOSP-001-DEPT-SURG-kpi_002-20260314,No-Action or Baseline Comparator,recurring_monitoring_cost,False,Missing,True,True
FIN-REQ-PKG-EP-HOSP-001-DEPT-ADM-kpi_001-20260108-1,PKG-EP-HOSP-001-DEPT-SURG-kpi_002-20260319,No-Action or Baseline Comparator,implementation_cost,False,Missing,True,True
FIN-REQ-PKG-EP-HOSP-001-DEPT-ADM-kpi_001-20260108-2,PKG-EP-HOSP-001-DEPT-SURG-kpi_002-20260319,No-Action or Baseline Comparator,recurring_monitoring_cost,False,Missing,True,True
FIN-REQ-PKG-EP-HOSP-001-DEPT-ADM-kpi_001-20260108-1,PKG-EP-HOSP-001-DEPT-SURG-kpi_002-20260422,No-Action or Baseline Comparator,implementation_cost,False,Missing,True,True
FIN-REQ-PKG-EP-HOSP-001-DEPT-ADM-kpi_001-20260108-2,PKG-EP-HOSP-001-DEPT-SURG-kpi_002-20260422,No-Action or Baseline Comparator,recurring_monitoring_cost,False,Missing,True,True
FIN-REQ-PKG-EP-HOSP-001-DEPT-ADM-kpi_001-20260108-1,PKG-EP-HOSP-001-DEPT-SURG-kpi_002-20260502,No-Action or Baseline Comparator,implementation_cost,False,Missing,True,True
FIN-REQ-PKG-EP-HOSP-001-DEPT-ADM-kpi_001-20260108-2,PKG-EP-HOSP-001-DEPT-SURG-kpi_002-20260502,No-Action or Baseline Comparator,recurring_monitoring_cost,False,Missing,True,True
FIN-REQ-PKG-EP-HOSP-001-DEPT-ADM-kpi_001-20260108-1,PKG-EP-HOSP-001-DEPT-SURG-kpi_002-20260509,No-Action or Baseline Comparator,implementation_cost,False,Missing,True,True
FIN-REQ-PKG-EP-HOSP-001-DEPT-ADM-kpi_001-20260108-2,PKG-EP-HOSP-001-DEPT-SURG-kpi_002-20260509,No-Action or Baseline Comparator,recurring_monitoring_cost,False,Missing,True,True
FIN-REQ-PKG-EP-HOSP-001-DEPT-ADM-kpi_001-20260108-1,PKG-EP-HOSP-001-DEPT-SURG-kpi_002-20260602,No-Action or Baseline Comparator,implementation_cost,False,Missing,True,True
FIN-REQ-PKG-EP-HOSP-001-DEPT-ADM-kpi_001-20260108-2,PKG-EP-HOSP-001-DEPT-SURG-kpi_002-20260602,No-Action or Baseline Comparator,recurring_monitoring_cost,False,Missing,True,True
FIN-REQ-PKG-EP-HOSP-001-DEPT-ADM-kpi_001-20260108-1,PKG-EP-HOSP-001-DEPT-SURG-kpi_002-20260621,No-Action or Baseline Comparator,implementation_cost,False,Missing,True,True
FIN-REQ-PKG-EP-HOSP-001-DEPT-ADM-kpi_001-20260108-2,PKG-EP-HOSP-001-DEPT-SURG-kpi_002-20260621,No-Action or Baseline Comparator,recurring_monitoring_cost,False,Missing,True,True
FIN-REQ-PKG-EP-HOSP-001-DEPT-ADM-kpi_001-20260108-1,PKG-EP-HOSP-001-DEPT-SURG-kpi_002-20260704,No-Action or Baseline Comparator,implementation_cost,False,Missing,True,True
FIN-REQ-PKG-EP-HOSP-001-DEPT-ADM-kpi_001-20260108-2,PKG-EP-HOSP-001-DEPT-SURG-kpi_002-20260704,No-Action or Baseline Comparator,recurring_monitoring_cost,False,Missing,True,True
FIN-REQ-PKG-EP-HOSP-001-DEPT-ADM-kpi_001-20260108-1,PKG-EP-HOSP-001-DEPT-SURG-kpi_002-20260724,No-Action or Baseline Comparator,implementation_cost,False,Missing,True,True
FIN-REQ-PKG-EP-HOSP-001-DEPT-ADM-kpi_001-20260108-2,PKG-EP-HOSP-001-DEPT-SURG-kpi_002-20260724,No-Action or Baseline Comparator,recurring_monitoring_cost,False,Missing,True,True
FIN-REQ-PKG-EP-HOSP-001-DEPT-ADM-kpi_001-20260108-1,PKG-EP-HOSP-001-DEPT-SURG-kpi_002-20260824,No-Action or Baseline Comparator,implementation_cost,False,Missing,True,True
FIN-REQ-PKG-EP-HOSP-001-DEPT-ADM-kpi_001-20260108-2,PKG-EP-HOSP-001-DEPT-SURG-kpi_002-20260824,No-Action or Baseline Comparator,recurring_monitoring_cost,False,Missing,True,True
FIN-REQ-PKG-EP-HOSP-001-DEPT-ADM-kpi_001-20260108-1,PKG-EP-HOSP-001-DEPT-SURG-kpi_002-20260908,No-Action or Baseline Comparator,implementation_cost,False,Missing,True,True
FIN-REQ-PKG-EP-HOSP-001-DEPT-ADM-kpi_001-20260108-2,PKG-EP-HOSP-001-DEPT-SURG-kpi_002-20260908,No-Action or Baseline Comparator,recurring_monitoring_cost,False,Missing,True,True
FIN-REQ-PKG-EP-HOSP-001-DEPT-ADM-kpi_001-20260108-1,PKG-EP-HOSP-001-DEPT-SURG-kpi_002-20260912,No-Action or Baseline Comparator,implementation_cost,False,Missing,True,True
FIN-REQ-PKG-EP-HOSP-001-DEPT-ADM-kpi_001-20260108-2,PKG-EP-HOSP-001-DEPT-SURG-kpi_002-20260912,No-Action or Baseline Comparator,recurring_monitoring_cost,False,Missing,True,True
FIN-REQ-PKG-EP-HOSP-001-DEPT-ADM-kpi_001-20260108-1,PKG-EP-HOSP-001-DEPT-SURG-kpi_002-20261004,No-Action or Baseline Comparator,implementation_cost,False,Missing,True,True
FIN-REQ-PKG-EP-HOSP-001-DEPT-ADM-kpi_001-20260108-2,PKG-EP-HOSP-001-DEPT-SURG-kpi_002-20261004,No-Action or Baseline Comparator,recurring_monitoring_cost,False,Missing,True,True
FIN-REQ-PKG-EP-HOSP-001-DEPT-ADM-kpi_001-20260108-1,PKG-EP-HOSP-001-DEPT-SURG-kpi_002-20261018,No-Action or Baseline Comparator,implementation_cost,False,Missing,True,True
FIN-REQ-PKG-EP-HOSP-001-DEPT-ADM-kpi_001-20260108-2,PKG-EP-HOSP-001-DEPT-SURG-kpi_002-20261018,No-Action or Baseline Comparator,recurring_monitoring_cost,False,Missing,True,True
FIN-REQ-PKG-EP-HOSP-001-DEPT-ADM-kpi_001-20260108-1,PKG-EP-HOSP-001-DEPT-SURG-kpi_002-20261030,No-Action or Baseline Comparator,implementation_cost,False,Missing,True,True
FIN-REQ-PKG-EP-HOSP-001-DEPT-ADM-kpi_001-20260108-2,PKG-EP-HOSP-001-DEPT-SURG-kpi_002-20261030,No-Action or Baseline Comparator,recurring_monitoring_cost,False,Missing,True,True
FIN-REQ-PKG-EP-HOSP-001-DEPT-ADM-kpi_001-20260108-1,PKG-EP-HOSP-001-DEPT-SURG-kpi_002-20261219,No-Action or Baseline Comparator,implementation_cost,False,Missing,True,True
FIN-REQ-PKG-EP-HOSP-001-DEPT-ADM-kpi_001-20260108-2,PKG-EP-HOSP-001-DEPT-SURG-kpi_002-20261219,No-Action or Baseline Comparator,recurring_monitoring_cost,False,Missing,True,True
FIN-REQ-PKG-EP-HOSP-001-DEPT-ADM-kpi_001-20260108-1,PKG-EP-HOSP-001-DEPT-SURG-kpi_002-20261230,No-Action or Baseline Comparator,implementation_cost,False,Missing,True,True
FIN-REQ-PKG-EP-HOSP-001-DEPT-ADM-kpi_001-20260108-2,PKG-EP-HOSP-001-DEPT-SURG-kpi_002-20261230,No-Action or Baseline Comparator,recurring_monitoring_cost,False,Missing,True,True
